row,human_gene_id,symbol,responds_in_human,responds_in_rat,n_tissues
PPARGC1A,ENSEMBL:ENSG00000109819,PPARGC1A,True,True,3
FNIP2,ENSEMBL:ENSG00000052795,FNIP2,True,True,2
PRKAG2,ENSEMBL:ENSG00000106617,PRKAG2,True,True,8
CX3CL1,ENSEMBL:ENSG00000006210,CX3CL1,True,True,10
VGLL2,ENSEMBL:ENSG00000170162,VGLL2,True,False,1
APOLD1,ENSEMBL:ENSG00000178878,APOLD1,True,True,4
TCIM,ENSEMBL:ENSG00000176907,TCIM,True,True,2
KCNQ4,ENSEMBL:ENSG00000117013,KCNQ4,True,True,2
ASB5,ENSEMBL:ENSG00000164122,ASB5,True,False,1
DUSP1,ENSEMBL:ENSG00000120129,DUSP1,True,True,7
ENAH,ENSEMBL:ENSG00000154380,ENAH,True,True,6
SOCS7,ENSEMBL:ENSG00000274211,SOCS7,True,False,1
GNPDA1,ENSEMBL:ENSG00000113552,GNPDA1,True,True,4
ABRA,ENSEMBL:ENSG00000174429,ABRA,True,True,4
CPEB4,ENSEMBL:ENSG00000113742,CPEB4,True,True,6
XIRP1,ENSEMBL:ENSG00000168334,XIRP1,True,True,3
NR4A1,ENSEMBL:ENSG00000123358,NR4A1,True,True,4
NEDD9,ENSEMBL:ENSG00000111859,NEDD9,True,True,4
TRPM7,ENSEMBL:ENSG00000092439,TRPM7,True,True,4
GABARAPL1,ENSEMBL:ENSG00000139112,GABARAPL1,True,True,5
B3GNT5,ENSEMBL:ENSG00000176597,B3GNT5,True,True,6
NR4A2,ENSEMBL:ENSG00000153234,NR4A2,True,True,4
TSC22D2,ENSEMBL:ENSG00000196428,TSC22D2,True,True,5
ADAMTS1,ENSEMBL:ENSG00000154734,ADAMTS1,True,True,5
SPEG,ENSEMBL:ENSG00000072195,SPEG,True,True,3
SOX18,ENSEMBL:ENSG00000203883,SOX18,True,True,2
FLCN,ENSEMBL:ENSG00000154803,FLCN,True,True,3
CCN1,ENSEMBL:ENSG00000142871,CCN1,True,True,6
GPAT3,ENSEMBL:ENSG00000138678,GPAT3,True,True,4
ZNF169,ENSEMBL:ENSG00000175787,ZNF169,True,True,10
FAM110B,ENSEMBL:ENSG00000169122,FAM110B,True,True,2
TIAM2,ENSEMBL:ENSG00000146426,TIAM2,True,True,5
PPP1R27,ENSEMBL:ENSG00000182676,PPP1R27,True,True,2
DYRK1A,ENSEMBL:ENSG00000157540,DYRK1A,True,False,1
RICTOR,ENSEMBL:ENSG00000164327,RICTOR,True,True,4
EIF2AK3,ENSEMBL:ENSG00000172071,EIF2AK3,True,True,3
ZBTB43,ENSEMBL:ENSG00000169155,ZBTB43,True,False,1
PRR12,ENSEMBL:ENSG00000126464,PRR12,True,False,1
PLEKHH3,ENSEMBL:ENSG00000068137,PLEKHH3,True,True,2
C18orf25,ENSEMBL:ENSG00000152242,C18orf25,True,True,2
DNAJB4,ENSEMBL:ENSG00000162616,DNAJB4,True,True,5
KLF4,ENSEMBL:ENSG00000136826,KLF4,True,True,3
NR4A3,ENSEMBL:ENSG00000119508,NR4A3,True,True,3
IER2,ENSEMBL:ENSG00000160888,IER2,True,False,2
KLHL40,ENSEMBL:ENSG00000157119,KLHL40,True,True,5
SDC4,ENSEMBL:ENSG00000124145,SDC4,True,False,1
RAPGEF2,ENSEMBL:ENSG00000109756,RAPGEF2,True,True,3
NPIPB5,ENSEMBL:ENSG00000243716,NPIPB5,True,False,1
MAST4,ENSEMBL:ENSG00000069020,MAST4,True,True,4
RASSF8,ENSEMBL:ENSG00000123094,RASSF8,True,True,2
UBC,ENSEMBL:ENSG00000150991,UBC,True,True,5
SLC19A2,ENSEMBL:ENSG00000117479,SLC19A2,True,True,3
HSPB1,ENSEMBL:ENSG00000106211,HSPB1,True,True,9
JUN,ENSEMBL:ENSG00000177606,JUN,True,True,7
TRIM25,ENSEMBL:ENSG00000121060,TRIM25,True,True,3
FNIP1,ENSEMBL:ENSG00000217128,FNIP1,True,False,2
ZMYM3,ENSEMBL:ENSG00000147130,ZMYM3,True,False,2
ZFP36L1,ENSEMBL:ENSG00000185650,ZFP36L1,True,True,4
ZNF774,ENSEMBL:ENSG00000196391,ZNF774,True,False,1
TAMALIN,ENSEMBL:ENSG00000161835,TAMALIN,True,True,3
GIMAP7,ENSEMBL:ENSG00000179144,GIMAP7,True,True,8
TANGO2,ENSEMBL:ENSG00000183597,TANGO2,True,True,8
ASAH1,ENSEMBL:ENSG00000104763,ASAH1,True,True,5
EPHA2,ENSEMBL:ENSG00000142627,EPHA2,True,True,2
GZMB,ENSEMBL:ENSG00000100453,GZMB,True,True,2
CSRNP1,ENSEMBL:ENSG00000144655,CSRNP1,True,False,2
ID3,ENSEMBL:ENSG00000117318,ID3,True,True,5
TSC22D3,ENSEMBL:ENSG00000157514,TSC22D3,True,True,7
SIN3A,ENSEMBL:ENSG00000169375,SIN3A,True,True,5
CLCN6,ENSEMBL:ENSG00000011021,CLCN6,True,True,4
RRAGC,ENSEMBL:ENSG00000116954,RRAGC,True,True,2
CHD8,ENSEMBL:ENSG00000100888,CHD8,True,False,1
PHKA1,ENSEMBL:ENSG00000067177,PHKA1,True,True,5
JUND,ENSEMBL:ENSG00000130522,JUND,True,True,9
VPS18,ENSEMBL:ENSG00000104142,VPS18,True,False,2
GPR4,ENSEMBL:ENSG00000177464,GPR4,True,True,3
CYBB,ENSEMBL:ENSG00000165168,CYBB,True,True,6
TFEB,ENSEMBL:ENSG00000112561,TFEB,True,True,3
C4orf54,ENSEMBL:ENSG00000248713,C4orf54,True,True,2
ABHD2,ENSEMBL:ENSG00000140526,ABHD2,True,True,6
LDLR,ENSEMBL:ENSG00000130164,LDLR,True,True,7
PERM1,ENSEMBL:ENSG00000187642,PERM1,True,True,6
TTN,ENSEMBL:ENSG00000155657,TTN,True,False,2
RNF34,ENSEMBL:ENSG00000170633,RNF34,True,True,2
BACH1,ENSEMBL:ENSG00000156273,BACH1,True,True,4
FAM13C,ENSEMBL:ENSG00000148541,FAM13C,True,True,5
MAFF,ENSEMBL:ENSG00000185022,MAFF,True,True,4
MIR23AHG,ENSEMBL:ENSG00000267519,MIR23AHG,True,False,2
FOS,ENSEMBL:ENSG00000170345,FOS,True,True,4
PRF1,ENSEMBL:ENSG00000180644,PRF1,True,True,4
CREB5,ENSEMBL:ENSG00000146592,CREB5,True,True,3
SUFU,ENSEMBL:ENSG00000107882,SUFU,True,True,2
ENSEMBL:ENSG00000272316,ENSEMBL:ENSG00000272316,,True,False,1
HSPB8,ENSEMBL:ENSG00000152137,HSPB8,True,True,5
VEGFA,ENSEMBL:ENSG00000112715,VEGFA,True,True,8
ENSEMBL:ENSG00000264112,ENSEMBL:ENSG00000264112,,True,False,2
KDM4A,ENSEMBL:ENSG00000066135,KDM4A,True,False,2
HHATL,ENSEMBL:ENSG00000010282,HHATL,True,True,4
LATS2,ENSEMBL:ENSG00000150457,LATS2,True,False,2
NACA,ENSEMBL:ENSG00000196531,NACA,True,True,3
FLNC,ENSEMBL:ENSG00000128591,FLNC,True,True,9
ALPK3,ENSEMBL:ENSG00000136383,ALPK3,True,True,3
IFRD1,ENSEMBL:ENSG00000006652,IFRD1,True,True,5
SLC15A4,ENSEMBL:ENSG00000139370,SLC15A4,True,False,3
MYOZ1,ENSEMBL:ENSG00000177791,MYOZ1,True,True,3
SEC61A1,ENSEMBL:ENSG00000058262,SEC61A1,True,True,6
PPP2CA,ENSEMBL:ENSG00000113575,PPP2CA,True,False,2
BCL6B,ENSEMBL:ENSG00000161940,BCL6B,True,True,3
KLF2,ENSEMBL:ENSG00000127528,KLF2,True,False,2
TXLNA,ENSEMBL:ENSG00000084652,TXLNA,True,True,2
SYNJ2,ENSEMBL:ENSG00000078269,SYNJ2,True,True,4
PPP1R15A,ENSEMBL:ENSG00000087074,PPP1R15A,True,True,5
ATF3,ENSEMBL:ENSG00000162772,ATF3,True,True,4
PDE7A,ENSEMBL:ENSG00000205268,PDE7A,True,True,4
DNAJB5,ENSEMBL:ENSG00000137094,DNAJB5,True,False,3
NUDT4,ENSEMBL:ENSG00000173598,NUDT4,True,True,4
HES1,ENSEMBL:ENSG00000114315,HES1,True,False,1
STIM1,ENSEMBL:ENSG00000167323,STIM1,True,True,6
CRYAB,ENSEMBL:ENSG00000109846,CRYAB,True,True,5
HNRNPU,ENSEMBL:ENSG00000153187,HNRNPU,True,False,2
DIAPH1,ENSEMBL:ENSG00000131504,DIAPH1,True,True,5
MAFK,ENSEMBL:ENSG00000198517,MAFK,True,False,2
EHBP1L1,ENSEMBL:ENSG00000173442,EHBP1L1,True,True,2
PRODH,ENSEMBL:ENSG00000100033,PRODH,True,True,6
SPON2,ENSEMBL:ENSG00000159674,SPON2,True,True,5
TRIM28,ENSEMBL:ENSG00000130726,TRIM28,True,True,5
AMD1,ENSEMBL:ENSG00000123505,AMD1,True,True,4
C2CD4B,ENSEMBL:ENSG00000205502,C2CD4B,True,True,5
TNRC6C,ENSEMBL:ENSG00000078687,TNRC6C,True,False,2
USP2,ENSEMBL:ENSG00000036672,USP2,True,True,4
OSBPL5,ENSEMBL:ENSG00000021762,OSBPL5,True,False,1
USP28,ENSEMBL:ENSG00000048028,USP28,True,True,3
ID1,ENSEMBL:ENSG00000125968,ID1,True,True,5
SYNM,ENSEMBL:ENSG00000182253,SYNM,True,True,4
NEDD4,ENSEMBL:ENSG00000069869,NEDD4,True,True,4
ZC3H12A,ENSEMBL:ENSG00000163874,ZC3H12A,True,True,3
CMYA5,ENSEMBL:ENSG00000164309,CMYA5,True,True,4
PLIN3,ENSEMBL:ENSG00000105355,PLIN3,True,True,6
LYZ,ENSEMBL:ENSG00000090382,LYZ,False,True,7
FUT1,ENSEMBL:ENSG00000174951,FUT1,True,False,1
FGFBP2,ENSEMBL:ENSG00000137441,FGFBP2,True,False,1
SEMA4C,ENSEMBL:ENSG00000168758,SEMA4C,True,False,2
ACTG1,ENSEMBL:ENSG00000184009,ACTG1,True,True,9
SLC2A3,ENSEMBL:ENSG00000059804,SLC2A3,True,True,4
ZFHX4,ENSEMBL:ENSG00000091656,ZFHX4,True,True,3
SDE2,ENSEMBL:ENSG00000143751,SDE2,True,False,3
GNLY,ENSEMBL:ENSG00000115523,GNLY,True,False,2
USP5,ENSEMBL:ENSG00000111667,USP5,True,True,4
ENSEMBL:ENSG00000288640,ENSEMBL:ENSG00000288640,,True,False,2
AKIRIN2,ENSEMBL:ENSG00000135334,AKIRIN2,True,False,2
NDRG2,ENSEMBL:ENSG00000165795,NDRG2,True,True,7
UBA2,ENSEMBL:ENSG00000126261,UBA2,True,True,6
TRIM63,ENSEMBL:ENSG00000158022,TRIM63,True,True,3
CTDSP2,ENSEMBL:ENSG00000175215,CTDSP2,True,False,2
CRY1,ENSEMBL:ENSG00000008405,CRY1,True,False,1
STOM,ENSEMBL:ENSG00000148175,STOM,True,True,5
LCP1,ENSEMBL:ENSG00000136167,LCP1,True,True,9
IRF8,ENSEMBL:ENSG00000140968,IRF8,False,True,3
NPIPB4,ENSEMBL:ENSG00000185864,NPIPB4,True,False,1
EGR3,ENSEMBL:ENSG00000179388,EGR3,True,True,6
VPS13C,ENSEMBL:ENSG00000129003,VPS13C,True,True,2
RSF1,ENSEMBL:ENSG00000048649,RSF1,True,True,3
TRAPPC12,ENSEMBL:ENSG00000171853,TRAPPC12,True,False,1
HBEGF,ENSEMBL:ENSG00000113070,HBEGF,True,True,3
WDR81,ENSEMBL:ENSG00000167716,WDR81,True,True,4
CTR9,ENSEMBL:ENSG00000198730,CTR9,True,True,3
DUSP8,ENSEMBL:ENSG00000184545,DUSP8,True,True,4
ARHGAP17,ENSEMBL:ENSG00000140750,ARHGAP17,True,True,4
IER5L,ENSEMBL:ENSG00000188483,IER5L,True,False,2
SNTA1,ENSEMBL:ENSG00000101400,SNTA1,True,True,2
LINC00472,ENSEMBL:ENSG00000233237,LINC00472,True,False,1
OTUD1,ENSEMBL:ENSG00000165312,OTUD1,True,True,3
GPR157,ENSEMBL:ENSG00000180758,GPR157,True,True,4
SOX9,ENSEMBL:ENSG00000125398,SOX9,True,False,1
LRRC66,ENSEMBL:ENSG00000188993,LRRC66,True,False,1
MAPRE2,ENSEMBL:ENSG00000166974,MAPRE2,True,False,2
TNFRSF12A,ENSEMBL:ENSG00000006327,TNFRSF12A,True,True,4
DOT1L,ENSEMBL:ENSG00000104885,DOT1L,True,True,6
GPNMB,ENSEMBL:ENSG00000136235,GPNMB,False,True,10
AQP4,ENSEMBL:ENSG00000171885,AQP4,True,True,3
CAPZB,ENSEMBL:ENSG00000077549,CAPZB,True,True,3
MYOM2,ENSEMBL:ENSG00000036448,MYOM2,True,True,5
KLRF1,ENSEMBL:ENSG00000150045,KLRF1,True,False,1
BCAR3,ENSEMBL:ENSG00000137936,BCAR3,True,True,3
MIDN,ENSEMBL:ENSG00000167470,MIDN,True,True,4
SYNPO,ENSEMBL:ENSG00000171992,SYNPO,True,True,7
SRSF10,ENSEMBL:ENSG00000188529,SRSF10,True,True,3
ADGRG1,ENSEMBL:ENSG00000205336,ADGRG1,True,True,4
PDLIM5,ENSEMBL:ENSG00000163110,PDLIM5,True,True,4
RCSD1,ENSEMBL:ENSG00000198771,RCSD1,True,True,8
NEXN,ENSEMBL:ENSG00000162614,NEXN,True,False,2
XPO1,ENSEMBL:ENSG00000082898,XPO1,True,True,3
ANKRD1,ENSEMBL:ENSG00000148677,ANKRD1,True,False,1
PNRC2,ENSEMBL:ENSG00000189266,PNRC2,True,False,2
LILRB4,ENSEMBL:ENSG00000186818,LILRB4,False,True,2
DNPEP,ENSEMBL:ENSG00000123992,DNPEP,True,True,7
NKG7,ENSEMBL:ENSG00000105374,NKG7,True,True,3
SAMD4A,ENSEMBL:ENSG00000020577,SAMD4A,True,True,3
SERPINH1,ENSEMBL:ENSG00000149257,SERPINH1,True,True,8
IRS2,ENSEMBL:ENSG00000185950,IRS2,True,True,3
SZRD1,ENSEMBL:ENSG00000055070,SZRD1,True,True,3
PPRC1,ENSEMBL:ENSG00000148840,PPRC1,True,True,2
ARPP19,ENSEMBL:ENSG00000128989,ARPP19,True,True,5
ENSEMBL:ENSG00000287315,ENSEMBL:ENSG00000287315,,True,False,1
AGO2,ENSEMBL:ENSG00000123908,AGO2,True,True,4
PHC2,ENSEMBL:ENSG00000134686,PHC2,True,True,3
RELL1,ENSEMBL:ENSG00000181826,RELL1,True,True,4
CD68,ENSEMBL:ENSG00000129226,CD68,False,True,6
EIF4G2,ENSEMBL:ENSG00000110321,EIF4G2,True,True,4
CBX5,ENSEMBL:ENSG00000094916,CBX5,True,True,3
MTFR1L,ENSEMBL:ENSG00000117640,MTFR1L,True,True,4
TRIM54,ENSEMBL:ENSG00000138100,TRIM54,True,True,2
GPHN,ENSEMBL:ENSG00000171723,GPHN,True,True,3
STK38L,ENSEMBL:ENSG00000211455,STK38L,True,False,3
FLNA,ENSEMBL:ENSG00000196924,FLNA,True,True,7
MCF2L2,ENSEMBL:ENSG00000053524,MCF2L2,True,False,1
LZTS2,ENSEMBL:ENSG00000107816,LZTS2,True,True,2
RHEB,ENSEMBL:ENSG00000106615,RHEB,True,True,3
VIP,ENSEMBL:ENSG00000146469,VIP,False,True,5
MATR3|ENSG00000015479,ENSEMBL:ENSG00000015479,MATR3,True,False,1
CDC37L1,ENSEMBL:ENSG00000106993,CDC37L1,True,True,2
NR3C1,ENSEMBL:ENSG00000113580,NR3C1,True,True,4
LMOD2,ENSEMBL:ENSG00000170807,LMOD2,True,True,4
ADAMTS4,ENSEMBL:ENSG00000158859,ADAMTS4,True,True,4
CNOT9,ENSEMBL:ENSG00000144580,CNOT9,True,False,2
SLMAP,ENSEMBL:ENSG00000163681,SLMAP,True,True,4
RND3,ENSEMBL:ENSG00000115963,RND3,True,True,3
PTGDS,ENSEMBL:ENSG00000107317,PTGDS,True,True,3
PALLD,ENSEMBL:ENSG00000129116,PALLD,True,False,3
ARAF,ENSEMBL:ENSG00000078061,ARAF,True,True,2
MAVS,ENSEMBL:ENSG00000088888,MAVS,True,True,2
ANK2,ENSEMBL:ENSG00000145362,ANK2,True,True,3
COTL1,ENSEMBL:ENSG00000103187,COTL1,True,True,5
ARID5A,ENSEMBL:ENSG00000196843,ARID5A,True,True,3
ETS2,ENSEMBL:ENSG00000157557,ETS2,True,True,5
PHF21A,ENSEMBL:ENSG00000135365,PHF21A,True,False,2
S1PR5,ENSEMBL:ENSG00000180739,S1PR5,True,False,1
NDRG3,ENSEMBL:ENSG00000101079,NDRG3,True,False,2
ENSEMBL:ENSG00000261799,ENSEMBL:ENSG00000261799,,True,False,1
PIM3,ENSEMBL:ENSG00000198355,PIM3,True,True,5
PLK3,ENSEMBL:ENSG00000173846,PLK3,True,False,2
LRATD2,ENSEMBL:ENSG00000168672,LRATD2,True,False,1
SON,ENSEMBL:ENSG00000159140,SON,True,True,8
BAG3,ENSEMBL:ENSG00000151929,BAG3,True,True,7
BHLHE40,ENSEMBL:ENSG00000134107,BHLHE40,True,True,4
CXXC5,ENSEMBL:ENSG00000171604,CXXC5,True,False,2
SVIL,ENSEMBL:ENSG00000197321,SVIL,True,True,7
NEDD1,ENSEMBL:ENSG00000139350,NEDD1,True,True,3
ARHGEF18,ENSEMBL:ENSG00000104880,ARHGEF18,True,True,8
RBM20,ENSEMBL:ENSG00000203867,RBM20,True,True,4
SH2D1B,ENSEMBL:ENSG00000198574,SH2D1B,True,True,3
TACC2,ENSEMBL:ENSG00000138162,TACC2,True,True,6
DLGAP4,ENSEMBL:ENSG00000080845,DLGAP4,True,True,5
RHOBTB2,ENSEMBL:ENSG00000008853,RHOBTB2,True,False,2
TPM4,ENSEMBL:ENSG00000167460,TPM4,True,True,6
OBSCN,ENSEMBL:ENSG00000154358,OBSCN,True,True,4
MT-CO3,ENSEMBL:ENSG00000198938,MT-CO3,True,True,6
DGKD,ENSEMBL:ENSG00000077044,DGKD,True,True,3
TGFB2,ENSEMBL:ENSG00000092969,TGFB2,True,True,3
PRKRA,ENSEMBL:ENSG00000180228,PRKRA,True,True,4
PSMD1,ENSEMBL:ENSG00000173692,PSMD1,True,True,2
DUSP16,ENSEMBL:ENSG00000111266,DUSP16,True,True,3
AVIL,ENSEMBL:ENSG00000135407,AVIL,True,True,3
KSR1,ENSEMBL:ENSG00000141068,KSR1,True,True,3
ENSEMBL:ENSG00000289009,ENSEMBL:ENSG00000289009,,True,False,1
SNN,ENSEMBL:ENSG00000184602,SNN,True,True,5
MYO1F,ENSEMBL:ENSG00000142347,MYO1F,True,True,6
MLC1,ENSEMBL:ENSG00000100427,MLC1,True,True,3
EIF4E,ENSEMBL:ENSG00000151247,EIF4E,True,True,2
SLC25A5,ENSEMBL:ENSG00000005022,SLC25A5,True,True,6
PDGFB,ENSEMBL:ENSG00000100311,PDGFB,True,True,3
UBE2O,ENSEMBL:ENSG00000175931,UBE2O,True,True,4
CLDN12,ENSEMBL:ENSG00000157224,CLDN12,True,True,2
SNAI1,ENSEMBL:ENSG00000124216,SNAI1,True,False,1
TBX21,ENSEMBL:ENSG00000073861,TBX21,True,True,3
LONRF3,ENSEMBL:ENSG00000175556,LONRF3,True,True,3
DNAJB1,ENSEMBL:ENSG00000132002,DNAJB1,True,True,6
DDX5,ENSEMBL:ENSG00000108654,DDX5,True,True,4
RNF115,ENSEMBL:ENSG00000265491,RNF115,True,True,3
IDI2-AS1,ENSEMBL:ENSG00000232656,IDI2-AS1,True,False,1
ENSEMBL:ENSG00000259820,ENSEMBL:ENSG00000259820,,True,False,1
GBP1,ENSEMBL:ENSG00000117228,GBP1,True,True,3
GZMH,ENSEMBL:ENSG00000100450,GZMH,True,False,1
ERBB2,ENSEMBL:ENSG00000141736,ERBB2,True,True,3
KIR2DS4,ENSEMBL:ENSG00000221957,KIR2DS4,True,False,1
RETREG3,ENSEMBL:ENSG00000141699,RETREG3,True,False,2
PPP1R3G,ENSEMBL:ENSG00000219607,PPP1R3G,False,True,1
PI4KB,ENSEMBL:ENSG00000143393,PI4KB,True,True,3
C1orf21,ENSEMBL:ENSG00000116667,C1orf21,True,False,2
RUBCN,ENSEMBL:ENSG00000145016,RUBCN,True,True,3
LBX1-AS1,ENSEMBL:ENSG00000227128,LBX1-AS1,True,False,1
SLC20A1,ENSEMBL:ENSG00000144136,SLC20A1,True,True,5
NRARP,ENSEMBL:ENSG00000198435,NRARP,True,True,2
TMEM251,ENSEMBL:ENSG00000153485,TMEM251,True,False,1
HOXA3,ENSEMBL:ENSG00000105997,HOXA3,True,True,2
ADSS1,ENSEMBL:ENSG00000185100,ADSS1,True,True,4
MT-CO1,ENSEMBL:ENSG00000198804,MT-CO1,True,True,9
TBC1D8,ENSEMBL:ENSG00000204634,TBC1D8,True,True,2
CDR2,ENSEMBL:ENSG00000140743,CDR2,True,True,5
RASSF1,ENSEMBL:ENSG00000068028,RASSF1,True,False,2
ZNF519,ENSEMBL:ENSG00000175322,ZNF519,True,True,3
SIK1B,ENSEMBL:ENSG00000275993,SIK1B,True,False,2
DNAJA4,ENSEMBL:ENSG00000140403,DNAJA4,True,True,8
RASSF10,ENSEMBL:ENSG00000189431,RASSF10,True,True,3
ZBED5,ENSEMBL:ENSG00000236287,ZBED5,True,True,4
NPIPB3,ENSEMBL:ENSG00000169246,NPIPB3,True,False,1
ABCA5,ENSEMBL:ENSG00000154265,ABCA5,True,True,3
NEXN-AS1,ENSEMBL:ENSG00000235927,NEXN-AS1,True,False,1
SRPK2,ENSEMBL:ENSG00000135250,SRPK2,True,True,4
GHR,ENSEMBL:ENSG00000112964,GHR,True,True,3
PRKAB2,ENSEMBL:ENSG00000131791,PRKAB2,True,True,5
GOLPH3L,ENSEMBL:ENSG00000143457,GOLPH3L,True,True,2
KMT2A,ENSEMBL:ENSG00000118058,KMT2A,True,True,7
CTSW,ENSEMBL:ENSG00000172543,CTSW,True,True,6
CLIC3,ENSEMBL:ENSG00000169583,CLIC3,True,False,1
LRRC8B,ENSEMBL:ENSG00000197147,LRRC8B,True,True,2
TTC38,ENSEMBL:ENSG00000075234,TTC38,True,True,6
IRF2BP2,ENSEMBL:ENSG00000168264,IRF2BP2,True,True,6
GYS1,ENSEMBL:ENSG00000104812,GYS1,True,True,6
GPC1,ENSEMBL:ENSG00000063660,GPC1,True,True,4
EHMT2,ENSEMBL:ENSG00000204371,EHMT2,True,False,2
MUSTN1,ENSEMBL:ENSG00000272573,MUSTN1,True,True,4
CIB2,ENSEMBL:ENSG00000136425,CIB2,True,True,4
PPARD,ENSEMBL:ENSG00000112033,PPARD,True,True,3
MAP2K6,ENSEMBL:ENSG00000108984,MAP2K6,True,False,1
MT-CO2,ENSEMBL:ENSG00000198712,MT-CO2,True,True,5
OSBPL9,ENSEMBL:ENSG00000117859,OSBPL9,True,True,3
EGLN1,ENSEMBL:ENSG00000135766,EGLN1,True,True,3
DNAAF9,ENSEMBL:ENSG00000088854,DNAAF9,True,True,4
HUWE1,ENSEMBL:ENSG00000086758,HUWE1,True,True,3
ENO3,ENSEMBL:ENSG00000108515,ENO3,True,True,2
NUDT4B,ENSEMBL:ENSG00000177144,NUDT4B,True,False,1
TRIM55,ENSEMBL:ENSG00000147573,TRIM55,True,True,2
JOSD1,ENSEMBL:ENSG00000100221,JOSD1,True,True,4
DUSP5,ENSEMBL:ENSG00000138166,DUSP5,True,True,3
CD247,ENSEMBL:ENSG00000198821,CD247,True,True,5
B3GAT1,ENSEMBL:ENSG00000109956,B3GAT1,True,True,2
CAP2,ENSEMBL:ENSG00000112186,CAP2,True,True,3
PDLIM3,ENSEMBL:ENSG00000154553,PDLIM3,True,True,5
USP10,ENSEMBL:ENSG00000103194,USP10,True,False,2
MT-CYB,ENSEMBL:ENSG00000198727,MT-CYB,True,True,8
UAP1L1,ENSEMBL:ENSG00000197355,UAP1L1,True,True,6
LAPTM5,ENSEMBL:ENSG00000162511,LAPTM5,True,True,5
MFGE8,ENSEMBL:ENSG00000140545,MFGE8,True,True,6
TOP2B,ENSEMBL:ENSG00000077097,TOP2B,True,False,1
KLRD1,ENSEMBL:ENSG00000134539,KLRD1,True,True,3
ACVR2A,ENSEMBL:ENSG00000121989,ACVR2A,True,True,4
HLA-F,ENSEMBL:ENSG00000204642,HLA-F,True,True,5
ITGB2,ENSEMBL:ENSG00000160255,ITGB2,True,True,7
PLD3,ENSEMBL:ENSG00000105223,PLD3,True,True,5
SIPA1L3,ENSEMBL:ENSG00000105738,SIPA1L3,True,True,5
PPP2R5A,ENSEMBL:ENSG00000066027,PPP2R5A,True,True,3
HCFC1,ENSEMBL:ENSG00000172534,HCFC1,True,False,2
SYNPO2,ENSEMBL:ENSG00000172403,SYNPO2,True,True,6
CBFA2T3,ENSEMBL:ENSG00000129993,CBFA2T3,True,True,4
EN1,ENSEMBL:ENSG00000163064,EN1,True,True,2
RNF31,ENSEMBL:ENSG00000092098,RNF31,True,False,2
MIB2,ENSEMBL:ENSG00000197530,MIB2,True,False,1
MYO18B,ENSEMBL:ENSG00000133454,MYO18B,True,True,2
RAD23B,ENSEMBL:ENSG00000119318,RAD23B,True,True,4
AZIN1,ENSEMBL:ENSG00000155096,AZIN1,True,True,3
ATP1B1,ENSEMBL:ENSG00000143153,ATP1B1,True,True,7
WWP2,ENSEMBL:ENSG00000198373,WWP2,True,True,4
ACOT9,ENSEMBL:ENSG00000123130,ACOT9,True,True,6
LGI3,ENSEMBL:ENSG00000168481,LGI3,False,True,2
AFF4,ENSEMBL:ENSG00000072364,AFF4,True,True,4
PICALM,ENSEMBL:ENSG00000073921,PICALM,True,True,3
CCDC9,ENSEMBL:ENSG00000105321,CCDC9,True,True,5
IVNS1ABP,ENSEMBL:ENSG00000116679,IVNS1ABP,True,True,7
ROCK2,ENSEMBL:ENSG00000134318,ROCK2,True,True,3
PROB1,ENSEMBL:ENSG00000228672,PROB1,True,True,2
TSPOAP1,ENSEMBL:ENSG00000005379,TSPOAP1,True,True,3
PLEKHM3,ENSEMBL:ENSG00000178385,PLEKHM3,True,True,3
FUT11,ENSEMBL:ENSG00000196968,FUT11,True,False,2
CCL4,ENSEMBL:ENSG00000275302,CCL4,True,False,1
DNAJC3,ENSEMBL:ENSG00000102580,DNAJC3,True,True,5
NT5DC3,ENSEMBL:ENSG00000111696,NT5DC3,True,True,2
ZNF207,ENSEMBL:ENSG00000010244,ZNF207,True,True,2
BCL2L1,ENSEMBL:ENSG00000171552,BCL2L1,True,True,5
MGST3,ENSEMBL:ENSG00000143198,MGST3,True,True,6
TRIM32,ENSEMBL:ENSG00000119401,TRIM32,True,False,1
MLIP,ENSEMBL:ENSG00000146147,MLIP,True,True,3
DMD,ENSEMBL:ENSG00000198947,DMD,True,True,5
DNMT3A,ENSEMBL:ENSG00000119772,DNMT3A,True,True,4
STX3,ENSEMBL:ENSG00000166900,STX3,True,True,3
SPRY4,ENSEMBL:ENSG00000187678,SPRY4,True,True,2
PPP2CB,ENSEMBL:ENSG00000104695,PPP2CB,True,False,1
RBM12,ENSEMBL:ENSG00000244462,RBM12,True,True,3
ENSEMBL:ENSG00000279811,ENSEMBL:ENSG00000279811,,True,False,1
PKD2L2-DT,ENSEMBL:ENSG00000250159,PKD2L2-DT,True,False,1
NSD1,ENSEMBL:ENSG00000165671,NSD1,True,True,5
RRAS2,ENSEMBL:ENSG00000133818,RRAS2,True,True,4
RUNX3,ENSEMBL:ENSG00000020633,RUNX3,True,True,5
IL2RB,ENSEMBL:ENSG00000100385,IL2RB,True,True,4
GIMAP8,ENSEMBL:ENSG00000171115,GIMAP8,True,True,5
DUSP28,ENSEMBL:ENSG00000188542,DUSP28,True,False,1
NFAM1,ENSEMBL:ENSG00000235568,NFAM1,True,True,9
IGFBP5,ENSEMBL:ENSG00000115461,IGFBP5,True,True,7
NEAT1,ENSEMBL:ENSG00000245532,NEAT1,True,False,1
ITGAL,ENSEMBL:ENSG00000005844,ITGAL,True,True,7
NCAM1,ENSEMBL:ENSG00000149294,NCAM1,True,True,5
SLC11A2,ENSEMBL:ENSG00000110911,SLC11A2,True,True,4
PXDC1,ENSEMBL:ENSG00000168994,PXDC1,True,True,5
RIMKLB,ENSEMBL:ENSG00000166532,RIMKLB,True,True,3
SMG1P3,ENSEMBL:ENSG00000180747,SMG1P3,True,False,1
LINC02693,ENSEMBL:ENSG00000212719,LINC02693,True,False,1
YPEL2,ENSEMBL:ENSG00000175155,YPEL2,True,True,3
MYLK2,ENSEMBL:ENSG00000101306,MYLK2,True,True,5
TYROBP,ENSEMBL:ENSG00000011600,TYROBP,True,True,6
CHST3,ENSEMBL:ENSG00000122863,CHST3,True,True,3
PNPLA8,ENSEMBL:ENSG00000135241,PNPLA8,True,True,6
ZNF292,ENSEMBL:ENSG00000188994,ZNF292,True,True,3
NOP58,ENSEMBL:ENSG00000055044,NOP58,True,True,4
ZNF148,ENSEMBL:ENSG00000163848,ZNF148,True,True,3
TP53INP2,ENSEMBL:ENSG00000078804,TP53INP2,True,True,7
ATF7IP,ENSEMBL:ENSG00000171681,ATF7IP,True,True,3
SPEN,ENSEMBL:ENSG00000065526,SPEN,True,False,2
MYL9,ENSEMBL:ENSG00000101335,MYL9,True,True,6
PHIP,ENSEMBL:ENSG00000146247,PHIP,True,True,4
NFYA,ENSEMBL:ENSG00000001167,NFYA,True,False,2
GZMA,ENSEMBL:ENSG00000145649,GZMA,True,True,4
JPH2,ENSEMBL:ENSG00000149596,JPH2,True,True,6
CASKIN2,ENSEMBL:ENSG00000177303,CASKIN2,True,True,3
RNF146,ENSEMBL:ENSG00000118518,RNF146,True,False,2
FAM13A-AS1,ENSEMBL:ENSG00000248019,FAM13A-AS1,True,False,2
NRGN,ENSEMBL:ENSG00000154146,NRGN,True,True,4
MYOT,ENSEMBL:ENSG00000120729,MYOT,True,True,3
NUFIP2,ENSEMBL:ENSG00000108256,NUFIP2,True,True,6
ITIH4,ENSEMBL:ENSG00000055955,ITIH4,True,False,1
MT-ATP8,ENSEMBL:ENSG00000228253,MT-ATP8,True,True,5
GP9,ENSEMBL:ENSG00000169704,GP9,True,True,2
ZNF827,ENSEMBL:ENSG00000151612,ZNF827,True,True,3
SMG1,ENSEMBL:ENSG00000157106,SMG1,True,True,7
SMPX,ENSEMBL:ENSG00000091482,SMPX,True,True,6
CDC42EP2,ENSEMBL:ENSG00000149798,CDC42EP2,True,False,2
RHOB,ENSEMBL:ENSG00000143878,RHOB,True,True,4
TXNIP,ENSEMBL:ENSG00000265972,TXNIP,True,True,6
TM4SF19,ENSEMBL:ENSG00000145107,TM4SF19,True,True,2
HOPX,ENSEMBL:ENSG00000171476,HOPX,True,True,4
ANKS1A,ENSEMBL:ENSG00000064999,ANKS1A,True,True,5
MCL1,ENSEMBL:ENSG00000143384,MCL1,True,False,2
TRA2B,ENSEMBL:ENSG00000136527,TRA2B,True,True,3
SOCS6,ENSEMBL:ENSG00000170677,SOCS6,True,True,2
DCAF6,ENSEMBL:ENSG00000143164,DCAF6,True,True,4
SMG8,ENSEMBL:ENSG00000167447,SMG8,True,False,1
LGALSL,ENSEMBL:ENSG00000119862,LGALSL,True,True,3
ETF1,ENSEMBL:ENSG00000120705,ETF1,True,True,3
CDK4,ENSEMBL:ENSG00000135446,CDK4,True,False,2
ZNF133,ENSEMBL:ENSG00000125846,ZNF133,True,False,1
GORASP2,ENSEMBL:ENSG00000115806,GORASP2,True,True,2
ANKRD37,ENSEMBL:ENSG00000186352,ANKRD37,True,False,1
TRDC,ENSEMBL:ENSG00000211829,TRDC,True,False,1
LBX1,ENSEMBL:ENSG00000138136,LBX1,True,True,3
GSK3B,ENSEMBL:ENSG00000082701,GSK3B,True,True,5
TOM1,ENSEMBL:ENSG00000100284,TOM1,True,True,3
RNF114,ENSEMBL:ENSG00000124226,RNF114,True,True,4
ARMC10,ENSEMBL:ENSG00000170632,ARMC10,True,True,3
RANBP2,ENSEMBL:ENSG00000153201,RANBP2,True,True,5
EXD2,ENSEMBL:ENSG00000081177,EXD2,True,False,1
UBQLN1,ENSEMBL:ENSG00000135018,UBQLN1,True,True,4
TAL1,ENSEMBL:ENSG00000162367,TAL1,True,True,4
JUP,ENSEMBL:ENSG00000173801,JUP,True,True,5
ZNF510,ENSEMBL:ENSG00000081386,ZNF510,True,True,3
SMC5,ENSEMBL:ENSG00000198887,SMC5,True,False,1
NEB,ENSEMBL:ENSG00000183091,NEB,True,True,5
LMCD1,ENSEMBL:ENSG00000071282,LMCD1,True,True,3
FUBP1,ENSEMBL:ENSG00000162613,FUBP1,True,True,3
PDZD4,ENSEMBL:ENSG00000067840,PDZD4,True,False,1
ZNF445,ENSEMBL:ENSG00000185219,ZNF445,True,False,2
SH2B3,ENSEMBL:ENSG00000111252,SH2B3,True,True,4
PCNT,ENSEMBL:ENSG00000160299,PCNT,True,True,6
UBE2QL1,ENSEMBL:ENSG00000215218,UBE2QL1,True,True,3
N4BP2L1,ENSEMBL:ENSG00000139597,N4BP2L1,True,True,2
RCOR3,ENSEMBL:ENSG00000117625,RCOR3,True,True,3
MAST2,ENSEMBL:ENSG00000086015,MAST2,True,True,5
FZD4,ENSEMBL:ENSG00000174804,FZD4,True,True,6
MYADM,ENSEMBL:ENSG00000179820,MYADM,True,True,9
ATRX,ENSEMBL:ENSG00000085224,ATRX,True,True,6
HSPB6,ENSEMBL:ENSG00000004776,HSPB6,True,True,9
PIM1,ENSEMBL:ENSG00000137193,PIM1,True,True,3
FH,ENSEMBL:ENSG00000091483,FH,True,True,8
ACAT1,ENSEMBL:ENSG00000075239,ACAT1,True,True,5
CEP192,ENSEMBL:ENSG00000101639,CEP192,True,False,2
ZNF75D,ENSEMBL:ENSG00000186376,ZNF75D,True,False,1
BICRAL,ENSEMBL:ENSG00000112624,BICRAL,True,True,4
OSBPL8,ENSEMBL:ENSG00000091039,OSBPL8,True,True,4
TNS1,ENSEMBL:ENSG00000079308,TNS1,True,True,13
KIAA1191,ENSEMBL:ENSG00000122203,KIAA1191,True,True,3
ARMCX1,ENSEMBL:ENSG00000126947,ARMCX1,True,False,1
DGKZ,ENSEMBL:ENSG00000149091,DGKZ,True,True,7
LIMS1,ENSEMBL:ENSG00000169756,LIMS1,True,True,5
PLEC,ENSEMBL:ENSG00000178209,PLEC,True,True,7
IVD,ENSEMBL:ENSG00000128928,IVD,True,True,7
ENSEMBL:ENSG00000275178,ENSEMBL:ENSG00000275178,,True,False,1
BMP2,ENSEMBL:ENSG00000125845,BMP2,True,False,1
MAT2A,ENSEMBL:ENSG00000168906,MAT2A,True,True,7
ARID4A,ENSEMBL:ENSG00000032219,ARID4A,True,False,2
MTDH,ENSEMBL:ENSG00000147649,MTDH,True,True,3
KLRK1,ENSEMBL:ENSG00000213809,KLRK1,True,True,8
AKR1C3,ENSEMBL:ENSG00000196139,AKR1C3,True,True,2
RAC2,ENSEMBL:ENSG00000128340,RAC2,True,True,5
NOCT,ENSEMBL:ENSG00000151014,NOCT,True,True,3
MYC,ENSEMBL:ENSG00000136997,MYC,True,True,4
CMKLR1,ENSEMBL:ENSG00000174600,CMKLR1,True,True,3
MATK,ENSEMBL:ENSG00000007264,MATK,True,True,3
LGR6,ENSEMBL:ENSG00000133067,LGR6,True,True,4
KIR3DL1,ENSEMBL:ENSG00000167633,KIR3DL1,True,False,1
ABHD17A,ENSEMBL:ENSG00000129968,ABHD17A,True,False,1
NMUR1,ENSEMBL:ENSG00000171596,NMUR1,True,True,2
SH2D2A,ENSEMBL:ENSG00000027869,SH2D2A,True,True,3
LYAR,ENSEMBL:ENSG00000145220,LYAR,True,False,1
ENSEMBL:ENSG00000289272,ENSEMBL:ENSG00000289272,,True,False,1
STARD4,ENSEMBL:ENSG00000164211,STARD4,True,True,3
SLC25A25,ENSEMBL:ENSG00000148339,SLC25A25,True,True,6
BTG2,ENSEMBL:ENSG00000159388,BTG2,True,True,6
ENSEMBL:ENSG00000253636,ENSEMBL:ENSG00000253636,,True,False,1
STRIP2,ENSEMBL:ENSG00000128578,STRIP2,True,False,1
P4HA1,ENSEMBL:ENSG00000122884,P4HA1,True,True,4
SPAG9,ENSEMBL:ENSG00000008294,SPAG9,True,True,5
L3MBTL1,ENSEMBL:ENSG00000185513,L3MBTL1,True,True,3
ATP1A2,ENSEMBL:ENSG00000018625,ATP1A2,True,True,6
B2M,ENSEMBL:ENSG00000166710,B2M,True,True,5
MAD2L1BP,ENSEMBL:ENSG00000124688,MAD2L1BP,True,False,1
ADPRHL1,ENSEMBL:ENSG00000153531,ADPRHL1,True,True,3
KIF26A,ENSEMBL:ENSG00000066735,KIF26A,True,True,4
DHX15,ENSEMBL:ENSG00000109606,DHX15,True,True,3
CA3-AS1,ENSEMBL:ENSG00000253549,CA3-AS1,True,False,1
RETREG1,ENSEMBL:ENSG00000154153,RETREG1,True,True,7
PDE4D,ENSEMBL:ENSG00000113448,PDE4D,True,True,5
SDCBP,ENSEMBL:ENSG00000137575,SDCBP,True,True,4
ZBTB10,ENSEMBL:ENSG00000205189,ZBTB10,True,True,3
DPEP1,ENSEMBL:ENSG00000015413,DPEP1,False,True,2
PLEKHO2,ENSEMBL:ENSG00000241839,PLEKHO2,True,True,5
LARP4,ENSEMBL:ENSG00000161813,LARP4,True,False,1
GOLGA2P5,ENSEMBL:ENSG00000238105,GOLGA2P5,True,False,2
SLC30A2,ENSEMBL:ENSG00000158014,SLC30A2,True,True,2
CHST12,ENSEMBL:ENSG00000136213,CHST12,True,True,4
GP1BB,ENSEMBL:ENSG00000203618,GP1BB,True,True,4
FAM174A,ENSEMBL:ENSG00000174132,FAM174A,True,False,2
XIRP2,ENSEMBL:ENSG00000163092,XIRP2,True,True,4
ZBTB37,ENSEMBL:ENSG00000185278,ZBTB37,True,False,2
CSRP3,ENSEMBL:ENSG00000129170,CSRP3,True,True,3
LPCAT1,ENSEMBL:ENSG00000153395,LPCAT1,True,True,2
HNRNPA0,ENSEMBL:ENSG00000177733,HNRNPA0,True,False,1
CIITA,ENSEMBL:ENSG00000179583,CIITA,True,True,6
NDEL1,ENSEMBL:ENSG00000166579,NDEL1,True,False,2
ERF,ENSEMBL:ENSG00000105722,ERF,True,True,3
ENSEMBL:ENSG00000213144,ENSEMBL:ENSG00000213144,,True,False,1
MYPN,ENSEMBL:ENSG00000138347,MYPN,True,True,4
FN3K,ENSEMBL:ENSG00000167363,FN3K,True,False,1
FLNC-AS1,ENSEMBL:ENSG00000242902,FLNC-AS1,True,False,1
SETDB1,ENSEMBL:ENSG00000143379,SETDB1,True,False,2
WIPF3,ENSEMBL:ENSG00000122574,WIPF3,True,True,6
COMTD1,ENSEMBL:ENSG00000165644,COMTD1,True,True,7
MAP4,ENSEMBL:ENSG00000047849,MAP4,True,True,5
N4BP1,ENSEMBL:ENSG00000102921,N4BP1,True,False,2
ADGRG5,ENSEMBL:ENSG00000159618,ADGRG5,True,True,2
DPH2,ENSEMBL:ENSG00000132768,DPH2,True,False,3
GTF2I,ENSEMBL:ENSG00000263001,GTF2I,True,True,3
CXCL2,ENSEMBL:ENSG00000081041,CXCL2,True,True,4
WDFY4,ENSEMBL:ENSG00000128815,WDFY4,True,True,5
C8G,ENSEMBL:ENSG00000176919,C8G,True,False,1
PLIN4,ENSEMBL:ENSG00000167676,PLIN4,True,True,9
SLC38A1,ENSEMBL:ENSG00000111371,SLC38A1,True,True,6
KPNA1,ENSEMBL:ENSG00000114030,KPNA1,True,True,3
FAM117B,ENSEMBL:ENSG00000138439,FAM117B,True,True,5
TMEM108,ENSEMBL:ENSG00000144868,TMEM108,True,False,1
DUSP2,ENSEMBL:ENSG00000158050,DUSP2,True,True,5
UBE2S,ENSEMBL:ENSG00000108106,UBE2S,True,True,2
PMP22,ENSEMBL:ENSG00000109099,PMP22,True,True,2
ZKSCAN8P1,ENSEMBL:ENSG00000226314,ZKSCAN8P1,True,False,2
CYSTM1,ENSEMBL:ENSG00000120306,CYSTM1,True,True,3
CEP89,ENSEMBL:ENSG00000121289,CEP89,True,True,3
SLC35E4,ENSEMBL:ENSG00000100036,SLC35E4,True,True,3
PPIL4,ENSEMBL:ENSG00000131013,PPIL4,True,False,2
LRRC8A,ENSEMBL:ENSG00000136802,LRRC8A,True,True,3
ENSEMBL:ENSG00000228463,ENSEMBL:ENSG00000228463,,True,False,2
SBDS,ENSEMBL:ENSG00000126524,SBDS,True,False,1
MAP7D1,ENSEMBL:ENSG00000116871,MAP7D1,True,True,6
ZFP14,ENSEMBL:ENSG00000142065,ZFP14,True,False,1
LINC01341,ENSEMBL:ENSG00000227953,LINC01341,True,False,1
JUNB,ENSEMBL:ENSG00000171223,JUNB,True,True,5
CHST15,ENSEMBL:ENSG00000182022,CHST15,True,True,3
VPS37A,ENSEMBL:ENSG00000155975,VPS37A,True,True,3
RHBDF2,ENSEMBL:ENSG00000129667,RHBDF2,True,True,3
UHRF1BP1L,ENSEMBL:ENSG00000111647,UHRF1BP1L,True,True,4
LINC02384,ENSEMBL:ENSG00000251301,LINC02384,True,False,1
C2orf69,ENSEMBL:ENSG00000178074,C2orf69,True,False,1
RRP12,ENSEMBL:ENSG00000052749,RRP12,True,True,3
ITPRIP,ENSEMBL:ENSG00000148841,ITPRIP,True,True,4
MARS2,ENSEMBL:ENSG00000247626,MARS2,True,False,1
GEM,ENSEMBL:ENSG00000164949,GEM,True,True,3
ERO1A,ENSEMBL:ENSG00000197930,ERO1A,True,True,4
MACO1,ENSEMBL:ENSG00000204178,MACO1,True,True,3
TSPAN8,ENSEMBL:ENSG00000127324,TSPAN8,True,True,2
COX15,ENSEMBL:ENSG00000014919,COX15,True,True,3
MITF,ENSEMBL:ENSG00000187098,MITF,True,True,4
TAB1,ENSEMBL:ENSG00000100324,TAB1,True,False,1
CES3,ENSEMBL:ENSG00000172828,CES3,True,False,1
PPP1R3E,ENSEMBL:ENSG00000235194,PPP1R3E,True,True,3
KIR2DL1,ENSEMBL:ENSG00000125498,KIR2DL1,True,False,1
NCF1,ENSEMBL:ENSG00000158517,NCF1,True,True,7
TNFRSF10D,ENSEMBL:ENSG00000173530,TNFRSF10D,True,False,1
FCER1G,ENSEMBL:ENSG00000158869,FCER1G,True,True,7
PANK3,ENSEMBL:ENSG00000120137,PANK3,True,False,1
CLIP1,ENSEMBL:ENSG00000130779,CLIP1,True,True,6
RABGGTB,ENSEMBL:ENSG00000137955,RABGGTB,True,True,2
KDM3B,ENSEMBL:ENSG00000120733,KDM3B,True,True,3
SOX17,ENSEMBL:ENSG00000164736,SOX17,True,True,3
PTPN3,ENSEMBL:ENSG00000070159,PTPN3,True,True,2
ENSEMBL:ENSG00000243696,ENSEMBL:ENSG00000243696,,True,False,1
PFKFB2,ENSEMBL:ENSG00000123836,PFKFB2,True,True,4
SORBS1,ENSEMBL:ENSG00000095637,SORBS1,True,True,9
UPF2,ENSEMBL:ENSG00000151461,UPF2,True,False,2
PPFIA4,ENSEMBL:ENSG00000143847,PPFIA4,True,True,3
PRDM2,ENSEMBL:ENSG00000116731,PRDM2,True,True,3
ZNF251,ENSEMBL:ENSG00000198169,ZNF251,True,False,1
HNRNPA3,ENSEMBL:ENSG00000170144,HNRNPA3,True,True,6
AUTS2,ENSEMBL:ENSG00000158321,AUTS2,True,True,3
HOXA9,ENSEMBL:ENSG00000078399,HOXA9,True,False,1
MAP3K2,ENSEMBL:ENSG00000169967,MAP3K2,True,True,4
AP2A2,ENSEMBL:ENSG00000183020,AP2A2,True,True,4
CD44,ENSEMBL:ENSG00000026508,CD44,True,True,4
SLCO5A1,ENSEMBL:ENSG00000137571,SLCO5A1,True,False,1
ITGA7,ENSEMBL:ENSG00000135424,ITGA7,True,True,4
MXD4,ENSEMBL:ENSG00000123933,MXD4,True,True,3
ENSEMBL:ENSG00000213062,ENSEMBL:ENSG00000213062,,True,False,2
ENDOD1,ENSEMBL:ENSG00000149218,ENDOD1,True,False,2
KAT6B,ENSEMBL:ENSG00000156650,KAT6B,True,True,6
XYLT2,ENSEMBL:ENSG00000015532,XYLT2,True,True,3
SEPHS2,ENSEMBL:ENSG00000179918,SEPHS2,True,True,4
NRAP,ENSEMBL:ENSG00000197893,NRAP,True,True,4
PPM1D,ENSEMBL:ENSG00000170836,PPM1D,True,True,4
MYBPH,ENSEMBL:ENSG00000133055,MYBPH,True,True,2
LAMP2,ENSEMBL:ENSG00000005893,LAMP2,True,True,4
FOSB,ENSEMBL:ENSG00000125740,FOSB,True,True,5
SEPTIN9,ENSEMBL:ENSG00000184640,SEPTIN9,True,True,7
MB,ENSEMBL:ENSG00000198125,MB,True,True,5
UNC5B,ENSEMBL:ENSG00000107731,UNC5B,True,True,3
CYP4F12,ENSEMBL:ENSG00000186204,CYP4F12,True,True,3
ARVCF,ENSEMBL:ENSG00000099889,ARVCF,True,True,3
GPATCH8,ENSEMBL:ENSG00000186566,GPATCH8,True,True,2
CARD10,ENSEMBL:ENSG00000100065,CARD10,True,True,2
LDB3,ENSEMBL:ENSG00000122367,LDB3,True,True,6
ENSEMBL:ENSG00000285336,ENSEMBL:ENSG00000285336,,True,False,1
PHACTR2,ENSEMBL:ENSG00000112419,PHACTR2,True,True,5
ARRDC2,ENSEMBL:ENSG00000105643,ARRDC2,True,True,4
SPTSSA,ENSEMBL:ENSG00000165389,SPTSSA,True,True,3
GNA13,ENSEMBL:ENSG00000120063,GNA13,True,True,3
CA2,ENSEMBL:ENSG00000104267,CA2,True,True,8
PTPRC,ENSEMBL:ENSG00000081237,PTPRC,True,True,8
GIMAP6,ENSEMBL:ENSG00000133561,GIMAP6,True,True,6
SGMS2,ENSEMBL:ENSG00000164023,SGMS2,True,False,1
MUC4,ENSEMBL:ENSG00000145113,MUC4,True,True,5
CYP26B1,ENSEMBL:ENSG00000003137,CYP26B1,False,True,3
MYL12A,ENSEMBL:ENSG00000101608,MYL12A,True,True,5
ZNF862,ENSEMBL:ENSG00000106479,ZNF862,True,False,1
THOC6,ENSEMBL:ENSG00000131652,THOC6,True,False,2
RASA4,ENSEMBL:ENSG00000105808,RASA4,True,False,1
PPDPFL,ENSEMBL:ENSG00000168333,PPDPFL,True,False,1
SELENON,ENSEMBL:ENSG00000162430,SELENON,True,True,3
NFIL3,ENSEMBL:ENSG00000165030,NFIL3,True,True,3
PAFAH1B2,ENSEMBL:ENSG00000168092,PAFAH1B2,True,True,3
RRN3P3,ENSEMBL:ENSG00000257122,RRN3P3,True,False,2
RNF187,ENSEMBL:ENSG00000168159,RNF187,False,True,2
SMTNL2,ENSEMBL:ENSG00000188176,SMTNL2,True,True,4
RNF152,ENSEMBL:ENSG00000176641,RNF152,True,True,2
USPL1,ENSEMBL:ENSG00000132952,USPL1,True,False,1
NRDE2,ENSEMBL:ENSG00000119720,NRDE2,True,True,2
TXNDC11,ENSEMBL:ENSG00000153066,TXNDC11,True,True,2
ENSEMBL:ENSG00000258168,ENSEMBL:ENSG00000258168,,True,False,1
KRBA1,ENSEMBL:ENSG00000133619,KRBA1,True,True,3
CUTC,ENSEMBL:ENSG00000119929,CUTC,True,True,2
MRPL23,ENSEMBL:ENSG00000214026,MRPL23,True,True,4
USP49,ENSEMBL:ENSG00000164663,USP49,True,False,2
MSX1,ENSEMBL:ENSG00000163132,MSX1,True,True,2
RRS1,ENSEMBL:ENSG00000179041,RRS1,True,True,3
PRSS23,ENSEMBL:ENSG00000150687,PRSS23,True,True,6
MKNK2,ENSEMBL:ENSG00000099875,MKNK2,True,True,5
PRKCA,ENSEMBL:ENSG00000154229,PRKCA,True,True,4
ERICD,ENSEMBL:ENSG00000280303,ERICD,True,False,1
HSPA1A,ENSEMBL:ENSG00000204389,HSPA1A,True,True,10
ULK1,ENSEMBL:ENSG00000177169,ULK1,True,True,3
TMSB10,ENSEMBL:ENSG00000034510,TMSB10,True,True,9
ITFG2,ENSEMBL:ENSG00000111203,ITFG2,True,False,2
CCDC9B,ENSEMBL:ENSG00000188549,CCDC9B,True,True,4
NUCKS1,ENSEMBL:ENSG00000069275,NUCKS1,True,True,3
MTFP1,ENSEMBL:ENSG00000242114,MTFP1,True,True,3
PRXL2A,ENSEMBL:ENSG00000122378,PRXL2A,False,True,6
GOLGA1,ENSEMBL:ENSG00000136935,GOLGA1,True,True,2
SMIM29,ENSEMBL:ENSG00000186577,SMIM29,True,False,2
LARGE1,ENSEMBL:ENSG00000133424,LARGE1,True,True,4
SRRM2,ENSEMBL:ENSG00000167978,SRRM2,True,True,6
PTDSS2,ENSEMBL:ENSG00000174915,PTDSS2,False,True,3
TUBGCP6,ENSEMBL:ENSG00000128159,TUBGCP6,True,True,2
FLNB,ENSEMBL:ENSG00000136068,FLNB,True,True,5
PRRT4,ENSEMBL:ENSG00000224940,PRRT4,True,True,2
MAP1LC3A,ENSEMBL:ENSG00000101460,MAP1LC3A,True,True,7
DOK7,ENSEMBL:ENSG00000175920,DOK7,True,True,2
ANKZF1,ENSEMBL:ENSG00000163516,ANKZF1,True,False,2
ZFAND5,ENSEMBL:ENSG00000107372,ZFAND5,True,True,5
DCDC2,ENSEMBL:ENSG00000146038,DCDC2,True,False,1
NT5C1A,ENSEMBL:ENSG00000116981,NT5C1A,True,True,2
DAZAP2,ENSEMBL:ENSG00000183283,DAZAP2,True,True,5
PHRF1,ENSEMBL:ENSG00000070047,PHRF1,True,True,3
CHST2,ENSEMBL:ENSG00000175040,CHST2,True,False,1
ENSEMBL:ENSG00000273179,ENSEMBL:ENSG00000273179,,True,False,1
PAX5,ENSEMBL:ENSG00000196092,PAX5,True,True,4
RPN2,ENSEMBL:ENSG00000118705,RPN2,True,True,7
KCNC1,ENSEMBL:ENSG00000129159,KCNC1,True,True,2
DECR2,ENSEMBL:ENSG00000242612,DECR2,False,True,4
KPNA3,ENSEMBL:ENSG00000102753,KPNA3,True,True,2
PHF2,ENSEMBL:ENSG00000197724,PHF2,True,True,3
PDZD2,ENSEMBL:ENSG00000133401,PDZD2,False,True,6
SQSTM1,ENSEMBL:ENSG00000161011,SQSTM1,True,True,10
LCP2,ENSEMBL:ENSG00000043462,LCP2,True,True,8
GSDME,ENSEMBL:ENSG00000105928,GSDME,True,True,2
GFI1B,ENSEMBL:ENSG00000165702,GFI1B,True,True,2
UBAC1,ENSEMBL:ENSG00000130560,UBAC1,False,True,2
C2,ENSEMBL:ENSG00000166278,C2,False,True,5
WDR1,ENSEMBL:ENSG00000071127,WDR1,True,True,5
RAB1A,ENSEMBL:ENSG00000138069,RAB1A,True,True,4
HLA-DQB1,ENSEMBL:ENSG00000179344,HLA-DQB1,True,True,6
PTTG1IP,ENSEMBL:ENSG00000183255,PTTG1IP,True,True,4
RSRC2,ENSEMBL:ENSG00000111011,RSRC2,True,False,2
ACADM,ENSEMBL:ENSG00000117054,ACADM,False,True,6
APOA1,ENSEMBL:ENSG00000118137,APOA1,False,True,5
ZRANB1,ENSEMBL:ENSG00000019995,ZRANB1,True,True,3
ATG4A,ENSEMBL:ENSG00000101844,ATG4A,True,False,1
CCDC136,ENSEMBL:ENSG00000128596,CCDC136,True,True,3
ZCCHC24,ENSEMBL:ENSG00000165424,ZCCHC24,True,True,3
CCDC88B,ENSEMBL:ENSG00000168071,CCDC88B,True,True,5
CLASP2,ENSEMBL:ENSG00000163539,CLASP2,True,True,2
RBM12B,ENSEMBL:ENSG00000183808,RBM12B,True,True,4
PLD4,ENSEMBL:ENSG00000166428,PLD4,True,True,6
SPTB,ENSEMBL:ENSG00000070182,SPTB,True,True,6
RERE,ENSEMBL:ENSG00000142599,RERE,True,True,5
FAM43A,ENSEMBL:ENSG00000185112,FAM43A,True,True,6
PELO,ENSEMBL:ENSG00000152684,PELO,True,True,4
ARF6,ENSEMBL:ENSG00000165527,ARF6,True,True,2
ENSEMBL:ENSG00000284669,ENSEMBL:ENSG00000284669,,True,False,1
PDGFRB,ENSEMBL:ENSG00000113721,PDGFRB,True,True,4
SPATS2,ENSEMBL:ENSG00000123352,SPATS2,True,False,1
PNRC1,ENSEMBL:ENSG00000146278,PNRC1,True,True,3
CHP1,ENSEMBL:ENSG00000187446,CHP1,True,True,7
ZBTB21,ENSEMBL:ENSG00000173276,ZBTB21,True,False,2
MGA,ENSEMBL:ENSG00000174197,MGA,True,True,5
EIF4B,ENSEMBL:ENSG00000063046,EIF4B,True,True,5
IDI1,ENSEMBL:ENSG00000067064,IDI1,True,True,4
MIR222HG,ENSEMBL:ENSG00000270069,MIR222HG,True,False,1
EIF5A,ENSEMBL:ENSG00000132507,EIF5A,True,True,8
MIDEAS,ENSEMBL:ENSG00000156030,MIDEAS,True,True,4
PRELID3B,ENSEMBL:ENSG00000101166,PRELID3B,True,True,3
SMG1P1,ENSEMBL:ENSG00000237296,SMG1P1,True,False,1
ESYT2,ENSEMBL:ENSG00000117868,ESYT2,True,True,3
LINC01504,ENSEMBL:ENSG00000225434,LINC01504,True,False,2
SAP130,ENSEMBL:ENSG00000136715,SAP130,True,False,2
ENSEMBL:ENSG00000253227,ENSEMBL:ENSG00000253227,,True,False,1
FGD6,ENSEMBL:ENSG00000180263,FGD6,True,True,2
SRSF2,ENSEMBL:ENSG00000161547,SRSF2,True,True,3
PDE12,ENSEMBL:ENSG00000174840,PDE12,True,False,1
RLIM,ENSEMBL:ENSG00000131263,RLIM,True,True,3
CYTIP,ENSEMBL:ENSG00000115165,CYTIP,True,True,5
ATF1,ENSEMBL:ENSG00000123268,ATF1,True,True,3
MUC20,ENSEMBL:ENSG00000176945,MUC20,True,True,3
AGAP9,ENSEMBL:ENSG00000204172,AGAP9,True,False,1
PRKG1,ENSEMBL:ENSG00000185532,PRKG1,True,False,1
LIMCH1,ENSEMBL:ENSG00000064042,LIMCH1,True,True,3
CARMIL2,ENSEMBL:ENSG00000159753,CARMIL2,True,True,8
MMP23B,ENSEMBL:ENSG00000189409,MMP23B,True,True,3
PDE11A,ENSEMBL:ENSG00000128655,PDE11A,True,False,1
PLEKHA1,ENSEMBL:ENSG00000107679,PLEKHA1,True,True,3
TMEM176B,ENSEMBL:ENSG00000106565,TMEM176B,False,True,2
ITGA2B,ENSEMBL:ENSG00000005961,ITGA2B,True,True,4
TEK,ENSEMBL:ENSG00000120156,TEK,True,True,3
TTTY14,ENSEMBL:ENSG00000176728,TTTY14,True,False,1
FGR,ENSEMBL:ENSG00000000938,FGR,True,True,6
PVR,ENSEMBL:ENSG00000073008,PVR,True,False,1
GZMM,ENSEMBL:ENSG00000197540,GZMM,True,True,5
VASP,ENSEMBL:ENSG00000125753,VASP,True,True,3
SLC22A5,ENSEMBL:ENSG00000197375,SLC22A5,True,True,3
THRSP,ENSEMBL:ENSG00000151365,THRSP,True,True,5
STAU2,ENSEMBL:ENSG00000040341,STAU2,True,False,1
SLC6A8,ENSEMBL:ENSG00000130821,SLC6A8,True,True,7
VPS50,ENSEMBL:ENSG00000004766,VPS50,True,True,2
GOLGA8N,ENSEMBL:ENSG00000232653,GOLGA8N,True,False,2
GZF1,ENSEMBL:ENSG00000125812,GZF1,True,False,1
IFNGR1,ENSEMBL:ENSG00000027697,IFNGR1,True,True,3
BACE1-AS,ENSEMBL:ENSG00000278768,BACE1-AS,True,False,1
CALCOCO1,ENSEMBL:ENSG00000012822,CALCOCO1,True,True,8
WDR47,ENSEMBL:ENSG00000085433,WDR47,True,True,2
CD244,ENSEMBL:ENSG00000122223,CD244,True,True,2
ARHGEF40,ENSEMBL:ENSG00000165801,ARHGEF40,True,False,2
USP31,ENSEMBL:ENSG00000103404,USP31,True,False,1
SELPLG,ENSEMBL:ENSG00000110876,SELPLG,True,True,7
CLDND2,ENSEMBL:ENSG00000160318,CLDND2,True,False,1
AJM1,ENSEMBL:ENSG00000232434,AJM1,True,True,3
ATP11B,ENSEMBL:ENSG00000058063,ATP11B,True,False,2
STC2,ENSEMBL:ENSG00000113739,STC2,True,False,1
TCF15,ENSEMBL:ENSG00000125878,TCF15,True,True,3
UBAP2L,ENSEMBL:ENSG00000143569,UBAP2L,True,True,4
WDR91,ENSEMBL:ENSG00000105875,WDR91,True,True,5
UBTF,ENSEMBL:ENSG00000108312,UBTF,True,True,3
PFKFB3,ENSEMBL:ENSG00000170525,PFKFB3,True,True,7
BCL3,ENSEMBL:ENSG00000069399,BCL3,True,True,3
CTBP2,ENSEMBL:ENSG00000175029,CTBP2,True,True,4
DLC1,ENSEMBL:ENSG00000164741,DLC1,True,True,2
RASIP1,ENSEMBL:ENSG00000105538,RASIP1,True,True,4
RNMT,ENSEMBL:ENSG00000101654,RNMT,True,False,2
CMC2,ENSEMBL:ENSG00000103121,CMC2,True,True,3
PBXIP1,ENSEMBL:ENSG00000163346,PBXIP1,True,True,3
CSDE1,ENSEMBL:ENSG00000009307,CSDE1,True,True,6
RNF149,ENSEMBL:ENSG00000163162,RNF149,True,False,2
HSPH1,ENSEMBL:ENSG00000120694,HSPH1,True,True,12
ENSEMBL:ENSG00000279759,ENSEMBL:ENSG00000279759,,True,False,1
AMDHD2,ENSEMBL:ENSG00000162066,AMDHD2,True,True,4
MAPRE1,ENSEMBL:ENSG00000101367,MAPRE1,True,True,3
KIFC3,ENSEMBL:ENSG00000140859,KIFC3,True,True,5
TP53INP1,ENSEMBL:ENSG00000164938,TP53INP1,True,True,6
FGF13,ENSEMBL:ENSG00000129682,FGF13,True,True,2
ANK3,ENSEMBL:ENSG00000151150,ANK3,True,True,4
APOE,ENSEMBL:ENSG00000130203,APOE,False,True,7
IQCC,ENSEMBL:ENSG00000160051,IQCC,True,False,1
RBM14,ENSEMBL:ENSG00000239306,RBM14,True,True,5
SYNE2,ENSEMBL:ENSG00000054654,SYNE2,True,False,2
AMMECR1L,ENSEMBL:ENSG00000144233,AMMECR1L,True,False,2
ZNF737,ENSEMBL:ENSG00000237440,ZNF737,True,False,1
NR4A1AS,ENSEMBL:ENSG00000259884,NR4A1AS,True,False,1
CORO1A,ENSEMBL:ENSG00000102879,CORO1A,True,True,7
BCL2A1,ENSEMBL:ENSG00000140379,BCL2A1,True,True,6
UBR5,ENSEMBL:ENSG00000104517,UBR5,True,True,3
DBR1,ENSEMBL:ENSG00000138231,DBR1,True,False,2
MYBPC1,ENSEMBL:ENSG00000196091,MYBPC1,True,True,5
MLLT6|ENSG00000275023,ENSEMBL:ENSG00000275023,MLLT6,True,False,2
CST7,ENSEMBL:ENSG00000077984,CST7,True,True,5
COLQ,ENSEMBL:ENSG00000206561,COLQ,True,False,2
PHLDA1,ENSEMBL:ENSG00000139289,PHLDA1,True,False,2
LINC00390,ENSEMBL:ENSG00000226519,LINC00390,True,False,1
PTPN1,ENSEMBL:ENSG00000196396,PTPN1,True,True,3
ARHGAP30,ENSEMBL:ENSG00000186517,ARHGAP30,True,True,5
ATOX1,ENSEMBL:ENSG00000177556,ATOX1,True,True,3
RBM15,ENSEMBL:ENSG00000162775,RBM15,True,True,3
MBP,ENSEMBL:ENSG00000197971,MBP,True,True,4
C3,ENSEMBL:ENSG00000125730,C3,True,True,9
TAP1,ENSEMBL:ENSG00000168394,TAP1,True,True,3
SNAP29,ENSEMBL:ENSG00000099940,SNAP29,True,False,2
UBAP1L,ENSEMBL:ENSG00000246922,UBAP1L,True,False,1
PLA2G4F,ENSEMBL:ENSG00000168907,PLA2G4F,True,False,1
CDKN1A,ENSEMBL:ENSG00000124762,CDKN1A,True,True,3
ZDBF2,ENSEMBL:ENSG00000204186,ZDBF2,True,False,1
HMGN3,ENSEMBL:ENSG00000118418,HMGN3,True,True,5
IRF2BPL,ENSEMBL:ENSG00000119669,IRF2BPL,True,True,7
SVIL-AS1,ENSEMBL:ENSG00000224597,SVIL-AS1,True,False,1
DDX3X,ENSEMBL:ENSG00000215301,DDX3X,True,True,5
ZNF121,ENSEMBL:ENSG00000197961,ZNF121,True,False,1
SPPL2B,ENSEMBL:ENSG00000005206,SPPL2B,True,True,3
ATP5F1B,ENSEMBL:ENSG00000110955,ATP5F1B,True,True,8
GPSM2,ENSEMBL:ENSG00000121957,GPSM2,True,True,5
UBR7,ENSEMBL:ENSG00000012963,UBR7,True,False,1
IFT27,ENSEMBL:ENSG00000100360,IFT27,True,False,2
CKMT2,ENSEMBL:ENSG00000131730,CKMT2,True,True,4
AQP1,ENSEMBL:ENSG00000240583,AQP1,True,True,7
GPRC5C,ENSEMBL:ENSG00000170412,GPRC5C,True,True,3
TAF8,ENSEMBL:ENSG00000137413,TAF8,True,False,1
LINGO4,ENSEMBL:ENSG00000213171,LINGO4,True,True,3
ABCC10,ENSEMBL:ENSG00000124574,ABCC10,True,True,4
HID1,ENSEMBL:ENSG00000167861,HID1,True,True,4
GON4L,ENSEMBL:ENSG00000116580,GON4L,True,False,2
SETDB2,ENSEMBL:ENSG00000136169,SETDB2,True,True,2
SERPING1,ENSEMBL:ENSG00000149131,SERPING1,False,True,3
ENSEMBL:ENSG00000279821,ENSEMBL:ENSG00000279821,,True,False,2
PLEKHO1,ENSEMBL:ENSG00000023902,PLEKHO1,True,True,6
MYO1G,ENSEMBL:ENSG00000136286,MYO1G,True,True,6
LINC02210,ENSEMBL:ENSG00000204650,LINC02210,True,False,1
ACTC1,ENSEMBL:ENSG00000159251,ACTC1,True,True,2
AHNAK,ENSEMBL:ENSG00000124942,AHNAK,True,True,10
FAM102A,ENSEMBL:ENSG00000167106,FAM102A,True,True,6
BMS1P1,ENSEMBL:ENSG00000204177,BMS1P1,True,False,1
CREBBP,ENSEMBL:ENSG00000005339,CREBBP,True,True,4
ZNF408,ENSEMBL:ENSG00000175213,ZNF408,True,False,2
PPP1R12A,ENSEMBL:ENSG00000058272,PPP1R12A,True,True,4
DUSP29,ENSEMBL:ENSG00000188716,DUSP29,True,True,3
FBXO34,ENSEMBL:ENSG00000178974,FBXO34,True,True,2
SPI1,ENSEMBL:ENSG00000066336,SPI1,True,True,3
INKA1,ENSEMBL:ENSG00000185614,INKA1,True,False,2
PTGDR,ENSEMBL:ENSG00000168229,PTGDR,True,False,1
TSHZ1,ENSEMBL:ENSG00000179981,TSHZ1,True,False,1
PRKAR1A,ENSEMBL:ENSG00000108946,PRKAR1A,True,True,5
FCRL6,ENSEMBL:ENSG00000181036,FCRL6,True,False,1
ENSEMBL:ENSG00000279088,ENSEMBL:ENSG00000279088,,True,False,1
MOCS2,ENSEMBL:ENSG00000164172,MOCS2,True,True,4
ANGPTL2,ENSEMBL:ENSG00000136859,ANGPTL2,True,True,2
PKM,ENSEMBL:ENSG00000067225,PKM,True,True,4
MDH2,ENSEMBL:ENSG00000146701,MDH2,True,True,8
PURB,ENSEMBL:ENSG00000146676,PURB,True,True,3
TIPARP,ENSEMBL:ENSG00000163659,TIPARP,True,True,3
SINHCAF,ENSEMBL:ENSG00000139146,SINHCAF,True,False,1
EGR1,ENSEMBL:ENSG00000120738,EGR1,True,True,9
CLEC1B,ENSEMBL:ENSG00000165682,CLEC1B,False,True,3
RBM7,ENSEMBL:ENSG00000076053,RBM7,True,False,1
NRBF2,ENSEMBL:ENSG00000148572,NRBF2,True,True,3
PDE10A,ENSEMBL:ENSG00000112541,PDE10A,True,False,1
DYRK2,ENSEMBL:ENSG00000127334,DYRK2,True,True,3
AGO3,ENSEMBL:ENSG00000126070,AGO3,True,True,4
RBM33,ENSEMBL:ENSG00000184863,RBM33,True,True,6
COQ10B,ENSEMBL:ENSG00000115520,COQ10B,True,True,6
ABLIM2,ENSEMBL:ENSG00000163995,ABLIM2,True,True,5
SLC11A1,ENSEMBL:ENSG00000018280,SLC11A1,True,True,3
ENSEMBL:ENSG00000227496,ENSEMBL:ENSG00000227496,,True,False,1
NOP16,ENSEMBL:ENSG00000048162,NOP16,True,False,1
CRYZ,ENSEMBL:ENSG00000116791,CRYZ,True,True,4
LNPEP,ENSEMBL:ENSG00000113441,LNPEP,True,True,3
DUSP14,ENSEMBL:ENSG00000276023,DUSP14,True,False,1
PRDX2,ENSEMBL:ENSG00000167815,PRDX2,True,True,7
AADAT,ENSEMBL:ENSG00000109576,AADAT,True,True,5
STAT2,ENSEMBL:ENSG00000170581,STAT2,True,True,6
TET1,ENSEMBL:ENSG00000138336,TET1,True,True,2
ACTR1A,ENSEMBL:ENSG00000138107,ACTR1A,True,True,3
NFKBID,ENSEMBL:ENSG00000167604,NFKBID,True,False,2
CCNG1,ENSEMBL:ENSG00000113328,CCNG1,False,True,2
ARFGEF2,ENSEMBL:ENSG00000124198,ARFGEF2,True,True,4
BCL2,ENSEMBL:ENSG00000171791,BCL2,True,True,5
ENSEMBL:ENSG00000255710,ENSEMBL:ENSG00000255710,,True,False,1
FABP5,ENSEMBL:ENSG00000164687,FABP5,True,True,7
IRF7,ENSEMBL:ENSG00000185507,IRF7,True,True,5
MAP2K3,ENSEMBL:ENSG00000034152,MAP2K3,True,True,4
SGCB,ENSEMBL:ENSG00000163069,SGCB,True,True,5
ITGA5,ENSEMBL:ENSG00000161638,ITGA5,True,True,6
TTYH2,ENSEMBL:ENSG00000141540,TTYH2,True,True,2
SELENOI,ENSEMBL:ENSG00000138018,SELENOI,True,True,2
DLG5,ENSEMBL:ENSG00000151208,DLG5,True,True,3
GLCCI1,ENSEMBL:ENSG00000106415,GLCCI1,True,True,4
MYH9,ENSEMBL:ENSG00000100345,MYH9,True,True,7
DDIT4,ENSEMBL:ENSG00000168209,DDIT4,True,False,2
FITM2,ENSEMBL:ENSG00000197296,FITM2,True,True,8
SLAMF7,ENSEMBL:ENSG00000026751,SLAMF7,True,True,3
FAM20C,ENSEMBL:ENSG00000177706,FAM20C,True,True,5
CBX3,ENSEMBL:ENSG00000122565,CBX3,True,True,4
HTR2A,ENSEMBL:ENSG00000102468,HTR2A,False,True,3
SLFN12,ENSEMBL:ENSG00000172123,SLFN12,False,True,4
ATP6V1C1,ENSEMBL:ENSG00000155097,ATP6V1C1,True,True,3
FHL3,ENSEMBL:ENSG00000183386,FHL3,True,True,3
TUBA8,ENSEMBL:ENSG00000183785,TUBA8,True,True,6
BIN2,ENSEMBL:ENSG00000110934,BIN2,True,True,4
CCN2,ENSEMBL:ENSG00000118523,CCN2,True,True,4
CHORDC1,ENSEMBL:ENSG00000110172,CHORDC1,True,True,8
ST6GALNAC4,ENSEMBL:ENSG00000136840,ST6GALNAC4,True,True,3
CEMIP2,ENSEMBL:ENSG00000135048,CEMIP2,True,True,4
TOB1,ENSEMBL:ENSG00000141232,TOB1,True,True,4
ALDH7A1,ENSEMBL:ENSG00000164904,ALDH7A1,True,True,6
DAB2IP,ENSEMBL:ENSG00000136848,DAB2IP,True,True,5
ENSEMBL:ENSG00000288884,ENSEMBL:ENSG00000288884,,True,False,2
TSEN54,ENSEMBL:ENSG00000182173,TSEN54,True,False,1
UBXN1,ENSEMBL:ENSG00000162191,UBXN1,True,False,2
TMEM150A,ENSEMBL:ENSG00000168890,TMEM150A,True,True,5
ENSEMBL:ENSG00000226252,ENSEMBL:ENSG00000226252,,True,False,1
DNAJA1,ENSEMBL:ENSG00000086061,DNAJA1,True,True,10
CDS2,ENSEMBL:ENSG00000101290,CDS2,True,True,5
FAM110D,ENSEMBL:ENSG00000197245,FAM110D,True,False,1
FHOD3,ENSEMBL:ENSG00000134775,FHOD3,True,True,4
MKS1,ENSEMBL:ENSG00000011143,MKS1,True,False,1
ZNF600,ENSEMBL:ENSG00000189190,ZNF600,True,False,1
SLC9A8,ENSEMBL:ENSG00000197818,SLC9A8,True,False,2
CD53,ENSEMBL:ENSG00000143119,CD53,True,True,4
PRRC2C,ENSEMBL:ENSG00000117523,PRRC2C,True,False,2
FRAT1,ENSEMBL:ENSG00000165879,FRAT1,True,False,2
ZNF174,ENSEMBL:ENSG00000103343,ZNF174,True,False,1
CD160,ENSEMBL:ENSG00000117281,CD160,True,False,1
CD74,ENSEMBL:ENSG00000019582,CD74,True,True,7
AFF1,ENSEMBL:ENSG00000172493,AFF1,True,False,2
COL4A3,ENSEMBL:ENSG00000169031,COL4A3,True,True,7
FOXD3,ENSEMBL:ENSG00000187140,FOXD3,True,False,1
CYP4F29P,ENSEMBL:ENSG00000228314,CYP4F29P,True,False,1
TPD52L1,ENSEMBL:ENSG00000111907,TPD52L1,True,True,5
KLHL34,ENSEMBL:ENSG00000185915,KLHL34,True,False,1
ST3GAL5,ENSEMBL:ENSG00000115525,ST3GAL5,True,True,5
IL31RA,ENSEMBL:ENSG00000164509,IL31RA,True,True,2
WBP2,ENSEMBL:ENSG00000132471,WBP2,True,True,4
SNX10,ENSEMBL:ENSG00000086300,SNX10,True,True,3
ENSEMBL:ENSG00000258461,ENSEMBL:ENSG00000258461,,True,False,1
CREB1,ENSEMBL:ENSG00000118260,CREB1,True,False,2
LDB1,ENSEMBL:ENSG00000198728,LDB1,True,True,4
LLGL2,ENSEMBL:ENSG00000073350,LLGL2,True,True,3
C11orf24,ENSEMBL:ENSG00000171067,C11orf24,True,False,1
ENSEMBL:ENSG00000228830,ENSEMBL:ENSG00000228830,,True,False,1
PAX3,ENSEMBL:ENSG00000135903,PAX3,True,False,1
MT1X,ENSEMBL:ENSG00000187193,MT1X,True,False,1
ENSEMBL:ENSG00000249790,ENSEMBL:ENSG00000249790,,True,False,1
SCHIP1,ENSEMBL:ENSG00000151967,SCHIP1,True,False,1
ABCE1,ENSEMBL:ENSG00000164163,ABCE1,True,True,2
CCPG1,ENSEMBL:ENSG00000260916,CCPG1,True,True,6
CYB5R2,ENSEMBL:ENSG00000166394,CYB5R2,True,True,2
DES,ENSEMBL:ENSG00000175084,DES,True,True,5
ENSEMBL:ENSG00000279289,ENSEMBL:ENSG00000279289,,True,False,1
MNT,ENSEMBL:ENSG00000070444,MNT,True,True,6
DEPP1,ENSEMBL:ENSG00000165507,DEPP1,True,True,2
MYO18A,ENSEMBL:ENSG00000196535,MYO18A,True,True,6
YBX2,ENSEMBL:ENSG00000006047,YBX2,False,True,4
JMJD1C,ENSEMBL:ENSG00000171988,JMJD1C,True,True,4
COA7,ENSEMBL:ENSG00000162377,COA7,True,True,4
TXLNB,ENSEMBL:ENSG00000164440,TXLNB,True,True,2
CEP78,ENSEMBL:ENSG00000148019,CEP78,True,False,2
BIN1,ENSEMBL:ENSG00000136717,BIN1,True,True,4
PAFAH2,ENSEMBL:ENSG00000158006,PAFAH2,True,False,2
USP15,ENSEMBL:ENSG00000135655,USP15,True,True,5
ENSEMBL:ENSG00000271959,ENSEMBL:ENSG00000271959,,True,False,1
FASLG,ENSEMBL:ENSG00000117560,FASLG,True,False,1
RAB12,ENSEMBL:ENSG00000206418,RAB12,True,False,1
IKZF2,ENSEMBL:ENSG00000030419,IKZF2,True,False,1
DDX3Y,ENSEMBL:ENSG00000067048,DDX3Y,True,False,3
PXMP4,ENSEMBL:ENSG00000101417,PXMP4,True,True,4
MOB3B,ENSEMBL:ENSG00000120162,MOB3B,True,False,1
ABLIM3,ENSEMBL:ENSG00000173210,ABLIM3,True,True,5
MRNIP,ENSEMBL:ENSG00000161010,MRNIP,True,False,1
ENSEMBL:ENSG00000267934,ENSEMBL:ENSG00000267934,,True,False,1
WNT5A,ENSEMBL:ENSG00000114251,WNT5A,True,True,2
DECR1,ENSEMBL:ENSG00000104325,DECR1,True,True,8
ERCC4,ENSEMBL:ENSG00000175595,ERCC4,True,False,1
RECQL5,ENSEMBL:ENSG00000108469,RECQL5,True,True,2
ARL4C,ENSEMBL:ENSG00000188042,ARL4C,True,False,1
CAVIN2,ENSEMBL:ENSG00000168497,CAVIN2,True,True,7
MZB1,ENSEMBL:ENSG00000170476,MZB1,False,True,3
LIMK2,ENSEMBL:ENSG00000182541,LIMK2,True,True,3
RNF165,ENSEMBL:ENSG00000141622,RNF165,True,False,2
PER2,ENSEMBL:ENSG00000132326,PER2,True,True,6
PLGLB1,ENSEMBL:ENSG00000183281,PLGLB1,True,False,1
UBE2J1,ENSEMBL:ENSG00000198833,UBE2J1,True,True,3
WDR26,ENSEMBL:ENSG00000162923,WDR26,True,True,3
KLF15,ENSEMBL:ENSG00000163884,KLF15,True,True,3
FAM136A,ENSEMBL:ENSG00000035141,FAM136A,True,True,4
EFR3B,ENSEMBL:ENSG00000084710,EFR3B,True,True,4
DGCR2,ENSEMBL:ENSG00000070413,DGCR2,True,False,2
MVD,ENSEMBL:ENSG00000167508,MVD,True,True,2
B4GALT5,ENSEMBL:ENSG00000158470,B4GALT5,True,True,4
TLE3,ENSEMBL:ENSG00000140332,TLE3,True,True,4
SORT1,ENSEMBL:ENSG00000134243,SORT1,True,True,7
ITIH6,ENSEMBL:ENSG00000102313,ITIH6,True,False,1
DYNLT1,ENSEMBL:ENSG00000146425,DYNLT1,True,True,3
RBMX,ENSEMBL:ENSG00000147274,RBMX,True,False,1
ZNF236,ENSEMBL:ENSG00000130856,ZNF236,True,False,2
ZNF767P,ENSEMBL:ENSG00000133624,ZNF767P,True,False,2
ARHGEF12,ENSEMBL:ENSG00000196914,ARHGEF12,True,True,6
FBP2,ENSEMBL:ENSG00000130957,FBP2,True,True,7
SSU72,ENSEMBL:ENSG00000160075,SSU72,True,True,2
LAPTM4B,ENSEMBL:ENSG00000104341,LAPTM4B,True,True,3
AHCYL1,ENSEMBL:ENSG00000168710,AHCYL1,True,True,4
HCLS1,ENSEMBL:ENSG00000180353,HCLS1,True,True,6
YAP1,ENSEMBL:ENSG00000137693,YAP1,True,True,3
COL4A4,ENSEMBL:ENSG00000081052,COL4A4,True,True,5
LRRC38,ENSEMBL:ENSG00000162494,LRRC38,True,False,1
BTN2A1,ENSEMBL:ENSG00000112763,BTN2A1,True,False,2
KMT5B,ENSEMBL:ENSG00000110066,KMT5B,True,False,2
TRIM68,ENSEMBL:ENSG00000167333,TRIM68,True,False,1
CD55,ENSEMBL:ENSG00000196352,CD55,True,True,6
UCP2,ENSEMBL:ENSG00000175567,UCP2,True,True,8
PRADC1,ENSEMBL:ENSG00000135617,PRADC1,True,False,2
BTBD9,ENSEMBL:ENSG00000183826,BTBD9,True,True,2
ESRP2,ENSEMBL:ENSG00000103067,ESRP2,True,False,1
XPC,ENSEMBL:ENSG00000154767,XPC,True,True,3
EEF2K,ENSEMBL:ENSG00000103319,EEF2K,True,True,11
EIF4A3,ENSEMBL:ENSG00000141543,EIF4A3,True,True,3
ZNF22,ENSEMBL:ENSG00000165512,ZNF22,True,False,1
IGFBP1,ENSEMBL:ENSG00000146678,IGFBP1,False,True,1
PSMF1,ENSEMBL:ENSG00000125818,PSMF1,True,True,5
ENSEMBL:ENSG00000239665,ENSEMBL:ENSG00000239665,,True,False,2
ARHGEF7,ENSEMBL:ENSG00000102606,ARHGEF7,True,True,2
CARF,ENSEMBL:ENSG00000138380,CARF,True,False,2
CD7,ENSEMBL:ENSG00000173762,CD7,True,True,4
ZC3H11A,ENSEMBL:ENSG00000058673,ZC3H11A,True,True,4
ZNF548,ENSEMBL:ENSG00000188785,ZNF548,True,False,2
NUP214,ENSEMBL:ENSG00000126883,NUP214,True,True,4
TBC1D10B,ENSEMBL:ENSG00000169221,TBC1D10B,True,True,4
STRAP,ENSEMBL:ENSG00000023734,STRAP,True,True,3
MAP4K4,ENSEMBL:ENSG00000071054,MAP4K4,True,True,5
SNX27,ENSEMBL:ENSG00000143376,SNX27,True,False,2
SEC14L1,ENSEMBL:ENSG00000129657,SEC14L1,True,True,7
CA4,ENSEMBL:ENSG00000167434,CA4,True,True,6
ENSEMBL:ENSG00000270605,ENSEMBL:ENSG00000270605,,True,False,1
RABL6,ENSEMBL:ENSG00000196642,RABL6,True,True,3
F2R,ENSEMBL:ENSG00000181104,F2R,True,True,5
ALDH2,ENSEMBL:ENSG00000111275,ALDH2,True,True,9
TMSB4X,ENSEMBL:ENSG00000205542,TMSB4X,True,True,7
BMT2,ENSEMBL:ENSG00000164603,BMT2,True,False,2
MAMSTR,ENSEMBL:ENSG00000176909,MAMSTR,True,False,1
AGRN,ENSEMBL:ENSG00000188157,AGRN,True,True,5
PITX2,ENSEMBL:ENSG00000164093,PITX2,True,True,2
FBXL22,ENSEMBL:ENSG00000197361,FBXL22,True,True,3
S100PBP,ENSEMBL:ENSG00000116497,S100PBP,True,True,2
ZNF362,ENSEMBL:ENSG00000160094,ZNF362,True,False,2
ERRFI1,ENSEMBL:ENSG00000116285,ERRFI1,True,True,3
MBD6,ENSEMBL:ENSG00000166987,MBD6,True,True,4
EGR2,ENSEMBL:ENSG00000122877,EGR2,True,False,1
PLPP1,ENSEMBL:ENSG00000067113,PLPP1,True,True,3
AGAP4,ENSEMBL:ENSG00000188234,AGAP4,True,False,1
SPART,ENSEMBL:ENSG00000133104,SPART,True,True,6
EIF5B,ENSEMBL:ENSG00000158417,EIF5B,True,True,6
HSPA5,ENSEMBL:ENSG00000044574,HSPA5,True,True,9
HSPB7,ENSEMBL:ENSG00000173641,HSPB7,True,True,5
NDUFA1,ENSEMBL:ENSG00000125356,NDUFA1,False,True,5
ELOVL6,ENSEMBL:ENSG00000170522,ELOVL6,True,True,4
TEF,ENSEMBL:ENSG00000167074,TEF,True,True,3
RUNX1,ENSEMBL:ENSG00000159216,RUNX1,True,True,5
NSD3,ENSEMBL:ENSG00000147548,NSD3,True,True,4
SIPA1L2,ENSEMBL:ENSG00000116991,SIPA1L2,True,True,4
CSF2RB,ENSEMBL:ENSG00000100368,CSF2RB,True,True,6
CRK,ENSEMBL:ENSG00000167193,CRK,True,True,3
NPC1,ENSEMBL:ENSG00000141458,NPC1,True,True,3
TRIM7,ENSEMBL:ENSG00000146054,TRIM7,True,True,2
RNF144B,ENSEMBL:ENSG00000137393,RNF144B,True,True,4
TRAPPC8,ENSEMBL:ENSG00000153339,TRAPPC8,True,False,2
LSS,ENSEMBL:ENSG00000160285,LSS,True,True,5
SNRK,ENSEMBL:ENSG00000163788,SNRK,True,True,3
CACUL1,ENSEMBL:ENSG00000151893,CACUL1,True,True,3
RGCC,ENSEMBL:ENSG00000102760,RGCC,True,True,4
MIEF2,ENSEMBL:ENSG00000177427,MIEF2,True,False,1
ZNF429,ENSEMBL:ENSG00000197013,ZNF429,True,False,2
YWHAQ,ENSEMBL:ENSG00000134308,YWHAQ,True,True,2
NUDT13,ENSEMBL:ENSG00000166321,NUDT13,True,True,6
SLC25A30,ENSEMBL:ENSG00000174032,SLC25A30,True,True,4
MCM3AP,ENSEMBL:ENSG00000160294,MCM3AP,True,True,2
HPN,ENSEMBL:ENSG00000105707,HPN,True,False,1
FAM229A,ENSEMBL:ENSG00000225828,FAM229A,True,True,3
PRSS30P,ENSEMBL:ENSG00000172460,PRSS30P,True,False,1
H1-2,ENSEMBL:ENSG00000187837,H1-2,True,True,3
NEO1,ENSEMBL:ENSG00000067141,NEO1,True,False,1
TRIM65,ENSEMBL:ENSG00000141569,TRIM65,True,False,2
NES,ENSEMBL:ENSG00000132688,NES,True,True,6
CASP8AP2,ENSEMBL:ENSG00000118412,CASP8AP2,True,False,2
ACSM5,ENSEMBL:ENSG00000183549,ACSM5,True,True,6
MAPK6,ENSEMBL:ENSG00000069956,MAPK6,True,True,4
ADRB2,ENSEMBL:ENSG00000169252,ADRB2,True,True,4
ENSEMBL:ENSG00000289191,ENSEMBL:ENSG00000289191,,True,False,1
MIRLET7A1HG,ENSEMBL:ENSG00000269929,MIRLET7A1HG,True,False,1
HNRNPH1,ENSEMBL:ENSG00000169045,HNRNPH1,True,True,3
GBP5,ENSEMBL:ENSG00000154451,GBP5,False,True,4
UNC93B1,ENSEMBL:ENSG00000110057,UNC93B1,True,True,5
BCAT2,ENSEMBL:ENSG00000105552,BCAT2,True,True,6
COX8A,ENSEMBL:ENSG00000176340,COX8A,True,True,5
ENSEMBL:ENSG00000277196,ENSEMBL:ENSG00000277196,,True,False,1
ENSEMBL:ENSG00000260855,ENSEMBL:ENSG00000260855,,True,False,1
TSC2,ENSEMBL:ENSG00000103197,TSC2,True,False,1
AP1AR,ENSEMBL:ENSG00000138660,AP1AR,True,False,2
DACH1,ENSEMBL:ENSG00000276644,DACH1,True,True,2
EPPK1,ENSEMBL:ENSG00000261150,EPPK1,True,False,2
MYOG,ENSEMBL:ENSG00000122180,MYOG,True,False,1
SOCS3,ENSEMBL:ENSG00000184557,SOCS3,True,False,2
PUS7L,ENSEMBL:ENSG00000129317,PUS7L,True,False,1
SLC66A1,ENSEMBL:ENSG00000040487,SLC66A1,True,False,1
MLF2,ENSEMBL:ENSG00000089693,MLF2,True,True,3
TAPBP|ENSG00000112493,ENSEMBL:ENSG00000112493,TAPBP,False,True,6
PALS2,ENSEMBL:ENSG00000105926,PALS2,True,True,4
TMEM11,ENSEMBL:ENSG00000178307,TMEM11,True,True,3
NCR1,ENSEMBL:ENSG00000189430,NCR1,True,True,2
SUCLG2,ENSEMBL:ENSG00000172340,SUCLG2,True,True,6
SIK2,ENSEMBL:ENSG00000170145,SIK2,True,True,3
HLA-DRA,ENSEMBL:ENSG00000204287,HLA-DRA,True,True,5
NUDT8,ENSEMBL:ENSG00000167799,NUDT8,True,True,5
NCALD,ENSEMBL:ENSG00000104490,NCALD,True,True,3
ZNF384,ENSEMBL:ENSG00000126746,ZNF384,True,True,3
KLRB1,ENSEMBL:ENSG00000111796,KLRB1,True,True,4
BSG,ENSEMBL:ENSG00000172270,BSG,True,True,9
ZNF687,ENSEMBL:ENSG00000143373,ZNF687,True,False,2
CD93,ENSEMBL:ENSG00000125810,CD93,True,True,9
EIF4A1,ENSEMBL:ENSG00000161960,EIF4A1,True,True,7
ILK,ENSEMBL:ENSG00000166333,ILK,True,True,3
SRSF3,ENSEMBL:ENSG00000112081,SRSF3,True,True,3
TAGAP,ENSEMBL:ENSG00000164691,TAGAP,True,True,5
CPLANE1,ENSEMBL:ENSG00000197603,CPLANE1,True,False,1
ARL10,ENSEMBL:ENSG00000175414,ARL10,True,False,1
GAPVD1,ENSEMBL:ENSG00000165219,GAPVD1,True,True,3
SLC25A33,ENSEMBL:ENSG00000171612,SLC25A33,True,True,5
MAF1,ENSEMBL:ENSG00000179632,MAF1,True,True,3
HSP90AA1,ENSEMBL:ENSG00000080824,HSP90AA1,True,True,13
CDHR5,ENSEMBL:ENSG00000099834,CDHR5,True,True,4
SYNPO2L,ENSEMBL:ENSG00000166317,SYNPO2L,True,True,3
HNRNPC,ENSEMBL:ENSG00000092199,HNRNPC,True,True,7
HEY1,ENSEMBL:ENSG00000164683,HEY1,True,False,2
ENSEMBL:ENSG00000255148,ENSEMBL:ENSG00000255148,,True,False,1
CCND1,ENSEMBL:ENSG00000110092,CCND1,False,True,3
SSBP3-AS1,ENSEMBL:ENSG00000198711,SSBP3-AS1,True,False,1
FNBP4,ENSEMBL:ENSG00000109920,FNBP4,True,True,5
ZBTB7B,ENSEMBL:ENSG00000160685,ZBTB7B,True,True,5
SLC27A4,ENSEMBL:ENSG00000167114,SLC27A4,True,True,3
SBK1,ENSEMBL:ENSG00000188322,SBK1,True,True,3
PSMB8,ENSEMBL:ENSG00000204264,PSMB8,True,True,7
ENSEMBL:ENSG00000287629,ENSEMBL:ENSG00000287629,,True,False,1
PJA2,ENSEMBL:ENSG00000198961,PJA2,True,True,5
PHF23,ENSEMBL:ENSG00000040633,PHF23,True,False,2
PNN,ENSEMBL:ENSG00000100941,PNN,True,True,4
ZC3H6,ENSEMBL:ENSG00000188177,ZC3H6,True,True,2
HAVCR2,ENSEMBL:ENSG00000135077,HAVCR2,True,False,1
MAP3K7CL,ENSEMBL:ENSG00000156265,MAP3K7CL,True,True,3
FBXO32,ENSEMBL:ENSG00000156804,FBXO32,True,True,5
SLC16A1-AS1,ENSEMBL:ENSG00000226419,SLC16A1-AS1,True,False,2
CCDC91,ENSEMBL:ENSG00000123106,CCDC91,True,True,3
MKI67,ENSEMBL:ENSG00000148773,MKI67,False,True,6
SNHG1,ENSEMBL:ENSG00000255717,SNHG1,True,False,1
SLC25A37,ENSEMBL:ENSG00000147454,SLC25A37,True,True,4
ZMYND8,ENSEMBL:ENSG00000101040,ZMYND8,True,True,2
ZNF507,ENSEMBL:ENSG00000168813,ZNF507,True,True,4
FAXDC2,ENSEMBL:ENSG00000170271,FAXDC2,True,False,2
SPAG7,ENSEMBL:ENSG00000091640,SPAG7,True,True,2
BCORL1,ENSEMBL:ENSG00000085185,BCORL1,True,False,2
PPIL2,ENSEMBL:ENSG00000100023,PPIL2,True,True,3
MT-ATP6,ENSEMBL:ENSG00000198899,MT-ATP6,True,True,9
CIRBP,ENSEMBL:ENSG00000099622,CIRBP,True,True,2
MAPT,ENSEMBL:ENSG00000186868,MAPT,True,True,6
IFI44L,ENSEMBL:ENSG00000137959,IFI44L,True,False,2
XBP1,ENSEMBL:ENSG00000100219,XBP1,True,True,5
GTDC1,ENSEMBL:ENSG00000121964,GTDC1,True,False,2
COX4I1,ENSEMBL:ENSG00000131143,COX4I1,True,True,8
TLE4,ENSEMBL:ENSG00000106829,TLE4,True,True,6
CYRIA,ENSEMBL:ENSG00000197872,CYRIA,True,True,7
CLU,ENSEMBL:ENSG00000120885,CLU,True,True,6
GBP2,ENSEMBL:ENSG00000162645,GBP2,True,True,6
PRSS53,ENSEMBL:ENSG00000151006,PRSS53,True,False,1
ABCA2,ENSEMBL:ENSG00000107331,ABCA2,True,True,3
PGPEP1,ENSEMBL:ENSG00000130517,PGPEP1,True,True,4
TIAF1,ENSEMBL:ENSG00000221995,TIAF1,True,False,1
FBXL20,ENSEMBL:ENSG00000108306,FBXL20,True,True,3
R3HDM4,ENSEMBL:ENSG00000198858,R3HDM4,True,True,3
COX6B1,ENSEMBL:ENSG00000126267,COX6B1,False,True,6
ANKRD2,ENSEMBL:ENSG00000165887,ANKRD2,True,True,2
NUMA1,ENSEMBL:ENSG00000137497,NUMA1,True,True,7
NATD1,ENSEMBL:ENSG00000274180,NATD1,True,True,4
SBNO2,ENSEMBL:ENSG00000064932,SBNO2,True,True,3
STX11,ENSEMBL:ENSG00000135604,STX11,True,True,4
APBB2,ENSEMBL:ENSG00000163697,APBB2,True,True,3
TCF20,ENSEMBL:ENSG00000100207,TCF20,True,True,3
SNTB2,ENSEMBL:ENSG00000168807,SNTB2,True,True,4
EPN1,ENSEMBL:ENSG00000063245,EPN1,True,True,5
MPEG1,ENSEMBL:ENSG00000197629,MPEG1,True,True,8
APOBEC3G,ENSEMBL:ENSG00000239713,APOBEC3G,True,False,1
SLC46A1,ENSEMBL:ENSG00000076351,SLC46A1,True,True,3
DNMBP,ENSEMBL:ENSG00000107554,DNMBP,True,True,2
TNFRSF13C,ENSEMBL:ENSG00000159958,TNFRSF13C,True,True,4
TESK2,ENSEMBL:ENSG00000070759,TESK2,True,True,3
PPBP,ENSEMBL:ENSG00000163736,PPBP,True,True,5
SMTN,ENSEMBL:ENSG00000183963,SMTN,True,True,5
KLF10,ENSEMBL:ENSG00000155090,KLF10,True,True,2
SLC16A10,ENSEMBL:ENSG00000112394,SLC16A10,True,True,3
CTBP1,ENSEMBL:ENSG00000159692,CTBP1,True,True,4
ZNF385B,ENSEMBL:ENSG00000144331,ZNF385B,True,True,4
HADH,ENSEMBL:ENSG00000138796,HADH,True,True,8
COX7A1,ENSEMBL:ENSG00000161281,COX7A1,False,True,3
NID1,ENSEMBL:ENSG00000116962,NID1,True,True,6
SLC3A2,ENSEMBL:ENSG00000168003,SLC3A2,True,True,4
KLHL9,ENSEMBL:ENSG00000198642,KLHL9,True,True,2
FGF6,ENSEMBL:ENSG00000111241,FGF6,True,False,1
HSPA8,ENSEMBL:ENSG00000109971,HSPA8,True,True,9
ZBED5-AS1,ENSEMBL:ENSG00000247271,ZBED5-AS1,True,False,1
RBM39,ENSEMBL:ENSG00000131051,RBM39,True,True,4
ZCCHC8,ENSEMBL:ENSG00000033030,ZCCHC8,True,True,2
TM6SF2,ENSEMBL:ENSG00000213996,TM6SF2,False,True,3
REXO2,ENSEMBL:ENSG00000076043,REXO2,True,True,5
REEP2,ENSEMBL:ENSG00000132563,REEP2,True,True,6
PALMD,ENSEMBL:ENSG00000099260,PALMD,True,True,6
PRKRIP1,ENSEMBL:ENSG00000128563,PRKRIP1,True,False,3
ZFPM1,ENSEMBL:ENSG00000179588,ZFPM1,True,True,6
PRR5L,ENSEMBL:ENSG00000135362,PRR5L,True,False,1
TRIM72,ENSEMBL:ENSG00000177238,TRIM72,True,True,3
HSPA4L,ENSEMBL:ENSG00000164070,HSPA4L,True,True,8
ACSL1,ENSEMBL:ENSG00000151726,ACSL1,True,True,11
LGALS9B,ENSEMBL:ENSG00000170298,LGALS9B,True,False,1
TIMM17A,ENSEMBL:ENSG00000134375,TIMM17A,True,True,3
TMEM14C,ENSEMBL:ENSG00000111843,TMEM14C,False,True,5
COX6A1,ENSEMBL:ENSG00000111775,COX6A1,False,True,5
GPLD1,ENSEMBL:ENSG00000112293,GPLD1,True,True,4
ANXA1,ENSEMBL:ENSG00000135046,ANXA1,True,False,2
LMO7,ENSEMBL:ENSG00000136153,LMO7,True,True,7
FBXO46,ENSEMBL:ENSG00000177051,FBXO46,True,False,1
WDR33,ENSEMBL:ENSG00000136709,WDR33,True,False,2
CCSER2,ENSEMBL:ENSG00000107771,CCSER2,True,False,1
RCAN1,ENSEMBL:ENSG00000159200,RCAN1,True,True,3
MSN,ENSEMBL:ENSG00000147065,MSN,True,True,6
ACTN2,ENSEMBL:ENSG00000077522,ACTN2,True,True,4
HAGH,ENSEMBL:ENSG00000063854,HAGH,True,True,7
PPAN,ENSEMBL:ENSG00000130810,PPAN,True,False,1
MPP1,ENSEMBL:ENSG00000130830,MPP1,True,False,2
NFIC,ENSEMBL:ENSG00000141905,NFIC,True,True,6
HSD17B1-AS1,ENSEMBL:ENSG00000266962,HSD17B1-AS1,True,False,1
FILIP1,ENSEMBL:ENSG00000118407,FILIP1,True,True,2
VCPIP1,ENSEMBL:ENSG00000175073,VCPIP1,True,True,4
C10orf71,ENSEMBL:ENSG00000177354,C10orf71,True,True,3
ENSEMBL:ENSG00000278330,ENSEMBL:ENSG00000278330,,True,False,1
PLCD3,ENSEMBL:ENSG00000161714,PLCD3,True,True,2
VPS13D,ENSEMBL:ENSG00000048707,VPS13D,True,True,5
ALDH8A1,ENSEMBL:ENSG00000118514,ALDH8A1,True,True,3
PI16,ENSEMBL:ENSG00000164530,PI16,True,True,3
IFI27L2,ENSEMBL:ENSG00000119632,IFI27L2,True,True,8
PABPC4,ENSEMBL:ENSG00000090621,PABPC4,True,True,5
DSC3,ENSEMBL:ENSG00000134762,DSC3,False,True,2
ZNF146,ENSEMBL:ENSG00000167635,ZNF146,True,False,1
UHRF1BP1,ENSEMBL:ENSG00000065060,UHRF1BP1,True,True,3
SCML1,ENSEMBL:ENSG00000047634,SCML1,True,False,1
CTNNAL1,ENSEMBL:ENSG00000119326,CTNNAL1,True,True,4
CLIP2,ENSEMBL:ENSG00000106665,CLIP2,False,True,7
ALOX12,ENSEMBL:ENSG00000108839,ALOX12,True,True,3
STIP1,ENSEMBL:ENSG00000168439,STIP1,True,True,10
USP6,ENSEMBL:ENSG00000129204,USP6,True,False,1
MARCHF6,ENSEMBL:ENSG00000145495,MARCHF6,True,False,2
GAA,ENSEMBL:ENSG00000171298,GAA,True,True,8
PPP1R15B,ENSEMBL:ENSG00000158615,PPP1R15B,True,True,4
AGT,ENSEMBL:ENSG00000135744,AGT,True,True,7
CHMP4B,ENSEMBL:ENSG00000101421,CHMP4B,True,True,2
MICALL1,ENSEMBL:ENSG00000100139,MICALL1,True,True,3
SLC25A42,ENSEMBL:ENSG00000181035,SLC25A42,True,True,6
NXF1,ENSEMBL:ENSG00000162231,NXF1,True,True,4
CYP7A1,ENSEMBL:ENSG00000167910,CYP7A1,False,True,1
ATXN7L2,ENSEMBL:ENSG00000162650,ATXN7L2,True,True,3
TMEM33,ENSEMBL:ENSG00000109133,TMEM33,True,True,4
POU2F2,ENSEMBL:ENSG00000028277,POU2F2,True,True,7
EHD1,ENSEMBL:ENSG00000110047,EHD1,True,True,6
CRYM,ENSEMBL:ENSG00000103316,CRYM,True,True,3
FCRL1,ENSEMBL:ENSG00000163534,FCRL1,True,True,3
UCN,ENSEMBL:ENSG00000163794,UCN,True,False,1
KRT80,ENSEMBL:ENSG00000167767,KRT80,False,True,1
ERGIC1,ENSEMBL:ENSG00000113719,ERGIC1,True,True,3
HCK,ENSEMBL:ENSG00000101336,HCK,True,True,5
GATA2,ENSEMBL:ENSG00000179348,GATA2,True,True,3
BABAM2,ENSEMBL:ENSG00000158019,BABAM2,False,True,2
MKRN2,ENSEMBL:ENSG00000075975,MKRN2,True,True,2
MED17,ENSEMBL:ENSG00000042429,MED17,True,False,1
ATF7,ENSEMBL:ENSG00000170653,ATF7,True,True,3
SMTNL1,ENSEMBL:ENSG00000214872,SMTNL1,True,True,4
OTUD4,ENSEMBL:ENSG00000164164,OTUD4,True,False,3
FSD1,ENSEMBL:ENSG00000105255,FSD1,True,True,2
ALS2,ENSEMBL:ENSG00000003393,ALS2,True,True,4
HOOK2,ENSEMBL:ENSG00000095066,HOOK2,True,False,1
MRPS12,ENSEMBL:ENSG00000128626,MRPS12,True,True,5
EZH1,ENSEMBL:ENSG00000108799,EZH1,True,False,2
ATP7B,ENSEMBL:ENSG00000123191,ATP7B,True,True,5
SUMF2,ENSEMBL:ENSG00000129103,SUMF2,True,True,4
CLDN15,ENSEMBL:ENSG00000106404,CLDN15,False,True,2
TMEM43,ENSEMBL:ENSG00000170876,TMEM43,True,True,3
RAB40C,ENSEMBL:ENSG00000197562,RAB40C,True,True,4
WNK2,ENSEMBL:ENSG00000165238,WNK2,True,True,4
ARHGAP29,ENSEMBL:ENSG00000137962,ARHGAP29,True,True,7
HLA-DQA1,ENSEMBL:ENSG00000196735,HLA-DQA1,True,True,6
PDK4,ENSEMBL:ENSG00000004799,PDK4,True,True,9
UBD,ENSEMBL:ENSG00000213886,UBD,False,True,4
WNT4,ENSEMBL:ENSG00000162552,WNT4,True,True,4
SMAD7,ENSEMBL:ENSG00000101665,SMAD7,True,True,3
GJD2-DT,ENSEMBL:ENSG00000250007,GJD2-DT,True,False,1
CHCHD7,ENSEMBL:ENSG00000170791,CHCHD7,True,True,3
ITGAD,ENSEMBL:ENSG00000156886,ITGAD,True,True,6
ENSEMBL:ENSG00000260592,ENSEMBL:ENSG00000260592,,True,False,1
ZFP64,ENSEMBL:ENSG00000020256,ZFP64,True,False,1
TRIM66,ENSEMBL:ENSG00000166436,TRIM66,True,False,1
ENSEMBL:ENSG00000270060,ENSEMBL:ENSG00000270060,,True,False,1
INPP5D,ENSEMBL:ENSG00000168918,INPP5D,True,True,6
INPP4B,ENSEMBL:ENSG00000109452,INPP4B,True,True,6
CCDC32,ENSEMBL:ENSG00000128891,CCDC32,True,False,1
GNAS,ENSEMBL:ENSG00000087460,GNAS,True,True,9
RSAD2,ENSEMBL:ENSG00000134321,RSAD2,True,True,6
STOX2,ENSEMBL:ENSG00000173320,STOX2,True,False,1
ATP6V0B,ENSEMBL:ENSG00000117410,ATP6V0B,True,False,2
TOR1AIP1,ENSEMBL:ENSG00000143337,TOR1AIP1,True,True,4
MYOM3,ENSEMBL:ENSG00000142661,MYOM3,True,True,6
FYTTD1,ENSEMBL:ENSG00000122068,FYTTD1,True,True,2
CALU,ENSEMBL:ENSG00000128595,CALU,True,True,4
IDH3A,ENSEMBL:ENSG00000166411,IDH3A,True,True,5
AAK1,ENSEMBL:ENSG00000115977,AAK1,True,True,4
KCP,ENSEMBL:ENSG00000135253,KCP,True,True,2
HSPA4,ENSEMBL:ENSG00000170606,HSPA4,True,True,4
ENSEMBL:ENSG00000253389,ENSEMBL:ENSG00000253389,,True,False,2
TGFBR3,ENSEMBL:ENSG00000069702,TGFBR3,True,True,5
TOGARAM2,ENSEMBL:ENSG00000189350,TOGARAM2,True,True,4
SIGLEC17P,ENSEMBL:ENSG00000171101,SIGLEC17P,True,False,1
EAF1,ENSEMBL:ENSG00000144597,EAF1,True,False,1
SDC3,ENSEMBL:ENSG00000162512,SDC3,False,True,4
IL12RB2,ENSEMBL:ENSG00000081985,IL12RB2,True,False,2
PNPLA7,ENSEMBL:ENSG00000130653,PNPLA7,True,True,6
MAPK9,ENSEMBL:ENSG00000050748,MAPK9,True,True,2
RORA,ENSEMBL:ENSG00000069667,RORA,True,True,2
CYCS,ENSEMBL:ENSG00000172115,CYCS,True,True,9
AMIGO1,ENSEMBL:ENSG00000181754,AMIGO1,True,True,5
AKAP1,ENSEMBL:ENSG00000121057,AKAP1,True,True,7
PYGO2,ENSEMBL:ENSG00000163348,PYGO2,True,False,2
ITGAV,ENSEMBL:ENSG00000138448,ITGAV,True,True,4
FAM86DP,ENSEMBL:ENSG00000244026,FAM86DP,True,False,1
FIS1,ENSEMBL:ENSG00000214253,FIS1,True,True,6
FTO,ENSEMBL:ENSG00000140718,FTO,True,True,3
ACADS,ENSEMBL:ENSG00000122971,ACADS,True,True,8
OSER1,ENSEMBL:ENSG00000132823,OSER1,True,True,3
PAK1,ENSEMBL:ENSG00000149269,PAK1,True,True,6
KLHL21,ENSEMBL:ENSG00000162413,KLHL21,True,True,4
NDUFS4,ENSEMBL:ENSG00000164258,NDUFS4,True,True,9
IQGAP1,ENSEMBL:ENSG00000140575,IQGAP1,True,True,3
ARHGAP26,ENSEMBL:ENSG00000145819,ARHGAP26,True,True,3
CDKN1B,ENSEMBL:ENSG00000111276,CDKN1B,True,True,4
TMCC3,ENSEMBL:ENSG00000057704,TMCC3,True,True,6
TFRC,ENSEMBL:ENSG00000072274,TFRC,True,True,7
CORO6,ENSEMBL:ENSG00000167549,CORO6,True,True,6
APOA4,ENSEMBL:ENSG00000110244,APOA4,False,True,4
FERMT3,ENSEMBL:ENSG00000149781,FERMT3,True,True,6
ANKRD42-DT,ENSEMBL:ENSG00000247137,ANKRD42-DT,True,False,1
ZNF626,ENSEMBL:ENSG00000188171,ZNF626,True,False,1
MSTN,ENSEMBL:ENSG00000138379,MSTN,True,True,2
INKA2,ENSEMBL:ENSG00000197852,INKA2,True,True,5
MEOX1,ENSEMBL:ENSG00000005102,MEOX1,True,True,2
ZNF616,ENSEMBL:ENSG00000204611,ZNF616,True,False,1
CBLN2,ENSEMBL:ENSG00000141668,CBLN2,False,True,2
INSIG1,ENSEMBL:ENSG00000186480,INSIG1,False,True,3
LARP1,ENSEMBL:ENSG00000155506,LARP1,True,True,2
HOMER3,ENSEMBL:ENSG00000051128,HOMER3,True,True,3
MED25,ENSEMBL:ENSG00000104973,MED25,True,True,5
PKN2,ENSEMBL:ENSG00000065243,PKN2,True,True,6
ZNF281,ENSEMBL:ENSG00000162702,ZNF281,True,False,2
PRR14L,ENSEMBL:ENSG00000183530,PRR14L,True,False,2
PITPNC1,ENSEMBL:ENSG00000154217,PITPNC1,True,False,2
CDC42EP1,ENSEMBL:ENSG00000128283,CDC42EP1,True,True,3
KLF6,ENSEMBL:ENSG00000067082,KLF6,True,True,4
MAPKBP1,ENSEMBL:ENSG00000137802,MAPKBP1,True,True,2
UBE2R2,ENSEMBL:ENSG00000107341,UBE2R2,True,True,3
TCL1A,ENSEMBL:ENSG00000100721,TCL1A,True,False,1
PLA2G2A,ENSEMBL:ENSG00000188257,PLA2G2A,False,True,8
HTT,ENSEMBL:ENSG00000197386,HTT,True,True,4
SSB,ENSEMBL:ENSG00000138385,SSB,True,True,6
PLA2G7,ENSEMBL:ENSG00000146070,PLA2G7,False,True,5
TMEM88,ENSEMBL:ENSG00000167874,TMEM88,True,True,4
RSC1A1,ENSEMBL:ENSG00000215695,RSC1A1,True,False,2
COMT,ENSEMBL:ENSG00000093010,COMT,True,True,5
ENSEMBL:ENSG00000280007,ENSEMBL:ENSG00000280007,,True,False,2
PACSIN3,ENSEMBL:ENSG00000165912,PACSIN3,True,True,5
FHL1,ENSEMBL:ENSG00000022267,FHL1,True,True,6
CRTC2,ENSEMBL:ENSG00000160741,CRTC2,True,True,6
IGFBP7,ENSEMBL:ENSG00000163453,IGFBP7,True,True,6
PIP5K1B,ENSEMBL:ENSG00000107242,PIP5K1B,False,True,4
CAST,ENSEMBL:ENSG00000153113,CAST,True,True,4
CSK,ENSEMBL:ENSG00000103653,CSK,True,True,3
CLTB,ENSEMBL:ENSG00000175416,CLTB,True,True,4
FAM89B,ENSEMBL:ENSG00000176973,FAM89B,False,True,2
DGKQ,ENSEMBL:ENSG00000145214,DGKQ,True,True,3
CSNK1G1,ENSEMBL:ENSG00000169118,CSNK1G1,True,False,1
SFPQ,ENSEMBL:ENSG00000116560,SFPQ,True,True,3
NTPCR,ENSEMBL:ENSG00000135778,NTPCR,True,False,1
SERPINB6,ENSEMBL:ENSG00000124570,SERPINB6,True,True,4
TPM1,ENSEMBL:ENSG00000140416,TPM1,True,True,10
SETD2,ENSEMBL:ENSG00000181555,SETD2,True,True,4
PSMD8,ENSEMBL:ENSG00000099341,PSMD8,True,True,6
ING4,ENSEMBL:ENSG00000111653,ING4,True,False,1
GATAD2B,ENSEMBL:ENSG00000143614,GATAD2B,True,True,5
ARMC7,ENSEMBL:ENSG00000125449,ARMC7,True,False,3
HPD,ENSEMBL:ENSG00000158104,HPD,False,True,4
SNHG11,ENSEMBL:ENSG00000174365,SNHG11,True,False,2
NBPF1,ENSEMBL:ENSG00000219481,NBPF1,True,False,1
ARHGAP24,ENSEMBL:ENSG00000138639,ARHGAP24,True,True,5
ENSEMBL:ENSG00000244055,ENSEMBL:ENSG00000244055,,True,False,1
P2RX1,ENSEMBL:ENSG00000108405,P2RX1,True,True,4
ZNF740,ENSEMBL:ENSG00000139651,ZNF740,True,True,3
FAM71F2,ENSEMBL:ENSG00000205085,FAM71F2,True,False,1
RNPEP,ENSEMBL:ENSG00000176393,RNPEP,True,True,5
UGP2,ENSEMBL:ENSG00000169764,UGP2,True,True,8
GPCPD1,ENSEMBL:ENSG00000125772,GPCPD1,True,True,8
PRPS1,ENSEMBL:ENSG00000147224,PRPS1,False,True,1
PHF12,ENSEMBL:ENSG00000109118,PHF12,True,True,3
GLCE,ENSEMBL:ENSG00000138604,GLCE,True,False,2
AKNA,ENSEMBL:ENSG00000106948,AKNA,True,True,6
SP2,ENSEMBL:ENSG00000167182,SP2,True,False,2
FBXO31,ENSEMBL:ENSG00000103264,FBXO31,True,True,6
MT-ND4,ENSEMBL:ENSG00000198886,MT-ND4,True,True,7
ZNF354C,ENSEMBL:ENSG00000177932,ZNF354C,True,False,1
WHAMM,ENSEMBL:ENSG00000156232,WHAMM,True,False,1
PRRG3,ENSEMBL:ENSG00000130032,PRRG3,True,True,2
C16orf54,ENSEMBL:ENSG00000185905,C16orf54,True,True,7
RBM26,ENSEMBL:ENSG00000139746,RBM26,True,True,4
TRABD2A,ENSEMBL:ENSG00000186854,TRABD2A,True,False,1
ZNF330,ENSEMBL:ENSG00000109445,ZNF330,True,False,1
ZNF652,ENSEMBL:ENSG00000198740,ZNF652,True,False,2
FOSL2,ENSEMBL:ENSG00000075426,FOSL2,True,False,3
HMOX1,ENSEMBL:ENSG00000100292,HMOX1,True,True,5
FAM181A,ENSEMBL:ENSG00000140067,FAM181A,True,False,1
AGFG1,ENSEMBL:ENSG00000173744,AGFG1,True,True,4
MORF4L2,ENSEMBL:ENSG00000123562,MORF4L2,True,True,3
ZNF280C,ENSEMBL:ENSG00000056277,ZNF280C,True,True,2
SLC2A11,ENSEMBL:ENSG00000133460,SLC2A11,True,False,2
OSGEP,ENSEMBL:ENSG00000092094,OSGEP,True,True,3
PLAC8,ENSEMBL:ENSG00000145287,PLAC8,True,True,5
APH1B,ENSEMBL:ENSG00000138613,APH1B,True,True,5
ZFP30,ENSEMBL:ENSG00000120784,ZFP30,True,False,1
CX3CR1,ENSEMBL:ENSG00000168329,CX3CR1,True,False,2
NFATC1,ENSEMBL:ENSG00000131196,NFATC1,True,True,2
DKC1,ENSEMBL:ENSG00000130826,DKC1,True,True,3
MDN1,ENSEMBL:ENSG00000112159,MDN1,True,True,5
RPS6KA1,ENSEMBL:ENSG00000117676,RPS6KA1,True,True,7
TBC1D4,ENSEMBL:ENSG00000136111,TBC1D4,True,True,4
PIKFYVE,ENSEMBL:ENSG00000115020,PIKFYVE,True,True,5
DHX57,ENSEMBL:ENSG00000163214,DHX57,True,False,2
TRPV1,ENSEMBL:ENSG00000196689,TRPV1,True,True,2
KCTD6,ENSEMBL:ENSG00000168301,KCTD6,True,True,2
ENSEMBL:ENSG00000235263,ENSEMBL:ENSG00000235263,,True,False,1
GPS1,ENSEMBL:ENSG00000169727,GPS1,True,True,4
ARMCX3,ENSEMBL:ENSG00000102401,ARMCX3,True,False,1
ITGAX,ENSEMBL:ENSG00000140678,ITGAX,True,True,5
RALGAPA1,ENSEMBL:ENSG00000174373,RALGAPA1,True,False,1
SIX1,ENSEMBL:ENSG00000126778,SIX1,True,True,2
ENSEMBL:ENSG00000288970,ENSEMBL:ENSG00000288970,,True,False,1
PIDD1,ENSEMBL:ENSG00000177595,PIDD1,True,False,2
CAMK2D,ENSEMBL:ENSG00000145349,CAMK2D,True,True,4
PCBP2,ENSEMBL:ENSG00000197111,PCBP2,True,True,4
DNPH1,ENSEMBL:ENSG00000112667,DNPH1,True,True,3
UBA5,ENSEMBL:ENSG00000081307,UBA5,True,True,3
ENSEMBL:ENSG00000272631,ENSEMBL:ENSG00000272631,,True,False,1
SUSD6,ENSEMBL:ENSG00000100647,SUSD6,True,True,3
ZNF554,ENSEMBL:ENSG00000172006,ZNF554,True,False,1
UBE4B,ENSEMBL:ENSG00000130939,UBE4B,True,True,4
KLF5,ENSEMBL:ENSG00000102554,KLF5,True,True,3
CRYL1,ENSEMBL:ENSG00000165475,CRYL1,True,True,3
BCL6,ENSEMBL:ENSG00000113916,BCL6,True,True,9
TMCC2,ENSEMBL:ENSG00000133069,TMCC2,True,True,4
GOLGA7B,ENSEMBL:ENSG00000155265,GOLGA7B,True,False,1
FXYD1,ENSEMBL:ENSG00000266964,FXYD1,False,True,4
SH3KBP1,ENSEMBL:ENSG00000147010,SH3KBP1,True,True,5
PNPLA2,ENSEMBL:ENSG00000177666,PNPLA2,True,True,8
MTPAP,ENSEMBL:ENSG00000107951,MTPAP,True,False,1
QKI,ENSEMBL:ENSG00000112531,QKI,True,True,4
ECI1,ENSEMBL:ENSG00000167969,ECI1,False,True,9
HSPA1B,ENSEMBL:ENSG00000204388,HSPA1B,True,False,2
PCDH18,ENSEMBL:ENSG00000189184,PCDH18,False,True,2
EFHD2,ENSEMBL:ENSG00000142634,EFHD2,True,True,4
QSOX1,ENSEMBL:ENSG00000116260,QSOX1,True,True,4
ACAA2,ENSEMBL:ENSG00000167315,ACAA2,True,True,8
TOP2A,ENSEMBL:ENSG00000131747,TOP2A,False,True,4
ZC3H13,ENSEMBL:ENSG00000123200,ZC3H13,True,False,2
NDUFS7,ENSEMBL:ENSG00000115286,NDUFS7,True,True,7
ANKRD23,ENSEMBL:ENSG00000163126,ANKRD23,True,True,2
TIMM8A,ENSEMBL:ENSG00000126953,TIMM8A,True,True,3
GARNL3,ENSEMBL:ENSG00000136895,GARNL3,True,True,4
FGD4,ENSEMBL:ENSG00000139132,FGD4,True,True,3
COX7A2,ENSEMBL:ENSG00000112695,COX7A2,True,True,7
YWHAG,ENSEMBL:ENSG00000170027,YWHAG,True,True,4
WEE1,ENSEMBL:ENSG00000166483,WEE1,True,True,2
HSPE1,ENSEMBL:ENSG00000115541,HSPE1,True,True,9
BAAT,ENSEMBL:ENSG00000136881,BAAT,True,True,3
ENSEMBL:ENSG00000272512,ENSEMBL:ENSG00000272512,,True,False,1
TBC1D24,ENSEMBL:ENSG00000162065,TBC1D24,True,True,2
PBDC1,ENSEMBL:ENSG00000102390,PBDC1,True,False,1
FIGN,ENSEMBL:ENSG00000182263,FIGN,True,False,1
LMNB2,ENSEMBL:ENSG00000176619,LMNB2,True,True,4
ADAMTS10,ENSEMBL:ENSG00000142303,ADAMTS10,True,True,7
DLL1,ENSEMBL:ENSG00000198719,DLL1,True,True,2
HMCN1,ENSEMBL:ENSG00000143341,HMCN1,True,True,3
ALG2,ENSEMBL:ENSG00000119523,ALG2,True,True,4
DNAJB6,ENSEMBL:ENSG00000105993,DNAJB6,True,True,3
USP54,ENSEMBL:ENSG00000166348,USP54,True,True,3
H4C9,ENSEMBL:ENSG00000276180,H4C9,True,True,9
PLEKHF1,ENSEMBL:ENSG00000166289,PLEKHF1,True,True,4
RPLP2,ENSEMBL:ENSG00000177600,RPLP2,True,True,7
ENSEMBL:ENSG00000227775,ENSEMBL:ENSG00000227775,,True,False,2
UQCRFS1,ENSEMBL:ENSG00000169021,UQCRFS1,True,True,7
SYK,ENSEMBL:ENSG00000165025,SYK,True,True,5
P2RX6,ENSEMBL:ENSG00000099957,P2RX6,True,True,2
RORC,ENSEMBL:ENSG00000143365,RORC,True,True,4
MEIS1,ENSEMBL:ENSG00000143995,MEIS1,True,True,2
SPINDOC,ENSEMBL:ENSG00000168005,SPINDOC,True,False,2
FYCO1,ENSEMBL:ENSG00000163820,FYCO1,True,True,7
RPS12,ENSEMBL:ENSG00000112306,RPS12,True,True,4
PTPN6,ENSEMBL:ENSG00000111679,PTPN6,True,True,6
HECTD1,ENSEMBL:ENSG00000092148,HECTD1,True,True,3
PIGG,ENSEMBL:ENSG00000174227,PIGG,True,True,2
ELL,ENSEMBL:ENSG00000105656,ELL,True,True,5
IL4R,ENSEMBL:ENSG00000077238,IL4R,True,True,6
ELF1,ENSEMBL:ENSG00000120690,ELF1,True,True,4
LGALS3,ENSEMBL:ENSG00000131981,LGALS3,True,True,4
FECH,ENSEMBL:ENSG00000066926,FECH,True,True,5
CDC34,ENSEMBL:ENSG00000099804,CDC34,True,True,3
CCL5,ENSEMBL:ENSG00000271503,CCL5,True,True,7
COX19,ENSEMBL:ENSG00000240230,COX19,True,True,3
UBE2H,ENSEMBL:ENSG00000186591,UBE2H,True,True,3
CD180,ENSEMBL:ENSG00000134061,CD180,True,True,5
ARRDC4,ENSEMBL:ENSG00000140450,ARRDC4,True,True,4
TECPR2,ENSEMBL:ENSG00000196663,TECPR2,True,False,2
IER5,ENSEMBL:ENSG00000162783,IER5,True,False,1
SLC7A5,ENSEMBL:ENSG00000103257,SLC7A5,True,True,5
TMEM140,ENSEMBL:ENSG00000146859,TMEM140,True,True,5
TOMM22,ENSEMBL:ENSG00000100216,TOMM22,True,True,5
FHOD1,ENSEMBL:ENSG00000135723,FHOD1,True,True,5
PRECSIT,ENSEMBL:ENSG00000255874,PRECSIT,True,False,1
ENSEMBL:ENSG00000278864,ENSEMBL:ENSG00000278864,,True,False,1
MAP7D3,ENSEMBL:ENSG00000129680,MAP7D3,True,True,2
GOT1,ENSEMBL:ENSG00000120053,GOT1,True,True,7
PLIN5,ENSEMBL:ENSG00000214456,PLIN5,True,True,6
ENSEMBL:ENSG00000227107,ENSEMBL:ENSG00000227107,,True,False,1
SNED1,ENSEMBL:ENSG00000162804,SNED1,True,True,4
PCMTD1,ENSEMBL:ENSG00000168300,PCMTD1,True,True,7
EIF4A2,ENSEMBL:ENSG00000156976,EIF4A2,True,True,5
LINC00926,ENSEMBL:ENSG00000247982,LINC00926,True,False,1
RETSAT,ENSEMBL:ENSG00000042445,RETSAT,True,True,8
UQCRB,ENSEMBL:ENSG00000156467,UQCRB,False,True,6
MT-ND4L,ENSEMBL:ENSG00000212907,MT-ND4L,False,True,3
GCH1,ENSEMBL:ENSG00000131979,GCH1,True,True,5
PRDX3,ENSEMBL:ENSG00000165672,PRDX3,True,True,8
NAB2,ENSEMBL:ENSG00000166886,NAB2,True,True,3
TNFAIP8L2,ENSEMBL:ENSG00000163154,TNFAIP8L2,False,True,1
JMJD6,ENSEMBL:ENSG00000070495,JMJD6,True,False,2
ENSEMBL:ENSG00000280145,ENSEMBL:ENSG00000280145,,True,False,1
ALB,ENSEMBL:ENSG00000163631,ALB,False,True,6
TUT4,ENSEMBL:ENSG00000134744,TUT4,True,True,3
GTF2IP12,ENSEMBL:ENSG00000283050,GTF2IP12,True,False,2
DCP1B,ENSEMBL:ENSG00000151065,DCP1B,True,True,2
EPB41L5,ENSEMBL:ENSG00000115109,EPB41L5,True,True,3
C14orf93,ENSEMBL:ENSG00000100802,C14orf93,True,False,1
ZNF595,ENSEMBL:ENSG00000272602,ZNF595,True,False,2
OSGIN1,ENSEMBL:ENSG00000140961,OSGIN1,True,True,5
IMPA2,ENSEMBL:ENSG00000141401,IMPA2,True,True,6
TREM1,ENSEMBL:ENSG00000124731,TREM1,True,False,1
RARA,ENSEMBL:ENSG00000131759,RARA,True,False,2
SRPK3,ENSEMBL:ENSG00000184343,SRPK3,True,True,3
RPL35,ENSEMBL:ENSG00000136942,RPL35,True,True,4
C19orf12,ENSEMBL:ENSG00000131943,C19orf12,True,True,3
ILF3,ENSEMBL:ENSG00000129351,ILF3,True,True,3
RGS14,ENSEMBL:ENSG00000169220,RGS14,True,True,3
SIRT2,ENSEMBL:ENSG00000068903,SIRT2,True,True,7
PLCH2,ENSEMBL:ENSG00000149527,PLCH2,True,True,4
AGAP5,ENSEMBL:ENSG00000172650,AGAP5,True,False,1
ATOH8,ENSEMBL:ENSG00000168874,ATOH8,True,True,6
ACOT11,ENSEMBL:ENSG00000162390,ACOT11,True,True,6
EDRF1,ENSEMBL:ENSG00000107938,EDRF1,True,False,1
TAS2R4,ENSEMBL:ENSG00000127364,TAS2R4,True,False,1
LRIG1,ENSEMBL:ENSG00000144749,LRIG1,True,True,4
CAPN15,ENSEMBL:ENSG00000103326,CAPN15,True,False,1
CCND3,ENSEMBL:ENSG00000112576,CCND3,True,True,4
CCNI,ENSEMBL:ENSG00000118816,CCNI,True,True,4
RNF5,ENSEMBL:ENSG00000204308,RNF5,True,True,5
FDX1,ENSEMBL:ENSG00000137714,FDX1,True,True,4
UNC13D,ENSEMBL:ENSG00000092929,UNC13D,True,True,3
GFOD1,ENSEMBL:ENSG00000145990,GFOD1,True,True,3
CXXC1,ENSEMBL:ENSG00000154832,CXXC1,True,True,2
RANBP10,ENSEMBL:ENSG00000141084,RANBP10,True,True,4
SMO,ENSEMBL:ENSG00000128602,SMO,True,True,2
CPT2,ENSEMBL:ENSG00000157184,CPT2,True,True,10
STON2,ENSEMBL:ENSG00000140022,STON2,True,True,4
GYPC,ENSEMBL:ENSG00000136732,GYPC,True,True,4
HOXA5,ENSEMBL:ENSG00000106004,HOXA5,True,True,2
SPR,ENSEMBL:ENSG00000116096,SPR,False,True,2
HK2,ENSEMBL:ENSG00000159399,HK2,True,True,7
SNHG4,ENSEMBL:ENSG00000281398,SNHG4,True,False,1
TCAP,ENSEMBL:ENSG00000173991,TCAP,True,False,1
GK5,ENSEMBL:ENSG00000175066,GK5,True,True,3
MARF1,ENSEMBL:ENSG00000166783,MARF1,True,True,5
SLC29A1,ENSEMBL:ENSG00000112759,SLC29A1,True,True,6
NADK,ENSEMBL:ENSG00000008130,NADK,True,True,5
SLC37A3,ENSEMBL:ENSG00000157800,SLC37A3,True,False,1
MFSD5,ENSEMBL:ENSG00000182544,MFSD5,True,False,1
GLRX2,ENSEMBL:ENSG00000023572,GLRX2,True,True,3
JADE2,ENSEMBL:ENSG00000043143,JADE2,True,True,7
BATF2,ENSEMBL:ENSG00000168062,BATF2,True,False,1
KDM2B,ENSEMBL:ENSG00000089094,KDM2B,True,False,1
ST8SIA5,ENSEMBL:ENSG00000101638,ST8SIA5,True,True,2
SLC40A1,ENSEMBL:ENSG00000138449,SLC40A1,True,True,4
CIC,ENSEMBL:ENSG00000079432,CIC,True,True,5
OLFML1,ENSEMBL:ENSG00000183801,OLFML1,True,True,5
BMP8A,ENSEMBL:ENSG00000183682,BMP8A,True,True,2
ATP1B3,ENSEMBL:ENSG00000069849,ATP1B3,True,True,7
PGS1,ENSEMBL:ENSG00000087157,PGS1,True,False,1
GM2A,ENSEMBL:ENSG00000196743,GM2A,True,True,5
RASGEF1B,ENSEMBL:ENSG00000138670,RASGEF1B,True,False,1
KIAA0040,ENSEMBL:ENSG00000235750,KIAA0040,True,True,4
LMNB1,ENSEMBL:ENSG00000113368,LMNB1,True,True,8
RIF1,ENSEMBL:ENSG00000080345,RIF1,True,True,2
VCP,ENSEMBL:ENSG00000165280,VCP,True,True,4
PXN,ENSEMBL:ENSG00000089159,PXN,True,True,3
TREML1,ENSEMBL:ENSG00000161911,TREML1,True,True,3
BCO2,ENSEMBL:ENSG00000197580,BCO2,True,True,3
KIR3DL2,ENSEMBL:ENSG00000240403,KIR3DL2,True,False,1
PTPRM,ENSEMBL:ENSG00000173482,PTPRM,True,True,5
SDHA,ENSEMBL:ENSG00000073578,SDHA,True,True,8
ZDHHC6,ENSEMBL:ENSG00000023041,ZDHHC6,True,False,1
NRBP2,ENSEMBL:ENSG00000185189,NRBP2,False,True,2
FUNDC2,ENSEMBL:ENSG00000165775,FUNDC2,True,True,7
TARBP1,ENSEMBL:ENSG00000059588,TARBP1,True,False,2
RAB15,ENSEMBL:ENSG00000139998,RAB15,True,True,3
ZNF529,ENSEMBL:ENSG00000186020,ZNF529,True,False,1
SASS6,ENSEMBL:ENSG00000156876,SASS6,True,False,1
ZNF699,ENSEMBL:ENSG00000196110,ZNF699,False,True,4
LENG8,ENSEMBL:ENSG00000167615,LENG8,False,True,5
DCUN1D4,ENSEMBL:ENSG00000109184,DCUN1D4,True,False,1
RXRA,ENSEMBL:ENSG00000186350,RXRA,True,True,5
ENSEMBL:ENSG00000280434,ENSEMBL:ENSG00000280434,,True,False,1
TSNAX,ENSEMBL:ENSG00000116918,TSNAX,True,False,2
SRGAP3,ENSEMBL:ENSG00000196220,SRGAP3,True,True,3
TKTL1,ENSEMBL:ENSG00000007350,TKTL1,True,False,1
ZNNT1,ENSEMBL:ENSG00000261087,ZNNT1,True,False,1
HRH2,ENSEMBL:ENSG00000113749,HRH2,True,False,1
PRPH2,ENSEMBL:ENSG00000112619,PRPH2,True,False,1
TP53BP1,ENSEMBL:ENSG00000067369,TP53BP1,True,False,3
TRPV2,ENSEMBL:ENSG00000187688,TRPV2,True,True,6
CCK,ENSEMBL:ENSG00000187094,CCK,False,True,8
MPRIP,ENSEMBL:ENSG00000133030,MPRIP,True,True,7
ZNF253,ENSEMBL:ENSG00000256771,ZNF253,True,False,1
WDR43,ENSEMBL:ENSG00000163811,WDR43,True,True,3
TP63,ENSEMBL:ENSG00000073282,TP63,True,True,4
ZADH2,ENSEMBL:ENSG00000180011,ZADH2,True,True,4
DENND4C,ENSEMBL:ENSG00000137145,DENND4C,True,True,4
TDRD6,ENSEMBL:ENSG00000180113,TDRD6,True,False,1
ZCCHC2,ENSEMBL:ENSG00000141664,ZCCHC2,True,True,4
KIAA1671,ENSEMBL:ENSG00000197077,KIAA1671,True,True,4
AMPD3,ENSEMBL:ENSG00000133805,AMPD3,True,True,3
AGK,ENSEMBL:ENSG00000006530,AGK,True,True,4
MIA3,ENSEMBL:ENSG00000154305,MIA3,True,True,5
FAM193B,ENSEMBL:ENSG00000146067,FAM193B,True,True,4
DUSP6,ENSEMBL:ENSG00000139318,DUSP6,True,True,3
MMUT,ENSEMBL:ENSG00000146085,MMUT,True,True,7
OSCAR,ENSEMBL:ENSG00000170909,OSCAR,True,True,2
UQCRQ,ENSEMBL:ENSG00000164405,UQCRQ,True,True,7
NCKAP1L,ENSEMBL:ENSG00000123338,NCKAP1L,False,True,5
DDI2,ENSEMBL:ENSG00000197312,DDI2,True,True,5
MKNK1,ENSEMBL:ENSG00000079277,MKNK1,True,True,4
CNN2,ENSEMBL:ENSG00000064666,CNN2,True,True,7
ENSEMBL:ENSG00000288700,ENSEMBL:ENSG00000288700,,True,False,1
SVIP,ENSEMBL:ENSG00000198168,SVIP,True,True,2
DDIT3,ENSEMBL:ENSG00000175197,DDIT3,True,True,3
OXNAD1,ENSEMBL:ENSG00000154814,OXNAD1,True,True,7
CFLAR,ENSEMBL:ENSG00000003402,CFLAR,True,True,4
PPM1L,ENSEMBL:ENSG00000163590,PPM1L,True,True,4
PRPSAP2,ENSEMBL:ENSG00000141127,PRPSAP2,False,True,1
ANK1,ENSEMBL:ENSG00000029534,ANK1,True,True,4
MMD2,ENSEMBL:ENSG00000136297,MMD2,False,True,1
SEMA4A,ENSEMBL:ENSG00000196189,SEMA4A,True,True,4
CXCL11,ENSEMBL:ENSG00000169248,CXCL11,False,True,5
PPTC7,ENSEMBL:ENSG00000196850,PPTC7,True,True,3
COX5A,ENSEMBL:ENSG00000178741,COX5A,True,True,8
HYAL2,ENSEMBL:ENSG00000068001,HYAL2,True,True,3
ESYT1,ENSEMBL:ENSG00000139641,ESYT1,True,True,6
PHOSPHO1,ENSEMBL:ENSG00000173868,PHOSPHO1,True,True,4
FKBP5,ENSEMBL:ENSG00000096060,FKBP5,True,True,14
EVI2B,ENSEMBL:ENSG00000185862,EVI2B,True,True,8
SNAI3,ENSEMBL:ENSG00000185669,SNAI3,True,False,2
MTPN,ENSEMBL:ENSG00000105887,MTPN,True,True,5
COPS7B,ENSEMBL:ENSG00000144524,COPS7B,True,False,1
B3GNT7,ENSEMBL:ENSG00000156966,B3GNT7,True,True,4
FOSL1,ENSEMBL:ENSG00000175592,FOSL1,True,True,2
MPC1,ENSEMBL:ENSG00000060762,MPC1,True,True,5
TMEM120A,ENSEMBL:ENSG00000189077,TMEM120A,True,True,5
ATP2A2,ENSEMBL:ENSG00000174437,ATP2A2,True,True,4
SLC4A1,ENSEMBL:ENSG00000004939,SLC4A1,True,True,5
MIR22HG,ENSEMBL:ENSG00000186594,MIR22HG,True,False,2
FNBP1L,ENSEMBL:ENSG00000137942,FNBP1L,True,True,3
ENSEMBL:ENSG00000268575,ENSEMBL:ENSG00000268575,,True,False,1
CCDC97,ENSEMBL:ENSG00000142039,CCDC97,True,False,2
RPS6KL1,ENSEMBL:ENSG00000198208,RPS6KL1,True,False,1
TSPAN33,ENSEMBL:ENSG00000158457,TSPAN33,True,True,4
OMD,ENSEMBL:ENSG00000127083,OMD,False,True,3
HOXB3,ENSEMBL:ENSG00000120093,HOXB3,True,True,4
SLC43A2,ENSEMBL:ENSG00000167703,SLC43A2,True,True,5
SHB,ENSEMBL:ENSG00000107338,SHB,True,True,3
CUX2,ENSEMBL:ENSG00000111249,CUX2,True,True,4
USP30,ENSEMBL:ENSG00000135093,USP30,True,False,1
PRPF38B,ENSEMBL:ENSG00000134186,PRPF38B,True,False,2
HOXA-AS2,ENSEMBL:ENSG00000253552,HOXA-AS2,True,False,1
ETS1,ENSEMBL:ENSG00000134954,ETS1,True,True,8
MAU2,ENSEMBL:ENSG00000129933,MAU2,True,True,4
TBC1D15,ENSEMBL:ENSG00000121749,TBC1D15,True,False,1
SH3BP5-AS1,ENSEMBL:ENSG00000224660,SH3BP5-AS1,True,False,2
TPST2,ENSEMBL:ENSG00000128294,TPST2,True,True,3
NFIX,ENSEMBL:ENSG00000008441,NFIX,True,True,6
HNRNPAB,ENSEMBL:ENSG00000197451,HNRNPAB,True,True,7
BMF,ENSEMBL:ENSG00000104081,BMF,True,True,5
ZNF594-DT,ENSEMBL:ENSG00000261879,ZNF594-DT,True,False,1
PGAP3,ENSEMBL:ENSG00000161395,PGAP3,True,False,2
EIF3J,ENSEMBL:ENSG00000104131,EIF3J,True,True,5
KLHL24,ENSEMBL:ENSG00000114796,KLHL24,True,True,5
HSPA1L,ENSEMBL:ENSG00000204390,HSPA1L,True,True,3
TMEM50B,ENSEMBL:ENSG00000142188,TMEM50B,True,True,3
OGT,ENSEMBL:ENSG00000147162,OGT,True,True,5
NCR3,ENSEMBL:ENSG00000204475,NCR3,True,False,1
P2RX4,ENSEMBL:ENSG00000135124,P2RX4,True,True,2
SEMA3C,ENSEMBL:ENSG00000075223,SEMA3C,True,True,7
ATP6V0E1,ENSEMBL:ENSG00000113732,ATP6V0E1,True,True,5
MTA3,ENSEMBL:ENSG00000057935,MTA3,True,True,2
DTNA,ENSEMBL:ENSG00000134769,DTNA,True,True,2
RYBP,ENSEMBL:ENSG00000163602,RYBP,True,True,3
GRB10,ENSEMBL:ENSG00000106070,GRB10,True,True,8
BCL9,ENSEMBL:ENSG00000116128,BCL9,True,False,1
ASB2,ENSEMBL:ENSG00000100628,ASB2,True,True,4
ADAM15,ENSEMBL:ENSG00000143537,ADAM15,True,True,5
LINC00299,ENSEMBL:ENSG00000236790,LINC00299,True,False,1
LRRFIP1,ENSEMBL:ENSG00000124831,LRRFIP1,True,True,4
PRR33,ENSEMBL:ENSG00000283787,PRR33,True,False,2
PAK2,ENSEMBL:ENSG00000180370,PAK2,True,False,2
B3GNT2,ENSEMBL:ENSG00000170340,B3GNT2,True,True,3
PDF,ENSEMBL:ENSG00000258429,PDF,True,True,4
HADHB,ENSEMBL:ENSG00000138029,HADHB,True,True,10
GATA1,ENSEMBL:ENSG00000102145,GATA1,True,True,2
ZFYVE9,ENSEMBL:ENSG00000157077,ZFYVE9,True,False,1
PSMB9,ENSEMBL:ENSG00000240065,PSMB9,False,True,3
SPARC,ENSEMBL:ENSG00000113140,SPARC,True,True,10
TNFAIP2,ENSEMBL:ENSG00000185215,TNFAIP2,True,True,8
IRAG1,ENSEMBL:ENSG00000072952,IRAG1,True,True,6
RGS2,ENSEMBL:ENSG00000116741,RGS2,True,True,5
ORC2,ENSEMBL:ENSG00000115942,ORC2,True,True,2
DOK3,ENSEMBL:ENSG00000146094,DOK3,True,True,4
FOXO1,ENSEMBL:ENSG00000150907,FOXO1,True,True,6
KLHL33,ENSEMBL:ENSG00000185271,KLHL33,True,True,5
HNRNPF,ENSEMBL:ENSG00000169813,HNRNPF,True,True,5
AHSA2P,ENSEMBL:ENSG00000173209,AHSA2P,True,True,2
SLC38A10,ENSEMBL:ENSG00000157637,SLC38A10,True,True,6
LRFN4,ENSEMBL:ENSG00000173621,LRFN4,True,True,2
FCRL2,ENSEMBL:ENSG00000132704,FCRL2,True,True,5
NFXL1,ENSEMBL:ENSG00000170448,NFXL1,True,False,1
NINJ2,ENSEMBL:ENSG00000171840,NINJ2,True,True,3
H2AC6,ENSEMBL:ENSG00000180573,H2AC6,True,False,2
FBXW5,ENSEMBL:ENSG00000159069,FBXW5,True,True,3
NDUFS2,ENSEMBL:ENSG00000158864,NDUFS2,False,True,5
RRAD,ENSEMBL:ENSG00000166592,RRAD,True,True,4
PPP1R3B,ENSEMBL:ENSG00000173281,PPP1R3B,True,True,5
KIF13A,ENSEMBL:ENSG00000137177,KIF13A,True,True,3
ACVR1B,ENSEMBL:ENSG00000135503,ACVR1B,True,True,3
DFFA,ENSEMBL:ENSG00000160049,DFFA,True,False,2
NEU1|ENSG00000204386,ENSEMBL:ENSG00000204386,NEU1,True,False,2
LYSMD1,ENSEMBL:ENSG00000163155,LYSMD1,True,True,2
DENND11,ENSEMBL:ENSG00000257093,DENND11,True,False,2
CCNJL,ENSEMBL:ENSG00000135083,CCNJL,True,True,2
DHRS3,ENSEMBL:ENSG00000162496,DHRS3,True,True,4
GTF3C1,ENSEMBL:ENSG00000077235,GTF3C1,True,True,3
TNRC6A,ENSEMBL:ENSG00000090905,TNRC6A,True,False,2
CKB,ENSEMBL:ENSG00000166165,CKB,True,True,7
RNASEK,ENSEMBL:ENSG00000219200,RNASEK,True,True,3
VCL,ENSEMBL:ENSG00000035403,VCL,True,True,7
PANX1,ENSEMBL:ENSG00000110218,PANX1,True,False,1
USP38,ENSEMBL:ENSG00000170185,USP38,True,False,2
UTP14A,ENSEMBL:ENSG00000156697,UTP14A,True,False,2
TUBA1A,ENSEMBL:ENSG00000167552,TUBA1A,True,True,7
TGFA,ENSEMBL:ENSG00000163235,TGFA,True,False,1
ADGRE5,ENSEMBL:ENSG00000123146,ADGRE5,True,True,2
RIPOR2,ENSEMBL:ENSG00000111913,RIPOR2,True,True,10
STAT5B,ENSEMBL:ENSG00000173757,STAT5B,True,True,3
PPP2R2B,ENSEMBL:ENSG00000156475,PPP2R2B,True,True,2
C6orf89,ENSEMBL:ENSG00000198663,C6orf89,True,True,8
ERMARD,ENSEMBL:ENSG00000130023,ERMARD,True,True,2
PYHIN1,ENSEMBL:ENSG00000163564,PYHIN1,True,False,1
NIBAN2,ENSEMBL:ENSG00000136830,NIBAN2,True,True,2
MOSPD1,ENSEMBL:ENSG00000101928,MOSPD1,True,True,2
DENND2C,ENSEMBL:ENSG00000175984,DENND2C,True,False,1
WEE2-AS1,ENSEMBL:ENSG00000228775,WEE2-AS1,True,False,1
SHARPIN,ENSEMBL:ENSG00000179526,SHARPIN,True,True,2
CASP4,ENSEMBL:ENSG00000196954,CASP4,True,True,2
FHL2,ENSEMBL:ENSG00000115641,FHL2,True,True,4
ENSEMBL:ENSG00000279159,ENSEMBL:ENSG00000279159,,True,False,1
CLDN2,ENSEMBL:ENSG00000165376,CLDN2,False,True,1
MMADHC,ENSEMBL:ENSG00000168288,MMADHC,True,True,3
CTTN,ENSEMBL:ENSG00000085733,CTTN,True,True,7
SNX14,ENSEMBL:ENSG00000135317,SNX14,True,True,2
ZBTB14,ENSEMBL:ENSG00000198081,ZBTB14,True,False,1
ID2,ENSEMBL:ENSG00000115738,ID2,True,True,4
PCYT1A,ENSEMBL:ENSG00000161217,PCYT1A,True,True,5
EPS15,ENSEMBL:ENSG00000085832,EPS15,True,True,3
RPS10,ENSEMBL:ENSG00000124614,RPS10,True,True,4
KITLG,ENSEMBL:ENSG00000049130,KITLG,True,True,3
H2BC9,ENSEMBL:ENSG00000275713,H2BC9,False,True,4
AGAP2,ENSEMBL:ENSG00000135439,AGAP2,True,True,10
SPATA2L,ENSEMBL:ENSG00000158792,SPATA2L,True,True,3
MTHFSD,ENSEMBL:ENSG00000103248,MTHFSD,True,False,2
FYB1,ENSEMBL:ENSG00000082074,FYB1,True,True,8
ADHFE1,ENSEMBL:ENSG00000147576,ADHFE1,True,True,9
SLC1A7,ENSEMBL:ENSG00000162383,SLC1A7,True,True,2
ETFBKMT,ENSEMBL:ENSG00000139160,ETFBKMT,True,True,4
LINC02035,ENSEMBL:ENSG00000273033,LINC02035,True,False,2
ENSEMBL:ENSG00000269374,ENSEMBL:ENSG00000269374,,True,False,1
IWS1,ENSEMBL:ENSG00000163166,IWS1,True,True,3
FAM151A,ENSEMBL:ENSG00000162391,FAM151A,False,True,4
TINAGL1,ENSEMBL:ENSG00000142910,TINAGL1,True,True,7
ZC3HC1,ENSEMBL:ENSG00000091732,ZC3HC1,True,False,1
MEF2D,ENSEMBL:ENSG00000116604,MEF2D,True,False,2
RBM25,ENSEMBL:ENSG00000119707,RBM25,True,False,2
RCAN3,ENSEMBL:ENSG00000117602,RCAN3,True,False,2
PHKG1,ENSEMBL:ENSG00000164776,PHKG1,True,True,3
NANP,ENSEMBL:ENSG00000170191,NANP,True,False,1
USP36,ENSEMBL:ENSG00000055483,USP36,True,False,1
SLC24A3,ENSEMBL:ENSG00000185052,SLC24A3,True,True,2
H3-3A,ENSEMBL:ENSG00000163041,H3-3A,True,True,8
GBF1,ENSEMBL:ENSG00000107862,GBF1,True,True,2
PLIN2,ENSEMBL:ENSG00000147872,PLIN2,True,True,4
USP24,ENSEMBL:ENSG00000162402,USP24,True,True,7
TRRAP,ENSEMBL:ENSG00000196367,TRRAP,True,True,5
CARD19,ENSEMBL:ENSG00000165233,CARD19,True,True,4
PVALB,ENSEMBL:ENSG00000100362,PVALB,True,True,4
GPR27,ENSEMBL:ENSG00000170837,GPR27,True,True,2
LMNA,ENSEMBL:ENSG00000160789,LMNA,True,True,9
MECOM,ENSEMBL:ENSG00000085276,MECOM,True,True,4
ATP6V0C,ENSEMBL:ENSG00000185883,ATP6V0C,True,True,5
MT-ND1,ENSEMBL:ENSG00000198888,MT-ND1,True,True,10
FOLR2,ENSEMBL:ENSG00000165457,FOLR2,True,True,3
HMBS,ENSEMBL:ENSG00000256269,HMBS,True,True,2
RAB21,ENSEMBL:ENSG00000080371,RAB21,True,False,2
SLC16A3,ENSEMBL:ENSG00000141526,SLC16A3,True,True,3
RABEP1,ENSEMBL:ENSG00000029725,RABEP1,True,True,3
ZNF618,ENSEMBL:ENSG00000157657,ZNF618,True,False,1
GOLGA4-AS1,ENSEMBL:ENSG00000270194,GOLGA4-AS1,True,False,1
PRKAG3,ENSEMBL:ENSG00000115592,PRKAG3,True,True,2
JPT1,ENSEMBL:ENSG00000189159,JPT1,True,False,2
ABHD16A,ENSEMBL:ENSG00000204427,ABHD16A,True,False,2
COL4A1,ENSEMBL:ENSG00000187498,COL4A1,True,True,8
UBXN2B,ENSEMBL:ENSG00000215114,UBXN2B,True,True,3
POPDC2,ENSEMBL:ENSG00000121577,POPDC2,True,True,5
MYORG,ENSEMBL:ENSG00000164976,MYORG,True,True,5
NQO2,ENSEMBL:ENSG00000124588,NQO2,True,True,3
CACNA1A,ENSEMBL:ENSG00000141837,CACNA1A,True,True,4
SEMA6C,ENSEMBL:ENSG00000143434,SEMA6C,False,True,2
HOMER2,ENSEMBL:ENSG00000103942,HOMER2,True,True,3
CLDND1,ENSEMBL:ENSG00000080822,CLDND1,True,True,3
PHF8,ENSEMBL:ENSG00000172943,PHF8,True,False,2
SCYL3,ENSEMBL:ENSG00000000457,SCYL3,True,False,2
ART3,ENSEMBL:ENSG00000156219,ART3,True,True,4
WIPI1,ENSEMBL:ENSG00000070540,WIPI1,True,True,5
PPP3CA,ENSEMBL:ENSG00000138814,PPP3CA,True,True,5
PACSIN2,ENSEMBL:ENSG00000100266,PACSIN2,True,True,6
IDH3G,ENSEMBL:ENSG00000067829,IDH3G,True,True,8
GVINP1,ENSEMBL:ENSG00000254838,GVINP1,True,True,7
SIDT2,ENSEMBL:ENSG00000149577,SIDT2,True,True,5
HOXC6,ENSEMBL:ENSG00000197757,HOXC6,True,True,3
CD22,ENSEMBL:ENSG00000012124,CD22,True,True,4
ANKMY1,ENSEMBL:ENSG00000144504,ANKMY1,True,True,3
PAQR4,ENSEMBL:ENSG00000162073,PAQR4,True,True,3
TSEN34,ENSEMBL:ENSG00000170892,TSEN34,True,True,4
AHDC1,ENSEMBL:ENSG00000126705,AHDC1,True,True,2
ENSEMBL:ENSG00000260400,ENSEMBL:ENSG00000260400,,True,False,1
ACSBG1,ENSEMBL:ENSG00000103740,ACSBG1,True,True,2
TMEM209,ENSEMBL:ENSG00000146842,TMEM209,True,True,4
TMPRSS4,ENSEMBL:ENSG00000137648,TMPRSS4,False,True,2
DHRS11|ENSG00000278535,ENSEMBL:ENSG00000278535,DHRS11,True,True,8
SASH3,ENSEMBL:ENSG00000122122,SASH3,True,True,8
ENSEMBL:ENSG00000248514,ENSEMBL:ENSG00000248514,,True,False,1
R3HCC1L,ENSEMBL:ENSG00000166024,R3HCC1L,True,False,1
TANK,ENSEMBL:ENSG00000136560,TANK,True,False,2
ATG9A,ENSEMBL:ENSG00000198925,ATG9A,True,False,2
MAN1B1,ENSEMBL:ENSG00000177239,MAN1B1,True,True,3
QRICH1,ENSEMBL:ENSG00000198218,QRICH1,True,False,1
ADCY6,ENSEMBL:ENSG00000174233,ADCY6,True,True,4
CHPT1,ENSEMBL:ENSG00000111666,CHPT1,True,True,6
BCAM,ENSEMBL:ENSG00000187244,BCAM,True,True,3
DDTL,ENSEMBL:ENSG00000099974,DDTL,True,False,1
LRIG2,ENSEMBL:ENSG00000198799,LRIG2,True,False,2
CASZ1,ENSEMBL:ENSG00000130940,CASZ1,True,True,4
STRADA,ENSEMBL:ENSG00000266173,STRADA,True,True,4
LRRC52,ENSEMBL:ENSG00000162763,LRRC52,True,False,1
ELF2,ENSEMBL:ENSG00000109381,ELF2,True,False,2
NUPR1,ENSEMBL:ENSG00000176046,NUPR1,True,True,6
ASB14,ENSEMBL:ENSG00000239388,ASB14,True,True,2
SCAF4,ENSEMBL:ENSG00000156304,SCAF4,True,True,3
TRIM24,ENSEMBL:ENSG00000122779,TRIM24,True,False,3
RRAGD,ENSEMBL:ENSG00000025039,RRAGD,True,True,3
ENDOG,ENSEMBL:ENSG00000167136,ENDOG,True,True,4
AGXT,ENSEMBL:ENSG00000172482,AGXT,False,True,1
GLRX3,ENSEMBL:ENSG00000108010,GLRX3,True,True,6
CYP2J2,ENSEMBL:ENSG00000134716,CYP2J2,True,False,1
MAX,ENSEMBL:ENSG00000125952,MAX,True,True,4
CASQ2,ENSEMBL:ENSG00000118729,CASQ2,True,False,1
HLA-DOA,ENSEMBL:ENSG00000204252,HLA-DOA,True,True,7
HBP1,ENSEMBL:ENSG00000105856,HBP1,True,False,3
ANO5,ENSEMBL:ENSG00000171714,ANO5,True,False,1
MIR600HG,ENSEMBL:ENSG00000236901,MIR600HG,True,False,2
ACOT8,ENSEMBL:ENSG00000101473,ACOT8,True,True,6
GOLPH3,ENSEMBL:ENSG00000113384,GOLPH3,True,True,4
IL18,ENSEMBL:ENSG00000150782,IL18,True,True,8
PREX1,ENSEMBL:ENSG00000124126,PREX1,True,True,4
PDHB,ENSEMBL:ENSG00000168291,PDHB,True,True,8
EIF3C,ENSEMBL:ENSG00000184110,EIF3C,True,True,4
PF4,ENSEMBL:ENSG00000163737,PF4,False,True,4
PRAG1,ENSEMBL:ENSG00000275342,PRAG1,True,True,7
SIK3,ENSEMBL:ENSG00000160584,SIK3,True,True,5
MICAL2,ENSEMBL:ENSG00000133816,MICAL2,True,True,3
PPP1R10,ENSEMBL:ENSG00000204569,PPP1R10,True,False,2
TAF1D,ENSEMBL:ENSG00000166012,TAF1D,True,True,2
BRF1,ENSEMBL:ENSG00000185024,BRF1,True,False,2
CRABP2,ENSEMBL:ENSG00000143320,CRABP2,True,True,2
OGDH,ENSEMBL:ENSG00000105953,OGDH,True,True,9
HHATL-AS1,ENSEMBL:ENSG00000230970,HHATL-AS1,True,False,1
S1PR2,ENSEMBL:ENSG00000267534,S1PR2,True,True,5
SORBS2,ENSEMBL:ENSG00000154556,SORBS2,True,True,7
PAK1IP1,ENSEMBL:ENSG00000111845,PAK1IP1,True,False,1
ARF4,ENSEMBL:ENSG00000168374,ARF4,True,True,3
AEN,ENSEMBL:ENSG00000181026,AEN,True,True,4
MAFB,ENSEMBL:ENSG00000204103,MAFB,True,True,5
WNT16,ENSEMBL:ENSG00000002745,WNT16,True,True,4
MID1IP1,ENSEMBL:ENSG00000165175,MID1IP1,True,True,7
GSAP,ENSEMBL:ENSG00000186088,GSAP,True,True,7
HNRNPCP7,ENSEMBL:ENSG00000228653,HNRNPCP7,True,False,1
TOMM40L,ENSEMBL:ENSG00000158882,TOMM40L,True,True,2
CYLD,ENSEMBL:ENSG00000083799,CYLD,True,True,3
ZNF586,ENSEMBL:ENSG00000083828,ZNF586,True,False,2
BLOC1S6,ENSEMBL:ENSG00000104164,BLOC1S6,True,False,2
MED23,ENSEMBL:ENSG00000112282,MED23,True,False,1
NDUFV1,ENSEMBL:ENSG00000167792,NDUFV1,True,True,8
PHF3,ENSEMBL:ENSG00000118482,PHF3,True,False,1
DNHD1,ENSEMBL:ENSG00000179532,DNHD1,True,True,6
XKR8,ENSEMBL:ENSG00000158156,XKR8,True,True,3
CCDC85B,ENSEMBL:ENSG00000175602,CCDC85B,True,False,2
ARHGEF2,ENSEMBL:ENSG00000116584,ARHGEF2,True,True,5
GDNF-AS1,ENSEMBL:ENSG00000248587,GDNF-AS1,True,False,1
NFIA,ENSEMBL:ENSG00000162599,NFIA,True,True,7
PLEKHG3,ENSEMBL:ENSG00000126822,PLEKHG3,True,True,2
MXI1,ENSEMBL:ENSG00000119950,MXI1,True,True,4
TIMM50,ENSEMBL:ENSG00000105197,TIMM50,True,True,6
HSPD1,ENSEMBL:ENSG00000144381,HSPD1,True,True,8
PAPLN,ENSEMBL:ENSG00000100767,PAPLN,False,True,3
ME1,ENSEMBL:ENSG00000065833,ME1,True,True,9
LITAF,ENSEMBL:ENSG00000189067,LITAF,True,True,6
GPD2,ENSEMBL:ENSG00000115159,GPD2,True,True,6
SLC66A2,ENSEMBL:ENSG00000122490,SLC66A2,True,True,4
BACH2,ENSEMBL:ENSG00000112182,BACH2,True,True,5
LAMA3,ENSEMBL:ENSG00000053747,LAMA3,True,True,4
SLC16A6,ENSEMBL:ENSG00000108932,SLC16A6,True,True,2
MOCS1,ENSEMBL:ENSG00000124615,MOCS1,True,True,3
GTF2IP13,ENSEMBL:ENSG00000272556,GTF2IP13,True,False,2
CCDC181,ENSEMBL:ENSG00000117477,CCDC181,False,True,1
CFL2,ENSEMBL:ENSG00000165410,CFL2,True,True,4
MTUS1,ENSEMBL:ENSG00000129422,MTUS1,True,True,6
ALOX5,ENSEMBL:ENSG00000012779,ALOX5,True,True,2
PIK3CD,ENSEMBL:ENSG00000171608,PIK3CD,True,True,10
SRPK1,ENSEMBL:ENSG00000096063,SRPK1,True,True,2
FAM83G,ENSEMBL:ENSG00000188522,FAM83G,True,True,3
ENSEMBL:ENSG00000271254,ENSEMBL:ENSG00000271254,,True,False,1
EHD2,ENSEMBL:ENSG00000024422,EHD2,False,True,7
TGM2,ENSEMBL:ENSG00000198959,TGM2,True,True,7
ZNF204P,ENSEMBL:ENSG00000204789,ZNF204P,True,False,1
CUL9,ENSEMBL:ENSG00000112659,CUL9,True,True,3
MGRN1,ENSEMBL:ENSG00000102858,MGRN1,True,True,5
PKHD1L1,ENSEMBL:ENSG00000205038,PKHD1L1,False,True,3
SH3BP2,ENSEMBL:ENSG00000087266,SH3BP2,True,True,6
TRHDE,ENSEMBL:ENSG00000072657,TRHDE,False,True,1
GPX4,ENSEMBL:ENSG00000167468,GPX4,True,True,5
GUCY1A2,ENSEMBL:ENSG00000152402,GUCY1A2,False,True,6
BOLA3,ENSEMBL:ENSG00000163170,BOLA3,True,True,6
STRADB,ENSEMBL:ENSG00000082146,STRADB,True,True,2
SLC4A2,ENSEMBL:ENSG00000164889,SLC4A2,True,True,4
RPRML,ENSEMBL:ENSG00000179673,RPRML,True,True,2
URB2,ENSEMBL:ENSG00000135763,URB2,True,False,1
KCNE4,ENSEMBL:ENSG00000152049,KCNE4,True,False,1
PIK3R3,ENSEMBL:ENSG00000117461,PIK3R3,True,True,5
CICP14,ENSEMBL:ENSG00000281490,CICP14,True,False,2
HSD3B2,ENSEMBL:ENSG00000203859,HSD3B2,False,True,2
OSBPL7,ENSEMBL:ENSG00000006025,OSBPL7,True,True,3
CHRDL1,ENSEMBL:ENSG00000101938,CHRDL1,True,True,4
THBD,ENSEMBL:ENSG00000178726,THBD,True,True,7
PLA2G4C,ENSEMBL:ENSG00000105499,PLA2G4C,True,False,1
RILPL1,ENSEMBL:ENSG00000188026,RILPL1,True,True,3
NUCB2,ENSEMBL:ENSG00000070081,NUCB2,True,True,4
MAPK1,ENSEMBL:ENSG00000100030,MAPK1,True,False,1
STARD7,ENSEMBL:ENSG00000084090,STARD7,True,True,4
TPPP,ENSEMBL:ENSG00000171368,TPPP,True,True,5
CERK,ENSEMBL:ENSG00000100422,CERK,True,True,4
LGALS3BP,ENSEMBL:ENSG00000108679,LGALS3BP,True,True,5
TMEM184A,ENSEMBL:ENSG00000164855,TMEM184A,True,True,2
DYNC1LI1,ENSEMBL:ENSG00000144635,DYNC1LI1,True,False,2
LCN6,ENSEMBL:ENSG00000267206,LCN6,True,False,1
ODC1,ENSEMBL:ENSG00000115758,ODC1,True,True,4
DHCR24,ENSEMBL:ENSG00000116133,DHCR24,True,True,5
ARHGAP1,ENSEMBL:ENSG00000175220,ARHGAP1,True,True,3
BTG1,ENSEMBL:ENSG00000133639,BTG1,True,True,3
TEAD3,ENSEMBL:ENSG00000007866,TEAD3,True,True,2
AOPEP,ENSEMBL:ENSG00000148120,AOPEP,True,False,1
GDE1,ENSEMBL:ENSG00000006007,GDE1,True,True,5
SLC25A34,ENSEMBL:ENSG00000162461,SLC25A34,True,True,2
ENSEMBL:ENSG00000271533,ENSEMBL:ENSG00000271533,,True,False,1
IRF1,ENSEMBL:ENSG00000125347,IRF1,True,True,4
DLST,ENSEMBL:ENSG00000119689,DLST,True,True,9
GAPDH,ENSEMBL:ENSG00000111640,GAPDH,False,True,7
BAG6|ENSG00000204463,ENSEMBL:ENSG00000204463,BAG6,True,True,2
FEZ1,ENSEMBL:ENSG00000149557,FEZ1,True,True,2
ENSEMBL:ENSG00000286640,ENSEMBL:ENSG00000286640,,True,False,1
BANK1,ENSEMBL:ENSG00000153064,BANK1,True,True,4
SLC12A2,ENSEMBL:ENSG00000064651,SLC12A2,True,True,5
SLC18B1,ENSEMBL:ENSG00000146409,SLC18B1,True,True,3
GLUL,ENSEMBL:ENSG00000135821,GLUL,True,True,11
COG1,ENSEMBL:ENSG00000166685,COG1,True,False,1
FAM181A-AS1,ENSEMBL:ENSG00000258584,FAM181A-AS1,True,False,1
IGHD,ENSEMBL:ENSG00000211898,IGHD,True,False,1
MPZL3,ENSEMBL:ENSG00000160588,MPZL3,True,False,1
MAFG,ENSEMBL:ENSG00000197063,MAFG,True,False,2
AKAP13,ENSEMBL:ENSG00000170776,AKAP13,True,True,5
LCN10,ENSEMBL:ENSG00000187922,LCN10,True,False,1
PRPSAP1,ENSEMBL:ENSG00000161542,PRPSAP1,True,True,3
ADAMTS12,ENSEMBL:ENSG00000151388,ADAMTS12,False,True,3
CSNK1D,ENSEMBL:ENSG00000141551,CSNK1D,True,True,6
TMEM184B,ENSEMBL:ENSG00000198792,TMEM184B,True,False,2
ZNF200,ENSEMBL:ENSG00000010539,ZNF200,True,False,2
DCUN1D3,ENSEMBL:ENSG00000188215,DCUN1D3,True,True,3
PDE4A,ENSEMBL:ENSG00000065989,PDE4A,True,True,4
DENND5A,ENSEMBL:ENSG00000184014,DENND5A,True,True,6
COL6A2,ENSEMBL:ENSG00000142173,COL6A2,True,True,8
MYL4,ENSEMBL:ENSG00000198336,MYL4,True,True,2
EEPD1,ENSEMBL:ENSG00000122547,EEPD1,True,True,7
GNG5,ENSEMBL:ENSG00000174021,GNG5,True,True,5
KLC4,ENSEMBL:ENSG00000137171,KLC4,True,True,2
CD27-AS1,ENSEMBL:ENSG00000215039,CD27-AS1,True,False,2
ARSG,ENSEMBL:ENSG00000141337,ARSG,True,True,2
VDR,ENSEMBL:ENSG00000111424,VDR,True,True,3
ZNF395,ENSEMBL:ENSG00000186918,ZNF395,True,False,2
NPIPA1,ENSEMBL:ENSG00000183426,NPIPA1,True,False,1
TOMM70,ENSEMBL:ENSG00000154174,TOMM70,True,True,5
BMX,ENSEMBL:ENSG00000102010,BMX,True,False,1
SLC36A1,ENSEMBL:ENSG00000123643,SLC36A1,True,True,3
SMIM14,ENSEMBL:ENSG00000163683,SMIM14,True,True,2
INAFM1,ENSEMBL:ENSG00000257704,INAFM1,False,True,2
CXCL9,ENSEMBL:ENSG00000138755,CXCL9,True,True,8
SPN,ENSEMBL:ENSG00000197471,SPN,True,True,6
BDH1,ENSEMBL:ENSG00000161267,BDH1,True,True,6
SEMA6D,ENSEMBL:ENSG00000137872,SEMA6D,True,True,4
PLLP,ENSEMBL:ENSG00000102934,PLLP,False,True,3
MAP2K2,ENSEMBL:ENSG00000126934,MAP2K2,True,True,4
CD3E,ENSEMBL:ENSG00000198851,CD3E,True,True,7
RAB7B,ENSEMBL:ENSG00000276600,RAB7B,True,True,4
PHYKPL,ENSEMBL:ENSG00000175309,PHYKPL,True,True,3
AXIN1,ENSEMBL:ENSG00000103126,AXIN1,True,False,2
GRSF1,ENSEMBL:ENSG00000132463,GRSF1,True,True,4
CCT8,ENSEMBL:ENSG00000156261,CCT8,True,True,3
PTTG1,ENSEMBL:ENSG00000164611,PTTG1,True,True,2
INTS6,ENSEMBL:ENSG00000102786,INTS6,True,False,2
SLC26A11,ENSEMBL:ENSG00000181045,SLC26A11,True,True,3
VCAM1,ENSEMBL:ENSG00000162692,VCAM1,True,True,3
ARHGAP45,ENSEMBL:ENSG00000180448,ARHGAP45,False,True,5
ATP5F1A,ENSEMBL:ENSG00000152234,ATP5F1A,True,True,10
ENSEMBL:ENSG00000244560,ENSEMBL:ENSG00000244560,,True,False,1
TUBB2A,ENSEMBL:ENSG00000137267,TUBB2A,True,True,7
CSNK1A1,ENSEMBL:ENSG00000113712,CSNK1A1,True,False,2
SCN4A,ENSEMBL:ENSG00000007314,SCN4A,True,True,4
GOLGA4,ENSEMBL:ENSG00000144674,GOLGA4,True,True,5
TRO,ENSEMBL:ENSG00000067445,TRO,True,False,1
BRAT1,ENSEMBL:ENSG00000106009,BRAT1,True,False,2
ENSEMBL:ENSG00000278934,ENSEMBL:ENSG00000278934,,True,False,1
METRNL,ENSEMBL:ENSG00000176845,METRNL,True,True,3
MECR,ENSEMBL:ENSG00000116353,MECR,False,True,3
CTSS,ENSEMBL:ENSG00000163131,CTSS,True,True,5
KLF9,ENSEMBL:ENSG00000119138,KLF9,True,True,5
FABP9,ENSEMBL:ENSG00000205186,FABP9,True,True,2
MYLIP,ENSEMBL:ENSG00000007944,MYLIP,True,True,4
ENSEMBL:ENSG00000263276,ENSEMBL:ENSG00000263276,,True,False,1
ENPEP,ENSEMBL:ENSG00000138792,ENPEP,True,True,5
MTMR3,ENSEMBL:ENSG00000100330,MTMR3,True,True,6
FKBP15,ENSEMBL:ENSG00000119321,FKBP15,True,True,3
UQCRC1,ENSEMBL:ENSG00000010256,UQCRC1,True,True,9
ABHD1,ENSEMBL:ENSG00000143994,ABHD1,True,True,5
TRIP12,ENSEMBL:ENSG00000153827,TRIP12,True,True,3
CBR1,ENSEMBL:ENSG00000159228,CBR1,True,True,5
FAM177A1,ENSEMBL:ENSG00000151327,FAM177A1,True,True,5
DGLUCY,ENSEMBL:ENSG00000133943,DGLUCY,True,True,6
OPTN,ENSEMBL:ENSG00000123240,OPTN,True,True,6
ITM2A,ENSEMBL:ENSG00000078596,ITM2A,True,True,5
CDC25A,ENSEMBL:ENSG00000164045,CDC25A,False,True,2
ZNF705A,ENSEMBL:ENSG00000196946,ZNF705A,False,True,2
CDC42SE1,ENSEMBL:ENSG00000197622,CDC42SE1,True,True,4
POLG,ENSEMBL:ENSG00000140521,POLG,True,False,2
SLC16A2,ENSEMBL:ENSG00000147100,SLC16A2,False,True,5
FNDC3B,ENSEMBL:ENSG00000075420,FNDC3B,True,True,5
ELL2,ENSEMBL:ENSG00000118985,ELL2,True,True,4
NDUFA10,ENSEMBL:ENSG00000130414,NDUFA10,True,True,8
POR,ENSEMBL:ENSG00000127948,POR,True,True,6
CMBL,ENSEMBL:ENSG00000164237,CMBL,True,True,5
UXS1,ENSEMBL:ENSG00000115652,UXS1,True,True,4
SIRPA,ENSEMBL:ENSG00000198053,SIRPA,True,True,6
TMEM63B,ENSEMBL:ENSG00000137216,TMEM63B,True,True,6
SYNGR1,ENSEMBL:ENSG00000100321,SYNGR1,True,True,4
CTTNBP2NL,ENSEMBL:ENSG00000143079,CTTNBP2NL,True,True,3
IFI30,ENSEMBL:ENSG00000216490,IFI30,True,True,3
TTC17,ENSEMBL:ENSG00000052841,TTC17,True,True,3
YBX3,ENSEMBL:ENSG00000060138,YBX3,True,True,10
SNHG17,ENSEMBL:ENSG00000196756,SNHG17,True,False,2
ZNF619,ENSEMBL:ENSG00000177873,ZNF619,True,False,1
IRF2,ENSEMBL:ENSG00000168310,IRF2,True,False,2
PDZRN3,ENSEMBL:ENSG00000121440,PDZRN3,True,True,3
TMEM38B,ENSEMBL:ENSG00000095209,TMEM38B,True,True,2
IRAK1,ENSEMBL:ENSG00000184216,IRAK1,True,True,3
ROGDI,ENSEMBL:ENSG00000067836,ROGDI,True,True,3
SH3GLB1,ENSEMBL:ENSG00000097033,SH3GLB1,True,True,8
CAV2,ENSEMBL:ENSG00000105971,CAV2,True,True,2
AGTRAP,ENSEMBL:ENSG00000177674,AGTRAP,True,True,3
SH3BP1,ENSEMBL:ENSG00000100092,SH3BP1,True,True,4
ZBTB6,ENSEMBL:ENSG00000186130,ZBTB6,True,False,1
RAI1,ENSEMBL:ENSG00000108557,RAI1,True,True,3
RLF,ENSEMBL:ENSG00000117000,RLF,True,False,2
ZNF558,ENSEMBL:ENSG00000167785,ZNF558,True,False,2
HPCAL4,ENSEMBL:ENSG00000116983,HPCAL4,True,False,2
MEMO1,ENSEMBL:ENSG00000162959,MEMO1,True,True,3
CIAPIN1,ENSEMBL:ENSG00000005194,CIAPIN1,True,True,5
CUEDC2,ENSEMBL:ENSG00000107874,CUEDC2,True,False,1
ARPC5L,ENSEMBL:ENSG00000136950,ARPC5L,True,False,2
ZFP91,ENSEMBL:ENSG00000186660,ZFP91,True,True,6
PHLDA3,ENSEMBL:ENSG00000174307,PHLDA3,True,True,4
MT-ND5,ENSEMBL:ENSG00000198786,MT-ND5,True,True,8
DYNLL1,ENSEMBL:ENSG00000088986,DYNLL1,True,True,5
LAMA4,ENSEMBL:ENSG00000112769,LAMA4,False,True,2
AKT2,ENSEMBL:ENSG00000105221,AKT2,True,True,5
TNFRSF10A,ENSEMBL:ENSG00000104689,TNFRSF10A,True,False,2
GBX1,ENSEMBL:ENSG00000164900,GBX1,True,False,1
CTSL,ENSEMBL:ENSG00000135047,CTSL,True,True,6
ACSF2,ENSEMBL:ENSG00000167107,ACSF2,True,True,10
ZNF12,ENSEMBL:ENSG00000164631,ZNF12,True,False,1
HNRNPH3,ENSEMBL:ENSG00000096746,HNRNPH3,True,False,2
YPEL3,ENSEMBL:ENSG00000090238,YPEL3,True,True,6
LCOR,ENSEMBL:ENSG00000196233,LCOR,True,True,2
FCGR1A,ENSEMBL:ENSG00000150337,FCGR1A,True,True,3
PLXNA2,ENSEMBL:ENSG00000076356,PLXNA2,True,False,2
CSRNP2,ENSEMBL:ENSG00000110925,CSRNP2,True,True,3
RIT1,ENSEMBL:ENSG00000143622,RIT1,True,True,3
USP4,ENSEMBL:ENSG00000114316,USP4,True,True,3
TSPAN9,ENSEMBL:ENSG00000011105,TSPAN9,True,True,6
CTCF,ENSEMBL:ENSG00000102974,CTCF,True,False,1
CKAP5,ENSEMBL:ENSG00000175216,CKAP5,True,True,2
EMB,ENSEMBL:ENSG00000170571,EMB,True,True,5
ATP5MF,ENSEMBL:ENSG00000241468,ATP5MF,False,True,8
UFD1,ENSEMBL:ENSG00000070010,UFD1,True,True,3
HMGXB3,ENSEMBL:ENSG00000113716,HMGXB3,True,False,2
BLOC1S4,ENSEMBL:ENSG00000186222,BLOC1S4,True,True,2
CACNA2D2,ENSEMBL:ENSG00000007402,CACNA2D2,True,False,2
NUP155,ENSEMBL:ENSG00000113569,NUP155,True,False,2
SNUPN,ENSEMBL:ENSG00000169371,SNUPN,True,False,1
CAPN3,ENSEMBL:ENSG00000092529,CAPN3,True,True,2
BBS4,ENSEMBL:ENSG00000140463,BBS4,True,True,3
IFFO2,ENSEMBL:ENSG00000169991,IFFO2,True,True,5
FN3KRP,ENSEMBL:ENSG00000141560,FN3KRP,True,True,2
MED18,ENSEMBL:ENSG00000130772,MED18,True,False,2
SIRT1,ENSEMBL:ENSG00000096717,SIRT1,True,True,2
CSF2RA,ENSEMBL:ENSG00000198223,CSF2RA,True,True,5
SERPINF1,ENSEMBL:ENSG00000132386,SERPINF1,True,True,8
ANXA3,ENSEMBL:ENSG00000138772,ANXA3,True,True,6
SEL1L3,ENSEMBL:ENSG00000091490,SEL1L3,True,True,4
TSPAN12,ENSEMBL:ENSG00000106025,TSPAN12,False,True,4
RARRES2,ENSEMBL:ENSG00000106538,RARRES2,False,True,3
MYOZ3,ENSEMBL:ENSG00000164591,MYOZ3,True,True,3
MTX1,ENSEMBL:ENSG00000173171,MTX1,True,True,3
PHGDH,ENSEMBL:ENSG00000092621,PHGDH,False,True,2
GPAM,ENSEMBL:ENSG00000119927,GPAM,True,True,5
RAF1,ENSEMBL:ENSG00000132155,RAF1,True,True,4
MRPS21,ENSEMBL:ENSG00000266472,MRPS21,True,True,6
GLRX,ENSEMBL:ENSG00000173221,GLRX,True,True,7
CASP8,ENSEMBL:ENSG00000064012,CASP8,True,True,2
SF3A3,ENSEMBL:ENSG00000183431,SF3A3,True,False,1
MEF2C-AS1,ENSEMBL:ENSG00000248309,MEF2C-AS1,True,False,1
PTRH2,ENSEMBL:ENSG00000141378,PTRH2,True,False,1
ALDH5A1,ENSEMBL:ENSG00000112294,ALDH5A1,True,True,8
C4A|ENSG00000244207,ENSEMBL:ENSG00000244207,C4A,False,True,7
ZNF33B,ENSEMBL:ENSG00000196693,ZNF33B,True,False,2
ENSEMBL:ENSG00000262855,ENSEMBL:ENSG00000262855,,True,False,1
FBXO7,ENSEMBL:ENSG00000100225,FBXO7,True,True,5
XCL2,ENSEMBL:ENSG00000143185,XCL2,True,False,1
HEATR6,ENSEMBL:ENSG00000068097,HEATR6,True,True,2
MAP2K1,ENSEMBL:ENSG00000169032,MAP2K1,True,True,2
GATD3A,ENSEMBL:ENSG00000160221,GATD3A,False,True,6
PIGZ,ENSEMBL:ENSG00000119227,PIGZ,True,True,2
STAT1,ENSEMBL:ENSG00000115415,STAT1,True,True,6
SNX8,ENSEMBL:ENSG00000106266,SNX8,True,True,3
ASCC2,ENSEMBL:ENSG00000100325,ASCC2,True,True,4
DCT,ENSEMBL:ENSG00000080166,DCT,False,True,1
SERPINE1,ENSEMBL:ENSG00000106366,SERPINE1,True,True,5
CS,ENSEMBL:ENSG00000062485,CS,True,True,7
ESRRG,ENSEMBL:ENSG00000196482,ESRRG,True,True,2
SMPD1,ENSEMBL:ENSG00000166311,SMPD1,True,True,4
MIR3936HG,ENSEMBL:ENSG00000233006,MIR3936HG,True,False,1
HK1,ENSEMBL:ENSG00000156515,HK1,True,True,5
DNM1L,ENSEMBL:ENSG00000087470,DNM1L,True,True,5
CSF1R,ENSEMBL:ENSG00000182578,CSF1R,True,True,5
BAG4,ENSEMBL:ENSG00000156735,BAG4,True,True,2
THEM6,ENSEMBL:ENSG00000130193,THEM6,True,False,1
FBXW7,ENSEMBL:ENSG00000109670,FBXW7,True,False,1
SLAIN2,ENSEMBL:ENSG00000109171,SLAIN2,True,True,3
TOM1L2,ENSEMBL:ENSG00000175662,TOM1L2,True,True,3
SFXN5,ENSEMBL:ENSG00000144040,SFXN5,True,True,3
CLIC5,ENSEMBL:ENSG00000112782,CLIC5,True,True,4
NUAK2,ENSEMBL:ENSG00000163545,NUAK2,True,True,4
USP22,ENSEMBL:ENSG00000124422,USP22,True,True,3
NARF,ENSEMBL:ENSG00000141562,NARF,True,True,3
ATP5F1C,ENSEMBL:ENSG00000165629,ATP5F1C,True,True,8
MUC20P1,ENSEMBL:ENSG00000224769,MUC20P1,True,False,1
ATXN10,ENSEMBL:ENSG00000130638,ATXN10,True,True,6
PCM1,ENSEMBL:ENSG00000078674,PCM1,True,True,5
STAU1,ENSEMBL:ENSG00000124214,STAU1,True,True,3
SCARF1,ENSEMBL:ENSG00000074660,SCARF1,True,True,3
DNAJC25,ENSEMBL:ENSG00000059769,DNAJC25,True,True,4
IL1R1,ENSEMBL:ENSG00000115594,IL1R1,True,False,2
TNFRSF1A,ENSEMBL:ENSG00000067182,TNFRSF1A,True,True,4
STAG3L4,ENSEMBL:ENSG00000106610,STAG3L4,True,False,1
ZNF77,ENSEMBL:ENSG00000175691,ZNF77,True,False,1
LPIN2,ENSEMBL:ENSG00000101577,LPIN2,True,True,4
TNKS1BP1,ENSEMBL:ENSG00000149115,TNKS1BP1,True,True,5
PROK2,ENSEMBL:ENSG00000163421,PROK2,True,True,2
ADIPOR1,ENSEMBL:ENSG00000159346,ADIPOR1,True,True,3
SLC38A7,ENSEMBL:ENSG00000103042,SLC38A7,True,False,1
PCDH12,ENSEMBL:ENSG00000113555,PCDH12,True,True,2
CYREN,ENSEMBL:ENSG00000122783,CYREN,True,False,2
RELCH,ENSEMBL:ENSG00000134444,RELCH,True,True,4
PUM3,ENSEMBL:ENSG00000080608,PUM3,True,False,2
XPO6,ENSEMBL:ENSG00000169180,XPO6,True,True,2
APMAP,ENSEMBL:ENSG00000101474,APMAP,True,True,5
DMTN,ENSEMBL:ENSG00000158856,DMTN,True,True,5
CA8,ENSEMBL:ENSG00000178538,CA8,True,True,4
HBB,ENSEMBL:ENSG00000244734,HBB,True,True,5
MT-ND3,ENSEMBL:ENSG00000198840,MT-ND3,True,True,5
FOXO4,ENSEMBL:ENSG00000184481,FOXO4,True,True,5
CA1,ENSEMBL:ENSG00000133742,CA1,True,True,4
BICD2,ENSEMBL:ENSG00000185963,BICD2,True,True,4
CENPB,ENSEMBL:ENSG00000125817,CENPB,True,True,5
ZNF100,ENSEMBL:ENSG00000197020,ZNF100,True,False,1
SZT2,ENSEMBL:ENSG00000198198,SZT2,True,True,4
ICAM1,ENSEMBL:ENSG00000090339,ICAM1,True,True,4
STAT3,ENSEMBL:ENSG00000168610,STAT3,True,True,5
GRN,ENSEMBL:ENSG00000030582,GRN,True,True,5
MFSD12,ENSEMBL:ENSG00000161091,MFSD12,True,True,4
MINDY1,ENSEMBL:ENSG00000143409,MINDY1,True,True,3
LRRC4,ENSEMBL:ENSG00000128594,LRRC4,True,True,3
LDHA,ENSEMBL:ENSG00000134333,LDHA,True,True,9
XPNPEP2,ENSEMBL:ENSG00000122121,XPNPEP2,True,True,6
RNF125,ENSEMBL:ENSG00000101695,RNF125,True,True,4
MGAT4A,ENSEMBL:ENSG00000071073,MGAT4A,True,True,2
FLII,ENSEMBL:ENSG00000177731,FLII,True,True,3
TUBGCP3,ENSEMBL:ENSG00000126216,TUBGCP3,True,True,3
PMPCA,ENSEMBL:ENSG00000165688,PMPCA,True,True,4
MACROH2A2,ENSEMBL:ENSG00000099284,MACROH2A2,True,True,4
NAA15,ENSEMBL:ENSG00000164134,NAA15,True,True,2
RTN4,ENSEMBL:ENSG00000115310,RTN4,True,True,8
SH3RF1,ENSEMBL:ENSG00000154447,SH3RF1,True,False,1
FAHD1,ENSEMBL:ENSG00000180185,FAHD1,True,True,6
VLDLR,ENSEMBL:ENSG00000147852,VLDLR,True,True,2
UNKL,ENSEMBL:ENSG00000059145,UNKL,True,True,3
TRIP10,ENSEMBL:ENSG00000125733,TRIP10,True,True,2
RNF123,ENSEMBL:ENSG00000164068,RNF123,True,True,4
EPB41,ENSEMBL:ENSG00000159023,EPB41,True,True,7
SELENOP,ENSEMBL:ENSG00000250722,SELENOP,True,True,5
KRT10,ENSEMBL:ENSG00000186395,KRT10,True,True,2
MRPL50,ENSEMBL:ENSG00000136897,MRPL50,True,True,3
SERTAD3,ENSEMBL:ENSG00000167565,SERTAD3,True,True,3
BZW1,ENSEMBL:ENSG00000082153,BZW1,True,True,3
CBX8,ENSEMBL:ENSG00000141570,CBX8,True,False,1
CHD1,ENSEMBL:ENSG00000153922,CHD1,True,True,3
UCP3,ENSEMBL:ENSG00000175564,UCP3,True,True,6
MORC3,ENSEMBL:ENSG00000159256,MORC3,True,True,3
PPP4R2,ENSEMBL:ENSG00000163605,PPP4R2,True,True,3
CTSZ,ENSEMBL:ENSG00000101160,CTSZ,False,True,6
HMGB2,ENSEMBL:ENSG00000164104,HMGB2,True,True,7
ENSEMBL:ENSG00000231628,ENSEMBL:ENSG00000231628,,True,False,1
ROMO1,ENSEMBL:ENSG00000125995,ROMO1,False,True,2
CTNNBIP1,ENSEMBL:ENSG00000178585,CTNNBIP1,True,True,2
DAZAP1,ENSEMBL:ENSG00000071626,DAZAP1,True,False,2
BRD3,ENSEMBL:ENSG00000169925,BRD3,True,False,1
LCNL1,ENSEMBL:ENSG00000214402,LCNL1,True,False,2
NIP7,ENSEMBL:ENSG00000132603,NIP7,True,False,2
BCAT1,ENSEMBL:ENSG00000060982,BCAT1,True,True,4
SRXN1,ENSEMBL:ENSG00000271303,SRXN1,True,True,4
TP73-AS1,ENSEMBL:ENSG00000227372,TP73-AS1,True,False,2
N4BP2L2,ENSEMBL:ENSG00000244754,N4BP2L2,True,False,1
VPS45,ENSEMBL:ENSG00000136631,VPS45,True,False,1
NUP98,ENSEMBL:ENSG00000110713,NUP98,True,True,3
ZNF678,ENSEMBL:ENSG00000181450,ZNF678,True,False,1
MT-ND6,ENSEMBL:ENSG00000198695,MT-ND6,True,True,8
HEY2,ENSEMBL:ENSG00000135547,HEY2,True,True,2
PADI1,ENSEMBL:ENSG00000142623,PADI1,False,True,1
DHRS9,ENSEMBL:ENSG00000073737,DHRS9,True,True,2
GMFG,ENSEMBL:ENSG00000130755,GMFG,True,True,4
MBTD1,ENSEMBL:ENSG00000011258,MBTD1,True,False,1
DDX21,ENSEMBL:ENSG00000165732,DDX21,True,True,2
ZYX,ENSEMBL:ENSG00000159840,ZYX,True,True,7
CHD1-DT,ENSEMBL:ENSG00000248489,CHD1-DT,True,False,1
ERCC5,ENSEMBL:ENSG00000134899,ERCC5,True,True,3
KIAA2012,ENSEMBL:ENSG00000182329,KIAA2012,False,True,3
CYP4B1,ENSEMBL:ENSG00000142973,CYP4B1,False,True,5
TMX2,ENSEMBL:ENSG00000213593,TMX2,True,False,2
CPT1B,ENSEMBL:ENSG00000205560,CPT1B,True,True,5
ATP6AP1,ENSEMBL:ENSG00000071553,ATP6AP1,True,True,3
CAVIN1,ENSEMBL:ENSG00000177469,CAVIN1,False,True,5
GTPBP1,ENSEMBL:ENSG00000100226,GTPBP1,True,True,3
LAMP1,ENSEMBL:ENSG00000185896,LAMP1,True,True,6
UBE2D3,ENSEMBL:ENSG00000109332,UBE2D3,True,True,6
SERTAD2,ENSEMBL:ENSG00000179833,SERTAD2,True,True,3
KLF11,ENSEMBL:ENSG00000172059,KLF11,True,True,2
CHD1L,ENSEMBL:ENSG00000131778,CHD1L,True,False,1
SETD5,ENSEMBL:ENSG00000168137,SETD5,True,True,5
SGF29,ENSEMBL:ENSG00000176476,SGF29,True,True,3
LASP1,ENSEMBL:ENSG00000002834,LASP1,True,True,6
FCER2,ENSEMBL:ENSG00000104921,FCER2,True,True,4
LRRC2,ENSEMBL:ENSG00000163827,LRRC2,True,True,3
NPHP1,ENSEMBL:ENSG00000144061,NPHP1,True,False,1
B4GALT3,ENSEMBL:ENSG00000158850,B4GALT3,True,True,3
C20orf27,ENSEMBL:ENSG00000101220,C20orf27,True,True,5
ENSEMBL:ENSG00000259351,ENSEMBL:ENSG00000259351,,True,False,1
TMBIM1,ENSEMBL:ENSG00000135926,TMBIM1,True,True,4
FJX1,ENSEMBL:ENSG00000179431,FJX1,True,True,4
CEBPG,ENSEMBL:ENSG00000153879,CEBPG,False,True,1
MLLT11,ENSEMBL:ENSG00000213190,MLLT11,False,True,2
NOTUM,ENSEMBL:ENSG00000185269,NOTUM,True,False,1
KBTBD6,ENSEMBL:ENSG00000165572,KBTBD6,True,False,1
ADGRF5,ENSEMBL:ENSG00000069122,ADGRF5,True,True,5
LIMA1,ENSEMBL:ENSG00000050405,LIMA1,True,True,4
HOMER1,ENSEMBL:ENSG00000152413,HOMER1,True,True,3
CBFA2T2,ENSEMBL:ENSG00000078699,CBFA2T2,True,False,1
SRSF8,ENSEMBL:ENSG00000263465,SRSF8,True,False,2
LSMEM1,ENSEMBL:ENSG00000181016,LSMEM1,True,True,3
TOR1AIP2,ENSEMBL:ENSG00000169905,TOR1AIP2,True,False,2
SLC20A2,ENSEMBL:ENSG00000168575,SLC20A2,True,False,1
RDX,ENSEMBL:ENSG00000137710,RDX,True,True,2
ETFDH,ENSEMBL:ENSG00000171503,ETFDH,True,True,9
WSB1,ENSEMBL:ENSG00000109046,WSB1,True,True,3
AP3D1,ENSEMBL:ENSG00000065000,AP3D1,True,True,4
PPID,ENSEMBL:ENSG00000171497,PPID,True,True,3
MASP2,ENSEMBL:ENSG00000009724,MASP2,True,True,3
KMT2C,ENSEMBL:ENSG00000055609,KMT2C,True,True,5
ASAP3,ENSEMBL:ENSG00000088280,ASAP3,True,True,2
PPP1R3A,ENSEMBL:ENSG00000154415,PPP1R3A,True,True,3
SCARB2,ENSEMBL:ENSG00000138760,SCARB2,True,True,5
PDYN,ENSEMBL:ENSG00000101327,PDYN,False,True,1
ATXN2L,ENSEMBL:ENSG00000168488,ATXN2L,True,True,6
AP1S2,ENSEMBL:ENSG00000182287,AP1S2,True,True,4
ARHGAP18,ENSEMBL:ENSG00000146376,ARHGAP18,True,True,5
RASA4B,ENSEMBL:ENSG00000170667,RASA4B,True,True,4
TAF7,ENSEMBL:ENSG00000178913,TAF7,True,False,2
ADCY7,ENSEMBL:ENSG00000121281,ADCY7,False,True,4
GUCA2A,ENSEMBL:ENSG00000197273,GUCA2A,False,True,1
BOK,ENSEMBL:ENSG00000176720,BOK,True,True,2
MMP14,ENSEMBL:ENSG00000157227,MMP14,True,True,7
HSDL2,ENSEMBL:ENSG00000119471,HSDL2,True,True,7
WNT11,ENSEMBL:ENSG00000085741,WNT11,False,True,2
CEP104,ENSEMBL:ENSG00000116198,CEP104,False,True,3
SLC22A3,ENSEMBL:ENSG00000146477,SLC22A3,True,True,5
PDHA1,ENSEMBL:ENSG00000131828,PDHA1,True,True,6
UGT2A3,ENSEMBL:ENSG00000135220,UGT2A3,False,True,1
CYC1,ENSEMBL:ENSG00000179091,CYC1,True,True,7
MICOS10,ENSEMBL:ENSG00000173436,MICOS10,True,True,7
ENSEMBL:ENSG00000279456,ENSEMBL:ENSG00000279456,,True,False,1
ART5,ENSEMBL:ENSG00000167311,ART5,True,True,3
ZNF385A,ENSEMBL:ENSG00000161642,ZNF385A,False,True,1
POP1,ENSEMBL:ENSG00000104356,POP1,True,False,2
RB1CC1,ENSEMBL:ENSG00000023287,RB1CC1,True,True,4
ZNF792,ENSEMBL:ENSG00000180884,ZNF792,True,False,1
CTSB,ENSEMBL:ENSG00000164733,CTSB,True,True,8
DLAT,ENSEMBL:ENSG00000150768,DLAT,True,True,6
ACVR2B,ENSEMBL:ENSG00000114739,ACVR2B,True,False,1
CES1P1,ENSEMBL:ENSG00000228695,CES1P1,False,True,4
KPNA2,ENSEMBL:ENSG00000182481,KPNA2,True,True,2
RNF157-AS1,ENSEMBL:ENSG00000267128,RNF157-AS1,True,False,2
HIGD1A,ENSEMBL:ENSG00000181061,HIGD1A,True,True,5
SOD2,ENSEMBL:ENSG00000112096,SOD2,True,True,10
ZKSCAN5,ENSEMBL:ENSG00000196652,ZKSCAN5,True,False,1
LMTK2,ENSEMBL:ENSG00000164715,LMTK2,True,True,3
AGPAT3,ENSEMBL:ENSG00000160216,AGPAT3,True,True,7
AGTPBP1,ENSEMBL:ENSG00000135049,AGTPBP1,True,True,4
ARPC1B,ENSEMBL:ENSG00000130429,ARPC1B,True,True,4
DHCR7,ENSEMBL:ENSG00000172893,DHCR7,True,True,6
SLC25A20,ENSEMBL:ENSG00000178537,SLC25A20,True,True,7
TIMM13,ENSEMBL:ENSG00000099800,TIMM13,True,True,6
EFNA1,ENSEMBL:ENSG00000169242,EFNA1,True,True,3
AK2,ENSEMBL:ENSG00000004455,AK2,True,True,6
DTX3,ENSEMBL:ENSG00000178498,DTX3,True,True,3
DEPDC7,ENSEMBL:ENSG00000121690,DEPDC7,True,False,1
LDHD,ENSEMBL:ENSG00000166816,LDHD,True,True,5
MRPL34,ENSEMBL:ENSG00000130312,MRPL34,True,True,3
SYT11,ENSEMBL:ENSG00000132718,SYT11,True,True,4
ADARB1,ENSEMBL:ENSG00000197381,ADARB1,True,True,7
ZNF551,ENSEMBL:ENSG00000204519,ZNF551,True,False,1
SPTA1,ENSEMBL:ENSG00000163554,SPTA1,True,True,3
VTN,ENSEMBL:ENSG00000109072,VTN,False,True,3
ASNS,ENSEMBL:ENSG00000070669,ASNS,False,True,5
IQSEC1,ENSEMBL:ENSG00000144711,IQSEC1,True,True,8
CCDC51,ENSEMBL:ENSG00000164051,CCDC51,True,True,2
SRSF1,ENSEMBL:ENSG00000136450,SRSF1,True,True,3
ZDHHC24,ENSEMBL:ENSG00000174165,ZDHHC24,True,False,1
SH3D19,ENSEMBL:ENSG00000109686,SH3D19,True,True,4
PTBP2,ENSEMBL:ENSG00000117569,PTBP2,True,False,1
FCN3,ENSEMBL:ENSG00000142748,FCN3,True,True,2
ECE1,ENSEMBL:ENSG00000117298,ECE1,True,True,2
AQP9,ENSEMBL:ENSG00000103569,AQP9,True,True,2
TTPAL,ENSEMBL:ENSG00000124120,TTPAL,True,True,3
ACACA|ENSG00000275176,ENSEMBL:ENSG00000275176,ACACA,False,True,5
MX1,ENSEMBL:ENSG00000157601,MX1,True,True,5
FCGR2A,ENSEMBL:ENSG00000143226,FCGR2A,True,True,4
ACADVL,ENSEMBL:ENSG00000072778,ACADVL,True,True,10
GYG1,ENSEMBL:ENSG00000163754,GYG1,True,True,4
UBA7,ENSEMBL:ENSG00000182179,UBA7,True,True,6
CXCR6,ENSEMBL:ENSG00000172215,CXCR6,True,False,2
DYNLT3,ENSEMBL:ENSG00000165169,DYNLT3,True,True,3
SIRT4,ENSEMBL:ENSG00000089163,SIRT4,True,True,4
CERCAM,ENSEMBL:ENSG00000167123,CERCAM,True,True,3
KLHL30,ENSEMBL:ENSG00000168427,KLHL30,True,False,1
AFDN,ENSEMBL:ENSG00000130396,AFDN,True,True,5
ITFG1,ENSEMBL:ENSG00000129636,ITFG1,False,True,1
MIEF1,ENSEMBL:ENSG00000100335,MIEF1,True,False,2
ALKBH5,ENSEMBL:ENSG00000091542,ALKBH5,True,True,4
HBS1L,ENSEMBL:ENSG00000112339,HBS1L,False,True,3
PKD1,ENSEMBL:ENSG00000008710,PKD1,True,True,5
PSMC4,ENSEMBL:ENSG00000013275,PSMC4,True,True,5
NUDCD3,ENSEMBL:ENSG00000015676,NUDCD3,True,True,2
PLEKHB1,ENSEMBL:ENSG00000021300,PLEKHB1,True,True,2
LAMA2,ENSEMBL:ENSG00000196569,LAMA2,False,True,6
BRWD3,ENSEMBL:ENSG00000165288,BRWD3,True,False,2
ZNF142,ENSEMBL:ENSG00000115568,ZNF142,True,True,4
ISCU,ENSEMBL:ENSG00000136003,ISCU,True,True,6
TRABD,ENSEMBL:ENSG00000170638,TRABD,True,True,3
CRIM1,ENSEMBL:ENSG00000150938,CRIM1,True,True,4
MCM4,ENSEMBL:ENSG00000104738,MCM4,True,True,4
TRIM33,ENSEMBL:ENSG00000197323,TRIM33,True,False,2
LIPT2,ENSEMBL:ENSG00000175536,LIPT2,True,False,1
RNF145,ENSEMBL:ENSG00000145860,RNF145,True,True,4
LINC00115,ENSEMBL:ENSG00000225880,LINC00115,True,False,1
SLC44A2,ENSEMBL:ENSG00000129353,SLC44A2,True,True,3
LPL,ENSEMBL:ENSG00000175445,LPL,True,True,9
KBTBD8,ENSEMBL:ENSG00000163376,KBTBD8,True,False,1
SH3BP5,ENSEMBL:ENSG00000131370,SH3BP5,True,True,8
UGGT1,ENSEMBL:ENSG00000136731,UGGT1,True,True,4
ADGRG3,ENSEMBL:ENSG00000182885,ADGRG3,True,False,1
SP100,ENSEMBL:ENSG00000067066,SP100,True,False,2
TAF10,ENSEMBL:ENSG00000166337,TAF10,True,True,2
IFNAR1,ENSEMBL:ENSG00000142166,IFNAR1,True,True,5
TPCN1,ENSEMBL:ENSG00000186815,TPCN1,True,True,4
ENSEMBL:ENSG00000272079,ENSEMBL:ENSG00000272079,,True,False,1
RHD,ENSEMBL:ENSG00000187010,RHD,False,True,1
CMAS,ENSEMBL:ENSG00000111726,CMAS,False,True,2
CORO1C,ENSEMBL:ENSG00000110880,CORO1C,True,True,7
TBXAS1,ENSEMBL:ENSG00000059377,TBXAS1,True,True,3
EIF4G1,ENSEMBL:ENSG00000114867,EIF4G1,True,True,5
SLA,ENSEMBL:ENSG00000155926,SLA,True,True,5
AIG1,ENSEMBL:ENSG00000146416,AIG1,False,True,4
CCR10,ENSEMBL:ENSG00000184451,CCR10,True,True,2
TBC1D20,ENSEMBL:ENSG00000125875,TBC1D20,True,False,2
KCNJ15,ENSEMBL:ENSG00000157551,KCNJ15,True,True,3
GAB1,ENSEMBL:ENSG00000109458,GAB1,True,True,4
RPS6KB2,ENSEMBL:ENSG00000175634,RPS6KB2,False,True,1
CCDC127,ENSEMBL:ENSG00000164366,CCDC127,True,True,3
ZNF462,ENSEMBL:ENSG00000148143,ZNF462,True,True,4
SLC48A1,ENSEMBL:ENSG00000211584,SLC48A1,True,True,2
IL13RA1,ENSEMBL:ENSG00000131724,IL13RA1,True,True,4
ATG2A,ENSEMBL:ENSG00000110046,ATG2A,True,True,5
ANKRD35,ENSEMBL:ENSG00000198483,ANKRD35,True,True,2
PNPO,ENSEMBL:ENSG00000108439,PNPO,True,True,5
SYNCRIP,ENSEMBL:ENSG00000135316,SYNCRIP,True,True,3
LGMN,ENSEMBL:ENSG00000100600,LGMN,False,True,4
SERPINB1,ENSEMBL:ENSG00000021355,SERPINB1,True,True,6
SNX19,ENSEMBL:ENSG00000120451,SNX19,True,True,4
ZNF37BP,ENSEMBL:ENSG00000234420,ZNF37BP,True,False,1
VIM,ENSEMBL:ENSG00000026025,VIM,True,True,7
CPD,ENSEMBL:ENSG00000108582,CPD,True,True,6
MBOAT7,ENSEMBL:ENSG00000125505,MBOAT7,True,False,1
IDS,ENSEMBL:ENSG00000010404,IDS,True,True,3
PSAT1,ENSEMBL:ENSG00000135069,PSAT1,False,True,3
LETMD1,ENSEMBL:ENSG00000050426,LETMD1,True,True,4
FKBP4,ENSEMBL:ENSG00000004478,FKBP4,True,True,6
BCAP31,ENSEMBL:ENSG00000185825,BCAP31,True,True,7
AK4,ENSEMBL:ENSG00000162433,AK4,False,True,3
ADPRS,ENSEMBL:ENSG00000116863,ADPRS,True,False,1
RCE1,ENSEMBL:ENSG00000173653,RCE1,True,False,1
MREG,ENSEMBL:ENSG00000118242,MREG,True,True,5
CITED4,ENSEMBL:ENSG00000179862,CITED4,True,True,4
RNF214,ENSEMBL:ENSG00000167257,RNF214,True,False,2
TFE3,ENSEMBL:ENSG00000068323,TFE3,True,False,2
RGS9,ENSEMBL:ENSG00000108370,RGS9,True,False,2
WDR44,ENSEMBL:ENSG00000131725,WDR44,True,False,1
MROH7-TTC4,ENSEMBL:ENSG00000271723,MROH7-TTC4,True,False,1
RTL6,ENSEMBL:ENSG00000188636,RTL6,True,True,2
RAB3IL1,ENSEMBL:ENSG00000167994,RAB3IL1,True,True,4
FAM126B,ENSEMBL:ENSG00000155744,FAM126B,True,True,6
PRKAA2,ENSEMBL:ENSG00000162409,PRKAA2,True,True,3
PUM1,ENSEMBL:ENSG00000134644,PUM1,True,True,3
TBX6,ENSEMBL:ENSG00000149922,TBX6,True,False,1
TUBA4A,ENSEMBL:ENSG00000127824,TUBA4A,True,True,8
ITIH3,ENSEMBL:ENSG00000162267,ITIH3,True,True,3
STRN,ENSEMBL:ENSG00000115808,STRN,True,False,2
RAB7A,ENSEMBL:ENSG00000075785,RAB7A,True,True,3
DEPTOR,ENSEMBL:ENSG00000155792,DEPTOR,True,True,3
TCEAL3,ENSEMBL:ENSG00000196507,TCEAL3,True,True,2
TBC1D1,ENSEMBL:ENSG00000065882,TBC1D1,True,True,6
CISD1,ENSEMBL:ENSG00000122873,CISD1,True,True,5
HEG1,ENSEMBL:ENSG00000173706,HEG1,True,True,4
MARCKS,ENSEMBL:ENSG00000277443,MARCKS,True,True,6
NUMB,ENSEMBL:ENSG00000133961,NUMB,True,False,1
VNN1,ENSEMBL:ENSG00000112299,VNN1,True,True,3
CALD1,ENSEMBL:ENSG00000122786,CALD1,True,True,9
PARG,ENSEMBL:ENSG00000227345,PARG,True,True,2
DYNC1LI2,ENSEMBL:ENSG00000135720,DYNC1LI2,True,True,4
FAH,ENSEMBL:ENSG00000103876,FAH,True,True,4
TTC39B,ENSEMBL:ENSG00000155158,TTC39B,True,False,1
SH3BP5L,ENSEMBL:ENSG00000175137,SH3BP5L,True,True,4
SPPL2A,ENSEMBL:ENSG00000138600,SPPL2A,True,False,1
CDC40,ENSEMBL:ENSG00000168438,CDC40,True,False,2
PPT1,ENSEMBL:ENSG00000131238,PPT1,True,True,7
NDUFS1,ENSEMBL:ENSG00000023228,NDUFS1,True,True,8
REEP5,ENSEMBL:ENSG00000129625,REEP5,True,True,5
RAB3D,ENSEMBL:ENSG00000105514,RAB3D,True,True,4
SERTAD1,ENSEMBL:ENSG00000197019,SERTAD1,True,False,2
ZNF714,ENSEMBL:ENSG00000160352,ZNF714,True,False,1
MFF-DT,ENSEMBL:ENSG00000236432,MFF-DT,True,False,1
FAM241A,ENSEMBL:ENSG00000174749,FAM241A,True,True,4
SLFN12L,ENSEMBL:ENSG00000205045,SLFN12L,True,True,3
PC,ENSEMBL:ENSG00000173599,PC,True,True,6
H2AJ,ENSEMBL:ENSG00000246705,H2AJ,False,True,5
COX7B,ENSEMBL:ENSG00000131174,COX7B,False,True,7
UBXN6,ENSEMBL:ENSG00000167671,UBXN6,True,True,3
E2F2,ENSEMBL:ENSG00000007968,E2F2,False,True,2
ATP6V0D1,ENSEMBL:ENSG00000159720,ATP6V0D1,True,True,5
PPP1R16B,ENSEMBL:ENSG00000101445,PPP1R16B,True,True,6
MET,ENSEMBL:ENSG00000105976,MET,True,True,5
KLRG1,ENSEMBL:ENSG00000139187,KLRG1,True,False,1
ENSEMBL:ENSG00000289230,ENSEMBL:ENSG00000289230,,True,False,1
SESN1,ENSEMBL:ENSG00000080546,SESN1,True,True,5
PTPN7,ENSEMBL:ENSG00000143851,PTPN7,True,True,7
SMCR8,ENSEMBL:ENSG00000176994,SMCR8,True,True,3
CAPN1,ENSEMBL:ENSG00000014216,CAPN1,True,True,6
MID2,ENSEMBL:ENSG00000080561,MID2,True,True,2
OAS3,ENSEMBL:ENSG00000111331,OAS3,True,True,4
GDF10,ENSEMBL:ENSG00000266524,GDF10,False,True,2
PLXNB2,ENSEMBL:ENSG00000196576,PLXNB2,False,True,3
FAM214B,ENSEMBL:ENSG00000005238,FAM214B,True,True,3
PTPRE,ENSEMBL:ENSG00000132334,PTPRE,True,False,2
ATP6V1FNB,ENSEMBL:ENSG00000272899,ATP6V1FNB,True,False,1
RTEL1-TNFRSF6B,ENSEMBL:ENSG00000026036,RTEL1-TNFRSF6B,True,False,1
RPAP2,ENSEMBL:ENSG00000122484,RPAP2,True,False,1
DMRTA1,ENSEMBL:ENSG00000176399,DMRTA1,True,False,1
TOP3B,ENSEMBL:ENSG00000100038,TOP3B,True,False,2
CTDSP1,ENSEMBL:ENSG00000144579,CTDSP1,True,True,3
MYOC,ENSEMBL:ENSG00000034971,MYOC,True,True,3
PRKCH,ENSEMBL:ENSG00000027075,PRKCH,True,True,6
BTNL8,ENSEMBL:ENSG00000113303,BTNL8,True,False,1
ERC1,ENSEMBL:ENSG00000082805,ERC1,True,True,5
RASAL3,ENSEMBL:ENSG00000105122,RASAL3,True,True,9
FAM53C,ENSEMBL:ENSG00000120709,FAM53C,True,False,2
ADH4,ENSEMBL:ENSG00000198099,ADH4,False,True,2
C11orf54,ENSEMBL:ENSG00000182919,C11orf54,True,True,8
GLYAT,ENSEMBL:ENSG00000149124,GLYAT,False,True,2
RPAP1,ENSEMBL:ENSG00000103932,RPAP1,True,True,3
F3,ENSEMBL:ENSG00000117525,F3,True,True,4
FTH1,ENSEMBL:ENSG00000167996,FTH1,True,True,7
PEX11A,ENSEMBL:ENSG00000166821,PEX11A,True,True,3
MICOS13,ENSEMBL:ENSG00000174917,MICOS13,True,True,6
HRAS,ENSEMBL:ENSG00000174775,HRAS,True,True,5
RAD51-AS1,ENSEMBL:ENSG00000245849,RAD51-AS1,True,False,1
MYBL1,ENSEMBL:ENSG00000185697,MYBL1,True,True,3
PTGER3,ENSEMBL:ENSG00000050628,PTGER3,False,True,2
CEP83,ENSEMBL:ENSG00000173588,CEP83,False,True,4
SLC25A19,ENSEMBL:ENSG00000125454,SLC25A19,True,True,4
PIK3IP1,ENSEMBL:ENSG00000100100,PIK3IP1,True,True,3
USP3,ENSEMBL:ENSG00000140455,USP3,True,False,2
TMEM260,ENSEMBL:ENSG00000070269,TMEM260,True,True,3
ITGA4,ENSEMBL:ENSG00000115232,ITGA4,True,True,7
LRG1,ENSEMBL:ENSG00000171236,LRG1,True,True,3
CLEC7A,ENSEMBL:ENSG00000172243,CLEC7A,True,True,3
RNF166,ENSEMBL:ENSG00000158717,RNF166,True,False,1
MXD1,ENSEMBL:ENSG00000059728,MXD1,True,True,3
ENSEMBL:ENSG00000267724,ENSEMBL:ENSG00000267724,,True,False,1
CISH,ENSEMBL:ENSG00000114737,CISH,True,True,4
ACADL,ENSEMBL:ENSG00000115361,ACADL,False,True,5
CD34,ENSEMBL:ENSG00000174059,CD34,True,True,3
RALGAPA2,ENSEMBL:ENSG00000188559,RALGAPA2,True,True,6
IL18R1,ENSEMBL:ENSG00000115604,IL18R1,True,True,4
DGAT2,ENSEMBL:ENSG00000062282,DGAT2,True,True,8
NAPSA,ENSEMBL:ENSG00000131400,NAPSA,True,True,6
SMOC1,ENSEMBL:ENSG00000198732,SMOC1,True,True,2
MGLL,ENSEMBL:ENSG00000074416,MGLL,True,True,7
NFE2,ENSEMBL:ENSG00000123405,NFE2,True,True,4
RNF144A,ENSEMBL:ENSG00000151692,RNF144A,False,True,3
HAL,ENSEMBL:ENSG00000084110,HAL,True,True,2
CA6,ENSEMBL:ENSG00000131686,CA6,False,True,2
LRSAM1,ENSEMBL:ENSG00000148356,LRSAM1,True,False,1
H3-3B,ENSEMBL:ENSG00000132475,H3-3B,True,False,2
TMEM71,ENSEMBL:ENSG00000165071,TMEM71,True,True,3
DDAH1,ENSEMBL:ENSG00000153904,DDAH1,True,True,7
POLH,ENSEMBL:ENSG00000170734,POLH,True,False,1
TMCO4,ENSEMBL:ENSG00000162542,TMCO4,False,True,2
PARP11,ENSEMBL:ENSG00000111224,PARP11,True,False,2
TRPC1,ENSEMBL:ENSG00000144935,TRPC1,False,True,1
CANT1,ENSEMBL:ENSG00000171302,CANT1,True,True,4
MMP25,ENSEMBL:ENSG00000008516,MMP25,True,False,1
TNFRSF10C,ENSEMBL:ENSG00000173535,TNFRSF10C,True,False,1
GCA,ENSEMBL:ENSG00000115271,GCA,True,False,1
SRGN,ENSEMBL:ENSG00000122862,SRGN,True,True,4
DNAJC8,ENSEMBL:ENSG00000126698,DNAJC8,True,True,4
VEZF1,ENSEMBL:ENSG00000136451,VEZF1,True,True,5
CHMP1B,ENSEMBL:ENSG00000255112,CHMP1B,True,False,2
PIGW,ENSEMBL:ENSG00000277161,PIGW,True,False,1
SSH3,ENSEMBL:ENSG00000172830,SSH3,True,True,3
SLC4A4,ENSEMBL:ENSG00000080493,SLC4A4,True,True,4
STXBP1,ENSEMBL:ENSG00000136854,STXBP1,True,True,3
MARCHF3,ENSEMBL:ENSG00000173926,MARCHF3,True,True,2
STYXL2,ENSEMBL:ENSG00000198842,STYXL2,True,True,2
TRAM1,ENSEMBL:ENSG00000067167,TRAM1,True,False,1
SOD3,ENSEMBL:ENSG00000109610,SOD3,False,True,4
ZNF589,ENSEMBL:ENSG00000164048,ZNF589,True,False,1
KLHL6,ENSEMBL:ENSG00000172578,KLHL6,True,True,7
SSC5D,ENSEMBL:ENSG00000179954,SSC5D,False,True,2
LINC01089,ENSEMBL:ENSG00000212694,LINC01089,True,False,1
C1RL,ENSEMBL:ENSG00000139178,C1RL,True,True,4
ENSEMBL:ENSG00000228327,ENSEMBL:ENSG00000228327,,True,False,2
SAT1,ENSEMBL:ENSG00000130066,SAT1,True,True,5
CD163,ENSEMBL:ENSG00000177575,CD163,False,True,3
TNFRSF14,ENSEMBL:ENSG00000157873,TNFRSF14,False,True,6
EBF1,ENSEMBL:ENSG00000164330,EBF1,True,True,5
ZBTB16,ENSEMBL:ENSG00000109906,ZBTB16,True,True,8
ZXDA,ENSEMBL:ENSG00000198205,ZXDA,True,False,1
GBE1,ENSEMBL:ENSG00000114480,GBE1,True,True,9
C15orf39,ENSEMBL:ENSG00000167173,C15orf39,True,False,2
ALPL,ENSEMBL:ENSG00000162551,ALPL,True,True,2
LILRA6,ENSEMBL:ENSG00000244482,LILRA6,True,False,1
HYPK,ENSEMBL:ENSG00000242028,HYPK,False,True,1
LTV1,ENSEMBL:ENSG00000135521,LTV1,True,False,2
RNF24,ENSEMBL:ENSG00000101236,RNF24,True,False,1
RALB,ENSEMBL:ENSG00000144118,RALB,True,False,1
RAP1A,ENSEMBL:ENSG00000116473,RAP1A,True,True,4
ZAP70,ENSEMBL:ENSG00000115085,ZAP70,True,True,6
H2AX,ENSEMBL:ENSG00000188486,H2AX,True,True,5
KDR,ENSEMBL:ENSG00000128052,KDR,True,True,3
ACP6,ENSEMBL:ENSG00000162836,ACP6,True,True,5
MAP7D2,ENSEMBL:ENSG00000184368,MAP7D2,False,True,4
COX7C,ENSEMBL:ENSG00000127184,COX7C,True,True,7
HSD11B2,ENSEMBL:ENSG00000176387,HSD11B2,True,True,5
OST4,ENSEMBL:ENSG00000228474,OST4,True,True,4
CAMK2A,ENSEMBL:ENSG00000070808,CAMK2A,True,True,4
MARCHF2,ENSEMBL:ENSG00000099785,MARCHF2,True,True,5
RFFL,ENSEMBL:ENSG00000092871,RFFL,True,True,3
VMP1,ENSEMBL:ENSG00000062716,VMP1,True,True,3
EOMES,ENSEMBL:ENSG00000163508,EOMES,True,False,1
NDUFA3,ENSEMBL:ENSG00000170906,NDUFA3,True,True,7
ZC3H12C,ENSEMBL:ENSG00000149289,ZC3H12C,True,False,1
BDKRB2,ENSEMBL:ENSG00000168398,BDKRB2,True,False,1
SUCLA2,ENSEMBL:ENSG00000136143,SUCLA2,False,True,6
PDCD4,ENSEMBL:ENSG00000150593,PDCD4,True,True,4
ANKRD9,ENSEMBL:ENSG00000156381,ANKRD9,True,True,3
C6,ENSEMBL:ENSG00000039537,C6,False,True,4
MSL1,ENSEMBL:ENSG00000188895,MSL1,True,False,2
KANSL1,ENSEMBL:ENSG00000120071,KANSL1,True,False,1
MRPL41,ENSEMBL:ENSG00000182154,MRPL41,True,True,4
CRB3,ENSEMBL:ENSG00000130545,CRB3,False,True,3
GAB2,ENSEMBL:ENSG00000033327,GAB2,True,True,3
SRSF11,ENSEMBL:ENSG00000116754,SRSF11,True,False,1
PIK3R5,ENSEMBL:ENSG00000141506,PIK3R5,True,True,4
SMURF1,ENSEMBL:ENSG00000198742,SMURF1,True,False,3
TCEANC,ENSEMBL:ENSG00000176896,TCEANC,True,False,1
SPIN3,ENSEMBL:ENSG00000204271,SPIN3,True,False,2
RPS2,ENSEMBL:ENSG00000140988,RPS2,True,True,10
CCT5,ENSEMBL:ENSG00000150753,CCT5,True,True,3
SLC7A6,ENSEMBL:ENSG00000103064,SLC7A6,True,True,2
MRPS18A,ENSEMBL:ENSG00000096080,MRPS18A,True,True,4
ZFP36,ENSEMBL:ENSG00000128016,ZFP36,True,True,4
KREMEN1,ENSEMBL:ENSG00000183762,KREMEN1,True,False,1
SAMD4B,ENSEMBL:ENSG00000179134,SAMD4B,True,True,3
RBM43,ENSEMBL:ENSG00000184898,RBM43,True,False,2
FANCI,ENSEMBL:ENSG00000140525,FANCI,False,True,2
LYSMD2,ENSEMBL:ENSG00000140280,LYSMD2,True,True,3
ETFB,ENSEMBL:ENSG00000105379,ETFB,True,True,9
NFATC3,ENSEMBL:ENSG00000072736,NFATC3,True,True,3
TLR8,ENSEMBL:ENSG00000101916,TLR8,True,True,5
FLOT1,ENSEMBL:ENSG00000137312,FLOT1,True,True,2
KDM6B,ENSEMBL:ENSG00000132510,KDM6B,True,True,4
ITGAM,ENSEMBL:ENSG00000169896,ITGAM,True,False,1
PCBP1,ENSEMBL:ENSG00000169564,PCBP1,True,True,4
GPAT4,ENSEMBL:ENSG00000158669,GPAT4,True,True,4
MSL3,ENSEMBL:ENSG00000005302,MSL3,True,False,2
MCCC2,ENSEMBL:ENSG00000131844,MCCC2,True,True,5
WASL,ENSEMBL:ENSG00000106299,WASL,True,True,2
BOC,ENSEMBL:ENSG00000144857,BOC,True,True,3
INTU,ENSEMBL:ENSG00000164066,INTU,True,False,1
CCDC28B,ENSEMBL:ENSG00000160050,CCDC28B,True,True,3
PLAAT3,ENSEMBL:ENSG00000176485,PLAAT3,True,True,7
MAZ,ENSEMBL:ENSG00000103495,MAZ,True,True,4
CFAP44,ENSEMBL:ENSG00000206530,CFAP44,True,True,4
TENT4B,ENSEMBL:ENSG00000121274,TENT4B,True,True,2
MAP3K4,ENSEMBL:ENSG00000085511,MAP3K4,True,False,1
DNAJB9,ENSEMBL:ENSG00000128590,DNAJB9,True,False,1
CDK2AP2,ENSEMBL:ENSG00000167797,CDK2AP2,True,True,4
SRSF7,ENSEMBL:ENSG00000115875,SRSF7,True,False,1
PIEZO1,ENSEMBL:ENSG00000103335,PIEZO1,True,True,3
INPP5J,ENSEMBL:ENSG00000185133,INPP5J,True,True,4
ALOX5AP,ENSEMBL:ENSG00000132965,ALOX5AP,True,True,2
SEMA3B,ENSEMBL:ENSG00000012171,SEMA3B,True,True,4
ETFA,ENSEMBL:ENSG00000140374,ETFA,False,True,8
CST3,ENSEMBL:ENSG00000101439,CST3,True,True,7
KIAA0232,ENSEMBL:ENSG00000170871,KIAA0232,True,True,4
FLT3LG,ENSEMBL:ENSG00000090554,FLT3LG,True,False,2
COL14A1,ENSEMBL:ENSG00000187955,COL14A1,False,True,6
CSN1S1,ENSEMBL:ENSG00000126545,CSN1S1,False,True,1
ARL5B,ENSEMBL:ENSG00000165997,ARL5B,True,True,5
XKRX,ENSEMBL:ENSG00000182489,XKRX,False,True,3
TXLNG,ENSEMBL:ENSG00000086712,TXLNG,True,True,3
ATP5MG,ENSEMBL:ENSG00000167283,ATP5MG,True,True,7
LGALS9C,ENSEMBL:ENSG00000171916,LGALS9C,True,False,1
MSRB3,ENSEMBL:ENSG00000174099,MSRB3,True,True,6
ATRN,ENSEMBL:ENSG00000088812,ATRN,True,True,2
B4GAT1,ENSEMBL:ENSG00000174684,B4GAT1,True,True,3
GTF2IRD2B,ENSEMBL:ENSG00000174428,GTF2IRD2B,True,False,1
SLC39A14,ENSEMBL:ENSG00000104635,SLC39A14,True,True,3
TCIRG1,ENSEMBL:ENSG00000110719,TCIRG1,True,True,5
RAP1GAP,ENSEMBL:ENSG00000076864,RAP1GAP,False,True,6
COL4A2,ENSEMBL:ENSG00000134871,COL4A2,True,True,5
GNAL,ENSEMBL:ENSG00000141404,GNAL,True,False,1
IFRD2,ENSEMBL:ENSG00000214706,IFRD2,True,True,3
CCDC115,ENSEMBL:ENSG00000136710,CCDC115,True,False,2
MIER1,ENSEMBL:ENSG00000198160,MIER1,True,True,3
YBX1,ENSEMBL:ENSG00000065978,YBX1,True,True,6
TRIM8,ENSEMBL:ENSG00000171206,TRIM8,True,False,2
ZNF33A,ENSEMBL:ENSG00000189180,ZNF33A,True,False,2
P2RY13,ENSEMBL:ENSG00000181631,P2RY13,True,False,1
CDC42EP3,ENSEMBL:ENSG00000163171,CDC42EP3,True,False,3
KLHL2,ENSEMBL:ENSG00000109466,KLHL2,True,True,3
CERS2,ENSEMBL:ENSG00000143418,CERS2,True,True,3
TIMM10B,ENSEMBL:ENSG00000132286,TIMM10B,True,False,2
TMEM120B,ENSEMBL:ENSG00000188735,TMEM120B,True,True,3
FXR2,ENSEMBL:ENSG00000129245,FXR2,True,True,3
IL1RN,ENSEMBL:ENSG00000136689,IL1RN,True,True,5
SIDT1,ENSEMBL:ENSG00000072858,SIDT1,True,True,4
TMEM86B,ENSEMBL:ENSG00000180089,TMEM86B,False,True,2
CRISPLD2,ENSEMBL:ENSG00000103196,CRISPLD2,True,True,5
CAMKK2,ENSEMBL:ENSG00000110931,CAMKK2,True,False,1
MFHAS1,ENSEMBL:ENSG00000147324,MFHAS1,True,True,3
TIGD5,ENSEMBL:ENSG00000179886,TIGD5,True,False,1
CCNL2,ENSEMBL:ENSG00000221978,CCNL2,True,False,1
CD164,ENSEMBL:ENSG00000135535,CD164,True,True,2
MARCHF5,ENSEMBL:ENSG00000198060,MARCHF5,True,True,6
PIP4P1,ENSEMBL:ENSG00000165782,PIP4P1,True,True,2
PPM1B,ENSEMBL:ENSG00000138032,PPM1B,True,True,2
RAP1GAP2,ENSEMBL:ENSG00000132359,RAP1GAP2,True,True,2
GNA12,ENSEMBL:ENSG00000146535,GNA12,True,True,6
COX6C,ENSEMBL:ENSG00000164919,COX6C,True,True,8
VAPA,ENSEMBL:ENSG00000101558,VAPA,True,True,4
PLPPR2,ENSEMBL:ENSG00000105520,PLPPR2,True,True,2
MYOZ2,ENSEMBL:ENSG00000172399,MYOZ2,True,True,3
NDUFB8,ENSEMBL:ENSG00000166136,NDUFB8,True,True,6
ENSEMBL:ENSG00000273599,ENSEMBL:ENSG00000273599,,True,False,1
EPAS1,ENSEMBL:ENSG00000116016,EPAS1,True,True,6
CAPN2,ENSEMBL:ENSG00000162909,CAPN2,True,True,7
SLC45A4,ENSEMBL:ENSG00000022567,SLC45A4,True,True,6
SIGLEC1,ENSEMBL:ENSG00000088827,SIGLEC1,True,True,6
NDUFA2,ENSEMBL:ENSG00000131495,NDUFA2,False,True,7
CCR5,ENSEMBL:ENSG00000160791,CCR5,True,True,4
ZBTB49,ENSEMBL:ENSG00000168826,ZBTB49,True,False,1
ATXN1L,ENSEMBL:ENSG00000224470,ATXN1L,True,False,1
AMER1,ENSEMBL:ENSG00000184675,AMER1,True,True,3
RNF26,ENSEMBL:ENSG00000173456,RNF26,True,False,2
GOLGA8R,ENSEMBL:ENSG00000186399,GOLGA8R,True,False,1
RDH14,ENSEMBL:ENSG00000240857,RDH14,True,True,2
MCEE,ENSEMBL:ENSG00000124370,MCEE,False,True,7
TMEM70,ENSEMBL:ENSG00000175606,TMEM70,True,True,7
BRI3,ENSEMBL:ENSG00000164713,BRI3,True,False,2
SLCO2B1,ENSEMBL:ENSG00000137491,SLCO2B1,True,True,4
SELENBP1,ENSEMBL:ENSG00000143416,SELENBP1,True,True,9
PIK3CA,ENSEMBL:ENSG00000121879,PIK3CA,True,True,4
EIF4E3,ENSEMBL:ENSG00000163412,EIF4E3,True,True,5
ABCA3,ENSEMBL:ENSG00000167972,ABCA3,True,True,3
DOCK10,ENSEMBL:ENSG00000135905,DOCK10,False,True,5
NDRG1,ENSEMBL:ENSG00000104419,NDRG1,True,True,9
PPL,ENSEMBL:ENSG00000118898,PPL,True,True,8
TNFSF14,ENSEMBL:ENSG00000125735,TNFSF14,True,True,3
ZRSR2,ENSEMBL:ENSG00000169249,ZRSR2,True,False,1
PPP1R18,ENSEMBL:ENSG00000146112,PPP1R18,True,True,5
RGMB,ENSEMBL:ENSG00000174136,RGMB,True,False,1
PRKCB,ENSEMBL:ENSG00000166501,PRKCB,True,True,7
ELF4,ENSEMBL:ENSG00000102034,ELF4,True,True,4
HCN2,ENSEMBL:ENSG00000099822,HCN2,False,True,1
NCR3LG1,ENSEMBL:ENSG00000188211,NCR3LG1,True,False,1
RXRG,ENSEMBL:ENSG00000143171,RXRG,True,True,2
NDUFB6,ENSEMBL:ENSG00000165264,NDUFB6,False,True,5
SMARCA1,ENSEMBL:ENSG00000102038,SMARCA1,True,True,3
SHMT1,ENSEMBL:ENSG00000176974,SHMT1,True,True,3
DBNDD1,ENSEMBL:ENSG00000003249,DBNDD1,True,False,2
SEPTIN7P2,ENSEMBL:ENSG00000214765,SEPTIN7P2,True,False,2
MYO7B,ENSEMBL:ENSG00000169994,MYO7B,True,True,3
KIAA0408,ENSEMBL:ENSG00000189367,KIAA0408,True,True,6
MT-ND2,ENSEMBL:ENSG00000198763,MT-ND2,True,True,7
ENTPD1,ENSEMBL:ENSG00000138185,ENTPD1,True,True,2
TNFRSF18,ENSEMBL:ENSG00000186891,TNFRSF18,True,True,2
SNAPC4,ENSEMBL:ENSG00000165684,SNAPC4,True,False,1
MS4A8,ENSEMBL:ENSG00000166959,MS4A8,True,True,2
TMX4,ENSEMBL:ENSG00000125827,TMX4,True,False,2
INPP5A,ENSEMBL:ENSG00000068383,INPP5A,True,True,4
FASN,ENSEMBL:ENSG00000169710,FASN,True,True,9
STAM,ENSEMBL:ENSG00000136738,STAM,True,True,2
SLC5A1,ENSEMBL:ENSG00000100170,SLC5A1,True,True,4
STAG3L5P,ENSEMBL:ENSG00000242294,STAG3L5P,True,False,1
ZMYM4,ENSEMBL:ENSG00000146463,ZMYM4,True,False,1
JMJD7-PLA2G4B,ENSEMBL:ENSG00000168970,JMJD7-PLA2G4B,True,False,2
CCR1,ENSEMBL:ENSG00000163823,CCR1,True,True,5
TOP1,ENSEMBL:ENSG00000198900,TOP1,True,True,5
FCN1,ENSEMBL:ENSG00000085265,FCN1,False,True,3
CENPW,ENSEMBL:ENSG00000203760,CENPW,False,True,1
TNNT3,ENSEMBL:ENSG00000130595,TNNT3,True,True,3
C1QB,ENSEMBL:ENSG00000173369,C1QB,False,True,2
FSIP1,ENSEMBL:ENSG00000150667,FSIP1,False,True,2
PLEK,ENSEMBL:ENSG00000115956,PLEK,True,True,3
NBPF12,ENSEMBL:ENSG00000268043,NBPF12,True,False,2
TMEM50A,ENSEMBL:ENSG00000183726,TMEM50A,True,False,1
NFKBIZ,ENSEMBL:ENSG00000144802,NFKBIZ,True,False,3
ADRM1,ENSEMBL:ENSG00000130706,ADRM1,True,True,5
RALBP1,ENSEMBL:ENSG00000017797,RALBP1,True,True,8
PANK1,ENSEMBL:ENSG00000152782,PANK1,True,True,6
RPRD2,ENSEMBL:ENSG00000163125,RPRD2,True,False,1
DYNC1I2,ENSEMBL:ENSG00000077380,DYNC1I2,True,False,1
MYL6,ENSEMBL:ENSG00000092841,MYL6,True,True,7
AMFR,ENSEMBL:ENSG00000159461,AMFR,True,True,4
NINJ2-AS1,ENSEMBL:ENSG00000177406,NINJ2-AS1,True,False,1
VDAC2,ENSEMBL:ENSG00000165637,VDAC2,True,True,6
FAM214A,ENSEMBL:ENSG00000047346,FAM214A,True,True,3
COQ10A,ENSEMBL:ENSG00000135469,COQ10A,True,True,7
CNIH4,ENSEMBL:ENSG00000143771,CNIH4,True,False,2
NCEH1,ENSEMBL:ENSG00000144959,NCEH1,True,True,5
ENSEMBL:ENSG00000280332,ENSEMBL:ENSG00000280332,,True,False,2
ENSEMBL:ENSG00000287955,ENSEMBL:ENSG00000287955,,True,False,1
GADD45B,ENSEMBL:ENSG00000099860,GADD45B,True,False,2
FBXL5,ENSEMBL:ENSG00000118564,FBXL5,True,False,2
NBEAL2,ENSEMBL:ENSG00000160796,NBEAL2,True,True,4
DENND3,ENSEMBL:ENSG00000105339,DENND3,True,False,2
MRPL4,ENSEMBL:ENSG00000105364,MRPL4,True,True,5
HERC6,ENSEMBL:ENSG00000138642,HERC6,True,True,5
CBX7,ENSEMBL:ENSG00000100307,CBX7,True,True,5
SCGB2A1,ENSEMBL:ENSG00000124939,SCGB2A1,False,True,1
CRAT,ENSEMBL:ENSG00000095321,CRAT,False,True,11
RAB18,ENSEMBL:ENSG00000099246,RAB18,True,True,4
PLEKHF2,ENSEMBL:ENSG00000175895,PLEKHF2,True,False,2
ARG1,ENSEMBL:ENSG00000118520,ARG1,True,True,3
BCKDHB,ENSEMBL:ENSG00000083123,BCKDHB,True,True,8
GIMAP1,ENSEMBL:ENSG00000213203,GIMAP1,True,True,5
PMS2,ENSEMBL:ENSG00000122512,PMS2,True,False,2
SETD1B,ENSEMBL:ENSG00000139718,SETD1B,True,True,5
TFPI,ENSEMBL:ENSG00000003436,TFPI,True,True,3
PSD4,ENSEMBL:ENSG00000125637,PSD4,True,True,6
PRPF38A,ENSEMBL:ENSG00000134748,PRPF38A,True,False,1
CPNE3,ENSEMBL:ENSG00000085719,CPNE3,True,True,3
ENSEMBL:ENSG00000280287,ENSEMBL:ENSG00000280287,,True,False,1
ZEB1-AS1,ENSEMBL:ENSG00000237036,ZEB1-AS1,True,False,1
NRP1,ENSEMBL:ENSG00000099250,NRP1,True,True,5
ENSEMBL:ENSG00000289485,ENSEMBL:ENSG00000289485,,True,False,1
CHD9,ENSEMBL:ENSG00000177200,CHD9,True,True,2
GRPEL2,ENSEMBL:ENSG00000164284,GRPEL2,True,True,2
PWWP3B,ENSEMBL:ENSG00000157502,PWWP3B,True,True,3
TMIGD2,ENSEMBL:ENSG00000167664,TMIGD2,True,False,1
MS4A1,ENSEMBL:ENSG00000156738,MS4A1,True,True,4
GPC3,ENSEMBL:ENSG00000147257,GPC3,False,True,2
PNP,ENSEMBL:ENSG00000198805,PNP,True,True,6
SLC41A2,ENSEMBL:ENSG00000136052,SLC41A2,False,True,1
STK35,ENSEMBL:ENSG00000125834,STK35,True,True,3
SLC35E2B,ENSEMBL:ENSG00000189339,SLC35E2B,True,False,2
PPIEL,ENSEMBL:ENSG00000243970,PPIEL,True,False,2
WDR5B-DT,ENSEMBL:ENSG00000272758,WDR5B-DT,True,False,1
WNK1,ENSEMBL:ENSG00000060237,WNK1,True,True,7
CGREF1,ENSEMBL:ENSG00000138028,CGREF1,True,True,3
HK3,ENSEMBL:ENSG00000160883,HK3,True,True,7
TMEM106C,ENSEMBL:ENSG00000134291,TMEM106C,True,True,3
APOBR,ENSEMBL:ENSG00000184730,APOBR,True,True,4
LMOD1,ENSEMBL:ENSG00000163431,LMOD1,True,True,3
GRAMD2B,ENSEMBL:ENSG00000155324,GRAMD2B,True,True,3
CEBPB,ENSEMBL:ENSG00000172216,CEBPB,True,True,9
DTWD1,ENSEMBL:ENSG00000104047,DTWD1,True,False,1
RAB30,ENSEMBL:ENSG00000137502,RAB30,True,True,3
ENSEMBL:ENSG00000262580,ENSEMBL:ENSG00000262580,,True,False,1
SORBS3,ENSEMBL:ENSG00000120896,SORBS3,True,True,5
RUNDC3A,ENSEMBL:ENSG00000108309,RUNDC3A,True,True,2
C3orf86,ENSEMBL:ENSG00000225873,C3orf86,True,False,1
GSTM2,ENSEMBL:ENSG00000213366,GSTM2,True,True,8
LYPLAL1,ENSEMBL:ENSG00000143353,LYPLAL1,True,True,3
PACS2,ENSEMBL:ENSG00000179364,PACS2,True,True,6
ENSEMBL:ENSG00000214942,ENSEMBL:ENSG00000214942,,True,False,1
TIGIT,ENSEMBL:ENSG00000181847,TIGIT,True,True,2
SIAE,ENSEMBL:ENSG00000110013,SIAE,True,False,1
FRAT2,ENSEMBL:ENSG00000181274,FRAT2,True,False,2
MED13,ENSEMBL:ENSG00000108510,MED13,True,True,3
MRPL23-AS1,ENSEMBL:ENSG00000226416,MRPL23-AS1,True,False,1
SLC27A2,ENSEMBL:ENSG00000140284,SLC27A2,False,True,3
RSPO1,ENSEMBL:ENSG00000169218,RSPO1,True,True,4
SLC25A39,ENSEMBL:ENSG00000013306,SLC25A39,True,True,5
ATG4D,ENSEMBL:ENSG00000130734,ATG4D,True,True,5
SLC39A8,ENSEMBL:ENSG00000138821,SLC39A8,False,True,5
ARHGEF1,ENSEMBL:ENSG00000076928,ARHGEF1,False,True,3
NXPH3,ENSEMBL:ENSG00000182575,NXPH3,True,True,3
ZNF436,ENSEMBL:ENSG00000125945,ZNF436,True,True,6
CARMIL3,ENSEMBL:ENSG00000186648,CARMIL3,True,False,1
SESN2,ENSEMBL:ENSG00000130766,SESN2,True,True,4
CAPG,ENSEMBL:ENSG00000042493,CAPG,True,True,5
TIA1,ENSEMBL:ENSG00000116001,TIA1,True,True,3
ENSEMBL:ENSG00000231881,ENSEMBL:ENSG00000231881,,True,False,1
MRC1,ENSEMBL:ENSG00000260314,MRC1,False,True,7
LSP1,ENSEMBL:ENSG00000130592,LSP1,True,True,6
SUSD2,ENSEMBL:ENSG00000099994,SUSD2,True,True,4
SYNJ2BP,ENSEMBL:ENSG00000213463,SYNJ2BP,True,True,4
MARCKSL1,ENSEMBL:ENSG00000175130,MARCKSL1,True,True,5
KBTBD12,ENSEMBL:ENSG00000187715,KBTBD12,True,True,3
ACIN1,ENSEMBL:ENSG00000100813,ACIN1,True,True,5
BMPR1A,ENSEMBL:ENSG00000107779,BMPR1A,True,False,2
QPCT,ENSEMBL:ENSG00000115828,QPCT,True,False,1
TRPM4,ENSEMBL:ENSG00000130529,TRPM4,True,True,5
H3C14,ENSEMBL:ENSG00000203811,H3C14,False,True,2
TNFAIP1,ENSEMBL:ENSG00000109079,TNFAIP1,True,False,1
ZFR,ENSEMBL:ENSG00000056097,ZFR,True,True,4
PHLDB1,ENSEMBL:ENSG00000019144,PHLDB1,True,True,7
TBC1D14,ENSEMBL:ENSG00000132405,TBC1D14,True,True,4
GAN,ENSEMBL:ENSG00000261609,GAN,True,False,1
CD36,ENSEMBL:ENSG00000135218,CD36,True,True,6
TUBB,ENSEMBL:ENSG00000196230,TUBB,True,True,5
ARG2,ENSEMBL:ENSG00000081181,ARG2,True,True,2
MGAM,ENSEMBL:ENSG00000257335,MGAM,True,True,2
LPGAT1,ENSEMBL:ENSG00000123684,LPGAT1,True,True,4
WTAP,ENSEMBL:ENSG00000146457,WTAP,True,True,3
JCHAIN,ENSEMBL:ENSG00000132465,JCHAIN,False,True,4
CXorf38,ENSEMBL:ENSG00000185753,CXorf38,True,False,1
MAPK1IP1L,ENSEMBL:ENSG00000168175,MAPK1IP1L,True,True,4
KCNB1,ENSEMBL:ENSG00000158445,KCNB1,True,True,5
PIAS3,ENSEMBL:ENSG00000131788,PIAS3,True,False,1
ASPA,ENSEMBL:ENSG00000108381,ASPA,True,True,2
R3HDM2,ENSEMBL:ENSG00000179912,R3HDM2,True,True,4
NORAD,ENSEMBL:ENSG00000260032,NORAD,True,False,2
ZSWIM6,ENSEMBL:ENSG00000130449,ZSWIM6,True,True,3
ARNTL,ENSEMBL:ENSG00000133794,ARNTL,True,False,2
TAF15,ENSEMBL:ENSG00000270647,TAF15,True,True,3
UBXN4,ENSEMBL:ENSG00000144224,UBXN4,True,False,2
ATP1A1,ENSEMBL:ENSG00000163399,ATP1A1,True,True,8
DDA1,ENSEMBL:ENSG00000130311,DDA1,True,False,3
DIMT1,ENSEMBL:ENSG00000086189,DIMT1,True,False,1
TLCD3B,ENSEMBL:ENSG00000149926,TLCD3B,False,True,3
PPP4R1,ENSEMBL:ENSG00000154845,PPP4R1,True,False,1
STEAP4,ENSEMBL:ENSG00000127954,STEAP4,True,True,5
LINC01002,ENSEMBL:ENSG00000282508,LINC01002,True,False,1
ISOC2,ENSEMBL:ENSG00000063241,ISOC2,True,True,6
SLC25A46,ENSEMBL:ENSG00000164209,SLC25A46,True,True,4
ADH7,ENSEMBL:ENSG00000196344,ADH7,False,True,2
EML1,ENSEMBL:ENSG00000066629,EML1,True,False,1
EXOC6B,ENSEMBL:ENSG00000144036,EXOC6B,True,True,4
IL1RAP,ENSEMBL:ENSG00000196083,IL1RAP,True,True,3
ST14,ENSEMBL:ENSG00000149418,ST14,True,True,4
SULT1A1,ENSEMBL:ENSG00000196502,SULT1A1,True,True,7
ZNF839,ENSEMBL:ENSG00000022976,ZNF839,True,True,3
BAG1,ENSEMBL:ENSG00000107262,BAG1,True,True,3
KIR2DL3,ENSEMBL:ENSG00000243772,KIR2DL3,True,False,1
SDHB,ENSEMBL:ENSG00000117118,SDHB,True,True,10
FOXP1,ENSEMBL:ENSG00000114861,FOXP1,True,True,4
SLC12A9,ENSEMBL:ENSG00000146828,SLC12A9,True,True,4
ACSS3,ENSEMBL:ENSG00000111058,ACSS3,True,True,6
ENSEMBL:ENSG00000272501,ENSEMBL:ENSG00000272501,,True,False,2
CLN8-AS1,ENSEMBL:ENSG00000253982,CLN8-AS1,True,False,1
DOK2,ENSEMBL:ENSG00000147443,DOK2,True,True,5
MAMDC4,ENSEMBL:ENSG00000177943,MAMDC4,True,False,2
ALCAM,ENSEMBL:ENSG00000170017,ALCAM,False,True,2
SEPTIN6,ENSEMBL:ENSG00000125354,SEPTIN6,True,True,6
BRD8,ENSEMBL:ENSG00000112983,BRD8,True,True,4
TRPM5,ENSEMBL:ENSG00000070985,TRPM5,True,True,2
C1R,ENSEMBL:ENSG00000159403,C1R,False,True,5
FBXO3,ENSEMBL:ENSG00000110429,FBXO3,True,False,2
BAZ2A,ENSEMBL:ENSG00000076108,BAZ2A,True,True,5
PPP1R13B,ENSEMBL:ENSG00000088808,PPP1R13B,True,True,6
ADAM8,ENSEMBL:ENSG00000151651,ADAM8,True,True,2
CEACAM4,ENSEMBL:ENSG00000105352,CEACAM4,True,True,2
ACTN3,ENSEMBL:ENSG00000248746,ACTN3,True,True,5
FRY,ENSEMBL:ENSG00000073910,FRY,True,True,5
BASP1,ENSEMBL:ENSG00000176788,BASP1,True,True,4
PIGR,ENSEMBL:ENSG00000162896,PIGR,False,True,5
ENSEMBL:ENSG00000273576,ENSEMBL:ENSG00000273576,,True,False,1
PRKAA1,ENSEMBL:ENSG00000132356,PRKAA1,True,True,5
B4GALT1,ENSEMBL:ENSG00000086062,B4GALT1,True,True,5
OASL,ENSEMBL:ENSG00000135114,OASL,True,True,5
BTN3A2,ENSEMBL:ENSG00000186470,BTN3A2,True,False,1
ITGB1,ENSEMBL:ENSG00000150093,ITGB1,True,True,3
FAM161A,ENSEMBL:ENSG00000170264,FAM161A,True,False,1
SRCIN1,ENSEMBL:ENSG00000273608,SRCIN1,False,True,6
HADHA,ENSEMBL:ENSG00000084754,HADHA,True,True,9
RAD54L2,ENSEMBL:ENSG00000164080,RAD54L2,True,True,3
GHRL,ENSEMBL:ENSG00000157017,GHRL,True,True,4
FZD3,ENSEMBL:ENSG00000104290,FZD3,True,False,1
OGFOD1,ENSEMBL:ENSG00000087263,OGFOD1,True,False,1
KAT7,ENSEMBL:ENSG00000136504,KAT7,True,True,2
LAG3,ENSEMBL:ENSG00000089692,LAG3,True,True,2
USB1,ENSEMBL:ENSG00000103005,USB1,True,False,2
APEH,ENSEMBL:ENSG00000164062,APEH,True,True,4
CALM1,ENSEMBL:ENSG00000198668,CALM1,True,True,9
TNRC6B,ENSEMBL:ENSG00000100354,TNRC6B,True,True,3
FAM189B,ENSEMBL:ENSG00000160767,FAM189B,False,True,4
SRSF6,ENSEMBL:ENSG00000124193,SRSF6,True,True,4
ZNF491,ENSEMBL:ENSG00000177599,ZNF491,True,False,1
GSTM1,ENSEMBL:ENSG00000134184,GSTM1,True,True,4
TTC7A,ENSEMBL:ENSG00000068724,TTC7A,True,True,6
DNASE1L2,ENSEMBL:ENSG00000167968,DNASE1L2,True,True,2
SLC22A23,ENSEMBL:ENSG00000137266,SLC22A23,True,True,3
ASB16,ENSEMBL:ENSG00000161664,ASB16,True,True,3
ENPP2,ENSEMBL:ENSG00000136960,ENPP2,False,True,2
SLC26A9,ENSEMBL:ENSG00000174502,SLC26A9,True,False,1
MOAP1,ENSEMBL:ENSG00000165943,MOAP1,True,True,2
PTPN14,ENSEMBL:ENSG00000152104,PTPN14,True,True,5
PMPCB,ENSEMBL:ENSG00000105819,PMPCB,False,True,3
FAU,ENSEMBL:ENSG00000149806,FAU,True,True,2
PPM1E,ENSEMBL:ENSG00000175175,PPM1E,False,True,3
C1QA,ENSEMBL:ENSG00000173372,C1QA,False,True,4
ACO1,ENSEMBL:ENSG00000122729,ACO1,True,True,6
HCFC1R1,ENSEMBL:ENSG00000103145,HCFC1R1,True,True,3
EFNA5,ENSEMBL:ENSG00000184349,EFNA5,True,True,3
ITPRID2,ENSEMBL:ENSG00000138434,ITPRID2,True,True,6
ATP5F1D,ENSEMBL:ENSG00000099624,ATP5F1D,True,True,7
ENC1,ENSEMBL:ENSG00000171617,ENC1,True,True,6
JAK1,ENSEMBL:ENSG00000162434,JAK1,True,True,5
ATF6B,ENSEMBL:ENSG00000213676,ATF6B,True,False,2
KIF1C,ENSEMBL:ENSG00000129250,KIF1C,True,True,2
HEYL,ENSEMBL:ENSG00000163909,HEYL,True,True,3
SETD7,ENSEMBL:ENSG00000145391,SETD7,True,True,5
SLC16A11,ENSEMBL:ENSG00000174326,SLC16A11,False,True,1
NECAB2,ENSEMBL:ENSG00000103154,NECAB2,True,True,3
MANSC1,ENSEMBL:ENSG00000111261,MANSC1,True,False,1
ADGRL2,ENSEMBL:ENSG00000117114,ADGRL2,False,True,4
ESRRA,ENSEMBL:ENSG00000173153,ESRRA,True,True,4
PCYT2,ENSEMBL:ENSG00000185813,PCYT2,True,True,6
IFI44,ENSEMBL:ENSG00000137965,IFI44,True,True,3
EDN1,ENSEMBL:ENSG00000078401,EDN1,True,False,1
NOS3,ENSEMBL:ENSG00000164867,NOS3,True,True,4
GOLT1B,ENSEMBL:ENSG00000111711,GOLT1B,True,False,1
PARVG,ENSEMBL:ENSG00000138964,PARVG,True,True,5
ABCD4,ENSEMBL:ENSG00000119688,ABCD4,True,True,3
ENSEMBL:ENSG00000279278,ENSEMBL:ENSG00000279278,,True,False,1
UBE4A,ENSEMBL:ENSG00000110344,UBE4A,True,False,2
FXR1,ENSEMBL:ENSG00000114416,FXR1,True,True,4
TPRG1,ENSEMBL:ENSG00000188001,TPRG1,True,False,1
CD109,ENSEMBL:ENSG00000156535,CD109,True,True,2
HINT1,ENSEMBL:ENSG00000169567,HINT1,True,True,9
ARL8B,ENSEMBL:ENSG00000134108,ARL8B,True,True,4
RHOC,ENSEMBL:ENSG00000155366,RHOC,True,True,3
CKAP4,ENSEMBL:ENSG00000136026,CKAP4,True,True,6
PLCL2,ENSEMBL:ENSG00000154822,PLCL2,True,True,7
CXCR1,ENSEMBL:ENSG00000163464,CXCR1,True,True,2
SMAD3,ENSEMBL:ENSG00000166949,SMAD3,True,True,4
RASGRP4,ENSEMBL:ENSG00000171777,RASGRP4,True,True,3
TTLL11,ENSEMBL:ENSG00000175764,TTLL11,True,True,2
SLC43A1,ENSEMBL:ENSG00000149150,SLC43A1,True,True,6
PARP1,ENSEMBL:ENSG00000143799,PARP1,True,True,2
NXT1,ENSEMBL:ENSG00000132661,NXT1,True,True,3
MEFV,ENSEMBL:ENSG00000103313,MEFV,True,True,3
NAT8L,ENSEMBL:ENSG00000185818,NAT8L,False,True,2
POLR3C,ENSEMBL:ENSG00000186141,POLR3C,True,False,2
PPFIBP2,ENSEMBL:ENSG00000166387,PPFIBP2,True,True,4
PDLIM1,ENSEMBL:ENSG00000107438,PDLIM1,True,True,6
TNFRSF1B,ENSEMBL:ENSG00000028137,TNFRSF1B,True,True,6
BGN,ENSEMBL:ENSG00000182492,BGN,False,True,6
PAN2,ENSEMBL:ENSG00000135473,PAN2,True,False,1
ZNF646,ENSEMBL:ENSG00000167395,ZNF646,True,True,3
ARFGAP2,ENSEMBL:ENSG00000149182,ARFGAP2,True,False,2
FADS2,ENSEMBL:ENSG00000134824,FADS2,True,True,3
RTN3,ENSEMBL:ENSG00000133318,RTN3,True,True,5
OSBPL11,ENSEMBL:ENSG00000144909,OSBPL11,True,True,4
ADORA1,ENSEMBL:ENSG00000163485,ADORA1,True,True,3
MTX2,ENSEMBL:ENSG00000128654,MTX2,True,True,4
GDA,ENSEMBL:ENSG00000119125,GDA,True,True,8
FAM120A,ENSEMBL:ENSG00000048828,FAM120A,True,True,3
SPOP,ENSEMBL:ENSG00000121067,SPOP,True,True,2
NAT9,ENSEMBL:ENSG00000109065,NAT9,True,False,2
NINJ1,ENSEMBL:ENSG00000131669,NINJ1,True,True,3
SUOX,ENSEMBL:ENSG00000139531,SUOX,True,True,7
SLFN11,ENSEMBL:ENSG00000172716,SLFN11,True,True,4
BRD2,ENSEMBL:ENSG00000204256,BRD2,True,False,2
PITPNM2,ENSEMBL:ENSG00000090975,PITPNM2,True,True,4
TRPM2,ENSEMBL:ENSG00000142185,TRPM2,True,True,5
BMP1,ENSEMBL:ENSG00000168487,BMP1,True,True,5
SNX3,ENSEMBL:ENSG00000112335,SNX3,True,True,9
OSBPL2,ENSEMBL:ENSG00000130703,OSBPL2,True,True,5
IGSF9B,ENSEMBL:ENSG00000080854,IGSF9B,True,True,3
DUSP7,ENSEMBL:ENSG00000164086,DUSP7,False,True,1
SUCLG1,ENSEMBL:ENSG00000163541,SUCLG1,True,True,8
NABP1,ENSEMBL:ENSG00000173559,NABP1,True,True,4
CYFIP2,ENSEMBL:ENSG00000055163,CYFIP2,True,True,6
SMG5,ENSEMBL:ENSG00000198952,SMG5,True,True,5
STRN3,ENSEMBL:ENSG00000196792,STRN3,True,True,2
IGF2BP2,ENSEMBL:ENSG00000073792,IGF2BP2,True,True,2
AP1S1,ENSEMBL:ENSG00000106367,AP1S1,True,True,4
F2RL2,ENSEMBL:ENSG00000164220,F2RL2,False,True,1
TDRD9,ENSEMBL:ENSG00000156414,TDRD9,False,True,1
ITGA6,ENSEMBL:ENSG00000091409,ITGA6,True,True,6
GPD1L,ENSEMBL:ENSG00000152642,GPD1L,False,True,3
CRACR2B,ENSEMBL:ENSG00000177685,CRACR2B,True,True,5
ANKS6,ENSEMBL:ENSG00000165138,ANKS6,True,False,2
ATAD3B,ENSEMBL:ENSG00000160072,ATAD3B,True,False,2
APOB,ENSEMBL:ENSG00000084674,APOB,False,True,5
TOM1L1,ENSEMBL:ENSG00000141198,TOM1L1,False,True,6
CLCN4,ENSEMBL:ENSG00000073464,CLCN4,True,True,4
ENSEMBL:ENSG00000274220,ENSEMBL:ENSG00000274220,,True,False,1
SLC25A3,ENSEMBL:ENSG00000075415,SLC25A3,True,True,6
RAB11FIP1,ENSEMBL:ENSG00000156675,RAB11FIP1,True,True,5
NDUFAB1,ENSEMBL:ENSG00000004779,NDUFAB1,True,True,5
GPT,ENSEMBL:ENSG00000167701,GPT,True,True,7
TPST1,ENSEMBL:ENSG00000169902,TPST1,True,True,2
MEF2A,ENSEMBL:ENSG00000068305,MEF2A,True,True,3
TTL,ENSEMBL:ENSG00000114999,TTL,True,True,3
CSNK1E,ENSEMBL:ENSG00000213923,CSNK1E,True,True,4
TMEM158,ENSEMBL:ENSG00000249992,TMEM158,True,True,2
FABP3,ENSEMBL:ENSG00000121769,FABP3,True,True,5
KLHDC4,ENSEMBL:ENSG00000104731,KLHDC4,True,True,2
VNN2,ENSEMBL:ENSG00000112303,VNN2,True,False,1
UQCR11,ENSEMBL:ENSG00000127540,UQCR11,True,True,6
TRGC1,ENSEMBL:ENSG00000211689,TRGC1,True,False,1
NDUFC1,ENSEMBL:ENSG00000109390,NDUFC1,False,True,4
OXCT1,ENSEMBL:ENSG00000083720,OXCT1,False,True,6
TOR3A,ENSEMBL:ENSG00000186283,TOR3A,True,True,3
BRMS1L,ENSEMBL:ENSG00000100916,BRMS1L,True,True,2
ACSL4,ENSEMBL:ENSG00000068366,ACSL4,True,True,6
LRP10,ENSEMBL:ENSG00000197324,LRP10,True,True,4
F11R,ENSEMBL:ENSG00000158769,F11R,True,True,4
MIRLET7BHG,ENSEMBL:ENSG00000197182,MIRLET7BHG,True,False,1
AASDH,ENSEMBL:ENSG00000157426,AASDH,True,True,2
ARHGEF11,ENSEMBL:ENSG00000132694,ARHGEF11,True,True,3
PTP4A2,ENSEMBL:ENSG00000184007,PTP4A2,True,True,6
FAM222A,ENSEMBL:ENSG00000139438,FAM222A,True,True,2
MFSD13A,ENSEMBL:ENSG00000138111,MFSD13A,True,True,2
B3GNTL1,ENSEMBL:ENSG00000175711,B3GNTL1,True,True,7
G0S2,ENSEMBL:ENSG00000123689,G0S2,True,True,6
COQ9,ENSEMBL:ENSG00000088682,COQ9,True,True,8
ARHGEF37,ENSEMBL:ENSG00000183111,ARHGEF37,True,True,8
PILRB,ENSEMBL:ENSG00000121716,PILRB,True,True,3
SCN1B,ENSEMBL:ENSG00000105711,SCN1B,True,True,3
UBE2M,ENSEMBL:ENSG00000130725,UBE2M,True,True,4
CP,ENSEMBL:ENSG00000047457,CP,False,True,5
ENSEMBL:ENSG00000270504,ENSEMBL:ENSG00000270504,,True,False,1
METTL1,ENSEMBL:ENSG00000037897,METTL1,True,True,3
PYGL,ENSEMBL:ENSG00000100504,PYGL,True,True,5
DENND2D,ENSEMBL:ENSG00000162777,DENND2D,True,True,2
CHI3L1,ENSEMBL:ENSG00000133048,CHI3L1,True,True,4
OLFML2B,ENSEMBL:ENSG00000162745,OLFML2B,True,True,3
PMEPA1,ENSEMBL:ENSG00000124225,PMEPA1,False,True,4
SLC2A4,ENSEMBL:ENSG00000181856,SLC2A4,True,True,8
MAST3,ENSEMBL:ENSG00000099308,MAST3,True,True,6
ZNF48,ENSEMBL:ENSG00000180035,ZNF48,True,False,2
HIF1A,ENSEMBL:ENSG00000100644,HIF1A,True,True,3
METTL16,ENSEMBL:ENSG00000127804,METTL16,True,False,2
CLEC2D,ENSEMBL:ENSG00000069493,CLEC2D,True,False,1
APBB1IP,ENSEMBL:ENSG00000077420,APBB1IP,True,True,6
C5AR1,ENSEMBL:ENSG00000197405,C5AR1,True,True,3
BMPR2,ENSEMBL:ENSG00000204217,BMPR2,True,True,4
TACR1,ENSEMBL:ENSG00000115353,TACR1,False,True,2
PPIF,ENSEMBL:ENSG00000108179,PPIF,True,True,7
ABHD5,ENSEMBL:ENSG00000011198,ABHD5,True,True,8
MARCHF7,ENSEMBL:ENSG00000136536,MARCHF7,True,True,3
ENSEMBL:ENSG00000272668,ENSEMBL:ENSG00000272668,,True,False,1
BUB3,ENSEMBL:ENSG00000154473,BUB3,True,True,4
RNF103,ENSEMBL:ENSG00000239305,RNF103,True,True,4
ZNF790,ENSEMBL:ENSG00000197863,ZNF790,True,True,2
CEP350,ENSEMBL:ENSG00000135837,CEP350,True,True,3
ABCC9,ENSEMBL:ENSG00000069431,ABCC9,True,True,6
CSF3R,ENSEMBL:ENSG00000119535,CSF3R,True,True,2
RBM47,ENSEMBL:ENSG00000163694,RBM47,True,True,2
NUDC,ENSEMBL:ENSG00000090273,NUDC,True,True,4
NARS1,ENSEMBL:ENSG00000134440,NARS1,True,True,2
C9orf85,ENSEMBL:ENSG00000155621,C9orf85,True,True,3
C1QTNF6,ENSEMBL:ENSG00000133466,C1QTNF6,True,True,6
CEP85L,ENSEMBL:ENSG00000111860,CEP85L,True,True,4
IFT172,ENSEMBL:ENSG00000138002,IFT172,True,False,2
TIMM9,ENSEMBL:ENSG00000100575,TIMM9,False,True,2
THNSL2,ENSEMBL:ENSG00000144115,THNSL2,False,True,1
TSTD3,ENSEMBL:ENSG00000279170,TSTD3,True,True,3
NEK9,ENSEMBL:ENSG00000119638,NEK9,True,True,2
PRDX1,ENSEMBL:ENSG00000117450,PRDX1,True,True,6
ZNF182,ENSEMBL:ENSG00000147118,ZNF182,True,True,3
TPM3,ENSEMBL:ENSG00000143549,TPM3,True,True,7
ECI2,ENSEMBL:ENSG00000198721,ECI2,True,True,6
NAP1L1,ENSEMBL:ENSG00000187109,NAP1L1,True,True,8
DRAXIN,ENSEMBL:ENSG00000162490,DRAXIN,True,True,2
SLC29A2,ENSEMBL:ENSG00000174669,SLC29A2,True,False,2
GLE1,ENSEMBL:ENSG00000119392,GLE1,True,False,1
BLVRB,ENSEMBL:ENSG00000090013,BLVRB,True,True,6
SNX20,ENSEMBL:ENSG00000167208,SNX20,True,True,11
ADGRE3,ENSEMBL:ENSG00000131355,ADGRE3,True,False,1
CXCR2,ENSEMBL:ENSG00000180871,CXCR2,True,False,1
RFTN1,ENSEMBL:ENSG00000131378,RFTN1,True,True,7
MAPKAPK2,ENSEMBL:ENSG00000162889,MAPKAPK2,True,True,4
ZNF106,ENSEMBL:ENSG00000103994,ZNF106,True,True,8
FAM193A,ENSEMBL:ENSG00000125386,FAM193A,True,True,2
ENSEMBL:ENSG00000278959,ENSEMBL:ENSG00000278959,,True,False,1
CLTC,ENSEMBL:ENSG00000141367,CLTC,True,True,4
RPL41,ENSEMBL:ENSG00000229117,RPL41,True,True,5
ATG3,ENSEMBL:ENSG00000144848,ATG3,True,True,3
METTL17,ENSEMBL:ENSG00000165792,METTL17,True,False,1
ABHD15,ENSEMBL:ENSG00000168792,ABHD15,True,True,2
FXN,ENSEMBL:ENSG00000165060,FXN,True,True,4
FAM210B,ENSEMBL:ENSG00000124098,FAM210B,True,True,4
TCP1,ENSEMBL:ENSG00000120438,TCP1,True,True,4
ACAP1,ENSEMBL:ENSG00000072818,ACAP1,True,True,8
GATD1,ENSEMBL:ENSG00000177225,GATD1,True,False,2
CHCHD3,ENSEMBL:ENSG00000106554,CHCHD3,True,True,10
SLC25A44,ENSEMBL:ENSG00000160785,SLC25A44,True,True,4
TPRG1L,ENSEMBL:ENSG00000158109,TPRG1L,True,True,5
YWHAZ,ENSEMBL:ENSG00000164924,YWHAZ,True,True,5
DTHD1,ENSEMBL:ENSG00000197057,DTHD1,True,False,1
GUCY2C,ENSEMBL:ENSG00000070019,GUCY2C,False,True,2
ORM1,ENSEMBL:ENSG00000229314,ORM1,True,True,3
KCNJ11,ENSEMBL:ENSG00000187486,KCNJ11,True,True,3
F5,ENSEMBL:ENSG00000198734,F5,True,True,3
URAHP,ENSEMBL:ENSG00000222019,URAHP,True,False,1
BPGM,ENSEMBL:ENSG00000172331,BPGM,True,True,7
NAMPT,ENSEMBL:ENSG00000105835,NAMPT,True,True,8
TXN2,ENSEMBL:ENSG00000100348,TXN2,True,True,6
PDZRN4,ENSEMBL:ENSG00000165966,PDZRN4,True,True,2
PABPC1,ENSEMBL:ENSG00000070756,PABPC1,True,True,7
NDUFA4,ENSEMBL:ENSG00000189043,NDUFA4,False,True,8
NIBAN3,ENSEMBL:ENSG00000167483,NIBAN3,True,True,2
CAMK2G,ENSEMBL:ENSG00000148660,CAMK2G,True,True,5
PATL1,ENSEMBL:ENSG00000166889,PATL1,True,True,3
PARM1,ENSEMBL:ENSG00000169116,PARM1,True,True,5
CACYBP,ENSEMBL:ENSG00000116161,CACYBP,True,True,7
VEZT,ENSEMBL:ENSG00000028203,VEZT,True,False,1
EIF4ENIF1,ENSEMBL:ENSG00000184708,EIF4ENIF1,True,True,2
DPYSL3,ENSEMBL:ENSG00000113657,DPYSL3,True,True,4
FBN1,ENSEMBL:ENSG00000166147,FBN1,False,True,8
GPD1,ENSEMBL:ENSG00000167588,GPD1,True,True,8
TRIM16,ENSEMBL:ENSG00000221926,TRIM16,True,True,5
PPP5C,ENSEMBL:ENSG00000011485,PPP5C,True,True,3
CD63,ENSEMBL:ENSG00000135404,CD63,True,True,8
SOX8,ENSEMBL:ENSG00000005513,SOX8,True,True,2
S1PR4,ENSEMBL:ENSG00000125910,S1PR4,True,True,3
LDHB,ENSEMBL:ENSG00000111716,LDHB,True,True,5
COL5A3,ENSEMBL:ENSG00000080573,COL5A3,False,True,2
CYP2E1,ENSEMBL:ENSG00000130649,CYP2E1,True,True,6
ACOT2,ENSEMBL:ENSG00000119673,ACOT2,True,True,6
H1-10,ENSEMBL:ENSG00000184897,H1-10,True,True,2
IL33,ENSEMBL:ENSG00000137033,IL33,True,True,4
POLR2M,ENSEMBL:ENSG00000255529,POLR2M,True,False,2
TIMM21,ENSEMBL:ENSG00000075336,TIMM21,True,True,4
NOTCH2,ENSEMBL:ENSG00000134250,NOTCH2,True,True,6
PPP1R16A,ENSEMBL:ENSG00000160972,PPP1R16A,True,True,3
ENSEMBL:ENSG00000272114,ENSEMBL:ENSG00000272114,,True,False,1
ARL16,ENSEMBL:ENSG00000214087,ARL16,True,False,1
SLC25A4,ENSEMBL:ENSG00000151729,SLC25A4,True,True,4
ZNF605,ENSEMBL:ENSG00000196458,ZNF605,True,False,1
GK,ENSEMBL:ENSG00000198814,GK,True,True,7
KRT23,ENSEMBL:ENSG00000108244,KRT23,True,True,3
CERT1,ENSEMBL:ENSG00000113163,CERT1,True,False,2
NSMCE3,ENSEMBL:ENSG00000185115,NSMCE3,True,False,2
LGALS4,ENSEMBL:ENSG00000171747,LGALS4,True,True,3
FAHD2CP,ENSEMBL:ENSG00000231584,FAHD2CP,True,False,2
PKD1P1,ENSEMBL:ENSG00000244257,PKD1P1,True,False,1
FTL,ENSEMBL:ENSG00000087086,FTL,True,True,9
QSER1,ENSEMBL:ENSG00000060749,QSER1,True,True,3
SYT6,ENSEMBL:ENSG00000134207,SYT6,True,False,1
RHOBTB1,ENSEMBL:ENSG00000072422,RHOBTB1,True,True,6
TRIM50,ENSEMBL:ENSG00000146755,TRIM50,False,True,1
HAMP,ENSEMBL:ENSG00000105697,HAMP,False,True,2
SMPDL3A,ENSEMBL:ENSG00000172594,SMPDL3A,True,True,5
ZNF830,ENSEMBL:ENSG00000198783,ZNF830,True,False,1
TUBB4B,ENSEMBL:ENSG00000188229,TUBB4B,True,True,7
PLOD1,ENSEMBL:ENSG00000083444,PLOD1,True,True,4
UPK3B,ENSEMBL:ENSG00000243566,UPK3B,True,True,3
RGL2|ENSG00000206282,ENSEMBL:ENSG00000206282,RGL2,True,False,2
PHKB,ENSEMBL:ENSG00000102893,PHKB,True,True,6
C1orf115,ENSEMBL:ENSG00000162817,C1orf115,False,True,3
TF,ENSEMBL:ENSG00000091513,TF,False,True,7
ICA1,ENSEMBL:ENSG00000003147,ICA1,True,True,2
PROSER1,ENSEMBL:ENSG00000120685,PROSER1,True,False,1
KLHL41,ENSEMBL:ENSG00000239474,KLHL41,True,True,3
SLC41A1,ENSEMBL:ENSG00000133065,SLC41A1,True,True,3
SAMD3,ENSEMBL:ENSG00000164483,SAMD3,True,False,1
ENSEMBL:ENSG00000289609,ENSEMBL:ENSG00000289609,,True,False,1
ENSEMBL:ENSG00000272908,ENSEMBL:ENSG00000272908,,True,False,1
EEF1G,ENSEMBL:ENSG00000254772,EEF1G,True,True,5
SLC12A4,ENSEMBL:ENSG00000124067,SLC12A4,True,True,3
KDM8,ENSEMBL:ENSG00000155666,KDM8,True,False,1
CRLF1,ENSEMBL:ENSG00000006016,CRLF1,False,True,3
VAMP3,ENSEMBL:ENSG00000049245,VAMP3,True,True,4
UCK1,ENSEMBL:ENSG00000130717,UCK1,True,False,1
DAPK2,ENSEMBL:ENSG00000035664,DAPK2,True,True,8
AARS1,ENSEMBL:ENSG00000090861,AARS1,True,True,2
PTEN,ENSEMBL:ENSG00000171862,PTEN,True,True,3
ANKH,ENSEMBL:ENSG00000154122,ANKH,True,True,8
H6PD,ENSEMBL:ENSG00000049239,H6PD,True,True,3
CASTOR2,ENSEMBL:ENSG00000274070,CASTOR2,True,False,2
JMY,ENSEMBL:ENSG00000152409,JMY,True,True,2
CDH5,ENSEMBL:ENSG00000179776,CDH5,False,True,6
FRMD3,ENSEMBL:ENSG00000172159,FRMD3,True,False,1
SCN3B,ENSEMBL:ENSG00000166257,SCN3B,True,False,1
EPHX2,ENSEMBL:ENSG00000120915,EPHX2,True,True,8
CCDC66,ENSEMBL:ENSG00000180376,CCDC66,True,False,2
CUL4B,ENSEMBL:ENSG00000158290,CUL4B,True,False,2
CCL2,ENSEMBL:ENSG00000108691,CCL2,True,True,2
DAGLA,ENSEMBL:ENSG00000134780,DAGLA,True,True,4
PPP1R7,ENSEMBL:ENSG00000115685,PPP1R7,True,False,1
RASL12,ENSEMBL:ENSG00000103710,RASL12,False,True,1
CNTNAP2,ENSEMBL:ENSG00000174469,CNTNAP2,True,True,2
SLC9A7,ENSEMBL:ENSG00000065923,SLC9A7,True,False,1
SLC38A2,ENSEMBL:ENSG00000134294,SLC38A2,True,True,3
STAT6,ENSEMBL:ENSG00000166888,STAT6,True,True,5
BEST1,ENSEMBL:ENSG00000167995,BEST1,True,True,7
CYRIB,ENSEMBL:ENSG00000153310,CYRIB,True,False,2
ENSEMBL:ENSG00000257878,ENSEMBL:ENSG00000257878,,True,False,1
TEP1,ENSEMBL:ENSG00000129566,TEP1,True,True,5
ITSN1,ENSEMBL:ENSG00000205726,ITSN1,True,True,3
HECW2,ENSEMBL:ENSG00000138411,HECW2,True,True,4
ITPR1,ENSEMBL:ENSG00000150995,ITPR1,True,True,6
RBM12B-AS1,ENSEMBL:ENSG00000279331,RBM12B-AS1,True,False,1
DSP,ENSEMBL:ENSG00000096696,DSP,True,True,4
LRRC41,ENSEMBL:ENSG00000132128,LRRC41,True,False,2
SFXN3,ENSEMBL:ENSG00000107819,SFXN3,True,True,4
MUC15,ENSEMBL:ENSG00000169550,MUC15,False,True,1
SPSB1,ENSEMBL:ENSG00000171621,SPSB1,True,True,5
CHP2,ENSEMBL:ENSG00000166869,CHP2,False,True,3
ARF5,ENSEMBL:ENSG00000004059,ARF5,False,True,4
ACACB,ENSEMBL:ENSG00000076555,ACACB,True,True,6
ST3GAL1,ENSEMBL:ENSG00000008513,ST3GAL1,True,True,3
MLYCD,ENSEMBL:ENSG00000103150,MLYCD,True,True,7
TMEM127,ENSEMBL:ENSG00000135956,TMEM127,True,True,6
HLA-DRB1|ENSG00000206306,ENSEMBL:ENSG00000206306,HLA-DRB1,False,True,5
MAN2B2,ENSEMBL:ENSG00000013288,MAN2B2,True,True,6
NAMPTP1,ENSEMBL:ENSG00000229644,NAMPTP1,True,False,1
MAPKAPK3,ENSEMBL:ENSG00000114738,MAPKAPK3,True,True,4
DPT,ENSEMBL:ENSG00000143196,DPT,False,True,3
LILRB3,ENSEMBL:ENSG00000204577,LILRB3,True,True,5
USHBP1,ENSEMBL:ENSG00000130307,USHBP1,True,True,3
ZNF317,ENSEMBL:ENSG00000130803,ZNF317,True,False,1
AKAP8,ENSEMBL:ENSG00000105127,AKAP8,True,True,2
DIXDC1,ENSEMBL:ENSG00000150764,DIXDC1,True,True,2
TMEM35A,ENSEMBL:ENSG00000126950,TMEM35A,False,True,1
GLOD5,ENSEMBL:ENSG00000171433,GLOD5,False,True,3
GIT1,ENSEMBL:ENSG00000108262,GIT1,True,True,3
ATP5PO,ENSEMBL:ENSG00000241837,ATP5PO,True,True,10
HIKESHI,ENSEMBL:ENSG00000149196,HIKESHI,True,True,4
ABCB8,ENSEMBL:ENSG00000197150,ABCB8,True,True,5
SOD1,ENSEMBL:ENSG00000142168,SOD1,True,True,8
DDIT4L,ENSEMBL:ENSG00000145358,DDIT4L,True,True,2
ENSEMBL:ENSG00000251143,ENSEMBL:ENSG00000251143,,True,False,1
INF2,ENSEMBL:ENSG00000203485,INF2,True,True,5
NNMT,ENSEMBL:ENSG00000166741,NNMT,True,True,2
TMF1,ENSEMBL:ENSG00000144747,TMF1,True,True,4
SSH2,ENSEMBL:ENSG00000141298,SSH2,True,True,5
HLX,ENSEMBL:ENSG00000136630,HLX,True,True,4
KDM5A,ENSEMBL:ENSG00000073614,KDM5A,True,True,3
AGO4,ENSEMBL:ENSG00000134698,AGO4,True,False,2
CDX2,ENSEMBL:ENSG00000165556,CDX2,False,True,2
HEXA,ENSEMBL:ENSG00000213614,HEXA,True,True,8
MYO10,ENSEMBL:ENSG00000145555,MYO10,False,True,3
ATP5PF,ENSEMBL:ENSG00000154723,ATP5PF,True,True,7
PTP4A1,ENSEMBL:ENSG00000112245,PTP4A1,True,True,3
WBP4,ENSEMBL:ENSG00000120688,WBP4,True,False,2
CSGALNACT2,ENSEMBL:ENSG00000169826,CSGALNACT2,True,True,3
EXTL3,ENSEMBL:ENSG00000012232,EXTL3,True,True,3
PKNOX1,ENSEMBL:ENSG00000160199,PKNOX1,True,True,3
CLSTN3,ENSEMBL:ENSG00000139182,CLSTN3,True,True,3
ENSEMBL:ENSG00000288849,ENSEMBL:ENSG00000288849,,True,False,2
ENSEMBL:ENSG00000287970,ENSEMBL:ENSG00000287970,,True,False,1
ARL8A,ENSEMBL:ENSG00000143862,ARL8A,True,True,2
SEMA5B,ENSEMBL:ENSG00000082684,SEMA5B,True,True,3
FAM98C,ENSEMBL:ENSG00000130244,FAM98C,True,True,4
FXYD3,ENSEMBL:ENSG00000089356,FXYD3,False,True,2
SELE,ENSEMBL:ENSG00000007908,SELE,False,True,1
ANKRD29,ENSEMBL:ENSG00000154065,ANKRD29,True,False,1
GEN1,ENSEMBL:ENSG00000178295,GEN1,True,True,2
FXYD7,ENSEMBL:ENSG00000221946,FXYD7,True,True,4
LIX1L,ENSEMBL:ENSG00000271601,LIX1L,True,False,1
PCGF5,ENSEMBL:ENSG00000180628,PCGF5,True,False,2
PAN3,ENSEMBL:ENSG00000152520,PAN3,True,True,4
SLC25A35,ENSEMBL:ENSG00000125434,SLC25A35,True,True,3
RPL39,ENSEMBL:ENSG00000198918,RPL39,True,True,4
ARHGAP9,ENSEMBL:ENSG00000123329,ARHGAP9,True,True,8
C3orf62,ENSEMBL:ENSG00000188315,C3orf62,True,False,2
AP2M1,ENSEMBL:ENSG00000161203,AP2M1,True,True,4
RAB5C,ENSEMBL:ENSG00000108774,RAB5C,True,True,3
ACO2,ENSEMBL:ENSG00000100412,ACO2,True,True,8
TRAF2,ENSEMBL:ENSG00000127191,TRAF2,True,False,2
TRAPPC14,ENSEMBL:ENSG00000146826,TRAPPC14,True,True,4
TXNRD1,ENSEMBL:ENSG00000198431,TXNRD1,True,True,5
FAM30A,ENSEMBL:ENSG00000226777,FAM30A,True,False,1
GSTA4,ENSEMBL:ENSG00000170899,GSTA4,True,True,7
TENT5C,ENSEMBL:ENSG00000183508,TENT5C,True,True,5
STAC3,ENSEMBL:ENSG00000185482,STAC3,True,False,1
RAB27A,ENSEMBL:ENSG00000069974,RAB27A,True,True,3
CCDC180,ENSEMBL:ENSG00000197816,CCDC180,True,False,1
MARS1,ENSEMBL:ENSG00000166986,MARS1,True,False,2
MED9,ENSEMBL:ENSG00000141026,MED9,True,False,1
NDUFB3,ENSEMBL:ENSG00000119013,NDUFB3,True,True,6
EBF2,ENSEMBL:ENSG00000221818,EBF2,False,True,1
FAM114A2,ENSEMBL:ENSG00000055147,FAM114A2,True,False,1
ADAM21,ENSEMBL:ENSG00000139985,ADAM21,True,False,1
AREL1,ENSEMBL:ENSG00000119682,AREL1,True,True,3
LRPPRC,ENSEMBL:ENSG00000138095,LRPPRC,True,True,6
FKBP8,ENSEMBL:ENSG00000105701,FKBP8,True,True,5
SPNS2,ENSEMBL:ENSG00000183018,SPNS2,True,False,1
MAP1S,ENSEMBL:ENSG00000130479,MAP1S,True,True,3
SLC46A3,ENSEMBL:ENSG00000139508,SLC46A3,True,True,2
PRR15,ENSEMBL:ENSG00000176532,PRR15,False,True,1
CD5,ENSEMBL:ENSG00000110448,CD5,True,True,8
RTCB,ENSEMBL:ENSG00000100220,RTCB,True,True,5
HEXIM1,ENSEMBL:ENSG00000186834,HEXIM1,True,True,3
P2RY8,ENSEMBL:ENSG00000182162,P2RY8,True,False,2
CYB561D1,ENSEMBL:ENSG00000174151,CYB561D1,True,True,3
PAQR9,ENSEMBL:ENSG00000188582,PAQR9,True,True,4
CD8A,ENSEMBL:ENSG00000153563,CD8A,True,True,5
PXMP2,ENSEMBL:ENSG00000176894,PXMP2,True,True,3
MRTFA,ENSEMBL:ENSG00000196588,MRTFA,True,True,6
CD59,ENSEMBL:ENSG00000085063,CD59,True,True,6
AGAP1,ENSEMBL:ENSG00000157985,AGAP1,True,True,6
TK1,ENSEMBL:ENSG00000167900,TK1,False,True,4
PBRM1,ENSEMBL:ENSG00000163939,PBRM1,True,True,2
TBX18,ENSEMBL:ENSG00000112837,TBX18,True,True,3
SERF2,ENSEMBL:ENSG00000140264,SERF2,True,True,7
KMT2D,ENSEMBL:ENSG00000167548,KMT2D,True,False,2
RUBCNL,ENSEMBL:ENSG00000102445,RUBCNL,True,False,1
SELL,ENSEMBL:ENSG00000188404,SELL,True,True,4
ABCF1,ENSEMBL:ENSG00000204574,ABCF1,True,True,3
PROM1,ENSEMBL:ENSG00000007062,PROM1,False,True,2
ENSEMBL:ENSG00000277476,ENSEMBL:ENSG00000277476,,True,False,2
GPR107,ENSEMBL:ENSG00000148358,GPR107,True,True,4
SIX4,ENSEMBL:ENSG00000100625,SIX4,True,True,2
UBE2Q2P1,ENSEMBL:ENSG00000189136,UBE2Q2P1,True,False,1
TNIK,ENSEMBL:ENSG00000154310,TNIK,True,False,2
PINK1,ENSEMBL:ENSG00000158828,PINK1,True,True,4
VWF,ENSEMBL:ENSG00000110799,VWF,True,True,7
AHSP,ENSEMBL:ENSG00000169877,AHSP,True,True,5
COPS2,ENSEMBL:ENSG00000166200,COPS2,False,True,3
OTUD7B,ENSEMBL:ENSG00000264522,OTUD7B,True,False,2
TMEM150C,ENSEMBL:ENSG00000249242,TMEM150C,True,True,3
KDM5D,ENSEMBL:ENSG00000012817,KDM5D,True,False,2
STK17B,ENSEMBL:ENSG00000081320,STK17B,True,True,4
NELFE,ENSEMBL:ENSG00000204356,NELFE,True,True,3
MAEA,ENSEMBL:ENSG00000090316,MAEA,True,True,3
PPP1R3F,ENSEMBL:ENSG00000049769,PPP1R3F,True,False,1
UQCRH,ENSEMBL:ENSG00000173660,UQCRH,True,True,7
ALPK1,ENSEMBL:ENSG00000073331,ALPK1,True,True,2
GMPPA,ENSEMBL:ENSG00000144591,GMPPA,True,True,3
FXYD6,ENSEMBL:ENSG00000137726,FXYD6,False,True,3
ANXA2,ENSEMBL:ENSG00000182718,ANXA2,True,True,5
MEAK7,ENSEMBL:ENSG00000140950,MEAK7,True,False,1
ENSEMBL:ENSG00000279602,ENSEMBL:ENSG00000279602,,True,False,1
PCDH1,ENSEMBL:ENSG00000156453,PCDH1,True,True,4
RGL2|ENSG00000237441,ENSEMBL:ENSG00000237441,RGL2,True,False,1
MCEMP1,ENSEMBL:ENSG00000183019,MCEMP1,True,True,3
OSGIN2,ENSEMBL:ENSG00000164823,OSGIN2,True,False,1
GLT1D1,ENSEMBL:ENSG00000151948,GLT1D1,True,True,2
DNAJC6,ENSEMBL:ENSG00000116675,DNAJC6,False,True,3
MCTP2,ENSEMBL:ENSG00000140563,MCTP2,True,True,2
DHTKD1,ENSEMBL:ENSG00000181192,DHTKD1,True,True,5
EPB42,ENSEMBL:ENSG00000166947,EPB42,True,True,2
ACAT2,ENSEMBL:ENSG00000120437,ACAT2,False,True,1
PNPLA3,ENSEMBL:ENSG00000100344,PNPLA3,False,True,1
HOXA11,ENSEMBL:ENSG00000005073,HOXA11,True,False,1
JAG1,ENSEMBL:ENSG00000101384,JAG1,True,True,3
CAVIN4,ENSEMBL:ENSG00000170681,CAVIN4,True,True,4
TFAP4,ENSEMBL:ENSG00000090447,TFAP4,True,True,4
FAM131B,ENSEMBL:ENSG00000159784,FAM131B,True,False,2
RBBP9,ENSEMBL:ENSG00000089050,RBBP9,True,False,1
CCR7,ENSEMBL:ENSG00000126353,CCR7,True,True,5
WDTC1,ENSEMBL:ENSG00000142784,WDTC1,True,True,4
PREX2,ENSEMBL:ENSG00000046889,PREX2,True,True,6
MT1E,ENSEMBL:ENSG00000169715,MT1E,True,False,1
MTX3,ENSEMBL:ENSG00000177034,MTX3,True,True,3
VPS26B,ENSEMBL:ENSG00000151502,VPS26B,True,False,2
DAAM2,ENSEMBL:ENSG00000146122,DAAM2,True,True,3
NIPBL-DT,ENSEMBL:ENSG00000285967,NIPBL-DT,True,False,1
PPAT,ENSEMBL:ENSG00000128059,PPAT,True,True,3
KLHDC7A,ENSEMBL:ENSG00000179023,KLHDC7A,False,True,1
CCDC77,ENSEMBL:ENSG00000120647,CCDC77,True,False,1
PDE4B,ENSEMBL:ENSG00000184588,PDE4B,True,True,3
WIPF1,ENSEMBL:ENSG00000115935,WIPF1,True,True,6
ENSEMBL:ENSG00000279283,ENSEMBL:ENSG00000279283,,True,False,1
TIMP3,ENSEMBL:ENSG00000100234,TIMP3,True,True,7
MME,ENSEMBL:ENSG00000196549,MME,True,True,5
CD82,ENSEMBL:ENSG00000085117,CD82,True,True,3
DYRK1B,ENSEMBL:ENSG00000105204,DYRK1B,True,True,3
HSD17B4,ENSEMBL:ENSG00000133835,HSD17B4,True,True,6
ZSWIM5,ENSEMBL:ENSG00000162415,ZSWIM5,True,True,2
MCRIP2,ENSEMBL:ENSG00000172366,MCRIP2,True,True,6
CNOT3,ENSEMBL:ENSG00000088038,CNOT3,True,False,2
AKAP12,ENSEMBL:ENSG00000131016,AKAP12,True,True,6
DCP2,ENSEMBL:ENSG00000172795,DCP2,True,False,2
BCHE,ENSEMBL:ENSG00000114200,BCHE,False,True,3
RAMP1,ENSEMBL:ENSG00000132329,RAMP1,True,True,3
PSD3,ENSEMBL:ENSG00000156011,PSD3,True,True,5
PPP2R5B,ENSEMBL:ENSG00000068971,PPP2R5B,True,True,4
GPBP1L1,ENSEMBL:ENSG00000159592,GPBP1L1,True,True,3
SVEP1,ENSEMBL:ENSG00000165124,SVEP1,False,True,4
LIMD1,ENSEMBL:ENSG00000144791,LIMD1,True,True,5
IL6R,ENSEMBL:ENSG00000160712,IL6R,True,True,7
CLMN,ENSEMBL:ENSG00000165959,CLMN,False,True,1
TP53BP2,ENSEMBL:ENSG00000143514,TP53BP2,True,False,1
TMEM176A,ENSEMBL:ENSG00000002933,TMEM176A,True,True,4
FAAH,ENSEMBL:ENSG00000117480,FAAH,True,True,7
RAB31,ENSEMBL:ENSG00000168461,RAB31,True,True,6
KEAP1,ENSEMBL:ENSG00000079999,KEAP1,True,False,2
FNDC5,ENSEMBL:ENSG00000160097,FNDC5,False,True,5
ZFHX2,ENSEMBL:ENSG00000136367,ZFHX2,True,True,2
IRAG2,ENSEMBL:ENSG00000118308,IRAG2,True,True,4
GLP1R,ENSEMBL:ENSG00000112164,GLP1R,True,True,4
NDUFA12,ENSEMBL:ENSG00000184752,NDUFA12,True,True,11
NDUFA6,ENSEMBL:ENSG00000184983,NDUFA6,True,True,8
LTBP4,ENSEMBL:ENSG00000090006,LTBP4,True,True,8
PSMD6-AS2,ENSEMBL:ENSG00000239653,PSMD6-AS2,True,False,1
OR2W3,ENSEMBL:ENSG00000238243,OR2W3,True,False,1
NCKIPSD,ENSEMBL:ENSG00000213672,NCKIPSD,True,True,2
TRA2A,ENSEMBL:ENSG00000164548,TRA2A,True,False,2
SLC41A3,ENSEMBL:ENSG00000114544,SLC41A3,True,True,4
CLIC1,ENSEMBL:ENSG00000213719,CLIC1,True,True,6
HOXA4,ENSEMBL:ENSG00000197576,HOXA4,True,True,2
DLD,ENSEMBL:ENSG00000091140,DLD,False,True,6
ARL2BP,ENSEMBL:ENSG00000102931,ARL2BP,False,True,2
ENSEMBL:ENSG00000256028,ENSEMBL:ENSG00000256028,,True,False,1
ZC3H12D,ENSEMBL:ENSG00000178199,ZC3H12D,True,True,7
ATP5MC3,ENSEMBL:ENSG00000154518,ATP5MC3,True,True,6
PARP14,ENSEMBL:ENSG00000173193,PARP14,True,True,4
GPX1,ENSEMBL:ENSG00000233276,GPX1,True,True,6
ATP6V0A1,ENSEMBL:ENSG00000033627,ATP6V0A1,True,True,4
FRMD8,ENSEMBL:ENSG00000126391,FRMD8,True,True,7
BMP2K,ENSEMBL:ENSG00000138756,BMP2K,True,True,5
PSMD2,ENSEMBL:ENSG00000175166,PSMD2,True,True,3
NCF4,ENSEMBL:ENSG00000100365,NCF4,True,True,4
SNHG26,ENSEMBL:ENSG00000228649,SNHG26,True,False,1
ADAM19,ENSEMBL:ENSG00000135074,ADAM19,True,True,7
NDUFS8,ENSEMBL:ENSG00000110717,NDUFS8,True,True,8
TRIB3,ENSEMBL:ENSG00000101255,TRIB3,True,True,2
TUBG1,ENSEMBL:ENSG00000131462,TUBG1,True,False,1
CDV3,ENSEMBL:ENSG00000091527,CDV3,True,True,4
CHAD,ENSEMBL:ENSG00000136457,CHAD,True,True,2
NOTCH1,ENSEMBL:ENSG00000148400,NOTCH1,True,False,2
SLC22A4,ENSEMBL:ENSG00000197208,SLC22A4,True,False,2
WFDC1,ENSEMBL:ENSG00000103175,WFDC1,False,True,4
ILVBL,ENSEMBL:ENSG00000105135,ILVBL,True,True,5
C5AR2,ENSEMBL:ENSG00000134830,C5AR2,True,True,3
CHST11,ENSEMBL:ENSG00000171310,CHST11,True,True,4
ZNF43,ENSEMBL:ENSG00000198521,ZNF43,True,False,1
TOMM34,ENSEMBL:ENSG00000025772,TOMM34,True,True,4
TMBIM6,ENSEMBL:ENSG00000139644,TMBIM6,True,True,9
GP5,ENSEMBL:ENSG00000178732,GP5,True,True,3
GOLGA2,ENSEMBL:ENSG00000167110,GOLGA2,True,True,3
NPSR1-AS1,ENSEMBL:ENSG00000197085,NPSR1-AS1,True,False,1
FPR2,ENSEMBL:ENSG00000171049,FPR2,True,False,1
ARPC2,ENSEMBL:ENSG00000163466,ARPC2,True,True,4
PKLR,ENSEMBL:ENSG00000143627,PKLR,False,True,3
NBPF11,ENSEMBL:ENSG00000263956,NBPF11,True,False,1
AMMECR1,ENSEMBL:ENSG00000101935,AMMECR1,True,False,1
DDX24,ENSEMBL:ENSG00000089737,DDX24,True,True,3
MAP3K3,ENSEMBL:ENSG00000198909,MAP3K3,True,True,4
MFN2,ENSEMBL:ENSG00000116688,MFN2,True,True,5
MBTPS1,ENSEMBL:ENSG00000140943,MBTPS1,True,False,2
TLR4,ENSEMBL:ENSG00000136869,TLR4,True,False,2
ALDH1B1,ENSEMBL:ENSG00000137124,ALDH1B1,True,True,3
RUSC2,ENSEMBL:ENSG00000198853,RUSC2,True,True,5
HEXB,ENSEMBL:ENSG00000049860,HEXB,True,True,6
PYCR3,ENSEMBL:ENSG00000104524,PYCR3,False,True,2
DUSP4,ENSEMBL:ENSG00000120875,DUSP4,True,True,3
CEBPA,ENSEMBL:ENSG00000245848,CEBPA,True,True,5
TEX49,ENSEMBL:ENSG00000257987,TEX49,False,True,2
PREB,ENSEMBL:ENSG00000138073,PREB,True,True,4
DNAH17,ENSEMBL:ENSG00000187775,DNAH17,True,True,2
CENPN,ENSEMBL:ENSG00000166451,CENPN,True,True,2
ENSEMBL:ENSG00000256029,ENSEMBL:ENSG00000256029,,True,False,1
CARD11,ENSEMBL:ENSG00000198286,CARD11,True,True,6
ENSEMBL:ENSG00000286661,ENSEMBL:ENSG00000286661,,True,False,1
CIBAR1,ENSEMBL:ENSG00000188343,CIBAR1,True,True,4
THOC7,ENSEMBL:ENSG00000163634,THOC7,False,True,1
DAD1,ENSEMBL:ENSG00000129562,DAD1,False,True,3
PHLPP2,ENSEMBL:ENSG00000040199,PHLPP2,True,True,3
ZNF92,ENSEMBL:ENSG00000146757,ZNF92,True,False,1
APPBP2,ENSEMBL:ENSG00000062725,APPBP2,True,True,2
PDE3B,ENSEMBL:ENSG00000152270,PDE3B,True,True,4
AIF1,ENSEMBL:ENSG00000204472,AIF1,False,True,2
FABP1,ENSEMBL:ENSG00000163586,FABP1,True,True,3
CPE,ENSEMBL:ENSG00000109472,CPE,False,True,2
TRIAP1,ENSEMBL:ENSG00000170855,TRIAP1,False,True,2
TMEM178B,ENSEMBL:ENSG00000261115,TMEM178B,False,True,1
TMEM240,ENSEMBL:ENSG00000205090,TMEM240,True,False,1
ANAPC7,ENSEMBL:ENSG00000196510,ANAPC7,True,False,2
ENSEMBL:ENSG00000269903,ENSEMBL:ENSG00000269903,,True,False,1
ZMYND10,ENSEMBL:ENSG00000004838,ZMYND10,True,False,1
AOX1,ENSEMBL:ENSG00000138356,AOX1,False,True,3
TWF2,ENSEMBL:ENSG00000247596,TWF2,True,True,3
MAP3K13,ENSEMBL:ENSG00000073803,MAP3K13,True,False,1
FAM13A,ENSEMBL:ENSG00000138640,FAM13A,True,True,4
ATF5,ENSEMBL:ENSG00000169136,ATF5,False,True,3
LYN,ENSEMBL:ENSG00000254087,LYN,True,True,2
NHSL2,ENSEMBL:ENSG00000204131,NHSL2,True,False,2
NDUFB7,ENSEMBL:ENSG00000099795,NDUFB7,True,True,8
CELF1,ENSEMBL:ENSG00000149187,CELF1,True,True,3
ZNF483,ENSEMBL:ENSG00000173258,ZNF483,True,True,2
MTCH2,ENSEMBL:ENSG00000109919,MTCH2,True,True,5
PTAFR,ENSEMBL:ENSG00000169403,PTAFR,True,True,4
ACSF3,ENSEMBL:ENSG00000176715,ACSF3,True,True,7
CRAMP1,ENSEMBL:ENSG00000007545,CRAMP1,True,False,1
FNDC1,ENSEMBL:ENSG00000164694,FNDC1,False,True,3
KCTD10,ENSEMBL:ENSG00000110906,KCTD10,True,False,2
NOPCHAP1,ENSEMBL:ENSG00000151131,NOPCHAP1,True,False,2
OSBP2,ENSEMBL:ENSG00000184792,OSBP2,True,True,3
LEMD2,ENSEMBL:ENSG00000161904,LEMD2,True,False,1
GCLM,ENSEMBL:ENSG00000023909,GCLM,True,True,4
EVC2,ENSEMBL:ENSG00000173040,EVC2,False,True,2
ENSEMBL:ENSG00000274292,ENSEMBL:ENSG00000274292,,True,False,1
SMARCA5,ENSEMBL:ENSG00000153147,SMARCA5,True,True,2
SLC37A4,ENSEMBL:ENSG00000137700,SLC37A4,True,True,2
MYLK,ENSEMBL:ENSG00000065534,MYLK,True,True,9
DMKN,ENSEMBL:ENSG00000161249,DMKN,True,True,3
SUGCT,ENSEMBL:ENSG00000175600,SUGCT,False,True,2
ZNF213,ENSEMBL:ENSG00000085644,ZNF213,True,False,2
AP5M1,ENSEMBL:ENSG00000053770,AP5M1,True,False,2
CAP1,ENSEMBL:ENSG00000131236,CAP1,True,True,3
METTL7B,ENSEMBL:ENSG00000170439,METTL7B,True,True,2
SPECC1,ENSEMBL:ENSG00000128487,SPECC1,True,True,2
RGMA,ENSEMBL:ENSG00000182175,RGMA,True,True,5
ENSEMBL:ENSG00000289137,ENSEMBL:ENSG00000289137,,True,False,1
DCAF12,ENSEMBL:ENSG00000198876,DCAF12,True,True,4
PLAU,ENSEMBL:ENSG00000122861,PLAU,True,True,3
RHOF,ENSEMBL:ENSG00000139725,RHOF,True,True,6
COPG1,ENSEMBL:ENSG00000181789,COPG1,True,True,5
HMG20B,ENSEMBL:ENSG00000064961,HMG20B,True,True,2
EEF2KMT,ENSEMBL:ENSG00000118894,EEF2KMT,True,False,1
FGF1,ENSEMBL:ENSG00000113578,FGF1,False,True,3
TRGC2,ENSEMBL:ENSG00000227191,TRGC2,True,False,1
CEBPD,ENSEMBL:ENSG00000221869,CEBPD,True,False,2
DBI,ENSEMBL:ENSG00000155368,DBI,True,True,9
CHD3,ENSEMBL:ENSG00000170004,CHD3,False,True,6
KCNK6,ENSEMBL:ENSG00000099337,KCNK6,True,False,1
AFG3L2,ENSEMBL:ENSG00000141385,AFG3L2,True,True,6
TMEM79,ENSEMBL:ENSG00000163472,TMEM79,True,True,4
GALNT10,ENSEMBL:ENSG00000164574,GALNT10,True,True,3
CNBP,ENSEMBL:ENSG00000169714,CNBP,True,True,4
HECTD4,ENSEMBL:ENSG00000173064,HECTD4,True,True,3
GLI4,ENSEMBL:ENSG00000250571,GLI4,True,False,2
DOCK9,ENSEMBL:ENSG00000088387,DOCK9,True,True,6
ST8SIA2,ENSEMBL:ENSG00000140557,ST8SIA2,True,False,1
C1QTNF9,ENSEMBL:ENSG00000240654,C1QTNF9,True,True,3
DSEL,ENSEMBL:ENSG00000171451,DSEL,True,True,3
RNF139,ENSEMBL:ENSG00000170881,RNF139,True,True,2
CMC1,ENSEMBL:ENSG00000187118,CMC1,True,True,4
ENSEMBL:ENSG00000273448,ENSEMBL:ENSG00000273448,,True,False,1
TENT4A,ENSEMBL:ENSG00000112941,TENT4A,True,False,2
TAF5L,ENSEMBL:ENSG00000135801,TAF5L,True,False,1
TTYH3,ENSEMBL:ENSG00000136295,TTYH3,True,True,3
ARID5B,ENSEMBL:ENSG00000150347,ARID5B,True,True,3
HSF2,ENSEMBL:ENSG00000025156,HSF2,True,False,1
ZNF512B,ENSEMBL:ENSG00000196700,ZNF512B,True,False,2
GRAMD4,ENSEMBL:ENSG00000075240,GRAMD4,True,True,2
MMRN2,ENSEMBL:ENSG00000173269,MMRN2,True,True,5
GANC,ENSEMBL:ENSG00000214013,GANC,True,True,3
PEX14,ENSEMBL:ENSG00000142655,PEX14,True,True,4
PSMD14,ENSEMBL:ENSG00000115233,PSMD14,True,False,1
PTER,ENSEMBL:ENSG00000165983,PTER,True,True,3
ENSEMBL:ENSG00000237301,ENSEMBL:ENSG00000237301,,True,False,1
SIGIRR,ENSEMBL:ENSG00000185187,SIGIRR,True,False,1
ACTN4,ENSEMBL:ENSG00000130402,ACTN4,True,True,6
FMNL1,ENSEMBL:ENSG00000184922,FMNL1,True,True,6
CDH15,ENSEMBL:ENSG00000129910,CDH15,True,False,1
STRN4,ENSEMBL:ENSG00000090372,STRN4,True,False,2
PCNX1,ENSEMBL:ENSG00000100731,PCNX1,True,True,4
MFF,ENSEMBL:ENSG00000168958,MFF,True,True,6
PODXL,ENSEMBL:ENSG00000128567,PODXL,True,True,4
CSAD,ENSEMBL:ENSG00000139631,CSAD,True,True,6
EBF3,ENSEMBL:ENSG00000108001,EBF3,True,True,4
ST6GAL1,ENSEMBL:ENSG00000073849,ST6GAL1,True,True,3
BCL2L15,ENSEMBL:ENSG00000188761,BCL2L15,False,True,3
RAB11FIP5,ENSEMBL:ENSG00000135631,RAB11FIP5,True,True,11
JAK2,ENSEMBL:ENSG00000096968,JAK2,True,True,4
FKRP,ENSEMBL:ENSG00000181027,FKRP,True,False,1
XRCC6,ENSEMBL:ENSG00000196419,XRCC6,True,True,4
COL6A1,ENSEMBL:ENSG00000142156,COL6A1,True,True,8
ZNF30,ENSEMBL:ENSG00000168661,ZNF30,True,False,1
ATP5MC1,ENSEMBL:ENSG00000159199,ATP5MC1,True,True,4
ACAD11,ENSEMBL:ENSG00000240303,ACAD11,False,True,4
GRPEL1,ENSEMBL:ENSG00000109519,GRPEL1,True,True,5
TRIM39,ENSEMBL:ENSG00000204599,TRIM39,True,True,3
CTNNA3,ENSEMBL:ENSG00000183230,CTNNA3,True,False,1
FAM219B,ENSEMBL:ENSG00000178761,FAM219B,True,True,3
AMOTL1,ENSEMBL:ENSG00000166025,AMOTL1,True,True,4
CCDC90B,ENSEMBL:ENSG00000137500,CCDC90B,True,True,2
ARNT2,ENSEMBL:ENSG00000172379,ARNT2,True,True,3
TMEM123,ENSEMBL:ENSG00000152558,TMEM123,True,True,2
ACSL6,ENSEMBL:ENSG00000164398,ACSL6,True,True,3
IPO13,ENSEMBL:ENSG00000117408,IPO13,True,True,3
SYTL1,ENSEMBL:ENSG00000142765,SYTL1,True,True,3
CLINT1,ENSEMBL:ENSG00000113282,CLINT1,True,True,5
LAMB2,ENSEMBL:ENSG00000172037,LAMB2,True,True,5
SIAH2,ENSEMBL:ENSG00000181788,SIAH2,True,False,2
PLBD1,ENSEMBL:ENSG00000121316,PLBD1,True,True,3
ACOX1,ENSEMBL:ENSG00000161533,ACOX1,True,True,8
YTHDC2,ENSEMBL:ENSG00000047188,YTHDC2,True,True,7
SGPL1,ENSEMBL:ENSG00000166224,SGPL1,True,True,4
KLHL42,ENSEMBL:ENSG00000087448,KLHL42,True,True,4
ENSEMBL:ENSG00000278126,ENSEMBL:ENSG00000278126,,True,False,1
MROH7,ENSEMBL:ENSG00000184313,MROH7,True,False,1
SUN2,ENSEMBL:ENSG00000100242,SUN2,True,True,5
UBE2V2,ENSEMBL:ENSG00000169139,UBE2V2,False,True,1
MAP2K4,ENSEMBL:ENSG00000065559,MAP2K4,True,False,2
UVSSA,ENSEMBL:ENSG00000163945,UVSSA,True,False,2
TTC16,ENSEMBL:ENSG00000167094,TTC16,True,True,3
PON1,ENSEMBL:ENSG00000005421,PON1,False,True,4
ITK,ENSEMBL:ENSG00000113263,ITK,True,True,8
COX5B,ENSEMBL:ENSG00000135940,COX5B,False,True,7
ENSEMBL:ENSG00000267423,ENSEMBL:ENSG00000267423,,True,False,1
CREB3L1,ENSEMBL:ENSG00000157613,CREB3L1,False,True,3
LGALS1,ENSEMBL:ENSG00000100097,LGALS1,True,True,2
TRIR,ENSEMBL:ENSG00000123144,TRIR,True,True,3
REEP4,ENSEMBL:ENSG00000168476,REEP4,True,True,3
PLXNC1,ENSEMBL:ENSG00000136040,PLXNC1,True,True,7
SCAMP5,ENSEMBL:ENSG00000198794,SCAMP5,True,True,2
MRTFB,ENSEMBL:ENSG00000186260,MRTFB,True,False,1
ZNF784,ENSEMBL:ENSG00000179922,ZNF784,True,False,1
STK40,ENSEMBL:ENSG00000196182,STK40,True,True,3
IL10RB,ENSEMBL:ENSG00000243646,IL10RB,True,True,3
UBE2D1,ENSEMBL:ENSG00000072401,UBE2D1,True,True,5
CMPK2,ENSEMBL:ENSG00000134326,CMPK2,True,True,6
CCDC134,ENSEMBL:ENSG00000100147,CCDC134,True,False,1
EPHA3,ENSEMBL:ENSG00000044524,EPHA3,False,True,3
PDK1,ENSEMBL:ENSG00000152256,PDK1,True,True,2
NCL,ENSEMBL:ENSG00000115053,NCL,True,True,4
TESC,ENSEMBL:ENSG00000088992,TESC,True,False,1
ANGPT4,ENSEMBL:ENSG00000101280,ANGPT4,False,True,1
CD81,ENSEMBL:ENSG00000110651,CD81,True,True,3
HS1BP3,ENSEMBL:ENSG00000118960,HS1BP3,True,True,3
MPIG6B,ENSEMBL:ENSG00000204420,MPIG6B,True,True,2
STT3B,ENSEMBL:ENSG00000163527,STT3B,True,True,3
TMEM237,ENSEMBL:ENSG00000155755,TMEM237,True,True,2
NYAP2,ENSEMBL:ENSG00000144460,NYAP2,True,True,2
GNB5,ENSEMBL:ENSG00000069966,GNB5,False,True,1
CPEB3,ENSEMBL:ENSG00000107864,CPEB3,True,True,3
NDUFB5,ENSEMBL:ENSG00000136521,NDUFB5,False,True,5
THY1,ENSEMBL:ENSG00000154096,THY1,True,True,4
FAM8A1,ENSEMBL:ENSG00000137414,FAM8A1,True,False,2
RALGDS,ENSEMBL:ENSG00000160271,RALGDS,True,True,3
FGFR1,ENSEMBL:ENSG00000077782,FGFR1,True,True,3
ENSEMBL:ENSG00000270210,ENSEMBL:ENSG00000270210,,True,False,1
PKD1P6,ENSEMBL:ENSG00000250251,PKD1P6,True,False,1
MRPL47,ENSEMBL:ENSG00000136522,MRPL47,True,True,3
ITM2B,ENSEMBL:ENSG00000136156,ITM2B,True,True,4
HOGA1,ENSEMBL:ENSG00000241935,HOGA1,True,True,3
FMC1,ENSEMBL:ENSG00000164898,FMC1,False,True,4
SYNPO2L-AS1,ENSEMBL:ENSG00000271848,SYNPO2L-AS1,True,False,1
DHX34,ENSEMBL:ENSG00000134815,DHX34,True,True,2
MAN2A2,ENSEMBL:ENSG00000196547,MAN2A2,True,True,3
CLEC4D,ENSEMBL:ENSG00000166527,CLEC4D,True,True,2
ENSEMBL:ENSG00000230551,ENSEMBL:ENSG00000230551,,True,False,1
RASAL2,ENSEMBL:ENSG00000075391,RASAL2,True,False,1
ST3GAL4,ENSEMBL:ENSG00000110080,ST3GAL4,True,True,6
MYH14,ENSEMBL:ENSG00000105357,MYH14,True,True,3
TCF7,ENSEMBL:ENSG00000081059,TCF7,True,True,6
TSHZ3,ENSEMBL:ENSG00000121297,TSHZ3,True,True,2
PTCD1,ENSEMBL:ENSG00000106246,PTCD1,True,False,1
MPZL1,ENSEMBL:ENSG00000197965,MPZL1,True,True,2
ANPEP,ENSEMBL:ENSG00000166825,ANPEP,True,True,6
PGD,ENSEMBL:ENSG00000142657,PGD,True,False,1
AQP3,ENSEMBL:ENSG00000165272,AQP3,True,True,4
MPC2,ENSEMBL:ENSG00000143158,MPC2,True,True,7
NMNAT3,ENSEMBL:ENSG00000163864,NMNAT3,True,True,7
PARP9,ENSEMBL:ENSG00000138496,PARP9,True,True,5
SLFN13,ENSEMBL:ENSG00000154760,SLFN13,True,False,2
ENSEMBL:ENSG00000230615,ENSEMBL:ENSG00000230615,,True,False,1
CIDEA,ENSEMBL:ENSG00000176194,CIDEA,False,True,2
ALKBH3,ENSEMBL:ENSG00000166199,ALKBH3,True,True,3
MGME1,ENSEMBL:ENSG00000125871,MGME1,True,True,2
RSPH4A,ENSEMBL:ENSG00000111834,RSPH4A,True,False,1
TMCC1,ENSEMBL:ENSG00000172765,TMCC1,True,True,3
IL27RA,ENSEMBL:ENSG00000104998,IL27RA,True,True,5
GDI1,ENSEMBL:ENSG00000203879,GDI1,True,True,4
LYNX1,ENSEMBL:ENSG00000180155,LYNX1,True,True,3
ADAMTSL4,ENSEMBL:ENSG00000143382,ADAMTSL4,True,True,7
ABI3,ENSEMBL:ENSG00000108798,ABI3,True,True,3
HCST,ENSEMBL:ENSG00000126264,HCST,True,False,1
OPA1,ENSEMBL:ENSG00000198836,OPA1,True,True,6
HS6ST1,ENSEMBL:ENSG00000136720,HS6ST1,True,True,4
NRF1,ENSEMBL:ENSG00000106459,NRF1,True,True,3
IGF2R,ENSEMBL:ENSG00000197081,IGF2R,True,True,6
GPA33,ENSEMBL:ENSG00000143167,GPA33,True,True,3
VANGL2,ENSEMBL:ENSG00000162738,VANGL2,True,False,1
DAXX,ENSEMBL:ENSG00000204209,DAXX,True,False,1
ZNF41,ENSEMBL:ENSG00000147124,ZNF41,True,False,1
VPS35,ENSEMBL:ENSG00000069329,VPS35,True,True,3
LCK,ENSEMBL:ENSG00000182866,LCK,True,True,7
HACL1,ENSEMBL:ENSG00000131373,HACL1,False,True,5
CAV1,ENSEMBL:ENSG00000105974,CAV1,False,True,4
ENSEMBL:ENSG00000254363,ENSEMBL:ENSG00000254363,,True,False,2
FAM3C,ENSEMBL:ENSG00000196937,FAM3C,True,True,4
ENSEMBL:ENSG00000273108,ENSEMBL:ENSG00000273108,,True,False,1
MKKS,ENSEMBL:ENSG00000125863,MKKS,True,True,2
MARK2,ENSEMBL:ENSG00000072518,MARK2,True,True,5
COLEC12,ENSEMBL:ENSG00000158270,COLEC12,True,True,5
SBF1,ENSEMBL:ENSG00000100241,SBF1,True,True,4
ATCAY,ENSEMBL:ENSG00000167654,ATCAY,True,False,1
PCSK6,ENSEMBL:ENSG00000140479,PCSK6,True,True,6
ST3GAL2,ENSEMBL:ENSG00000157350,ST3GAL2,True,True,5
S100A11,ENSEMBL:ENSG00000163191,S100A11,True,True,3
IGFBP6,ENSEMBL:ENSG00000167779,IGFBP6,False,True,3
LOXL4,ENSEMBL:ENSG00000138131,LOXL4,True,True,3
MAK,ENSEMBL:ENSG00000111837,MAK,True,False,1
MX2,ENSEMBL:ENSG00000183486,MX2,True,False,2
SKAP2,ENSEMBL:ENSG00000005020,SKAP2,True,True,4
LIMS2,ENSEMBL:ENSG00000072163,LIMS2,False,True,4
SOX6,ENSEMBL:ENSG00000110693,SOX6,True,True,4
ENSEMBL:ENSG00000283352,ENSEMBL:ENSG00000283352,,True,False,1
HENMT1,ENSEMBL:ENSG00000162639,HENMT1,True,False,1
TMEM185A,ENSEMBL:ENSG00000269556,TMEM185A,True,False,2
NAPA,ENSEMBL:ENSG00000105402,NAPA,True,True,6
REPS2,ENSEMBL:ENSG00000169891,REPS2,True,False,1
SERPINA6,ENSEMBL:ENSG00000170099,SERPINA6,False,True,5
BNIP3,ENSEMBL:ENSG00000176171,BNIP3,True,True,6
MINK1,ENSEMBL:ENSG00000141503,MINK1,True,True,4
ZSWIM8,ENSEMBL:ENSG00000214655,ZSWIM8,True,True,6
CCL28,ENSEMBL:ENSG00000151882,CCL28,True,True,3
TSPAN17,ENSEMBL:ENSG00000048140,TSPAN17,True,True,4
SELENOS,ENSEMBL:ENSG00000131871,SELENOS,True,True,5
SMS,ENSEMBL:ENSG00000102172,SMS,True,True,3
RBM15B,ENSEMBL:ENSG00000259956,RBM15B,True,False,1
PKDCC,ENSEMBL:ENSG00000162878,PKDCC,True,True,4
DHX33,ENSEMBL:ENSG00000005100,DHX33,True,False,1
ENSEMBL:ENSG00000257497,ENSEMBL:ENSG00000257497,,True,False,1
NDUFA7,ENSEMBL:ENSG00000267855,NDUFA7,False,True,8
RAB29,ENSEMBL:ENSG00000117280,RAB29,True,True,4
CPA2,ENSEMBL:ENSG00000158516,CPA2,False,True,1
NFRKB,ENSEMBL:ENSG00000170322,NFRKB,True,True,4
DCUN1D1,ENSEMBL:ENSG00000043093,DCUN1D1,True,True,4
ZNF423,ENSEMBL:ENSG00000102935,ZNF423,True,True,3
CR1,ENSEMBL:ENSG00000203710,CR1,True,False,1
AR,ENSEMBL:ENSG00000169083,AR,True,True,4
CASP3,ENSEMBL:ENSG00000164305,CASP3,True,True,5
INCENP,ENSEMBL:ENSG00000149503,INCENP,True,True,2
NFKB2,ENSEMBL:ENSG00000077150,NFKB2,True,True,7
TGFBI,ENSEMBL:ENSG00000120708,TGFBI,False,True,6
CTSC,ENSEMBL:ENSG00000109861,CTSC,True,True,5
TKT,ENSEMBL:ENSG00000163931,TKT,True,True,7
TSHR,ENSEMBL:ENSG00000165409,TSHR,True,True,2
IDH2,ENSEMBL:ENSG00000182054,IDH2,True,True,8
TNPO1,ENSEMBL:ENSG00000083312,TNPO1,True,True,2
EPDR1,ENSEMBL:ENSG00000086289,EPDR1,True,True,2
WARS1,ENSEMBL:ENSG00000140105,WARS1,True,True,4
RHOA,ENSEMBL:ENSG00000067560,RHOA,True,False,1
RIOK3,ENSEMBL:ENSG00000101782,RIOK3,True,True,4
SPARCL1,ENSEMBL:ENSG00000152583,SPARCL1,False,True,5
XPNPEP1,ENSEMBL:ENSG00000108039,XPNPEP1,True,True,4
MOB3A,ENSEMBL:ENSG00000172081,MOB3A,True,True,4
GTF2E1,ENSEMBL:ENSG00000153767,GTF2E1,True,False,1
TNS3,ENSEMBL:ENSG00000136205,TNS3,True,True,6
GABARAPL2,ENSEMBL:ENSG00000034713,GABARAPL2,True,True,5
ACSS1,ENSEMBL:ENSG00000154930,ACSS1,True,True,8
MAPK14,ENSEMBL:ENSG00000112062,MAPK14,True,False,2
ROS1,ENSEMBL:ENSG00000047936,ROS1,True,True,2
RNF130,ENSEMBL:ENSG00000113269,RNF130,True,False,1
EPCAM,ENSEMBL:ENSG00000119888,EPCAM,False,True,1
MRPL12,ENSEMBL:ENSG00000262814,MRPL12,True,True,7
DDOST,ENSEMBL:ENSG00000244038,DDOST,True,True,4
PRRG4,ENSEMBL:ENSG00000135378,PRRG4,True,True,3
CANX,ENSEMBL:ENSG00000127022,CANX,True,True,5
PDK3,ENSEMBL:ENSG00000067992,PDK3,True,True,4
LRRC8C-DT,ENSEMBL:ENSG00000231999,LRRC8C-DT,True,False,1
FBLN1,ENSEMBL:ENSG00000077942,FBLN1,False,True,2
YPEL5,ENSEMBL:ENSG00000119801,YPEL5,True,True,4
AKR1E2,ENSEMBL:ENSG00000165568,AKR1E2,False,True,4
ABCD2,ENSEMBL:ENSG00000173208,ABCD2,False,True,1
UBA52,ENSEMBL:ENSG00000221983,UBA52,True,True,6
BAHCC1,ENSEMBL:ENSG00000266074,BAHCC1,False,True,2
ENSEMBL:ENSG00000286481,ENSEMBL:ENSG00000286481,,True,False,1
ATP5PB,ENSEMBL:ENSG00000116459,ATP5PB,True,True,9
MLXIPL,ENSEMBL:ENSG00000009950,MLXIPL,True,True,7
ENSEMBL:ENSG00000236304,ENSEMBL:ENSG00000236304,,True,False,2
BCKDHA,ENSEMBL:ENSG00000248098,BCKDHA,True,True,4
LPIN1,ENSEMBL:ENSG00000134324,LPIN1,True,True,9
MLLT1,ENSEMBL:ENSG00000130382,MLLT1,True,False,1
USF3,ENSEMBL:ENSG00000176542,USF3,True,True,7
SYTL3,ENSEMBL:ENSG00000164674,SYTL3,True,False,2
NDUFB2,ENSEMBL:ENSG00000090266,NDUFB2,True,True,5
C4B,ENSEMBL:ENSG00000228454,C4B,False,True,6
STX18,ENSEMBL:ENSG00000168818,STX18,True,False,2
SYT9,ENSEMBL:ENSG00000170743,SYT9,False,True,1
CLASP1,ENSEMBL:ENSG00000074054,CLASP1,True,True,6
STAT4,ENSEMBL:ENSG00000138378,STAT4,True,False,1
ZBTB40,ENSEMBL:ENSG00000184677,ZBTB40,True,True,3
NAA40,ENSEMBL:ENSG00000110583,NAA40,True,False,1
ALAS2,ENSEMBL:ENSG00000158578,ALAS2,True,True,4
PTPA,ENSEMBL:ENSG00000119383,PTPA,True,True,6
DNM3,ENSEMBL:ENSG00000197959,DNM3,True,True,3
HDDC3,ENSEMBL:ENSG00000184508,HDDC3,True,True,2
PRELP,ENSEMBL:ENSG00000188783,PRELP,False,True,3
RTN4RL1,ENSEMBL:ENSG00000185924,RTN4RL1,True,False,1
UBQLN4,ENSEMBL:ENSG00000160803,UBQLN4,True,True,4
TMED8,ENSEMBL:ENSG00000100580,TMED8,True,False,2
MKRN1,ENSEMBL:ENSG00000133606,MKRN1,True,True,4
NT5C2,ENSEMBL:ENSG00000076685,NT5C2,True,True,6
ANKRD13A,ENSEMBL:ENSG00000076513,ANKRD13A,True,True,2
SNAI3-AS1,ENSEMBL:ENSG00000260630,SNAI3-AS1,True,False,2
FAM20A,ENSEMBL:ENSG00000108950,FAM20A,False,True,3
SMC6,ENSEMBL:ENSG00000163029,SMC6,True,False,1
ZNF585B,ENSEMBL:ENSG00000245680,ZNF585B,True,True,4
ENDOU,ENSEMBL:ENSG00000111405,ENDOU,False,True,1
TGIF2,ENSEMBL:ENSG00000118707,TGIF2,True,False,2
FAM124B,ENSEMBL:ENSG00000124019,FAM124B,True,False,2
NDUFS3,ENSEMBL:ENSG00000213619,NDUFS3,True,True,7
NR1H3,ENSEMBL:ENSG00000025434,NR1H3,True,True,6
BYSL,ENSEMBL:ENSG00000112578,BYSL,True,True,4
RNF170,ENSEMBL:ENSG00000120925,RNF170,True,False,1
HNRNPH2,ENSEMBL:ENSG00000126945,HNRNPH2,True,True,3
LNX2,ENSEMBL:ENSG00000139517,LNX2,True,False,2
INMT,ENSEMBL:ENSG00000241644,INMT,True,True,5
ENSEMBL:ENSG00000273906,ENSEMBL:ENSG00000273906,,True,False,1
CLC,ENSEMBL:ENSG00000105205,CLC,True,False,2
GPN1,ENSEMBL:ENSG00000198522,GPN1,True,False,2
CAPN5,ENSEMBL:ENSG00000149260,CAPN5,False,True,2
FOXO6|ENSG00000204060,ENSEMBL:ENSG00000204060,FOXO6,True,False,1
IL16,ENSEMBL:ENSG00000172349,IL16,True,True,6
TREML2,ENSEMBL:ENSG00000112195,TREML2,True,False,1
STARD8,ENSEMBL:ENSG00000130052,STARD8,True,True,4
SLC2A8,ENSEMBL:ENSG00000136856,SLC2A8,True,True,3
ENSEMBL:ENSG00000261584,ENSEMBL:ENSG00000261584,,True,False,1
ABTB1,ENSEMBL:ENSG00000114626,ABTB1,True,True,4
SLX4,ENSEMBL:ENSG00000188827,SLX4,True,True,5
CFD,ENSEMBL:ENSG00000197766,CFD,True,True,4
ISCA2,ENSEMBL:ENSG00000165898,ISCA2,True,True,3
CLEC16A,ENSEMBL:ENSG00000038532,CLEC16A,True,True,3
SLC13A4,ENSEMBL:ENSG00000164707,SLC13A4,True,False,1
CYP27A1,ENSEMBL:ENSG00000135929,CYP27A1,True,True,8
SOX13,ENSEMBL:ENSG00000143842,SOX13,True,True,3
ADORA2A,ENSEMBL:ENSG00000128271,ADORA2A,False,True,3
CYBA,ENSEMBL:ENSG00000051523,CYBA,True,True,5
ABHD10,ENSEMBL:ENSG00000144827,ABHD10,True,False,1
IL18RAP,ENSEMBL:ENSG00000115607,IL18RAP,True,True,3
PBX2,ENSEMBL:ENSG00000204304,PBX2,True,False,2
ENSEMBL:ENSG00000289196,ENSEMBL:ENSG00000289196,,True,False,1
MSRB1,ENSEMBL:ENSG00000198736,MSRB1,True,True,5
MICU1,ENSEMBL:ENSG00000107745,MICU1,True,True,7
CREG1,ENSEMBL:ENSG00000143162,CREG1,True,True,6
GUK1,ENSEMBL:ENSG00000143774,GUK1,True,True,5
SAR1A,ENSEMBL:ENSG00000079332,SAR1A,True,False,1
KANTR,ENSEMBL:ENSG00000232593,KANTR,True,False,1
FBXO6,ENSEMBL:ENSG00000116663,FBXO6,True,True,4
DGKK,ENSEMBL:ENSG00000274588,DGKK,True,True,2
PLEKHG2,ENSEMBL:ENSG00000090924,PLEKHG2,True,True,3
ZNF658B,ENSEMBL:ENSG00000198416,ZNF658B,True,False,1
ZBTB38,ENSEMBL:ENSG00000177311,ZBTB38,True,True,3
VWA1,ENSEMBL:ENSG00000179403,VWA1,True,False,1
RNF122,ENSEMBL:ENSG00000133874,RNF122,True,True,4
BCAR1,ENSEMBL:ENSG00000050820,BCAR1,True,True,4
PPARGC1B,ENSEMBL:ENSG00000155846,PPARGC1B,True,True,5
ADTRP,ENSEMBL:ENSG00000111863,ADTRP,True,True,3
ALDH16A1,ENSEMBL:ENSG00000161618,ALDH16A1,True,True,3
PM20D2,ENSEMBL:ENSG00000146281,PM20D2,True,True,3
SCN3A,ENSEMBL:ENSG00000153253,SCN3A,False,True,2
VSIR,ENSEMBL:ENSG00000107738,VSIR,True,True,5
LY6G6F,ENSEMBL:ENSG00000204424,LY6G6F,True,True,3
SLC38A5,ENSEMBL:ENSG00000017483,SLC38A5,True,True,2
TJP1,ENSEMBL:ENSG00000104067,TJP1,True,True,5
ENSEMBL:ENSG00000268119,ENSEMBL:ENSG00000268119,,True,False,1
SH2B2,ENSEMBL:ENSG00000160999,SH2B2,True,True,8
LINC00847,ENSEMBL:ENSG00000245060,LINC00847,True,False,2
ALDH1L1,ENSEMBL:ENSG00000144908,ALDH1L1,True,True,6
MRPL37,ENSEMBL:ENSG00000116221,MRPL37,True,True,5
TRAF4,ENSEMBL:ENSG00000076604,TRAF4,True,False,2
GNB2,ENSEMBL:ENSG00000172354,GNB2,True,True,4
SULF1,ENSEMBL:ENSG00000137573,SULF1,False,True,3
GOT2,ENSEMBL:ENSG00000125166,GOT2,True,True,6
MOV10,ENSEMBL:ENSG00000155363,MOV10,True,True,5
CEP295,ENSEMBL:ENSG00000166004,CEP295,True,True,2
PEX6,ENSEMBL:ENSG00000124587,PEX6,False,True,2
YARS1,ENSEMBL:ENSG00000134684,YARS1,True,True,5
PTGER1,ENSEMBL:ENSG00000160951,PTGER1,False,True,6
FOXO3,ENSEMBL:ENSG00000118689,FOXO3,True,True,6
BPNT1,ENSEMBL:ENSG00000162813,BPNT1,True,True,7
SCPEP1,ENSEMBL:ENSG00000121064,SCPEP1,True,True,6
SLIT3,ENSEMBL:ENSG00000184347,SLIT3,False,True,5
VOPP1,ENSEMBL:ENSG00000154978,VOPP1,True,True,6
RASSF2,ENSEMBL:ENSG00000101265,RASSF2,True,True,7
IRGM,ENSEMBL:ENSG00000237693,IRGM,False,True,3
FSCN1,ENSEMBL:ENSG00000075618,FSCN1,False,True,4
MYSM1,ENSEMBL:ENSG00000162601,MYSM1,True,False,1
CYBC1,ENSEMBL:ENSG00000178927,CYBC1,True,True,3
NFS1,ENSEMBL:ENSG00000244005,NFS1,True,True,6
TADA2B,ENSEMBL:ENSG00000173011,TADA2B,True,True,3
PRR32,ENSEMBL:ENSG00000183631,PRR32,False,True,1
CTNNA1,ENSEMBL:ENSG00000044115,CTNNA1,True,True,8
CCNJ,ENSEMBL:ENSG00000107443,CCNJ,True,False,1
GTF2IP4,ENSEMBL:ENSG00000233369,GTF2IP4,True,False,2
SLC6A6,ENSEMBL:ENSG00000131389,SLC6A6,True,True,5
SLC16A1,ENSEMBL:ENSG00000155380,SLC16A1,True,True,7
CPA1,ENSEMBL:ENSG00000091704,CPA1,False,True,1
INSR,ENSEMBL:ENSG00000171105,INSR,False,True,2
TTC7B,ENSEMBL:ENSG00000165914,TTC7B,True,True,5
KDM6A,ENSEMBL:ENSG00000147050,KDM6A,True,False,2
ME3,ENSEMBL:ENSG00000151376,ME3,False,True,2
CLCN1,ENSEMBL:ENSG00000188037,CLCN1,True,True,2
NLRP12,ENSEMBL:ENSG00000142405,NLRP12,True,True,3
MAP3K14,ENSEMBL:ENSG00000006062,MAP3K14,True,True,2
FEM1B,ENSEMBL:ENSG00000169018,FEM1B,True,False,1
OSGEPL1,ENSEMBL:ENSG00000128694,OSGEPL1,True,True,3
NAAA,ENSEMBL:ENSG00000138744,NAAA,True,True,4
RPL38,ENSEMBL:ENSG00000172809,RPL38,True,True,4
PI4KA,ENSEMBL:ENSG00000241973,PI4KA,True,True,3
ENSEMBL:ENSG00000248738,ENSEMBL:ENSG00000248738,,True,False,1
TMEM183A,ENSEMBL:ENSG00000163444,TMEM183A,True,True,3
NAA50,ENSEMBL:ENSG00000121579,NAA50,True,True,2
KLF7,ENSEMBL:ENSG00000118263,KLF7,True,True,3
PYCR1,ENSEMBL:ENSG00000183010,PYCR1,True,True,2
ITPR2,ENSEMBL:ENSG00000123104,ITPR2,True,True,3
LEF1,ENSEMBL:ENSG00000138795,LEF1,True,True,5
TBRG4,ENSEMBL:ENSG00000136270,TBRG4,True,True,7
PDSS1,ENSEMBL:ENSG00000148459,PDSS1,True,True,3
YY1,ENSEMBL:ENSG00000100811,YY1,True,False,2
VDAC3,ENSEMBL:ENSG00000078668,VDAC3,True,True,7
KDM5B,ENSEMBL:ENSG00000117139,KDM5B,True,True,3
RGS16,ENSEMBL:ENSG00000143333,RGS16,True,True,4
TAOK2,ENSEMBL:ENSG00000149930,TAOK2,True,True,4
CAT,ENSEMBL:ENSG00000121691,CAT,True,True,10
RBM5,ENSEMBL:ENSG00000003756,RBM5,True,False,2
BTBD10,ENSEMBL:ENSG00000148925,BTBD10,True,False,1
SYT2,ENSEMBL:ENSG00000143858,SYT2,True,False,2
PSME4,ENSEMBL:ENSG00000068878,PSME4,True,True,4
PHKA2,ENSEMBL:ENSG00000044446,PHKA2,True,False,2
LAMB3,ENSEMBL:ENSG00000196878,LAMB3,True,True,4
ATG14,ENSEMBL:ENSG00000126775,ATG14,True,True,3
SLC5A10,ENSEMBL:ENSG00000154025,SLC5A10,False,True,1
MYD88,ENSEMBL:ENSG00000172936,MYD88,True,False,1
GAS8,ENSEMBL:ENSG00000141013,GAS8,True,False,1
SPRY2,ENSEMBL:ENSG00000136158,SPRY2,True,True,4
HCG11,ENSEMBL:ENSG00000228223,HCG11,True,False,2
CD276,ENSEMBL:ENSG00000103855,CD276,True,True,4
FBXO42,ENSEMBL:ENSG00000037637,FBXO42,True,True,3
SPOCK2,ENSEMBL:ENSG00000107742,SPOCK2,True,True,3
STAG2,ENSEMBL:ENSG00000101972,STAG2,True,True,3
LIME1,ENSEMBL:ENSG00000203896,LIME1,True,True,2
CEP63,ENSEMBL:ENSG00000182923,CEP63,True,False,1
C1QTNF5,ENSEMBL:ENSG00000223953,C1QTNF5,False,True,2
ZC3H14,ENSEMBL:ENSG00000100722,ZC3H14,True,True,2
PDIA5,ENSEMBL:ENSG00000065485,PDIA5,True,True,3
EPRS1,ENSEMBL:ENSG00000136628,EPRS1,True,True,4
SIPA1,ENSEMBL:ENSG00000213445,SIPA1,True,True,5
RARG,ENSEMBL:ENSG00000172819,RARG,True,True,3
ERGIC3,ENSEMBL:ENSG00000125991,ERGIC3,True,True,4
TST,ENSEMBL:ENSG00000128311,TST,True,True,5
CIAO2A,ENSEMBL:ENSG00000166797,CIAO2A,True,False,1
NAP1L5,ENSEMBL:ENSG00000177432,NAP1L5,True,False,2
CCNL1,ENSEMBL:ENSG00000163660,CCNL1,True,True,4
TRAPPC4,ENSEMBL:ENSG00000196655,TRAPPC4,True,False,1
PCNX3,ENSEMBL:ENSG00000197136,PCNX3,True,True,2
GBA2,ENSEMBL:ENSG00000070610,GBA2,True,True,3
MBLAC2,ENSEMBL:ENSG00000176055,MBLAC2,True,True,2
ENAM,ENSEMBL:ENSG00000132464,ENAM,True,False,1
RNF10,ENSEMBL:ENSG00000022840,RNF10,True,True,4
ZNF669,ENSEMBL:ENSG00000188295,ZNF669,True,False,1
RCBTB1,ENSEMBL:ENSG00000136144,RCBTB1,True,True,3
ZNF81,ENSEMBL:ENSG00000197779,ZNF81,True,False,2
ATP6V1F,ENSEMBL:ENSG00000128524,ATP6V1F,True,True,3
CCDC80,ENSEMBL:ENSG00000091986,CCDC80,False,True,2
CSN3,ENSEMBL:ENSG00000171209,CSN3,False,True,1
ENSEMBL:ENSG00000288832,ENSEMBL:ENSG00000288832,,True,False,1
LRRC14B,ENSEMBL:ENSG00000185028,LRRC14B,True,False,1
MEF2C,ENSEMBL:ENSG00000081189,MEF2C,True,True,7
PPP1R12B,ENSEMBL:ENSG00000077157,PPP1R12B,True,True,6
ADAT1,ENSEMBL:ENSG00000065457,ADAT1,True,False,2
SCP2,ENSEMBL:ENSG00000116171,SCP2,True,True,6
CXCL16,ENSEMBL:ENSG00000161921,CXCL16,True,True,3
SDHD,ENSEMBL:ENSG00000204370,SDHD,True,True,4
ATP8A1,ENSEMBL:ENSG00000124406,ATP8A1,True,True,2
ECH1,ENSEMBL:ENSG00000104823,ECH1,True,True,9
CHSY1,ENSEMBL:ENSG00000131873,CHSY1,True,False,2
ACTN1,ENSEMBL:ENSG00000072110,ACTN1,True,True,4
CLIC2,ENSEMBL:ENSG00000155962,CLIC2,True,True,7
KLF12,ENSEMBL:ENSG00000118922,KLF12,False,True,1
COL23A1,ENSEMBL:ENSG00000050767,COL23A1,False,True,2
SERPINA4,ENSEMBL:ENSG00000100665,SERPINA4,False,True,3
GPR160,ENSEMBL:ENSG00000173890,GPR160,True,False,1
ENSEMBL:ENSG00000267002,ENSEMBL:ENSG00000267002,,True,False,1
KBTBD7,ENSEMBL:ENSG00000120696,KBTBD7,True,False,2
CPPED1,ENSEMBL:ENSG00000103381,CPPED1,True,True,4
SNCB,ENSEMBL:ENSG00000074317,SNCB,True,False,1
RASSF5,ENSEMBL:ENSG00000266094,RASSF5,True,True,7
MACROD1,ENSEMBL:ENSG00000133315,MACROD1,True,True,5
KCNAB2,ENSEMBL:ENSG00000069424,KCNAB2,True,True,4
FADS1,ENSEMBL:ENSG00000149485,FADS1,True,True,9
TOB2,ENSEMBL:ENSG00000183864,TOB2,True,True,5
SIRPB1,ENSEMBL:ENSG00000101307,SIRPB1,True,False,1
LINC02887,ENSEMBL:ENSG00000280279,LINC02887,True,False,1
SULT1B1,ENSEMBL:ENSG00000173597,SULT1B1,True,True,2
ENSEMBL:ENSG00000287627,ENSEMBL:ENSG00000287627,,True,False,1
HELZ,ENSEMBL:ENSG00000198265,HELZ,True,True,3
ATAD3A,ENSEMBL:ENSG00000197785,ATAD3A,True,True,6
BCL10,ENSEMBL:ENSG00000142867,BCL10,True,True,3
SLC36A2,ENSEMBL:ENSG00000186335,SLC36A2,False,True,2
SNAP23,ENSEMBL:ENSG00000092531,SNAP23,True,False,2
SLN,ENSEMBL:ENSG00000170290,SLN,True,True,3
MPV17,ENSEMBL:ENSG00000115204,MPV17,True,True,4
SIX5,ENSEMBL:ENSG00000177045,SIX5,True,False,1
CNTNAP1,ENSEMBL:ENSG00000108797,CNTNAP1,True,True,5
SERINC3,ENSEMBL:ENSG00000132824,SERINC3,True,True,4
JAG2,ENSEMBL:ENSG00000184916,JAG2,True,True,5
FURIN,ENSEMBL:ENSG00000140564,FURIN,True,True,8
GPR179,ENSEMBL:ENSG00000277399,GPR179,True,False,1
ART1,ENSEMBL:ENSG00000129744,ART1,True,True,3
COL3A1,ENSEMBL:ENSG00000168542,COL3A1,False,True,6
NDUFA9,ENSEMBL:ENSG00000139180,NDUFA9,True,True,9
SETD1A,ENSEMBL:ENSG00000099381,SETD1A,True,True,3
TSPAN5,ENSEMBL:ENSG00000168785,TSPAN5,True,True,7
HBA2,ENSEMBL:ENSG00000188536,HBA2,True,False,1
C7,ENSEMBL:ENSG00000112936,C7,False,True,4
SNF8,ENSEMBL:ENSG00000159210,SNF8,True,True,3
MAP3K10,ENSEMBL:ENSG00000130758,MAP3K10,True,False,2
IP6K2,ENSEMBL:ENSG00000068745,IP6K2,True,False,2
SLC1A5,ENSEMBL:ENSG00000105281,SLC1A5,True,True,4
CALR3,ENSEMBL:ENSG00000269058,CALR3,False,True,1
ABCG1,ENSEMBL:ENSG00000160179,ABCG1,True,True,6
TP53I13,ENSEMBL:ENSG00000167543,TP53I13,True,True,3
PANX2,ENSEMBL:ENSG00000073150,PANX2,True,True,2
ANO2,ENSEMBL:ENSG00000047617,ANO2,True,True,2
TMOD1,ENSEMBL:ENSG00000136842,TMOD1,True,True,7
FCHO1,ENSEMBL:ENSG00000130475,FCHO1,True,True,7
COL15A1,ENSEMBL:ENSG00000204291,COL15A1,False,True,7
LINC00702,ENSEMBL:ENSG00000233117,LINC00702,True,False,1
MAPK3,ENSEMBL:ENSG00000102882,MAPK3,True,False,1
CPSF7,ENSEMBL:ENSG00000149532,CPSF7,True,True,3
UBTD1,ENSEMBL:ENSG00000165886,UBTD1,True,False,2
ENSEMBL:ENSG00000269981,ENSEMBL:ENSG00000269981,,True,False,1
LGALS9,ENSEMBL:ENSG00000168961,LGALS9,False,True,3
PNO1,ENSEMBL:ENSG00000115946,PNO1,True,True,2
RPS29,ENSEMBL:ENSG00000213741,RPS29,True,True,6
SC5D,ENSEMBL:ENSG00000109929,SC5D,True,True,4
RBP4,ENSEMBL:ENSG00000138207,RBP4,False,True,5
ECHDC1,ENSEMBL:ENSG00000093144,ECHDC1,False,True,3
MRPL40,ENSEMBL:ENSG00000185608,MRPL40,False,True,2
PLPBP,ENSEMBL:ENSG00000147471,PLPBP,True,True,2
CELF2,ENSEMBL:ENSG00000048740,CELF2,True,True,5
CAMSAP3,ENSEMBL:ENSG00000076826,CAMSAP3,False,True,3
MACF1,ENSEMBL:ENSG00000127603,MACF1,True,True,11
SCIN,ENSEMBL:ENSG00000006747,SCIN,False,True,6
PFKL,ENSEMBL:ENSG00000141959,PFKL,True,True,4
NCOA4,ENSEMBL:ENSG00000266412,NCOA4,True,True,5
MFSD10,ENSEMBL:ENSG00000109736,MFSD10,True,False,1
EGFR,ENSEMBL:ENSG00000146648,EGFR,True,True,3
KRTCAP3,ENSEMBL:ENSG00000157992,KRTCAP3,False,True,2
ATP5IF1,ENSEMBL:ENSG00000130770,ATP5IF1,True,True,10
RNASEH2B,ENSEMBL:ENSG00000136104,RNASEH2B,True,False,2
CNP,ENSEMBL:ENSG00000173786,CNP,True,True,5
LRRN4,ENSEMBL:ENSG00000125872,LRRN4,False,True,2
PLA2G12B,ENSEMBL:ENSG00000138308,PLA2G12B,False,True,1
EIF2B4,ENSEMBL:ENSG00000115211,EIF2B4,True,False,1
ZNF704,ENSEMBL:ENSG00000164684,ZNF704,True,False,1
FBXO30,ENSEMBL:ENSG00000118496,FBXO30,True,True,3
PVT1,ENSEMBL:ENSG00000249859,PVT1,True,False,1
PPP6R3,ENSEMBL:ENSG00000110075,PPP6R3,True,False,1
MAGEF1,ENSEMBL:ENSG00000177383,MAGEF1,True,False,1
VWA8,ENSEMBL:ENSG00000102763,VWA8,False,True,8
KLC2,ENSEMBL:ENSG00000174996,KLC2,True,True,4
DISP1,ENSEMBL:ENSG00000154309,DISP1,True,True,4
STARD9,ENSEMBL:ENSG00000159433,STARD9,True,True,4
TMEM109,ENSEMBL:ENSG00000110108,TMEM109,True,True,6
IP6K3,ENSEMBL:ENSG00000161896,IP6K3,True,True,2
B3GALT2,ENSEMBL:ENSG00000162630,B3GALT2,False,True,1
GARS1-DT,ENSEMBL:ENSG00000196295,GARS1-DT,True,False,1
ZNF385C,ENSEMBL:ENSG00000187595,ZNF385C,False,True,2
CCNDBP1,ENSEMBL:ENSG00000166946,CCNDBP1,True,True,3
LRRC45,ENSEMBL:ENSG00000169683,LRRC45,True,False,2
DCAF15,ENSEMBL:ENSG00000132017,DCAF15,True,True,4
ERN1,ENSEMBL:ENSG00000178607,ERN1,True,True,3
ZNF415,ENSEMBL:ENSG00000170954,ZNF415,True,False,1
MT1A,ENSEMBL:ENSG00000205362,MT1A,False,True,7
ZNF668,ENSEMBL:ENSG00000167394,ZNF668,True,False,1
ISG15,ENSEMBL:ENSG00000187608,ISG15,True,True,4
ACSS2,ENSEMBL:ENSG00000131069,ACSS2,True,True,6
GNS,ENSEMBL:ENSG00000135677,GNS,True,True,3
ITPRIPL1,ENSEMBL:ENSG00000198885,ITPRIPL1,True,False,2
HYOU1,ENSEMBL:ENSG00000149428,HYOU1,True,True,5
DMXL2,ENSEMBL:ENSG00000104093,DMXL2,True,True,4
FAM20B,ENSEMBL:ENSG00000116199,FAM20B,True,True,2
NFATC2,ENSEMBL:ENSG00000101096,NFATC2,True,True,4
IL12RB1,ENSEMBL:ENSG00000096996,IL12RB1,True,False,1
CDH23,ENSEMBL:ENSG00000107736,CDH23,True,True,3
PRXL2B,ENSEMBL:ENSG00000157870,PRXL2B,False,True,3
RTN4IP1,ENSEMBL:ENSG00000130347,RTN4IP1,True,True,3
MAPK13,ENSEMBL:ENSG00000156711,MAPK13,True,True,3
LINC01270,ENSEMBL:ENSG00000203999,LINC01270,True,False,1
CECR2,ENSEMBL:ENSG00000099954,CECR2,True,True,3
RSRP1,ENSEMBL:ENSG00000117616,RSRP1,True,True,6
CROT,ENSEMBL:ENSG00000005469,CROT,False,True,5
NCKAP5L,ENSEMBL:ENSG00000167566,NCKAP5L,True,True,5
ARRDC3,ENSEMBL:ENSG00000113369,ARRDC3,True,True,5
SMIM24,ENSEMBL:ENSG00000095932,SMIM24,True,True,2
ARHGAP25,ENSEMBL:ENSG00000163219,ARHGAP25,True,True,5
PXK,ENSEMBL:ENSG00000168297,PXK,True,True,2
MEGF9,ENSEMBL:ENSG00000106780,MEGF9,True,True,3
CAB39,ENSEMBL:ENSG00000135932,CAB39,True,True,5
PRKCE,ENSEMBL:ENSG00000171132,PRKCE,True,False,1
LRRK2,ENSEMBL:ENSG00000188906,LRRK2,True,True,5
PSME3,ENSEMBL:ENSG00000131467,PSME3,True,True,3
PDK2,ENSEMBL:ENSG00000005882,PDK2,True,True,5
ZNF746,ENSEMBL:ENSG00000181220,ZNF746,True,False,2
TTPA,ENSEMBL:ENSG00000137561,TTPA,False,True,4
SGCA,ENSEMBL:ENSG00000108823,SGCA,True,True,3
ZIC1,ENSEMBL:ENSG00000152977,ZIC1,True,False,1
GGCT,ENSEMBL:ENSG00000006625,GGCT,True,True,3
LINC02541,ENSEMBL:ENSG00000230943,LINC02541,True,False,1
AP5B1,ENSEMBL:ENSG00000254470,AP5B1,True,False,1
BIN3,ENSEMBL:ENSG00000147439,BIN3,True,False,2
NUFIP1,ENSEMBL:ENSG00000083635,NUFIP1,True,False,1
DOP1B,ENSEMBL:ENSG00000142197,DOP1B,True,True,5
MPST,ENSEMBL:ENSG00000128309,MPST,True,True,5
CELSR2,ENSEMBL:ENSG00000143126,CELSR2,True,False,1
OBSL1,ENSEMBL:ENSG00000124006,OBSL1,True,True,4
GH1,ENSEMBL:ENSG00000259384,GH1,True,False,1
CDCA3,ENSEMBL:ENSG00000111665,CDCA3,False,True,1
EPB41L1,ENSEMBL:ENSG00000088367,EPB41L1,True,True,9
CARS1,ENSEMBL:ENSG00000110619,CARS1,True,True,7
CPT1A,ENSEMBL:ENSG00000110090,CPT1A,True,True,5
ARMC1,ENSEMBL:ENSG00000104442,ARMC1,False,True,1
UBA1,ENSEMBL:ENSG00000130985,UBA1,True,True,5
CLCF1,ENSEMBL:ENSG00000175505,CLCF1,True,True,3
HIGD2A,ENSEMBL:ENSG00000146066,HIGD2A,False,True,1
SCIRT,ENSEMBL:ENSG00000237686,SCIRT,True,False,1
MICALL2,ENSEMBL:ENSG00000164877,MICALL2,True,True,4
CTSD,ENSEMBL:ENSG00000117984,CTSD,True,True,10
ATP6V1E1,ENSEMBL:ENSG00000131100,ATP6V1E1,True,True,3
PKD1P4,ENSEMBL:ENSG00000205746,PKD1P4,True,False,2
VMAC,ENSEMBL:ENSG00000187650,VMAC,True,False,1
CAMTA2,ENSEMBL:ENSG00000108509,CAMTA2,True,True,3
SEC24B,ENSEMBL:ENSG00000138802,SEC24B,True,False,2
EHHADH,ENSEMBL:ENSG00000113790,EHHADH,False,True,4
CHKB,ENSEMBL:ENSG00000100288,CHKB,True,True,6
MYL1,ENSEMBL:ENSG00000168530,MYL1,False,True,4
ATP5ME,ENSEMBL:ENSG00000169020,ATP5ME,False,True,4
UBE2A,ENSEMBL:ENSG00000077721,UBE2A,True,True,5
CCT3,ENSEMBL:ENSG00000163468,CCT3,True,True,5
SMAD6,ENSEMBL:ENSG00000137834,SMAD6,False,True,2
KCNQ5,ENSEMBL:ENSG00000185760,KCNQ5,True,True,4
BCAS2,ENSEMBL:ENSG00000116752,BCAS2,False,True,2
GBP7,ENSEMBL:ENSG00000213512,GBP7,False,True,2
ARL3,ENSEMBL:ENSG00000138175,ARL3,True,True,4
PDP1,ENSEMBL:ENSG00000164951,PDP1,True,True,5
FDFT1,ENSEMBL:ENSG00000079459,FDFT1,True,True,4
IFT140,ENSEMBL:ENSG00000187535,IFT140,True,True,2
TOPORS,ENSEMBL:ENSG00000197579,TOPORS,True,True,3
NDUFA13,ENSEMBL:ENSG00000186010,NDUFA13,True,True,8
NACC2,ENSEMBL:ENSG00000148411,NACC2,True,False,1
PTPN4,ENSEMBL:ENSG00000088179,PTPN4,True,True,4
SAMHD1,ENSEMBL:ENSG00000101347,SAMHD1,True,True,4
ARCN1,ENSEMBL:ENSG00000095139,ARCN1,True,True,5
MRPL22,ENSEMBL:ENSG00000082515,MRPL22,True,True,4
PLEKHB2,ENSEMBL:ENSG00000115762,PLEKHB2,True,True,4
OGA,ENSEMBL:ENSG00000198408,OGA,True,True,2
CNTNAP3,ENSEMBL:ENSG00000106714,CNTNAP3,True,False,1
LILRB2,ENSEMBL:ENSG00000131042,LILRB2,True,False,1
PPP2R1B,ENSEMBL:ENSG00000137713,PPP2R1B,True,True,4
NEDD4L,ENSEMBL:ENSG00000049759,NEDD4L,True,True,7
NCF2,ENSEMBL:ENSG00000116701,NCF2,True,True,3
EDC4,ENSEMBL:ENSG00000038358,EDC4,True,False,2
ENSEMBL:ENSG00000236833,ENSEMBL:ENSG00000236833,,True,False,1
FAM131A,ENSEMBL:ENSG00000175182,FAM131A,True,True,3
ZNF101,ENSEMBL:ENSG00000181896,ZNF101,True,False,1
SPRN,ENSEMBL:ENSG00000203772,SPRN,False,True,1
ATP10D,ENSEMBL:ENSG00000145246,ATP10D,False,True,1
GNPTAB,ENSEMBL:ENSG00000111670,GNPTAB,True,False,1
AHCTF1,ENSEMBL:ENSG00000153207,AHCTF1,True,False,1
PLB1,ENSEMBL:ENSG00000163803,PLB1,True,True,3
SKP2,ENSEMBL:ENSG00000145604,SKP2,True,False,1
CA13,ENSEMBL:ENSG00000185015,CA13,False,True,3
TTF1,ENSEMBL:ENSG00000125482,TTF1,True,False,1
FAM120AOS,ENSEMBL:ENSG00000188938,FAM120AOS,True,False,2
BBX,ENSEMBL:ENSG00000114439,BBX,True,True,2
HSPA13,ENSEMBL:ENSG00000155304,HSPA13,True,False,1
GJA1,ENSEMBL:ENSG00000152661,GJA1,False,True,4
TPP1,ENSEMBL:ENSG00000166340,TPP1,True,True,4
STK38,ENSEMBL:ENSG00000112079,STK38,True,True,3
IDH3B,ENSEMBL:ENSG00000101365,IDH3B,True,True,9
IFNLR1,ENSEMBL:ENSG00000185436,IFNLR1,True,False,1
ERBB4,ENSEMBL:ENSG00000178568,ERBB4,True,True,2
F2RL1,ENSEMBL:ENSG00000164251,F2RL1,True,True,3
MBNL1,ENSEMBL:ENSG00000152601,MBNL1,True,True,5
PLET1,ENSEMBL:ENSG00000188771,PLET1,False,True,4
PPP2R5D,ENSEMBL:ENSG00000112640,PPP2R5D,True,True,4
CIR1,ENSEMBL:ENSG00000138433,CIR1,True,True,3
POMT1,ENSEMBL:ENSG00000130714,POMT1,True,True,2
FAM157A,ENSEMBL:ENSG00000236438,FAM157A,True,False,1
DBNL,ENSEMBL:ENSG00000136279,DBNL,True,True,3
WLS,ENSEMBL:ENSG00000116729,WLS,True,True,6
CARHSP1,ENSEMBL:ENSG00000153048,CARHSP1,True,True,5
TMEM203,ENSEMBL:ENSG00000187713,TMEM203,True,False,2
MIA,ENSEMBL:ENSG00000261857,MIA,True,True,2
HIPK2,ENSEMBL:ENSG00000064393,HIPK2,True,True,4
PISD,ENSEMBL:ENSG00000241878,PISD,True,False,1
KMT2B,ENSEMBL:ENSG00000272333,KMT2B,True,True,3
IL18BP,ENSEMBL:ENSG00000137496,IL18BP,True,True,2
MTMR10,ENSEMBL:ENSG00000166912,MTMR10,True,True,3
AKR1B15,ENSEMBL:ENSG00000227471,AKR1B15,True,False,1
HMGCS1,ENSEMBL:ENSG00000112972,HMGCS1,True,True,4
PLEKHM1,ENSEMBL:ENSG00000225190,PLEKHM1,True,True,3
VSIG10,ENSEMBL:ENSG00000176834,VSIG10,True,True,3
CD177,ENSEMBL:ENSG00000204936,CD177,True,True,5
HHIPL1,ENSEMBL:ENSG00000182218,HHIPL1,False,True,1
COQ3,ENSEMBL:ENSG00000132423,COQ3,True,True,7
PPT2,ENSEMBL:ENSG00000221988,PPT2,True,True,2
CDO1,ENSEMBL:ENSG00000129596,CDO1,False,True,2
POFUT1,ENSEMBL:ENSG00000101346,POFUT1,True,False,2
CPXM1,ENSEMBL:ENSG00000088882,CPXM1,False,True,3
PRDX5,ENSEMBL:ENSG00000126432,PRDX5,False,True,7
FGGY,ENSEMBL:ENSG00000172456,FGGY,False,True,2
CD300A,ENSEMBL:ENSG00000167851,CD300A,True,True,2
ATR,ENSEMBL:ENSG00000175054,ATR,True,False,1
HAT1,ENSEMBL:ENSG00000128708,HAT1,True,True,2
GID4,ENSEMBL:ENSG00000141034,GID4,True,True,4
GNB4,ENSEMBL:ENSG00000114450,GNB4,True,True,2
ENSEMBL:ENSG00000274460,ENSEMBL:ENSG00000274460,,True,False,1
KMT5A,ENSEMBL:ENSG00000183955,KMT5A,True,True,3
AP5Z1,ENSEMBL:ENSG00000242802,AP5Z1,True,False,2
IKZF1,ENSEMBL:ENSG00000185811,IKZF1,False,True,6
DDHD1,ENSEMBL:ENSG00000100523,DDHD1,True,True,4
PAM,ENSEMBL:ENSG00000145730,PAM,True,True,8
RPUSD3,ENSEMBL:ENSG00000156990,RPUSD3,True,True,3
GOLGA5,ENSEMBL:ENSG00000066455,GOLGA5,True,True,2
CAPN10-DT,ENSEMBL:ENSG00000260942,CAPN10-DT,True,False,1
CRLS1,ENSEMBL:ENSG00000088766,CRLS1,True,True,4
CHMP7,ENSEMBL:ENSG00000147457,CHMP7,True,False,1
LAMC1,ENSEMBL:ENSG00000135862,LAMC1,True,True,6
FYN,ENSEMBL:ENSG00000010810,FYN,True,True,5
CUL3,ENSEMBL:ENSG00000036257,CUL3,True,True,4
ATP1B2,ENSEMBL:ENSG00000129244,ATP1B2,True,True,5
FIGNL1,ENSEMBL:ENSG00000132436,FIGNL1,True,True,2
PELI2,ENSEMBL:ENSG00000139946,PELI2,True,True,2
CCDC92,ENSEMBL:ENSG00000119242,CCDC92,True,True,5
ASB7,ENSEMBL:ENSG00000183475,ASB7,True,False,1
TMIGD1,ENSEMBL:ENSG00000182271,TMIGD1,False,True,2
NDUFS5,ENSEMBL:ENSG00000168653,NDUFS5,False,True,8
HDAC4,ENSEMBL:ENSG00000068024,HDAC4,True,True,5
KRAS,ENSEMBL:ENSG00000133703,KRAS,True,False,2
IFNGR2,ENSEMBL:ENSG00000159128,IFNGR2,True,True,3
SERINC2,ENSEMBL:ENSG00000168528,SERINC2,True,True,2
RIMS1,ENSEMBL:ENSG00000079841,RIMS1,False,True,3
ARHGAP19,ENSEMBL:ENSG00000213390,ARHGAP19,True,False,2
PLS3,ENSEMBL:ENSG00000102024,PLS3,True,True,3
IL7R,ENSEMBL:ENSG00000168685,IL7R,True,True,4
TOR2A,ENSEMBL:ENSG00000160404,TOR2A,True,False,1
ELMO1,ENSEMBL:ENSG00000155849,ELMO1,True,True,4
PCOLCE2,ENSEMBL:ENSG00000163710,PCOLCE2,False,True,1
ARHGEF3,ENSEMBL:ENSG00000163947,ARHGEF3,True,True,8
FRMPD3,ENSEMBL:ENSG00000147234,FRMPD3,True,False,1
ACLY,ENSEMBL:ENSG00000131473,ACLY,True,True,7
ABCB10,ENSEMBL:ENSG00000135776,ABCB10,False,True,1
NT5C3A,ENSEMBL:ENSG00000122643,NT5C3A,True,True,4
ENSEMBL:ENSG00000230479,ENSEMBL:ENSG00000230479,,True,False,1
ENSEMBL:ENSG00000277758,ENSEMBL:ENSG00000277758,,True,False,1
VARS1|ENSG00000204394,ENSEMBL:ENSG00000204394,VARS1,True,False,2
CHM,ENSEMBL:ENSG00000188419,CHM,True,False,1
AGR2,ENSEMBL:ENSG00000106541,AGR2,False,True,1
LPCAT3,ENSEMBL:ENSG00000111684,LPCAT3,True,True,5
EFS,ENSEMBL:ENSG00000100842,EFS,False,True,3
ADAMTSL5,ENSEMBL:ENSG00000185761,ADAMTSL5,True,True,2
APC,ENSEMBL:ENSG00000134982,APC,True,True,5
CROCCP3,ENSEMBL:ENSG00000080947,CROCCP3,True,False,1
KDM2A,ENSEMBL:ENSG00000173120,KDM2A,True,True,3
CD300E,ENSEMBL:ENSG00000186407,CD300E,True,True,2
BCKDK,ENSEMBL:ENSG00000103507,BCKDK,True,True,6
NDUFAF2,ENSEMBL:ENSG00000164182,NDUFAF2,True,True,2
PARN,ENSEMBL:ENSG00000140694,PARN,True,False,1
ARL6IP5,ENSEMBL:ENSG00000144746,ARL6IP5,True,True,5
CCDC154,ENSEMBL:ENSG00000197599,CCDC154,True,False,1
NUP35,ENSEMBL:ENSG00000163002,NUP35,True,False,1
VPS16,ENSEMBL:ENSG00000215305,VPS16,True,True,2
TP53I11,ENSEMBL:ENSG00000175274,TP53I11,True,True,5
IMPA1,ENSEMBL:ENSG00000133731,IMPA1,True,True,2
SLC2A9,ENSEMBL:ENSG00000109667,SLC2A9,True,True,3
LINC01127,ENSEMBL:ENSG00000281162,LINC01127,True,False,1
BAD,ENSEMBL:ENSG00000002330,BAD,True,False,1
QARS1,ENSEMBL:ENSG00000172053,QARS1,True,True,4
NOMO2,ENSEMBL:ENSG00000185164,NOMO2,True,True,4
SLC35A2,ENSEMBL:ENSG00000102100,SLC35A2,True,True,3
TDP2,ENSEMBL:ENSG00000111802,TDP2,True,True,5
NRDC,ENSEMBL:ENSG00000078618,NRDC,True,True,4
AGAP12P,ENSEMBL:ENSG00000265018,AGAP12P,True,False,1
ZNF680,ENSEMBL:ENSG00000173041,ZNF680,True,False,2
PPP1CB,ENSEMBL:ENSG00000213639,PPP1CB,True,True,6
RPF1,ENSEMBL:ENSG00000117133,RPF1,True,False,2
LINC01128,ENSEMBL:ENSG00000228794,LINC01128,True,False,2
GPRIN3,ENSEMBL:ENSG00000185477,GPRIN3,True,True,5
PTGS1,ENSEMBL:ENSG00000095303,PTGS1,True,True,3
ENSEMBL:ENSG00000251615,ENSEMBL:ENSG00000251615,,True,False,1
PGLYRP2,ENSEMBL:ENSG00000161031,PGLYRP2,False,True,4
ENSEMBL:ENSG00000226833,ENSEMBL:ENSG00000226833,,True,False,1
FHIP1A,ENSEMBL:ENSG00000164142,FHIP1A,True,True,2
TICAM2,ENSEMBL:ENSG00000243414,TICAM2,True,False,1
HSD17B12,ENSEMBL:ENSG00000149084,HSD17B12,True,True,6
MAPK8IP1P2,ENSEMBL:ENSG00000263503,MAPK8IP1P2,True,False,1
CUL4A,ENSEMBL:ENSG00000139842,CUL4A,True,True,5
KLHL3,ENSEMBL:ENSG00000146021,KLHL3,True,True,3
ANKRD33B,ENSEMBL:ENSG00000164236,ANKRD33B,True,True,4
LIFR,ENSEMBL:ENSG00000113594,LIFR,True,True,4
GABRR1,ENSEMBL:ENSG00000146276,GABRR1,False,True,1
DCTN2,ENSEMBL:ENSG00000175203,DCTN2,True,True,3
EXOSC10,ENSEMBL:ENSG00000171824,EXOSC10,True,False,1
PCK2,ENSEMBL:ENSG00000100889,PCK2,False,True,5
ATF2,ENSEMBL:ENSG00000115966,ATF2,True,True,3
NDUFA8,ENSEMBL:ENSG00000119421,NDUFA8,True,True,7
ORAI1,ENSEMBL:ENSG00000276045,ORAI1,True,False,2
APLP2,ENSEMBL:ENSG00000084234,APLP2,True,True,4
GSTT2,ENSEMBL:ENSG00000099984,GSTT2,False,True,2
YPEL1,ENSEMBL:ENSG00000100027,YPEL1,True,False,2
ZNF736,ENSEMBL:ENSG00000234444,ZNF736,True,False,2
PYGM,ENSEMBL:ENSG00000068976,PYGM,True,True,4
IFIT1,ENSEMBL:ENSG00000185745,IFIT1,True,False,1
VPS26C,ENSEMBL:ENSG00000157538,VPS26C,True,True,3
DIO1,ENSEMBL:ENSG00000211452,DIO1,False,True,2
PADI2,ENSEMBL:ENSG00000117115,PADI2,True,True,8
SREK1IP1,ENSEMBL:ENSG00000153006,SREK1IP1,True,False,3
HSPBP1,ENSEMBL:ENSG00000133265,HSPBP1,True,True,2
MAOB,ENSEMBL:ENSG00000069535,MAOB,True,True,8
HSF4,ENSEMBL:ENSG00000102878,HSF4,True,False,1
LRP2BP,ENSEMBL:ENSG00000109771,LRP2BP,True,False,1
IL2RG,ENSEMBL:ENSG00000147168,IL2RG,True,True,6
CD19,ENSEMBL:ENSG00000177455,CD19,True,True,5
ENSEMBL:ENSG00000251257,ENSEMBL:ENSG00000251257,,True,False,1
TPR,ENSEMBL:ENSG00000047410,TPR,True,True,5
BST1,ENSEMBL:ENSG00000109743,BST1,True,False,1
ABCA11P,ENSEMBL:ENSG00000251595,ABCA11P,True,False,1
SDHC,ENSEMBL:ENSG00000143252,SDHC,False,True,4
EMILIN1,ENSEMBL:ENSG00000138080,EMILIN1,False,True,2
ENG,ENSEMBL:ENSG00000106991,ENG,True,True,5
BUD13P1,ENSEMBL:ENSG00000270689,BUD13P1,True,False,1
TFIP11,ENSEMBL:ENSG00000100109,TFIP11,True,False,2
PDE8A,ENSEMBL:ENSG00000073417,PDE8A,True,False,1
HMGCS2,ENSEMBL:ENSG00000134240,HMGCS2,False,True,4
ABCA1,ENSEMBL:ENSG00000165029,ABCA1,True,True,5
PDP2,ENSEMBL:ENSG00000172840,PDP2,True,True,3
PTPN18,ENSEMBL:ENSG00000072135,PTPN18,True,True,3
NDUFB9,ENSEMBL:ENSG00000147684,NDUFB9,True,True,10
CYBRD1,ENSEMBL:ENSG00000071967,CYBRD1,True,True,4
ABHD4,ENSEMBL:ENSG00000100439,ABHD4,True,True,5
PPIB,ENSEMBL:ENSG00000166794,PPIB,True,True,4
IL17RE,ENSEMBL:ENSG00000163701,IL17RE,False,True,1
MPZL2,ENSEMBL:ENSG00000149573,MPZL2,True,True,3
HSH2D,ENSEMBL:ENSG00000196684,HSH2D,True,True,4
WSB2,ENSEMBL:ENSG00000176871,WSB2,True,True,2
AARSD1,ENSEMBL:ENSG00000266967,AARSD1,True,False,2
MIPEP,ENSEMBL:ENSG00000027001,MIPEP,True,True,2
PPP4R1L,ENSEMBL:ENSG00000124224,PPP4R1L,True,False,2
MACROH2A1,ENSEMBL:ENSG00000113648,MACROH2A1,True,True,5
ADGRL4,ENSEMBL:ENSG00000162618,ADGRL4,True,True,5
MAP4K1,ENSEMBL:ENSG00000104814,MAP4K1,True,True,4
SLC9A3R1,ENSEMBL:ENSG00000109062,SLC9A3R1,True,True,4
UBE2C,ENSEMBL:ENSG00000175063,UBE2C,False,True,2
GFM1,ENSEMBL:ENSG00000168827,GFM1,True,True,7
SMOX,ENSEMBL:ENSG00000088826,SMOX,True,True,2
F13A1,ENSEMBL:ENSG00000124491,F13A1,True,True,5
CYTH4,ENSEMBL:ENSG00000100055,CYTH4,True,True,4
SLAMF6,ENSEMBL:ENSG00000162739,SLAMF6,True,True,7
NOD1,ENSEMBL:ENSG00000106100,NOD1,True,True,3
CCDC63,ENSEMBL:ENSG00000173093,CCDC63,False,True,1
BNC2,ENSEMBL:ENSG00000173068,BNC2,True,True,4
JAKMIP2,ENSEMBL:ENSG00000176049,JAKMIP2,True,False,1
PPA2,ENSEMBL:ENSG00000138777,PPA2,False,True,6
RASL10A,ENSEMBL:ENSG00000100276,RASL10A,True,True,3
PODNL1,ENSEMBL:ENSG00000132000,PODNL1,False,True,3
C1QL2,ENSEMBL:ENSG00000144119,C1QL2,False,True,1
PAPSS2,ENSEMBL:ENSG00000198682,PAPSS2,False,True,2
PARP10,ENSEMBL:ENSG00000178685,PARP10,True,True,3
NDUFV2,ENSEMBL:ENSG00000178127,NDUFV2,False,True,5
RPLP0,ENSEMBL:ENSG00000089157,RPLP0,True,True,6
GCKR,ENSEMBL:ENSG00000084734,GCKR,False,True,2
ALDOA,ENSEMBL:ENSG00000149925,ALDOA,True,True,7
ENSEMBL:ENSG00000235070,ENSEMBL:ENSG00000235070,,True,False,1
ARMCX4,ENSEMBL:ENSG00000196440,ARMCX4,True,True,2
UNC119B,ENSEMBL:ENSG00000175970,UNC119B,False,True,4
HES4,ENSEMBL:ENSG00000188290,HES4,True,False,2
HOMEZ,ENSEMBL:ENSG00000215271,HOMEZ,True,False,1
FUS,ENSEMBL:ENSG00000089280,FUS,True,True,2
MYF6,ENSEMBL:ENSG00000111046,MYF6,True,True,2
CRYBG3,ENSEMBL:ENSG00000080200,CRYBG3,True,True,4
SERBP1,ENSEMBL:ENSG00000142864,SERBP1,True,True,6
TRIM27,ENSEMBL:ENSG00000204713,TRIM27,True,False,2
GRK6,ENSEMBL:ENSG00000198055,GRK6,True,True,3
RGS12,ENSEMBL:ENSG00000159788,RGS12,True,True,3
UBR1,ENSEMBL:ENSG00000159459,UBR1,True,True,2
SLC9A3R2,ENSEMBL:ENSG00000065054,SLC9A3R2,True,True,8
AATK,ENSEMBL:ENSG00000181409,AATK,True,True,2
MAF,ENSEMBL:ENSG00000178573,MAF,True,True,4
ECM2,ENSEMBL:ENSG00000106823,ECM2,True,True,4
ENSEMBL:ENSG00000282416,ENSEMBL:ENSG00000282416,,True,False,1
L2HGDH,ENSEMBL:ENSG00000087299,L2HGDH,True,True,3
GSN,ENSEMBL:ENSG00000148180,GSN,True,True,8
MEOX2,ENSEMBL:ENSG00000106511,MEOX2,False,True,2
PBLD,ENSEMBL:ENSG00000108187,PBLD,False,True,2
RPL37,ENSEMBL:ENSG00000145592,RPL37,True,True,7
NPL,ENSEMBL:ENSG00000135838,NPL,True,True,2
GPR108,ENSEMBL:ENSG00000125734,GPR108,True,True,4
AKR1C8P,ENSEMBL:ENSG00000264006,AKR1C8P,False,True,3
USP40,ENSEMBL:ENSG00000085982,USP40,True,True,5
SDHAF2,ENSEMBL:ENSG00000167985,SDHAF2,False,True,3
SUGP1,ENSEMBL:ENSG00000105705,SUGP1,True,False,1
TRIM10,ENSEMBL:ENSG00000204613,TRIM10,True,False,1
SLC6A1,ENSEMBL:ENSG00000157103,SLC6A1,True,False,1
MRPL42,ENSEMBL:ENSG00000198015,MRPL42,True,True,5
SRP14-DT,ENSEMBL:ENSG00000248508,SRP14-DT,True,False,1
KMT5C,ENSEMBL:ENSG00000133247,KMT5C,True,True,3
GFOD2,ENSEMBL:ENSG00000141098,GFOD2,True,True,3
GALNT15,ENSEMBL:ENSG00000131386,GALNT15,True,True,3
KLHL13,ENSEMBL:ENSG00000003096,KLHL13,True,True,2
FMO1,ENSEMBL:ENSG00000010932,FMO1,False,True,5
MPP4,ENSEMBL:ENSG00000082126,MPP4,False,True,1
NEURL1B,ENSEMBL:ENSG00000214357,NEURL1B,True,True,2
RBPJ,ENSEMBL:ENSG00000168214,RBPJ,True,True,3
LNPK,ENSEMBL:ENSG00000144320,LNPK,True,True,2
MMP15,ENSEMBL:ENSG00000102996,MMP15,True,True,4
RPL10,ENSEMBL:ENSG00000147403,RPL10,True,True,5
PSME3IP1,ENSEMBL:ENSG00000172775,PSME3IP1,True,True,3
TMEM9B,ENSEMBL:ENSG00000175348,TMEM9B,True,True,4
MRPS36,ENSEMBL:ENSG00000134056,MRPS36,True,True,4
NAGPA,ENSEMBL:ENSG00000103174,NAGPA,True,False,2
BAIAP3,ENSEMBL:ENSG00000007516,BAIAP3,True,True,7
CEP250,ENSEMBL:ENSG00000126001,CEP250,True,True,3
BMPER,ENSEMBL:ENSG00000164619,BMPER,False,True,2
UBE2V1,ENSEMBL:ENSG00000244687,UBE2V1,True,True,4
TPH1,ENSEMBL:ENSG00000129167,TPH1,True,True,3
GDPD5,ENSEMBL:ENSG00000158555,GDPD5,True,True,2
CFH,ENSEMBL:ENSG00000000971,CFH,True,True,7
ZNF561,ENSEMBL:ENSG00000171469,ZNF561,True,False,1
GSTO1,ENSEMBL:ENSG00000148834,GSTO1,True,True,5
HAPLN4,ENSEMBL:ENSG00000187664,HAPLN4,False,True,3
EEA1,ENSEMBL:ENSG00000102189,EEA1,True,True,2
DHX58,ENSEMBL:ENSG00000108771,DHX58,True,True,4
WAC-AS1,ENSEMBL:ENSG00000254635,WAC-AS1,True,False,2
PPM1J,ENSEMBL:ENSG00000155367,PPM1J,True,False,1
H2BC21,ENSEMBL:ENSG00000184678,H2BC21,True,False,2
HNRNPK,ENSEMBL:ENSG00000165119,HNRNPK,True,True,4
PLCXD2,ENSEMBL:ENSG00000240891,PLCXD2,True,True,3
RAB9B,ENSEMBL:ENSG00000123570,RAB9B,True,False,1
LIMD2,ENSEMBL:ENSG00000136490,LIMD2,False,True,6
HCCS,ENSEMBL:ENSG00000004961,HCCS,True,True,5
KAZN,ENSEMBL:ENSG00000189337,KAZN,True,False,1
ATP5F1E,ENSEMBL:ENSG00000124172,ATP5F1E,True,True,8
PIP5K1A,ENSEMBL:ENSG00000143398,PIP5K1A,True,True,2
SOAT1,ENSEMBL:ENSG00000057252,SOAT1,True,True,3
ADGRG6,ENSEMBL:ENSG00000112414,ADGRG6,False,True,3
TRAP1,ENSEMBL:ENSG00000126602,TRAP1,True,True,7
C15orf62,ENSEMBL:ENSG00000188277,C15orf62,True,True,2
GOLIM4,ENSEMBL:ENSG00000173905,GOLIM4,True,True,2
LINC00327,ENSEMBL:ENSG00000232977,LINC00327,True,False,1
UCK2,ENSEMBL:ENSG00000143179,UCK2,True,True,3
NDUFA11,ENSEMBL:ENSG00000174886,NDUFA11,True,True,9
TMEM63A,ENSEMBL:ENSG00000196187,TMEM63A,True,False,2
DMPK,ENSEMBL:ENSG00000104936,DMPK,True,True,3
SETX,ENSEMBL:ENSG00000107290,SETX,True,True,4
C7orf61,ENSEMBL:ENSG00000185955,C7orf61,False,True,4
RGS3,ENSEMBL:ENSG00000138835,RGS3,True,True,4
SLC26A2,ENSEMBL:ENSG00000155850,SLC26A2,True,True,3
ZDHHC18,ENSEMBL:ENSG00000204160,ZDHHC18,True,True,2
FCGR3A,ENSEMBL:ENSG00000203747,FCGR3A,True,True,4
CAD,ENSEMBL:ENSG00000084774,CAD,True,True,5
SIPA1L1,ENSEMBL:ENSG00000197555,SIPA1L1,True,True,3
GP1BA,ENSEMBL:ENSG00000185245,GP1BA,True,True,4
PLA2G15,ENSEMBL:ENSG00000103066,PLA2G15,True,True,6
TFDP2,ENSEMBL:ENSG00000114126,TFDP2,True,True,4
PDIK1L,ENSEMBL:ENSG00000175087,PDIK1L,True,True,2
CASC3,ENSEMBL:ENSG00000108349,CASC3,True,False,2
RHBDD2,ENSEMBL:ENSG00000005486,RHBDD2,True,True,3
CLEC3B,ENSEMBL:ENSG00000163815,CLEC3B,False,True,2
GRAMD1A,ENSEMBL:ENSG00000089351,GRAMD1A,True,True,3
ELAPOR1,ENSEMBL:ENSG00000116299,ELAPOR1,True,True,2
RNF141,ENSEMBL:ENSG00000110315,RNF141,True,False,1
ENPP5,ENSEMBL:ENSG00000112796,ENPP5,True,True,7
CDC25B,ENSEMBL:ENSG00000101224,CDC25B,True,True,3
ENO1,ENSEMBL:ENSG00000074800,ENO1,True,True,10
MYLK3,ENSEMBL:ENSG00000140795,MYLK3,True,False,1
GALNT12,ENSEMBL:ENSG00000119514,GALNT12,True,True,2
SESN3,ENSEMBL:ENSG00000149212,SESN3,True,True,5
PDE3A,ENSEMBL:ENSG00000172572,PDE3A,True,True,2
TBC1D3L,ENSEMBL:ENSG00000274512,TBC1D3L,True,False,2
KLHL38,ENSEMBL:ENSG00000175946,KLHL38,True,True,2
ANGPTL8,ENSEMBL:ENSG00000130173,ANGPTL8,False,True,1
ORAI2,ENSEMBL:ENSG00000160991,ORAI2,True,True,4
SLCO3A1,ENSEMBL:ENSG00000176463,SLCO3A1,True,True,3
FERMT2,ENSEMBL:ENSG00000073712,FERMT2,True,True,4
POLI,ENSEMBL:ENSG00000101751,POLI,True,False,1
FAM78A,ENSEMBL:ENSG00000126882,FAM78A,True,True,3
CNKSR2,ENSEMBL:ENSG00000149970,CNKSR2,True,True,3
PTGES2,ENSEMBL:ENSG00000148334,PTGES2,True,True,4
ADA,ENSEMBL:ENSG00000196839,ADA,True,True,3
TUSC2,ENSEMBL:ENSG00000114383,TUSC2,False,True,2
EIF4EP2,ENSEMBL:ENSG00000229944,EIF4EP2,True,False,1
EIF2AK1,ENSEMBL:ENSG00000086232,EIF2AK1,True,True,3
ARMCX2,ENSEMBL:ENSG00000184867,ARMCX2,True,True,2
AFF3,ENSEMBL:ENSG00000144218,AFF3,True,True,3
NCAPD2,ENSEMBL:ENSG00000010292,NCAPD2,True,True,2
ADRB1,ENSEMBL:ENSG00000043591,ADRB1,False,True,2
RB1,ENSEMBL:ENSG00000139687,RB1,True,True,2
PTGS2,ENSEMBL:ENSG00000073756,PTGS2,True,True,2
ACVR1C,ENSEMBL:ENSG00000123612,ACVR1C,False,True,4
BOLA1,ENSEMBL:ENSG00000178096,BOLA1,True,True,3
GADD45A,ENSEMBL:ENSG00000116717,GADD45A,True,True,7
CARD14,ENSEMBL:ENSG00000141527,CARD14,True,True,3
ENSEMBL:ENSG00000225313,ENSEMBL:ENSG00000225313,,True,False,2
ARHGEF6,ENSEMBL:ENSG00000129675,ARHGEF6,True,True,3
CHD4,ENSEMBL:ENSG00000111642,CHD4,True,True,3
TTLL7,ENSEMBL:ENSG00000137941,TTLL7,True,True,2
PRSS57,ENSEMBL:ENSG00000185198,PRSS57,True,False,1
RPS20,ENSEMBL:ENSG00000008988,RPS20,True,True,4
RDH16,ENSEMBL:ENSG00000139547,RDH16,False,True,3
VPS25,ENSEMBL:ENSG00000131475,VPS25,True,False,1
KALRN,ENSEMBL:ENSG00000160145,KALRN,True,True,3
ENSEMBL:ENSG00000288065,ENSEMBL:ENSG00000288065,,True,False,1
KRBOX4,ENSEMBL:ENSG00000147121,KRBOX4,True,False,1
KAT6A,ENSEMBL:ENSG00000083168,KAT6A,True,True,3
CD4,ENSEMBL:ENSG00000010610,CD4,True,True,3
NPC1L1,ENSEMBL:ENSG00000015520,NPC1L1,False,True,1
SIK1,ENSEMBL:ENSG00000142178,SIK1,True,True,5
PKIG,ENSEMBL:ENSG00000168734,PKIG,True,True,3
GUSBP11,ENSEMBL:ENSG00000228315,GUSBP11,True,False,1
HAUS6,ENSEMBL:ENSG00000147874,HAUS6,True,False,2
ADAM10,ENSEMBL:ENSG00000137845,ADAM10,True,False,2
ZDHHC8,ENSEMBL:ENSG00000099904,ZDHHC8,True,True,4
ANGPTL1,ENSEMBL:ENSG00000116194,ANGPTL1,True,True,2
BRIX1,ENSEMBL:ENSG00000113460,BRIX1,True,True,4
ENSEMBL:ENSG00000269934,ENSEMBL:ENSG00000269934,,True,False,2
ENSEMBL:ENSG00000273729,ENSEMBL:ENSG00000273729,,True,False,1
ENSEMBL:ENSG00000228748,ENSEMBL:ENSG00000228748,,True,False,1
PSEN1,ENSEMBL:ENSG00000080815,PSEN1,True,False,3
WDFY1,ENSEMBL:ENSG00000085449,WDFY1,True,True,3
MACIR,ENSEMBL:ENSG00000181751,MACIR,True,True,3
MTMR9LP,ENSEMBL:ENSG00000220785,MTMR9LP,True,False,1
CILK1,ENSEMBL:ENSG00000112144,CILK1,True,True,2
ACHE,ENSEMBL:ENSG00000087085,ACHE,False,True,2
GPBP1,ENSEMBL:ENSG00000062194,GPBP1,True,True,3
STK39,ENSEMBL:ENSG00000198648,STK39,True,True,2
CRB1,ENSEMBL:ENSG00000134376,CRB1,False,True,2
NKX3-1,ENSEMBL:ENSG00000167034,NKX3-1,True,True,3
FGD3,ENSEMBL:ENSG00000127084,FGD3,True,True,7
BNIP5,ENSEMBL:ENSG00000189325,BNIP5,False,True,1
CENPC,ENSEMBL:ENSG00000145241,CENPC,True,True,2
MYL12-AS1,ENSEMBL:ENSG00000264235,MYL12-AS1,True,False,1
SERPINA1,ENSEMBL:ENSG00000197249,SERPINA1,True,True,4
TRARG1,ENSEMBL:ENSG00000184811,TRARG1,True,True,2
SPG7,ENSEMBL:ENSG00000197912,SPG7,True,True,7
TSKU,ENSEMBL:ENSG00000182704,TSKU,False,True,5
RAC1,ENSEMBL:ENSG00000136238,RAC1,True,True,5
MEP1A,ENSEMBL:ENSG00000112818,MEP1A,False,True,2
TASOR,ENSEMBL:ENSG00000163946,TASOR,True,True,2
PLXND1,ENSEMBL:ENSG00000004399,PLXND1,True,True,6
PCCA,ENSEMBL:ENSG00000175198,PCCA,True,True,8
ACTR3,ENSEMBL:ENSG00000115091,ACTR3,True,True,4
SCARA5,ENSEMBL:ENSG00000168079,SCARA5,True,True,4
PTPRJ,ENSEMBL:ENSG00000149177,PTPRJ,True,True,4
NUDT22,ENSEMBL:ENSG00000149761,NUDT22,True,False,2
NDN,ENSEMBL:ENSG00000182636,NDN,False,True,2
SLC25A47,ENSEMBL:ENSG00000140107,SLC25A47,False,True,1
SCNN1B,ENSEMBL:ENSG00000168447,SCNN1B,False,True,2
LRRC8C,ENSEMBL:ENSG00000171488,LRRC8C,True,True,4
ZKSCAN4,ENSEMBL:ENSG00000187626,ZKSCAN4,True,False,1
KIF21B,ENSEMBL:ENSG00000116852,KIF21B,True,True,5
GAREM1,ENSEMBL:ENSG00000141441,GAREM1,True,True,3
CLYBL,ENSEMBL:ENSG00000125246,CLYBL,True,True,7
NAXE,ENSEMBL:ENSG00000163382,NAXE,True,True,3
OAZ1,ENSEMBL:ENSG00000104904,OAZ1,True,True,2
FLNB-AS1,ENSEMBL:ENSG00000244161,FLNB-AS1,True,False,1
PCDH17,ENSEMBL:ENSG00000118946,PCDH17,False,True,1
DAAM2-AS1,ENSEMBL:ENSG00000235033,DAAM2-AS1,True,False,1
S100B,ENSEMBL:ENSG00000160307,S100B,True,True,4
OCIAD1,ENSEMBL:ENSG00000109180,OCIAD1,True,True,4
PPP1R3C,ENSEMBL:ENSG00000119938,PPP1R3C,True,True,3
IGFBP4,ENSEMBL:ENSG00000141753,IGFBP4,False,True,5
ALS2CL,ENSEMBL:ENSG00000178038,ALS2CL,True,True,3
NCOA3,ENSEMBL:ENSG00000124151,NCOA3,True,True,6
ZNF721,ENSEMBL:ENSG00000182903,ZNF721,True,False,2
RAB5B,ENSEMBL:ENSG00000111540,RAB5B,True,True,2
C1S,ENSEMBL:ENSG00000182326,C1S,False,True,6
C15orf40,ENSEMBL:ENSG00000169609,C15orf40,True,False,2
HDAC9,ENSEMBL:ENSG00000048052,HDAC9,True,True,2
POLR2A|ENSG00000181222,ENSEMBL:ENSG00000181222,POLR2A,True,False,2
NLRC4,ENSEMBL:ENSG00000091106,NLRC4,True,False,2
EIF2AK2,ENSEMBL:ENSG00000055332,EIF2AK2,True,False,2
GTF2F1,ENSEMBL:ENSG00000125651,GTF2F1,True,True,5
ZZEF1,ENSEMBL:ENSG00000074755,ZZEF1,True,True,4
FLOT2,ENSEMBL:ENSG00000132589,FLOT2,True,True,2
WDR11,ENSEMBL:ENSG00000120008,WDR11,True,True,2
SPDEF,ENSEMBL:ENSG00000124664,SPDEF,False,True,2
TBL2,ENSEMBL:ENSG00000106638,TBL2,True,True,4
CD2BP2,ENSEMBL:ENSG00000169217,CD2BP2,True,True,3
PCF11,ENSEMBL:ENSG00000165494,PCF11,True,True,4
YBX1P1,ENSEMBL:ENSG00000224861,YBX1P1,True,False,1
ARL1,ENSEMBL:ENSG00000120805,ARL1,True,False,1
ZNF319,ENSEMBL:ENSG00000166188,ZNF319,True,False,2
APOBEC3A,ENSEMBL:ENSG00000128383,APOBEC3A,True,False,1
PREP,ENSEMBL:ENSG00000085377,PREP,False,True,6
PITPNM1,ENSEMBL:ENSG00000110697,PITPNM1,True,True,3
P2RY1,ENSEMBL:ENSG00000169860,P2RY1,True,True,2
CTNS,ENSEMBL:ENSG00000040531,CTNS,True,False,1
SLC49A4,ENSEMBL:ENSG00000138463,SLC49A4,True,True,5
NEIL2,ENSEMBL:ENSG00000154328,NEIL2,True,False,2
FOXK1,ENSEMBL:ENSG00000164916,FOXK1,True,True,4
P2RY2,ENSEMBL:ENSG00000175591,P2RY2,True,True,3
CDC42,ENSEMBL:ENSG00000070831,CDC42,True,True,4
FN1,ENSEMBL:ENSG00000115414,FN1,False,True,6
TMEM250,ENSEMBL:ENSG00000238227,TMEM250,True,True,4
S100P,ENSEMBL:ENSG00000163993,S100P,True,False,1
LINC00937,ENSEMBL:ENSG00000226091,LINC00937,True,False,1
HFE,ENSEMBL:ENSG00000010704,HFE,True,False,1
TCHP,ENSEMBL:ENSG00000139437,TCHP,True,False,1
SUPT20H,ENSEMBL:ENSG00000102710,SUPT20H,True,True,3
CYP4F3,ENSEMBL:ENSG00000186529,CYP4F3,True,True,3
GRIFIN,ENSEMBL:ENSG00000275572,GRIFIN,False,True,3
STS,ENSEMBL:ENSG00000101846,STS,True,True,4
PRICKLE1,ENSEMBL:ENSG00000139174,PRICKLE1,True,True,3
SNHG12,ENSEMBL:ENSG00000197989,SNHG12,True,False,1
CDADC1,ENSEMBL:ENSG00000102543,CDADC1,True,True,4
AGPAT1,ENSEMBL:ENSG00000204310,AGPAT1,True,True,4
ELF3-AS1,ENSEMBL:ENSG00000234678,ELF3-AS1,True,False,1
DCTN1,ENSEMBL:ENSG00000204843,DCTN1,True,True,3
SRF,ENSEMBL:ENSG00000112658,SRF,True,True,6
ITPK1,ENSEMBL:ENSG00000100605,ITPK1,True,True,3
GOLM1,ENSEMBL:ENSG00000135052,GOLM1,True,False,3
HOXC8,ENSEMBL:ENSG00000037965,HOXC8,True,True,2
ADAMTS19,ENSEMBL:ENSG00000145808,ADAMTS19,True,False,1
AOC3,ENSEMBL:ENSG00000131471,AOC3,True,True,4
ENSEMBL:ENSG00000255946,ENSEMBL:ENSG00000255946,,True,False,1
STBD1,ENSEMBL:ENSG00000118804,STBD1,True,True,5
KBTBD2,ENSEMBL:ENSG00000170852,KBTBD2,True,False,2
THEMIS2,ENSEMBL:ENSG00000130775,THEMIS2,True,False,1
YWHAH,ENSEMBL:ENSG00000128245,YWHAH,True,True,4
TMEM256,ENSEMBL:ENSG00000205544,TMEM256,False,True,2
NLRX1,ENSEMBL:ENSG00000160703,NLRX1,True,True,2
SUN1,ENSEMBL:ENSG00000164828,SUN1,True,False,2
LINC01001,ENSEMBL:ENSG00000230724,LINC01001,True,False,2
HAUS1,ENSEMBL:ENSG00000152240,HAUS1,False,True,1
TM6SF1,ENSEMBL:ENSG00000136404,TM6SF1,True,True,5
CXCL13,ENSEMBL:ENSG00000156234,CXCL13,False,True,4
TTC22,ENSEMBL:ENSG00000006555,TTC22,True,False,1
ICOSLG,ENSEMBL:ENSG00000160223,ICOSLG,True,True,5
ZKSCAN2-DT,ENSEMBL:ENSG00000274925,ZKSCAN2-DT,True,False,1
MB21D2,ENSEMBL:ENSG00000180611,MB21D2,True,True,2
SERINC5,ENSEMBL:ENSG00000164300,SERINC5,True,False,1
RBM23,ENSEMBL:ENSG00000100461,RBM23,True,False,1
PEBP1,ENSEMBL:ENSG00000089220,PEBP1,True,True,6
COX10,ENSEMBL:ENSG00000006695,COX10,True,True,3
PIK3C2B,ENSEMBL:ENSG00000133056,PIK3C2B,True,True,5
EIF3H,ENSEMBL:ENSG00000147677,EIF3H,True,True,4
TGS1,ENSEMBL:ENSG00000137574,TGS1,True,False,2
ENSEMBL:ENSG00000272661,ENSEMBL:ENSG00000272661,,True,False,2
OR10AB1P,ENSEMBL:ENSG00000176716,OR10AB1P,True,False,1
WDR89,ENSEMBL:ENSG00000140006,WDR89,True,False,1
CDCA7L,ENSEMBL:ENSG00000164649,CDCA7L,True,False,2
PKD1P3,ENSEMBL:ENSG00000183458,PKD1P3,True,False,1
SHISA4,ENSEMBL:ENSG00000198892,SHISA4,True,True,2
ARHGAP12,ENSEMBL:ENSG00000165322,ARHGAP12,True,True,3
ENSEMBL:ENSG00000286215,ENSEMBL:ENSG00000286215,,True,False,1
RPLP1,ENSEMBL:ENSG00000137818,RPLP1,True,True,4
HAS3,ENSEMBL:ENSG00000103044,HAS3,True,False,1
USP16,ENSEMBL:ENSG00000156256,USP16,True,True,3
ENSEMBL:ENSG00000243302,ENSEMBL:ENSG00000243302,,True,False,1
HMGN2,ENSEMBL:ENSG00000198830,HMGN2,True,True,11
CCDC68,ENSEMBL:ENSG00000166510,CCDC68,True,False,1
RMDN3,ENSEMBL:ENSG00000137824,RMDN3,True,True,6
FLRT2,ENSEMBL:ENSG00000185070,FLRT2,False,True,2
L3MBTL2,ENSEMBL:ENSG00000100395,L3MBTL2,True,True,4
ADIPOR2,ENSEMBL:ENSG00000006831,ADIPOR2,True,True,3
TMEM86A,ENSEMBL:ENSG00000151117,TMEM86A,False,True,2
DYSF,ENSEMBL:ENSG00000135636,DYSF,True,True,5
CBARP,ENSEMBL:ENSG00000099625,CBARP,True,True,2
HELZ2,ENSEMBL:ENSG00000130589,HELZ2,True,True,4
TPI1,ENSEMBL:ENSG00000111669,TPI1,True,True,12
PLCG2,ENSEMBL:ENSG00000197943,PLCG2,True,True,4
PFKFB4,ENSEMBL:ENSG00000114268,PFKFB4,True,True,6
TBC1D9,ENSEMBL:ENSG00000109436,TBC1D9,True,True,4
DPP9,ENSEMBL:ENSG00000142002,DPP9,True,True,3
PEX16,ENSEMBL:ENSG00000121680,PEX16,True,True,3
FBRSL1,ENSEMBL:ENSG00000112787,FBRSL1,False,True,1
FZR1,ENSEMBL:ENSG00000105325,FZR1,True,True,3
PER1,ENSEMBL:ENSG00000179094,PER1,True,True,4
KCNJ8,ENSEMBL:ENSG00000121361,KCNJ8,True,True,4
NHLRC1,ENSEMBL:ENSG00000187566,NHLRC1,True,True,3
SULF2,ENSEMBL:ENSG00000196562,SULF2,True,True,6
CETN3,ENSEMBL:ENSG00000153140,CETN3,True,False,1
AASS,ENSEMBL:ENSG00000008311,AASS,True,True,4
MGST1,ENSEMBL:ENSG00000008394,MGST1,False,True,3
AKIRIN1,ENSEMBL:ENSG00000174574,AKIRIN1,True,True,3
TMEM131,ENSEMBL:ENSG00000075568,TMEM131,True,True,5
NR2F2,ENSEMBL:ENSG00000185551,NR2F2,True,True,4
CAPNS1,ENSEMBL:ENSG00000126247,CAPNS1,True,True,5
ZNF226,ENSEMBL:ENSG00000167380,ZNF226,True,False,2
RAPGEF4,ENSEMBL:ENSG00000091428,RAPGEF4,True,True,5
FASTKD2,ENSEMBL:ENSG00000118246,FASTKD2,True,True,3
CDC26,ENSEMBL:ENSG00000176386,CDC26,True,False,1
ISCA1,ENSEMBL:ENSG00000135070,ISCA1,True,True,6
ECHS1,ENSEMBL:ENSG00000127884,ECHS1,False,True,4
GJB1,ENSEMBL:ENSG00000169562,GJB1,False,True,1
FNTA,ENSEMBL:ENSG00000168522,FNTA,False,True,2
ZNF79,ENSEMBL:ENSG00000196152,ZNF79,True,False,1
WDR46,ENSEMBL:ENSG00000227057,WDR46,True,True,3
IAH1,ENSEMBL:ENSG00000134330,IAH1,True,True,3
INTS3,ENSEMBL:ENSG00000143624,INTS3,True,True,3
NFE2L1,ENSEMBL:ENSG00000082641,NFE2L1,True,True,4
AHSA1,ENSEMBL:ENSG00000100591,AHSA1,True,True,6
THRB,ENSEMBL:ENSG00000151090,THRB,True,True,5
ALAS1,ENSEMBL:ENSG00000023330,ALAS1,True,True,5
EXOC2,ENSEMBL:ENSG00000112685,EXOC2,True,True,3
ZNF334,ENSEMBL:ENSG00000198185,ZNF334,True,False,1
FHDC1,ENSEMBL:ENSG00000137460,FHDC1,False,True,1
ZNF644,ENSEMBL:ENSG00000122482,ZNF644,True,False,1
KATNAL2,ENSEMBL:ENSG00000167216,KATNAL2,True,True,2
ENSEMBL:ENSG00000272688,ENSEMBL:ENSG00000272688,,True,False,1
ITGAE,ENSEMBL:ENSG00000083457,ITGAE,True,True,2
COPG2,ENSEMBL:ENSG00000158623,COPG2,True,True,2
SAMD12,ENSEMBL:ENSG00000177570,SAMD12,True,False,1
HEPACAM2,ENSEMBL:ENSG00000188175,HEPACAM2,False,True,1
CYB5R3,ENSEMBL:ENSG00000100243,CYB5R3,True,True,5
AURKA,ENSEMBL:ENSG00000087586,AURKA,False,True,2
RNF13,ENSEMBL:ENSG00000082996,RNF13,True,True,3
COG2,ENSEMBL:ENSG00000135775,COG2,True,True,4
LPAL2,ENSEMBL:ENSG00000213071,LPAL2,True,True,2
ZSCAN26,ENSEMBL:ENSG00000197062,ZSCAN26,True,True,4
AGFG2,ENSEMBL:ENSG00000106351,AGFG2,True,True,6
ENSEMBL:ENSG00000287467,ENSEMBL:ENSG00000287467,,True,False,1
UBB,ENSEMBL:ENSG00000170315,UBB,True,True,4
MDC1,ENSEMBL:ENSG00000137337,MDC1,True,False,2
RNF19A,ENSEMBL:ENSG00000034677,RNF19A,True,False,1
SYT7,ENSEMBL:ENSG00000011347,SYT7,True,True,4
C1orf116,ENSEMBL:ENSG00000182795,C1orf116,False,True,2
CALHM5,ENSEMBL:ENSG00000178033,CALHM5,False,True,2
PPP1R14B,ENSEMBL:ENSG00000173457,PPP1R14B,True,True,3
KARS1,ENSEMBL:ENSG00000065427,KARS1,True,False,1
APOO,ENSEMBL:ENSG00000184831,APOO,True,True,5
FAM149A,ENSEMBL:ENSG00000109794,FAM149A,False,True,2
MYOM1,ENSEMBL:ENSG00000101605,MYOM1,True,True,5
TRMT10B,ENSEMBL:ENSG00000165275,TRMT10B,True,False,2
RGS9BP,ENSEMBL:ENSG00000186326,RGS9BP,True,True,2
WASHC2A,ENSEMBL:ENSG00000099290,WASHC2A,True,False,1
ZNF34,ENSEMBL:ENSG00000196378,ZNF34,True,True,3
PIGQ,ENSEMBL:ENSG00000007541,PIGQ,True,True,7
CHAF1B,ENSEMBL:ENSG00000159259,CHAF1B,True,True,3
OSBP,ENSEMBL:ENSG00000110048,OSBP,True,True,3
ZNF546,ENSEMBL:ENSG00000187187,ZNF546,True,False,2
MICAL3,ENSEMBL:ENSG00000243156,MICAL3,True,True,8
LINC00310,ENSEMBL:ENSG00000227456,LINC00310,True,False,1
ZFP2,ENSEMBL:ENSG00000198939,ZFP2,True,False,1
SDR39U1,ENSEMBL:ENSG00000100445,SDR39U1,False,True,5
COX18,ENSEMBL:ENSG00000163626,COX18,True,False,1
TUBB1,ENSEMBL:ENSG00000101162,TUBB1,True,True,3
GLYCTK,ENSEMBL:ENSG00000168237,GLYCTK,True,True,4
SATB1,ENSEMBL:ENSG00000182568,SATB1,True,True,6
RNF6,ENSEMBL:ENSG00000127870,RNF6,True,False,2
CAMKK1,ENSEMBL:ENSG00000004660,CAMKK1,True,True,4
SDHAP3,ENSEMBL:ENSG00000185986,SDHAP3,True,False,1
TRAIP,ENSEMBL:ENSG00000183763,TRAIP,True,True,2
FAM107A,ENSEMBL:ENSG00000168309,FAM107A,True,True,3
RNF220,ENSEMBL:ENSG00000187147,RNF220,True,True,6
S1PR1,ENSEMBL:ENSG00000170989,S1PR1,True,True,6
ADAMTS5,ENSEMBL:ENSG00000154736,ADAMTS5,False,True,2
IRF5,ENSEMBL:ENSG00000128604,IRF5,True,True,6
ZNF276,ENSEMBL:ENSG00000158805,ZNF276,True,False,2
TMEM179,ENSEMBL:ENSG00000258986,TMEM179,False,True,2
VPS4B,ENSEMBL:ENSG00000119541,VPS4B,True,False,3
PJVK,ENSEMBL:ENSG00000204311,PJVK,True,False,1
SUPT4H1,ENSEMBL:ENSG00000213246,SUPT4H1,True,False,2
RASD1,ENSEMBL:ENSG00000108551,RASD1,False,True,2
MDH1,ENSEMBL:ENSG00000014641,MDH1,True,True,9
PDCD6IP,ENSEMBL:ENSG00000170248,PDCD6IP,True,True,3
RAB35,ENSEMBL:ENSG00000111737,RAB35,True,False,2
IL21R,ENSEMBL:ENSG00000103522,IL21R,True,True,6
ZBTB20,ENSEMBL:ENSG00000181722,ZBTB20,True,True,3
COQ6,ENSEMBL:ENSG00000119723,COQ6,False,True,5
PSMC6,ENSEMBL:ENSG00000100519,PSMC6,True,True,3
FAM98A,ENSEMBL:ENSG00000119812,FAM98A,True,True,5
C5,ENSEMBL:ENSG00000106804,C5,False,True,1
COL12A1,ENSEMBL:ENSG00000111799,COL12A1,False,True,3
ZBTB7A,ENSEMBL:ENSG00000178951,ZBTB7A,True,True,4
DERL1,ENSEMBL:ENSG00000136986,DERL1,True,True,3
ENSEMBL:ENSG00000289138,ENSEMBL:ENSG00000289138,,True,False,1
FBXL19,ENSEMBL:ENSG00000099364,FBXL19,True,True,3
FABP4,ENSEMBL:ENSG00000170323,FABP4,True,True,6
CLIP4,ENSEMBL:ENSG00000115295,CLIP4,True,False,1
PDLIM7,ENSEMBL:ENSG00000196923,PDLIM7,True,True,7
UQCRC2,ENSEMBL:ENSG00000140740,UQCRC2,False,True,5
DNAH1,ENSEMBL:ENSG00000114841,DNAH1,True,True,2
LINC01356,ENSEMBL:ENSG00000215866,LINC01356,True,False,1
BCL7B,ENSEMBL:ENSG00000106635,BCL7B,True,True,2
ENSEMBL:ENSG00000285106,ENSEMBL:ENSG00000285106,,True,False,1
ENSEMBL:ENSG00000272078,ENSEMBL:ENSG00000272078,,True,False,2
CCDC86,ENSEMBL:ENSG00000110104,CCDC86,True,False,2
SCUBE1,ENSEMBL:ENSG00000159307,SCUBE1,False,True,3
MRI1,ENSEMBL:ENSG00000037757,MRI1,True,True,2
RELT,ENSEMBL:ENSG00000054967,RELT,True,True,6
MAGED2,ENSEMBL:ENSG00000102316,MAGED2,True,True,3
NDUFA5,ENSEMBL:ENSG00000128609,NDUFA5,True,True,8
PIAS4,ENSEMBL:ENSG00000105229,PIAS4,True,False,2
HERPUD2,ENSEMBL:ENSG00000122557,HERPUD2,True,True,4
PDGFD,ENSEMBL:ENSG00000170962,PDGFD,True,True,2
HGD,ENSEMBL:ENSG00000113924,HGD,True,True,3
ENPP1,ENSEMBL:ENSG00000197594,ENPP1,True,True,4
P4HB,ENSEMBL:ENSG00000185624,P4HB,True,True,8
SMAP2,ENSEMBL:ENSG00000084070,SMAP2,True,True,3
RTF1,ENSEMBL:ENSG00000137815,RTF1,True,True,3
FSBP,ENSEMBL:ENSG00000265817,FSBP,True,False,1
MED22,ENSEMBL:ENSG00000148297,MED22,True,False,1
MYO1A,ENSEMBL:ENSG00000166866,MYO1A,False,True,2
NELFA,ENSEMBL:ENSG00000185049,NELFA,True,False,1
PPP1R3D,ENSEMBL:ENSG00000132825,PPP1R3D,True,True,3
RYK,ENSEMBL:ENSG00000163785,RYK,True,True,4
PAX9,ENSEMBL:ENSG00000198807,PAX9,False,True,1
TCF7L1,ENSEMBL:ENSG00000152284,TCF7L1,True,True,4
AEBP1,ENSEMBL:ENSG00000106624,AEBP1,True,True,7
PHF5A,ENSEMBL:ENSG00000100410,PHF5A,True,True,6
ENSEMBL:ENSG00000287671,ENSEMBL:ENSG00000287671,,True,False,1
CHD6,ENSEMBL:ENSG00000124177,CHD6,True,True,4
SEC61G,ENSEMBL:ENSG00000132432,SEC61G,False,True,4
RASL10B,ENSEMBL:ENSG00000270885,RASL10B,True,True,3
ZFP36L2,ENSEMBL:ENSG00000152518,ZFP36L2,True,True,4
EDNRB,ENSEMBL:ENSG00000136160,EDNRB,True,False,1
URGCP,ENSEMBL:ENSG00000106608,URGCP,True,False,2
TESK1,ENSEMBL:ENSG00000107140,TESK1,True,True,2
FCMR,ENSEMBL:ENSG00000162894,FCMR,True,True,6
AKAP6,ENSEMBL:ENSG00000151320,AKAP6,True,False,1
ELK4,ENSEMBL:ENSG00000158711,ELK4,True,True,6
DENND10,ENSEMBL:ENSG00000119979,DENND10,True,False,1
NCBP1,ENSEMBL:ENSG00000136937,NCBP1,True,False,1
ESPN,ENSEMBL:ENSG00000187017,ESPN,True,True,2
HGFAC,ENSEMBL:ENSG00000109758,HGFAC,False,True,1
UROD,ENSEMBL:ENSG00000126088,UROD,False,True,4
MED26,ENSEMBL:ENSG00000105085,MED26,True,False,2
AACS,ENSEMBL:ENSG00000081760,AACS,True,True,4
FBLN5,ENSEMBL:ENSG00000140092,FBLN5,True,True,3
HNRNPL,ENSEMBL:ENSG00000104824,HNRNPL,True,True,4
TMEM254,ENSEMBL:ENSG00000133678,TMEM254,True,True,2
FAM162A,ENSEMBL:ENSG00000114023,FAM162A,True,True,7
EVA1B,ENSEMBL:ENSG00000142694,EVA1B,False,True,3
SCFD1,ENSEMBL:ENSG00000092108,SCFD1,True,True,2
NFE2L2,ENSEMBL:ENSG00000116044,NFE2L2,True,True,6
RASSF9,ENSEMBL:ENSG00000198774,RASSF9,True,True,4
NEDD8,ENSEMBL:ENSG00000129559,NEDD8,False,True,2
PKN1,ENSEMBL:ENSG00000123143,PKN1,True,True,5
HECTD2,ENSEMBL:ENSG00000165338,HECTD2,True,True,2
PFKFB1,ENSEMBL:ENSG00000158571,PFKFB1,True,True,3
MYRF,ENSEMBL:ENSG00000124920,MYRF,True,True,2
SLC27A1,ENSEMBL:ENSG00000130304,SLC27A1,True,True,4
REM2,ENSEMBL:ENSG00000139890,REM2,True,False,1
SAMM50,ENSEMBL:ENSG00000100347,SAMM50,True,True,8
UTP3,ENSEMBL:ENSG00000132467,UTP3,True,False,1
NCOA5,ENSEMBL:ENSG00000124160,NCOA5,True,False,1
CDK6,ENSEMBL:ENSG00000105810,CDK6,True,True,9
CAMSAP1,ENSEMBL:ENSG00000130559,CAMSAP1,True,True,2
BRAP,ENSEMBL:ENSG00000089234,BRAP,True,True,3
SLC25A13,ENSEMBL:ENSG00000004864,SLC25A13,True,True,3
SMPD3,ENSEMBL:ENSG00000103056,SMPD3,True,True,4
NDST1,ENSEMBL:ENSG00000070614,NDST1,True,True,4
PIP4K2C,ENSEMBL:ENSG00000166908,PIP4K2C,True,False,1
C9orf78,ENSEMBL:ENSG00000136819,C9orf78,True,False,2
ENTPD4,ENSEMBL:ENSG00000197217,ENTPD4,True,True,3
NADK2,ENSEMBL:ENSG00000152620,NADK2,True,True,4
H2BC10,ENSEMBL:ENSG00000278588,H2BC10,False,True,5
RTF2,ENSEMBL:ENSG00000022277,RTF2,True,True,2
HSPBAP1,ENSEMBL:ENSG00000169087,HSPBAP1,True,False,2
WDR25,ENSEMBL:ENSG00000176473,WDR25,True,False,1
FCSK,ENSEMBL:ENSG00000157353,FCSK,True,True,3
NPRL3,ENSEMBL:ENSG00000103148,NPRL3,True,False,1
KCNJ2,ENSEMBL:ENSG00000123700,KCNJ2,True,False,2
SOX5,ENSEMBL:ENSG00000134532,SOX5,False,True,3
ALDH9A1,ENSEMBL:ENSG00000143149,ALDH9A1,True,True,5
NOTCH3,ENSEMBL:ENSG00000074181,NOTCH3,False,True,4
B3GALT1,ENSEMBL:ENSG00000172318,B3GALT1,True,True,2
ADO,ENSEMBL:ENSG00000181915,ADO,True,False,2
HERC1,ENSEMBL:ENSG00000103657,HERC1,True,True,2
BCL2L13,ENSEMBL:ENSG00000099968,BCL2L13,True,True,3
ZNF717,ENSEMBL:ENSG00000227124,ZNF717,True,True,2
PELI1,ENSEMBL:ENSG00000197329,PELI1,True,True,4
HSP90AB1,ENSEMBL:ENSG00000096384,HSP90AB1,True,True,6
ZNF563,ENSEMBL:ENSG00000188868,ZNF563,True,True,2
OSTF1,ENSEMBL:ENSG00000134996,OSTF1,True,True,2
MAGEL2,ENSEMBL:ENSG00000254585,MAGEL2,False,True,1
SERINC1,ENSEMBL:ENSG00000111897,SERINC1,True,True,6
TLR6,ENSEMBL:ENSG00000174130,TLR6,True,True,2
RALGPS2,ENSEMBL:ENSG00000116191,RALGPS2,True,True,2
GANAB,ENSEMBL:ENSG00000089597,GANAB,True,True,2
ITSN2,ENSEMBL:ENSG00000198399,ITSN2,True,True,6
BGLAP,ENSEMBL:ENSG00000242252,BGLAP,True,True,2
CROCC,ENSEMBL:ENSG00000058453,CROCC,True,True,3
ENSEMBL:ENSG00000274776,ENSEMBL:ENSG00000274776,,True,False,1
ATXN7L3,ENSEMBL:ENSG00000087152,ATXN7L3,True,False,2
DNAJC16,ENSEMBL:ENSG00000116138,DNAJC16,True,True,3
GSPT1,ENSEMBL:ENSG00000103342,GSPT1,True,True,3
MAP1B,ENSEMBL:ENSG00000131711,MAP1B,True,True,8
FAM104A,ENSEMBL:ENSG00000133193,FAM104A,True,True,4
AREG,ENSEMBL:ENSG00000109321,AREG,True,True,4
WBP11,ENSEMBL:ENSG00000084463,WBP11,True,True,4
DVL2,ENSEMBL:ENSG00000004975,DVL2,True,True,4
ZNF451,ENSEMBL:ENSG00000112200,ZNF451,True,True,4
CFAP45,ENSEMBL:ENSG00000213085,CFAP45,False,True,1
TYRO3,ENSEMBL:ENSG00000092445,TYRO3,False,True,3
GIMAP2,ENSEMBL:ENSG00000106560,GIMAP2,True,False,2
CMTM6,ENSEMBL:ENSG00000091317,CMTM6,True,True,5
GLIPR2,ENSEMBL:ENSG00000122694,GLIPR2,True,True,4
TIMP1,ENSEMBL:ENSG00000102265,TIMP1,True,True,3
CA5B,ENSEMBL:ENSG00000169239,CA5B,True,True,3
SSH1,ENSEMBL:ENSG00000084112,SSH1,True,True,3
SSX2IP,ENSEMBL:ENSG00000117155,SSX2IP,True,False,1
LRCH3,ENSEMBL:ENSG00000186001,LRCH3,True,True,4
TRAFD1,ENSEMBL:ENSG00000135148,TRAFD1,True,True,4
GTF2IRD1,ENSEMBL:ENSG00000006704,GTF2IRD1,True,True,3
NEU2,ENSEMBL:ENSG00000115488,NEU2,False,True,3
ZGRF1,ENSEMBL:ENSG00000138658,ZGRF1,True,False,1
EMC3,ENSEMBL:ENSG00000125037,EMC3,True,False,1
DGKA,ENSEMBL:ENSG00000065357,DGKA,True,True,6
MT2A,ENSEMBL:ENSG00000125148,MT2A,True,True,7
MFSD8,ENSEMBL:ENSG00000164073,MFSD8,True,False,1
UAP1,ENSEMBL:ENSG00000117143,UAP1,True,True,6
MAP1LC3B,ENSEMBL:ENSG00000140941,MAP1LC3B,True,True,5
TSC1,ENSEMBL:ENSG00000165699,TSC1,True,True,3
LAMTOR1,ENSEMBL:ENSG00000149357,LAMTOR1,True,True,2
TCOF1,ENSEMBL:ENSG00000070814,TCOF1,True,True,4
TCF25,ENSEMBL:ENSG00000141002,TCF25,True,True,3
RASSF4,ENSEMBL:ENSG00000107551,RASSF4,True,True,2
MMP25-AS1,ENSEMBL:ENSG00000261971,MMP25-AS1,True,False,1
KDM4B,ENSEMBL:ENSG00000127663,KDM4B,True,True,3
ZNF213-AS1,ENSEMBL:ENSG00000263072,ZNF213-AS1,True,False,2
PLXNA1,ENSEMBL:ENSG00000114554,PLXNA1,True,True,3
EXOC6,ENSEMBL:ENSG00000138190,EXOC6,True,False,1
CRADD,ENSEMBL:ENSG00000169372,CRADD,True,True,2
RMND5A,ENSEMBL:ENSG00000153561,RMND5A,True,True,3
FAM118A,ENSEMBL:ENSG00000100376,FAM118A,True,False,2
SLCO4A1,ENSEMBL:ENSG00000101187,SLCO4A1,True,True,3
ANGPTL7,ENSEMBL:ENSG00000171819,ANGPTL7,True,True,2
TLR3,ENSEMBL:ENSG00000164342,TLR3,True,True,2
PARD3,ENSEMBL:ENSG00000148498,PARD3,True,True,2
N4BP3,ENSEMBL:ENSG00000145911,N4BP3,True,True,4
ZNF603P,ENSEMBL:ENSG00000216901,ZNF603P,True,False,1
TRIB1,ENSEMBL:ENSG00000173334,TRIB1,True,True,3
CHMP1A,ENSEMBL:ENSG00000131165,CHMP1A,True,True,3
GRWD1,ENSEMBL:ENSG00000105447,GRWD1,True,False,2
NCSTN,ENSEMBL:ENSG00000162736,NCSTN,True,False,2
XDH,ENSEMBL:ENSG00000158125,XDH,False,True,7
TXNDC9,ENSEMBL:ENSG00000115514,TXNDC9,True,True,3
ADGRE2,ENSEMBL:ENSG00000127507,ADGRE2,True,False,1
WAC,ENSEMBL:ENSG00000095787,WAC,True,False,3
LINC01772,ENSEMBL:ENSG00000226029,LINC01772,True,False,1
IER3,ENSEMBL:ENSG00000137331,IER3,True,True,4
MYL3,ENSEMBL:ENSG00000160808,MYL3,True,True,3
PLOD3,ENSEMBL:ENSG00000106397,PLOD3,True,True,2
DAPK3,ENSEMBL:ENSG00000167657,DAPK3,True,False,2
PITRM1,ENSEMBL:ENSG00000107959,PITRM1,True,True,6
AGL,ENSEMBL:ENSG00000162688,AGL,True,True,5
FCGR3B,ENSEMBL:ENSG00000162747,FCGR3B,True,False,1
DAPK1,ENSEMBL:ENSG00000196730,DAPK1,True,True,6
MPO,ENSEMBL:ENSG00000005381,MPO,True,True,3
P2RX5,ENSEMBL:ENSG00000083454,P2RX5,True,True,5
FAM220A,ENSEMBL:ENSG00000178397,FAM220A,True,True,4
CEL,ENSEMBL:ENSG00000170835,CEL,True,True,2
UBN1,ENSEMBL:ENSG00000118900,UBN1,True,False,1
ZSCAN31,ENSEMBL:ENSG00000235109,ZSCAN31,True,False,1
MTHFR,ENSEMBL:ENSG00000177000,MTHFR,True,True,4
LIPE,ENSEMBL:ENSG00000079435,LIPE,True,True,4
DUSP10,ENSEMBL:ENSG00000143507,DUSP10,True,True,3
ECD,ENSEMBL:ENSG00000122882,ECD,True,False,1
STARD4-AS1,ENSEMBL:ENSG00000246859,STARD4-AS1,True,False,1
ZNF425,ENSEMBL:ENSG00000204947,ZNF425,True,False,1
SKI,ENSEMBL:ENSG00000157933,SKI,True,True,4
DENND1C,ENSEMBL:ENSG00000205744,DENND1C,True,True,8
TLE1,ENSEMBL:ENSG00000196781,TLE1,True,False,2
MTARC1,ENSEMBL:ENSG00000186205,MTARC1,True,True,4
FA2H,ENSEMBL:ENSG00000103089,FA2H,False,True,1
EPS15L1,ENSEMBL:ENSG00000127527,EPS15L1,True,True,4
EMP3,ENSEMBL:ENSG00000142227,EMP3,True,True,5
U2AF1L4,ENSEMBL:ENSG00000161265,U2AF1L4,True,True,2
DDX17,ENSEMBL:ENSG00000100201,DDX17,True,True,6
NDE1,ENSEMBL:ENSG00000072864,NDE1,True,False,1
SEC11C,ENSEMBL:ENSG00000166562,SEC11C,False,True,2
AKTIP,ENSEMBL:ENSG00000166971,AKTIP,True,True,2
TNFSF10,ENSEMBL:ENSG00000121858,TNFSF10,True,True,3
PGAP4,ENSEMBL:ENSG00000165152,PGAP4,True,True,3
SNAP91,ENSEMBL:ENSG00000065609,SNAP91,False,True,2
EIF3A,ENSEMBL:ENSG00000107581,EIF3A,True,True,3
NDUFC2,ENSEMBL:ENSG00000151366,NDUFC2,False,True,4
THEM4,ENSEMBL:ENSG00000159445,THEM4,True,True,6
SF1,ENSEMBL:ENSG00000168066,SF1,True,True,4
PUS7,ENSEMBL:ENSG00000091127,PUS7,True,False,1
ENTPD7,ENSEMBL:ENSG00000198018,ENTPD7,True,False,1
CDA,ENSEMBL:ENSG00000158825,CDA,True,True,2
CD300LB,ENSEMBL:ENSG00000178789,CD300LB,False,True,1
ETV3,ENSEMBL:ENSG00000117036,ETV3,True,True,3
RPL4,ENSEMBL:ENSG00000174444,RPL4,True,True,5
SH3GL1,ENSEMBL:ENSG00000141985,SH3GL1,True,False,2
SLC1A3,ENSEMBL:ENSG00000079215,SLC1A3,False,True,2
MLLT10,ENSEMBL:ENSG00000078403,MLLT10,True,False,1
SNX18,ENSEMBL:ENSG00000178996,SNX18,True,True,3
STXBP5,ENSEMBL:ENSG00000164506,STXBP5,True,False,2
ENSEMBL:ENSG00000248015,ENSEMBL:ENSG00000248015,,True,False,1
UHRF2,ENSEMBL:ENSG00000147854,UHRF2,True,True,3
PEAK3,ENSEMBL:ENSG00000188305,PEAK3,True,False,1
NUDCD1,ENSEMBL:ENSG00000120526,NUDCD1,True,True,3
UTRN,ENSEMBL:ENSG00000152818,UTRN,True,True,7
HBA1,ENSEMBL:ENSG00000206172,HBA1,True,True,7
ZNF7,ENSEMBL:ENSG00000147789,ZNF7,True,True,3
GNAI3,ENSEMBL:ENSG00000065135,GNAI3,True,True,3
SEMA4D,ENSEMBL:ENSG00000187764,SEMA4D,True,True,5
AVPR1A,ENSEMBL:ENSG00000166148,AVPR1A,True,True,2
CHCHD2,ENSEMBL:ENSG00000106153,CHCHD2,True,True,6
RBM24,ENSEMBL:ENSG00000112183,RBM24,True,True,2
ACTB,ENSEMBL:ENSG00000075624,ACTB,True,True,5
EEF1E1,ENSEMBL:ENSG00000124802,EEF1E1,True,True,4
UGT2B28,ENSEMBL:ENSG00000135226,UGT2B28,False,True,2
DMP1,ENSEMBL:ENSG00000152592,DMP1,False,True,1
BIRC3,ENSEMBL:ENSG00000023445,BIRC3,True,True,7
ADCYAP1R1,ENSEMBL:ENSG00000078549,ADCYAP1R1,False,True,2
ENSEMBL:ENSG00000274330,ENSEMBL:ENSG00000274330,,True,False,1
DBNDD2,ENSEMBL:ENSG00000244274,DBNDD2,True,False,1
PARVB,ENSEMBL:ENSG00000188677,PARVB,False,True,2
ALDH6A1,ENSEMBL:ENSG00000119711,ALDH6A1,True,True,5
DNAJC11,ENSEMBL:ENSG00000007923,DNAJC11,True,True,3
FZD7,ENSEMBL:ENSG00000155760,FZD7,True,True,2
TEAD4,ENSEMBL:ENSG00000197905,TEAD4,False,True,4
HRH3,ENSEMBL:ENSG00000101180,HRH3,False,True,2
PTPN11,ENSEMBL:ENSG00000179295,PTPN11,True,True,3
SLC26A6,ENSEMBL:ENSG00000225697,SLC26A6,True,False,2
KIF27,ENSEMBL:ENSG00000165115,KIF27,True,False,2
SLC6A9,ENSEMBL:ENSG00000196517,SLC6A9,False,True,2
CCDC71,ENSEMBL:ENSG00000177352,CCDC71,True,False,1
CRYZL2P-SEC16B,ENSEMBL:ENSG00000254154,CRYZL2P-SEC16B,True,False,1
AGMO,ENSEMBL:ENSG00000187546,AGMO,False,True,3
GRIN3A,ENSEMBL:ENSG00000198785,GRIN3A,True,False,1
GTPBP4,ENSEMBL:ENSG00000107937,GTPBP4,True,True,3
IL17RA,ENSEMBL:ENSG00000177663,IL17RA,True,True,4
SYN2,ENSEMBL:ENSG00000157152,SYN2,False,True,2
LPCAT2,ENSEMBL:ENSG00000087253,LPCAT2,True,True,3
POLE,ENSEMBL:ENSG00000177084,POLE,True,True,3
METAP2,ENSEMBL:ENSG00000111142,METAP2,True,True,3
AZU1,ENSEMBL:ENSG00000172232,AZU1,True,False,1
PIGC,ENSEMBL:ENSG00000135845,PIGC,True,False,1
TSG101,ENSEMBL:ENSG00000074319,TSG101,True,True,4
TMEM131L,ENSEMBL:ENSG00000121210,TMEM131L,False,True,2
TTC28-AS1,ENSEMBL:ENSG00000235954,TTC28-AS1,True,False,1
UTP25,ENSEMBL:ENSG00000117597,UTP25,True,False,2
SNTB1,ENSEMBL:ENSG00000172164,SNTB1,True,True,3
EREG,ENSEMBL:ENSG00000124882,EREG,True,True,2
ARHGAP27,ENSEMBL:ENSG00000159314,ARHGAP27,True,False,1
CCDC191,ENSEMBL:ENSG00000163617,CCDC191,True,False,1
PTGR1,ENSEMBL:ENSG00000106853,PTGR1,True,True,3
CLDN8,ENSEMBL:ENSG00000156284,CLDN8,False,True,1
RASSF3,ENSEMBL:ENSG00000153179,RASSF3,True,True,3
PLCD1,ENSEMBL:ENSG00000187091,PLCD1,True,True,5
VSTM2L,ENSEMBL:ENSG00000132821,VSTM2L,False,True,1
ENSEMBL:ENSG00000274173,ENSEMBL:ENSG00000274173,,True,False,1
CLDN23,ENSEMBL:ENSG00000253958,CLDN23,False,True,2
TPD52L2,ENSEMBL:ENSG00000101150,TPD52L2,True,True,5
SHANK3,ENSEMBL:ENSG00000251322,SHANK3,False,True,5
SOX7,ENSEMBL:ENSG00000171056,SOX7,True,True,4
ABCB9,ENSEMBL:ENSG00000150967,ABCB9,True,True,7
NBPF26,ENSEMBL:ENSG00000273136,NBPF26,True,False,2
MAP6D1,ENSEMBL:ENSG00000180834,MAP6D1,True,True,3
CPQ,ENSEMBL:ENSG00000104324,CPQ,True,True,4
FBLN2,ENSEMBL:ENSG00000163520,FBLN2,False,True,3
TAX1BP1,ENSEMBL:ENSG00000106052,TAX1BP1,True,True,5
DIS3L2,ENSEMBL:ENSG00000144535,DIS3L2,True,False,2
AFG3L1P,ENSEMBL:ENSG00000223959,AFG3L1P,True,False,1
LY6G6C,ENSEMBL:ENSG00000204421,LY6G6C,False,True,1
PRKCD,ENSEMBL:ENSG00000163932,PRKCD,True,True,3
LAMB1,ENSEMBL:ENSG00000091136,LAMB1,True,True,3
FABP2,ENSEMBL:ENSG00000145384,FABP2,True,True,2
PHLPP1,ENSEMBL:ENSG00000081913,PHLPP1,True,True,6
HSPB3,ENSEMBL:ENSG00000169271,HSPB3,True,False,1
ENSEMBL:ENSG00000229618,ENSEMBL:ENSG00000229618,,True,False,1
CALML4,ENSEMBL:ENSG00000129007,CALML4,True,True,2
ARPC1A,ENSEMBL:ENSG00000241685,ARPC1A,False,True,2
GFI1,ENSEMBL:ENSG00000162676,GFI1,True,True,7
CIPC,ENSEMBL:ENSG00000198894,CIPC,True,True,2
RIC1,ENSEMBL:ENSG00000107036,RIC1,True,True,3
EIF2B2,ENSEMBL:ENSG00000119718,EIF2B2,True,False,2
KLF1,ENSEMBL:ENSG00000105610,KLF1,True,True,2
PRKAB1,ENSEMBL:ENSG00000111725,PRKAB1,True,True,6
IKBIP,ENSEMBL:ENSG00000166130,IKBIP,True,True,3
SH3RF3-AS1,ENSEMBL:ENSG00000259863,SH3RF3-AS1,True,False,1
REST,ENSEMBL:ENSG00000084093,REST,True,True,2
WBP1,ENSEMBL:ENSG00000239779,WBP1,True,True,6
TLCD5,ENSEMBL:ENSG00000181264,TLCD5,True,True,2
ITPA,ENSEMBL:ENSG00000125877,ITPA,True,True,4
TAB3,ENSEMBL:ENSG00000157625,TAB3,True,False,3
STIMATE-MUSTN1,ENSEMBL:ENSG00000248592,STIMATE-MUSTN1,True,True,3
JCAD,ENSEMBL:ENSG00000165757,JCAD,True,True,4
MPPE1,ENSEMBL:ENSG00000154889,MPPE1,True,False,2
SYNJ1,ENSEMBL:ENSG00000159082,SYNJ1,True,True,5
HSPA12B,ENSEMBL:ENSG00000132622,HSPA12B,True,True,4
RAD1,ENSEMBL:ENSG00000113456,RAD1,True,False,1
PTCH2,ENSEMBL:ENSG00000117425,PTCH2,True,True,2
THRAP3,ENSEMBL:ENSG00000054118,THRAP3,True,True,4
SLC2A13,ENSEMBL:ENSG00000151229,SLC2A13,False,True,2
RCOR2,ENSEMBL:ENSG00000167771,RCOR2,True,True,2
MEX3C,ENSEMBL:ENSG00000176624,MEX3C,True,True,3
ADAMTS9,ENSEMBL:ENSG00000163638,ADAMTS9,False,True,2
PELATON,ENSEMBL:ENSG00000224397,PELATON,True,False,1
DCPS,ENSEMBL:ENSG00000110063,DCPS,True,True,4
ATG16L2,ENSEMBL:ENSG00000168010,ATG16L2,True,True,3
PTPRS,ENSEMBL:ENSG00000105426,PTPRS,True,True,3
DHRS13,ENSEMBL:ENSG00000167536,DHRS13,True,False,2
PALM2AKAP2,ENSEMBL:ENSG00000157654,PALM2AKAP2,True,True,5
ZSCAN30,ENSEMBL:ENSG00000186814,ZSCAN30,True,False,1
CASK,ENSEMBL:ENSG00000147044,CASK,False,True,3
TRAK2,ENSEMBL:ENSG00000115993,TRAK2,True,True,6
SAMD8,ENSEMBL:ENSG00000156671,SAMD8,True,True,4
MTSS1,ENSEMBL:ENSG00000170873,MTSS1,True,True,6
LAT2,ENSEMBL:ENSG00000086730,LAT2,True,True,4
ATF6,ENSEMBL:ENSG00000118217,ATF6,True,True,3
AP2S1,ENSEMBL:ENSG00000042753,AP2S1,True,True,3
CKMT1B,ENSEMBL:ENSG00000237289,CKMT1B,False,True,5
LGALS12,ENSEMBL:ENSG00000133317,LGALS12,True,True,4
TTC9,ENSEMBL:ENSG00000133985,TTC9,True,True,4
API5,ENSEMBL:ENSG00000166181,API5,False,True,1
ARPC5,ENSEMBL:ENSG00000162704,ARPC5,True,True,3
UBAP1,ENSEMBL:ENSG00000165006,UBAP1,True,False,2
RANP4,ENSEMBL:ENSG00000225125,RANP4,True,False,1
ERP27,ENSEMBL:ENSG00000139055,ERP27,False,True,1
ROR1,ENSEMBL:ENSG00000185483,ROR1,True,True,5
CAND2,ENSEMBL:ENSG00000144712,CAND2,True,False,1
FEN1,ENSEMBL:ENSG00000168496,FEN1,True,False,2
EMG1,ENSEMBL:ENSG00000126749,EMG1,True,True,2
ANXA8,ENSEMBL:ENSG00000265190,ANXA8,False,True,2
DEGS1,ENSEMBL:ENSG00000143753,DEGS1,True,True,3
CGNL1,ENSEMBL:ENSG00000128849,CGNL1,False,True,6
TIMM29,ENSEMBL:ENSG00000142444,TIMM29,True,True,2
ZNF252P,ENSEMBL:ENSG00000196922,ZNF252P,True,False,1
IL10RA,ENSEMBL:ENSG00000110324,IL10RA,True,True,5
SCRIB,ENSEMBL:ENSG00000180900,SCRIB,True,True,4
NUDT16,ENSEMBL:ENSG00000198585,NUDT16,True,True,2
PDPR,ENSEMBL:ENSG00000090857,PDPR,False,True,4
HNRNPR,ENSEMBL:ENSG00000125944,HNRNPR,True,True,2
APOBEC3C,ENSEMBL:ENSG00000244509,APOBEC3C,True,False,1
ZCCHC3,ENSEMBL:ENSG00000247315,ZCCHC3,True,True,2
SEC14L5,ENSEMBL:ENSG00000103184,SEC14L5,True,True,3
TUG1,ENSEMBL:ENSG00000253352,TUG1,True,False,2
MAB21L1,ENSEMBL:ENSG00000180660,MAB21L1,True,False,1
TBX3,ENSEMBL:ENSG00000135111,TBX3,True,False,1
LRCH1,ENSEMBL:ENSG00000136141,LRCH1,True,True,3
RPL26,ENSEMBL:ENSG00000161970,RPL26,True,True,5
CD28,ENSEMBL:ENSG00000178562,CD28,True,True,5
GPR182,ENSEMBL:ENSG00000166856,GPR182,False,True,1
PLTP,ENSEMBL:ENSG00000100979,PLTP,False,True,4
TMEM94,ENSEMBL:ENSG00000177728,TMEM94,True,False,1
SERPINB8,ENSEMBL:ENSG00000166401,SERPINB8,True,True,3
AMOT,ENSEMBL:ENSG00000126016,AMOT,True,False,1
WIPI2,ENSEMBL:ENSG00000157954,WIPI2,True,True,4
CHDH,ENSEMBL:ENSG00000016391,CHDH,True,True,8
RAVER1,ENSEMBL:ENSG00000161847,RAVER1,True,True,3
H2AZ1,ENSEMBL:ENSG00000164032,H2AZ1,True,True,3
VAMP1,ENSEMBL:ENSG00000139190,VAMP1,True,True,2
MAP4K2,ENSEMBL:ENSG00000168067,MAP4K2,True,True,7
FUOM,ENSEMBL:ENSG00000148803,FUOM,False,True,3
ACTR1B,ENSEMBL:ENSG00000115073,ACTR1B,True,True,2
FGL2,ENSEMBL:ENSG00000127951,FGL2,True,True,9
CPTP,ENSEMBL:ENSG00000224051,CPTP,True,False,2
FGFR1OP2,ENSEMBL:ENSG00000111790,FGFR1OP2,True,True,2
TCTN1,ENSEMBL:ENSG00000204852,TCTN1,True,True,5
ESM1,ENSEMBL:ENSG00000164283,ESM1,True,True,4
PLD6,ENSEMBL:ENSG00000179598,PLD6,True,False,1
CYP46A1,ENSEMBL:ENSG00000036530,CYP46A1,True,True,3
SLC7A1,ENSEMBL:ENSG00000139514,SLC7A1,True,True,3
BCLAF3,ENSEMBL:ENSG00000173681,BCLAF3,True,True,3
RUNX2,ENSEMBL:ENSG00000124813,RUNX2,True,True,3
KLRC1,ENSEMBL:ENSG00000134545,KLRC1,True,False,1
SCAP,ENSEMBL:ENSG00000114650,SCAP,True,True,3
KRT7,ENSEMBL:ENSG00000135480,KRT7,False,True,3
ADD3,ENSEMBL:ENSG00000148700,ADD3,True,True,6
HIPK1,ENSEMBL:ENSG00000163349,HIPK1,True,True,5
NPR3,ENSEMBL:ENSG00000113389,NPR3,False,True,4
IRAK4,ENSEMBL:ENSG00000198001,IRAK4,True,False,1
FPR1,ENSEMBL:ENSG00000171051,FPR1,True,False,1
EPSTI1,ENSEMBL:ENSG00000133106,EPSTI1,True,True,4
DCAF1,ENSEMBL:ENSG00000145041,DCAF1,True,True,3
SLC16A12,ENSEMBL:ENSG00000152779,SLC16A12,True,True,3
CTDSPL2,ENSEMBL:ENSG00000137770,CTDSPL2,True,False,1
PLK1,ENSEMBL:ENSG00000166851,PLK1,True,True,3
ANO10,ENSEMBL:ENSG00000160746,ANO10,True,True,6
BBS1,ENSEMBL:ENSG00000174483,BBS1,True,False,1
ZNF256,ENSEMBL:ENSG00000152454,ZNF256,True,False,1
USP11,ENSEMBL:ENSG00000102226,USP11,True,True,3
GTF3A,ENSEMBL:ENSG00000122034,GTF3A,True,False,2
NFX1,ENSEMBL:ENSG00000086102,NFX1,True,True,2
GCDH,ENSEMBL:ENSG00000105607,GCDH,True,True,5
RPP25,ENSEMBL:ENSG00000178718,RPP25,False,True,3
TLNRD1,ENSEMBL:ENSG00000140406,TLNRD1,True,False,2
CD83,ENSEMBL:ENSG00000112149,CD83,False,True,3
COMMD4,ENSEMBL:ENSG00000140365,COMMD4,True,False,2
TRIM67,ENSEMBL:ENSG00000119283,TRIM67,False,True,2
KBTBD13,ENSEMBL:ENSG00000234438,KBTBD13,True,False,1
MYL2,ENSEMBL:ENSG00000111245,MYL2,True,True,2
PPP1R2,ENSEMBL:ENSG00000184203,PPP1R2,True,True,3
HAUS4,ENSEMBL:ENSG00000092036,HAUS4,True,True,4
DEF8,ENSEMBL:ENSG00000140995,DEF8,True,False,2
GREM1|ENSG00000166923,ENSEMBL:ENSG00000166923,GREM1,True,False,1
ZNF569,ENSEMBL:ENSG00000196437,ZNF569,True,False,1
ACTBP8,ENSEMBL:ENSG00000220267,ACTBP8,True,False,1
MAPRE3,ENSEMBL:ENSG00000084764,MAPRE3,True,False,2
SCGB2B2,ENSEMBL:ENSG00000205209,SCGB2B2,True,False,1
BTG3,ENSEMBL:ENSG00000154640,BTG3,True,True,2
PLCE1,ENSEMBL:ENSG00000138193,PLCE1,True,True,3
IKZF4,ENSEMBL:ENSG00000123411,IKZF4,True,True,2
ECHDC2,ENSEMBL:ENSG00000121310,ECHDC2,True,True,5
ZNRF3,ENSEMBL:ENSG00000183579,ZNRF3,True,False,1
RCL1,ENSEMBL:ENSG00000120158,RCL1,True,True,2
NUP160,ENSEMBL:ENSG00000030066,NUP160,True,False,2
TMIE,ENSEMBL:ENSG00000181585,TMIE,True,True,4
ERLIN2,ENSEMBL:ENSG00000147475,ERLIN2,True,True,4
CROCCP2,ENSEMBL:ENSG00000215908,CROCCP2,True,False,2
EEFSEC,ENSEMBL:ENSG00000132394,EEFSEC,True,True,4
ENSEMBL:ENSG00000283236,ENSEMBL:ENSG00000283236,,True,False,1
CHIA,ENSEMBL:ENSG00000134216,CHIA,False,True,2
HDAC11,ENSEMBL:ENSG00000163517,HDAC11,True,False,1
PTPRD,ENSEMBL:ENSG00000153707,PTPRD,False,True,1
ZNF26,ENSEMBL:ENSG00000198393,ZNF26,True,False,1
GASK1B,ENSEMBL:ENSG00000164125,GASK1B,True,True,5
ACY3,ENSEMBL:ENSG00000132744,ACY3,False,True,4
PTPDC1,ENSEMBL:ENSG00000158079,PTPDC1,True,True,2
MOSPD2,ENSEMBL:ENSG00000130150,MOSPD2,True,True,3
IGF1R,ENSEMBL:ENSG00000140443,IGF1R,True,True,3
MXD3,ENSEMBL:ENSG00000213347,MXD3,True,False,1
APPL1,ENSEMBL:ENSG00000157500,APPL1,True,True,3
DDR1|ENSG00000137332,ENSEMBL:ENSG00000137332,DDR1,True,True,4
IP6K1,ENSEMBL:ENSG00000176095,IP6K1,True,False,2
CDKN3,ENSEMBL:ENSG00000100526,CDKN3,False,True,1
APBB1,ENSEMBL:ENSG00000166313,APBB1,True,True,3
ZGLP1,ENSEMBL:ENSG00000220201,ZGLP1,True,False,2
KCNN2,ENSEMBL:ENSG00000080709,KCNN2,False,True,3
MSLN,ENSEMBL:ENSG00000102854,MSLN,False,True,2
LRCH4,ENSEMBL:ENSG00000077454,LRCH4,True,True,4
ZNF275,ENSEMBL:ENSG00000063587,ZNF275,True,True,4
CD46,ENSEMBL:ENSG00000117335,CD46,True,False,1
SRRM1,ENSEMBL:ENSG00000133226,SRRM1,True,True,6
ALDH1A3,ENSEMBL:ENSG00000184254,ALDH1A3,False,True,2
IKBKE,ENSEMBL:ENSG00000263528,IKBKE,True,True,5
SEMA4B,ENSEMBL:ENSG00000185033,SEMA4B,True,False,2
UBE2B,ENSEMBL:ENSG00000119048,UBE2B,True,True,3
CDKN2B,ENSEMBL:ENSG00000147883,CDKN2B,False,True,2
CASQ1,ENSEMBL:ENSG00000143318,CASQ1,False,True,2
COQ8A,ENSEMBL:ENSG00000163050,COQ8A,True,True,6
TTF2,ENSEMBL:ENSG00000116830,TTF2,True,False,1
EIF1AY,ENSEMBL:ENSG00000198692,EIF1AY,True,True,3
UBE2W,ENSEMBL:ENSG00000104343,UBE2W,True,False,2
ARFGAP3,ENSEMBL:ENSG00000242247,ARFGAP3,True,True,3
TRIM44,ENSEMBL:ENSG00000166326,TRIM44,True,False,2
FFAR2,ENSEMBL:ENSG00000126262,FFAR2,True,True,3
SGCG,ENSEMBL:ENSG00000102683,SGCG,False,True,1
PTPRB,ENSEMBL:ENSG00000127329,PTPRB,True,True,7
GZMK,ENSEMBL:ENSG00000113088,GZMK,True,True,4
RASA3,ENSEMBL:ENSG00000185989,RASA3,True,True,8
TIRAP,ENSEMBL:ENSG00000150455,TIRAP,True,False,1
WWC3,ENSEMBL:ENSG00000047644,WWC3,True,False,2
BOD1L1,ENSEMBL:ENSG00000038219,BOD1L1,True,True,6
UPF3A,ENSEMBL:ENSG00000169062,UPF3A,True,True,3
TOMM40,ENSEMBL:ENSG00000130204,TOMM40,True,True,2
EGFL8,ENSEMBL:ENSG00000241404,EGFL8,True,False,2
WAS,ENSEMBL:ENSG00000015285,WAS,True,True,5
CDC123,ENSEMBL:ENSG00000151465,CDC123,True,True,3
CLPB,ENSEMBL:ENSG00000162129,CLPB,True,True,5
LAMTOR5,ENSEMBL:ENSG00000134248,LAMTOR5,True,True,3
LRRC37A2,ENSEMBL:ENSG00000238083,LRRC37A2,True,False,2
LCN12,ENSEMBL:ENSG00000184925,LCN12,True,False,1
INPP5F,ENSEMBL:ENSG00000198825,INPP5F,True,True,6
ASRGL1,ENSEMBL:ENSG00000162174,ASRGL1,True,True,2
HPRT1,ENSEMBL:ENSG00000165704,HPRT1,False,True,6
KPNA4,ENSEMBL:ENSG00000186432,KPNA4,True,True,5
DNAJB2,ENSEMBL:ENSG00000135924,DNAJB2,True,True,6
ADM,ENSEMBL:ENSG00000148926,ADM,True,True,3
FAM222A-AS1,ENSEMBL:ENSG00000255650,FAM222A-AS1,True,False,1
RGS5,ENSEMBL:ENSG00000143248,RGS5,True,True,4
RIN2,ENSEMBL:ENSG00000132669,RIN2,False,True,4
BIRC6,ENSEMBL:ENSG00000115760,BIRC6,True,True,6
SIRPB2,ENSEMBL:ENSG00000196209,SIRPB2,True,False,1
FBXO38,ENSEMBL:ENSG00000145868,FBXO38,True,False,1
XRN1,ENSEMBL:ENSG00000114127,XRN1,True,False,2
LGI2,ENSEMBL:ENSG00000153012,LGI2,True,True,2
NEIL1,ENSEMBL:ENSG00000140398,NEIL1,True,True,3
NUP153,ENSEMBL:ENSG00000124789,NUP153,True,True,3
KCNE3,ENSEMBL:ENSG00000175538,KCNE3,True,True,2
ANXA11,ENSEMBL:ENSG00000122359,ANXA11,True,True,5
SGTA,ENSEMBL:ENSG00000104969,SGTA,True,True,2
KBTBD3,ENSEMBL:ENSG00000182359,KBTBD3,True,False,2
JSRP1,ENSEMBL:ENSG00000167476,JSRP1,True,True,2
USP48,ENSEMBL:ENSG00000090686,USP48,True,False,2
SEMA3G,ENSEMBL:ENSG00000010319,SEMA3G,True,True,4
RNASET2,ENSEMBL:ENSG00000026297,RNASET2,True,True,4
TYK2,ENSEMBL:ENSG00000105397,TYK2,True,True,3
MRPS9,ENSEMBL:ENSG00000135972,MRPS9,True,False,2
NLRP6,ENSEMBL:ENSG00000174885,NLRP6,True,True,3
ZNF516,ENSEMBL:ENSG00000101493,ZNF516,True,True,3
LINC01278,ENSEMBL:ENSG00000235437,LINC01278,True,False,1
MTHFD1,ENSEMBL:ENSG00000100714,MTHFD1,True,True,6
VEGFB,ENSEMBL:ENSG00000173511,VEGFB,False,True,4
TBKBP1,ENSEMBL:ENSG00000198933,TBKBP1,True,True,7
NMT1,ENSEMBL:ENSG00000136448,NMT1,True,True,3
DNAJC18,ENSEMBL:ENSG00000170464,DNAJC18,True,True,2
DNAJC17,ENSEMBL:ENSG00000104129,DNAJC17,True,True,3
IMPDH1,ENSEMBL:ENSG00000106348,IMPDH1,True,True,5
TFG,ENSEMBL:ENSG00000114354,TFG,True,True,3
CREBZF,ENSEMBL:ENSG00000137504,CREBZF,True,False,2
KIF17,ENSEMBL:ENSG00000117245,KIF17,True,False,1
CCNF,ENSEMBL:ENSG00000162063,CCNF,True,True,3
KANK1,ENSEMBL:ENSG00000107104,KANK1,True,True,4
LMBRD1,ENSEMBL:ENSG00000168216,LMBRD1,True,False,2
SLC31A2,ENSEMBL:ENSG00000136867,SLC31A2,True,False,1
HOXC9,ENSEMBL:ENSG00000180806,HOXC9,True,True,2
GNGT2,ENSEMBL:ENSG00000167083,GNGT2,True,True,4
UCP1,ENSEMBL:ENSG00000109424,UCP1,False,True,2
DPP7,ENSEMBL:ENSG00000176978,DPP7,True,True,6
LAT,ENSEMBL:ENSG00000213658,LAT,True,True,4
LDLRAP1,ENSEMBL:ENSG00000157978,LDLRAP1,True,True,5
RUSF1,ENSEMBL:ENSG00000140688,RUSF1,True,True,2
GPR153,ENSEMBL:ENSG00000158292,GPR153,True,True,3
DDX39A,ENSEMBL:ENSG00000123136,DDX39A,True,False,1
NMRK2,ENSEMBL:ENSG00000077009,NMRK2,True,True,3
ENSEMBL:ENSG00000289444,ENSEMBL:ENSG00000289444,,True,False,1
NPEPPS,ENSEMBL:ENSG00000141279,NPEPPS,True,True,3
DFFB,ENSEMBL:ENSG00000169598,DFFB,True,False,1
MAP3K8,ENSEMBL:ENSG00000107968,MAP3K8,True,True,3
EGFL7,ENSEMBL:ENSG00000172889,EGFL7,True,True,2
IL1RL1,ENSEMBL:ENSG00000115602,IL1RL1,False,True,2
POLDIP2,ENSEMBL:ENSG00000004142,POLDIP2,False,True,2
SLC16A5,ENSEMBL:ENSG00000170190,SLC16A5,True,False,2
NSFL1C,ENSEMBL:ENSG00000088833,NSFL1C,True,False,2
TIE1,ENSEMBL:ENSG00000066056,TIE1,True,True,4
SSBP4,ENSEMBL:ENSG00000130511,SSBP4,True,True,2
TBL1X,ENSEMBL:ENSG00000101849,TBL1X,True,True,4
CHUK,ENSEMBL:ENSG00000213341,CHUK,True,True,3
COL17A1,ENSEMBL:ENSG00000065618,COL17A1,False,True,3
RNF213,ENSEMBL:ENSG00000173821,RNF213,False,True,7
XPO7,ENSEMBL:ENSG00000130227,XPO7,True,True,3
PGK1,ENSEMBL:ENSG00000102144,PGK1,True,True,7
SPSB3,ENSEMBL:ENSG00000162032,SPSB3,True,True,3
EGLN2,ENSEMBL:ENSG00000269858,EGLN2,True,True,3
PLA2G2D,ENSEMBL:ENSG00000117215,PLA2G2D,False,True,3
SKP1,ENSEMBL:ENSG00000113558,SKP1,False,True,2
SARS1,ENSEMBL:ENSG00000031698,SARS1,True,False,1
RPS6KA3,ENSEMBL:ENSG00000177189,RPS6KA3,True,True,5
SMAP1,ENSEMBL:ENSG00000112305,SMAP1,True,True,2
RARA-AS1,ENSEMBL:ENSG00000265666,RARA-AS1,True,False,2
GLTP,ENSEMBL:ENSG00000139433,GLTP,True,True,5
KLF13,ENSEMBL:ENSG00000169926,KLF13,True,True,6
IFI16,ENSEMBL:ENSG00000163565,IFI16,True,False,2
ARHGDIB,ENSEMBL:ENSG00000111348,ARHGDIB,True,True,9
RNF185,ENSEMBL:ENSG00000138942,RNF185,True,False,2
JAK3,ENSEMBL:ENSG00000105639,JAK3,True,True,6
ADAMTS19-AS1,ENSEMBL:ENSG00000249421,ADAMTS19-AS1,True,False,1
AAGAB,ENSEMBL:ENSG00000103591,AAGAB,True,False,2
APOOL,ENSEMBL:ENSG00000155008,APOOL,False,True,4
KY,ENSEMBL:ENSG00000174611,KY,True,True,3
OSR2,ENSEMBL:ENSG00000164920,OSR2,False,True,3
AGPAT4,ENSEMBL:ENSG00000026652,AGPAT4,True,True,4
ZNF532,ENSEMBL:ENSG00000074657,ZNF532,True,True,3
HACD2,ENSEMBL:ENSG00000206527,HACD2,False,True,3
PLD2,ENSEMBL:ENSG00000129219,PLD2,True,True,3
POLR1C,ENSEMBL:ENSG00000171453,POLR1C,True,True,4
SLC5A4,ENSEMBL:ENSG00000100191,SLC5A4,False,True,1
MIR4435-2HG,ENSEMBL:ENSG00000172965,MIR4435-2HG,True,False,1
SLC25A29,ENSEMBL:ENSG00000197119,SLC25A29,True,True,3
AKT1,ENSEMBL:ENSG00000142208,AKT1,True,True,4
GMIP,ENSEMBL:ENSG00000089639,GMIP,True,True,2
ABCC2,ENSEMBL:ENSG00000023839,ABCC2,True,True,3
ARMC5,ENSEMBL:ENSG00000140691,ARMC5,True,True,4
TOGARAM1,ENSEMBL:ENSG00000198718,TOGARAM1,True,False,1
GOLM2,ENSEMBL:ENSG00000166734,GOLM2,True,False,2
OGN,ENSEMBL:ENSG00000106809,OGN,False,True,5
LY6E,ENSEMBL:ENSG00000160932,LY6E,True,True,3
CENPV,ENSEMBL:ENSG00000166582,CENPV,True,True,5
PSMD9,ENSEMBL:ENSG00000110801,PSMD9,False,True,1
E2F3,ENSEMBL:ENSG00000112242,E2F3,True,False,2
SAFB,ENSEMBL:ENSG00000160633,SAFB,True,True,3
ENSEMBL:ENSG00000286786,ENSEMBL:ENSG00000286786,,True,False,1
KLHL11,ENSEMBL:ENSG00000178502,KLHL11,True,False,1
CYS1,ENSEMBL:ENSG00000205795,CYS1,False,True,4
IRS1,ENSEMBL:ENSG00000169047,IRS1,True,True,7
PADI4,ENSEMBL:ENSG00000159339,PADI4,True,True,3
SDF2L1,ENSEMBL:ENSG00000128228,SDF2L1,True,True,6
STX17,ENSEMBL:ENSG00000136874,STX17,True,False,1
MYH6,ENSEMBL:ENSG00000197616,MYH6,False,True,1
LBH,ENSEMBL:ENSG00000213626,LBH,True,True,4
ENSEMBL:ENSG00000288861,ENSEMBL:ENSG00000288861,,True,False,1
SNX22,ENSEMBL:ENSG00000157734,SNX22,True,True,2
COL4A6,ENSEMBL:ENSG00000197565,COL4A6,True,True,2
DEXI,ENSEMBL:ENSG00000182108,DEXI,True,False,1
SYNGR2,ENSEMBL:ENSG00000108639,SYNGR2,True,True,2
COL6A3,ENSEMBL:ENSG00000163359,COL6A3,False,True,6
GUCA1B,ENSEMBL:ENSG00000112599,GUCA1B,True,False,1
AP3M2,ENSEMBL:ENSG00000070718,AP3M2,True,True,3
ORMDL1,ENSEMBL:ENSG00000128699,ORMDL1,True,False,1
LALBA,ENSEMBL:ENSG00000167531,LALBA,False,True,1
TIMM10,ENSEMBL:ENSG00000134809,TIMM10,True,True,4
NEK6,ENSEMBL:ENSG00000119408,NEK6,False,True,5
ST6GALNAC2,ENSEMBL:ENSG00000070731,ST6GALNAC2,True,True,3
PIK3CG,ENSEMBL:ENSG00000105851,PIK3CG,True,True,5
METTL3,ENSEMBL:ENSG00000165819,METTL3,True,True,3
PFDN2,ENSEMBL:ENSG00000143256,PFDN2,True,False,1
PSMA7,ENSEMBL:ENSG00000101182,PSMA7,True,True,3
MFAP1,ENSEMBL:ENSG00000140259,MFAP1,False,True,2
SMARCAL1,ENSEMBL:ENSG00000138375,SMARCAL1,True,False,1
ZBTB3,ENSEMBL:ENSG00000185670,ZBTB3,True,False,1
HERPUD1,ENSEMBL:ENSG00000051108,HERPUD1,True,True,8
TRIM52,ENSEMBL:ENSG00000183718,TRIM52,True,False,1
STARD7-AS1,ENSEMBL:ENSG00000204685,STARD7-AS1,True,False,1
CCR4,ENSEMBL:ENSG00000183813,CCR4,True,True,2
ENSEMBL:ENSG00000283294,ENSEMBL:ENSG00000283294,,True,False,1
SBK2,ENSEMBL:ENSG00000187550,SBK2,False,True,1
DEDD2,ENSEMBL:ENSG00000160570,DEDD2,True,False,2
SCAI,ENSEMBL:ENSG00000173611,SCAI,True,False,1
GPATCH1,ENSEMBL:ENSG00000076650,GPATCH1,True,False,1
TM7SF3,ENSEMBL:ENSG00000064115,TM7SF3,True,True,3
NFKB1,ENSEMBL:ENSG00000109320,NFKB1,True,False,2
TCF19,ENSEMBL:ENSG00000137310,TCF19,False,True,2
SYMPK,ENSEMBL:ENSG00000125755,SYMPK,True,True,4
TMEM229B,ENSEMBL:ENSG00000198133,TMEM229B,True,True,3
SQOR,ENSEMBL:ENSG00000137767,SQOR,True,True,6
PCMT1,ENSEMBL:ENSG00000120265,PCMT1,False,True,2
PPARA,ENSEMBL:ENSG00000186951,PPARA,True,True,2
POLA2,ENSEMBL:ENSG00000014138,POLA2,True,True,3
FIGNL2,ENSEMBL:ENSG00000261308,FIGNL2,True,False,1
MTMR6,ENSEMBL:ENSG00000139505,MTMR6,True,True,3
ELOB,ENSEMBL:ENSG00000103363,ELOB,False,True,2
ONECUT2,ENSEMBL:ENSG00000119547,ONECUT2,False,True,1
ZNF503,ENSEMBL:ENSG00000165655,ZNF503,False,True,3
FBXL3,ENSEMBL:ENSG00000005812,FBXL3,True,False,2
RNF225,ENSEMBL:ENSG00000269855,RNF225,False,True,1
TIMP2,ENSEMBL:ENSG00000035862,TIMP2,True,True,5
LINC00963,ENSEMBL:ENSG00000204054,LINC00963,True,False,2
GAS7,ENSEMBL:ENSG00000007237,GAS7,True,True,7
TSPYL1,ENSEMBL:ENSG00000189241,TSPYL1,True,True,2
IARS2,ENSEMBL:ENSG00000067704,IARS2,False,True,4
COL1A2,ENSEMBL:ENSG00000164692,COL1A2,False,True,4
LINC00707,ENSEMBL:ENSG00000238266,LINC00707,True,False,1
ENSEMBL:ENSG00000228801,ENSEMBL:ENSG00000228801,,True,False,1
TDG,ENSEMBL:ENSG00000139372,TDG,True,True,3
NFKBIA,ENSEMBL:ENSG00000100906,NFKBIA,True,False,2
UBQLN2,ENSEMBL:ENSG00000188021,UBQLN2,True,True,4
KRT8P12,ENSEMBL:ENSG00000229320,KRT8P12,True,False,2
NIFK,ENSEMBL:ENSG00000155438,NIFK,True,False,2
AMPD1,ENSEMBL:ENSG00000116748,AMPD1,True,True,3
FSD2,ENSEMBL:ENSG00000186628,FSD2,True,False,1
NFE4,ENSEMBL:ENSG00000230257,NFE4,True,False,1
ENSEMBL:ENSG00000289193,ENSEMBL:ENSG00000289193,,True,False,1
GNPAT,ENSEMBL:ENSG00000116906,GNPAT,False,True,6
ENSEMBL:ENSG00000286067,ENSEMBL:ENSG00000286067,,True,False,1
FDPS,ENSEMBL:ENSG00000160752,FDPS,True,True,3
PPP2R5C,ENSEMBL:ENSG00000078304,PPP2R5C,True,False,2
TUFM,ENSEMBL:ENSG00000178952,TUFM,True,True,7
DCAF10,ENSEMBL:ENSG00000122741,DCAF10,True,False,1
FUT2,ENSEMBL:ENSG00000176920,FUT2,False,True,1
CHRNA7,ENSEMBL:ENSG00000175344,CHRNA7,False,True,2
MCMBP,ENSEMBL:ENSG00000197771,MCMBP,True,True,4
SLC15A3,ENSEMBL:ENSG00000110446,SLC15A3,True,True,6
BAK1,ENSEMBL:ENSG00000030110,BAK1,True,True,3
TNFSF13B,ENSEMBL:ENSG00000102524,TNFSF13B,False,True,2
CUBN,ENSEMBL:ENSG00000107611,CUBN,False,True,2
IGIP,ENSEMBL:ENSG00000182700,IGIP,True,False,1
ENSEMBL:ENSG00000270127,ENSEMBL:ENSG00000270127,,True,False,2
PTGR2,ENSEMBL:ENSG00000140043,PTGR2,True,True,5
THBS1,ENSEMBL:ENSG00000137801,THBS1,True,True,6
DCAF8,ENSEMBL:ENSG00000132716,DCAF8,True,True,2
TECPR1,ENSEMBL:ENSG00000205356,TECPR1,True,True,6
TTC12,ENSEMBL:ENSG00000149292,TTC12,True,False,2
CYP20A1,ENSEMBL:ENSG00000119004,CYP20A1,True,True,3
TAGLN2,ENSEMBL:ENSG00000158710,TAGLN2,True,True,6
RILP,ENSEMBL:ENSG00000167705,RILP,True,False,2
EMP1,ENSEMBL:ENSG00000134531,EMP1,True,True,6
CYTH3,ENSEMBL:ENSG00000008256,CYTH3,True,False,2
ALG3,ENSEMBL:ENSG00000214160,ALG3,True,False,1
UBALD2,ENSEMBL:ENSG00000185262,UBALD2,True,True,7
KIF12,ENSEMBL:ENSG00000136883,KIF12,False,True,1
BTN3A1,ENSEMBL:ENSG00000026950,BTN3A1,True,False,2
ENSEMBL:ENSG00000233818,ENSEMBL:ENSG00000233818,,True,False,1
NPTX2,ENSEMBL:ENSG00000106236,NPTX2,True,True,2
COA4,ENSEMBL:ENSG00000181924,COA4,True,True,3
CABP4,ENSEMBL:ENSG00000175544,CABP4,True,True,2
SNRPGP4,ENSEMBL:ENSG00000267203,SNRPGP4,True,False,1
SLC39A9,ENSEMBL:ENSG00000029364,SLC39A9,True,False,2
DNM2,ENSEMBL:ENSG00000079805,DNM2,True,True,4
PTPRO,ENSEMBL:ENSG00000151490,PTPRO,True,True,6
CXCL10,ENSEMBL:ENSG00000169245,CXCL10,True,True,6
BCL11B,ENSEMBL:ENSG00000127152,BCL11B,True,True,7
MLKL,ENSEMBL:ENSG00000168404,MLKL,True,True,4
RPS7,ENSEMBL:ENSG00000171863,RPS7,True,True,3
FIBIN,ENSEMBL:ENSG00000176971,FIBIN,True,True,3
KLRA1P,ENSEMBL:ENSG00000256667,KLRA1P,True,False,1
ZFP92,ENSEMBL:ENSG00000189420,ZFP92,True,False,1
HBM,ENSEMBL:ENSG00000206177,HBM,True,False,1
GOSR1,ENSEMBL:ENSG00000108587,GOSR1,True,True,3
DNMT3B,ENSEMBL:ENSG00000088305,DNMT3B,True,False,1
CCDC102A,ENSEMBL:ENSG00000135736,CCDC102A,True,True,2
ENSEMBL:ENSG00000255330,ENSEMBL:ENSG00000255330,,True,False,1
ATP5PD,ENSEMBL:ENSG00000167863,ATP5PD,False,True,7
ABCB6,ENSEMBL:ENSG00000115657,ABCB6,True,True,5
FGF12,ENSEMBL:ENSG00000114279,FGF12,True,True,2
NSMCE4A,ENSEMBL:ENSG00000107672,NSMCE4A,True,False,2
ENSEMBL:ENSG00000279382,ENSEMBL:ENSG00000279382,,True,False,1
SOCS1,ENSEMBL:ENSG00000185338,SOCS1,True,True,3
MSRA,ENSEMBL:ENSG00000175806,MSRA,False,True,2
JDP2,ENSEMBL:ENSG00000140044,JDP2,True,True,3
OSMR,ENSEMBL:ENSG00000145623,OSMR,True,True,4
SH3PXD2A,ENSEMBL:ENSG00000107957,SH3PXD2A,True,True,7
PPME1,ENSEMBL:ENSG00000214517,PPME1,True,True,3
RAMP2,ENSEMBL:ENSG00000131477,RAMP2,False,True,2
ANXA7,ENSEMBL:ENSG00000138279,ANXA7,False,True,3
SIGLEC10-AS1,ENSEMBL:ENSG00000255441,SIGLEC10-AS1,True,False,1
PRKD2,ENSEMBL:ENSG00000105287,PRKD2,True,True,3
ZNF566,ENSEMBL:ENSG00000186017,ZNF566,True,False,1
HIC1,ENSEMBL:ENSG00000177374,HIC1,True,True,4
CD300LF,ENSEMBL:ENSG00000186074,CD300LF,True,True,3
ELMOD1,ENSEMBL:ENSG00000110675,ELMOD1,True,False,1
FCER1A,ENSEMBL:ENSG00000179639,FCER1A,True,False,1
PTPN12,ENSEMBL:ENSG00000127947,PTPN12,True,True,4
ENSEMBL:ENSG00000261596,ENSEMBL:ENSG00000261596,,True,False,1
PHF24,ENSEMBL:ENSG00000122733,PHF24,True,False,1
RCC2,ENSEMBL:ENSG00000179051,RCC2,True,False,2
ENSEMBL:ENSG00000224163,ENSEMBL:ENSG00000224163,,True,False,1
MTURN,ENSEMBL:ENSG00000180354,MTURN,True,True,6
ENSEMBL:ENSG00000268027,ENSEMBL:ENSG00000268027,,True,False,1
NNAT,ENSEMBL:ENSG00000053438,NNAT,True,False,1
UCHL3,ENSEMBL:ENSG00000118939,UCHL3,True,True,3
TMEM59,ENSEMBL:ENSG00000116209,TMEM59,True,True,3
GNB1,ENSEMBL:ENSG00000078369,GNB1,True,False,1
ZNF805,ENSEMBL:ENSG00000204524,ZNF805,True,False,1
CCT6A,ENSEMBL:ENSG00000146731,CCT6A,True,True,4
MVK,ENSEMBL:ENSG00000110921,MVK,True,True,2
BICRA,ENSEMBL:ENSG00000063169,BICRA,True,False,1
ENSEMBL:ENSG00000269044,ENSEMBL:ENSG00000269044,,True,False,1
PFKM,ENSEMBL:ENSG00000152556,PFKM,False,True,3
APEX1,ENSEMBL:ENSG00000100823,APEX1,True,False,2
ATP8B4,ENSEMBL:ENSG00000104043,ATP8B4,False,True,1
NSL1,ENSEMBL:ENSG00000117697,NSL1,True,False,1
KAT14,ENSEMBL:ENSG00000149474,KAT14,True,False,1
IFITM3,ENSEMBL:ENSG00000142089,IFITM3,True,True,8
PRSS46P,ENSEMBL:ENSG00000261603,PRSS46P,False,True,2
CES1,ENSEMBL:ENSG00000198848,CES1,False,True,3
FCRLA,ENSEMBL:ENSG00000132185,FCRLA,True,True,4
HIBCH,ENSEMBL:ENSG00000198130,HIBCH,False,True,5
NCK2,ENSEMBL:ENSG00000071051,NCK2,True,True,5
ITIH1,ENSEMBL:ENSG00000055957,ITIH1,False,True,1
KLRK1-AS1,ENSEMBL:ENSG00000245648,KLRK1-AS1,True,False,1
TGFB1,ENSEMBL:ENSG00000105329,TGFB1,True,True,4
FCAR,ENSEMBL:ENSG00000186431,FCAR,True,False,1
SBSN,ENSEMBL:ENSG00000189001,SBSN,False,True,1
CLEC1A,ENSEMBL:ENSG00000150048,CLEC1A,True,True,3
ADCY2,ENSEMBL:ENSG00000078295,ADCY2,True,False,1
PRCP,ENSEMBL:ENSG00000137509,PRCP,True,True,3
FCHO2,ENSEMBL:ENSG00000157107,FCHO2,True,True,3
LINC-PINT,ENSEMBL:ENSG00000231721,LINC-PINT,True,False,1
CDK17,ENSEMBL:ENSG00000059758,CDK17,True,True,2
CHD2,ENSEMBL:ENSG00000173575,CHD2,True,True,4
LUCAT1,ENSEMBL:ENSG00000248323,LUCAT1,True,False,2
MYH1,ENSEMBL:ENSG00000109061,MYH1,True,True,5
NBR1,ENSEMBL:ENSG00000188554,NBR1,True,True,2
ZNF107,ENSEMBL:ENSG00000196247,ZNF107,True,False,2
ENSEMBL:ENSG00000224934,ENSEMBL:ENSG00000224934,,True,False,1
COA6,ENSEMBL:ENSG00000168275,COA6,True,True,2
PPP1R32,ENSEMBL:ENSG00000162148,PPP1R32,True,False,1
ALG1L13P,ENSEMBL:ENSG00000253981,ALG1L13P,True,False,1
ZNF713,ENSEMBL:ENSG00000178665,ZNF713,True,False,1
KTN1,ENSEMBL:ENSG00000126777,KTN1,True,True,4
QRICH2,ENSEMBL:ENSG00000129646,QRICH2,True,False,1
ENSEMBL:ENSG00000276805,ENSEMBL:ENSG00000276805,,True,False,1
SNRPD2,ENSEMBL:ENSG00000125743,SNRPD2,True,True,2
PAXX,ENSEMBL:ENSG00000148362,PAXX,True,False,2
SEMA4G,ENSEMBL:ENSG00000095539,SEMA4G,True,False,1
ST20-MTHFS,ENSEMBL:ENSG00000259332,ST20-MTHFS,True,False,1
PRKDC,ENSEMBL:ENSG00000253729,PRKDC,True,True,4
PAAF1,ENSEMBL:ENSG00000175575,PAAF1,True,False,2
CHAMP1,ENSEMBL:ENSG00000198824,CHAMP1,True,False,1
MNDA,ENSEMBL:ENSG00000163563,MNDA,True,False,1
TK2,ENSEMBL:ENSG00000166548,TK2,True,False,2
SNCA,ENSEMBL:ENSG00000145335,SNCA,True,True,3
IFITM2,ENSEMBL:ENSG00000185201,IFITM2,True,False,2
PRSS33,ENSEMBL:ENSG00000103355,PRSS33,True,False,1
ARID3A,ENSEMBL:ENSG00000116017,ARID3A,True,True,5
HCAR2,ENSEMBL:ENSG00000182782,HCAR2,True,True,2
MTRR,ENSEMBL:ENSG00000124275,MTRR,True,False,1
EIF5,ENSEMBL:ENSG00000100664,EIF5,True,True,6
NTRK3,ENSEMBL:ENSG00000140538,NTRK3,True,True,2
HIBADH,ENSEMBL:ENSG00000106049,HIBADH,False,True,4
PTGIR,ENSEMBL:ENSG00000160013,PTGIR,True,True,4
ZNF791,ENSEMBL:ENSG00000173875,ZNF791,True,False,1
ZNF280D,ENSEMBL:ENSG00000137871,ZNF280D,True,False,1
SUGT1P4-STRA6LP-CCDC180,ENSEMBL:ENSG00000255036,SUGT1P4-STRA6LP-CCDC180,True,False,1
ANGEL2,ENSEMBL:ENSG00000174606,ANGEL2,True,False,1
STK24,ENSEMBL:ENSG00000102572,STK24,True,False,2
MAN1A1,ENSEMBL:ENSG00000111885,MAN1A1,False,True,5
USF2,ENSEMBL:ENSG00000105698,USF2,True,True,3
ARHGAP23,ENSEMBL:ENSG00000273780,ARHGAP23,True,True,3
CLPX,ENSEMBL:ENSG00000166855,CLPX,True,True,3
LSM14B,ENSEMBL:ENSG00000149657,LSM14B,True,False,1
ADD2,ENSEMBL:ENSG00000075340,ADD2,True,True,3
GARRE1,ENSEMBL:ENSG00000166398,GARRE1,True,True,3
PHF1,ENSEMBL:ENSG00000112511,PHF1,True,True,3
DIPK1A,ENSEMBL:ENSG00000154511,DIPK1A,True,True,3
COA5,ENSEMBL:ENSG00000183513,COA5,True,True,5
CD6,ENSEMBL:ENSG00000013725,CD6,True,True,6
KCNN3,ENSEMBL:ENSG00000143603,KCNN3,False,True,4
MRPL57,ENSEMBL:ENSG00000173141,MRPL57,False,True,3
GTPBP10,ENSEMBL:ENSG00000105793,GTPBP10,True,False,1
OAS2,ENSEMBL:ENSG00000111335,OAS2,True,True,4
NUP50,ENSEMBL:ENSG00000093000,NUP50,True,True,4
NIPA2,ENSEMBL:ENSG00000140157,NIPA2,True,False,1
INPPL1,ENSEMBL:ENSG00000165458,INPPL1,True,False,2
POLR2J4|ENSG00000214783,ENSEMBL:ENSG00000214783,POLR2J4,True,False,1
ADAM17,ENSEMBL:ENSG00000151694,ADAM17,True,False,2
GPANK1|ENSG00000204438,ENSEMBL:ENSG00000204438,GPANK1,True,False,2
HDLBP,ENSEMBL:ENSG00000115677,HDLBP,True,True,6
C11orf58,ENSEMBL:ENSG00000110696,C11orf58,True,False,1
ADAT2,ENSEMBL:ENSG00000189007,ADAT2,True,False,1
ZNF518A,ENSEMBL:ENSG00000177853,ZNF518A,True,True,4
PDZK1IP1,ENSEMBL:ENSG00000162366,PDZK1IP1,True,True,2
ALPK2,ENSEMBL:ENSG00000198796,ALPK2,True,True,4
PRKAR2B,ENSEMBL:ENSG00000005249,PRKAR2B,True,True,6
MYCBPAP,ENSEMBL:ENSG00000136449,MYCBPAP,False,True,1
GUSB,ENSEMBL:ENSG00000169919,GUSB,True,True,3
SNHG15,ENSEMBL:ENSG00000232956,SNHG15,True,False,1
ST8SIA4,ENSEMBL:ENSG00000113532,ST8SIA4,True,True,3
MIEN1,ENSEMBL:ENSG00000141741,MIEN1,True,True,3
GAREM2,ENSEMBL:ENSG00000157833,GAREM2,True,True,2
PWWP2B,ENSEMBL:ENSG00000171813,PWWP2B,True,True,3
PJA1,ENSEMBL:ENSG00000181191,PJA1,True,False,1
VPS39,ENSEMBL:ENSG00000166887,VPS39,True,False,2
LRFN1,ENSEMBL:ENSG00000128011,LRFN1,True,True,2
RAN,ENSEMBL:ENSG00000132341,RAN,True,True,5
STARD10,ENSEMBL:ENSG00000214530,STARD10,True,True,5
KBTBD4,ENSEMBL:ENSG00000123444,KBTBD4,True,False,1
CFAP65,ENSEMBL:ENSG00000181378,CFAP65,False,True,3
PRR13,ENSEMBL:ENSG00000205352,PRR13,True,True,4
MPV17L2,ENSEMBL:ENSG00000254858,MPV17L2,True,True,2
CABP1,ENSEMBL:ENSG00000157782,CABP1,True,True,2
CNKSR1,ENSEMBL:ENSG00000142675,CNKSR1,True,True,3
DDO,ENSEMBL:ENSG00000203797,DDO,False,True,3
RFX1,ENSEMBL:ENSG00000132005,RFX1,True,False,1
JAM2,ENSEMBL:ENSG00000154721,JAM2,False,True,5
GALNT6,ENSEMBL:ENSG00000139629,GALNT6,False,True,8
MPLKIP,ENSEMBL:ENSG00000168303,MPLKIP,True,False,2
WRNIP1,ENSEMBL:ENSG00000124535,WRNIP1,True,True,2
ASPSCR1,ENSEMBL:ENSG00000169696,ASPSCR1,True,True,5
CXCR3,ENSEMBL:ENSG00000186810,CXCR3,True,True,4
FBXO9,ENSEMBL:ENSG00000112146,FBXO9,True,True,3
PSMD11,ENSEMBL:ENSG00000108671,PSMD11,True,True,2
PLA2G6,ENSEMBL:ENSG00000184381,PLA2G6,True,True,3
MCM2,ENSEMBL:ENSG00000073111,MCM2,True,True,4
SNX1,ENSEMBL:ENSG00000028528,SNX1,True,True,4
CLUHP3,ENSEMBL:ENSG00000131797,CLUHP3,True,False,1
ALOX15,ENSEMBL:ENSG00000161905,ALOX15,True,True,6
TMEM161B-DT,ENSEMBL:ENSG00000247828,TMEM161B-DT,True,False,1
KRT20,ENSEMBL:ENSG00000171431,KRT20,False,True,2
GJC1,ENSEMBL:ENSG00000182963,GJC1,True,True,3
KIR2DL4,ENSEMBL:ENSG00000189013,KIR2DL4,True,False,1
DGAT1,ENSEMBL:ENSG00000185000,DGAT1,True,True,5
MTTP,ENSEMBL:ENSG00000138823,MTTP,True,True,4
ENSEMBL:ENSG00000257176,ENSEMBL:ENSG00000257176,,True,False,2
ELOVL5,ENSEMBL:ENSG00000012660,ELOVL5,True,True,4
PGM2,ENSEMBL:ENSG00000169299,PGM2,True,True,6
CD320,ENSEMBL:ENSG00000167775,CD320,True,True,3
SPHK2,ENSEMBL:ENSG00000063176,SPHK2,True,True,2
SH2D3C,ENSEMBL:ENSG00000095370,SH2D3C,True,True,8
CHST10,ENSEMBL:ENSG00000115526,CHST10,True,False,2
CLCN5,ENSEMBL:ENSG00000171365,CLCN5,True,False,1
HOXA-AS3,ENSEMBL:ENSG00000254369,HOXA-AS3,True,False,1
PPCS,ENSEMBL:ENSG00000127125,PPCS,True,True,6
GSTA1,ENSEMBL:ENSG00000243955,GSTA1,False,True,7
SCN7A,ENSEMBL:ENSG00000136546,SCN7A,False,True,2
HSPA6,ENSEMBL:ENSG00000173110,HSPA6,True,False,1
DDX54,ENSEMBL:ENSG00000123064,DDX54,True,True,4
SACS,ENSEMBL:ENSG00000151835,SACS,True,True,4
MAML3,ENSEMBL:ENSG00000196782,MAML3,True,False,3
NSUN4,ENSEMBL:ENSG00000117481,NSUN4,True,True,2
CADM3,ENSEMBL:ENSG00000162706,CADM3,False,True,3
SSBP3,ENSEMBL:ENSG00000157216,SSBP3,True,True,3
DNAL1,ENSEMBL:ENSG00000119661,DNAL1,True,True,2
HOXA6,ENSEMBL:ENSG00000106006,HOXA6,True,True,2
CIDEC,ENSEMBL:ENSG00000187288,CIDEC,False,True,1
PDXP,ENSEMBL:ENSG00000241360,PDXP,True,False,2
SORL1,ENSEMBL:ENSG00000137642,SORL1,True,False,1
SPIRE1,ENSEMBL:ENSG00000134278,SPIRE1,True,True,3
CCER2,ENSEMBL:ENSG00000262484,CCER2,True,False,2
GADD45G,ENSEMBL:ENSG00000130222,GADD45G,True,True,2
KCNC4,ENSEMBL:ENSG00000116396,KCNC4,True,True,2
PRUNE2,ENSEMBL:ENSG00000106772,PRUNE2,True,True,3
IDUA,ENSEMBL:ENSG00000127415,IDUA,True,False,1
SNX9,ENSEMBL:ENSG00000130340,SNX9,True,True,3
NMD3,ENSEMBL:ENSG00000169251,NMD3,True,True,2
GIMAP4,ENSEMBL:ENSG00000133574,GIMAP4,True,True,7
IRAK3,ENSEMBL:ENSG00000090376,IRAK3,True,True,5
SLC35A4,ENSEMBL:ENSG00000176087,SLC35A4,True,True,4
ASCL2,ENSEMBL:ENSG00000183734,ASCL2,True,True,2
PPM1A,ENSEMBL:ENSG00000100614,PPM1A,True,True,6
ZBTB42,ENSEMBL:ENSG00000179627,ZBTB42,True,True,2
PARP8,ENSEMBL:ENSG00000151883,PARP8,True,True,4
TNK1,ENSEMBL:ENSG00000174292,TNK1,True,False,1
LEMD3,ENSEMBL:ENSG00000174106,LEMD3,True,False,2
EAPP,ENSEMBL:ENSG00000129518,EAPP,True,False,2
STRIP1,ENSEMBL:ENSG00000143093,STRIP1,False,True,1
ADRB3,ENSEMBL:ENSG00000188778,ADRB3,False,True,2
ARFIP1,ENSEMBL:ENSG00000164144,ARFIP1,True,True,3
MFAP4,ENSEMBL:ENSG00000166482,MFAP4,False,True,2
ZNF658,ENSEMBL:ENSG00000274349,ZNF658,True,False,1
GSDMD,ENSEMBL:ENSG00000104518,GSDMD,True,True,5
NSMAF,ENSEMBL:ENSG00000035681,NSMAF,True,False,1
KCTD3,ENSEMBL:ENSG00000136636,KCTD3,True,True,2
CDCA7,ENSEMBL:ENSG00000144354,CDCA7,True,True,3
BMP4,ENSEMBL:ENSG00000125378,BMP4,True,False,1
CD24,ENSEMBL:ENSG00000272398,CD24,False,True,3
CLSTN1,ENSEMBL:ENSG00000171603,CLSTN1,True,False,2
UHMK1,ENSEMBL:ENSG00000152332,UHMK1,True,True,4
SPINT2,ENSEMBL:ENSG00000167642,SPINT2,False,True,4
FGD2,ENSEMBL:ENSG00000146192,FGD2,True,True,5
CLCN3,ENSEMBL:ENSG00000109572,CLCN3,True,True,2
RTTN,ENSEMBL:ENSG00000176225,RTTN,True,False,1
RAPGEFL1,ENSEMBL:ENSG00000108352,RAPGEFL1,True,False,1
P2RY12,ENSEMBL:ENSG00000169313,P2RY12,True,True,2
EI24,ENSEMBL:ENSG00000149547,EI24,True,True,5
RPL17-C18orf32,ENSEMBL:ENSG00000215472,RPL17-C18orf32,True,False,1
EIF4G3,ENSEMBL:ENSG00000075151,EIF4G3,True,True,4
ZNF638,ENSEMBL:ENSG00000075292,ZNF638,True,True,4
THBS3,ENSEMBL:ENSG00000169231,THBS3,True,True,2
MYL12B,ENSEMBL:ENSG00000118680,MYL12B,True,True,3
CD3D,ENSEMBL:ENSG00000167286,CD3D,True,True,5
RPL21,ENSEMBL:ENSG00000122026,RPL21,True,True,7
CC2D2A,ENSEMBL:ENSG00000048342,CC2D2A,True,True,2
ENSEMBL:ENSG00000258768,ENSEMBL:ENSG00000258768,,True,False,1
ENSEMBL:ENSG00000288634,ENSEMBL:ENSG00000288634,,True,False,1
MTCH1,ENSEMBL:ENSG00000137409,MTCH1,True,True,4
CCDC47,ENSEMBL:ENSG00000108588,CCDC47,True,True,3
HEBP2,ENSEMBL:ENSG00000051620,HEBP2,True,True,4
AGO1,ENSEMBL:ENSG00000092847,AGO1,True,False,1
A2M,ENSEMBL:ENSG00000175899,A2M,False,True,4
LARP1B,ENSEMBL:ENSG00000138709,LARP1B,True,True,4
SHCBP1,ENSEMBL:ENSG00000171241,SHCBP1,True,True,2
ACP5,ENSEMBL:ENSG00000102575,ACP5,False,True,4
ENSEMBL:ENSG00000250575,ENSEMBL:ENSG00000250575,,True,False,2
SEC24A,ENSEMBL:ENSG00000113615,SEC24A,True,False,1
ST13,ENSEMBL:ENSG00000100380,ST13,True,True,6
TARS1,ENSEMBL:ENSG00000113407,TARS1,True,True,4
SEPSECS,ENSEMBL:ENSG00000109618,SEPSECS,True,True,2
ELK3,ENSEMBL:ENSG00000111145,ELK3,True,True,4
PRNP,ENSEMBL:ENSG00000171867,PRNP,True,True,5
KIAA0513,ENSEMBL:ENSG00000135709,KIAA0513,True,True,6
SH3BGRL,ENSEMBL:ENSG00000131171,SH3BGRL,False,True,2
C12orf75,ENSEMBL:ENSG00000235162,C12orf75,True,True,2
RAD23A,ENSEMBL:ENSG00000179262,RAD23A,True,True,4
DDT,ENSEMBL:ENSG00000099977,DDT,True,True,2
SH3BGRL3,ENSEMBL:ENSG00000142669,SH3BGRL3,True,True,7
HPSE,ENSEMBL:ENSG00000173083,HPSE,True,True,6
NDNF,ENSEMBL:ENSG00000173376,NDNF,True,False,1
ZKSCAN8,ENSEMBL:ENSG00000198315,ZKSCAN8,True,True,2
BPTF,ENSEMBL:ENSG00000171634,BPTF,True,True,3
GLIPR1,ENSEMBL:ENSG00000139278,GLIPR1,True,True,3
YKT6,ENSEMBL:ENSG00000106636,YKT6,True,True,3
RNF167,ENSEMBL:ENSG00000108523,RNF167,True,True,4
TRAF3IP3,ENSEMBL:ENSG00000009790,TRAF3IP3,False,True,6
ASXL2,ENSEMBL:ENSG00000143970,ASXL2,True,True,3
BANP,ENSEMBL:ENSG00000172530,BANP,True,False,2
ENSEMBL:ENSG00000288538,ENSEMBL:ENSG00000288538,,True,False,1
RRP9,ENSEMBL:ENSG00000114767,RRP9,True,True,3
COPS4,ENSEMBL:ENSG00000138663,COPS4,True,True,3
STPG1,ENSEMBL:ENSG00000001460,STPG1,True,True,4
CPLX1,ENSEMBL:ENSG00000168993,CPLX1,True,False,1
DRC3,ENSEMBL:ENSG00000171962,DRC3,True,True,2
ARSB,ENSEMBL:ENSG00000113273,ARSB,True,True,6
C9orf72,ENSEMBL:ENSG00000147894,C9orf72,True,False,2
PRRC2A,ENSEMBL:ENSG00000204469,PRRC2A,True,True,6
SNU13,ENSEMBL:ENSG00000100138,SNU13,True,True,3
ZEB2,ENSEMBL:ENSG00000169554,ZEB2,True,False,1
ENSEMBL:ENSG00000267385,ENSEMBL:ENSG00000267385,,True,False,2
YBX1P10,ENSEMBL:ENSG00000213866,YBX1P10,True,False,1
LBR,ENSEMBL:ENSG00000143815,LBR,True,False,2
DPYS,ENSEMBL:ENSG00000147647,DPYS,False,True,1
ENSEMBL:ENSG00000279133,ENSEMBL:ENSG00000279133,,True,False,1
CPED1,ENSEMBL:ENSG00000106034,CPED1,False,True,2
SLC15A2,ENSEMBL:ENSG00000163406,SLC15A2,True,True,5
UNC45A,ENSEMBL:ENSG00000140553,UNC45A,False,True,1
NR1D2,ENSEMBL:ENSG00000174738,NR1D2,True,True,4
EIF3D,ENSEMBL:ENSG00000100353,EIF3D,True,True,2
OPA3,ENSEMBL:ENSG00000125741,OPA3,True,False,2
LRRC25,ENSEMBL:ENSG00000175489,LRRC25,True,True,5
STING1,ENSEMBL:ENSG00000184584,STING1,True,True,6
SPDYE18,ENSEMBL:ENSG00000205482,SPDYE18,True,False,1
ZNF571-AS1,ENSEMBL:ENSG00000267470,ZNF571-AS1,True,False,1
PECAM1,ENSEMBL:ENSG00000261371,PECAM1,True,False,2
PCDH9,ENSEMBL:ENSG00000184226,PCDH9,True,True,3
PCIF1,ENSEMBL:ENSG00000100982,PCIF1,True,True,3
HOTAIRM1,ENSEMBL:ENSG00000233429,HOTAIRM1,True,False,1
RABL2A,ENSEMBL:ENSG00000144134,RABL2A,True,False,2
PSTPIP2,ENSEMBL:ENSG00000152229,PSTPIP2,True,True,3
CEP57,ENSEMBL:ENSG00000166037,CEP57,True,False,1
LRRC10,ENSEMBL:ENSG00000198812,LRRC10,False,True,1
ZCCHC17,ENSEMBL:ENSG00000121766,ZCCHC17,True,False,2
FASTKD3,ENSEMBL:ENSG00000124279,FASTKD3,True,False,1
ERAP1,ENSEMBL:ENSG00000164307,ERAP1,True,True,7
FAAP20,ENSEMBL:ENSG00000162585,FAAP20,True,False,2
GPR146,ENSEMBL:ENSG00000164849,GPR146,True,True,4
TMEM98,ENSEMBL:ENSG00000006042,TMEM98,False,True,2
UGCG,ENSEMBL:ENSG00000148154,UGCG,True,True,2
FADD,ENSEMBL:ENSG00000168040,FADD,True,True,3
MTSS2,ENSEMBL:ENSG00000132613,MTSS2,True,True,2
ZNF567,ENSEMBL:ENSG00000189042,ZNF567,True,True,2
PTPN21,ENSEMBL:ENSG00000070778,PTPN21,True,False,1
KIAA0319L,ENSEMBL:ENSG00000142687,KIAA0319L,True,True,5
RELN,ENSEMBL:ENSG00000189056,RELN,False,True,2
TRIP11,ENSEMBL:ENSG00000100815,TRIP11,True,True,3
BRD4,ENSEMBL:ENSG00000141867,BRD4,True,True,4
STK10,ENSEMBL:ENSG00000072786,STK10,True,True,7
CALR,ENSEMBL:ENSG00000179218,CALR,True,True,7
CD151,ENSEMBL:ENSG00000177697,CD151,True,True,6
TBRG1,ENSEMBL:ENSG00000154144,TBRG1,True,True,3
LRP6,ENSEMBL:ENSG00000070018,LRP6,True,True,5
GMEB2,ENSEMBL:ENSG00000101216,GMEB2,True,False,1
DPH3,ENSEMBL:ENSG00000154813,DPH3,True,False,2
HCP5,ENSEMBL:ENSG00000206337,HCP5,True,False,2
MRPL38,ENSEMBL:ENSG00000204316,MRPL38,True,True,4
HSD3B7,ENSEMBL:ENSG00000099377,HSD3B7,True,True,3
CEP170,ENSEMBL:ENSG00000143702,CEP170,True,True,5
PAIP2,ENSEMBL:ENSG00000120727,PAIP2,True,True,5
DNAJC5,ENSEMBL:ENSG00000101152,DNAJC5,True,False,2
MRPL55,ENSEMBL:ENSG00000162910,MRPL55,True,True,4
NSMF,ENSEMBL:ENSG00000165802,NSMF,True,True,5
RGN,ENSEMBL:ENSG00000130988,RGN,True,True,2
ATP2B1,ENSEMBL:ENSG00000070961,ATP2B1,True,True,7
COL28A1,ENSEMBL:ENSG00000215018,COL28A1,True,True,2
MYO19,ENSEMBL:ENSG00000278259,MYO19,True,True,2
PYROXD1,ENSEMBL:ENSG00000121350,PYROXD1,True,False,1
LPO,ENSEMBL:ENSG00000167419,LPO,False,True,4
DDX18,ENSEMBL:ENSG00000088205,DDX18,True,False,1
CDC42SE2,ENSEMBL:ENSG00000158985,CDC42SE2,True,True,4
CILP2,ENSEMBL:ENSG00000160161,CILP2,False,True,3
HLA-C,ENSEMBL:ENSG00000204525,HLA-C,True,False,1
PRKAR2A,ENSEMBL:ENSG00000114302,PRKAR2A,True,True,3
ASAP1,ENSEMBL:ENSG00000153317,ASAP1,True,True,5
PAFAH1B1,ENSEMBL:ENSG00000007168,PAFAH1B1,True,True,2
LRRC32,ENSEMBL:ENSG00000137507,LRRC32,True,True,3
MMP12,ENSEMBL:ENSG00000262406,MMP12,False,True,6
ZNF91,ENSEMBL:ENSG00000167232,ZNF91,True,False,1
CAMSAP2,ENSEMBL:ENSG00000118200,CAMSAP2,True,True,4
CLDN5,ENSEMBL:ENSG00000184113,CLDN5,True,True,6
CDX1,ENSEMBL:ENSG00000113722,CDX1,False,True,1
DBT,ENSEMBL:ENSG00000137992,DBT,True,True,6
CD302,ENSEMBL:ENSG00000241399,CD302,False,True,2
CCNG2,ENSEMBL:ENSG00000138764,CCNG2,True,True,3
SERPINA11,ENSEMBL:ENSG00000186910,SERPINA11,False,True,2
FAM217B,ENSEMBL:ENSG00000196227,FAM217B,True,False,2
HSP90B1,ENSEMBL:ENSG00000166598,HSP90B1,True,True,3
RFX2,ENSEMBL:ENSG00000087903,RFX2,True,True,2
NKD1,ENSEMBL:ENSG00000140807,NKD1,True,True,5
LUM,ENSEMBL:ENSG00000139329,LUM,False,True,4
CYTOR,ENSEMBL:ENSG00000222041,CYTOR,True,False,1
TAOK1,ENSEMBL:ENSG00000160551,TAOK1,True,True,4
GP6,ENSEMBL:ENSG00000088053,GP6,True,True,3
CYYR1,ENSEMBL:ENSG00000166265,CYYR1,True,True,2
MRE11,ENSEMBL:ENSG00000020922,MRE11,True,True,4
MTA2,ENSEMBL:ENSG00000149480,MTA2,True,True,5
SLC25A15,ENSEMBL:ENSG00000102743,SLC25A15,True,True,3
CNR2,ENSEMBL:ENSG00000188822,CNR2,True,True,4
ADAR,ENSEMBL:ENSG00000160710,ADAR,True,True,4
FKBP1A,ENSEMBL:ENSG00000088832,FKBP1A,True,False,3
ENSEMBL:ENSG00000265399,ENSEMBL:ENSG00000265399,,True,False,1
MAL,ENSEMBL:ENSG00000172005,MAL,True,True,3
OLAH,ENSEMBL:ENSG00000152463,OLAH,True,True,2
SLC25A18,ENSEMBL:ENSG00000182902,SLC25A18,True,False,1
DENND4A,ENSEMBL:ENSG00000174485,DENND4A,True,True,4
MLPH,ENSEMBL:ENSG00000115648,MLPH,True,True,3
RPL23A,ENSEMBL:ENSG00000198242,RPL23A,True,True,4
SERPINB9P1,ENSEMBL:ENSG00000230438,SERPINB9P1,True,False,2
CDKN2D,ENSEMBL:ENSG00000129355,CDKN2D,True,False,1
ERP29,ENSEMBL:ENSG00000089248,ERP29,True,True,5
ZNFX1,ENSEMBL:ENSG00000124201,ZNFX1,True,True,5
ENSEMBL:ENSG00000262370,ENSEMBL:ENSG00000262370,,True,False,2
SURF4,ENSEMBL:ENSG00000148248,SURF4,True,True,4
SMIM12,ENSEMBL:ENSG00000163866,SMIM12,True,True,3
RN7SKP23,ENSEMBL:ENSG00000280039,RN7SKP23,True,False,1
GNL3,ENSEMBL:ENSG00000163938,GNL3,True,True,3
TRAPPC9,ENSEMBL:ENSG00000167632,TRAPPC9,True,True,3
PGM1,ENSEMBL:ENSG00000079739,PGM1,True,True,6
RPTOR,ENSEMBL:ENSG00000141564,RPTOR,True,True,4
MIB1,ENSEMBL:ENSG00000101752,MIB1,True,True,4
CHKB-CPT1B,ENSEMBL:ENSG00000254413,CHKB-CPT1B,True,False,1
HNRNPA1,ENSEMBL:ENSG00000135486,HNRNPA1,True,True,4
TRIOBP,ENSEMBL:ENSG00000100106,TRIOBP,True,True,5
RHOT1,ENSEMBL:ENSG00000126858,RHOT1,True,True,4
SLC9B2,ENSEMBL:ENSG00000164038,SLC9B2,True,False,1
NAALAD2,ENSEMBL:ENSG00000077616,NAALAD2,True,True,3
OTOP1,ENSEMBL:ENSG00000163982,OTOP1,False,True,2
TAGLN,ENSEMBL:ENSG00000149591,TAGLN,True,True,4
FAM215B,ENSEMBL:ENSG00000232300,FAM215B,True,False,1
MST1,ENSEMBL:ENSG00000173531,MST1,True,True,3
SMCO4,ENSEMBL:ENSG00000166002,SMCO4,True,True,2
SIGLEC10,ENSEMBL:ENSG00000142512,SIGLEC10,False,True,4
CENPBD1,ENSEMBL:ENSG00000177946,CENPBD1,True,False,1
MARK3,ENSEMBL:ENSG00000075413,MARK3,True,True,3
PALB2,ENSEMBL:ENSG00000083093,PALB2,True,False,1
MYO16,ENSEMBL:ENSG00000041515,MYO16,False,True,2
GNG2,ENSEMBL:ENSG00000186469,GNG2,True,True,3
ZFAND3,ENSEMBL:ENSG00000156639,ZFAND3,True,True,2
SLC38A3,ENSEMBL:ENSG00000188338,SLC38A3,True,True,5
GRAP2,ENSEMBL:ENSG00000100351,GRAP2,True,True,3
DOC2B,ENSEMBL:ENSG00000272636,DOC2B,True,False,1
SRL,ENSEMBL:ENSG00000185739,SRL,True,True,4
ZNF487,ENSEMBL:ENSG00000243660,ZNF487,True,False,1
TLR1,ENSEMBL:ENSG00000174125,TLR1,True,False,1
YAF2,ENSEMBL:ENSG00000015153,YAF2,True,True,2
CSRP1,ENSEMBL:ENSG00000159176,CSRP1,True,True,8
EGLN3,ENSEMBL:ENSG00000129521,EGLN3,True,True,4
FMNL2,ENSEMBL:ENSG00000157827,FMNL2,True,True,2
COQ7,ENSEMBL:ENSG00000167186,COQ7,True,True,7
FANCE,ENSEMBL:ENSG00000112039,FANCE,True,False,1
ANKRD50,ENSEMBL:ENSG00000151458,ANKRD50,False,True,3
PLIN1,ENSEMBL:ENSG00000166819,PLIN1,True,True,3
GFPT2,ENSEMBL:ENSG00000131459,GFPT2,False,True,3
ADAM28,ENSEMBL:ENSG00000042980,ADAM28,True,False,1
BLOC1S2,ENSEMBL:ENSG00000196072,BLOC1S2,True,False,1
ZHX3,ENSEMBL:ENSG00000174306,ZHX3,False,True,1
CRLF2,ENSEMBL:ENSG00000205755,CRLF2,False,True,1
LYRM7,ENSEMBL:ENSG00000186687,LYRM7,True,True,3
DNAJB3,ENSEMBL:ENSG00000227802,DNAJB3,False,True,1
PRAP1,ENSEMBL:ENSG00000165828,PRAP1,False,True,1
GALNT18,ENSEMBL:ENSG00000110328,GALNT18,True,True,3
ENTPD2,ENSEMBL:ENSG00000054179,ENTPD2,False,True,3
ERFE,ENSEMBL:ENSG00000178752,ERFE,True,True,3
CD99L2,ENSEMBL:ENSG00000102181,CD99L2,True,True,4
EPC2,ENSEMBL:ENSG00000135999,EPC2,True,False,2
SKIL,ENSEMBL:ENSG00000136603,SKIL,False,True,1
PDC-AS1,ENSEMBL:ENSG00000229739,PDC-AS1,True,False,1
MARVELD2,ENSEMBL:ENSG00000152939,MARVELD2,False,True,2
ENSEMBL:ENSG00000267127,ENSEMBL:ENSG00000267127,,True,False,1
CCDC93,ENSEMBL:ENSG00000125633,CCDC93,True,True,2
GPER1,ENSEMBL:ENSG00000164850,GPER1,True,False,2
HABP2,ENSEMBL:ENSG00000148702,HABP2,True,True,3
JKAMP,ENSEMBL:ENSG00000050130,JKAMP,True,False,2
TBC1D31,ENSEMBL:ENSG00000156787,TBC1D31,True,True,2
PREPL,ENSEMBL:ENSG00000138078,PREPL,True,True,4
POSTN,ENSEMBL:ENSG00000133110,POSTN,False,True,2
ZNF577,ENSEMBL:ENSG00000161551,ZNF577,True,False,1
INTS9,ENSEMBL:ENSG00000104299,INTS9,True,True,3
ENSEMBL:ENSG00000259495,ENSEMBL:ENSG00000259495,,True,False,1
DDX55,ENSEMBL:ENSG00000111364,DDX55,True,True,2
SEC31A,ENSEMBL:ENSG00000138674,SEC31A,True,True,4
MTHFD2,ENSEMBL:ENSG00000065911,MTHFD2,True,True,6
HOXB5,ENSEMBL:ENSG00000120075,HOXB5,True,True,3
GNMT,ENSEMBL:ENSG00000124713,GNMT,False,True,2
MSRB2,ENSEMBL:ENSG00000148450,MSRB2,True,True,5
HSD17B11,ENSEMBL:ENSG00000198189,HSD17B11,True,True,5
DESI2,ENSEMBL:ENSG00000121644,DESI2,True,False,1
APOH,ENSEMBL:ENSG00000091583,APOH,False,True,3
ZCCHC9,ENSEMBL:ENSG00000131732,ZCCHC9,True,False,1
PPM1F,ENSEMBL:ENSG00000100034,PPM1F,True,True,3
MEN1,ENSEMBL:ENSG00000133895,MEN1,True,False,2
ENSEMBL:ENSG00000237094,ENSEMBL:ENSG00000237094,,True,False,2
ZNF420,ENSEMBL:ENSG00000197050,ZNF420,True,True,3
PTPRT,ENSEMBL:ENSG00000196090,PTPRT,False,True,3
SLC25A38,ENSEMBL:ENSG00000144659,SLC25A38,True,True,3
ABHD11,ENSEMBL:ENSG00000106077,ABHD11,True,True,3
SYT5,ENSEMBL:ENSG00000129990,SYT5,False,True,1
GEMIN7,ENSEMBL:ENSG00000142252,GEMIN7,True,False,1
ENSEMBL:ENSG00000283662,ENSEMBL:ENSG00000283662,,True,False,1
FBH1,ENSEMBL:ENSG00000134452,FBH1,True,False,1
SRPX,ENSEMBL:ENSG00000101955,SRPX,False,True,5
TMEM154,ENSEMBL:ENSG00000170006,TMEM154,True,True,2
MAP3K6,ENSEMBL:ENSG00000142733,MAP3K6,True,True,4
PYGO1,ENSEMBL:ENSG00000171016,PYGO1,True,True,2
ERLEC1,ENSEMBL:ENSG00000068912,ERLEC1,True,True,2
RPS3,ENSEMBL:ENSG00000149273,RPS3,True,True,3
TMEM167B,ENSEMBL:ENSG00000215717,TMEM167B,True,False,2
PRUNE1,ENSEMBL:ENSG00000143363,PRUNE1,True,True,2
ECPAS,ENSEMBL:ENSG00000136813,ECPAS,False,True,3
FCGBP,ENSEMBL:ENSG00000275395,FCGBP,True,True,4
CCDC170,ENSEMBL:ENSG00000120262,CCDC170,False,True,2
AHI1,ENSEMBL:ENSG00000135541,AHI1,True,False,1
SVBP,ENSEMBL:ENSG00000177868,SVBP,True,False,1
PTOV1-AS2,ENSEMBL:ENSG00000269352,PTOV1-AS2,True,False,2
ERMAP,ENSEMBL:ENSG00000164010,ERMAP,True,True,2
JPH1,ENSEMBL:ENSG00000104369,JPH1,True,True,5
ABCC6,ENSEMBL:ENSG00000091262,ABCC6,True,True,3
EHD4,ENSEMBL:ENSG00000103966,EHD4,False,True,3
ICMT,ENSEMBL:ENSG00000116237,ICMT,True,False,2
OSTM1,ENSEMBL:ENSG00000081087,OSTM1,True,True,3
CPNE2,ENSEMBL:ENSG00000140848,CPNE2,True,True,2
NCBP2AS2,ENSEMBL:ENSG00000270170,NCBP2AS2,True,False,1
C1orf216,ENSEMBL:ENSG00000142686,C1orf216,True,False,2
GLRX5,ENSEMBL:ENSG00000182512,GLRX5,True,True,6
MSANTD3,ENSEMBL:ENSG00000066697,MSANTD3,False,True,2
NUP188,ENSEMBL:ENSG00000095319,NUP188,True,False,3
TKFC,ENSEMBL:ENSG00000149476,TKFC,True,True,5
TRAF1,ENSEMBL:ENSG00000056558,TRAF1,True,True,3
SAT2,ENSEMBL:ENSG00000141504,SAT2,True,True,5
LINC01359,ENSEMBL:ENSG00000226891,LINC01359,True,False,1
ANTXR2,ENSEMBL:ENSG00000163297,ANTXR2,True,True,3
TMEM117,ENSEMBL:ENSG00000139173,TMEM117,True,True,2
ARHGAP10,ENSEMBL:ENSG00000071205,ARHGAP10,True,True,3
PTK2B,ENSEMBL:ENSG00000120899,PTK2B,True,True,3
STAG3,ENSEMBL:ENSG00000066923,STAG3,True,False,1
CLIC4,ENSEMBL:ENSG00000169504,CLIC4,True,True,5
DHRS7,ENSEMBL:ENSG00000100612,DHRS7,True,True,3
MPP3,ENSEMBL:ENSG00000161647,MPP3,True,False,1
POLM,ENSEMBL:ENSG00000122678,POLM,True,False,1
ARAP1,ENSEMBL:ENSG00000186635,ARAP1,True,True,4
TACO1,ENSEMBL:ENSG00000136463,TACO1,True,True,4
ENSEMBL:ENSG00000279738,ENSEMBL:ENSG00000279738,,True,False,2
SAMD9,ENSEMBL:ENSG00000205413,SAMD9,True,True,3
MYO9A,ENSEMBL:ENSG00000066933,MYO9A,True,True,2
ENSEMBL:ENSG00000238035,ENSEMBL:ENSG00000238035,,True,False,2
ENO2,ENSEMBL:ENSG00000111674,ENO2,False,True,2
PHF13,ENSEMBL:ENSG00000116273,PHF13,True,True,2
TLN1,ENSEMBL:ENSG00000137076,TLN1,True,True,7
LYL1,ENSEMBL:ENSG00000104903,LYL1,True,True,4
ENSEMBL:ENSG00000248538,ENSEMBL:ENSG00000248538,,True,False,1
RPL3,ENSEMBL:ENSG00000100316,RPL3,True,True,4
TGM1,ENSEMBL:ENSG00000092295,TGM1,True,True,3
CHRNA10,ENSEMBL:ENSG00000129749,CHRNA10,True,False,1
CYP51A1,ENSEMBL:ENSG00000001630,CYP51A1,True,True,4
JMJD7,ENSEMBL:ENSG00000243789,JMJD7,False,True,1
WDR12,ENSEMBL:ENSG00000138442,WDR12,True,True,3
S100A12,ENSEMBL:ENSG00000163221,S100A12,True,False,1
VNN3,ENSEMBL:ENSG00000093134,VNN3,True,False,1
DOP1A,ENSEMBL:ENSG00000083097,DOP1A,True,True,3
ZFYVE28,ENSEMBL:ENSG00000159733,ZFYVE28,True,False,1
ARHGAP21,ENSEMBL:ENSG00000107863,ARHGAP21,True,True,8
B4GALT6,ENSEMBL:ENSG00000118276,B4GALT6,True,True,2
AQP7,ENSEMBL:ENSG00000165269,AQP7,True,True,3
SLC19A1,ENSEMBL:ENSG00000173638,SLC19A1,True,True,2
MZF1,ENSEMBL:ENSG00000099326,MZF1,True,False,1
UBASH3A,ENSEMBL:ENSG00000160185,UBASH3A,True,True,4
ST7,ENSEMBL:ENSG00000004866,ST7,False,True,2
C11orf96,ENSEMBL:ENSG00000187479,C11orf96,True,True,5
IST1,ENSEMBL:ENSG00000182149,IST1,True,False,2
ROCK1,ENSEMBL:ENSG00000067900,ROCK1,True,True,5
ANKRD39,ENSEMBL:ENSG00000213337,ANKRD39,True,False,1
GRHL1,ENSEMBL:ENSG00000134317,GRHL1,True,True,2
FOXJ2,ENSEMBL:ENSG00000065970,FOXJ2,True,True,3
KDELR1,ENSEMBL:ENSG00000105438,KDELR1,True,True,3
NKAIN2,ENSEMBL:ENSG00000188580,NKAIN2,True,False,1
HSPA9,ENSEMBL:ENSG00000113013,HSPA9,True,True,5
KLHL12,ENSEMBL:ENSG00000117153,KLHL12,True,False,1
EPHB2,ENSEMBL:ENSG00000133216,EPHB2,False,True,2
CCDC117,ENSEMBL:ENSG00000159873,CCDC117,True,True,3
NR0B1,ENSEMBL:ENSG00000169297,NR0B1,False,True,1
UPP1,ENSEMBL:ENSG00000183696,UPP1,True,True,5
BMP6,ENSEMBL:ENSG00000153162,BMP6,True,False,2
MPPED2,ENSEMBL:ENSG00000066382,MPPED2,False,True,3
TPT1,ENSEMBL:ENSG00000133112,TPT1,True,True,5
C8orf58,ENSEMBL:ENSG00000241852,C8orf58,False,True,2
DCBLD1,ENSEMBL:ENSG00000164465,DCBLD1,True,True,2
HMGCR,ENSEMBL:ENSG00000113161,HMGCR,True,True,3
MMP9,ENSEMBL:ENSG00000100985,MMP9,True,True,6
SORD,ENSEMBL:ENSG00000140263,SORD,True,True,4
LINC00174,ENSEMBL:ENSG00000179406,LINC00174,True,False,1
MRPS15,ENSEMBL:ENSG00000116898,MRPS15,False,True,5
LIMD1-AS1,ENSEMBL:ENSG00000230530,LIMD1-AS1,True,False,1
GTF2H1,ENSEMBL:ENSG00000110768,GTF2H1,True,False,1
TPGS2,ENSEMBL:ENSG00000134779,TPGS2,True,True,2
SPTBN4,ENSEMBL:ENSG00000160460,SPTBN4,True,False,1
ABCG2,ENSEMBL:ENSG00000118777,ABCG2,False,True,3
LRIG3,ENSEMBL:ENSG00000139263,LRIG3,True,True,3
GSTP1,ENSEMBL:ENSG00000084207,GSTP1,True,True,5
USF1,ENSEMBL:ENSG00000158773,USF1,True,False,2
PSMD4,ENSEMBL:ENSG00000159352,PSMD4,True,True,4
ENSEMBL:ENSG00000272037,ENSEMBL:ENSG00000272037,,True,False,1
MEGF8,ENSEMBL:ENSG00000105429,MEGF8,True,True,5
LINC02256,ENSEMBL:ENSG00000289083,LINC02256,True,False,1
POC5,ENSEMBL:ENSG00000152359,POC5,True,False,1
DPM2,ENSEMBL:ENSG00000136908,DPM2,True,True,3
ZNF75A,ENSEMBL:ENSG00000162086,ZNF75A,True,False,2
ENSEMBL:ENSG00000272941,ENSEMBL:ENSG00000272941,,True,False,1
MRPL58,ENSEMBL:ENSG00000167862,MRPL58,False,True,2
TRIM47,ENSEMBL:ENSG00000132481,TRIM47,False,True,2
FAS,ENSEMBL:ENSG00000026103,FAS,True,True,3
LAD1,ENSEMBL:ENSG00000159166,LAD1,True,True,2
EIF2S2,ENSEMBL:ENSG00000125977,EIF2S2,True,True,2
NSUN5,ENSEMBL:ENSG00000130305,NSUN5,True,False,1
RGS10,ENSEMBL:ENSG00000148908,RGS10,True,True,4
RPL22,ENSEMBL:ENSG00000116251,RPL22,True,True,4
LSM8,ENSEMBL:ENSG00000128534,LSM8,True,False,1
ACOT1,ENSEMBL:ENSG00000184227,ACOT1,False,True,1
ZNF528,ENSEMBL:ENSG00000167555,ZNF528,True,False,2
ENSEMBL:ENSG00000264490,ENSEMBL:ENSG00000264490,,True,False,1
CDH11,ENSEMBL:ENSG00000140937,CDH11,True,True,3
ZNF217,ENSEMBL:ENSG00000171940,ZNF217,True,True,2
PLGLB2,ENSEMBL:ENSG00000125551,PLGLB2,True,False,1
FADS6,ENSEMBL:ENSG00000172782,FADS6,False,True,2
RARRES1,ENSEMBL:ENSG00000118849,RARRES1,False,True,3
SHC1,ENSEMBL:ENSG00000160691,SHC1,False,True,4
ATP5MC2,ENSEMBL:ENSG00000135390,ATP5MC2,True,True,4
BBC3,ENSEMBL:ENSG00000105327,BBC3,True,False,2
FOXD2-AS1,ENSEMBL:ENSG00000237424,FOXD2-AS1,True,False,1
VIL1,ENSEMBL:ENSG00000127831,VIL1,False,True,2
GMDS,ENSEMBL:ENSG00000112699,GMDS,False,True,2
TRIM14,ENSEMBL:ENSG00000106785,TRIM14,True,True,5
FOXM1,ENSEMBL:ENSG00000111206,FOXM1,True,True,2
POU2AF1,ENSEMBL:ENSG00000110777,POU2AF1,True,True,6
HOXC4,ENSEMBL:ENSG00000198353,HOXC4,True,True,3
RPL5,ENSEMBL:ENSG00000122406,RPL5,True,True,2
HPS4,ENSEMBL:ENSG00000100099,HPS4,True,False,1
ADRA2B,ENSEMBL:ENSG00000274286,ADRA2B,True,False,1
AMACR,ENSEMBL:ENSG00000242110,AMACR,True,True,2
NPIPP1,ENSEMBL:ENSG00000188599,NPIPP1,True,False,2
GRTP1,ENSEMBL:ENSG00000139835,GRTP1,True,True,3
NNT,ENSEMBL:ENSG00000112992,NNT,False,True,4
CHRM3-AS2,ENSEMBL:ENSG00000233355,CHRM3-AS2,True,False,1
VAT1,ENSEMBL:ENSG00000108828,VAT1,False,True,4
LTO1,ENSEMBL:ENSG00000149716,LTO1,True,False,1
RBL1,ENSEMBL:ENSG00000080839,RBL1,True,True,2
CD79A,ENSEMBL:ENSG00000105369,CD79A,True,True,6
CNST,ENSEMBL:ENSG00000162852,CNST,True,True,5
SPSB4,ENSEMBL:ENSG00000175093,SPSB4,True,True,3
ENSEMBL:ENSG00000167912,ENSEMBL:ENSG00000167912,,True,False,1
PPFIA1,ENSEMBL:ENSG00000131626,PPFIA1,True,True,4
NDUFV3,ENSEMBL:ENSG00000160194,NDUFV3,True,True,7
FAM135A,ENSEMBL:ENSG00000082269,FAM135A,True,True,2
FMO5,ENSEMBL:ENSG00000131781,FMO5,False,True,1
ZBED4,ENSEMBL:ENSG00000100426,ZBED4,True,False,1
ANXA6,ENSEMBL:ENSG00000197043,ANXA6,True,True,5
REPS1,ENSEMBL:ENSG00000135597,REPS1,True,False,1
HBQ1,ENSEMBL:ENSG00000086506,HBQ1,True,True,3
GNAZ,ENSEMBL:ENSG00000128266,GNAZ,True,True,3
FFAR4,ENSEMBL:ENSG00000186188,FFAR4,False,True,2
ALDH3A1,ENSEMBL:ENSG00000108602,ALDH3A1,False,True,2
ZNF777,ENSEMBL:ENSG00000196453,ZNF777,True,False,2
PEA15,ENSEMBL:ENSG00000162734,PEA15,True,True,4
CAMK4,ENSEMBL:ENSG00000152495,CAMK4,True,True,4
FCHSD1,ENSEMBL:ENSG00000197948,FCHSD1,True,True,2
ENPP4,ENSEMBL:ENSG00000001561,ENPP4,True,True,4
C16orf74,ENSEMBL:ENSG00000154102,C16orf74,True,True,2
DDX11,ENSEMBL:ENSG00000013573,DDX11,True,True,3
MORF4L1,ENSEMBL:ENSG00000185787,MORF4L1,True,True,2
LILRA2,ENSEMBL:ENSG00000239998,LILRA2,True,False,1
NAA25,ENSEMBL:ENSG00000111300,NAA25,True,True,3
FBXW8,ENSEMBL:ENSG00000174989,FBXW8,True,False,1
ENOPH1,ENSEMBL:ENSG00000145293,ENOPH1,False,True,2
CAPN10,ENSEMBL:ENSG00000142330,CAPN10,True,True,2
UQCC3,ENSEMBL:ENSG00000204922,UQCC3,True,True,2
VGLL4,ENSEMBL:ENSG00000144560,VGLL4,True,True,4
NIBAN1,ENSEMBL:ENSG00000135842,NIBAN1,True,True,7
ERLIN1,ENSEMBL:ENSG00000107566,ERLIN1,True,True,5
CCN3,ENSEMBL:ENSG00000136999,CCN3,True,True,3
FAM110A,ENSEMBL:ENSG00000125898,FAM110A,True,True,3
SMOC2,ENSEMBL:ENSG00000112562,SMOC2,True,True,4
SLC16A7,ENSEMBL:ENSG00000118596,SLC16A7,True,True,3
AKR1D1,ENSEMBL:ENSG00000122787,AKR1D1,False,True,2
PCED1B-AS1,ENSEMBL:ENSG00000247774,PCED1B-AS1,True,False,1
GIT2,ENSEMBL:ENSG00000139436,GIT2,True,True,5
ATP1A3,ENSEMBL:ENSG00000105409,ATP1A3,True,True,5
ZNF593,ENSEMBL:ENSG00000142684,ZNF593,True,False,1
VBP1,ENSEMBL:ENSG00000155959,VBP1,False,True,5
TMEM214,ENSEMBL:ENSG00000119777,TMEM214,True,True,3
AKR7A3,ENSEMBL:ENSG00000162482,AKR7A3,False,True,4
ACAP2,ENSEMBL:ENSG00000114331,ACAP2,True,True,4
UBL5,ENSEMBL:ENSG00000198258,UBL5,False,True,3
NDUFB11,ENSEMBL:ENSG00000147123,NDUFB11,True,True,7
NDRG4,ENSEMBL:ENSG00000103034,NDRG4,True,True,3
PLAAT4,ENSEMBL:ENSG00000133321,PLAAT4,True,False,1
LOXL2,ENSEMBL:ENSG00000134013,LOXL2,True,True,3
ENSEMBL:ENSG00000284946,ENSEMBL:ENSG00000284946,,True,False,1
ZFYVE16,ENSEMBL:ENSG00000039319,ZFYVE16,True,True,2
H3P6,ENSEMBL:ENSG00000235655,H3P6,True,False,1
HCAR3,ENSEMBL:ENSG00000255398,HCAR3,True,False,1
KLHL23,ENSEMBL:ENSG00000213160,KLHL23,True,True,2
SBDSP1,ENSEMBL:ENSG00000225648,SBDSP1,True,False,1
LIN9,ENSEMBL:ENSG00000183814,LIN9,True,False,1
PPP1CA,ENSEMBL:ENSG00000172531,PPP1CA,True,True,4
ORAI3,ENSEMBL:ENSG00000175938,ORAI3,True,False,1
ZNF76,ENSEMBL:ENSG00000065029,ZNF76,True,True,3
C1orf35,ENSEMBL:ENSG00000143793,C1orf35,True,False,1
TNNI2,ENSEMBL:ENSG00000130598,TNNI2,True,True,3
GAL3ST1,ENSEMBL:ENSG00000128242,GAL3ST1,False,True,2
HCAR1,ENSEMBL:ENSG00000196917,HCAR1,False,True,1
MMP7,ENSEMBL:ENSG00000137673,MMP7,False,True,1
AMY2B,ENSEMBL:ENSG00000240038,AMY2B,True,False,1
ZMAT5,ENSEMBL:ENSG00000100319,ZMAT5,True,True,2
XK,ENSEMBL:ENSG00000047597,XK,True,True,4
RAPGEF6,ENSEMBL:ENSG00000158987,RAPGEF6,True,True,5
DNAJC15,ENSEMBL:ENSG00000120675,DNAJC15,True,True,5
GFRA3,ENSEMBL:ENSG00000146013,GFRA3,False,True,5
ARL11,ENSEMBL:ENSG00000152213,ARL11,True,True,4
APPL2,ENSEMBL:ENSG00000136044,APPL2,True,True,4
NRG4,ENSEMBL:ENSG00000169752,NRG4,True,True,4
MYH11,ENSEMBL:ENSG00000133392,MYH11,True,True,4
SRGAP1,ENSEMBL:ENSG00000196935,SRGAP1,True,False,1
LAIR1,ENSEMBL:ENSG00000167613,LAIR1,True,False,1
ARHGAP35,ENSEMBL:ENSG00000160007,ARHGAP35,True,True,2
FGD5,ENSEMBL:ENSG00000154783,FGD5,False,True,3
DDX19A,ENSEMBL:ENSG00000168872,DDX19A,True,False,1
ACYP1,ENSEMBL:ENSG00000119640,ACYP1,True,True,2
CDC23,ENSEMBL:ENSG00000094880,CDC23,True,False,1
REV3L,ENSEMBL:ENSG00000009413,REV3L,True,False,2
ITGB7,ENSEMBL:ENSG00000139626,ITGB7,True,True,5
IL6ST,ENSEMBL:ENSG00000134352,IL6ST,True,True,4
C8orf82,ENSEMBL:ENSG00000213563,C8orf82,True,True,7
RPS9,ENSEMBL:ENSG00000170889,RPS9,False,True,3
EXOC1,ENSEMBL:ENSG00000090989,EXOC1,True,True,4
ATG2B,ENSEMBL:ENSG00000066739,ATG2B,True,False,2
ZNF431,ENSEMBL:ENSG00000196705,ZNF431,True,False,1
ARMCX6,ENSEMBL:ENSG00000198960,ARMCX6,True,False,1
RRP7A,ENSEMBL:ENSG00000189306,RRP7A,True,False,2
RAB37,ENSEMBL:ENSG00000172794,RAB37,True,False,1
HDHD3,ENSEMBL:ENSG00000119431,HDHD3,False,True,3
RETN,ENSEMBL:ENSG00000104918,RETN,True,True,5
ESYT3,ENSEMBL:ENSG00000158220,ESYT3,True,True,2
PLCG1,ENSEMBL:ENSG00000124181,PLCG1,True,True,4
SPATA13,ENSEMBL:ENSG00000182957,SPATA13,True,False,2
PPIL1,ENSEMBL:ENSG00000137168,PPIL1,True,True,3
DMAC2L,ENSEMBL:ENSG00000125375,DMAC2L,True,True,4
HMGCL,ENSEMBL:ENSG00000117305,HMGCL,True,True,6
CARD9,ENSEMBL:ENSG00000187796,CARD9,False,True,2
MAN1C1,ENSEMBL:ENSG00000117643,MAN1C1,True,False,2
ENSEMBL:ENSG00000240219,ENSEMBL:ENSG00000240219,,True,False,1
IGSF1,ENSEMBL:ENSG00000147255,IGSF1,False,True,1
ACSM1,ENSEMBL:ENSG00000166743,ACSM1,False,True,3
ENSEMBL:ENSG00000289466,ENSEMBL:ENSG00000289466,,True,False,1
SDF4,ENSEMBL:ENSG00000078808,SDF4,True,True,7
ABCC5,ENSEMBL:ENSG00000114770,ABCC5,True,True,4
CRIP2,ENSEMBL:ENSG00000182809,CRIP2,True,True,3
HFM1,ENSEMBL:ENSG00000162669,HFM1,True,False,1
MIR181C,ENSEMBL:ENSG00000207613,MIR181C,False,True,3
PRRC2B,ENSEMBL:ENSG00000288701,PRRC2B,True,True,3
ZNF189,ENSEMBL:ENSG00000136870,ZNF189,True,True,2
ABHD3,ENSEMBL:ENSG00000158201,ABHD3,True,True,3
MRPL20-AS1,ENSEMBL:ENSG00000224870,MRPL20-AS1,True,False,1
RPS27A,ENSEMBL:ENSG00000143947,RPS27A,True,True,4
ZDHHC3,ENSEMBL:ENSG00000163812,ZDHHC3,True,True,3
MCUR1,ENSEMBL:ENSG00000050393,MCUR1,True,True,5
PHB,ENSEMBL:ENSG00000167085,PHB,True,True,9
TBC1D2B,ENSEMBL:ENSG00000167202,TBC1D2B,True,True,4
HERC2P9,ENSEMBL:ENSG00000206149,HERC2P9,True,False,1
ENOX1,ENSEMBL:ENSG00000120658,ENOX1,True,True,3
CA3,ENSEMBL:ENSG00000164879,CA3,True,True,3
NFYC,ENSEMBL:ENSG00000066136,NFYC,True,True,4
TDRP,ENSEMBL:ENSG00000180190,TDRP,True,True,2
GMPR2,ENSEMBL:ENSG00000100938,GMPR2,True,True,3
CRTAC1,ENSEMBL:ENSG00000095713,CRTAC1,False,True,1
MAN2B1,ENSEMBL:ENSG00000104774,MAN2B1,False,True,3
POLD3,ENSEMBL:ENSG00000077514,POLD3,True,False,2
ACMSD,ENSEMBL:ENSG00000153086,ACMSD,False,True,2
CCT4,ENSEMBL:ENSG00000115484,CCT4,True,True,3
DNAJC2,ENSEMBL:ENSG00000105821,DNAJC2,True,False,3
GAL3ST3,ENSEMBL:ENSG00000175229,GAL3ST3,True,False,1
CES2,ENSEMBL:ENSG00000172831,CES2,True,False,2
PFN1,ENSEMBL:ENSG00000108518,PFN1,True,True,6
DOCK4,ENSEMBL:ENSG00000128512,DOCK4,True,True,3
LTB,ENSEMBL:ENSG00000204487,LTB,False,True,5
ASS1,ENSEMBL:ENSG00000130707,ASS1,False,True,5
NOP2,ENSEMBL:ENSG00000111641,NOP2,True,True,2
ETV5,ENSEMBL:ENSG00000244405,ETV5,False,True,4
HOXB4,ENSEMBL:ENSG00000182742,HOXB4,True,True,5
COPZ1,ENSEMBL:ENSG00000111481,COPZ1,False,True,3
TC2N,ENSEMBL:ENSG00000165929,TC2N,True,True,4
PYCARD,ENSEMBL:ENSG00000103490,PYCARD,False,True,3
PPP1R36,ENSEMBL:ENSG00000165807,PPP1R36,False,True,1
SNX21,ENSEMBL:ENSG00000124104,SNX21,True,True,3
ENSEMBL:ENSG00000234338,ENSEMBL:ENSG00000234338,,True,False,1
CWF19L2,ENSEMBL:ENSG00000152404,CWF19L2,True,False,1
ACER3,ENSEMBL:ENSG00000078124,ACER3,False,True,1
DARS1,ENSEMBL:ENSG00000115866,DARS1,True,False,1
WIPF2,ENSEMBL:ENSG00000171475,WIPF2,True,True,3
CEP170B,ENSEMBL:ENSG00000099814,CEP170B,True,True,7
NXPE3,ENSEMBL:ENSG00000144815,NXPE3,True,False,1
GPRC5B,ENSEMBL:ENSG00000167191,GPRC5B,True,True,5
ZC3H7B,ENSEMBL:ENSG00000100403,ZC3H7B,True,True,3
COG3,ENSEMBL:ENSG00000136152,COG3,True,False,1
NUP93,ENSEMBL:ENSG00000102900,NUP93,True,True,2
CHID1,ENSEMBL:ENSG00000177830,CHID1,True,True,5
LETM1,ENSEMBL:ENSG00000168924,LETM1,True,True,7
JPT2,ENSEMBL:ENSG00000206053,JPT2,True,True,4
GLYR1,ENSEMBL:ENSG00000140632,GLYR1,True,True,3
IL15,ENSEMBL:ENSG00000164136,IL15,True,True,3
PIGL,ENSEMBL:ENSG00000108474,PIGL,True,False,1
YRDC,ENSEMBL:ENSG00000196449,YRDC,True,False,2
KLHL7,ENSEMBL:ENSG00000122550,KLHL7,True,False,1
SF3B1,ENSEMBL:ENSG00000115524,SF3B1,True,True,6
POLR3D,ENSEMBL:ENSG00000168495,POLR3D,True,False,1
TTC28,ENSEMBL:ENSG00000100154,TTC28,True,True,3
MIR9-3HG,ENSEMBL:ENSG00000255571,MIR9-3HG,True,False,1
ZNF471,ENSEMBL:ENSG00000196263,ZNF471,True,True,2
ZNF37A,ENSEMBL:ENSG00000075407,ZNF37A,True,False,2
VPS72,ENSEMBL:ENSG00000163159,VPS72,True,True,3
XPC-AS1,ENSEMBL:ENSG00000228242,XPC-AS1,True,False,1
ZNF469,ENSEMBL:ENSG00000225614,ZNF469,True,False,2
RBSN,ENSEMBL:ENSG00000131381,RBSN,True,True,3
DCXR,ENSEMBL:ENSG00000169738,DCXR,True,True,3
DEGS2,ENSEMBL:ENSG00000168350,DEGS2,True,True,2
PCK1,ENSEMBL:ENSG00000124253,PCK1,False,True,5
ENSEMBL:ENSG00000268205,ENSEMBL:ENSG00000268205,,True,False,1
STK36,ENSEMBL:ENSG00000163482,STK36,True,False,1
HES6,ENSEMBL:ENSG00000144485,HES6,True,True,4
ENSEMBL:ENSG00000273270,ENSEMBL:ENSG00000273270,,True,False,2
ZIC4,ENSEMBL:ENSG00000174963,ZIC4,True,False,1
DUSP3,ENSEMBL:ENSG00000108861,DUSP3,True,True,4
NOC2L,ENSEMBL:ENSG00000188976,NOC2L,True,False,3
TM9SF1,ENSEMBL:ENSG00000100926,TM9SF1,False,True,2
PRR14,ENSEMBL:ENSG00000156858,PRR14,True,False,2
KIF21A,ENSEMBL:ENSG00000139116,KIF21A,True,True,2
SCML4,ENSEMBL:ENSG00000146285,SCML4,True,True,4
PLAT,ENSEMBL:ENSG00000104368,PLAT,True,True,2
PRC1,ENSEMBL:ENSG00000198901,PRC1,False,True,2
ABHD12,ENSEMBL:ENSG00000100997,ABHD12,True,True,5
MUC20-OT1,ENSEMBL:ENSG00000242086,MUC20-OT1,True,False,1
TSC22D4,ENSEMBL:ENSG00000166925,TSC22D4,True,False,2
GPIHBP1,ENSEMBL:ENSG00000277494,GPIHBP1,True,True,3
PPCDC,ENSEMBL:ENSG00000138621,PPCDC,True,True,3
ENSEMBL:ENSG00000279500,ENSEMBL:ENSG00000279500,,True,False,1
PRKACA,ENSEMBL:ENSG00000072062,PRKACA,True,True,5
PEAR1,ENSEMBL:ENSG00000187800,PEAR1,True,True,2
CCDC121,ENSEMBL:ENSG00000176714,CCDC121,True,False,1
PRKACB,ENSEMBL:ENSG00000142875,PRKACB,True,True,3
FHIP1B,ENSEMBL:ENSG00000051009,FHIP1B,True,True,3
RCBTB2,ENSEMBL:ENSG00000136161,RCBTB2,True,True,5
NPTN,ENSEMBL:ENSG00000156642,NPTN,True,True,3
ADAMTS8,ENSEMBL:ENSG00000134917,ADAMTS8,True,True,2
OTX1,ENSEMBL:ENSG00000115507,OTX1,True,False,1
ZMYM1,ENSEMBL:ENSG00000197056,ZMYM1,True,False,1
TSN,ENSEMBL:ENSG00000211460,TSN,True,True,5
TNRC18,ENSEMBL:ENSG00000182095,TNRC18,True,True,3
TRAF6,ENSEMBL:ENSG00000175104,TRAF6,True,False,1
PLPP5,ENSEMBL:ENSG00000147535,PLPP5,True,True,3
ACTA2-AS1,ENSEMBL:ENSG00000180139,ACTA2-AS1,True,False,2
ENSEMBL:ENSG00000285979,ENSEMBL:ENSG00000285979,,True,False,1
GNAI2,ENSEMBL:ENSG00000114353,GNAI2,True,True,6
ENSEMBL:ENSG00000260279,ENSEMBL:ENSG00000260279,,True,False,1
ITGB3,ENSEMBL:ENSG00000259207,ITGB3,True,True,5
GNG11,ENSEMBL:ENSG00000127920,GNG11,True,True,5
PTPN22,ENSEMBL:ENSG00000134242,PTPN22,False,True,5
MRPS31,ENSEMBL:ENSG00000102738,MRPS31,True,True,4
PRPF4B,ENSEMBL:ENSG00000112739,PRPF4B,True,True,4
GPX8,ENSEMBL:ENSG00000164294,GPX8,False,True,2
PCMTD2,ENSEMBL:ENSG00000203880,PCMTD2,True,True,4
ADAMTS17,ENSEMBL:ENSG00000140470,ADAMTS17,True,True,2
RPUSD1,ENSEMBL:ENSG00000007376,RPUSD1,True,True,3
INPP5B,ENSEMBL:ENSG00000204084,INPP5B,True,True,4
E2F1,ENSEMBL:ENSG00000101412,E2F1,True,True,4
LRIF1,ENSEMBL:ENSG00000121931,LRIF1,True,True,4
CD38,ENSEMBL:ENSG00000004468,CD38,True,True,7
RPL10A,ENSEMBL:ENSG00000198755,RPL10A,True,True,4
LINC00861,ENSEMBL:ENSG00000245164,LINC00861,True,False,1
VPS37C,ENSEMBL:ENSG00000167987,VPS37C,True,True,3
SENP2,ENSEMBL:ENSG00000163904,SENP2,True,False,1
ATP6V1A,ENSEMBL:ENSG00000114573,ATP6V1A,True,False,1
CHD7,ENSEMBL:ENSG00000171316,CHD7,True,True,5
CALM2,ENSEMBL:ENSG00000143933,CALM2,True,True,3
TXNRD2,ENSEMBL:ENSG00000184470,TXNRD2,True,True,6
ERCC6L2,ENSEMBL:ENSG00000182150,ERCC6L2,True,False,1
SEPTIN7,ENSEMBL:ENSG00000122545,SEPTIN7,True,True,3
RALY,ENSEMBL:ENSG00000125970,RALY,True,True,4
HIVEP3,ENSEMBL:ENSG00000127124,HIVEP3,True,True,4
RFX7,ENSEMBL:ENSG00000181827,RFX7,True,False,2
SLAMF8,ENSEMBL:ENSG00000158714,SLAMF8,True,True,3
NOS2,ENSEMBL:ENSG00000007171,NOS2,True,True,2
GPAA1,ENSEMBL:ENSG00000197858,GPAA1,True,True,3
IL1R2,ENSEMBL:ENSG00000115590,IL1R2,True,True,3
ADIPOQ,ENSEMBL:ENSG00000181092,ADIPOQ,False,True,2
MFSD14B,ENSEMBL:ENSG00000148110,MFSD14B,True,False,1
SRD5A1,ENSEMBL:ENSG00000145545,SRD5A1,False,True,4
GOLGA6L9,ENSEMBL:ENSG00000197978,GOLGA6L9,True,False,1
TMEM199,ENSEMBL:ENSG00000244045,TMEM199,True,False,1
MIA2,ENSEMBL:ENSG00000150527,MIA2,True,True,5
TRPM6,ENSEMBL:ENSG00000119121,TRPM6,True,True,3
IL1B,ENSEMBL:ENSG00000125538,IL1B,True,True,3
RAD21,ENSEMBL:ENSG00000164754,RAD21,True,False,1
NMI,ENSEMBL:ENSG00000123609,NMI,True,False,2
FBRS,ENSEMBL:ENSG00000156860,FBRS,True,False,2
OAT,ENSEMBL:ENSG00000065154,OAT,True,True,5
RAB6A,ENSEMBL:ENSG00000175582,RAB6A,True,True,3
CARD8,ENSEMBL:ENSG00000105483,CARD8,True,False,1
STOML2,ENSEMBL:ENSG00000165283,STOML2,False,True,5
RBMS2,ENSEMBL:ENSG00000076067,RBMS2,True,True,3
KLHDC10,ENSEMBL:ENSG00000128607,KLHDC10,False,True,2
RPS27,ENSEMBL:ENSG00000177954,RPS27,True,True,5
HERC2P3,ENSEMBL:ENSG00000180229,HERC2P3,True,False,1
ZNF71,ENSEMBL:ENSG00000197951,ZNF71,True,False,1
AGPAT2,ENSEMBL:ENSG00000169692,AGPAT2,True,True,5
NPY,ENSEMBL:ENSG00000122585,NPY,True,True,4
RAP2C,ENSEMBL:ENSG00000123728,RAP2C,True,False,1
ICAM3,ENSEMBL:ENSG00000076662,ICAM3,True,False,1
CDKN2C,ENSEMBL:ENSG00000123080,CDKN2C,False,True,3
ATXN1,ENSEMBL:ENSG00000124788,ATXN1,True,True,4
SHKBP1,ENSEMBL:ENSG00000160410,SHKBP1,True,False,2
NANS,ENSEMBL:ENSG00000095380,NANS,True,True,4
LRWD1,ENSEMBL:ENSG00000161036,LRWD1,True,False,2
MYO5A,ENSEMBL:ENSG00000197535,MYO5A,True,True,5
ARX,ENSEMBL:ENSG00000004848,ARX,True,False,1
CTSA,ENSEMBL:ENSG00000064601,CTSA,True,True,6
CCDC14,ENSEMBL:ENSG00000175455,CCDC14,True,False,1
CD27,ENSEMBL:ENSG00000139193,CD27,True,True,4
CRKL,ENSEMBL:ENSG00000099942,CRKL,True,False,1
FBXO33,ENSEMBL:ENSG00000165355,FBXO33,True,False,1
SLC12A8,ENSEMBL:ENSG00000221955,SLC12A8,False,True,1
SLPI,ENSEMBL:ENSG00000124107,SLPI,False,True,4
ZNF683,ENSEMBL:ENSG00000176083,ZNF683,True,False,1
C11orf98,ENSEMBL:ENSG00000278615,C11orf98,True,False,2
NUDCD2,ENSEMBL:ENSG00000170584,NUDCD2,True,True,2
SMPDL3B,ENSEMBL:ENSG00000130768,SMPDL3B,False,True,4
COPS3,ENSEMBL:ENSG00000141030,COPS3,True,True,3
SCNM1,ENSEMBL:ENSG00000163156,SCNM1,True,False,1
FAM126A,ENSEMBL:ENSG00000122591,FAM126A,True,True,4
GPR88,ENSEMBL:ENSG00000181656,GPR88,False,True,3
PSMA1,ENSEMBL:ENSG00000129084,PSMA1,True,True,3
ENTPD5,ENSEMBL:ENSG00000187097,ENTPD5,True,True,6
KIF5A,ENSEMBL:ENSG00000155980,KIF5A,False,True,1
ZMAT1,ENSEMBL:ENSG00000166432,ZMAT1,True,False,2
DMRTB1,ENSEMBL:ENSG00000143006,DMRTB1,False,True,1
KRT1,ENSEMBL:ENSG00000167768,KRT1,True,True,3
NFATC4,ENSEMBL:ENSG00000100968,NFATC4,True,True,3
GFUS,ENSEMBL:ENSG00000104522,GFUS,True,True,2
S100A8,ENSEMBL:ENSG00000143546,S100A8,True,True,2
DLG3,ENSEMBL:ENSG00000082458,DLG3,True,True,2
CEBPZ,ENSEMBL:ENSG00000115816,CEBPZ,True,True,2
RPL13A,ENSEMBL:ENSG00000142541,RPL13A,True,True,7
ENSEMBL:ENSG00000289273,ENSEMBL:ENSG00000289273,,True,False,1
ADAMTSL3,ENSEMBL:ENSG00000156218,ADAMTSL3,False,True,2
ENSEMBL:ENSG00000262420,ENSEMBL:ENSG00000262420,,True,False,1
NFAT5,ENSEMBL:ENSG00000102908,NFAT5,True,True,5
KCTD20,ENSEMBL:ENSG00000112078,KCTD20,True,False,1
SNX11,ENSEMBL:ENSG00000002919,SNX11,True,False,2
ABCB11,ENSEMBL:ENSG00000276582,ABCB11,False,True,3
PILRA,ENSEMBL:ENSG00000085514,PILRA,True,False,2
TM9SF2,ENSEMBL:ENSG00000125304,TM9SF2,True,False,2
TMEM144,ENSEMBL:ENSG00000164124,TMEM144,True,True,2
POU2F1,ENSEMBL:ENSG00000143190,POU2F1,True,False,1
TOE1,ENSEMBL:ENSG00000132773,TOE1,True,True,4
HNMT,ENSEMBL:ENSG00000150540,HNMT,False,True,1
FUT7,ENSEMBL:ENSG00000180549,FUT7,True,False,1
KCNMA1,ENSEMBL:ENSG00000156113,KCNMA1,False,True,2
ASB4,ENSEMBL:ENSG00000005981,ASB4,True,False,1
P2RY6,ENSEMBL:ENSG00000171631,P2RY6,True,True,4
FAF1,ENSEMBL:ENSG00000185104,FAF1,True,False,2
NLRP2,ENSEMBL:ENSG00000022556,NLRP2,True,False,1
EPHB6,ENSEMBL:ENSG00000106123,EPHB6,False,True,1
HSBP1,ENSEMBL:ENSG00000230989,HSBP1,True,True,3
C4BPA,ENSEMBL:ENSG00000123838,C4BPA,False,True,1
TAF9,ENSEMBL:ENSG00000273841,TAF9,True,True,3
PIGB,ENSEMBL:ENSG00000069943,PIGB,True,False,1
SSTR3,ENSEMBL:ENSG00000278195,SSTR3,False,True,3
NIT1,ENSEMBL:ENSG00000158793,NIT1,True,True,3
BICC1,ENSEMBL:ENSG00000122870,BICC1,True,True,4
LY86,ENSEMBL:ENSG00000112799,LY86,False,True,3
ERBIN,ENSEMBL:ENSG00000112851,ERBIN,True,True,3
PSAP,ENSEMBL:ENSG00000197746,PSAP,True,True,9
KCNT1,ENSEMBL:ENSG00000107147,KCNT1,False,True,1
MORC2,ENSEMBL:ENSG00000133422,MORC2,True,False,2
ADRA1A,ENSEMBL:ENSG00000120907,ADRA1A,False,True,2
SPTLC1,ENSEMBL:ENSG00000090054,SPTLC1,True,True,3
RPE,ENSEMBL:ENSG00000197713,RPE,True,True,3
ZNF727,ENSEMBL:ENSG00000214652,ZNF727,True,False,1
TERF2IP,ENSEMBL:ENSG00000166848,TERF2IP,True,False,2
ENSEMBL:ENSG00000278993,ENSEMBL:ENSG00000278993,,True,False,1
BZW1P2,ENSEMBL:ENSG00000198406,BZW1P2,True,False,1
CMTM2,ENSEMBL:ENSG00000140932,CMTM2,True,False,1
SP8,ENSEMBL:ENSG00000164651,SP8,False,True,1
MECP2,ENSEMBL:ENSG00000169057,MECP2,True,False,2
CEP128,ENSEMBL:ENSG00000100629,CEP128,False,True,2
ENSEMBL:ENSG00000285847,ENSEMBL:ENSG00000285847,,True,False,1
ZNF268,ENSEMBL:ENSG00000090612,ZNF268,True,False,2
ZNF93,ENSEMBL:ENSG00000184635,ZNF93,True,False,2
KIAA1522,ENSEMBL:ENSG00000162522,KIAA1522,False,True,4
SUPT16H,ENSEMBL:ENSG00000092201,SUPT16H,True,False,1
CSPG4P13,ENSEMBL:ENSG00000260139,CSPG4P13,True,False,1
REG4,ENSEMBL:ENSG00000134193,REG4,False,True,2
TMEM126A,ENSEMBL:ENSG00000171202,TMEM126A,True,True,3
CFB,ENSEMBL:ENSG00000204359,CFB,False,True,4
KIF22,ENSEMBL:ENSG00000079616,KIF22,True,True,4
POLB,ENSEMBL:ENSG00000070501,POLB,True,False,2
POMGNT1,ENSEMBL:ENSG00000085998,POMGNT1,True,True,4
TGOLN2,ENSEMBL:ENSG00000152291,TGOLN2,True,True,2
RPL18,ENSEMBL:ENSG00000063177,RPL18,True,True,4
SYDE2,ENSEMBL:ENSG00000097096,SYDE2,True,True,4
MAK16,ENSEMBL:ENSG00000198042,MAK16,True,True,4
CAMTA1,ENSEMBL:ENSG00000171735,CAMTA1,True,True,7
ANKRD6,ENSEMBL:ENSG00000135299,ANKRD6,True,True,3
FNBP1,ENSEMBL:ENSG00000187239,FNBP1,True,True,5
GPC2,ENSEMBL:ENSG00000213420,GPC2,True,True,2
SLC25A11,ENSEMBL:ENSG00000108528,SLC25A11,True,True,7
ZNF318,ENSEMBL:ENSG00000171467,ZNF318,True,True,3
TEX2,ENSEMBL:ENSG00000136478,TEX2,True,True,3
ENSEMBL:ENSG00000279164,ENSEMBL:ENSG00000279164,,True,False,1
FCGR1B,ENSEMBL:ENSG00000198019,FCGR1B,True,False,1
GLB1L2,ENSEMBL:ENSG00000149328,GLB1L2,True,False,1
ANKEF1,ENSEMBL:ENSG00000132623,ANKEF1,False,True,2
PSMA5,ENSEMBL:ENSG00000143106,PSMA5,True,True,3
PARP15,ENSEMBL:ENSG00000173200,PARP15,True,False,1
RAB38,ENSEMBL:ENSG00000123892,RAB38,False,True,2
OAS1,ENSEMBL:ENSG00000089127,OAS1,True,True,6
C1QTNF3,ENSEMBL:ENSG00000082196,C1QTNF3,True,False,1
TMTC1,ENSEMBL:ENSG00000133687,TMTC1,True,True,7
CBS,ENSEMBL:ENSG00000160200,CBS,True,True,8
ENSEMBL:ENSG00000272505,ENSEMBL:ENSG00000272505,,True,False,1
RBFOX1,ENSEMBL:ENSG00000078328,RBFOX1,True,True,4
GGPS1,ENSEMBL:ENSG00000152904,GGPS1,True,False,1
MEX3B,ENSEMBL:ENSG00000183496,MEX3B,True,True,3
ZXDC,ENSEMBL:ENSG00000070476,ZXDC,True,False,2
GUF1,ENSEMBL:ENSG00000151806,GUF1,False,True,3
TNFAIP8,ENSEMBL:ENSG00000145779,TNFAIP8,False,True,2
SLC35C2,ENSEMBL:ENSG00000080189,SLC35C2,True,False,2
PLCXD1,ENSEMBL:ENSG00000182378,PLCXD1,True,False,2
ALG1,ENSEMBL:ENSG00000033011,ALG1,True,True,2
MYBPC3,ENSEMBL:ENSG00000134571,MYBPC3,True,True,2
SLC12A6,ENSEMBL:ENSG00000140199,SLC12A6,True,True,4
MANF,ENSEMBL:ENSG00000145050,MANF,True,True,4
TMEM129,ENSEMBL:ENSG00000168936,TMEM129,True,False,1
PPP2R2C,ENSEMBL:ENSG00000074211,PPP2R2C,False,True,2
SMARCA2,ENSEMBL:ENSG00000080503,SMARCA2,True,True,3
RHOU,ENSEMBL:ENSG00000116574,RHOU,True,True,3
UPK1B,ENSEMBL:ENSG00000114638,UPK1B,False,True,3
EBNA1BP2,ENSEMBL:ENSG00000117395,EBNA1BP2,True,False,2
TXNDC2,ENSEMBL:ENSG00000168454,TXNDC2,False,True,1
FBL,ENSEMBL:ENSG00000105202,FBL,True,True,3
CWC25,ENSEMBL:ENSG00000273559,CWC25,True,False,1
RPS4X,ENSEMBL:ENSG00000198034,RPS4X,True,True,4
ALYREF,ENSEMBL:ENSG00000183684,ALYREF,True,True,2
RPSA,ENSEMBL:ENSG00000168028,RPSA,True,True,4
ENSEMBL:ENSG00000269982,ENSEMBL:ENSG00000269982,,True,False,1
CIART,ENSEMBL:ENSG00000159208,CIART,True,True,4
RANGAP1,ENSEMBL:ENSG00000100401,RANGAP1,True,True,4
TRIM45,ENSEMBL:ENSG00000134253,TRIM45,True,False,1
IRF2BP1,ENSEMBL:ENSG00000170604,IRF2BP1,True,True,2
LINC02185,ENSEMBL:ENSG00000262097,LINC02185,True,False,1
NELL2,ENSEMBL:ENSG00000184613,NELL2,True,False,1
CSDC2,ENSEMBL:ENSG00000172346,CSDC2,False,True,3
ACKR3,ENSEMBL:ENSG00000144476,ACKR3,True,False,1
SLC35F6,ENSEMBL:ENSG00000213699,SLC35F6,True,True,2
COL4A5,ENSEMBL:ENSG00000188153,COL4A5,True,True,3
ATP6V1B2,ENSEMBL:ENSG00000147416,ATP6V1B2,True,True,5
IQGAP3,ENSEMBL:ENSG00000183856,IQGAP3,False,True,3
LRRC75B,ENSEMBL:ENSG00000178026,LRRC75B,True,False,1
PEBP4,ENSEMBL:ENSG00000134020,PEBP4,True,False,1
PIP5K1C,ENSEMBL:ENSG00000186111,PIP5K1C,True,True,5
RHOH,ENSEMBL:ENSG00000168421,RHOH,True,True,5
KEL,ENSEMBL:ENSG00000197993,KEL,True,True,2
ZBTB5,ENSEMBL:ENSG00000168795,ZBTB5,True,False,2
LIG1,ENSEMBL:ENSG00000105486,LIG1,True,True,4
HBD,ENSEMBL:ENSG00000223609,HBD,False,True,5
BACE1,ENSEMBL:ENSG00000186318,BACE1,True,False,1
OCRL,ENSEMBL:ENSG00000122126,OCRL,True,True,2
CYTH1,ENSEMBL:ENSG00000108669,CYTH1,True,True,3
RNF40,ENSEMBL:ENSG00000103549,RNF40,True,False,1
PSIP1,ENSEMBL:ENSG00000164985,PSIP1,True,True,4
LILRA4,ENSEMBL:ENSG00000239961,LILRA4,True,False,1
OARD1,ENSEMBL:ENSG00000124596,OARD1,True,True,2
FAM184B,ENSEMBL:ENSG00000047662,FAM184B,True,False,1
ARHGAP5,ENSEMBL:ENSG00000100852,ARHGAP5,True,True,4
SGPP2,ENSEMBL:ENSG00000163082,SGPP2,True,True,4
LRRC47,ENSEMBL:ENSG00000130764,LRRC47,True,True,5
KCNG1,ENSEMBL:ENSG00000026559,KCNG1,True,True,2
LMO4,ENSEMBL:ENSG00000143013,LMO4,True,False,2
RPL7A,ENSEMBL:ENSG00000148303,RPL7A,True,True,2
HARS2,ENSEMBL:ENSG00000112855,HARS2,True,True,5
SCNN1G,ENSEMBL:ENSG00000166828,SCNN1G,False,True,1
ST8SIA6,ENSEMBL:ENSG00000148488,ST8SIA6,True,False,1
SEC16A,ENSEMBL:ENSG00000148396,SEC16A,True,True,5
PKP2,ENSEMBL:ENSG00000057294,PKP2,True,False,1
ENSEMBL:ENSG00000225889,ENSEMBL:ENSG00000225889,,True,False,1
DNAJA3,ENSEMBL:ENSG00000103423,DNAJA3,True,True,7
DIABLO,ENSEMBL:ENSG00000184047,DIABLO,False,True,3
TMOD2,ENSEMBL:ENSG00000128872,TMOD2,True,True,3
ENSEMBL:ENSG00000289281,ENSEMBL:ENSG00000289281,,True,False,1
ASH2L,ENSEMBL:ENSG00000129691,ASH2L,True,True,2
ALKBH6,ENSEMBL:ENSG00000239382,ALKBH6,True,True,2
PIP4P2,ENSEMBL:ENSG00000155099,PIP4P2,True,False,1
NFASC,ENSEMBL:ENSG00000163531,NFASC,False,True,2
GATA3,ENSEMBL:ENSG00000107485,GATA3,True,True,5
GHITM,ENSEMBL:ENSG00000165678,GHITM,True,True,11
DDB1,ENSEMBL:ENSG00000167986,DDB1,True,True,3
SF3A1,ENSEMBL:ENSG00000099995,SF3A1,True,True,3
ANKFY1,ENSEMBL:ENSG00000185722,ANKFY1,True,True,3
EPHA1,ENSEMBL:ENSG00000146904,EPHA1,True,True,3
TSC22D1,ENSEMBL:ENSG00000102804,TSC22D1,True,True,5
RHBDF1,ENSEMBL:ENSG00000007384,RHBDF1,True,True,2
SH3GL1P1,ENSEMBL:ENSG00000266777,SH3GL1P1,True,False,1
RAP1GDS1,ENSEMBL:ENSG00000138698,RAP1GDS1,True,True,3
KIAA1217,ENSEMBL:ENSG00000120549,KIAA1217,True,True,7
ASXL1,ENSEMBL:ENSG00000171456,ASXL1,True,False,1
PLN,ENSEMBL:ENSG00000198523,PLN,True,True,4
PECR,ENSEMBL:ENSG00000115425,PECR,True,True,5
PAX7,ENSEMBL:ENSG00000009709,PAX7,True,False,1
HR,ENSEMBL:ENSG00000168453,HR,False,True,3
NDUFB10,ENSEMBL:ENSG00000140990,NDUFB10,False,True,8
LINC00623,ENSEMBL:ENSG00000226067,LINC00623,True,False,1
GAS6,ENSEMBL:ENSG00000183087,GAS6,True,True,4
IFIT2,ENSEMBL:ENSG00000119922,IFIT2,True,True,5
FARP2,ENSEMBL:ENSG00000006607,FARP2,False,True,1
CD84,ENSEMBL:ENSG00000066294,CD84,True,True,3
CD99,ENSEMBL:ENSG00000002586,CD99,True,False,1
KLC3,ENSEMBL:ENSG00000104892,KLC3,True,True,2
TLR2,ENSEMBL:ENSG00000137462,TLR2,True,True,3
RPS15A,ENSEMBL:ENSG00000134419,RPS15A,True,False,1
SPOPL,ENSEMBL:ENSG00000144228,SPOPL,True,True,6
RBP7,ENSEMBL:ENSG00000162444,RBP7,True,True,3
HOXD10,ENSEMBL:ENSG00000128710,HOXD10,False,True,3
NAALADL1,ENSEMBL:ENSG00000168060,NAALADL1,True,False,1
ENSEMBL:ENSG00000234389,ENSEMBL:ENSG00000234389,,True,False,1
UBE2N,ENSEMBL:ENSG00000177889,UBE2N,True,False,1
GABBR1,ENSEMBL:ENSG00000204681,GABBR1,True,True,6
SERHL2,ENSEMBL:ENSG00000183569,SERHL2,False,True,4
ZDHHC1,ENSEMBL:ENSG00000159714,ZDHHC1,True,True,3
CA14,ENSEMBL:ENSG00000118298,CA14,True,True,6
RPL36,ENSEMBL:ENSG00000130255,RPL36,True,True,6
RPGR,ENSEMBL:ENSG00000156313,RPGR,True,False,2
CAND1,ENSEMBL:ENSG00000111530,CAND1,True,True,2
CMTM3,ENSEMBL:ENSG00000140931,CMTM3,True,False,1
NR2C1,ENSEMBL:ENSG00000120798,NR2C1,True,False,1
PEAK1,ENSEMBL:ENSG00000173517,PEAK1,True,True,7
GBA3,ENSEMBL:ENSG00000249948,GBA3,False,True,1
SLC27A3,ENSEMBL:ENSG00000143554,SLC27A3,True,True,4
CFAP61,ENSEMBL:ENSG00000089101,CFAP61,True,True,2
PATZ1,ENSEMBL:ENSG00000100105,PATZ1,True,True,3
ALDOB,ENSEMBL:ENSG00000136872,ALDOB,False,True,3
STON1,ENSEMBL:ENSG00000243244,STON1,False,True,1
LSMEM2,ENSEMBL:ENSG00000179564,LSMEM2,True,False,1
PRDX6,ENSEMBL:ENSG00000117592,PRDX6,True,True,8
KPNB1,ENSEMBL:ENSG00000108424,KPNB1,True,True,3
SNAP47,ENSEMBL:ENSG00000143740,SNAP47,True,True,3
MFSD9,ENSEMBL:ENSG00000135953,MFSD9,True,True,3
CISD3,ENSEMBL:ENSG00000277972,CISD3,True,True,7
TMTC4,ENSEMBL:ENSG00000125247,TMTC4,True,True,2
STEAP3,ENSEMBL:ENSG00000115107,STEAP3,True,True,3
SLC6A13,ENSEMBL:ENSG00000010379,SLC6A13,False,True,2
MMD,ENSEMBL:ENSG00000108960,MMD,True,True,3
ABCB1,ENSEMBL:ENSG00000085563,ABCB1,True,True,7
CHCHD10,ENSEMBL:ENSG00000250479,CHCHD10,False,True,7
RPS4Y1,ENSEMBL:ENSG00000129824,RPS4Y1,True,False,1
CELSR1,ENSEMBL:ENSG00000075275,CELSR1,True,True,3
AMBP,ENSEMBL:ENSG00000106927,AMBP,True,True,4
ENSEMBL:ENSG00000288980,ENSEMBL:ENSG00000288980,,True,False,1
GATB,ENSEMBL:ENSG00000059691,GATB,True,True,4
CACNB1,ENSEMBL:ENSG00000067191,CACNB1,True,True,2
THUMPD1,ENSEMBL:ENSG00000066654,THUMPD1,True,False,1
ACBD4,ENSEMBL:ENSG00000181513,ACBD4,True,True,3
IPO5P1,ENSEMBL:ENSG00000269837,IPO5P1,True,False,2
RIPK2,ENSEMBL:ENSG00000104312,RIPK2,False,True,3
RPL32,ENSEMBL:ENSG00000144713,RPL32,True,True,7
TBC1D10C,ENSEMBL:ENSG00000175463,TBC1D10C,True,True,6
ANKS4B,ENSEMBL:ENSG00000175311,ANKS4B,False,True,2
PROM2,ENSEMBL:ENSG00000155066,PROM2,False,True,4
UBL4A,ENSEMBL:ENSG00000102178,UBL4A,True,True,2
COCH,ENSEMBL:ENSG00000100473,COCH,False,True,1
FLYWCH1,ENSEMBL:ENSG00000059122,FLYWCH1,True,False,2
COMMD7,ENSEMBL:ENSG00000149600,COMMD7,True,False,1
SERPINB9,ENSEMBL:ENSG00000170542,SERPINB9,True,True,4
FBXL18,ENSEMBL:ENSG00000155034,FBXL18,True,False,2
GOLGA7,ENSEMBL:ENSG00000147533,GOLGA7,True,True,3
AMPD2,ENSEMBL:ENSG00000116337,AMPD2,True,True,4
KCNN4,ENSEMBL:ENSG00000104783,KCNN4,False,True,4
ENSEMBL:ENSG00000284024,ENSEMBL:ENSG00000284024,,True,False,1
GRB14,ENSEMBL:ENSG00000115290,GRB14,False,True,2
BCLAF1,ENSEMBL:ENSG00000029363,BCLAF1,True,False,1
CKM,ENSEMBL:ENSG00000104879,CKM,True,True,2
MLXIP,ENSEMBL:ENSG00000175727,MLXIP,True,True,2
EYA2,ENSEMBL:ENSG00000064655,EYA2,False,True,2
SRI,ENSEMBL:ENSG00000075142,SRI,False,True,2
PAQR8,ENSEMBL:ENSG00000170915,PAQR8,False,True,2
PSMB5,ENSEMBL:ENSG00000100804,PSMB5,True,True,3
SLC25A32,ENSEMBL:ENSG00000164933,SLC25A32,True,True,2
SCTR,ENSEMBL:ENSG00000080293,SCTR,False,True,1
P3H4,ENSEMBL:ENSG00000141696,P3H4,True,True,4
ATAD5,ENSEMBL:ENSG00000176208,ATAD5,True,False,2
H1-0,ENSEMBL:ENSG00000189060,H1-0,True,False,2
RRP8,ENSEMBL:ENSG00000132275,RRP8,True,False,2
PGAM1,ENSEMBL:ENSG00000171314,PGAM1,True,True,4
LCORL,ENSEMBL:ENSG00000178177,LCORL,True,False,1
ARID3B,ENSEMBL:ENSG00000179361,ARID3B,True,True,3
SLC52A2,ENSEMBL:ENSG00000185803,SLC52A2,True,True,2
ZBTB4,ENSEMBL:ENSG00000174282,ZBTB4,True,True,5
PCCB,ENSEMBL:ENSG00000114054,PCCB,True,True,6
PCYOX1,ENSEMBL:ENSG00000116005,PCYOX1,True,True,2
SF3B3,ENSEMBL:ENSG00000189091,SF3B3,True,False,1
SKIV2L,ENSEMBL:ENSG00000204351,SKIV2L,True,True,4
UBXN11,ENSEMBL:ENSG00000158062,UBXN11,True,True,2
CLK2,ENSEMBL:ENSG00000176444,CLK2,True,False,1
CR2,ENSEMBL:ENSG00000117322,CR2,False,True,2
CLUH,ENSEMBL:ENSG00000132361,CLUH,True,True,5
NPRL2,ENSEMBL:ENSG00000114388,NPRL2,True,False,2
LPAR6,ENSEMBL:ENSG00000139679,LPAR6,True,True,5
IFIT3,ENSEMBL:ENSG00000119917,IFIT3,True,True,5
HGS,ENSEMBL:ENSG00000185359,HGS,True,True,4
CXCL12,ENSEMBL:ENSG00000107562,CXCL12,False,True,6
ECEL1,ENSEMBL:ENSG00000171551,ECEL1,False,True,1
INO80C,ENSEMBL:ENSG00000153391,INO80C,True,True,3
CKMT2-AS1,ENSEMBL:ENSG00000247572,CKMT2-AS1,True,False,2
RBM10,ENSEMBL:ENSG00000182872,RBM10,True,False,1
S100A9,ENSEMBL:ENSG00000163220,S100A9,True,True,2
FCGR2B,ENSEMBL:ENSG00000072694,FCGR2B,True,True,7
MXRA7,ENSEMBL:ENSG00000182534,MXRA7,True,True,4
CCDC107,ENSEMBL:ENSG00000159884,CCDC107,True,True,3
CKAP2,ENSEMBL:ENSG00000136108,CKAP2,True,True,3
TMEM175,ENSEMBL:ENSG00000127419,TMEM175,True,False,2
FKBP11,ENSEMBL:ENSG00000134285,FKBP11,True,False,1
LANCL2,ENSEMBL:ENSG00000132434,LANCL2,True,False,2
ABI3BP,ENSEMBL:ENSG00000154175,ABI3BP,False,True,3
H2BC12,ENSEMBL:ENSG00000197903,H2BC12,True,True,2
GNL2,ENSEMBL:ENSG00000134697,GNL2,True,False,1
ABCB4,ENSEMBL:ENSG00000005471,ABCB4,True,False,2
C12orf49,ENSEMBL:ENSG00000111412,C12orf49,False,True,2
PCBP3,ENSEMBL:ENSG00000183570,PCBP3,False,True,1
SLC6A4,ENSEMBL:ENSG00000108576,SLC6A4,False,True,2
DPH1,ENSEMBL:ENSG00000108963,DPH1,True,True,2
SPATA25,ENSEMBL:ENSG00000149634,SPATA25,True,False,1
TXN,ENSEMBL:ENSG00000136810,TXN,True,True,5
SUGP2,ENSEMBL:ENSG00000064607,SUGP2,True,False,2
ZKSCAN3,ENSEMBL:ENSG00000189298,ZKSCAN3,True,False,1
EEF2,ENSEMBL:ENSG00000167658,EEF2,True,True,6
CLCN7,ENSEMBL:ENSG00000103249,CLCN7,True,True,2
MRM1,ENSEMBL:ENSG00000278619,MRM1,True,False,2
MIR29B2CHG,ENSEMBL:ENSG00000203709,MIR29B2CHG,True,False,2
TEX44,ENSEMBL:ENSG00000177673,TEX44,False,True,1
AKR1A1,ENSEMBL:ENSG00000117448,AKR1A1,True,True,5
DBN1,ENSEMBL:ENSG00000113758,DBN1,True,True,7
MYO1B,ENSEMBL:ENSG00000128641,MYO1B,True,True,4
MADD,ENSEMBL:ENSG00000110514,MADD,True,True,3
LIN52,ENSEMBL:ENSG00000205659,LIN52,True,False,1
RPS23,ENSEMBL:ENSG00000186468,RPS23,True,True,4
ING1,ENSEMBL:ENSG00000153487,ING1,True,False,2
FAM3A,ENSEMBL:ENSG00000071889,FAM3A,False,True,1
BOP1,ENSEMBL:ENSG00000261236,BOP1,True,True,4
SLAMF9,ENSEMBL:ENSG00000162723,SLAMF9,False,True,1
CYB5R1,ENSEMBL:ENSG00000159348,CYB5R1,True,True,5
CDK5R1,ENSEMBL:ENSG00000176749,CDK5R1,True,False,2
APTX,ENSEMBL:ENSG00000137074,APTX,True,False,1
SERPINE2,ENSEMBL:ENSG00000135919,SERPINE2,False,True,2
HNRNPUL2,ENSEMBL:ENSG00000214753,HNRNPUL2,True,True,3
PAXBP1,ENSEMBL:ENSG00000159086,PAXBP1,True,False,1
ENSEMBL:ENSG00000250377,ENSEMBL:ENSG00000250377,,True,False,1
FZD1,ENSEMBL:ENSG00000157240,FZD1,True,True,3
NAF1,ENSEMBL:ENSG00000145414,NAF1,True,False,1
UMODL1,ENSEMBL:ENSG00000177398,UMODL1,False,True,2
ARRB2,ENSEMBL:ENSG00000141480,ARRB2,True,True,4
PPARG,ENSEMBL:ENSG00000132170,PPARG,False,True,2
HRK,ENSEMBL:ENSG00000135116,HRK,True,False,1
PHYH,ENSEMBL:ENSG00000107537,PHYH,False,True,7
PLPP7,ENSEMBL:ENSG00000160539,PLPP7,True,True,2
ENSEMBL:ENSG00000270110,ENSEMBL:ENSG00000270110,,True,False,1
GPT2,ENSEMBL:ENSG00000166123,GPT2,True,True,4
MRS2,ENSEMBL:ENSG00000124532,MRS2,True,True,4
TUBGCP2,ENSEMBL:ENSG00000130640,TUBGCP2,True,True,3
KIF24,ENSEMBL:ENSG00000186638,KIF24,True,True,2
KIF19,ENSEMBL:ENSG00000196169,KIF19,True,True,2
RPL12,ENSEMBL:ENSG00000197958,RPL12,True,True,6
MAP1A,ENSEMBL:ENSG00000166963,MAP1A,True,True,8
RPS8,ENSEMBL:ENSG00000142937,RPS8,True,True,5
EPHB4,ENSEMBL:ENSG00000196411,EPHB4,True,True,3
AKAP8L,ENSEMBL:ENSG00000011243,AKAP8L,True,True,5
NDUFAF1,ENSEMBL:ENSG00000137806,NDUFAF1,True,True,5
RNF157,ENSEMBL:ENSG00000141576,RNF157,True,True,3
FOLR3,ENSEMBL:ENSG00000110203,FOLR3,True,False,1
PVRIG,ENSEMBL:ENSG00000213413,PVRIG,True,False,2
EPB41L2,ENSEMBL:ENSG00000079819,EPB41L2,True,True,7
SP1,ENSEMBL:ENSG00000185591,SP1,True,True,5
ENSEMBL:ENSG00000183889,ENSEMBL:ENSG00000183889,,True,False,1
NFKBIB,ENSEMBL:ENSG00000104825,NFKBIB,True,True,3
BDH2,ENSEMBL:ENSG00000164039,BDH2,True,False,1
ATXN7L1,ENSEMBL:ENSG00000146776,ATXN7L1,True,True,2
NSUN2,ENSEMBL:ENSG00000037474,NSUN2,True,True,3
MCCC1,ENSEMBL:ENSG00000078070,MCCC1,True,True,6
USE1,ENSEMBL:ENSG00000053501,USE1,False,True,2
RAB2A,ENSEMBL:ENSG00000104388,RAB2A,True,True,2
ARHGAP33,ENSEMBL:ENSG00000004777,ARHGAP33,True,True,3
COL6A5,ENSEMBL:ENSG00000172752,COL6A5,False,True,3
PEPD,ENSEMBL:ENSG00000124299,PEPD,True,False,2
COL1A1,ENSEMBL:ENSG00000108821,COL1A1,False,True,5
S1PR3,ENSEMBL:ENSG00000213694,S1PR3,True,True,4
PEMT,ENSEMBL:ENSG00000133027,PEMT,True,False,1
RPS6,ENSEMBL:ENSG00000137154,RPS6,True,True,8
MED16,ENSEMBL:ENSG00000175221,MED16,False,True,2
YIPF3,ENSEMBL:ENSG00000137207,YIPF3,True,True,4
WASF2,ENSEMBL:ENSG00000158195,WASF2,True,True,7
SCART1,ENSEMBL:ENSG00000214279,SCART1,True,False,1
RBM38,ENSEMBL:ENSG00000132819,RBM38,True,True,4
GCGR,ENSEMBL:ENSG00000215644,GCGR,False,True,2
LYVE1,ENSEMBL:ENSG00000133800,LYVE1,False,True,5
AKAP11,ENSEMBL:ENSG00000023516,AKAP11,True,True,5
GRIN2B,ENSEMBL:ENSG00000273079,GRIN2B,False,True,1
TMUB2,ENSEMBL:ENSG00000168591,TMUB2,True,True,4
MRFAP1,ENSEMBL:ENSG00000179010,MRFAP1,True,False,1
MCRIP1,ENSEMBL:ENSG00000225663,MCRIP1,True,True,3
MAFA,ENSEMBL:ENSG00000182759,MAFA,True,True,2
MMRN1,ENSEMBL:ENSG00000138722,MMRN1,True,True,7
IGDCC4,ENSEMBL:ENSG00000103742,IGDCC4,True,True,2
HEMK1,ENSEMBL:ENSG00000114735,HEMK1,True,False,2
ANP32A,ENSEMBL:ENSG00000140350,ANP32A,True,True,3
WDR62,ENSEMBL:ENSG00000075702,WDR62,True,True,4
SMIM3,ENSEMBL:ENSG00000256235,SMIM3,True,False,1
SARAF,ENSEMBL:ENSG00000133872,SARAF,True,False,1
WBP1L,ENSEMBL:ENSG00000166272,WBP1L,True,True,3
ETNPPL,ENSEMBL:ENSG00000164089,ETNPPL,True,False,1
UBR2,ENSEMBL:ENSG00000024048,UBR2,True,False,2
ACOT7,ENSEMBL:ENSG00000097021,ACOT7,True,True,6
RPL18A,ENSEMBL:ENSG00000105640,RPL18A,True,True,4
CNPY2,ENSEMBL:ENSG00000257727,CNPY2,True,True,2
C19orf47,ENSEMBL:ENSG00000160392,C19orf47,True,False,2
EMX2,ENSEMBL:ENSG00000170370,EMX2,True,False,1
ATP2A3,ENSEMBL:ENSG00000074370,ATP2A3,True,True,7
PGLS,ENSEMBL:ENSG00000130313,PGLS,True,True,3
HAPLN3,ENSEMBL:ENSG00000140511,HAPLN3,True,False,2
BHLHA15,ENSEMBL:ENSG00000180535,BHLHA15,False,True,2
IGF2,ENSEMBL:ENSG00000167244,IGF2,True,True,3
MPHOSPH9,ENSEMBL:ENSG00000051825,MPHOSPH9,True,False,1
PRRG1,ENSEMBL:ENSG00000130962,PRRG1,True,True,3
MIR142,ENSEMBL:ENSG00000284353,MIR142,False,True,1
ZNF141,ENSEMBL:ENSG00000131127,ZNF141,True,False,1
RPS14,ENSEMBL:ENSG00000164587,RPS14,True,True,3
MAP3K1,ENSEMBL:ENSG00000095015,MAP3K1,True,True,4
TGIF1,ENSEMBL:ENSG00000177426,TGIF1,True,False,1
ENSEMBL:ENSG00000289039,ENSEMBL:ENSG00000289039,,True,False,1
ISG20,ENSEMBL:ENSG00000172183,ISG20,True,True,2
NOS1,ENSEMBL:ENSG00000089250,NOS1,True,True,4
RUFY3,ENSEMBL:ENSG00000018189,RUFY3,True,True,4
CTPS1,ENSEMBL:ENSG00000171793,CTPS1,True,True,3
ENSEMBL:ENSG00000289182,ENSEMBL:ENSG00000289182,,True,False,1
TASOR2,ENSEMBL:ENSG00000108021,TASOR2,True,False,2
UCKL1,ENSEMBL:ENSG00000198276,UCKL1,True,True,5
TARS2,ENSEMBL:ENSG00000143374,TARS2,True,True,5
BIRC5,ENSEMBL:ENSG00000089685,BIRC5,False,True,1
DAPP1,ENSEMBL:ENSG00000070190,DAPP1,True,True,6
FAM185A,ENSEMBL:ENSG00000222011,FAM185A,True,False,2
ARL4A,ENSEMBL:ENSG00000122644,ARL4A,True,True,3
GCG,ENSEMBL:ENSG00000115263,GCG,False,True,2
RPL13,ENSEMBL:ENSG00000167526,RPL13,True,True,3
AAAS,ENSEMBL:ENSG00000094914,AAAS,True,True,2
KIF25,ENSEMBL:ENSG00000125337,KIF25,True,False,1
ZNF202,ENSEMBL:ENSG00000166261,ZNF202,True,True,2
HTR7,ENSEMBL:ENSG00000148680,HTR7,True,True,2
RAB10,ENSEMBL:ENSG00000084733,RAB10,True,True,4
LEP,ENSEMBL:ENSG00000174697,LEP,True,True,9
COL13A1,ENSEMBL:ENSG00000197467,COL13A1,True,True,2
RAB3GAP2,ENSEMBL:ENSG00000118873,RAB3GAP2,True,True,2
ARHGEF35-AS1,ENSEMBL:ENSG00000244198,ARHGEF35-AS1,True,False,1
GYS2,ENSEMBL:ENSG00000111713,GYS2,False,True,5
DPY30,ENSEMBL:ENSG00000162961,DPY30,False,True,2
CACNG1,ENSEMBL:ENSG00000108878,CACNG1,True,True,3
GPR180,ENSEMBL:ENSG00000152749,GPR180,True,True,2
TPPP2,ENSEMBL:ENSG00000179636,TPPP2,True,False,1
C20orf204,ENSEMBL:ENSG00000196421,C20orf204,True,False,1
TEX261,ENSEMBL:ENSG00000144043,TEX261,False,True,2
LAMP3,ENSEMBL:ENSG00000078081,LAMP3,True,True,2
DDR2,ENSEMBL:ENSG00000162733,DDR2,False,True,2
TSPAN13,ENSEMBL:ENSG00000106537,TSPAN13,True,True,4
CRABP1,ENSEMBL:ENSG00000166426,CRABP1,False,True,1
NTNG2,ENSEMBL:ENSG00000196358,NTNG2,True,True,5
DPEP2,ENSEMBL:ENSG00000167261,DPEP2,True,True,2
SNHG21,ENSEMBL:ENSG00000250988,SNHG21,True,False,1
RPS13,ENSEMBL:ENSG00000110700,RPS13,True,True,2
PIAS1,ENSEMBL:ENSG00000033800,PIAS1,True,False,3
TLE2,ENSEMBL:ENSG00000065717,TLE2,True,True,3
UBASH3B,ENSEMBL:ENSG00000154127,UBASH3B,False,True,4
METTL13,ENSEMBL:ENSG00000010165,METTL13,True,False,1
STMP1,ENSEMBL:ENSG00000243317,STMP1,False,True,4
RBM34,ENSEMBL:ENSG00000188739,RBM34,True,True,2
CSPP1,ENSEMBL:ENSG00000104218,CSPP1,True,True,4
HLA-E,ENSEMBL:ENSG00000204592,HLA-E,True,True,5
LCN2,ENSEMBL:ENSG00000148346,LCN2,True,True,3
ENSEMBL:ENSG00000215068,ENSEMBL:ENSG00000215068,,True,False,2
CTDP1,ENSEMBL:ENSG00000060069,CTDP1,True,False,1
CD8B,ENSEMBL:ENSG00000172116,CD8B,True,True,4
SLC38A4,ENSEMBL:ENSG00000139209,SLC38A4,True,True,3
PAXIP1-DT,ENSEMBL:ENSG00000273344,PAXIP1-DT,True,False,1
SLC66A3,ENSEMBL:ENSG00000162976,SLC66A3,True,True,3
ENSEMBL:ENSG00000177788,ENSEMBL:ENSG00000177788,,True,False,1
GTF3C5,ENSEMBL:ENSG00000148308,GTF3C5,True,True,2
PRIMPOL,ENSEMBL:ENSG00000164306,PRIMPOL,True,False,1
ITIH4-AS1,ENSEMBL:ENSG00000239799,ITIH4-AS1,True,False,1
METTL22,ENSEMBL:ENSG00000067365,METTL22,True,False,1
PODN,ENSEMBL:ENSG00000174348,PODN,True,False,1
MAP2,ENSEMBL:ENSG00000078018,MAP2,True,True,3
TMEM53,ENSEMBL:ENSG00000126106,TMEM53,True,False,1
GAB3,ENSEMBL:ENSG00000160219,GAB3,True,False,2
CACNA1I,ENSEMBL:ENSG00000100346,CACNA1I,True,False,1
EPHB3,ENSEMBL:ENSG00000182580,EPHB3,False,True,2
GAS2L1,ENSEMBL:ENSG00000185340,GAS2L1,True,True,5
NIPBL,ENSEMBL:ENSG00000164190,NIPBL,True,True,4
ZBTB18,ENSEMBL:ENSG00000179456,ZBTB18,True,True,3
B4GALNT4,ENSEMBL:ENSG00000182272,B4GALNT4,False,True,2
ZNF180,ENSEMBL:ENSG00000167384,ZNF180,True,True,3
ENSEMBL:ENSG00000255468,ENSEMBL:ENSG00000255468,,True,False,1
RESF1,ENSEMBL:ENSG00000174718,RESF1,True,True,3
PDE2A,ENSEMBL:ENSG00000186642,PDE2A,False,True,5
RAB43,ENSEMBL:ENSG00000172780,RAB43,True,True,4
PTGFRN,ENSEMBL:ENSG00000134247,PTGFRN,False,True,3
MMP2,ENSEMBL:ENSG00000087245,MMP2,False,True,5
LYRM2,ENSEMBL:ENSG00000083099,LYRM2,True,True,2
ICE2,ENSEMBL:ENSG00000128915,ICE2,True,False,1
NIPAL1,ENSEMBL:ENSG00000163293,NIPAL1,True,True,3
ENSEMBL:ENSG00000260078,ENSEMBL:ENSG00000260078,,True,False,1
PYY,ENSEMBL:ENSG00000131096,PYY,False,True,4
WDR73,ENSEMBL:ENSG00000177082,WDR73,True,False,1
AFAP1L1,ENSEMBL:ENSG00000157510,AFAP1L1,True,True,4
ENSEMBL:ENSG00000177359,ENSEMBL:ENSG00000177359,,True,False,1
PARP3,ENSEMBL:ENSG00000041880,PARP3,True,True,6
DMAP1,ENSEMBL:ENSG00000178028,DMAP1,True,False,2
BICDL1,ENSEMBL:ENSG00000135127,BICDL1,True,True,3
IL32,ENSEMBL:ENSG00000008517,IL32,True,False,1
GCHFR,ENSEMBL:ENSG00000137880,GCHFR,True,True,3
NME2,ENSEMBL:ENSG00000243678,NME2,True,True,4
ARHGDIA,ENSEMBL:ENSG00000141522,ARHGDIA,True,True,3
IL3RA,ENSEMBL:ENSG00000185291,IL3RA,True,False,1
TRIO,ENSEMBL:ENSG00000038382,TRIO,True,True,3
NDUFB4,ENSEMBL:ENSG00000065518,NDUFB4,False,True,6
MRPL16,ENSEMBL:ENSG00000166902,MRPL16,True,True,5
TAFAZZIN,ENSEMBL:ENSG00000102125,TAFAZZIN,True,False,1
RBM8A,ENSEMBL:ENSG00000265241,RBM8A,True,True,3
ADAP2,ENSEMBL:ENSG00000184060,ADAP2,True,True,3
ACOT13,ENSEMBL:ENSG00000112304,ACOT13,False,True,6
CDR2L,ENSEMBL:ENSG00000109089,CDR2L,True,True,5
COLGALT2,ENSEMBL:ENSG00000198756,COLGALT2,True,False,1
CD63-AS1,ENSEMBL:ENSG00000258056,CD63-AS1,True,False,2
RBM19,ENSEMBL:ENSG00000122965,RBM19,True,True,2
TMEM178A,ENSEMBL:ENSG00000152154,TMEM178A,False,True,3
DRD4,ENSEMBL:ENSG00000069696,DRD4,True,False,1
TMEM181,ENSEMBL:ENSG00000146433,TMEM181,True,True,5
CD300LG,ENSEMBL:ENSG00000161649,CD300LG,True,True,4
SDCBP2,ENSEMBL:ENSG00000125775,SDCBP2,False,True,1
DHRS12,ENSEMBL:ENSG00000102796,DHRS12,True,False,1
HERC4,ENSEMBL:ENSG00000148634,HERC4,True,True,5
IFI27,ENSEMBL:ENSG00000165949,IFI27,True,True,3
GAS6-AS1,ENSEMBL:ENSG00000233695,GAS6-AS1,True,False,1
IFIT1B,ENSEMBL:ENSG00000204010,IFIT1B,True,False,1
SH3RF2,ENSEMBL:ENSG00000156463,SH3RF2,True,True,2
PLAUR,ENSEMBL:ENSG00000011422,PLAUR,True,True,3
TMEM19,ENSEMBL:ENSG00000139291,TMEM19,True,False,1
HIVEP1,ENSEMBL:ENSG00000095951,HIVEP1,True,False,1
RNF128,ENSEMBL:ENSG00000133135,RNF128,True,True,4
FBXO44,ENSEMBL:ENSG00000132879,FBXO44,True,True,5
ABCA9,ENSEMBL:ENSG00000154258,ABCA9,True,True,2
SEC23B,ENSEMBL:ENSG00000101310,SEC23B,True,True,2
ESD,ENSEMBL:ENSG00000139684,ESD,False,True,2
TMED9,ENSEMBL:ENSG00000184840,TMED9,True,True,2
RPIA,ENSEMBL:ENSG00000153574,RPIA,True,True,4
RPL26P6,ENSEMBL:ENSG00000229659,RPL26P6,True,False,1
FGA,ENSEMBL:ENSG00000171560,FGA,True,True,3
FBXO45,ENSEMBL:ENSG00000174013,FBXO45,True,False,1
UBR4,ENSEMBL:ENSG00000127481,UBR4,True,True,3
NUDT5,ENSEMBL:ENSG00000165609,NUDT5,True,True,4
G6PD,ENSEMBL:ENSG00000160211,G6PD,True,True,8
ALDH3B1,ENSEMBL:ENSG00000006534,ALDH3B1,True,True,4
LRRFIP2,ENSEMBL:ENSG00000093167,LRRFIP2,True,True,5
SFXN1,ENSEMBL:ENSG00000164466,SFXN1,True,True,4
BTBD6,ENSEMBL:ENSG00000184887,BTBD6,True,False,1
RPL31,ENSEMBL:ENSG00000071082,RPL31,True,True,4
GABRA6,ENSEMBL:ENSG00000145863,GABRA6,False,True,1
TMED3,ENSEMBL:ENSG00000166557,TMED3,False,True,4
VPS52|ENSG00000223501,ENSEMBL:ENSG00000223501,VPS52,True,False,1
REEP6,ENSEMBL:ENSG00000115255,REEP6,False,True,6
LAX1,ENSEMBL:ENSG00000122188,LAX1,False,True,4
CRYBG2,ENSEMBL:ENSG00000176092,CRYBG2,False,True,2
HNRNPA2B1,ENSEMBL:ENSG00000122566,HNRNPA2B1,True,True,6
RALGAPB,ENSEMBL:ENSG00000170471,RALGAPB,True,False,2
NUDT19,ENSEMBL:ENSG00000213965,NUDT19,True,True,5
UBIAD1,ENSEMBL:ENSG00000120942,UBIAD1,True,False,2
PLA1A,ENSEMBL:ENSG00000144837,PLA1A,True,True,2
KIAA0753,ENSEMBL:ENSG00000198920,KIAA0753,True,False,1
OAZ2,ENSEMBL:ENSG00000180304,OAZ2,True,False,2
FBXL16,ENSEMBL:ENSG00000127585,FBXL16,True,True,2
FOXP2,ENSEMBL:ENSG00000128573,FOXP2,False,True,2
CD79B,ENSEMBL:ENSG00000007312,CD79B,True,True,5
TRPV3,ENSEMBL:ENSG00000167723,TRPV3,True,False,1
ENSEMBL:ENSG00000273812,ENSEMBL:ENSG00000273812,,True,False,1
DNAJC7,ENSEMBL:ENSG00000168259,DNAJC7,True,True,3
ISLR,ENSEMBL:ENSG00000129009,ISLR,False,True,3
PACS1,ENSEMBL:ENSG00000175115,PACS1,True,True,4
RAB3A,ENSEMBL:ENSG00000105649,RAB3A,False,True,2
LRRC7,ENSEMBL:ENSG00000033122,LRRC7,False,True,2
RASGRP2,ENSEMBL:ENSG00000068831,RASGRP2,False,True,9
CDH13,ENSEMBL:ENSG00000140945,CDH13,True,True,6
ALG14,ENSEMBL:ENSG00000172339,ALG14,True,False,1
SLC25A28,ENSEMBL:ENSG00000155287,SLC25A28,True,True,5
CDC37,ENSEMBL:ENSG00000105401,CDC37,True,True,3
TRPC4AP,ENSEMBL:ENSG00000100991,TRPC4AP,True,True,3
JADE1,ENSEMBL:ENSG00000077684,JADE1,True,True,4
ST6GALNAC3,ENSEMBL:ENSG00000184005,ST6GALNAC3,True,True,5
BBOF1,ENSEMBL:ENSG00000119636,BBOF1,True,False,2
CCDC6,ENSEMBL:ENSG00000108091,CCDC6,True,True,3
TGFB1I1,ENSEMBL:ENSG00000140682,TGFB1I1,True,True,4
ABCD3,ENSEMBL:ENSG00000117528,ABCD3,True,True,8
PFN2,ENSEMBL:ENSG00000070087,PFN2,True,True,2
SLC8B1,ENSEMBL:ENSG00000089060,SLC8B1,True,True,3
TESPA1,ENSEMBL:ENSG00000135426,TESPA1,True,False,1
SLC10A4,ENSEMBL:ENSG00000145248,SLC10A4,False,True,1
ZFAS1,ENSEMBL:ENSG00000177410,ZFAS1,True,False,2
DDC,ENSEMBL:ENSG00000132437,DDC,True,True,4
ZBTB9,ENSEMBL:ENSG00000213588,ZBTB9,True,False,1
ZNF674-AS1,ENSEMBL:ENSG00000230844,ZNF674-AS1,True,False,1
EVL,ENSEMBL:ENSG00000196405,EVL,True,True,7
ARFGAP1,ENSEMBL:ENSG00000101199,ARFGAP1,True,True,3
MTG1,ENSEMBL:ENSG00000148824,MTG1,True,True,3
PPP1R21,ENSEMBL:ENSG00000162869,PPP1R21,True,True,3
LINC02772,ENSEMBL:ENSG00000271736,LINC02772,True,False,1
TYMP,ENSEMBL:ENSG00000025708,TYMP,False,True,1
SPCS1,ENSEMBL:ENSG00000114902,SPCS1,True,True,2
PRTN3,ENSEMBL:ENSG00000196415,PRTN3,True,False,1
ENSEMBL:ENSG00000259953,ENSEMBL:ENSG00000259953,,True,False,1
ADCY3,ENSEMBL:ENSG00000138031,ADCY3,True,True,3
TNFRSF8,ENSEMBL:ENSG00000120949,TNFRSF8,True,True,3
EXOSC9,ENSEMBL:ENSG00000123737,EXOSC9,True,False,2
GIN1,ENSEMBL:ENSG00000145723,GIN1,True,False,1
SLC22A18,ENSEMBL:ENSG00000110628,SLC22A18,True,True,2
MLH3,ENSEMBL:ENSG00000119684,MLH3,True,True,2
SPRYD4,ENSEMBL:ENSG00000176422,SPRYD4,True,True,2
AGAP6,ENSEMBL:ENSG00000204149,AGAP6,True,False,1
JPH3,ENSEMBL:ENSG00000154118,JPH3,False,True,1
LHX2,ENSEMBL:ENSG00000106689,LHX2,False,True,1
TIMM17B,ENSEMBL:ENSG00000126768,TIMM17B,False,True,2
USH1C,ENSEMBL:ENSG00000006611,USH1C,False,True,1
DTX3L,ENSEMBL:ENSG00000163840,DTX3L,True,True,5
LMAN2L,ENSEMBL:ENSG00000114988,LMAN2L,True,True,4
NT5C,ENSEMBL:ENSG00000125458,NT5C,True,False,2
CRP,ENSEMBL:ENSG00000132693,CRP,False,True,1
SPATA22,ENSEMBL:ENSG00000141255,SPATA22,False,True,1
TRAPPC2B,ENSEMBL:ENSG00000256060,TRAPPC2B,True,False,1
SSTR2,ENSEMBL:ENSG00000180616,SSTR2,True,True,2
SLK,ENSEMBL:ENSG00000065613,SLK,True,False,3
CCNA2,ENSEMBL:ENSG00000145386,CCNA2,False,True,1
FBXO36,ENSEMBL:ENSG00000153832,FBXO36,True,False,1
TRIB2,ENSEMBL:ENSG00000071575,TRIB2,True,True,6
MTRNR2L1,ENSEMBL:ENSG00000256618,MTRNR2L1,True,False,1
KCTD9,ENSEMBL:ENSG00000104756,KCTD9,True,True,2
MBD4,ENSEMBL:ENSG00000129071,MBD4,True,True,3
RPL11,ENSEMBL:ENSG00000142676,RPL11,True,True,3
HEXIM2,ENSEMBL:ENSG00000168517,HEXIM2,True,True,2
ARID1A,ENSEMBL:ENSG00000117713,ARID1A,True,False,2
RPS2P5,ENSEMBL:ENSG00000240342,RPS2P5,True,False,1
CBWD1,ENSEMBL:ENSG00000172785,CBWD1,True,False,1
COL11A2,ENSEMBL:ENSG00000204248,COL11A2,False,True,3
MLLT3,ENSEMBL:ENSG00000171843,MLLT3,False,True,1
NMNAT1,ENSEMBL:ENSG00000173614,NMNAT1,True,True,3
SACM1L,ENSEMBL:ENSG00000211456,SACM1L,True,True,3
DACT1,ENSEMBL:ENSG00000165617,DACT1,True,False,1
TCEAL4,ENSEMBL:ENSG00000133142,TCEAL4,True,False,1
KIAA0100,ENSEMBL:ENSG00000007202,KIAA0100,True,True,2
CUL2,ENSEMBL:ENSG00000108094,CUL2,False,True,1
ASB1,ENSEMBL:ENSG00000065802,ASB1,True,True,2
GATAD2A,ENSEMBL:ENSG00000167491,GATAD2A,True,True,3
KIAA1958,ENSEMBL:ENSG00000165185,KIAA1958,True,True,3
CST6,ENSEMBL:ENSG00000175315,CST6,False,True,4
MYOF,ENSEMBL:ENSG00000138119,MYOF,True,True,3
MYADML2,ENSEMBL:ENSG00000185105,MYADML2,True,False,1
CYB5R4,ENSEMBL:ENSG00000065615,CYB5R4,True,False,1
ARL4D,ENSEMBL:ENSG00000175906,ARL4D,False,True,3
USP19,ENSEMBL:ENSG00000172046,USP19,True,False,2
MRPL15,ENSEMBL:ENSG00000137547,MRPL15,True,True,3
PPA1,ENSEMBL:ENSG00000180817,PPA1,True,True,4
TNFRSF17,ENSEMBL:ENSG00000048462,TNFRSF17,False,True,1
DOCK7,ENSEMBL:ENSG00000116641,DOCK7,True,True,4
SCAMP3,ENSEMBL:ENSG00000116521,SCAMP3,True,True,4
VEGFD,ENSEMBL:ENSG00000165197,VEGFD,True,True,8
VAV3,ENSEMBL:ENSG00000134215,VAV3,True,False,1
RPL8,ENSEMBL:ENSG00000161016,RPL8,True,True,3
PARP12,ENSEMBL:ENSG00000059378,PARP12,True,False,1
C22orf46,ENSEMBL:ENSG00000184208,C22orf46,True,False,2
ENSEMBL:ENSG00000229425,ENSEMBL:ENSG00000229425,,True,False,1
CILP,ENSEMBL:ENSG00000138615,CILP,False,True,2
FAM210A,ENSEMBL:ENSG00000177150,FAM210A,True,True,6
DCAF4,ENSEMBL:ENSG00000119599,DCAF4,True,False,2
SLC7A2,ENSEMBL:ENSG00000003989,SLC7A2,True,True,4
ENSEMBL:ENSG00000259948,ENSEMBL:ENSG00000259948,,True,False,2
RWDD1,ENSEMBL:ENSG00000111832,RWDD1,False,True,2
SARS2,ENSEMBL:ENSG00000104835,SARS2,True,True,4
AKAP10,ENSEMBL:ENSG00000108599,AKAP10,True,False,2
BTN1A1,ENSEMBL:ENSG00000124557,BTN1A1,False,True,1
TLR5,ENSEMBL:ENSG00000187554,TLR5,True,True,3
TLCD3A,ENSEMBL:ENSG00000167695,TLCD3A,True,True,2
PPIP5K2,ENSEMBL:ENSG00000145725,PPIP5K2,True,False,2
DMAC2,ENSEMBL:ENSG00000105341,DMAC2,True,True,2
CLEC12B,ENSEMBL:ENSG00000256660,CLEC12B,True,True,2
MIRLET7A3,ENSEMBL:ENSG00000283990,MIRLET7A3,False,True,4
ENSEMBL:ENSG00000273373,ENSEMBL:ENSG00000273373,,True,False,1
C1QL3,ENSEMBL:ENSG00000165985,C1QL3,True,False,1
MUC6,ENSEMBL:ENSG00000184956,MUC6,True,True,2
ARL5A,ENSEMBL:ENSG00000162980,ARL5A,True,False,1
LILRA5,ENSEMBL:ENSG00000187116,LILRA5,True,True,2
CFAP418,ENSEMBL:ENSG00000156172,CFAP418,True,False,1
FAM89A,ENSEMBL:ENSG00000182118,FAM89A,False,True,2
TNFAIP3,ENSEMBL:ENSG00000118503,TNFAIP3,True,True,6
SPTBN2,ENSEMBL:ENSG00000173898,SPTBN2,True,True,3
RRM2B,ENSEMBL:ENSG00000048392,RRM2B,True,True,2
NKX1-2,ENSEMBL:ENSG00000229544,NKX1-2,False,True,1
CHMP2A,ENSEMBL:ENSG00000130724,CHMP2A,True,True,3
PRKAG1,ENSEMBL:ENSG00000181929,PRKAG1,True,True,6
IDH1,ENSEMBL:ENSG00000138413,IDH1,True,True,8
ELN,ENSEMBL:ENSG00000049540,ELN,False,True,2
WFIKKN2,ENSEMBL:ENSG00000173714,WFIKKN2,True,False,1
ZNF766,ENSEMBL:ENSG00000196214,ZNF766,True,False,2
NCBP3,ENSEMBL:ENSG00000074356,NCBP3,True,False,2
C6orf141,ENSEMBL:ENSG00000197261,C6orf141,False,True,1
CSPG4,ENSEMBL:ENSG00000173546,CSPG4,True,True,4
TAF6L,ENSEMBL:ENSG00000162227,TAF6L,True,True,2
NUP210,ENSEMBL:ENSG00000132182,NUP210,True,True,4
SLC6A5,ENSEMBL:ENSG00000165970,SLC6A5,False,True,3
IL34,ENSEMBL:ENSG00000157368,IL34,True,True,4
APLNR,ENSEMBL:ENSG00000134817,APLNR,True,True,6
SEC22B,ENSEMBL:ENSG00000265808,SEC22B,True,True,6
AJUBA,ENSEMBL:ENSG00000129474,AJUBA,True,True,2
UQCR10,ENSEMBL:ENSG00000184076,UQCR10,True,True,7
SNX33,ENSEMBL:ENSG00000173548,SNX33,True,True,3
OTUB2,ENSEMBL:ENSG00000089723,OTUB2,False,True,1
ACOT4,ENSEMBL:ENSG00000177465,ACOT4,False,True,2
ASL,ENSEMBL:ENSG00000126522,ASL,True,True,3
PRDM8,ENSEMBL:ENSG00000152784,PRDM8,True,True,5
ATM,ENSEMBL:ENSG00000149311,ATM,True,True,5
GRINA,ENSEMBL:ENSG00000178719,GRINA,True,True,4
DUSP11,ENSEMBL:ENSG00000144048,DUSP11,True,False,2
LAMC3,ENSEMBL:ENSG00000050555,LAMC3,True,True,6
EXOC7,ENSEMBL:ENSG00000182473,EXOC7,True,False,1
PFDN6,ENSEMBL:ENSG00000204220,PFDN6,True,True,2
SELENOM,ENSEMBL:ENSG00000198832,SELENOM,True,True,3
SAMSN1,ENSEMBL:ENSG00000155307,SAMSN1,True,True,4
CCND2,ENSEMBL:ENSG00000118971,CCND2,True,True,4
TRHR,ENSEMBL:ENSG00000174417,TRHR,False,True,1
SGMS1-AS1,ENSEMBL:ENSG00000226200,SGMS1-AS1,True,False,1
MARCHF8,ENSEMBL:ENSG00000165406,MARCHF8,True,True,4
ZNF414,ENSEMBL:ENSG00000133250,ZNF414,True,False,2
SOS2,ENSEMBL:ENSG00000100485,SOS2,True,False,2
MTHFS,ENSEMBL:ENSG00000136371,MTHFS,True,True,3
ENSEMBL:ENSG00000289353,ENSEMBL:ENSG00000289353,,True,False,1
CCT2,ENSEMBL:ENSG00000166226,CCT2,True,True,2
RPL30,ENSEMBL:ENSG00000156482,RPL30,True,True,3
NODAL,ENSEMBL:ENSG00000156574,NODAL,True,False,1
CARM1,ENSEMBL:ENSG00000142453,CARM1,True,True,4
KIFAP3,ENSEMBL:ENSG00000075945,KIFAP3,True,True,2
ZNRF2,ENSEMBL:ENSG00000180233,ZNRF2,True,True,5
ELP5,ENSEMBL:ENSG00000170291,ELP5,True,False,3
RFXAP,ENSEMBL:ENSG00000133111,RFXAP,True,False,1
ZNF230,ENSEMBL:ENSG00000159882,ZNF230,True,False,1
MCF2L,ENSEMBL:ENSG00000126217,MCF2L,True,True,6
PTPRCAP,ENSEMBL:ENSG00000213402,PTPRCAP,True,True,5
ZDHHC5,ENSEMBL:ENSG00000156599,ZDHHC5,True,True,4
ZNF710,ENSEMBL:ENSG00000140548,ZNF710,True,True,5
HLA-DMB|ENSG00000242574,ENSEMBL:ENSG00000242574,HLA-DMB,True,False,2
KCTD21,ENSEMBL:ENSG00000188997,KCTD21,True,False,2
NET1,ENSEMBL:ENSG00000173848,NET1,False,True,2
EIF4E2,ENSEMBL:ENSG00000135930,EIF4E2,True,True,4
GABARAP,ENSEMBL:ENSG00000170296,GABARAP,True,True,4
NR6A1,ENSEMBL:ENSG00000148200,NR6A1,True,True,3
ATP13A3,ENSEMBL:ENSG00000133657,ATP13A3,True,False,1
RNASEL,ENSEMBL:ENSG00000135828,RNASEL,True,True,6
ABR,ENSEMBL:ENSG00000159842,ABR,True,True,3
IRF4,ENSEMBL:ENSG00000137265,IRF4,True,True,4
CITED2,ENSEMBL:ENSG00000164442,CITED2,True,True,2
DAG1,ENSEMBL:ENSG00000173402,DAG1,False,True,2
ATG7,ENSEMBL:ENSG00000197548,ATG7,False,True,2
PUF60,ENSEMBL:ENSG00000179950,PUF60,True,True,3
MSR1,ENSEMBL:ENSG00000038945,MSR1,True,True,4
TMEM242,ENSEMBL:ENSG00000215712,TMEM242,True,True,2
ANGPT2,ENSEMBL:ENSG00000091879,ANGPT2,True,True,3
VCPKMT,ENSEMBL:ENSG00000100483,VCPKMT,True,False,2
PTPRK,ENSEMBL:ENSG00000152894,PTPRK,True,True,4
FOXJ3,ENSEMBL:ENSG00000198815,FOXJ3,True,True,3
HSD17B10,ENSEMBL:ENSG00000072506,HSD17B10,True,True,9
SECISBP2L,ENSEMBL:ENSG00000138593,SECISBP2L,True,True,3
ANXA9,ENSEMBL:ENSG00000143412,ANXA9,True,False,1
TRMT112,ENSEMBL:ENSG00000173113,TRMT112,True,True,5
SERP1,ENSEMBL:ENSG00000120742,SERP1,True,True,3
DUOX1,ENSEMBL:ENSG00000137857,DUOX1,True,True,3
PKD1P5,ENSEMBL:ENSG00000254681,PKD1P5,True,False,1
NINL,ENSEMBL:ENSG00000101004,NINL,True,False,1
NUTM2B-AS1,ENSEMBL:ENSG00000225484,NUTM2B-AS1,True,False,1
HMGCLL1,ENSEMBL:ENSG00000146151,HMGCLL1,False,True,2
ENSEMBL:ENSG00000272144,ENSEMBL:ENSG00000272144,,True,False,1
FOXO6|ENSG00000281518,ENSEMBL:ENSG00000281518,FOXO6,False,True,2
ACSL5,ENSEMBL:ENSG00000197142,ACSL5,True,True,3
TMEM72-AS1,ENSEMBL:ENSG00000224812,TMEM72-AS1,True,False,1
SLC30A6,ENSEMBL:ENSG00000152683,SLC30A6,True,False,1
CAPZA2,ENSEMBL:ENSG00000198898,CAPZA2,True,True,4
LRRC8D,ENSEMBL:ENSG00000171492,LRRC8D,True,True,4
DHX9,ENSEMBL:ENSG00000135829,DHX9,True,True,4
RAB25,ENSEMBL:ENSG00000132698,RAB25,False,True,3
SCD,ENSEMBL:ENSG00000099194,SCD,False,True,3
ACER1,ENSEMBL:ENSG00000167769,ACER1,False,True,2
MCUB,ENSEMBL:ENSG00000005059,MCUB,True,False,1
ARID1B,ENSEMBL:ENSG00000049618,ARID1B,True,True,5
M6PR,ENSEMBL:ENSG00000003056,M6PR,True,True,2
BTNL9,ENSEMBL:ENSG00000165810,BTNL9,True,True,4
TPCN2,ENSEMBL:ENSG00000162341,TPCN2,True,False,1
RPF2,ENSEMBL:ENSG00000197498,RPF2,True,False,1
TEX264,ENSEMBL:ENSG00000164081,TEX264,True,True,5
RBM26-AS1,ENSEMBL:ENSG00000227354,RBM26-AS1,True,False,1
POMP,ENSEMBL:ENSG00000132963,POMP,True,True,4
ENSEMBL:ENSG00000233461,ENSEMBL:ENSG00000233461,,True,False,1
MSL2,ENSEMBL:ENSG00000174579,MSL2,True,False,2
ENSEMBL:ENSG00000262691,ENSEMBL:ENSG00000262691,,True,False,1
ENSEMBL:ENSG00000249456,ENSEMBL:ENSG00000249456,,True,False,1
SKAP1,ENSEMBL:ENSG00000141293,SKAP1,True,True,5
PLEKHH2,ENSEMBL:ENSG00000152527,PLEKHH2,False,True,2
WWP1-AS1,ENSEMBL:ENSG00000254231,WWP1-AS1,True,False,1
YIPF2,ENSEMBL:ENSG00000130733,YIPF2,True,False,1
ASCC1,ENSEMBL:ENSG00000138303,ASCC1,True,False,1
IFT81,ENSEMBL:ENSG00000122970,IFT81,True,False,1
RNF19B,ENSEMBL:ENSG00000116514,RNF19B,True,True,3
PRKG1-AS1,ENSEMBL:ENSG00000236671,PRKG1-AS1,True,False,1
APOBEC3F,ENSEMBL:ENSG00000128394,APOBEC3F,True,False,2
FAM117A,ENSEMBL:ENSG00000121104,FAM117A,True,True,5
OXSM,ENSEMBL:ENSG00000151093,OXSM,False,True,4
IGF1,ENSEMBL:ENSG00000017427,IGF1,False,True,5
EOLA1,ENSEMBL:ENSG00000197620,EOLA1,True,False,1
KLHL20,ENSEMBL:ENSG00000076321,KLHL20,True,False,1
ATP11A,ENSEMBL:ENSG00000068650,ATP11A,True,True,3
SMIM7,ENSEMBL:ENSG00000214046,SMIM7,True,False,1
STX12,ENSEMBL:ENSG00000117758,STX12,True,False,2
CDK9,ENSEMBL:ENSG00000136807,CDK9,True,False,2
HBE1,ENSEMBL:ENSG00000213931,HBE1,False,True,1
FAM216A,ENSEMBL:ENSG00000204856,FAM216A,True,False,1
KNOP1,ENSEMBL:ENSG00000103550,KNOP1,True,True,3
ENSEMBL:ENSG00000280138,ENSEMBL:ENSG00000280138,,True,False,1
VWA5A,ENSEMBL:ENSG00000110002,VWA5A,False,True,5
5_8S_rRNA|ENSG00000275757,ENSEMBL:ENSG00000275757,5_8S_rRNA,True,False,1
RNA5-8SN5,ENSEMBL:ENSG00000274917,RNA5-8SN5,True,False,1
5_8S_rRNA|ENSG00000277739,ENSEMBL:ENSG00000277739,5_8S_rRNA,True,False,1
5_8S_rRNA|ENSG00000273730,ENSEMBL:ENSG00000273730,5_8S_rRNA,True,False,1
RNA5-8SN3,ENSEMBL:ENSG00000275215,RNA5-8SN3,True,True,3
RNA5-8SN4,ENSEMBL:ENSG00000276700,RNA5-8SN4,True,False,1
RN7SK,ENSEMBL:ENSG00000283293,RN7SK,True,False,1
RNA5-8SN1,ENSEMBL:ENSG00000278189,RNA5-8SN1,True,False,1
RNA5-8SN2,ENSEMBL:ENSG00000278233,RNA5-8SN2,True,False,1
CD40LG,ENSEMBL:ENSG00000102245,CD40LG,True,True,4
NUDT15,ENSEMBL:ENSG00000136159,NUDT15,True,True,2
HSPA12A,ENSEMBL:ENSG00000165868,HSPA12A,False,True,1
TMEM134,ENSEMBL:ENSG00000172663,TMEM134,True,True,5
TM7SF2,ENSEMBL:ENSG00000149809,TM7SF2,False,True,1
GPSM1,ENSEMBL:ENSG00000160360,GPSM1,True,True,6
BCR,ENSEMBL:ENSG00000186716,BCR,True,True,4
PMS1,ENSEMBL:ENSG00000064933,PMS1,True,False,1
LINC02649,ENSEMBL:ENSG00000215244,LINC02649,True,False,1
MYH7B,ENSEMBL:ENSG00000078814,MYH7B,True,True,3
C4orf3,ENSEMBL:ENSG00000164096,C4orf3,True,False,1
NECAB3,ENSEMBL:ENSG00000125967,NECAB3,True,False,2
RSPO3,ENSEMBL:ENSG00000146374,RSPO3,False,True,3
TUBB6,ENSEMBL:ENSG00000176014,TUBB6,True,True,7
C10orf105,ENSEMBL:ENSG00000214688,C10orf105,True,False,1
LIN7A,ENSEMBL:ENSG00000111052,LIN7A,True,True,4
CNTROB,ENSEMBL:ENSG00000170037,CNTROB,True,False,2
CCDC112,ENSEMBL:ENSG00000164221,CCDC112,True,True,2
CAMK2B,ENSEMBL:ENSG00000058404,CAMK2B,True,True,4
SEC14L2,ENSEMBL:ENSG00000100003,SEC14L2,False,True,3
PPP1R1B,ENSEMBL:ENSG00000131771,PPP1R1B,True,True,3
IMMT,ENSEMBL:ENSG00000132305,IMMT,True,True,6
MORC4,ENSEMBL:ENSG00000133131,MORC4,False,True,3
GSDMC,ENSEMBL:ENSG00000147697,GSDMC,True,False,1
STX6,ENSEMBL:ENSG00000135823,STX6,True,True,3
CAPZA1,ENSEMBL:ENSG00000116489,CAPZA1,True,True,3
MPI,ENSEMBL:ENSG00000178802,MPI,True,True,4
NHS,ENSEMBL:ENSG00000188158,NHS,True,True,2
DCLRE1C,ENSEMBL:ENSG00000152457,DCLRE1C,False,True,1
SLC25A5-AS1,ENSEMBL:ENSG00000224281,SLC25A5-AS1,True,False,1
PCTP,ENSEMBL:ENSG00000141179,PCTP,True,True,5
ORMDL3,ENSEMBL:ENSG00000172057,ORMDL3,True,True,6
ISG20L2,ENSEMBL:ENSG00000143319,ISG20L2,True,False,1
ABCF2-H2BE1,ENSEMBL:ENSG00000285292,ABCF2-H2BE1,True,False,1
ARHGAP39,ENSEMBL:ENSG00000147799,ARHGAP39,True,True,2
CERS4,ENSEMBL:ENSG00000090661,CERS4,True,False,1
SNX16,ENSEMBL:ENSG00000104497,SNX16,True,False,1
DTX2P1-UPK3BP1-PMS2P11,ENSEMBL:ENSG00000265479,DTX2P1-UPK3BP1-PMS2P11,True,False,1
ZNF513,ENSEMBL:ENSG00000163795,ZNF513,True,False,1
C16orf72,ENSEMBL:ENSG00000182831,C16orf72,True,False,2
DDX60L,ENSEMBL:ENSG00000181381,DDX60L,True,False,2
LINGO2,ENSEMBL:ENSG00000174482,LINGO2,True,False,1
MIR223HG,ENSEMBL:ENSG00000274536,MIR223HG,True,False,1
PLCB1,ENSEMBL:ENSG00000182621,PLCB1,True,True,2
MAP3K20,ENSEMBL:ENSG00000091436,MAP3K20,True,True,6
DDRGK1,ENSEMBL:ENSG00000198171,DDRGK1,True,True,3
GPATCH2,ENSEMBL:ENSG00000092978,GPATCH2,True,True,2
EIF3B,ENSEMBL:ENSG00000106263,EIF3B,True,True,4
LIG4,ENSEMBL:ENSG00000174405,LIG4,True,True,2
EP300,ENSEMBL:ENSG00000100393,EP300,True,True,3
INHA,ENSEMBL:ENSG00000123999,INHA,False,True,2
TIMM23,ENSEMBL:ENSG00000265354,TIMM23,True,True,4
SPTBN1,ENSEMBL:ENSG00000115306,SPTBN1,True,True,10
THAP10,ENSEMBL:ENSG00000129028,THAP10,True,False,1
LBP,ENSEMBL:ENSG00000129988,LBP,True,True,5
FCHSD2,ENSEMBL:ENSG00000137478,FCHSD2,True,True,4
TMCO1,ENSEMBL:ENSG00000143183,TMCO1,True,False,1
AURKC,ENSEMBL:ENSG00000105146,AURKC,False,True,3
VAMP2,ENSEMBL:ENSG00000220205,VAMP2,True,False,2
TFAP2C,ENSEMBL:ENSG00000087510,TFAP2C,False,True,1
ANGPTL4,ENSEMBL:ENSG00000167772,ANGPTL4,True,True,4
CCAR2,ENSEMBL:ENSG00000158941,CCAR2,True,False,2
PATJ,ENSEMBL:ENSG00000132849,PATJ,True,True,5
GOLGA3,ENSEMBL:ENSG00000090615,GOLGA3,True,False,2
ENSEMBL:ENSG00000093100,ENSEMBL:ENSG00000093100,,True,False,1
RPL19,ENSEMBL:ENSG00000108298,RPL19,True,True,3
PDCD11,ENSEMBL:ENSG00000148843,PDCD11,True,True,3
ADAMTS14,ENSEMBL:ENSG00000138316,ADAMTS14,True,True,5
MOCS2-DT,ENSEMBL:ENSG00000247796,MOCS2-DT,True,False,2
PGBD1,ENSEMBL:ENSG00000137338,PGBD1,True,False,1
POLL,ENSEMBL:ENSG00000166169,POLL,True,False,2
MSANTD4,ENSEMBL:ENSG00000170903,MSANTD4,True,False,1
PPM1G,ENSEMBL:ENSG00000115241,PPM1G,True,True,4
UGT1A8,ENSEMBL:ENSG00000242366,UGT1A8,False,True,4
QSOX2,ENSEMBL:ENSG00000165661,QSOX2,True,False,2
EDN2,ENSEMBL:ENSG00000127129,EDN2,False,True,1
STK25,ENSEMBL:ENSG00000115694,STK25,True,True,3
DGKZP1,ENSEMBL:ENSG00000179611,DGKZP1,True,False,1
ENSEMBL:ENSG00000261840,ENSEMBL:ENSG00000261840,,True,False,1
BRCA1,ENSEMBL:ENSG00000012048,BRCA1,True,True,3
TNFRSF6B,ENSEMBL:ENSG00000243509,TNFRSF6B,True,False,1
PON3,ENSEMBL:ENSG00000105852,PON3,False,True,2
PIK3R2,ENSEMBL:ENSG00000105647,PIK3R2,True,True,4
PTPMT1,ENSEMBL:ENSG00000110536,PTPMT1,False,True,2
RHOG,ENSEMBL:ENSG00000177105,RHOG,True,True,4
GALT,ENSEMBL:ENSG00000213930,GALT,True,True,3
TGFBR2,ENSEMBL:ENSG00000163513,TGFBR2,True,True,6
ENSEMBL:ENSG00000277687,ENSEMBL:ENSG00000277687,,True,False,2
BTBD7,ENSEMBL:ENSG00000011114,BTBD7,True,False,2
MANBA,ENSEMBL:ENSG00000109323,MANBA,True,False,2
CYP17A1,ENSEMBL:ENSG00000148795,CYP17A1,False,True,1
ENSEMBL:ENSG00000267174,ENSEMBL:ENSG00000267174,,True,False,1
NUDT7,ENSEMBL:ENSG00000140876,NUDT7,True,True,8
MAB21L4,ENSEMBL:ENSG00000172478,MAB21L4,False,True,2
SREBF1,ENSEMBL:ENSG00000072310,SREBF1,True,True,4
FHIP2A,ENSEMBL:ENSG00000151553,FHIP2A,True,True,3
ENSEMBL:ENSG00000273295,ENSEMBL:ENSG00000273295,,True,False,2
LAIR2,ENSEMBL:ENSG00000167618,LAIR2,True,False,1
LINC01215,ENSEMBL:ENSG00000271856,LINC01215,True,False,1
TALDO1,ENSEMBL:ENSG00000177156,TALDO1,True,True,8
CALCOCO2,ENSEMBL:ENSG00000136436,CALCOCO2,True,False,1
CACNB2,ENSEMBL:ENSG00000165995,CACNB2,False,True,2
ENSEMBL:ENSG00000258634,ENSEMBL:ENSG00000258634,,True,False,2
TNC,ENSEMBL:ENSG00000041982,TNC,False,True,4
RPS3A,ENSEMBL:ENSG00000145425,RPS3A,True,True,6
PTK7,ENSEMBL:ENSG00000112655,PTK7,False,True,1
PNKP,ENSEMBL:ENSG00000039650,PNKP,False,True,1
ATRNL1,ENSEMBL:ENSG00000107518,ATRNL1,False,True,3
PGAP2,ENSEMBL:ENSG00000148985,PGAP2,True,True,4
DPYD,ENSEMBL:ENSG00000188641,DPYD,True,True,5
AMZ2,ENSEMBL:ENSG00000196704,AMZ2,True,True,2
PLCD4,ENSEMBL:ENSG00000115556,PLCD4,True,True,3
TNFRSF25,ENSEMBL:ENSG00000215788,TNFRSF25,True,True,3
ENSEMBL:ENSG00000264151,ENSEMBL:ENSG00000264151,,True,False,1
TECTA,ENSEMBL:ENSG00000109927,TECTA,True,False,1
MAP3K11,ENSEMBL:ENSG00000173327,MAP3K11,True,False,2
SNHG29,ENSEMBL:ENSG00000175061,SNHG29,True,False,1
EVI2A,ENSEMBL:ENSG00000126860,EVI2A,True,True,6
RACK1,ENSEMBL:ENSG00000204628,RACK1,True,True,6
RCOR1,ENSEMBL:ENSG00000089902,RCOR1,True,True,4
NKAIN4,ENSEMBL:ENSG00000101198,NKAIN4,False,True,2
TJAP1,ENSEMBL:ENSG00000137221,TJAP1,True,True,2
RPH3A,ENSEMBL:ENSG00000089169,RPH3A,True,False,1
G3BP2,ENSEMBL:ENSG00000138757,G3BP2,True,True,4
KIF1B,ENSEMBL:ENSG00000054523,KIF1B,True,True,5
CTH,ENSEMBL:ENSG00000116761,CTH,True,True,2
PHF19,ENSEMBL:ENSG00000119403,PHF19,True,False,1
TCAF1,ENSEMBL:ENSG00000198420,TCAF1,True,True,2
CTDSPL,ENSEMBL:ENSG00000144677,CTDSPL,True,False,1
PTK2,ENSEMBL:ENSG00000169398,PTK2,True,False,2
PPP4C,ENSEMBL:ENSG00000149923,PPP4C,True,True,3
ZNF594,ENSEMBL:ENSG00000180626,ZNF594,True,False,1
SRA1,ENSEMBL:ENSG00000213523,SRA1,True,True,2
ASPN,ENSEMBL:ENSG00000106819,ASPN,False,True,5
ZNF224,ENSEMBL:ENSG00000267680,ZNF224,True,False,1
ATP8B2,ENSEMBL:ENSG00000143515,ATP8B2,True,True,4
TAT,ENSEMBL:ENSG00000198650,TAT,False,True,1
PRSS12,ENSEMBL:ENSG00000164099,PRSS12,False,True,3
RNF44,ENSEMBL:ENSG00000146083,RNF44,True,True,2
DEPDC5,ENSEMBL:ENSG00000100150,DEPDC5,True,True,2
UPF1,ENSEMBL:ENSG00000005007,UPF1,True,True,4
SSR3,ENSEMBL:ENSG00000114850,SSR3,True,True,3
ANO1,ENSEMBL:ENSG00000131620,ANO1,False,True,1
LPAR2,ENSEMBL:ENSG00000064547,LPAR2,True,False,1
TMEM200C,ENSEMBL:ENSG00000206432,TMEM200C,False,True,3
CPXM2,ENSEMBL:ENSG00000121898,CPXM2,False,True,1
GJB4,ENSEMBL:ENSG00000189433,GJB4,False,True,1
ARF1,ENSEMBL:ENSG00000143761,ARF1,True,True,4
DEDD,ENSEMBL:ENSG00000158796,DEDD,True,False,1
ENSEMBL:ENSG00000259881,ENSEMBL:ENSG00000259881,,True,False,1
PNISR,ENSEMBL:ENSG00000132424,PNISR,True,True,6
ACY1,ENSEMBL:ENSG00000243989,ACY1,True,True,6
GRK4,ENSEMBL:ENSG00000125388,GRK4,True,False,1
ENSEMBL:ENSG00000245156,ENSEMBL:ENSG00000245156,,True,False,1
TRMT5,ENSEMBL:ENSG00000126814,TRMT5,True,False,1
PDIA3,ENSEMBL:ENSG00000167004,PDIA3,True,True,3
ATP9B,ENSEMBL:ENSG00000166377,ATP9B,True,True,2
PLCB2,ENSEMBL:ENSG00000137841,PLCB2,True,True,3
MEGF10,ENSEMBL:ENSG00000145794,MEGF10,True,True,3
PTGDR2,ENSEMBL:ENSG00000183134,PTGDR2,True,False,1
IPO9,ENSEMBL:ENSG00000198700,IPO9,True,True,3
NPLOC4,ENSEMBL:ENSG00000182446,NPLOC4,True,False,3
ADCY9,ENSEMBL:ENSG00000162104,ADCY9,True,True,5
SPRYD7,ENSEMBL:ENSG00000123178,SPRYD7,False,True,2
COPE,ENSEMBL:ENSG00000105669,COPE,False,True,2
D2HGDH,ENSEMBL:ENSG00000180902,D2HGDH,True,True,3
ZNF564,ENSEMBL:ENSG00000249709,ZNF564,True,False,1
GET4,ENSEMBL:ENSG00000239857,GET4,True,True,2
RRP1,ENSEMBL:ENSG00000160214,RRP1,True,False,2
MAGT1,ENSEMBL:ENSG00000102158,MAGT1,True,True,3
RUFY1-AS1,ENSEMBL:ENSG00000244945,RUFY1-AS1,True,False,1
LY9,ENSEMBL:ENSG00000122224,LY9,True,True,6
DDHD2,ENSEMBL:ENSG00000085788,DDHD2,True,True,4
ATP13A1,ENSEMBL:ENSG00000105726,ATP13A1,True,True,3
MYO5C,ENSEMBL:ENSG00000128833,MYO5C,True,True,4
TRPM1,ENSEMBL:ENSG00000134160,TRPM1,False,True,2
TPPP3,ENSEMBL:ENSG00000159713,TPPP3,True,True,5
TBC1D23,ENSEMBL:ENSG00000036054,TBC1D23,True,True,2
TUBE1,ENSEMBL:ENSG00000074935,TUBE1,True,False,1
RGS18,ENSEMBL:ENSG00000150681,RGS18,True,True,4
ACVRL1,ENSEMBL:ENSG00000139567,ACVRL1,True,True,4
IPMK,ENSEMBL:ENSG00000151151,IPMK,True,False,2
MYBL2,ENSEMBL:ENSG00000101057,MYBL2,True,True,3
VILL,ENSEMBL:ENSG00000136059,VILL,True,True,3
PLAGL1,ENSEMBL:ENSG00000118495,PLAGL1,True,True,3
BNIP3L,ENSEMBL:ENSG00000104765,BNIP3L,True,True,5
POLR1F,ENSEMBL:ENSG00000105849,POLR1F,True,False,2
GGTA1,ENSEMBL:ENSG00000204136,GGTA1,True,True,5
LATS1,ENSEMBL:ENSG00000131023,LATS1,True,True,3
OSBPL6,ENSEMBL:ENSG00000079156,OSBPL6,True,True,8
PPM1K,ENSEMBL:ENSG00000163644,PPM1K,True,True,8
FARSB,ENSEMBL:ENSG00000116120,FARSB,False,True,2
TRIM38,ENSEMBL:ENSG00000112343,TRIM38,True,False,1
GNB3,ENSEMBL:ENSG00000111664,GNB3,False,True,1
PPP1R13L,ENSEMBL:ENSG00000104881,PPP1R13L,True,True,3
MED13L,ENSEMBL:ENSG00000123066,MED13L,True,True,3
TUBAL3,ENSEMBL:ENSG00000178462,TUBAL3,False,True,1
COP1,ENSEMBL:ENSG00000143207,COP1,True,False,1
RSBN1,ENSEMBL:ENSG00000081019,RSBN1,True,False,2
HRC,ENSEMBL:ENSG00000130528,HRC,True,True,5
ZNF696,ENSEMBL:ENSG00000185730,ZNF696,True,False,3
REXO1,ENSEMBL:ENSG00000079313,REXO1,True,True,3
RMND5B,ENSEMBL:ENSG00000145916,RMND5B,True,True,3
SPAG5,ENSEMBL:ENSG00000076382,SPAG5,False,True,1
POLR3E,ENSEMBL:ENSG00000058600,POLR3E,True,True,4
NECTIN1,ENSEMBL:ENSG00000110400,NECTIN1,True,True,3
HOXA7,ENSEMBL:ENSG00000122592,HOXA7,True,True,3
GSTK1,ENSEMBL:ENSG00000197448,GSTK1,True,True,5
DHDDS,ENSEMBL:ENSG00000117682,DHDDS,True,True,3
HNF4G,ENSEMBL:ENSG00000164749,HNF4G,False,True,2
TAF4B,ENSEMBL:ENSG00000141384,TAF4B,True,False,1
RAB5IF,ENSEMBL:ENSG00000101084,RAB5IF,True,True,2
ADCY4,ENSEMBL:ENSG00000129467,ADCY4,True,True,3
ENSEMBL:ENSG00000268903,ENSEMBL:ENSG00000268903,,True,False,1
GCSAM,ENSEMBL:ENSG00000174500,GCSAM,True,True,5
PDS5B,ENSEMBL:ENSG00000083642,PDS5B,True,True,3
MS4A2,ENSEMBL:ENSG00000149534,MS4A2,True,True,3
CCDC28A,ENSEMBL:ENSG00000024862,CCDC28A,True,True,3
TGFBR1,ENSEMBL:ENSG00000106799,TGFBR1,True,True,3
SRSF4,ENSEMBL:ENSG00000116350,SRSF4,True,True,4
SPINK5,ENSEMBL:ENSG00000133710,SPINK5,False,True,1
ENSEMBL:ENSG00000283633,ENSEMBL:ENSG00000283633,,True,False,1
PARK7,ENSEMBL:ENSG00000116288,PARK7,True,True,5
TECR,ENSEMBL:ENSG00000099797,TECR,True,True,9
DOHH,ENSEMBL:ENSG00000129932,DOHH,True,False,1
CYTH2,ENSEMBL:ENSG00000105443,CYTH2,True,False,2
CCR2,ENSEMBL:ENSG00000121807,CCR2,True,False,1
EXO5,ENSEMBL:ENSG00000164002,EXO5,True,False,1
ENSEMBL:ENSG00000266993,ENSEMBL:ENSG00000266993,,True,False,1
CDK14,ENSEMBL:ENSG00000058091,CDK14,True,True,4
HIP1,ENSEMBL:ENSG00000127946,HIP1,True,True,2
KCNA2,ENSEMBL:ENSG00000177301,KCNA2,False,True,2
RBL2,ENSEMBL:ENSG00000103479,RBL2,True,True,5
VIPR1,ENSEMBL:ENSG00000114812,VIPR1,True,False,2
KRT72,ENSEMBL:ENSG00000170486,KRT72,True,False,1
ENSEMBL:ENSG00000283175,ENSEMBL:ENSG00000283175,,True,False,1
EPN3,ENSEMBL:ENSG00000049283,EPN3,False,True,2
ZNF555,ENSEMBL:ENSG00000186300,ZNF555,True,False,1
NBPF15,ENSEMBL:ENSG00000266338,NBPF15,True,False,1
RBPMS2,ENSEMBL:ENSG00000166831,RBPMS2,False,True,2
BCS1L,ENSEMBL:ENSG00000074582,BCS1L,True,True,3
DNAJB14,ENSEMBL:ENSG00000164031,DNAJB14,True,True,3
TMEM205,ENSEMBL:ENSG00000105518,TMEM205,True,True,2
TRIM26|ENSG00000234127,ENSEMBL:ENSG00000234127,TRIM26,True,False,1
KCNK1,ENSEMBL:ENSG00000135750,KCNK1,False,True,1
TMED5,ENSEMBL:ENSG00000117500,TMED5,True,True,3
CCDC141,ENSEMBL:ENSG00000163492,CCDC141,True,True,4
C6orf136,ENSEMBL:ENSG00000204564,C6orf136,True,True,5
SLC13A3,ENSEMBL:ENSG00000158296,SLC13A3,True,True,3
ACAD10,ENSEMBL:ENSG00000111271,ACAD10,True,True,7
ANKRD24,ENSEMBL:ENSG00000089847,ANKRD24,True,False,1
EIF4EBP2,ENSEMBL:ENSG00000148730,EIF4EBP2,True,True,5
PIGT,ENSEMBL:ENSG00000124155,PIGT,True,True,4
PAPOLA,ENSEMBL:ENSG00000090060,PAPOLA,True,True,4
KHNYN,ENSEMBL:ENSG00000100441,KHNYN,True,True,3
NAP1L4,ENSEMBL:ENSG00000205531,NAP1L4,True,True,3
OGFR,ENSEMBL:ENSG00000060491,OGFR,True,True,2
TCTN2,ENSEMBL:ENSG00000168778,TCTN2,True,False,1
RPL9,ENSEMBL:ENSG00000163682,RPL9,True,True,4
RPS25,ENSEMBL:ENSG00000118181,RPS25,True,True,4
PKP1,ENSEMBL:ENSG00000081277,PKP1,True,True,3
ENSEMBL:ENSG00000288818,ENSEMBL:ENSG00000288818,,True,False,1
KBTBD11,ENSEMBL:ENSG00000176595,KBTBD11,True,True,4
CXXC4,ENSEMBL:ENSG00000168772,CXXC4,True,True,3
AUH,ENSEMBL:ENSG00000148090,AUH,True,True,5
DDX52,ENSEMBL:ENSG00000278053,DDX52,True,False,1
HNRNPUL1,ENSEMBL:ENSG00000105323,HNRNPUL1,True,True,5
C1orf127,ENSEMBL:ENSG00000175262,C1orf127,True,False,1
ADAT3,ENSEMBL:ENSG00000213638,ADAT3,True,False,2
GMPR,ENSEMBL:ENSG00000137198,GMPR,True,True,7
THOC5,ENSEMBL:ENSG00000100296,THOC5,True,False,2
TRMT10C,ENSEMBL:ENSG00000174173,TRMT10C,True,True,2
GIMAP5,ENSEMBL:ENSG00000196329,GIMAP5,True,True,9
PAM16,ENSEMBL:ENSG00000217930,PAM16,False,True,6
SNX29,ENSEMBL:ENSG00000048471,SNX29,True,True,3
SCAF11,ENSEMBL:ENSG00000139218,SCAF11,True,False,3
POLR3H,ENSEMBL:ENSG00000100413,POLR3H,True,True,2
WDR45,ENSEMBL:ENSG00000196998,WDR45,True,True,4
DDX28,ENSEMBL:ENSG00000182810,DDX28,True,False,1
GALNT5,ENSEMBL:ENSG00000136542,GALNT5,False,True,1
ATG12,ENSEMBL:ENSG00000145782,ATG12,True,False,1
REEP3,ENSEMBL:ENSG00000165476,REEP3,True,True,4
STYX,ENSEMBL:ENSG00000198252,STYX,True,False,1
ZNF440,ENSEMBL:ENSG00000171295,ZNF440,True,False,1
CCDC50,ENSEMBL:ENSG00000152492,CCDC50,True,True,4
DNA2,ENSEMBL:ENSG00000138346,DNA2,True,False,1
HTATSF1,ENSEMBL:ENSG00000102241,HTATSF1,True,True,2
ARHGEF10L,ENSEMBL:ENSG00000074964,ARHGEF10L,True,True,2
EDRF1-DT,ENSEMBL:ENSG00000224023,EDRF1-DT,True,False,1
ZNF552,ENSEMBL:ENSG00000178935,ZNF552,True,False,2
KLHL30-AS1,ENSEMBL:ENSG00000279484,KLHL30-AS1,True,False,1
RPS5,ENSEMBL:ENSG00000083845,RPS5,True,True,5
SHISA5,ENSEMBL:ENSG00000164054,SHISA5,True,True,3
ADAMTS15,ENSEMBL:ENSG00000166106,ADAMTS15,True,True,3
SHC3,ENSEMBL:ENSG00000148082,SHC3,True,True,3
CENATAC,ENSEMBL:ENSG00000186166,CENATAC,True,False,1
MPP7,ENSEMBL:ENSG00000150054,MPP7,True,True,3
LINC00173,ENSEMBL:ENSG00000196668,LINC00173,True,False,1
NUP58,ENSEMBL:ENSG00000139496,NUP58,True,True,2
C2CD2L,ENSEMBL:ENSG00000172375,C2CD2L,True,True,6
HYKK,ENSEMBL:ENSG00000188266,HYKK,True,False,1
CXADR,ENSEMBL:ENSG00000154639,CXADR,False,True,3
FMO3,ENSEMBL:ENSG00000007933,FMO3,False,True,6
FMO2,ENSEMBL:ENSG00000094963,FMO2,True,True,6
PRKCQ-AS1,ENSEMBL:ENSG00000237943,PRKCQ-AS1,True,False,2
CRNKL1,ENSEMBL:ENSG00000101343,CRNKL1,True,False,1
TGFB2-AS1,ENSEMBL:ENSG00000232480,TGFB2-AS1,True,False,1
ACE,ENSEMBL:ENSG00000159640,ACE,True,True,5
ANKRD11,ENSEMBL:ENSG00000167522,ANKRD11,True,True,4
WFDC2,ENSEMBL:ENSG00000101443,WFDC2,True,True,3
ZNRD1ASP,ENSEMBL:ENSG00000204623,ZNRD1ASP,True,False,2
ZSCAN12,ENSEMBL:ENSG00000158691,ZSCAN12,False,True,3
LY6G5B,ENSEMBL:ENSG00000240053,LY6G5B,True,False,1
GAS2,ENSEMBL:ENSG00000148935,GAS2,True,True,3
E2F6,ENSEMBL:ENSG00000169016,E2F6,True,False,2
CC2D1A,ENSEMBL:ENSG00000132024,CC2D1A,True,False,1
IGHM,ENSEMBL:ENSG00000211899,IGHM,True,False,1
BRD7,ENSEMBL:ENSG00000166164,BRD7,True,True,2
SPIB,ENSEMBL:ENSG00000269404,SPIB,False,True,4
ZNF354A,ENSEMBL:ENSG00000169131,ZNF354A,True,True,2
FANCG,ENSEMBL:ENSG00000221829,FANCG,True,False,2
SLC38A9,ENSEMBL:ENSG00000177058,SLC38A9,True,False,1
KLHL31,ENSEMBL:ENSG00000124743,KLHL31,True,True,4
ALKBH8,ENSEMBL:ENSG00000137760,ALKBH8,True,False,1
PA2G4,ENSEMBL:ENSG00000170515,PA2G4,True,True,3
RGS19,ENSEMBL:ENSG00000171700,RGS19,True,True,2
ZNF573,ENSEMBL:ENSG00000189144,ZNF573,True,False,1
ZNF607,ENSEMBL:ENSG00000198182,ZNF607,True,False,1
DSC2,ENSEMBL:ENSG00000134755,DSC2,True,True,2
S100A4,ENSEMBL:ENSG00000196154,S100A4,False,True,6
DAP3,ENSEMBL:ENSG00000132676,DAP3,False,True,1
PMFBP1,ENSEMBL:ENSG00000118557,PMFBP1,False,True,2
LINC00482,ENSEMBL:ENSG00000185168,LINC00482,True,False,1
ARAP3,ENSEMBL:ENSG00000120318,ARAP3,True,True,4
VRK2,ENSEMBL:ENSG00000028116,VRK2,False,True,1
HERC2,ENSEMBL:ENSG00000128731,HERC2,True,True,5
ZFY,ENSEMBL:ENSG00000067646,ZFY,True,False,1
SYPL1,ENSEMBL:ENSG00000008282,SYPL1,True,True,2
FLI1,ENSEMBL:ENSG00000151702,FLI1,True,True,3
DPP4,ENSEMBL:ENSG00000197635,DPP4,True,True,3
LINC02084,ENSEMBL:ENSG00000272282,LINC02084,True,False,1
MYH3,ENSEMBL:ENSG00000109063,MYH3,False,True,2
CBX1,ENSEMBL:ENSG00000108468,CBX1,True,True,2
ZNF326,ENSEMBL:ENSG00000162664,ZNF326,True,True,2
EXTL2,ENSEMBL:ENSG00000162694,EXTL2,True,False,1
CCAR1,ENSEMBL:ENSG00000060339,CCAR1,True,True,4
PML,ENSEMBL:ENSG00000140464,PML,True,True,7
SGSM2,ENSEMBL:ENSG00000141258,SGSM2,True,False,1
HIVEP2,ENSEMBL:ENSG00000010818,HIVEP2,True,True,4
IGSF8,ENSEMBL:ENSG00000162729,IGSF8,True,True,3
BCCIP,ENSEMBL:ENSG00000107949,BCCIP,True,True,3
BTBD8,ENSEMBL:ENSG00000189195,BTBD8,True,True,2
OLFML2A,ENSEMBL:ENSG00000185585,OLFML2A,True,True,4
LRPAP1,ENSEMBL:ENSG00000163956,LRPAP1,True,True,4
VRK3,ENSEMBL:ENSG00000105053,VRK3,True,True,3
YTHDC1,ENSEMBL:ENSG00000083896,YTHDC1,True,True,2
MTIF2,ENSEMBL:ENSG00000085760,MTIF2,True,True,3
EHBP1,ENSEMBL:ENSG00000115504,EHBP1,True,False,1
ENSEMBL:ENSG00000284526,ENSEMBL:ENSG00000284526,,True,False,1
MUC1,ENSEMBL:ENSG00000185499,MUC1,False,True,1
TSEN15,ENSEMBL:ENSG00000198860,TSEN15,True,False,2
COMMD9,ENSEMBL:ENSG00000110442,COMMD9,False,True,2
SPRYD3,ENSEMBL:ENSG00000167778,SPRYD3,True,False,2
PGM5,ENSEMBL:ENSG00000154330,PGM5,True,True,4
RMI1,ENSEMBL:ENSG00000178966,RMI1,True,False,1
KRCC1,ENSEMBL:ENSG00000172086,KRCC1,True,True,3
BTF3,ENSEMBL:ENSG00000145741,BTF3,True,True,4
LEXM,ENSEMBL:ENSG00000162398,LEXM,True,True,2
ESAM,ENSEMBL:ENSG00000149564,ESAM,True,True,5
ENSEMBL:ENSG00000272195,ENSEMBL:ENSG00000272195,,True,False,1
FUT10,ENSEMBL:ENSG00000172728,FUT10,True,False,1
BET1,ENSEMBL:ENSG00000105829,BET1,True,True,4
ISLR2,ENSEMBL:ENSG00000167178,ISLR2,True,True,5
TRNT1,ENSEMBL:ENSG00000072756,TRNT1,False,True,2
LTB4R2,ENSEMBL:ENSG00000213906,LTB4R2,True,False,1
LONRF1,ENSEMBL:ENSG00000154359,LONRF1,True,True,2
ENSEMBL:ENSG00000286657,ENSEMBL:ENSG00000286657,,True,False,1
MAPK8,ENSEMBL:ENSG00000107643,MAPK8,True,False,1
ENSEMBL:ENSG00000229821,ENSEMBL:ENSG00000229821,,True,False,1
LARGE2,ENSEMBL:ENSG00000165905,LARGE2,True,False,2
SLC37A1,ENSEMBL:ENSG00000160190,SLC37A1,True,True,2
CMTR1,ENSEMBL:ENSG00000137200,CMTR1,True,True,4
NLRP1,ENSEMBL:ENSG00000091592,NLRP1,True,True,5
ENSEMBL:ENSG00000273015,ENSEMBL:ENSG00000273015,,True,False,1
EIF1,ENSEMBL:ENSG00000173812,EIF1,True,True,3
ZNF282,ENSEMBL:ENSG00000170265,ZNF282,True,True,3
PLCB3,ENSEMBL:ENSG00000149782,PLCB3,True,False,3
ENSEMBL:ENSG00000285728,ENSEMBL:ENSG00000285728,,True,False,1
L3MBTL2-AS1,ENSEMBL:ENSG00000235513,L3MBTL2-AS1,True,False,1
MCM6,ENSEMBL:ENSG00000076003,MCM6,True,True,4
ERI2,ENSEMBL:ENSG00000196678,ERI2,True,False,2
METTL23,ENSEMBL:ENSG00000181038,METTL23,True,False,1
SIRT5,ENSEMBL:ENSG00000124523,SIRT5,True,False,1
DUS3L,ENSEMBL:ENSG00000141994,DUS3L,True,True,3
CPNE1,ENSEMBL:ENSG00000214078,CPNE1,True,False,1
PCAT19,ENSEMBL:ENSG00000267107,PCAT19,True,False,1
ALDH1A1,ENSEMBL:ENSG00000165092,ALDH1A1,True,True,5
RPA3,ENSEMBL:ENSG00000106399,RPA3,True,True,2
WDSUB1,ENSEMBL:ENSG00000196151,WDSUB1,True,False,1
XXYLT1,ENSEMBL:ENSG00000173950,XXYLT1,True,True,2
FAM50A,ENSEMBL:ENSG00000071859,FAM50A,True,False,2
BLVRA,ENSEMBL:ENSG00000106605,BLVRA,False,True,4
ZC3H4,ENSEMBL:ENSG00000130749,ZC3H4,True,False,2
AP1G1,ENSEMBL:ENSG00000166747,AP1G1,True,False,1
THAP4,ENSEMBL:ENSG00000176946,THAP4,True,True,2
SRCAP,ENSEMBL:ENSG00000080603,SRCAP,True,True,4
TIMM44,ENSEMBL:ENSG00000104980,TIMM44,True,True,6
KYAT3,ENSEMBL:ENSG00000137944,KYAT3,False,True,4
DEF6,ENSEMBL:ENSG00000023892,DEF6,True,True,7
SIRT3,ENSEMBL:ENSG00000142082,SIRT3,True,True,5
EPB41L3,ENSEMBL:ENSG00000082397,EPB41L3,True,True,7
DGCR6,ENSEMBL:ENSG00000183628,DGCR6,False,True,2
ENSEMBL:ENSG00000284691,ENSEMBL:ENSG00000284691,,True,False,2
WASH8P,ENSEMBL:ENSG00000226210,WASH8P,True,False,2
PKD1P6-NPIPP1,ENSEMBL:ENSG00000270580,PKD1P6-NPIPP1,True,False,1
AAMP,ENSEMBL:ENSG00000127837,AAMP,True,True,3
ASIC3,ENSEMBL:ENSG00000213199,ASIC3,True,False,1
DST,ENSEMBL:ENSG00000151914,DST,True,True,6
CXCL14,ENSEMBL:ENSG00000145824,CXCL14,True,True,4
RBPMS,ENSEMBL:ENSG00000157110,RBPMS,False,True,3
SNX12,ENSEMBL:ENSG00000147164,SNX12,True,True,3
UNC5D,ENSEMBL:ENSG00000156687,UNC5D,False,True,1
ACTR10,ENSEMBL:ENSG00000131966,ACTR10,True,False,1
ENSEMBL:ENSG00000237550,ENSEMBL:ENSG00000237550,,True,False,1
ACTR2,ENSEMBL:ENSG00000138071,ACTR2,True,True,3
G6PC3,ENSEMBL:ENSG00000141349,G6PC3,True,True,4
DDX60,ENSEMBL:ENSG00000137628,DDX60,True,False,2
BHLHE41,ENSEMBL:ENSG00000123095,BHLHE41,True,True,3
HDAC10,ENSEMBL:ENSG00000100429,HDAC10,True,True,3
EMD,ENSEMBL:ENSG00000102119,EMD,False,True,1
NFKBIE,ENSEMBL:ENSG00000146232,NFKBIE,True,True,3
EEF1B2,ENSEMBL:ENSG00000114942,EEF1B2,True,True,4
MIGA2,ENSEMBL:ENSG00000148343,MIGA2,True,True,4
SEPTIN1,ENSEMBL:ENSG00000180096,SEPTIN1,True,True,7
BMI1,ENSEMBL:ENSG00000168283,BMI1,True,True,2
MIX23,ENSEMBL:ENSG00000160124,MIX23,True,True,5
PARS2,ENSEMBL:ENSG00000162396,PARS2,True,True,3
ABL1,ENSEMBL:ENSG00000097007,ABL1,True,True,5
KCTD19,ENSEMBL:ENSG00000168676,KCTD19,False,True,1
PCOLCE,ENSEMBL:ENSG00000106333,PCOLCE,True,True,4
BAALC,ENSEMBL:ENSG00000164929,BAALC,True,True,3
SYT3,ENSEMBL:ENSG00000213023,SYT3,False,True,1
FOXP4,ENSEMBL:ENSG00000137166,FOXP4,True,True,5
CLCN2,ENSEMBL:ENSG00000114859,CLCN2,True,True,4
ECHDC3,ENSEMBL:ENSG00000134463,ECHDC3,True,True,5
MRPL17,ENSEMBL:ENSG00000158042,MRPL17,True,True,6
LRRC37A7P,ENSEMBL:ENSG00000265158,LRRC37A7P,True,False,1
CMA1,ENSEMBL:ENSG00000092009,CMA1,False,True,1
CDK11B,ENSEMBL:ENSG00000248333,CDK11B,True,True,5
SLC9A1,ENSEMBL:ENSG00000090020,SLC9A1,True,True,4
DAGLB,ENSEMBL:ENSG00000164535,DAGLB,True,False,2
NHLRC3,ENSEMBL:ENSG00000188811,NHLRC3,True,True,2
RMDN1,ENSEMBL:ENSG00000176623,RMDN1,False,True,3
APBA1,ENSEMBL:ENSG00000107282,APBA1,True,True,4
DHX16,ENSEMBL:ENSG00000204560,DHX16,True,False,1
PTGER4,ENSEMBL:ENSG00000171522,PTGER4,True,True,5
ENSEMBL:ENSG00000289586,ENSEMBL:ENSG00000289586,,True,False,1
CLEC2B,ENSEMBL:ENSG00000110852,CLEC2B,True,False,2
ENSEMBL:ENSG00000244480,ENSEMBL:ENSG00000244480,,True,False,1
ZNF592,ENSEMBL:ENSG00000166716,ZNF592,True,True,3
CBFB,ENSEMBL:ENSG00000067955,CBFB,True,True,2
RBM3,ENSEMBL:ENSG00000102317,RBM3,True,True,4
RAB36,ENSEMBL:ENSG00000100228,RAB36,True,False,1
ATG101,ENSEMBL:ENSG00000123395,ATG101,True,True,3
LIPG,ENSEMBL:ENSG00000101670,LIPG,True,True,5
RABEP2,ENSEMBL:ENSG00000177548,RABEP2,True,True,6
TRAPPC1,ENSEMBL:ENSG00000170043,TRAPPC1,True,True,2
RNF169,ENSEMBL:ENSG00000166439,RNF169,True,True,3
CNDP1,ENSEMBL:ENSG00000150656,CNDP1,False,True,3
ATP6V0D1-DT,ENSEMBL:ENSG00000270049,ATP6V0D1-DT,True,False,1
CBR4,ENSEMBL:ENSG00000145439,CBR4,False,True,2
APOL3,ENSEMBL:ENSG00000128284,APOL3,True,True,2
CACNG6,ENSEMBL:ENSG00000130433,CACNG6,True,False,1
TOLLIP,ENSEMBL:ENSG00000078902,TOLLIP,True,False,2
TPX2,ENSEMBL:ENSG00000088325,TPX2,True,True,2
PPHLN1,ENSEMBL:ENSG00000134283,PPHLN1,True,False,1
NOP53,ENSEMBL:ENSG00000105373,NOP53,True,True,2
ATP10A,ENSEMBL:ENSG00000206190,ATP10A,True,True,2
RGL4,ENSEMBL:ENSG00000159496,RGL4,True,False,1
SNTG2,ENSEMBL:ENSG00000172554,SNTG2,False,True,2
SLC25A6,ENSEMBL:ENSG00000169100,SLC25A6,True,False,2
UBL7,ENSEMBL:ENSG00000138629,UBL7,False,True,1
STK4,ENSEMBL:ENSG00000101109,STK4,True,True,4
MRPL54,ENSEMBL:ENSG00000183617,MRPL54,True,True,2
CSTB,ENSEMBL:ENSG00000160213,CSTB,True,True,4
TRAF3,ENSEMBL:ENSG00000131323,TRAF3,True,False,2
GRIK4,ENSEMBL:ENSG00000149403,GRIK4,True,False,1
CREBL2,ENSEMBL:ENSG00000111269,CREBL2,True,True,3
MIF4GD,ENSEMBL:ENSG00000125457,MIF4GD,True,True,3
LSM12,ENSEMBL:ENSG00000161654,LSM12,True,True,4
AMDHD1,ENSEMBL:ENSG00000139344,AMDHD1,True,True,2
HIPK3,ENSEMBL:ENSG00000110422,HIPK3,True,True,4
CEP85,ENSEMBL:ENSG00000130695,CEP85,True,True,2
GRIA4,ENSEMBL:ENSG00000152578,GRIA4,False,True,1
METTL25B,ENSEMBL:ENSG00000143303,METTL25B,True,False,1
NAT10,ENSEMBL:ENSG00000135372,NAT10,True,True,3
RPS21,ENSEMBL:ENSG00000171858,RPS21,True,False,1
YWHAE,ENSEMBL:ENSG00000108953,YWHAE,True,True,4
ISX,ENSEMBL:ENSG00000175329,ISX,False,True,1
GLI2,ENSEMBL:ENSG00000074047,GLI2,False,True,1
COX17,ENSEMBL:ENSG00000138495,COX17,True,True,6
DOCK5,ENSEMBL:ENSG00000147459,DOCK5,True,True,3
CLDN7,ENSEMBL:ENSG00000181885,CLDN7,False,True,2
OR2S1P,ENSEMBL:ENSG00000228307,OR2S1P,True,False,1
DNASE1L3,ENSEMBL:ENSG00000163687,DNASE1L3,False,True,2
ADCK5,ENSEMBL:ENSG00000173137,ADCK5,True,True,5
ENSEMBL:ENSG00000229961,ENSEMBL:ENSG00000229961,,True,False,1
ZFAND6,ENSEMBL:ENSG00000086666,ZFAND6,True,True,5
GTF2IRD2,ENSEMBL:ENSG00000196275,GTF2IRD2,True,False,1
CCNY,ENSEMBL:ENSG00000108100,CCNY,True,True,2
FKBP2,ENSEMBL:ENSG00000173486,FKBP2,True,True,4
NUDT12,ENSEMBL:ENSG00000112874,NUDT12,True,True,3
LONP2,ENSEMBL:ENSG00000102910,LONP2,True,True,4
EMC10,ENSEMBL:ENSG00000161671,EMC10,True,True,2
ABLIM1,ENSEMBL:ENSG00000099204,ABLIM1,True,False,2
DOCK1,ENSEMBL:ENSG00000150760,DOCK1,True,True,2
RPPH1,ENSEMBL:ENSG00000277209,RPPH1,True,False,1
MCTS1,ENSEMBL:ENSG00000232119,MCTS1,True,True,2
SLC22A15,ENSEMBL:ENSG00000163393,SLC22A15,True,False,1
YPEL3-DT,ENSEMBL:ENSG00000250616,YPEL3-DT,True,False,1
UTY,ENSEMBL:ENSG00000183878,UTY,True,False,2
MRAP2,ENSEMBL:ENSG00000135324,MRAP2,False,True,1
MMP28,ENSEMBL:ENSG00000271447,MMP28,True,True,2
ZNF596,ENSEMBL:ENSG00000172748,ZNF596,True,False,1
MRPS23,ENSEMBL:ENSG00000181610,MRPS23,True,True,6
MYH7,ENSEMBL:ENSG00000092054,MYH7,True,True,3
ZNF749,ENSEMBL:ENSG00000186230,ZNF749,True,False,1
RPS18|ENSG00000096150,ENSEMBL:ENSG00000096150,RPS18,False,True,2
SLC25A12,ENSEMBL:ENSG00000115840,SLC25A12,True,True,2
ENSEMBL:ENSG00000261884,ENSEMBL:ENSG00000261884,,True,False,1
BEGAIN,ENSEMBL:ENSG00000183092,BEGAIN,True,True,4
METTL21C,ENSEMBL:ENSG00000139780,METTL21C,True,False,1
B3GAT3,ENSEMBL:ENSG00000149541,B3GAT3,True,False,1
TNNC2,ENSEMBL:ENSG00000101470,TNNC2,True,True,3
ZBP1,ENSEMBL:ENSG00000124256,ZBP1,False,True,2
CPEB2,ENSEMBL:ENSG00000137449,CPEB2,True,False,2
TOP3A,ENSEMBL:ENSG00000177302,TOP3A,True,True,2
ATIC,ENSEMBL:ENSG00000138363,ATIC,True,True,3
PTMS,ENSEMBL:ENSG00000159335,PTMS,True,True,6
SLC30A3,ENSEMBL:ENSG00000115194,SLC30A3,False,True,2
MRC2,ENSEMBL:ENSG00000011028,MRC2,True,True,5
KLHDC3,ENSEMBL:ENSG00000124702,KLHDC3,True,True,3
WAPL,ENSEMBL:ENSG00000062650,WAPL,True,True,3
VHL,ENSEMBL:ENSG00000134086,VHL,True,True,2
TUBG2,ENSEMBL:ENSG00000037042,TUBG2,True,False,2
PCBP1-AS1,ENSEMBL:ENSG00000179818,PCBP1-AS1,True,False,2
RAD50,ENSEMBL:ENSG00000113522,RAD50,True,True,3
MTR,ENSEMBL:ENSG00000116984,MTR,True,True,3
HPCAL1,ENSEMBL:ENSG00000115756,HPCAL1,True,True,3
LYPLA2,ENSEMBL:ENSG00000011009,LYPLA2,True,True,5
NAPB,ENSEMBL:ENSG00000125814,NAPB,True,False,1
GGA2,ENSEMBL:ENSG00000103365,GGA2,True,True,4
CARD6,ENSEMBL:ENSG00000132357,CARD6,True,True,3
DPYSL2,ENSEMBL:ENSG00000092964,DPYSL2,True,True,2
KRI1,ENSEMBL:ENSG00000129347,KRI1,True,False,2
LPCAT4,ENSEMBL:ENSG00000176454,LPCAT4,True,False,2
SEC31B,ENSEMBL:ENSG00000075826,SEC31B,True,True,3
BAIAP2L2,ENSEMBL:ENSG00000128298,BAIAP2L2,False,True,1
INPP1,ENSEMBL:ENSG00000151689,INPP1,True,True,2
PGAP6,ENSEMBL:ENSG00000129925,PGAP6,True,True,3
ATP2B3,ENSEMBL:ENSG00000067842,ATP2B3,False,True,1
HAAO,ENSEMBL:ENSG00000162882,HAAO,False,True,1
B4GALT7,ENSEMBL:ENSG00000027847,B4GALT7,True,False,1
LSM14A,ENSEMBL:ENSG00000257103,LSM14A,True,False,1
C7orf50,ENSEMBL:ENSG00000146540,C7orf50,True,True,3
OLIG1,ENSEMBL:ENSG00000184221,OLIG1,True,False,2
WDFY2,ENSEMBL:ENSG00000139668,WDFY2,True,True,2
RPS6KA5,ENSEMBL:ENSG00000100784,RPS6KA5,True,True,3
SLC26A8,ENSEMBL:ENSG00000112053,SLC26A8,True,True,2
GSTT1,ENSEMBL:ENSG00000277656,GSTT1,False,True,4
BEST3,ENSEMBL:ENSG00000127325,BEST3,True,True,3
RPL34,ENSEMBL:ENSG00000109475,RPL34,True,True,3
NUP37,ENSEMBL:ENSG00000075188,NUP37,True,False,1
GXYLT1,ENSEMBL:ENSG00000151233,GXYLT1,True,False,1
ANKRD44,ENSEMBL:ENSG00000065413,ANKRD44,True,True,5
PCYOX1L,ENSEMBL:ENSG00000145882,PCYOX1L,True,True,3
NME1,ENSEMBL:ENSG00000239672,NME1,True,True,6
MOB3C,ENSEMBL:ENSG00000142961,MOB3C,True,True,3
SYAP1,ENSEMBL:ENSG00000169895,SYAP1,True,True,4
RCCD1,ENSEMBL:ENSG00000166965,RCCD1,True,False,1
ERICH1,ENSEMBL:ENSG00000104714,ERICH1,True,True,2
ACADSB,ENSEMBL:ENSG00000196177,ACADSB,False,True,5
SLC9A2,ENSEMBL:ENSG00000115616,SLC9A2,True,True,3
MYCBP2,ENSEMBL:ENSG00000005810,MYCBP2,True,True,3
FBXL8,ENSEMBL:ENSG00000135722,FBXL8,True,False,1
TMEM223,ENSEMBL:ENSG00000168569,TMEM223,True,True,7
THPO,ENSEMBL:ENSG00000090534,THPO,True,True,2
COL16A1,ENSEMBL:ENSG00000084636,COL16A1,True,True,4
C14orf180,ENSEMBL:ENSG00000184601,C14orf180,True,True,2
SIN3B,ENSEMBL:ENSG00000127511,SIN3B,True,True,2
RNF121,ENSEMBL:ENSG00000137522,RNF121,True,True,2
GPR137C,ENSEMBL:ENSG00000180998,GPR137C,True,False,1
DDX19B,ENSEMBL:ENSG00000157349,DDX19B,True,True,3
LINC00624,ENSEMBL:ENSG00000278811,LINC00624,True,False,1
LUZP1,ENSEMBL:ENSG00000169641,LUZP1,True,True,3
STXBP3,ENSEMBL:ENSG00000116266,STXBP3,True,True,4
KYAT1,ENSEMBL:ENSG00000171097,KYAT1,True,True,3
GRK5,ENSEMBL:ENSG00000198873,GRK5,True,True,3
PTP4A3,ENSEMBL:ENSG00000184489,PTP4A3,True,True,4
FCAMR,ENSEMBL:ENSG00000162897,FCAMR,False,True,2
TMEM151A,ENSEMBL:ENSG00000179292,TMEM151A,False,True,1
HMGA1,ENSEMBL:ENSG00000137309,HMGA1,True,True,3
EXOC8,ENSEMBL:ENSG00000116903,EXOC8,True,True,4
RIOK1,ENSEMBL:ENSG00000124784,RIOK1,True,True,2
LACTB2,ENSEMBL:ENSG00000147592,LACTB2,False,True,3
EXOC4,ENSEMBL:ENSG00000131558,EXOC4,True,True,4
PTCD3,ENSEMBL:ENSG00000132300,PTCD3,True,True,6
MYCT1,ENSEMBL:ENSG00000120279,MYCT1,True,True,3
CCDC85A,ENSEMBL:ENSG00000055813,CCDC85A,True,True,4
ANP32E,ENSEMBL:ENSG00000143401,ANP32E,False,True,1
CKLF,ENSEMBL:ENSG00000217555,CKLF,True,False,1
CRTC1,ENSEMBL:ENSG00000105662,CRTC1,True,True,3
SIGLEC5|ENSG00000268500,ENSEMBL:ENSG00000268500,SIGLEC5,True,False,1
ASPM,ENSEMBL:ENSG00000066279,ASPM,False,True,3
SLC25A22,ENSEMBL:ENSG00000177542,SLC25A22,True,True,4
WFS1,ENSEMBL:ENSG00000109501,WFS1,True,True,2
ZNF613,ENSEMBL:ENSG00000176024,ZNF613,True,False,1
MRPL1,ENSEMBL:ENSG00000169288,MRPL1,False,True,2
SLIT2,ENSEMBL:ENSG00000145147,SLIT2,False,True,1
BATF,ENSEMBL:ENSG00000156127,BATF,True,True,2
IARS1,ENSEMBL:ENSG00000196305,IARS1,True,True,3
HSD17B1,ENSEMBL:ENSG00000108786,HSD17B1,False,True,1
PTH1R,ENSEMBL:ENSG00000160801,PTH1R,True,True,3
CNOT10,ENSEMBL:ENSG00000182973,CNOT10,True,False,2
SNHG22,ENSEMBL:ENSG00000267322,SNHG22,True,False,1
CHURC1,ENSEMBL:ENSG00000258289,CHURC1,True,True,3
RAB11A,ENSEMBL:ENSG00000103769,RAB11A,True,True,4
GLUD1,ENSEMBL:ENSG00000148672,GLUD1,True,True,8
SRRD,ENSEMBL:ENSG00000100104,SRRD,True,False,1
RPS19,ENSEMBL:ENSG00000105372,RPS19,True,False,1
ERG28,ENSEMBL:ENSG00000133935,ERG28,True,True,3
CLK4,ENSEMBL:ENSG00000113240,CLK4,True,True,3
NCOR2,ENSEMBL:ENSG00000196498,NCOR2,True,True,8
UACA,ENSEMBL:ENSG00000137831,UACA,True,True,2
TTC30B,ENSEMBL:ENSG00000196659,TTC30B,True,False,1
MED15,ENSEMBL:ENSG00000099917,MED15,True,True,4
FOXN2,ENSEMBL:ENSG00000170802,FOXN2,True,True,3
HPS6,ENSEMBL:ENSG00000166189,HPS6,True,False,1
TRMT2A,ENSEMBL:ENSG00000099899,TRMT2A,True,False,1
ENSEMBL:ENSG00000288915,ENSEMBL:ENSG00000288915,,True,False,1
CD58,ENSEMBL:ENSG00000116815,CD58,True,False,2
NOL6,ENSEMBL:ENSG00000165271,NOL6,True,True,3
TENM2,ENSEMBL:ENSG00000145934,TENM2,False,True,2
CPZ,ENSEMBL:ENSG00000109625,CPZ,False,True,1
SEC14L3,ENSEMBL:ENSG00000100012,SEC14L3,False,True,3
SULT2A1,ENSEMBL:ENSG00000105398,SULT2A1,False,True,1
CRYBB1,ENSEMBL:ENSG00000100122,CRYBB1,False,True,4
SYNE1,ENSEMBL:ENSG00000131018,SYNE1,True,True,7
NAGK,ENSEMBL:ENSG00000124357,NAGK,True,True,3
GRK3,ENSEMBL:ENSG00000100077,GRK3,False,True,2
PDCD7,ENSEMBL:ENSG00000090470,PDCD7,True,True,4
POMK,ENSEMBL:ENSG00000185900,POMK,True,False,1
NCKAP1,ENSEMBL:ENSG00000061676,NCKAP1,True,True,4
SCIMP,ENSEMBL:ENSG00000161929,SCIMP,True,True,3
ASPH,ENSEMBL:ENSG00000198363,ASPH,True,True,3
SH3YL1,ENSEMBL:ENSG00000035115,SH3YL1,True,True,4
GNL3L,ENSEMBL:ENSG00000130119,GNL3L,True,False,2
USP45,ENSEMBL:ENSG00000123552,USP45,True,True,2
NOL4L,ENSEMBL:ENSG00000197183,NOL4L,True,False,1
OR52K3P,ENSEMBL:ENSG00000225101,OR52K3P,True,False,1
PALD1,ENSEMBL:ENSG00000107719,PALD1,True,True,4
C6orf47|ENSG00000203623,ENSEMBL:ENSG00000203623,C6orf47,True,False,1
DHRS7B,ENSEMBL:ENSG00000109016,DHRS7B,True,True,3
TMEM52,ENSEMBL:ENSG00000178821,TMEM52,True,False,1
RNF217-AS1,ENSEMBL:ENSG00000236548,RNF217-AS1,True,False,1
NAA30,ENSEMBL:ENSG00000139977,NAA30,True,False,1
ODF3B,ENSEMBL:ENSG00000177989,ODF3B,True,False,1
NKD2,ENSEMBL:ENSG00000145506,NKD2,False,True,2
ZNF524,ENSEMBL:ENSG00000171443,ZNF524,False,True,1
ENSEMBL:ENSG00000232533,ENSEMBL:ENSG00000232533,,True,False,2
TMEM164,ENSEMBL:ENSG00000157600,TMEM164,True,True,4
GSTM3,ENSEMBL:ENSG00000134202,GSTM3,False,True,3
RUFY1,ENSEMBL:ENSG00000176783,RUFY1,True,True,3
NDUFAF4,ENSEMBL:ENSG00000123545,NDUFAF4,True,True,3
SHLD3,ENSEMBL:ENSG00000253251,SHLD3,True,False,1
RIN3,ENSEMBL:ENSG00000100599,RIN3,True,True,6
KLKB1,ENSEMBL:ENSG00000164344,KLKB1,True,True,6
TMBIM4,ENSEMBL:ENSG00000155957,TMBIM4,True,True,2
PSMB6,ENSEMBL:ENSG00000142507,PSMB6,False,True,2
TMEM216,ENSEMBL:ENSG00000187049,TMEM216,False,True,1
RABGGTA,ENSEMBL:ENSG00000100949,RABGGTA,True,False,2
USP18,ENSEMBL:ENSG00000184979,USP18,True,True,3
RAPGEF3,ENSEMBL:ENSG00000079337,RAPGEF3,False,True,2
SIGLEC6,ENSEMBL:ENSG00000105492,SIGLEC6,True,True,3
RPL27,ENSEMBL:ENSG00000131469,RPL27,True,True,2
RAB1B,ENSEMBL:ENSG00000174903,RAB1B,True,True,5
KANK3,ENSEMBL:ENSG00000186994,KANK3,True,True,5
THOC3,ENSEMBL:ENSG00000051596,THOC3,True,False,1
MIRLET7IHG,ENSEMBL:ENSG00000257354,MIRLET7IHG,True,False,1
ETNK1,ENSEMBL:ENSG00000139163,ETNK1,True,True,4
EMCN,ENSEMBL:ENSG00000164035,EMCN,False,True,3
PTGER2,ENSEMBL:ENSG00000125384,PTGER2,True,False,1
HIC2,ENSEMBL:ENSG00000169635,HIC2,True,False,1
FOXA3,ENSEMBL:ENSG00000170608,FOXA3,False,True,2
CLEC12A,ENSEMBL:ENSG00000172322,CLEC12A,True,False,1
TCF12,ENSEMBL:ENSG00000140262,TCF12,True,False,1
RBMS1,ENSEMBL:ENSG00000153250,RBMS1,True,True,3
STARD3,ENSEMBL:ENSG00000131748,STARD3,True,False,2
KDM3AP1,ENSEMBL:ENSG00000233996,KDM3AP1,True,False,1
TMEM245,ENSEMBL:ENSG00000106771,TMEM245,True,True,3
CDON,ENSEMBL:ENSG00000064309,CDON,True,True,2
WASF1,ENSEMBL:ENSG00000112290,WASF1,False,True,2
PPIC,ENSEMBL:ENSG00000168938,PPIC,True,True,4
MAPK7,ENSEMBL:ENSG00000166484,MAPK7,True,True,2
BTNL3,ENSEMBL:ENSG00000168903,BTNL3,True,False,1
RPS26,ENSEMBL:ENSG00000197728,RPS26,True,True,3
MAPK8IP3,ENSEMBL:ENSG00000138834,MAPK8IP3,True,True,2
GCC2,ENSEMBL:ENSG00000135968,GCC2,True,True,4
IFI35,ENSEMBL:ENSG00000068079,IFI35,False,True,2
TEX29,ENSEMBL:ENSG00000153495,TEX29,False,True,1
GPR176,ENSEMBL:ENSG00000166073,GPR176,False,True,2
DNTTIP1,ENSEMBL:ENSG00000101457,DNTTIP1,True,False,2
DUSP23,ENSEMBL:ENSG00000158716,DUSP23,True,True,4
MRPS33,ENSEMBL:ENSG00000090263,MRPS33,True,True,5
TADA2A,ENSEMBL:ENSG00000276234,TADA2A,True,False,1
EGFLAM,ENSEMBL:ENSG00000164318,EGFLAM,False,True,3
DHRS4-AS1,ENSEMBL:ENSG00000215256,DHRS4-AS1,True,False,1
HOXB2,ENSEMBL:ENSG00000173917,HOXB2,True,True,2
SFRP2,ENSEMBL:ENSG00000145423,SFRP2,True,False,1
CEACAM3,ENSEMBL:ENSG00000170956,CEACAM3,True,False,1
CHGB,ENSEMBL:ENSG00000089199,CHGB,True,True,4
PLAG1,ENSEMBL:ENSG00000181690,PLAG1,True,False,1
ECSIT,ENSEMBL:ENSG00000130159,ECSIT,True,True,4
GMPPB,ENSEMBL:ENSG00000173540,GMPPB,False,True,1
RIMS2,ENSEMBL:ENSG00000176406,RIMS2,False,True,3
SEPTIN8,ENSEMBL:ENSG00000164402,SEPTIN8,False,True,5
VTCN1,ENSEMBL:ENSG00000134258,VTCN1,False,True,1
MIR646HG,ENSEMBL:ENSG00000228340,MIR646HG,True,False,1
COL18A1,ENSEMBL:ENSG00000182871,COL18A1,True,True,5
ANKRD40,ENSEMBL:ENSG00000154945,ANKRD40,True,True,6
GRB2,ENSEMBL:ENSG00000177885,GRB2,True,False,2
DNAJB11,ENSEMBL:ENSG00000090520,DNAJB11,True,True,4
GPR68,ENSEMBL:ENSG00000119714,GPR68,True,True,4
SNX29P2,ENSEMBL:ENSG00000271699,SNX29P2,True,False,1
PIK3CB,ENSEMBL:ENSG00000051382,PIK3CB,True,False,2
BCAP29,ENSEMBL:ENSG00000075790,BCAP29,True,True,3
ADAMTS3,ENSEMBL:ENSG00000156140,ADAMTS3,False,True,2
APOBEC2,ENSEMBL:ENSG00000124701,APOBEC2,False,True,2
SMG7,ENSEMBL:ENSG00000116698,SMG7,True,False,2
PIM2,ENSEMBL:ENSG00000102096,PIM2,True,True,2
FHIT,ENSEMBL:ENSG00000189283,FHIT,True,False,1
CDK10,ENSEMBL:ENSG00000185324,CDK10,True,True,3
C1GALT1,ENSEMBL:ENSG00000106392,C1GALT1,False,True,4
PASK,ENSEMBL:ENSG00000115687,PASK,True,True,3
ITCH,ENSEMBL:ENSG00000078747,ITCH,True,True,3
HDAC5,ENSEMBL:ENSG00000108840,HDAC5,True,True,6
SIX2,ENSEMBL:ENSG00000170577,SIX2,True,True,3
AHCYL2,ENSEMBL:ENSG00000158467,AHCYL2,False,True,2
ENSEMBL:ENSG00000281181,ENSEMBL:ENSG00000281181,,True,False,2
ENSEMBL:ENSG00000280800,ENSEMBL:ENSG00000280800,,True,False,2
ENSEMBL:ENSG00000280614,ENSEMBL:ENSG00000280614,,True,False,2
FLRT3,ENSEMBL:ENSG00000125848,FLRT3,True,True,2
SNHG16,ENSEMBL:ENSG00000163597,SNHG16,True,False,2
ENSEMBL:ENSG00000278464,ENSEMBL:ENSG00000278464,,True,False,1
ATF4,ENSEMBL:ENSG00000128272,ATF4,True,True,5
NOP56,ENSEMBL:ENSG00000101361,NOP56,True,True,4
KCNC2,ENSEMBL:ENSG00000166006,KCNC2,False,True,1
CFP,ENSEMBL:ENSG00000126759,CFP,True,True,3
TRIM21,ENSEMBL:ENSG00000132109,TRIM21,False,True,3
SLC7A8,ENSEMBL:ENSG00000092068,SLC7A8,True,True,2
TCEA3,ENSEMBL:ENSG00000204219,TCEA3,True,False,2
GTF2IP1,ENSEMBL:ENSG00000277053,GTF2IP1,True,False,1
LRRC27,ENSEMBL:ENSG00000148814,LRRC27,True,False,2
RPS15,ENSEMBL:ENSG00000115268,RPS15,True,True,5
ZBED1,ENSEMBL:ENSG00000214717,ZBED1,True,False,2
GRAMD1C,ENSEMBL:ENSG00000178075,GRAMD1C,True,True,4
JOSD2,ENSEMBL:ENSG00000161677,JOSD2,False,True,1
UBE2G2,ENSEMBL:ENSG00000184787,UBE2G2,True,True,4
POGZ,ENSEMBL:ENSG00000143442,POGZ,True,False,2
NECTIN3,ENSEMBL:ENSG00000177707,NECTIN3,False,True,2
YJEFN3,ENSEMBL:ENSG00000250067,YJEFN3,True,False,1
DDX42,ENSEMBL:ENSG00000198231,DDX42,True,False,2
NUBPL,ENSEMBL:ENSG00000151413,NUBPL,True,False,1
ERVK13-1,ENSEMBL:ENSG00000260565,ERVK13-1,True,False,2
SSR4,ENSEMBL:ENSG00000180879,SSR4,True,True,4
SNRNP70,ENSEMBL:ENSG00000104852,SNRNP70,True,True,4
PDCD2,ENSEMBL:ENSG00000071994,PDCD2,True,False,1
NRP2,ENSEMBL:ENSG00000118257,NRP2,True,True,3
SNCG,ENSEMBL:ENSG00000173267,SNCG,False,True,2
LEPROT,ENSEMBL:ENSG00000213625,LEPROT,True,True,2
TOR4A,ENSEMBL:ENSG00000198113,TOR4A,True,False,2
TIMM22,ENSEMBL:ENSG00000177370,TIMM22,True,False,1
BID,ENSEMBL:ENSG00000015475,BID,True,True,5
NCOA6,ENSEMBL:ENSG00000198646,NCOA6,True,False,2
ENSEMBL:ENSG00000286885,ENSEMBL:ENSG00000286885,,True,False,1
NEURL1,ENSEMBL:ENSG00000107954,NEURL1,True,True,6
DAB2,ENSEMBL:ENSG00000153071,DAB2,True,True,7
IDI2,ENSEMBL:ENSG00000148377,IDI2,True,False,1
CXCR4,ENSEMBL:ENSG00000121966,CXCR4,True,True,5
SLC5A7,ENSEMBL:ENSG00000115665,SLC5A7,False,True,1
STK3,ENSEMBL:ENSG00000104375,STK3,True,True,4
BTLA,ENSEMBL:ENSG00000186265,BTLA,True,True,4
C1orf198,ENSEMBL:ENSG00000119280,C1orf198,True,True,3
ZFAT,ENSEMBL:ENSG00000066827,ZFAT,True,True,2
MIS12,ENSEMBL:ENSG00000167842,MIS12,True,False,1
ITM2C,ENSEMBL:ENSG00000135916,ITM2C,True,True,3
PSMD12,ENSEMBL:ENSG00000197170,PSMD12,True,True,3
LINC00689,ENSEMBL:ENSG00000231419,LINC00689,True,False,1
WASHC2C,ENSEMBL:ENSG00000172661,WASHC2C,True,True,6
RPL17,ENSEMBL:ENSG00000265681,RPL17,True,True,3
UBE3B,ENSEMBL:ENSG00000151148,UBE3B,False,True,3
UBALD1,ENSEMBL:ENSG00000153443,UBALD1,True,True,5
GRAMD1B,ENSEMBL:ENSG00000023171,GRAMD1B,True,False,1
RAB4B,ENSEMBL:ENSG00000167578,RAB4B,True,False,2
CCDC88C,ENSEMBL:ENSG00000015133,CCDC88C,True,True,3
TRBC2,ENSEMBL:ENSG00000211772,TRBC2,True,False,1
TLE5,ENSEMBL:ENSG00000104964,TLE5,True,True,5
FSTL1,ENSEMBL:ENSG00000163430,FSTL1,True,True,4
TTR,ENSEMBL:ENSG00000118271,TTR,True,True,3
MFNG,ENSEMBL:ENSG00000100060,MFNG,True,True,3
DMXL1,ENSEMBL:ENSG00000172869,DMXL1,True,True,5
OLR1,ENSEMBL:ENSG00000173391,OLR1,True,True,2
PRRX1,ENSEMBL:ENSG00000116132,PRRX1,True,True,2
PES1,ENSEMBL:ENSG00000100029,PES1,True,False,1
PSMD7,ENSEMBL:ENSG00000103035,PSMD7,True,True,2
PRXL2C,ENSEMBL:ENSG00000158122,PRXL2C,True,False,1
ENSEMBL:ENSG00000286360,ENSEMBL:ENSG00000286360,,True,False,1
RPL7,ENSEMBL:ENSG00000147604,RPL7,True,True,5
WDCP,ENSEMBL:ENSG00000163026,WDCP,True,False,1
CCDC59,ENSEMBL:ENSG00000133773,CCDC59,True,False,2
PRDM5,ENSEMBL:ENSG00000138738,PRDM5,True,False,1
ACACA|ENSG00000278540,ENSEMBL:ENSG00000278540,ACACA,True,False,1
RALGPS1,ENSEMBL:ENSG00000136828,RALGPS1,True,True,3
MAT1A,ENSEMBL:ENSG00000151224,MAT1A,False,True,2
CEACAM1,ENSEMBL:ENSG00000079385,CEACAM1,True,True,5
UNC5C,ENSEMBL:ENSG00000182168,UNC5C,True,True,3
ENSEMBL:ENSG00000272918,ENSEMBL:ENSG00000272918,,True,False,1
EIF2A,ENSEMBL:ENSG00000144895,EIF2A,True,True,2
DNAJB12,ENSEMBL:ENSG00000148719,DNAJB12,True,True,4
APAF1,ENSEMBL:ENSG00000120868,APAF1,True,True,2
CYP2F1,ENSEMBL:ENSG00000197446,CYP2F1,False,True,1
DOCK8,ENSEMBL:ENSG00000107099,DOCK8,True,True,5
C4A|ENSG00000244731,ENSEMBL:ENSG00000244731,C4A,True,False,1
VMA21,ENSEMBL:ENSG00000160131,VMA21,True,True,2
ENTPD6,ENSEMBL:ENSG00000197586,ENTPD6,True,True,4
BST2,ENSEMBL:ENSG00000130303,BST2,True,True,11
IMPACT,ENSEMBL:ENSG00000154059,IMPACT,False,True,3
SMC3,ENSEMBL:ENSG00000108055,SMC3,True,False,1
STOML1,ENSEMBL:ENSG00000067221,STOML1,True,True,4
DCAF11,ENSEMBL:ENSG00000100897,DCAF11,True,True,2
MOB1B,ENSEMBL:ENSG00000173542,MOB1B,True,True,2
SCN4B,ENSEMBL:ENSG00000177098,SCN4B,False,True,3
LONP1,ENSEMBL:ENSG00000196365,LONP1,True,True,3
TLCD4,ENSEMBL:ENSG00000152078,TLCD4,True,True,2
RHBDD3,ENSEMBL:ENSG00000100263,RHBDD3,True,True,3
DLG1,ENSEMBL:ENSG00000075711,DLG1,False,True,2
INHBC,ENSEMBL:ENSG00000175189,INHBC,True,True,3
WDR82,ENSEMBL:ENSG00000164091,WDR82,True,False,2
TRAPPC2L,ENSEMBL:ENSG00000167515,TRAPPC2L,True,False,2
BFAR,ENSEMBL:ENSG00000103429,BFAR,True,True,2
G3BP1,ENSEMBL:ENSG00000145907,G3BP1,True,True,5
DBP,ENSEMBL:ENSG00000105516,DBP,True,True,4
ARL5C,ENSEMBL:ENSG00000141748,ARL5C,False,True,4
TRAPPC10,ENSEMBL:ENSG00000160218,TRAPPC10,False,True,1
ADCY5,ENSEMBL:ENSG00000173175,ADCY5,False,True,3
NOL9,ENSEMBL:ENSG00000162408,NOL9,True,True,3
PICART1,ENSEMBL:ENSG00000246640,PICART1,True,False,1
ST20,ENSEMBL:ENSG00000180953,ST20,True,False,1
STX16,ENSEMBL:ENSG00000124222,STX16,True,False,2
TULP3,ENSEMBL:ENSG00000078246,TULP3,True,False,1
ENSEMBL:ENSG00000285564,ENSEMBL:ENSG00000285564,,True,False,1
ETV7,ENSEMBL:ENSG00000010030,ETV7,True,False,1
ACTA2,ENSEMBL:ENSG00000107796,ACTA2,True,True,6
DUS4L-BCAP29,ENSEMBL:ENSG00000288558,DUS4L-BCAP29,True,False,1
MEX3A,ENSEMBL:ENSG00000254726,MEX3A,False,True,4
CEP68,ENSEMBL:ENSG00000011523,CEP68,True,True,4
SNRPN,ENSEMBL:ENSG00000128739,SNRPN,True,False,2
VAV1,ENSEMBL:ENSG00000141968,VAV1,True,True,10
PPIE,ENSEMBL:ENSG00000084072,PPIE,True,False,2
CALM3,ENSEMBL:ENSG00000160014,CALM3,True,False,2
PGM2L1,ENSEMBL:ENSG00000165434,PGM2L1,True,True,4
TNNI1,ENSEMBL:ENSG00000159173,TNNI1,True,True,3
MAT2B,ENSEMBL:ENSG00000038274,MAT2B,True,True,3
DTNBP1,ENSEMBL:ENSG00000047579,DTNBP1,True,False,2
CNPY4,ENSEMBL:ENSG00000166997,CNPY4,True,True,3
MED29,ENSEMBL:ENSG00000063322,MED29,True,False,1
FGFRL1,ENSEMBL:ENSG00000127418,FGFRL1,False,True,1
EIPR1,ENSEMBL:ENSG00000032389,EIPR1,True,False,1
ASB16-AS1,ENSEMBL:ENSG00000267080,ASB16-AS1,True,False,1
RAB11FIP4,ENSEMBL:ENSG00000131242,RAB11FIP4,True,True,4
ALG9,ENSEMBL:ENSG00000086848,ALG9,True,True,2
BRAF,ENSEMBL:ENSG00000157764,BRAF,True,False,2
NPC2,ENSEMBL:ENSG00000119655,NPC2,True,True,8
TTLL4,ENSEMBL:ENSG00000135912,TTLL4,True,True,3
ERVW-1,ENSEMBL:ENSG00000242950,ERVW-1,True,False,1
ENSEMBL:ENSG00000289621,ENSEMBL:ENSG00000289621,,True,False,1
RBM18,ENSEMBL:ENSG00000119446,RBM18,True,True,2
SMARCD3,ENSEMBL:ENSG00000082014,SMARCD3,True,True,4
TMED2-DT,ENSEMBL:ENSG00000247373,TMED2-DT,True,False,1
HM13,ENSEMBL:ENSG00000101294,HM13,True,True,5
ASB15-AS1,ENSEMBL:ENSG00000230442,ASB15-AS1,True,False,1
CYP3A5,ENSEMBL:ENSG00000106258,CYP3A5,True,False,2
MTRNR2L8,ENSEMBL:ENSG00000255823,MTRNR2L8,True,False,1
GPX3,ENSEMBL:ENSG00000211445,GPX3,True,True,7
DHRS1,ENSEMBL:ENSG00000157379,DHRS1,True,False,1
MED27,ENSEMBL:ENSG00000160563,MED27,True,False,1
CCDC138,ENSEMBL:ENSG00000163006,CCDC138,True,False,1
PPIA,ENSEMBL:ENSG00000196262,PPIA,True,True,6
MGST2,ENSEMBL:ENSG00000085871,MGST2,True,True,4
COPA,ENSEMBL:ENSG00000122218,COPA,True,True,4
PDCL,ENSEMBL:ENSG00000136940,PDCL,True,False,2
LY6G5C,ENSEMBL:ENSG00000204428,LY6G5C,True,False,2
DPH7,ENSEMBL:ENSG00000148399,DPH7,True,False,1
DHX30,ENSEMBL:ENSG00000132153,DHX30,True,False,3
DTNB,ENSEMBL:ENSG00000138101,DTNB,True,True,4
SLC39A11,ENSEMBL:ENSG00000133195,SLC39A11,True,True,3
HASPIN,ENSEMBL:ENSG00000177602,HASPIN,True,True,2
PAWR,ENSEMBL:ENSG00000177425,PAWR,False,True,1
STARD5,ENSEMBL:ENSG00000172345,STARD5,False,True,4
NBAS,ENSEMBL:ENSG00000151779,NBAS,True,True,2
ENSEMBL:ENSG00000272848,ENSEMBL:ENSG00000272848,,True,False,1
SLITRK2,ENSEMBL:ENSG00000185985,SLITRK2,True,False,1
GSTZ1,ENSEMBL:ENSG00000100577,GSTZ1,False,True,3
YWHAB,ENSEMBL:ENSG00000166913,YWHAB,True,True,3
SUB1,ENSEMBL:ENSG00000113387,SUB1,True,True,5
MRM2,ENSEMBL:ENSG00000122687,MRM2,True,False,2
SORCS2,ENSEMBL:ENSG00000184985,SORCS2,False,True,2
NOP10,ENSEMBL:ENSG00000182117,NOP10,True,True,3
LINC00278,ENSEMBL:ENSG00000231535,LINC00278,True,False,1
NACC1,ENSEMBL:ENSG00000160877,NACC1,True,True,2
CCDC69,ENSEMBL:ENSG00000198624,CCDC69,True,False,2
ZCCHC4,ENSEMBL:ENSG00000168228,ZCCHC4,True,False,1
RAD51C,ENSEMBL:ENSG00000108384,RAD51C,True,False,1
ESRRB,ENSEMBL:ENSG00000119715,ESRRB,False,True,1
NFIB,ENSEMBL:ENSG00000147862,NFIB,True,True,3
MAILR,ENSEMBL:ENSG00000253320,MAILR,True,False,2
ENSEMBL:ENSG00000247903,ENSEMBL:ENSG00000247903,,True,False,1
IFT122,ENSEMBL:ENSG00000163913,IFT122,True,False,1
ENSEMBL:ENSG00000228434,ENSEMBL:ENSG00000228434,,True,False,2
AUP1,ENSEMBL:ENSG00000115307,AUP1,True,True,2
CYP24A1,ENSEMBL:ENSG00000019186,CYP24A1,False,True,1
GABRR2,ENSEMBL:ENSG00000111886,GABRR2,False,True,3
STAM2,ENSEMBL:ENSG00000115145,STAM2,True,False,1
CD2,ENSEMBL:ENSG00000116824,CD2,True,True,5
HTRA1,ENSEMBL:ENSG00000166033,HTRA1,False,True,2
HMGB1,ENSEMBL:ENSG00000189403,HMGB1,True,True,4
ZFAND2A-DT,ENSEMBL:ENSG00000229043,ZFAND2A-DT,True,False,1
FKBP3,ENSEMBL:ENSG00000100442,FKBP3,False,True,5
PINX1,ENSEMBL:ENSG00000254093,PINX1,True,False,2
P2RX5-TAX1BP3,ENSEMBL:ENSG00000257950,P2RX5-TAX1BP3,True,False,1
TMCO3,ENSEMBL:ENSG00000150403,TMCO3,True,True,2
C19orf38,ENSEMBL:ENSG00000214212,C19orf38,True,False,2
GEMIN4,ENSEMBL:ENSG00000179409,GEMIN4,True,False,1
CDAN1,ENSEMBL:ENSG00000140326,CDAN1,True,False,2
USP21,ENSEMBL:ENSG00000143258,USP21,True,False,1
FAM157C,ENSEMBL:ENSG00000260528,FAM157C,True,False,2
PZP,ENSEMBL:ENSG00000126838,PZP,False,True,4
SRGAP2,ENSEMBL:ENSG00000266028,SRGAP2,False,True,1
ME2,ENSEMBL:ENSG00000082212,ME2,True,True,4
LMTK3,ENSEMBL:ENSG00000142235,LMTK3,True,False,1
THUMPD2,ENSEMBL:ENSG00000138050,THUMPD2,True,False,1
AXL,ENSEMBL:ENSG00000167601,AXL,False,True,3
CCT7,ENSEMBL:ENSG00000135624,CCT7,True,True,4
FAM53B,ENSEMBL:ENSG00000189319,FAM53B,True,True,4
C2CD3,ENSEMBL:ENSG00000168014,C2CD3,True,True,2
ENSEMBL:ENSG00000259244,ENSEMBL:ENSG00000259244,,True,False,1
MALT1,ENSEMBL:ENSG00000172175,MALT1,True,True,4
SHROOM4,ENSEMBL:ENSG00000158352,SHROOM4,True,True,3
TSPAN32,ENSEMBL:ENSG00000064201,TSPAN32,True,False,1
ROPN1L,ENSEMBL:ENSG00000145491,ROPN1L,True,False,1
POLR2L,ENSEMBL:ENSG00000177700,POLR2L,True,False,2
PRRT1,ENSEMBL:ENSG00000204314,PRRT1,False,True,3
SGK1,ENSEMBL:ENSG00000118515,SGK1,True,True,3
ZBTB26,ENSEMBL:ENSG00000171448,ZBTB26,True,False,1
WFDC3,ENSEMBL:ENSG00000124116,WFDC3,False,True,1
NR0B2,ENSEMBL:ENSG00000131910,NR0B2,False,True,2
ILF2,ENSEMBL:ENSG00000143621,ILF2,True,False,3
ARID4B,ENSEMBL:ENSG00000054267,ARID4B,True,True,2
SMC2,ENSEMBL:ENSG00000136824,SMC2,True,True,2
POP4,ENSEMBL:ENSG00000105171,POP4,True,True,2
TMEM272,ENSEMBL:ENSG00000281106,TMEM272,True,False,2
ANTXR1,ENSEMBL:ENSG00000169604,ANTXR1,False,True,3
SOCS2,ENSEMBL:ENSG00000120833,SOCS2,False,True,3
CNDP2,ENSEMBL:ENSG00000133313,CNDP2,True,True,6
ITPRIPL2,ENSEMBL:ENSG00000205730,ITPRIPL2,False,True,2
TMEM252,ENSEMBL:ENSG00000181778,TMEM252,True,True,3
PITX3,ENSEMBL:ENSG00000107859,PITX3,True,True,3
ENSEMBL:ENSG00000272008,ENSEMBL:ENSG00000272008,,True,False,1
TRABD2B,ENSEMBL:ENSG00000269113,TRABD2B,False,True,1
DIRC3-AS1,ENSEMBL:ENSG00000233143,DIRC3-AS1,True,False,1
CXCR5,ENSEMBL:ENSG00000160683,CXCR5,True,True,3
PDHX,ENSEMBL:ENSG00000110435,PDHX,True,True,6
FAM221A,ENSEMBL:ENSG00000188732,FAM221A,False,True,2
CREB3L2,ENSEMBL:ENSG00000182158,CREB3L2,True,True,2
PLXDC2,ENSEMBL:ENSG00000120594,PLXDC2,True,True,5
NXN,ENSEMBL:ENSG00000167693,NXN,True,True,2
PAK6,ENSEMBL:ENSG00000137843,PAK6,True,True,3
CLEC4E,ENSEMBL:ENSG00000166523,CLEC4E,True,False,1
PWP1,ENSEMBL:ENSG00000136045,PWP1,True,False,2
RASGRP1,ENSEMBL:ENSG00000172575,RASGRP1,False,True,5
AIFM1,ENSEMBL:ENSG00000156709,AIFM1,True,True,6
AVPI1,ENSEMBL:ENSG00000119986,AVPI1,True,True,4
ENSEMBL:ENSG00000280120,ENSEMBL:ENSG00000280120,,True,False,1
GALNT17,ENSEMBL:ENSG00000185274,GALNT17,False,True,1
PTDSS1,ENSEMBL:ENSG00000156471,PTDSS1,True,True,3
P3H2,ENSEMBL:ENSG00000090530,P3H2,False,True,4
GJA4,ENSEMBL:ENSG00000187513,GJA4,True,False,1
AP3S1,ENSEMBL:ENSG00000177879,AP3S1,True,True,3
WASH2P,ENSEMBL:ENSG00000146556,WASH2P,True,False,1
SLC25A21,ENSEMBL:ENSG00000183032,SLC25A21,False,True,3
KLHL25,ENSEMBL:ENSG00000183655,KLHL25,False,True,2
MAP2K7,ENSEMBL:ENSG00000076984,MAP2K7,True,False,2
USP13,ENSEMBL:ENSG00000058056,USP13,True,True,4
TBC1D17,ENSEMBL:ENSG00000104946,TBC1D17,True,True,3
RBFADN,ENSEMBL:ENSG00000261126,RBFADN,True,False,2
SMYD5,ENSEMBL:ENSG00000135632,SMYD5,True,False,3
OOEP,ENSEMBL:ENSG00000203907,OOEP,False,True,1
ZC3H15,ENSEMBL:ENSG00000065548,ZC3H15,True,True,3
ENSEMBL:ENSG00000280339,ENSEMBL:ENSG00000280339,,True,False,1
C2CD2,ENSEMBL:ENSG00000157617,C2CD2,False,True,4
SCARNA7,ENSEMBL:ENSG00000238741,SCARNA7,True,False,1
METAP1D,ENSEMBL:ENSG00000172878,METAP1D,True,True,4
C9orf152,ENSEMBL:ENSG00000188959,C9orf152,False,True,2
NPEPL1,ENSEMBL:ENSG00000215440,NPEPL1,True,True,3
XYLB,ENSEMBL:ENSG00000093217,XYLB,True,True,4
DGKH,ENSEMBL:ENSG00000102780,DGKH,False,True,2
KRTAP5-AS1,ENSEMBL:ENSG00000233930,KRTAP5-AS1,True,False,1
KCNS3,ENSEMBL:ENSG00000170745,KCNS3,True,True,2
ADH5,ENSEMBL:ENSG00000197894,ADH5,True,False,2
ZFYVE26,ENSEMBL:ENSG00000072121,ZFYVE26,True,True,3
CREBRF,ENSEMBL:ENSG00000164463,CREBRF,True,True,3
TMEM65,ENSEMBL:ENSG00000164983,TMEM65,True,True,4
NR1D1,ENSEMBL:ENSG00000126368,NR1D1,True,True,5
RSL1D1,ENSEMBL:ENSG00000171490,RSL1D1,True,False,3
B4GALNT1,ENSEMBL:ENSG00000135454,B4GALNT1,False,True,4
PBX4,ENSEMBL:ENSG00000105717,PBX4,False,True,1
DHODH,ENSEMBL:ENSG00000102967,DHODH,True,True,5
TPRN,ENSEMBL:ENSG00000176058,TPRN,True,True,3
ADNP,ENSEMBL:ENSG00000101126,ADNP,True,True,2
TIGAR,ENSEMBL:ENSG00000078237,TIGAR,True,True,3
ENSEMBL:ENSG00000260228,ENSEMBL:ENSG00000260228,,True,False,1
VPS11,ENSEMBL:ENSG00000160695,VPS11,True,True,3
CSPG4P12,ENSEMBL:ENSG00000259295,CSPG4P12,True,False,1
IL2,ENSEMBL:ENSG00000109471,IL2,False,True,2
IAPP,ENSEMBL:ENSG00000121351,IAPP,False,True,1
NTNG1,ENSEMBL:ENSG00000162631,NTNG1,False,True,1
NUB1,ENSEMBL:ENSG00000013374,NUB1,True,True,4
MTERF1,ENSEMBL:ENSG00000127989,MTERF1,True,False,1
VPS37B,ENSEMBL:ENSG00000139722,VPS37B,True,False,2
ENSEMBL:ENSG00000280206,ENSEMBL:ENSG00000280206,,True,False,1
EEF1A1,ENSEMBL:ENSG00000156508,EEF1A1,True,True,6
CDC27,ENSEMBL:ENSG00000004897,CDC27,True,True,2
LMO1,ENSEMBL:ENSG00000166407,LMO1,True,False,1
DESI1,ENSEMBL:ENSG00000100418,DESI1,True,True,2
DIPK2B,ENSEMBL:ENSG00000147113,DIPK2B,True,True,2
ZNF23,ENSEMBL:ENSG00000167377,ZNF23,True,True,4
SNX15,ENSEMBL:ENSG00000110025,SNX15,True,True,2
CENPT,ENSEMBL:ENSG00000102901,CENPT,True,True,3
TMEM37,ENSEMBL:ENSG00000171227,TMEM37,False,True,3
MAGED1,ENSEMBL:ENSG00000179222,MAGED1,True,True,3
RAB30-DT,ENSEMBL:ENSG00000246067,RAB30-DT,True,False,2
P2RY11,ENSEMBL:ENSG00000244165,P2RY11,True,False,1
MALAT1,ENSEMBL:ENSG00000251562,MALAT1,True,False,1
C8orf33,ENSEMBL:ENSG00000182307,C8orf33,True,False,1
ZNF670,ENSEMBL:ENSG00000277462,ZNF670,True,False,1
UBXN2A,ENSEMBL:ENSG00000173960,UBXN2A,True,True,3
IRF3,ENSEMBL:ENSG00000126456,IRF3,True,True,4
TAF12,ENSEMBL:ENSG00000120656,TAF12,True,False,1
TMEM80,ENSEMBL:ENSG00000177042,TMEM80,True,True,3
CITED1,ENSEMBL:ENSG00000125931,CITED1,False,True,1
CDK18,ENSEMBL:ENSG00000117266,CDK18,False,True,4
SOBP,ENSEMBL:ENSG00000112320,SOBP,True,True,4
TSPAN7,ENSEMBL:ENSG00000156298,TSPAN7,True,True,2
ANKS1B,ENSEMBL:ENSG00000185046,ANKS1B,True,True,3
MSH2,ENSEMBL:ENSG00000095002,MSH2,False,True,1
EIF4EBP1,ENSEMBL:ENSG00000187840,EIF4EBP1,True,True,6
GHDC,ENSEMBL:ENSG00000167925,GHDC,True,True,2
FOXQ1,ENSEMBL:ENSG00000164379,FOXQ1,False,True,1
ENSEMBL:ENSG00000259959,ENSEMBL:ENSG00000259959,,True,False,1
SENP6,ENSEMBL:ENSG00000112701,SENP6,True,True,5
FAM228B,ENSEMBL:ENSG00000219626,FAM228B,True,False,1
MRPL53,ENSEMBL:ENSG00000204822,MRPL53,True,True,3
ST6GALNAC6,ENSEMBL:ENSG00000160408,ST6GALNAC6,True,True,3
PKIA,ENSEMBL:ENSG00000171033,PKIA,True,True,5
TBK1,ENSEMBL:ENSG00000183735,TBK1,True,False,2
SRMS,ENSEMBL:ENSG00000125508,SRMS,False,True,1
RAP1B,ENSEMBL:ENSG00000127314,RAP1B,True,False,2
PRKD3,ENSEMBL:ENSG00000115825,PRKD3,True,True,4
ZNF517,ENSEMBL:ENSG00000197363,ZNF517,True,False,1
PDIA4,ENSEMBL:ENSG00000155660,PDIA4,True,True,3
TMEM40,ENSEMBL:ENSG00000088726,TMEM40,True,False,1
OPALIN,ENSEMBL:ENSG00000197430,OPALIN,False,True,2
ADGRA3,ENSEMBL:ENSG00000152990,ADGRA3,True,True,3
AP3B2,ENSEMBL:ENSG00000103723,AP3B2,False,True,2
SLC12A3,ENSEMBL:ENSG00000070915,SLC12A3,False,True,1
ERI3,ENSEMBL:ENSG00000117419,ERI3,True,False,1
HOXD12,ENSEMBL:ENSG00000170178,HOXD12,False,True,1
NLN,ENSEMBL:ENSG00000123213,NLN,True,True,3
ENSEMBL:ENSG00000259868,ENSEMBL:ENSG00000259868,,True,False,1
ZNF274,ENSEMBL:ENSG00000171606,ZNF274,True,True,6
HEMGN,ENSEMBL:ENSG00000136929,HEMGN,True,True,2
ARHGAP6,ENSEMBL:ENSG00000047648,ARHGAP6,True,True,4
WNT7B,ENSEMBL:ENSG00000188064,WNT7B,False,True,1
TMEM186,ENSEMBL:ENSG00000184857,TMEM186,True,True,2
RPS24,ENSEMBL:ENSG00000138326,RPS24,True,True,4
PARP4,ENSEMBL:ENSG00000102699,PARP4,True,False,1
ENSEMBL:ENSG00000280152,ENSEMBL:ENSG00000280152,,True,False,1
TBC1D22A-DT,ENSEMBL:ENSG00000260708,TBC1D22A-DT,True,False,1
RNH1,ENSEMBL:ENSG00000023191,RNH1,True,True,5
ZNF461,ENSEMBL:ENSG00000197808,ZNF461,True,False,1
STXBP2,ENSEMBL:ENSG00000076944,STXBP2,True,True,4
TUBA1B,ENSEMBL:ENSG00000123416,TUBA1B,True,True,8
SFXN4,ENSEMBL:ENSG00000183605,SFXN4,True,False,1
RPS17,ENSEMBL:ENSG00000182774,RPS17,True,True,3
ENSEMBL:ENSG00000280214,ENSEMBL:ENSG00000280214,,True,False,1
GFER,ENSEMBL:ENSG00000127554,GFER,True,True,4
PCSK7,ENSEMBL:ENSG00000160613,PCSK7,True,True,2
SSR2,ENSEMBL:ENSG00000163479,SSR2,True,True,2
DACT2,ENSEMBL:ENSG00000164488,DACT2,False,True,4
SLC24A4,ENSEMBL:ENSG00000140090,SLC24A4,False,True,3
MDH1B,ENSEMBL:ENSG00000138400,MDH1B,True,False,1
ARL2,ENSEMBL:ENSG00000213465,ARL2,True,True,4
TARS3,ENSEMBL:ENSG00000185418,TARS3,True,True,3
BCAN,ENSEMBL:ENSG00000132692,BCAN,True,True,4
CTSK,ENSEMBL:ENSG00000143387,CTSK,False,True,3
HDGFL2,ENSEMBL:ENSG00000167674,HDGFL2,True,True,4
MRPS31P5,ENSEMBL:ENSG00000243406,MRPS31P5,True,False,1
RAB11FIP3,ENSEMBL:ENSG00000090565,RAB11FIP3,True,True,3
BCO1,ENSEMBL:ENSG00000135697,BCO1,False,True,2
SH2B1,ENSEMBL:ENSG00000178188,SH2B1,False,True,2
ROBO3,ENSEMBL:ENSG00000154134,ROBO3,True,True,2
USP53,ENSEMBL:ENSG00000145390,USP53,True,True,4
FNDC3A,ENSEMBL:ENSG00000102531,FNDC3A,True,True,2
PKN2-AS1,ENSEMBL:ENSG00000237505,PKN2-AS1,True,False,1
SYNE3,ENSEMBL:ENSG00000176438,SYNE3,True,True,3
GPR141,ENSEMBL:ENSG00000187037,GPR141,True,False,1
ROBO2,ENSEMBL:ENSG00000185008,ROBO2,False,True,2
LRP11,ENSEMBL:ENSG00000120256,LRP11,True,True,2
COL5A1,ENSEMBL:ENSG00000130635,COL5A1,False,True,2
TM4SF1,ENSEMBL:ENSG00000169908,TM4SF1,True,True,3
FRG1HP,ENSEMBL:ENSG00000276291,FRG1HP,True,False,1
QRSL1,ENSEMBL:ENSG00000130348,QRSL1,True,True,4
WDR3,ENSEMBL:ENSG00000065183,WDR3,True,False,1
NAPRT,ENSEMBL:ENSG00000147813,NAPRT,False,True,5
ANKRD10,ENSEMBL:ENSG00000088448,ANKRD10,True,True,3
SEC61B,ENSEMBL:ENSG00000106803,SEC61B,True,True,3
RPL32P3,ENSEMBL:ENSG00000251474,RPL32P3,True,False,1
CD5L,ENSEMBL:ENSG00000073754,CD5L,False,True,2
MVP,ENSEMBL:ENSG00000013364,MVP,True,True,4
RAD51D,ENSEMBL:ENSG00000185379,RAD51D,True,False,1
SRPRA,ENSEMBL:ENSG00000182934,SRPRA,True,True,4
KIAA1614,ENSEMBL:ENSG00000135835,KIAA1614,True,False,1
SCRN2,ENSEMBL:ENSG00000141295,SCRN2,True,True,4
SELENOT,ENSEMBL:ENSG00000198843,SELENOT,True,True,3
LZTS3,ENSEMBL:ENSG00000088899,LZTS3,True,True,4
IGFBP2,ENSEMBL:ENSG00000115457,IGFBP2,True,True,2
RAD17,ENSEMBL:ENSG00000152942,RAD17,True,True,2
MS4A14,ENSEMBL:ENSG00000166928,MS4A14,False,True,1
CMTR2,ENSEMBL:ENSG00000180917,CMTR2,True,False,1
PRKD1,ENSEMBL:ENSG00000184304,PRKD1,False,True,2
RPS16,ENSEMBL:ENSG00000105193,RPS16,True,True,4
BTBD11,ENSEMBL:ENSG00000151136,BTBD11,True,True,2
PDGFRA,ENSEMBL:ENSG00000134853,PDGFRA,True,True,3
CNOT6L,ENSEMBL:ENSG00000138767,CNOT6L,True,False,1
C1orf100,ENSEMBL:ENSG00000173728,C1orf100,False,True,1
TPTEP1,ENSEMBL:ENSG00000100181,TPTEP1,True,False,1
TRIM11,ENSEMBL:ENSG00000154370,TRIM11,True,False,1
PEF1,ENSEMBL:ENSG00000162517,PEF1,True,True,3
TTC13,ENSEMBL:ENSG00000143643,TTC13,True,False,2
RPL24,ENSEMBL:ENSG00000114391,RPL24,True,True,4
ZNF333,ENSEMBL:ENSG00000160961,ZNF333,True,False,2
THSD7B,ENSEMBL:ENSG00000144229,THSD7B,False,True,2
PPP1R1A,ENSEMBL:ENSG00000135447,PPP1R1A,False,True,4
EIF4H,ENSEMBL:ENSG00000106682,EIF4H,True,True,3
TSSC4,ENSEMBL:ENSG00000184281,TSSC4,True,True,4
FCGRT,ENSEMBL:ENSG00000104870,FCGRT,True,True,3
SNX30,ENSEMBL:ENSG00000148158,SNX30,True,False,1
RCN1,ENSEMBL:ENSG00000049449,RCN1,True,True,6
C3AR1,ENSEMBL:ENSG00000171860,C3AR1,False,True,2
CDIP1,ENSEMBL:ENSG00000089486,CDIP1,True,True,3
AMOTL2,ENSEMBL:ENSG00000114019,AMOTL2,True,True,4
PHC3,ENSEMBL:ENSG00000173889,PHC3,True,True,4
ZSCAN32,ENSEMBL:ENSG00000140987,ZSCAN32,True,False,1
TRIQK,ENSEMBL:ENSG00000205133,TRIQK,True,False,2
CORO1B,ENSEMBL:ENSG00000172725,CORO1B,True,True,3
ENSEMBL:ENSG00000262728,ENSEMBL:ENSG00000262728,,True,False,1
RPL15,ENSEMBL:ENSG00000174748,RPL15,True,True,5
NBL1,ENSEMBL:ENSG00000158747,NBL1,True,True,7
AMT,ENSEMBL:ENSG00000145020,AMT,True,True,4
ASTE1,ENSEMBL:ENSG00000034533,ASTE1,True,False,1
PSENEN,ENSEMBL:ENSG00000205155,PSENEN,True,True,3
GNG10,ENSEMBL:ENSG00000242616,GNG10,True,True,4
CTSH,ENSEMBL:ENSG00000103811,CTSH,False,True,6
PPFIBP1,ENSEMBL:ENSG00000110841,PPFIBP1,True,True,3
ADAMTS2,ENSEMBL:ENSG00000087116,ADAMTS2,False,True,2
ANO9,ENSEMBL:ENSG00000185101,ANO9,True,True,3
HCG27,ENSEMBL:ENSG00000206344,HCG27,True,False,1
BBS2,ENSEMBL:ENSG00000125124,BBS2,True,False,2
UBE2D2,ENSEMBL:ENSG00000131508,UBE2D2,False,True,1
ADAM33,ENSEMBL:ENSG00000149451,ADAM33,False,True,1
DNAI2,ENSEMBL:ENSG00000171595,DNAI2,False,True,2
LTA4H,ENSEMBL:ENSG00000111144,LTA4H,False,True,5
OXSR1,ENSEMBL:ENSG00000172939,OXSR1,True,False,1
LMAN1,ENSEMBL:ENSG00000074695,LMAN1,True,False,1
ACOX3,ENSEMBL:ENSG00000087008,ACOX3,False,True,3
NXPE1,ENSEMBL:ENSG00000095110,NXPE1,False,True,3
ENSEMBL:ENSG00000288819,ENSEMBL:ENSG00000288819,,True,False,1
LIPN,ENSEMBL:ENSG00000204020,LIPN,True,False,1
ALMS1,ENSEMBL:ENSG00000116127,ALMS1,True,True,2
CNTNAP3B,ENSEMBL:ENSG00000154529,CNTNAP3B,True,False,1
RTL10,ENSEMBL:ENSG00000215012,RTL10,True,False,2
RBM22,ENSEMBL:ENSG00000086589,RBM22,True,False,1
TAPBP|ENSG00000231925,ENSEMBL:ENSG00000231925,TAPBP,True,False,2
BRWD1,ENSEMBL:ENSG00000185658,BRWD1,True,True,4
SWI5,ENSEMBL:ENSG00000175854,SWI5,False,True,4
C12orf57,ENSEMBL:ENSG00000111678,C12orf57,True,True,3
NBPF19,ENSEMBL:ENSG00000271383,NBPF19,True,False,1
CHST13,ENSEMBL:ENSG00000180767,CHST13,False,True,1
TNFRSF21,ENSEMBL:ENSG00000146072,TNFRSF21,True,True,6
PLOD2,ENSEMBL:ENSG00000152952,PLOD2,False,True,2
CDK16,ENSEMBL:ENSG00000102225,CDK16,True,True,4
COX7A2L,ENSEMBL:ENSG00000115944,COX7A2L,True,True,2
GDPD3,ENSEMBL:ENSG00000102886,GDPD3,True,False,1
FGG,ENSEMBL:ENSG00000171557,FGG,False,True,2
RABGAP1L,ENSEMBL:ENSG00000152061,RABGAP1L,True,True,4
SEPTIN5,ENSEMBL:ENSG00000184702,SEPTIN5,True,True,5
ZNF641,ENSEMBL:ENSG00000167528,ZNF641,True,True,3
KIF3B,ENSEMBL:ENSG00000101350,KIF3B,True,False,2
ENSEMBL:ENSG00000286681,ENSEMBL:ENSG00000286681,,True,False,1
COG8,ENSEMBL:ENSG00000213380,COG8,True,False,2
HMOX2,ENSEMBL:ENSG00000103415,HMOX2,True,False,2
SCYL2,ENSEMBL:ENSG00000136021,SCYL2,True,True,3
SNW1,ENSEMBL:ENSG00000100603,SNW1,True,False,2
BTBD19,ENSEMBL:ENSG00000222009,BTBD19,True,False,2
ENSEMBL:ENSG00000283341,ENSEMBL:ENSG00000283341,,True,False,1
CCDC142,ENSEMBL:ENSG00000135637,CCDC142,True,True,3
SPATS2L,ENSEMBL:ENSG00000196141,SPATS2L,True,True,5
DGKB,ENSEMBL:ENSG00000136267,DGKB,True,True,3
OS9,ENSEMBL:ENSG00000135506,OS9,True,True,6
TCP11L2,ENSEMBL:ENSG00000166046,TCP11L2,True,True,5
GMDS-DT,ENSEMBL:ENSG00000250903,GMDS-DT,True,False,1
ZDHHC7,ENSEMBL:ENSG00000153786,ZDHHC7,True,True,2
ERCC3,ENSEMBL:ENSG00000163161,ERCC3,True,True,3
BORCS8,ENSEMBL:ENSG00000254901,BORCS8,True,True,2
PEX1,ENSEMBL:ENSG00000127980,PEX1,True,True,3
DIP2B,ENSEMBL:ENSG00000066084,DIP2B,True,True,4
LENG1,ENSEMBL:ENSG00000105617,LENG1,True,False,1
MYO1D,ENSEMBL:ENSG00000176658,MYO1D,True,True,3
YIPF1,ENSEMBL:ENSG00000058799,YIPF1,True,True,3
ARMC2,ENSEMBL:ENSG00000118690,ARMC2,False,True,2
PHACTR1,ENSEMBL:ENSG00000112137,PHACTR1,True,False,2
ENSEMBL:ENSG00000284977,ENSEMBL:ENSG00000284977,,True,False,1
PDGFRL,ENSEMBL:ENSG00000104213,PDGFRL,False,True,2
PSMA6,ENSEMBL:ENSG00000100902,PSMA6,True,True,4
TXNDC16,ENSEMBL:ENSG00000087301,TXNDC16,True,True,3
XCR1,ENSEMBL:ENSG00000173578,XCR1,False,True,2
SMARCD2,ENSEMBL:ENSG00000108604,SMARCD2,True,True,3
CLCNKA,ENSEMBL:ENSG00000186510,CLCNKA,True,True,2
NPY1R,ENSEMBL:ENSG00000164128,NPY1R,False,True,1
FOXH1,ENSEMBL:ENSG00000160973,FOXH1,False,True,1
PALS1,ENSEMBL:ENSG00000072415,PALS1,True,True,3
NTMT1,ENSEMBL:ENSG00000148335,NTMT1,True,True,2
DHFR,ENSEMBL:ENSG00000228716,DHFR,False,True,3
ZNF486,ENSEMBL:ENSG00000256229,ZNF486,True,False,1
UBAC2,ENSEMBL:ENSG00000134882,UBAC2,True,False,1
ADAP1,ENSEMBL:ENSG00000105963,ADAP1,True,True,2
SLC28A1,ENSEMBL:ENSG00000156222,SLC28A1,False,True,1
GLO1,ENSEMBL:ENSG00000124767,GLO1,True,True,3
ZNF467,ENSEMBL:ENSG00000181444,ZNF467,True,True,4
NDOR1,ENSEMBL:ENSG00000188566,NDOR1,True,False,1
PLEKHJ1,ENSEMBL:ENSG00000104886,PLEKHJ1,True,True,3
ZNF835,ENSEMBL:ENSG00000127903,ZNF835,True,False,2
THAP5,ENSEMBL:ENSG00000177683,THAP5,True,False,1
RAI2,ENSEMBL:ENSG00000131831,RAI2,True,True,3
UGT8,ENSEMBL:ENSG00000174607,UGT8,False,True,1
SMG1P4,ENSEMBL:ENSG00000185710,SMG1P4,True,False,1
ZNF500,ENSEMBL:ENSG00000103199,ZNF500,True,False,2
GCN1,ENSEMBL:ENSG00000089154,GCN1,True,False,1
AP5S1,ENSEMBL:ENSG00000125843,AP5S1,True,True,2
ENSEMBL:ENSG00000242588,ENSEMBL:ENSG00000242588,,True,False,2
ZNF263,ENSEMBL:ENSG00000006194,ZNF263,True,False,2
TMEM156,ENSEMBL:ENSG00000121895,TMEM156,False,True,1
LRRC3B,ENSEMBL:ENSG00000179796,LRRC3B,True,True,2
WWP1,ENSEMBL:ENSG00000123124,WWP1,True,True,3
ENSEMBL:ENSG00000285413,ENSEMBL:ENSG00000285413,,True,False,1
MTND2P28,ENSEMBL:ENSG00000225630,MTND2P28,True,False,2
SF3B2,ENSEMBL:ENSG00000087365,SF3B2,True,True,3
C8orf34,ENSEMBL:ENSG00000165084,C8orf34,False,True,1
MYBPC2,ENSEMBL:ENSG00000086967,MYBPC2,True,True,3
GSTM4,ENSEMBL:ENSG00000168765,GSTM4,False,True,5
HLA-DOB|ENSG00000243612,ENSEMBL:ENSG00000243612,HLA-DOB,False,True,4
ZC3H3,ENSEMBL:ENSG00000014164,ZC3H3,True,True,3
TNKS2,ENSEMBL:ENSG00000107854,TNKS2,True,True,3
DCAF5,ENSEMBL:ENSG00000139990,DCAF5,True,False,2
PAG1,ENSEMBL:ENSG00000076641,PAG1,True,False,2
SMC4,ENSEMBL:ENSG00000113810,SMC4,True,True,4
UST,ENSEMBL:ENSG00000111962,UST,True,True,2
ENSEMBL:ENSG00000258987,ENSEMBL:ENSG00000258987,,True,False,1
POGK,ENSEMBL:ENSG00000143157,POGK,True,False,1
SCAF8,ENSEMBL:ENSG00000213079,SCAF8,True,False,2
ADGRF4,ENSEMBL:ENSG00000153294,ADGRF4,True,False,1
RC3H1,ENSEMBL:ENSG00000135870,RC3H1,True,True,6
ERVK3-1,ENSEMBL:ENSG00000142396,ERVK3-1,True,False,1
MATN3,ENSEMBL:ENSG00000132031,MATN3,True,False,1
CAVIN3,ENSEMBL:ENSG00000170955,CAVIN3,False,True,5
KCMF1,ENSEMBL:ENSG00000176407,KCMF1,True,True,2
ADARB2,ENSEMBL:ENSG00000185736,ADARB2,True,False,1
LHFPL5,ENSEMBL:ENSG00000197753,LHFPL5,True,False,1
CEP57L1,ENSEMBL:ENSG00000183137,CEP57L1,True,False,1
ARPC3,ENSEMBL:ENSG00000111229,ARPC3,True,True,5
FMOD,ENSEMBL:ENSG00000122176,FMOD,False,True,2
TAF13,ENSEMBL:ENSG00000197780,TAF13,True,True,2
ETV1,ENSEMBL:ENSG00000006468,ETV1,True,True,4
GMNN,ENSEMBL:ENSG00000112312,GMNN,False,True,1
CD9,ENSEMBL:ENSG00000010278,CD9,True,True,5
RASA2,ENSEMBL:ENSG00000155903,RASA2,True,False,2
ENSEMBL:ENSG00000289164,ENSEMBL:ENSG00000289164,,True,False,1
CD3G,ENSEMBL:ENSG00000160654,CD3G,True,True,5
UBE2G1,ENSEMBL:ENSG00000132388,UBE2G1,True,True,2
LINC01560,ENSEMBL:ENSG00000196741,LINC01560,True,False,1
LDB2,ENSEMBL:ENSG00000169744,LDB2,True,False,1
PSKH1,ENSEMBL:ENSG00000159792,PSKH1,True,False,2
GDNF,ENSEMBL:ENSG00000168621,GDNF,True,True,2
FDXR,ENSEMBL:ENSG00000161513,FDXR,True,True,5
MPZ,ENSEMBL:ENSG00000158887,MPZ,True,False,1
CTSE,ENSEMBL:ENSG00000196188,CTSE,True,True,4
ARSK,ENSEMBL:ENSG00000164291,ARSK,True,False,1
NIN,ENSEMBL:ENSG00000100503,NIN,True,True,5
CEP112,ENSEMBL:ENSG00000154240,CEP112,True,True,2
OPLAH,ENSEMBL:ENSG00000178814,OPLAH,True,True,3
COL5A2,ENSEMBL:ENSG00000204262,COL5A2,False,True,4
ATP1A1-AS1,ENSEMBL:ENSG00000203865,ATP1A1-AS1,True,False,1
PEX19,ENSEMBL:ENSG00000162735,PEX19,False,True,4
MRPL49,ENSEMBL:ENSG00000149792,MRPL49,True,True,2
CD14,ENSEMBL:ENSG00000170458,CD14,True,True,2
CCNH,ENSEMBL:ENSG00000134480,CCNH,True,False,1
DAP,ENSEMBL:ENSG00000112977,DAP,True,True,6
AK3,ENSEMBL:ENSG00000147853,AK3,False,True,2
LINC00211,ENSEMBL:ENSG00000237803,LINC00211,True,False,1
TMEM132E,ENSEMBL:ENSG00000181291,TMEM132E,False,True,2
REC8,ENSEMBL:ENSG00000100918,REC8,True,True,2
GDPD2,ENSEMBL:ENSG00000130055,GDPD2,False,True,1
AK5,ENSEMBL:ENSG00000154027,AK5,True,False,1
SFRP4,ENSEMBL:ENSG00000106483,SFRP4,False,True,2
TAMM41,ENSEMBL:ENSG00000144559,TAMM41,True,True,2
MON1A,ENSEMBL:ENSG00000164077,MON1A,True,True,3
THRA,ENSEMBL:ENSG00000126351,THRA,True,True,4
MRAS,ENSEMBL:ENSG00000158186,MRAS,True,True,2
TMED10,ENSEMBL:ENSG00000170348,TMED10,False,True,1
FAT4,ENSEMBL:ENSG00000196159,FAT4,True,True,5
FAM83B,ENSEMBL:ENSG00000168143,FAM83B,True,True,2
DUSP22,ENSEMBL:ENSG00000112679,DUSP22,True,True,4
GLB1,ENSEMBL:ENSG00000170266,GLB1,True,True,5
PIK3C2A,ENSEMBL:ENSG00000011405,PIK3C2A,False,True,2
MTUS2,ENSEMBL:ENSG00000132938,MTUS2,False,True,2
CPS1,ENSEMBL:ENSG00000021826,CPS1,False,True,1
CSF3,ENSEMBL:ENSG00000108342,CSF3,True,True,3
GPATCH4,ENSEMBL:ENSG00000160818,GPATCH4,True,True,3
HDHD5,ENSEMBL:ENSG00000069998,HDHD5,False,True,4
ABAT,ENSEMBL:ENSG00000183044,ABAT,True,True,3
ITGB6,ENSEMBL:ENSG00000115221,ITGB6,False,True,4
KDM3A,ENSEMBL:ENSG00000115548,KDM3A,True,True,5
BBS7,ENSEMBL:ENSG00000138686,BBS7,False,True,1
HOOK3,ENSEMBL:ENSG00000168172,HOOK3,True,False,2
PSTPIP1,ENSEMBL:ENSG00000140368,PSTPIP1,True,True,3
RIPOR1,ENSEMBL:ENSG00000039523,RIPOR1,True,True,3
KCTD18,ENSEMBL:ENSG00000155729,KCTD18,True,False,2
MRPL13,ENSEMBL:ENSG00000172172,MRPL13,True,False,1
ADGRL1,ENSEMBL:ENSG00000072071,ADGRL1,True,True,7
ZNHIT1,ENSEMBL:ENSG00000106400,ZNHIT1,True,True,2
MTARC2,ENSEMBL:ENSG00000117791,MTARC2,True,True,2
VPS28,ENSEMBL:ENSG00000160948,VPS28,True,True,4
NOP14,ENSEMBL:ENSG00000087269,NOP14,True,False,2
NEK11,ENSEMBL:ENSG00000114670,NEK11,True,False,1
TLK2,ENSEMBL:ENSG00000146872,TLK2,True,True,4
TIGD1,ENSEMBL:ENSG00000221944,TIGD1,True,False,1
ZFPM2,ENSEMBL:ENSG00000169946,ZFPM2,False,True,1
GUCD1,ENSEMBL:ENSG00000138867,GUCD1,True,True,3
RASA4CP,ENSEMBL:ENSG00000228903,RASA4CP,True,False,1
GIPC3,ENSEMBL:ENSG00000179855,GIPC3,False,True,2
ABCB7,ENSEMBL:ENSG00000131269,ABCB7,False,True,1
METTL7A,ENSEMBL:ENSG00000185432,METTL7A,True,True,4
TLN2,ENSEMBL:ENSG00000171914,TLN2,True,True,6
ABI1,ENSEMBL:ENSG00000136754,ABI1,True,False,3
SWAP70,ENSEMBL:ENSG00000133789,SWAP70,True,True,3
DENND1A,ENSEMBL:ENSG00000119522,DENND1A,True,True,5
CYP39A1,ENSEMBL:ENSG00000146233,CYP39A1,False,True,1
C11orf68,ENSEMBL:ENSG00000175573,C11orf68,False,True,3
SEMA4F,ENSEMBL:ENSG00000135622,SEMA4F,False,True,1
DVL3,ENSEMBL:ENSG00000161202,DVL3,True,False,2
MRPL35,ENSEMBL:ENSG00000132313,MRPL35,True,True,4
ATXN2,ENSEMBL:ENSG00000204842,ATXN2,True,True,4
PDPK1,ENSEMBL:ENSG00000140992,PDPK1,True,True,2
APCS,ENSEMBL:ENSG00000132703,APCS,False,True,1
MRPS6,ENSEMBL:ENSG00000243927,MRPS6,True,True,3
CCDC186,ENSEMBL:ENSG00000165813,CCDC186,True,False,2
STX8,ENSEMBL:ENSG00000170310,STX8,True,False,2
SFRP5,ENSEMBL:ENSG00000120057,SFRP5,True,True,2
USP32,ENSEMBL:ENSG00000170832,USP32,True,False,2
PYROXD2,ENSEMBL:ENSG00000119943,PYROXD2,True,True,4
DSTN,ENSEMBL:ENSG00000125868,DSTN,True,True,4
CCL11,ENSEMBL:ENSG00000172156,CCL11,True,True,6
IGSF11,ENSEMBL:ENSG00000144847,IGSF11,True,True,2
LRP5,ENSEMBL:ENSG00000162337,LRP5,True,True,3
MRPL32,ENSEMBL:ENSG00000106591,MRPL32,True,True,2
CLCA4,ENSEMBL:ENSG00000016602,CLCA4,False,True,2
CHKA,ENSEMBL:ENSG00000110721,CHKA,True,True,4
ABCA10,ENSEMBL:ENSG00000154263,ABCA10,True,False,1
ENSEMBL:ENSG00000205959,ENSEMBL:ENSG00000205959,,True,False,1
COBL,ENSEMBL:ENSG00000106078,COBL,True,True,5
SYTL2,ENSEMBL:ENSG00000137501,SYTL2,True,True,2
ENSEMBL:ENSG00000285781,ENSEMBL:ENSG00000285781,,True,False,1
ENDOV,ENSEMBL:ENSG00000173818,ENDOV,True,False,1
WDR90,ENSEMBL:ENSG00000161996,WDR90,True,False,1
PLA2G12A,ENSEMBL:ENSG00000123739,PLA2G12A,True,True,5
C1QC,ENSEMBL:ENSG00000159189,C1QC,False,True,1
HOXD9,ENSEMBL:ENSG00000128709,HOXD9,False,True,1
UTP20,ENSEMBL:ENSG00000120800,UTP20,True,True,2
SMR3B,ENSEMBL:ENSG00000171201,SMR3B,False,True,1
USP35,ENSEMBL:ENSG00000118369,USP35,True,True,2
SEC13,ENSEMBL:ENSG00000157020,SEC13,True,True,2
ZNF587B,ENSEMBL:ENSG00000269343,ZNF587B,True,False,2
PDE7B,ENSEMBL:ENSG00000171408,PDE7B,True,True,3
TIGD3,ENSEMBL:ENSG00000173825,TIGD3,True,False,1
ZMPSTE24,ENSEMBL:ENSG00000084073,ZMPSTE24,True,True,4
ATP8B1,ENSEMBL:ENSG00000081923,ATP8B1,True,True,5
RUNDC3B,ENSEMBL:ENSG00000105784,RUNDC3B,False,True,1
LMO2,ENSEMBL:ENSG00000135363,LMO2,False,True,2
MLX,ENSEMBL:ENSG00000108788,MLX,True,False,2
RP2,ENSEMBL:ENSG00000102218,RP2,True,False,1
SP110,ENSEMBL:ENSG00000135899,SP110,True,True,3
ENSEMBL:ENSG00000286367,ENSEMBL:ENSG00000286367,,True,False,1
FAM222B,ENSEMBL:ENSG00000173065,FAM222B,True,True,2
ATP5MK,ENSEMBL:ENSG00000173915,ATP5MK,True,True,4
GPR132,ENSEMBL:ENSG00000183484,GPR132,True,True,5
IRAK2,ENSEMBL:ENSG00000134070,IRAK2,True,False,2
RPL37A,ENSEMBL:ENSG00000197756,RPL37A,True,False,1
ERBB3,ENSEMBL:ENSG00000065361,ERBB3,False,True,4
ITPKB,ENSEMBL:ENSG00000143772,ITPKB,True,True,5
CEP19,ENSEMBL:ENSG00000174007,CEP19,True,False,2
ENSEMBL:ENSG00000267317,ENSEMBL:ENSG00000267317,,True,False,1
SARDH,ENSEMBL:ENSG00000123453,SARDH,False,True,1
ANKRD28,ENSEMBL:ENSG00000206560,ANKRD28,True,False,1
SHC2,ENSEMBL:ENSG00000129946,SHC2,True,True,2
LRRN4CL,ENSEMBL:ENSG00000177363,LRRN4CL,False,True,2
RPL36A,ENSEMBL:ENSG00000241343,RPL36A,True,False,1
ENSEMBL:ENSG00000288531,ENSEMBL:ENSG00000288531,,True,False,2
TBC1D9B,ENSEMBL:ENSG00000197226,TBC1D9B,True,False,2
RNPEPL1,ENSEMBL:ENSG00000142327,RNPEPL1,True,True,2
ENSEMBL:ENSG00000286658,ENSEMBL:ENSG00000286658,,True,False,1
TIMP4,ENSEMBL:ENSG00000157150,TIMP4,True,True,4
NUDT14,ENSEMBL:ENSG00000183828,NUDT14,False,True,4
VIPAS39,ENSEMBL:ENSG00000151445,VIPAS39,True,True,4
ZC3H10,ENSEMBL:ENSG00000135482,ZC3H10,False,True,1
CABCOCO1,ENSEMBL:ENSG00000183346,CABCOCO1,False,True,2
PNPLA1,ENSEMBL:ENSG00000180316,PNPLA1,True,True,3
MLEC,ENSEMBL:ENSG00000110917,MLEC,True,False,2
TBCEL,ENSEMBL:ENSG00000154114,TBCEL,True,True,5
SULT2B1,ENSEMBL:ENSG00000088002,SULT2B1,False,True,1
PI4K2A,ENSEMBL:ENSG00000155252,PI4K2A,True,True,4
ZNF783,ENSEMBL:ENSG00000204946,ZNF783,True,False,2
PLD1,ENSEMBL:ENSG00000075651,PLD1,False,True,2
IQSEC2,ENSEMBL:ENSG00000124313,IQSEC2,False,True,2
PLBD2,ENSEMBL:ENSG00000151176,PLBD2,True,True,2
B4GALT4,ENSEMBL:ENSG00000121578,B4GALT4,True,True,2
TRIM58,ENSEMBL:ENSG00000162722,TRIM58,True,True,2
ZNF608,ENSEMBL:ENSG00000168916,ZNF608,True,True,2
MTMR14,ENSEMBL:ENSG00000163719,MTMR14,True,True,4
SENP8,ENSEMBL:ENSG00000166192,SENP8,True,False,1
EBP,ENSEMBL:ENSG00000147155,EBP,True,True,5
ZFPL1,ENSEMBL:ENSG00000162300,ZFPL1,True,False,1
EDF1,ENSEMBL:ENSG00000107223,EDF1,True,True,4
XRCC5,ENSEMBL:ENSG00000079246,XRCC5,True,True,2
IKZF3,ENSEMBL:ENSG00000161405,IKZF3,True,True,7
ENSEMBL:ENSG00000279833,ENSEMBL:ENSG00000279833,,True,False,1
ABCC1,ENSEMBL:ENSG00000103222,ABCC1,True,True,5
LGR4,ENSEMBL:ENSG00000205213,LGR4,True,True,2
ARHGAP42,ENSEMBL:ENSG00000165895,ARHGAP42,True,False,1
RRP36,ENSEMBL:ENSG00000124541,RRP36,True,True,2
BRD1,ENSEMBL:ENSG00000100425,BRD1,True,True,2
AHCY,ENSEMBL:ENSG00000101444,AHCY,True,True,3
GDAP1,ENSEMBL:ENSG00000104381,GDAP1,True,True,2
SRSF5,ENSEMBL:ENSG00000100650,SRSF5,True,True,3
PHB2,ENSEMBL:ENSG00000215021,PHB2,True,True,4
MEIS2,ENSEMBL:ENSG00000134138,MEIS2,False,True,2
ARSA,ENSEMBL:ENSG00000100299,ARSA,True,True,4
MRPL14,ENSEMBL:ENSG00000180992,MRPL14,True,True,5
YIF1A,ENSEMBL:ENSG00000174851,YIF1A,True,True,2
ACER2,ENSEMBL:ENSG00000177076,ACER2,False,True,2
SEPHS1,ENSEMBL:ENSG00000086475,SEPHS1,True,True,3
PTCH1,ENSEMBL:ENSG00000185920,PTCH1,True,True,3
ITPRID1,ENSEMBL:ENSG00000180347,ITPRID1,False,True,2
KLC1,ENSEMBL:ENSG00000126214,KLC1,True,True,2
GUSBP1,ENSEMBL:ENSG00000183666,GUSBP1,True,False,1
ATPAF2,ENSEMBL:ENSG00000171953,ATPAF2,False,True,4
ABCA4,ENSEMBL:ENSG00000198691,ABCA4,False,True,1
TPSB2,ENSEMBL:ENSG00000197253,TPSB2,False,True,2
CNTRL,ENSEMBL:ENSG00000119397,CNTRL,True,True,3
MRPL27,ENSEMBL:ENSG00000108826,MRPL27,True,True,3
TIAM1,ENSEMBL:ENSG00000156299,TIAM1,True,False,2
ATAD1,ENSEMBL:ENSG00000138138,ATAD1,True,False,2
ZNF185,ENSEMBL:ENSG00000147394,ZNF185,True,False,1
CLPP,ENSEMBL:ENSG00000125656,CLPP,False,True,3
NPIPB13,ENSEMBL:ENSG00000198064,NPIPB13,True,False,1
NTHL1,ENSEMBL:ENSG00000065057,NTHL1,True,False,1
TRIM3,ENSEMBL:ENSG00000110171,TRIM3,True,True,2
TRAF7,ENSEMBL:ENSG00000131653,TRAF7,True,False,1
PHAF1,ENSEMBL:ENSG00000125149,PHAF1,True,False,1
ENTR1,ENSEMBL:ENSG00000165689,ENTR1,True,False,1
PITPNB,ENSEMBL:ENSG00000180957,PITPNB,True,True,2
CARS2,ENSEMBL:ENSG00000134905,CARS2,True,False,2
ZNF787,ENSEMBL:ENSG00000142409,ZNF787,True,False,1
SDHAF1,ENSEMBL:ENSG00000205138,SDHAF1,True,True,5
PDGFA,ENSEMBL:ENSG00000197461,PDGFA,True,True,3
ESR2,ENSEMBL:ENSG00000140009,ESR2,True,False,1
ZNF675,ENSEMBL:ENSG00000197372,ZNF675,True,False,1
ALDH1L2,ENSEMBL:ENSG00000136010,ALDH1L2,False,True,3
SUPT6H,ENSEMBL:ENSG00000109111,SUPT6H,True,True,3
CLK1,ENSEMBL:ENSG00000013441,CLK1,True,True,2
SPDL1,ENSEMBL:ENSG00000040275,SPDL1,True,True,2
FBXL4,ENSEMBL:ENSG00000112234,FBXL4,True,False,2
TBC1D7,ENSEMBL:ENSG00000145979,TBC1D7,True,False,1
HSDL1,ENSEMBL:ENSG00000103160,HSDL1,True,False,1
SLC44A5,ENSEMBL:ENSG00000137968,SLC44A5,True,False,1
RBM4,ENSEMBL:ENSG00000173933,RBM4,True,False,2
RAB17,ENSEMBL:ENSG00000124839,RAB17,True,False,1
EPS8,ENSEMBL:ENSG00000151491,EPS8,True,True,5
RPS28,ENSEMBL:ENSG00000233927,RPS28,True,True,3
RBP2,ENSEMBL:ENSG00000114113,RBP2,True,True,2
ENSEMBL:ENSG00000274712,ENSEMBL:ENSG00000274712,,True,False,1
ICE1,ENSEMBL:ENSG00000164151,ICE1,True,True,2
ENSEMBL:ENSG00000238273,ENSEMBL:ENSG00000238273,,True,False,1
SGSM3,ENSEMBL:ENSG00000100359,SGSM3,True,True,4
AP1M1,ENSEMBL:ENSG00000072958,AP1M1,True,True,3
MLF1,ENSEMBL:ENSG00000178053,MLF1,True,True,2
TLR7,ENSEMBL:ENSG00000196664,TLR7,True,True,3
PPP1R14A,ENSEMBL:ENSG00000167641,PPP1R14A,True,False,1
FST,ENSEMBL:ENSG00000134363,FST,False,True,2
CUX1,ENSEMBL:ENSG00000257923,CUX1,True,True,3
SRBD1,ENSEMBL:ENSG00000068784,SRBD1,True,True,4
ITGBL1,ENSEMBL:ENSG00000198542,ITGBL1,False,True,4
RRBP1,ENSEMBL:ENSG00000125844,RRBP1,True,True,5
FBXW2,ENSEMBL:ENSG00000119402,FBXW2,True,True,3
PCDH19,ENSEMBL:ENSG00000165194,PCDH19,True,False,1
CACNA2D3,ENSEMBL:ENSG00000157445,CACNA2D3,True,False,1
PAX1,ENSEMBL:ENSG00000125813,PAX1,True,True,2
LRRC75A,ENSEMBL:ENSG00000181350,LRRC75A,True,False,1
CD72,ENSEMBL:ENSG00000137101,CD72,True,True,4
PRDM4,ENSEMBL:ENSG00000110851,PRDM4,True,True,2
MRPS5,ENSEMBL:ENSG00000144029,MRPS5,True,True,4
HGH1,ENSEMBL:ENSG00000235173,HGH1,True,False,2
NAGS,ENSEMBL:ENSG00000161653,NAGS,False,True,2
SLC8A3,ENSEMBL:ENSG00000100678,SLC8A3,True,True,4
FAHD2B,ENSEMBL:ENSG00000144199,FAHD2B,True,True,3
EBF4,ENSEMBL:ENSG00000088881,EBF4,True,False,2
STXBP6,ENSEMBL:ENSG00000168952,STXBP6,False,True,2
ENSEMBL:ENSG00000279119,ENSEMBL:ENSG00000279119,,True,False,1
BRSK1,ENSEMBL:ENSG00000160469,BRSK1,False,True,2
TMEM119,ENSEMBL:ENSG00000183160,TMEM119,True,True,4
C2orf68,ENSEMBL:ENSG00000168887,C2orf68,True,False,2
OLMALINC,ENSEMBL:ENSG00000235823,OLMALINC,True,False,1
AGPS,ENSEMBL:ENSG00000018510,AGPS,True,False,1
RARS1,ENSEMBL:ENSG00000113643,RARS1,True,False,2
ENSEMBL:ENSG00000272447,ENSEMBL:ENSG00000272447,,True,False,1
GGT1,ENSEMBL:ENSG00000100031,GGT1,True,True,4
HACD1,ENSEMBL:ENSG00000165996,HACD1,True,True,4
LRATD1,ENSEMBL:ENSG00000162981,LRATD1,False,True,2
SFT2D1,ENSEMBL:ENSG00000198818,SFT2D1,True,True,2
ADGRV1,ENSEMBL:ENSG00000164199,ADGRV1,False,True,2
GPANK1|ENSG00000236011,ENSEMBL:ENSG00000236011,GPANK1,False,True,1
KRT8,ENSEMBL:ENSG00000170421,KRT8,False,True,5
LYRM4-AS1,ENSEMBL:ENSG00000272142,LYRM4-AS1,True,False,1
FOLH1,ENSEMBL:ENSG00000086205,FOLH1,False,True,1
HMGN1,ENSEMBL:ENSG00000205581,HMGN1,True,True,3
GLG1,ENSEMBL:ENSG00000090863,GLG1,True,True,3
CABIN1,ENSEMBL:ENSG00000099991,CABIN1,False,True,1
TLR9,ENSEMBL:ENSG00000239732,TLR9,False,True,3
GRIA3,ENSEMBL:ENSG00000125675,GRIA3,False,True,1
RNASE3,ENSEMBL:ENSG00000169397,RNASE3,True,False,1
LPAR1,ENSEMBL:ENSG00000198121,LPAR1,False,True,2
SH3RF3,ENSEMBL:ENSG00000172985,SH3RF3,True,False,2
LOXL3,ENSEMBL:ENSG00000115318,LOXL3,False,True,2
SPNS1,ENSEMBL:ENSG00000169682,SPNS1,True,True,2
IL22RA2,ENSEMBL:ENSG00000164485,IL22RA2,False,True,2
CELSR3,ENSEMBL:ENSG00000008300,CELSR3,True,False,2
SLC44A4,ENSEMBL:ENSG00000204385,SLC44A4,False,True,2
LMAN2,ENSEMBL:ENSG00000169223,LMAN2,True,True,4
SCAF1,ENSEMBL:ENSG00000126461,SCAF1,True,False,1
BAG6|ENSG00000096155,ENSEMBL:ENSG00000096155,BAG6,True,False,1
ZNF780A,ENSEMBL:ENSG00000197782,ZNF780A,True,False,1
CDK2AP1,ENSEMBL:ENSG00000111328,CDK2AP1,False,True,3
SHTN1,ENSEMBL:ENSG00000187164,SHTN1,True,True,3
PABPN1,ENSEMBL:ENSG00000100836,PABPN1,True,True,3
CTNND1,ENSEMBL:ENSG00000198561,CTNND1,True,True,3
GPSM3,ENSEMBL:ENSG00000213654,GPSM3,True,True,5
ZNF267,ENSEMBL:ENSG00000185947,ZNF267,True,False,2
CBLN4,ENSEMBL:ENSG00000054803,CBLN4,True,False,1
IFT43,ENSEMBL:ENSG00000119650,IFT43,True,False,1
EIF2S1,ENSEMBL:ENSG00000134001,EIF2S1,False,True,1
CNOT4,ENSEMBL:ENSG00000080802,CNOT4,True,True,2
TATDN3,ENSEMBL:ENSG00000203705,TATDN3,True,False,2
ARRDC1,ENSEMBL:ENSG00000197070,ARRDC1,True,True,2
TRMT11,ENSEMBL:ENSG00000066651,TRMT11,True,False,1
OGFOD2,ENSEMBL:ENSG00000111325,OGFOD2,True,False,1
ENSEMBL:ENSG00000279608,ENSEMBL:ENSG00000279608,,True,False,1
PITPNA,ENSEMBL:ENSG00000174238,PITPNA,True,True,3
FUCA1,ENSEMBL:ENSG00000179163,FUCA1,True,True,4
TMEM39B,ENSEMBL:ENSG00000121775,TMEM39B,True,False,1
MEPCE,ENSEMBL:ENSG00000146834,MEPCE,True,False,1
PSMD13,ENSEMBL:ENSG00000185627,PSMD13,True,True,4
BCAS4,ENSEMBL:ENSG00000124243,BCAS4,True,False,1
PTPN9,ENSEMBL:ENSG00000169410,PTPN9,False,True,3
FAM219A,ENSEMBL:ENSG00000164970,FAM219A,True,True,3
KCNQ1,ENSEMBL:ENSG00000053918,KCNQ1,True,True,4
RAB4A,ENSEMBL:ENSG00000168118,RAB4A,True,True,4
RAD9A,ENSEMBL:ENSG00000172613,RAD9A,True,True,3
BNIP2,ENSEMBL:ENSG00000140299,BNIP2,True,True,3
IQGAP2,ENSEMBL:ENSG00000145703,IQGAP2,False,True,6
UNC45B,ENSEMBL:ENSG00000141161,UNC45B,True,True,2
DPF2,ENSEMBL:ENSG00000133884,DPF2,True,True,2
TPI1P1,ENSEMBL:ENSG00000226415,TPI1P1,True,False,1
TRIM35,ENSEMBL:ENSG00000104228,TRIM35,True,True,2
SEMA3D,ENSEMBL:ENSG00000153993,SEMA3D,False,True,1
TUBD1,ENSEMBL:ENSG00000108423,TUBD1,True,False,1
CCDC126,ENSEMBL:ENSG00000169193,CCDC126,False,True,2
CA9,ENSEMBL:ENSG00000107159,CA9,False,True,1
NLRC3,ENSEMBL:ENSG00000167984,NLRC3,True,True,7
COA3,ENSEMBL:ENSG00000183978,COA3,True,True,3
SPAG4,ENSEMBL:ENSG00000061656,SPAG4,False,True,1
SIRPG,ENSEMBL:ENSG00000089012,SIRPG,True,False,1
MYLPF,ENSEMBL:ENSG00000180209,MYLPF,True,True,3
TNFRSF10B,ENSEMBL:ENSG00000120889,TNFRSF10B,True,False,2
AAMDC,ENSEMBL:ENSG00000087884,AAMDC,True,True,2
NEURL4,ENSEMBL:ENSG00000215041,NEURL4,False,True,1
PTPRU,ENSEMBL:ENSG00000060656,PTPRU,False,True,1
EYA3,ENSEMBL:ENSG00000158161,EYA3,True,False,2
AZIN2,ENSEMBL:ENSG00000142920,AZIN2,True,False,2
FRMD6,ENSEMBL:ENSG00000139926,FRMD6,True,True,3
WNK4,ENSEMBL:ENSG00000126562,WNK4,False,True,2
SNX2,ENSEMBL:ENSG00000205302,SNX2,True,False,2
PFDN4,ENSEMBL:ENSG00000101132,PFDN4,False,True,1
TUSC3,ENSEMBL:ENSG00000104723,TUSC3,True,True,2
DOLPP1,ENSEMBL:ENSG00000167130,DOLPP1,True,True,2
DGCR8,ENSEMBL:ENSG00000128191,DGCR8,True,False,2
ZNF620,ENSEMBL:ENSG00000177842,ZNF620,True,False,1
FHIP2B,ENSEMBL:ENSG00000158863,FHIP2B,True,True,2
MTM1,ENSEMBL:ENSG00000171100,MTM1,True,True,4
EIF3M,ENSEMBL:ENSG00000149100,EIF3M,True,True,3
ZBTB8OS,ENSEMBL:ENSG00000176261,ZBTB8OS,False,True,2
EGFL6,ENSEMBL:ENSG00000198759,EGFL6,False,True,3
FBXL6,ENSEMBL:ENSG00000182325,FBXL6,True,True,3
EVI5,ENSEMBL:ENSG00000067208,EVI5,True,True,2
TLR10,ENSEMBL:ENSG00000174123,TLR10,True,False,1
CTC1,ENSEMBL:ENSG00000178971,CTC1,False,True,2
ALDOC,ENSEMBL:ENSG00000109107,ALDOC,False,True,2
FAM102B,ENSEMBL:ENSG00000162636,FAM102B,False,True,2
GLDC,ENSEMBL:ENSG00000178445,GLDC,True,True,2
PPP1R9A,ENSEMBL:ENSG00000158528,PPP1R9A,True,True,2
GALNT2,ENSEMBL:ENSG00000143641,GALNT2,False,True,3
FUZ,ENSEMBL:ENSG00000010361,FUZ,True,False,1
SUSD3,ENSEMBL:ENSG00000157303,SUSD3,True,True,2
KANSL2,ENSEMBL:ENSG00000139620,KANSL2,True,False,1
GTF2B,ENSEMBL:ENSG00000137947,GTF2B,True,True,2
SLC31A1,ENSEMBL:ENSG00000136868,SLC31A1,False,True,1
LINC02604,ENSEMBL:ENSG00000273142,LINC02604,True,False,1
RABGEF1,ENSEMBL:ENSG00000154710,RABGEF1,True,False,1
ARHGEF28,ENSEMBL:ENSG00000214944,ARHGEF28,True,True,3
YES1,ENSEMBL:ENSG00000176105,YES1,True,False,2
LINC01237,ENSEMBL:ENSG00000233806,LINC01237,True,False,1
MMP3,ENSEMBL:ENSG00000149968,MMP3,True,True,2
RSAD1,ENSEMBL:ENSG00000136444,RSAD1,True,False,1
CCL22,ENSEMBL:ENSG00000102962,CCL22,False,True,1
ENSEMBL:ENSG00000278576,ENSEMBL:ENSG00000278576,,True,False,1
PAXIP1,ENSEMBL:ENSG00000157212,PAXIP1,True,False,1
HDAC6,ENSEMBL:ENSG00000094631,HDAC6,True,False,1
SLC39A4,ENSEMBL:ENSG00000147804,SLC39A4,False,True,2
MYO9B,ENSEMBL:ENSG00000099331,MYO9B,True,True,5
TCF7L2,ENSEMBL:ENSG00000148737,TCF7L2,True,True,3
FAM3D,ENSEMBL:ENSG00000198643,FAM3D,False,True,1
ANAPC15,ENSEMBL:ENSG00000110200,ANAPC15,True,True,3
GREB1,ENSEMBL:ENSG00000196208,GREB1,True,True,3
ASB15,ENSEMBL:ENSG00000146809,ASB15,True,True,3
PTPRR,ENSEMBL:ENSG00000153233,PTPRR,True,True,3
CCDC159,ENSEMBL:ENSG00000183401,CCDC159,True,True,2
ANKHD1-EIF4EBP3,ENSEMBL:ENSG00000254996,ANKHD1-EIF4EBP3,True,False,1
RGS4,ENSEMBL:ENSG00000117152,RGS4,False,True,2
EDC3,ENSEMBL:ENSG00000179151,EDC3,True,False,2
ANKRD63,ENSEMBL:ENSG00000230778,ANKRD63,False,True,3
CHPF,ENSEMBL:ENSG00000123989,CHPF,True,True,4
SPATA3,ENSEMBL:ENSG00000173699,SPATA3,False,True,1
ZNF343,ENSEMBL:ENSG00000088876,ZNF343,True,False,1
ZNF703,ENSEMBL:ENSG00000183779,ZNF703,True,True,4
IRF9,ENSEMBL:ENSG00000213928,IRF9,True,True,4
LGALS7,ENSEMBL:ENSG00000205076,LGALS7,False,True,1
PCGF1,ENSEMBL:ENSG00000115289,PCGF1,True,True,3
ANXA13,ENSEMBL:ENSG00000104537,ANXA13,False,True,2
KLHL29,ENSEMBL:ENSG00000119771,KLHL29,True,True,4
FBP1,ENSEMBL:ENSG00000165140,FBP1,False,True,4
ZNF117,ENSEMBL:ENSG00000152926,ZNF117,True,False,1
FLT1,ENSEMBL:ENSG00000102755,FLT1,True,True,6
MYRIP,ENSEMBL:ENSG00000170011,MYRIP,True,True,5
KCTD11,ENSEMBL:ENSG00000213859,KCTD11,True,True,2
SLC26A1,ENSEMBL:ENSG00000145217,SLC26A1,False,True,1
WDR48,ENSEMBL:ENSG00000114742,WDR48,True,False,1
PGAM5,ENSEMBL:ENSG00000247077,PGAM5,True,True,2
CDK5RAP3,ENSEMBL:ENSG00000108465,CDK5RAP3,True,True,3
EIF2B1,ENSEMBL:ENSG00000111361,EIF2B1,True,False,2
ELMOD2,ENSEMBL:ENSG00000179387,ELMOD2,True,False,2
DPP3,ENSEMBL:ENSG00000254986,DPP3,False,True,3
KDM7A-DT,ENSEMBL:ENSG00000260231,KDM7A-DT,True,False,2
SFR1,ENSEMBL:ENSG00000156384,SFR1,False,True,2
PRMT1,ENSEMBL:ENSG00000126457,PRMT1,False,True,1
PSME2,ENSEMBL:ENSG00000100911,PSME2,True,True,3
AP3S2,ENSEMBL:ENSG00000157823,AP3S2,True,True,3
CLDN1,ENSEMBL:ENSG00000163347,CLDN1,True,True,3
FBXO40,ENSEMBL:ENSG00000163833,FBXO40,True,True,3
EPN2,ENSEMBL:ENSG00000072134,EPN2,True,True,4
ADH1C,ENSEMBL:ENSG00000248144,ADH1C,True,True,7
FAM78B,ENSEMBL:ENSG00000188859,FAM78B,True,False,1
POLR3F,ENSEMBL:ENSG00000132664,POLR3F,True,False,1
C4orf33,ENSEMBL:ENSG00000151470,C4orf33,True,False,1
ABCA6,ENSEMBL:ENSG00000154262,ABCA6,True,True,2
LCAT,ENSEMBL:ENSG00000213398,LCAT,True,True,2
BBS5,ENSEMBL:ENSG00000163093,BBS5,True,False,1
ENSEMBL:ENSG00000231324,ENSEMBL:ENSG00000231324,,True,False,1
NUP50-DT,ENSEMBL:ENSG00000226328,NUP50-DT,True,False,2
ASNSD1,ENSEMBL:ENSG00000138381,ASNSD1,True,False,2
HSPA8P5,ENSEMBL:ENSG00000256356,HSPA8P5,True,False,1
TSPAN18,ENSEMBL:ENSG00000157570,TSPAN18,True,True,3
ACBD7,ENSEMBL:ENSG00000176244,ACBD7,False,True,1
TNNT1,ENSEMBL:ENSG00000105048,TNNT1,False,True,2
ARAP2,ENSEMBL:ENSG00000047365,ARAP2,True,True,4
CCNT2,ENSEMBL:ENSG00000082258,CCNT2,True,True,3
SLA2,ENSEMBL:ENSG00000101082,SLA2,True,False,1
KCTD7,ENSEMBL:ENSG00000243335,KCTD7,True,False,1
ZFHX3,ENSEMBL:ENSG00000140836,ZFHX3,False,True,1
PLP2,ENSEMBL:ENSG00000102007,PLP2,True,True,5
CIAO3,ENSEMBL:ENSG00000103245,CIAO3,True,False,2
HSD17B6,ENSEMBL:ENSG00000025423,HSD17B6,False,True,1
PROSER2,ENSEMBL:ENSG00000148426,PROSER2,False,True,2
LINC00298,ENSEMBL:ENSG00000235665,LINC00298,True,False,1
ZDHHC12,ENSEMBL:ENSG00000160446,ZDHHC12,False,True,1
UIMC1,ENSEMBL:ENSG00000087206,UIMC1,True,False,2
LINC00957,ENSEMBL:ENSG00000235314,LINC00957,True,False,1
ILRUN,ENSEMBL:ENSG00000196821,ILRUN,True,True,5
LZIC,ENSEMBL:ENSG00000162441,LZIC,True,True,4
PIK3R1,ENSEMBL:ENSG00000145675,PIK3R1,True,True,3
CAPS,ENSEMBL:ENSG00000105519,CAPS,True,False,2
ADAMTSL2,ENSEMBL:ENSG00000197859,ADAMTSL2,False,True,1
MON1B,ENSEMBL:ENSG00000103111,MON1B,True,True,3
SDCBP2-AS1,ENSEMBL:ENSG00000234684,SDCBP2-AS1,True,False,1
PSD,ENSEMBL:ENSG00000059915,PSD,False,True,2
EIF3F,ENSEMBL:ENSG00000175390,EIF3F,True,True,2
ASB10,ENSEMBL:ENSG00000146926,ASB10,True,False,1
SHOC2,ENSEMBL:ENSG00000108061,SHOC2,True,False,1
WDR75,ENSEMBL:ENSG00000115368,WDR75,True,True,2
LILRA1,ENSEMBL:ENSG00000104974,LILRA1,True,False,1
SH2D1A,ENSEMBL:ENSG00000183918,SH2D1A,True,False,1
ANAPC2,ENSEMBL:ENSG00000176248,ANAPC2,True,True,3
RNF182,ENSEMBL:ENSG00000180537,RNF182,True,False,1
GSS,ENSEMBL:ENSG00000100983,GSS,True,True,5
REM1,ENSEMBL:ENSG00000088320,REM1,False,True,3
NPR1,ENSEMBL:ENSG00000169418,NPR1,False,True,1
PFKP,ENSEMBL:ENSG00000067057,PFKP,True,True,3
KLK8,ENSEMBL:ENSG00000129455,KLK8,True,False,1
OXT,ENSEMBL:ENSG00000101405,OXT,True,False,1
STX18-AS1,ENSEMBL:ENSG00000247708,STX18-AS1,True,False,2
PNMA3,ENSEMBL:ENSG00000183837,PNMA3,True,False,1
UBFD1,ENSEMBL:ENSG00000103353,UBFD1,True,True,3
ADGRE4P,ENSEMBL:ENSG00000268758,ADGRE4P,True,True,3
NAIP,ENSEMBL:ENSG00000249437,NAIP,True,False,2
EDA2R,ENSEMBL:ENSG00000131080,EDA2R,False,True,1
TSPAN5-DT,ENSEMBL:ENSG00000260641,TSPAN5-DT,True,False,1
MRPS7,ENSEMBL:ENSG00000125445,MRPS7,True,True,4
NDUFAF5,ENSEMBL:ENSG00000101247,NDUFAF5,True,False,1
CDK5RAP1,ENSEMBL:ENSG00000101391,CDK5RAP1,True,True,4
LRRC30,ENSEMBL:ENSG00000206422,LRRC30,True,False,1
RHBG,ENSEMBL:ENSG00000132677,RHBG,False,True,1
PDZD3,ENSEMBL:ENSG00000172367,PDZD3,False,True,1
IGSF6,ENSEMBL:ENSG00000140749,IGSF6,True,True,3
TXNDC5,ENSEMBL:ENSG00000239264,TXNDC5,False,True,5
KATNIP,ENSEMBL:ENSG00000047578,KATNIP,True,False,2
DTX4,ENSEMBL:ENSG00000110042,DTX4,True,True,2
ENSEMBL:ENSG00000279633,ENSEMBL:ENSG00000279633,,True,False,1
NT5DC2,ENSEMBL:ENSG00000168268,NT5DC2,False,True,1
CTSF,ENSEMBL:ENSG00000174080,CTSF,True,True,4
CLEC10A,ENSEMBL:ENSG00000132514,CLEC10A,True,True,3
ANKLE2,ENSEMBL:ENSG00000176915,ANKLE2,True,True,3
ENSEMBL:ENSG00000288597,ENSEMBL:ENSG00000288597,,True,False,1
DCTPP1,ENSEMBL:ENSG00000179958,DCTPP1,True,True,3
GATM,ENSEMBL:ENSG00000171766,GATM,True,True,2
PHKG2,ENSEMBL:ENSG00000156873,PHKG2,True,True,4
THSD4,ENSEMBL:ENSG00000187720,THSD4,False,True,1
CDC42EP4,ENSEMBL:ENSG00000179604,CDC42EP4,True,True,7
SREK1,ENSEMBL:ENSG00000153914,SREK1,True,True,2
TPP2,ENSEMBL:ENSG00000134900,TPP2,False,True,3
DOCK11,ENSEMBL:ENSG00000147251,DOCK11,True,True,5
GABRE,ENSEMBL:ENSG00000102287,GABRE,False,True,1
TES,ENSEMBL:ENSG00000135269,TES,True,True,5
P2RY10,ENSEMBL:ENSG00000078589,P2RY10,True,True,2
LTBR,ENSEMBL:ENSG00000111321,LTBR,True,True,4
CCRL2,ENSEMBL:ENSG00000121797,CCRL2,True,False,1
LMOD3,ENSEMBL:ENSG00000163380,LMOD3,True,False,1
SNX5,ENSEMBL:ENSG00000089006,SNX5,True,True,3
RPL35A,ENSEMBL:ENSG00000182899,RPL35A,True,True,4
GNPTG,ENSEMBL:ENSG00000090581,GNPTG,True,True,2
DHX35,ENSEMBL:ENSG00000101452,DHX35,True,True,2
TMPO,ENSEMBL:ENSG00000120802,TMPO,True,False,3
SENP5,ENSEMBL:ENSG00000119231,SENP5,True,False,1
SAMD9L,ENSEMBL:ENSG00000177409,SAMD9L,True,False,2
DDX39B,ENSEMBL:ENSG00000198563,DDX39B,False,True,7
SLC13A1,ENSEMBL:ENSG00000081800,SLC13A1,False,True,2
EIF1B-AS1,ENSEMBL:ENSG00000280739,EIF1B-AS1,True,False,1
GJD2,ENSEMBL:ENSG00000159248,GJD2,False,True,1
RPL6,ENSEMBL:ENSG00000089009,RPL6,True,True,3
FOXK2,ENSEMBL:ENSG00000141568,FOXK2,True,True,2
ENSEMBL:ENSG00000228366,ENSEMBL:ENSG00000228366,,True,False,1
ARPP21,ENSEMBL:ENSG00000172995,ARPP21,True,True,3
RABGAP1,ENSEMBL:ENSG00000011454,RABGAP1,False,True,2
SH3BP4,ENSEMBL:ENSG00000130147,SH3BP4,False,True,4
TWNK,ENSEMBL:ENSG00000107815,TWNK,True,False,2
USP1,ENSEMBL:ENSG00000162607,USP1,True,False,2
GALNS,ENSEMBL:ENSG00000141012,GALNS,True,True,3
DTX1,ENSEMBL:ENSG00000135144,DTX1,False,True,2
SARNP,ENSEMBL:ENSG00000205323,SARNP,True,True,3
IFFO1,ENSEMBL:ENSG00000010295,IFFO1,True,True,3
CMTM7,ENSEMBL:ENSG00000153551,CMTM7,False,True,2
KIAA1549L,ENSEMBL:ENSG00000110427,KIAA1549L,False,True,1
CHIC2,ENSEMBL:ENSG00000109220,CHIC2,True,False,2
RPL14,ENSEMBL:ENSG00000188846,RPL14,True,True,2
MATN1,ENSEMBL:ENSG00000162510,MATN1,False,True,1
EMID1,ENSEMBL:ENSG00000186998,EMID1,True,True,3
PRICKLE4,ENSEMBL:ENSG00000278224,PRICKLE4,False,True,1
SDC1,ENSEMBL:ENSG00000115884,SDC1,False,True,3
NOL3,ENSEMBL:ENSG00000140939,NOL3,True,True,4
CDC5L,ENSEMBL:ENSG00000096401,CDC5L,True,True,2
OGFRL1,ENSEMBL:ENSG00000119900,OGFRL1,True,True,4
UNK,ENSEMBL:ENSG00000132478,UNK,True,False,1
PTGES3,ENSEMBL:ENSG00000110958,PTGES3,True,True,5
FAM167B,ENSEMBL:ENSG00000183615,FAM167B,False,True,1
GTPBP6,ENSEMBL:ENSG00000178605,GTPBP6,True,True,2
BZW2,ENSEMBL:ENSG00000136261,BZW2,True,True,3
LYRM9,ENSEMBL:ENSG00000232859,LYRM9,True,True,3
FANCM,ENSEMBL:ENSG00000187790,FANCM,True,True,2
SMIM10L2A,ENSEMBL:ENSG00000178947,SMIM10L2A,True,False,1
SLC39A13,ENSEMBL:ENSG00000165915,SLC39A13,True,False,1
PLXNB1,ENSEMBL:ENSG00000164050,PLXNB1,False,True,2
IMP3,ENSEMBL:ENSG00000177971,IMP3,True,False,2
ZNF776,ENSEMBL:ENSG00000152443,ZNF776,True,False,1
ENSEMBL:ENSG00000238005,ENSEMBL:ENSG00000238005,,True,False,1
PRELID1,ENSEMBL:ENSG00000169230,PRELID1,True,True,3
CDK19,ENSEMBL:ENSG00000155111,CDK19,True,True,4
AZGP1,ENSEMBL:ENSG00000160862,AZGP1,False,True,3
SLC4A7,ENSEMBL:ENSG00000033867,SLC4A7,True,True,5
SPAST,ENSEMBL:ENSG00000021574,SPAST,True,False,2
ZC3HAV1,ENSEMBL:ENSG00000105939,ZC3HAV1,True,True,4
ENSEMBL:ENSG00000266918,ENSEMBL:ENSG00000266918,,True,False,1
LINC01871,ENSEMBL:ENSG00000235576,LINC01871,True,False,1
SERPINF2,ENSEMBL:ENSG00000167711,SERPINF2,True,False,1
STX10,ENSEMBL:ENSG00000104915,STX10,True,False,2
RPS18|ENSG00000231500,ENSEMBL:ENSG00000231500,RPS18,True,False,1
ENSEMBL:ENSG00000235288,ENSEMBL:ENSG00000235288,,True,False,1
PHF20L1,ENSEMBL:ENSG00000129292,PHF20L1,True,False,1
PWWP2A,ENSEMBL:ENSG00000170234,PWWP2A,True,True,3
CLMP,ENSEMBL:ENSG00000166250,CLMP,True,True,2
RHNO1,ENSEMBL:ENSG00000171792,RHNO1,True,False,1
UPB1,ENSEMBL:ENSG00000100024,UPB1,True,True,2
HSD17B8,ENSEMBL:ENSG00000112474,HSD17B8,False,True,3
ACAN,ENSEMBL:ENSG00000157766,ACAN,False,True,1
NPHP4,ENSEMBL:ENSG00000131697,NPHP4,True,False,1
EEF1D,ENSEMBL:ENSG00000104529,EEF1D,True,True,3
SMPD2,ENSEMBL:ENSG00000135587,SMPD2,False,True,1
RBMXL1,ENSEMBL:ENSG00000213516,RBMXL1,True,True,3
SLC25A1,ENSEMBL:ENSG00000100075,SLC25A1,True,True,5
RABIF,ENSEMBL:ENSG00000183155,RABIF,True,True,2
RNF41,ENSEMBL:ENSG00000181852,RNF41,True,False,2
TUBA1C,ENSEMBL:ENSG00000167553,TUBA1C,True,True,5
CRACDL,ENSEMBL:ENSG00000196872,CRACDL,True,True,3
ALG10B,ENSEMBL:ENSG00000175548,ALG10B,True,False,1
FMNL3,ENSEMBL:ENSG00000161791,FMNL3,True,True,4
SMDT1,ENSEMBL:ENSG00000183172,SMDT1,True,True,2
IHO1,ENSEMBL:ENSG00000173421,IHO1,True,False,1
BAZ1A,ENSEMBL:ENSG00000198604,BAZ1A,True,True,4
CD48,ENSEMBL:ENSG00000117091,CD48,True,True,6
STK26,ENSEMBL:ENSG00000134602,STK26,True,True,4
NTRK2,ENSEMBL:ENSG00000148053,NTRK2,False,True,4
ENSEMBL:ENSG00000287131,ENSEMBL:ENSG00000287131,,True,False,1
FKBP9,ENSEMBL:ENSG00000122642,FKBP9,True,True,5
STAG3L3,ENSEMBL:ENSG00000174353,STAG3L3,True,False,1
CCDC152,ENSEMBL:ENSG00000198865,CCDC152,True,False,1
RGS7,ENSEMBL:ENSG00000182901,RGS7,False,True,1
ENSEMBL:ENSG00000261512,ENSEMBL:ENSG00000261512,,True,False,2
PET100,ENSEMBL:ENSG00000229833,PET100,False,True,4
ENSEMBL:ENSG00000269825,ENSEMBL:ENSG00000269825,,True,False,1
RER1,ENSEMBL:ENSG00000157916,RER1,False,True,2
SDCCAG8,ENSEMBL:ENSG00000054282,SDCCAG8,True,False,1
SDK2,ENSEMBL:ENSG00000069188,SDK2,True,False,1
RRAGA,ENSEMBL:ENSG00000155876,RRAGA,True,True,3
SLC43A3,ENSEMBL:ENSG00000134802,SLC43A3,True,True,4
SP3,ENSEMBL:ENSG00000172845,SP3,True,True,4
FGF9,ENSEMBL:ENSG00000102678,FGF9,True,False,1
ZNF614,ENSEMBL:ENSG00000142556,ZNF614,True,False,1
ARHGEF9,ENSEMBL:ENSG00000131089,ARHGEF9,True,True,3
NMT2,ENSEMBL:ENSG00000152465,NMT2,False,True,1
NAV3,ENSEMBL:ENSG00000067798,NAV3,False,True,1
PPP6C,ENSEMBL:ENSG00000119414,PPP6C,True,False,2
BEX3,ENSEMBL:ENSG00000166681,BEX3,False,True,2
KRT18,ENSEMBL:ENSG00000111057,KRT18,False,True,5
SELENOK,ENSEMBL:ENSG00000113811,SELENOK,True,True,3
RPL12P16,ENSEMBL:ENSG00000204196,RPL12P16,True,False,1
PRKCQ,ENSEMBL:ENSG00000065675,PRKCQ,True,True,4
DANCR,ENSEMBL:ENSG00000226950,DANCR,True,False,1
ENSEMBL:ENSG00000288836,ENSEMBL:ENSG00000288836,,True,False,1
ULK3,ENSEMBL:ENSG00000140474,ULK3,True,False,2
ENSEMBL:ENSG00000279453,ENSEMBL:ENSG00000279453,,True,False,1
CNPPD1,ENSEMBL:ENSG00000115649,CNPPD1,True,True,3
THAP2,ENSEMBL:ENSG00000173451,THAP2,True,False,1
ZNF160,ENSEMBL:ENSG00000170949,ZNF160,True,False,1
MICAL1,ENSEMBL:ENSG00000135596,MICAL1,True,True,4
TMEM91,ENSEMBL:ENSG00000142046,TMEM91,True,False,1
RBBP8,ENSEMBL:ENSG00000101773,RBBP8,True,True,2
KXD1,ENSEMBL:ENSG00000105700,KXD1,True,False,2
RNF8,ENSEMBL:ENSG00000112130,RNF8,True,False,1
AGBL1,ENSEMBL:ENSG00000273540,AGBL1,True,True,2
NUP133,ENSEMBL:ENSG00000069248,NUP133,True,True,3
HEIH,ENSEMBL:ENSG00000278970,HEIH,True,False,2
CPA3,ENSEMBL:ENSG00000163751,CPA3,False,True,4
NLRC5,ENSEMBL:ENSG00000140853,NLRC5,False,True,3
CCN5,ENSEMBL:ENSG00000064205,CCN5,False,True,2
ZNF260,ENSEMBL:ENSG00000254004,ZNF260,False,True,3
HIGD1B,ENSEMBL:ENSG00000131097,HIGD1B,False,True,1
ABHD18,ENSEMBL:ENSG00000164074,ABHD18,False,True,1
POLR3G,ENSEMBL:ENSG00000113356,POLR3G,True,False,1
CCDC184,ENSEMBL:ENSG00000177875,CCDC184,True,False,1
ENSEMBL:ENSG00000215493,ENSEMBL:ENSG00000215493,,True,False,1
AGAP3,ENSEMBL:ENSG00000133612,AGAP3,True,True,5
TREM2,ENSEMBL:ENSG00000095970,TREM2,False,True,1
HTATIP2,ENSEMBL:ENSG00000109854,HTATIP2,True,True,3
HLA-B,ENSEMBL:ENSG00000234745,HLA-B,True,False,1
GPR135,ENSEMBL:ENSG00000181619,GPR135,True,False,1
TPSG1,ENSEMBL:ENSG00000116176,TPSG1,False,True,1
RXFP2,ENSEMBL:ENSG00000133105,RXFP2,False,True,1
CUL5,ENSEMBL:ENSG00000166266,CUL5,False,True,1
RIN1,ENSEMBL:ENSG00000174791,RIN1,True,False,1
CLEC4A,ENSEMBL:ENSG00000111729,CLEC4A,False,True,2
LINC01882,ENSEMBL:ENSG00000260302,LINC01882,True,False,1
ZNF266,ENSEMBL:ENSG00000174652,ZNF266,True,False,2
NLRP3,ENSEMBL:ENSG00000162711,NLRP3,True,True,3
SPIDR,ENSEMBL:ENSG00000164808,SPIDR,True,False,1
ACE2,ENSEMBL:ENSG00000130234,ACE2,False,True,3
TAFA5,ENSEMBL:ENSG00000219438,TAFA5,True,True,4
HMBOX1,ENSEMBL:ENSG00000147421,HMBOX1,True,False,1
F8A1,ENSEMBL:ENSG00000288722,F8A1,True,True,3
PRR13P5,ENSEMBL:ENSG00000187534,PRR13P5,True,False,1
TRBC1,ENSEMBL:ENSG00000211751,TRBC1,True,False,1
SCAND1,ENSEMBL:ENSG00000171222,SCAND1,True,True,2
GTPBP3,ENSEMBL:ENSG00000130299,GTPBP3,True,True,4
ENSEMBL:ENSG00000271810,ENSEMBL:ENSG00000271810,,True,False,1
INO80D,ENSEMBL:ENSG00000114933,INO80D,True,True,2
SMG1P7,ENSEMBL:ENSG00000261556,SMG1P7,True,False,2
TWSG1,ENSEMBL:ENSG00000128791,TWSG1,False,True,1
NBPF14,ENSEMBL:ENSG00000270629,NBPF14,True,False,1
PKP4,ENSEMBL:ENSG00000144283,PKP4,True,True,7
NKTR,ENSEMBL:ENSG00000114857,NKTR,True,True,2
RPL10P16,ENSEMBL:ENSG00000178464,RPL10P16,True,False,1
CD69,ENSEMBL:ENSG00000110848,CD69,True,False,1
TTC30A,ENSEMBL:ENSG00000197557,TTC30A,True,False,2
NOTCH4,ENSEMBL:ENSG00000204301,NOTCH4,True,True,6
LRRC59,ENSEMBL:ENSG00000108829,LRRC59,True,True,4
SS18,ENSEMBL:ENSG00000141380,SS18,False,True,1
EOGT,ENSEMBL:ENSG00000163378,EOGT,False,True,3
RN7SL2,ENSEMBL:ENSG00000274012,RN7SL2,True,False,1
CA12,ENSEMBL:ENSG00000074410,CA12,True,True,4
ZRANB2,ENSEMBL:ENSG00000132485,ZRANB2,True,True,3
ATXN7,ENSEMBL:ENSG00000163635,ATXN7,True,False,2
DNAJC30,ENSEMBL:ENSG00000176410,DNAJC30,True,False,1
RFC1,ENSEMBL:ENSG00000035928,RFC1,True,True,2
EHD3,ENSEMBL:ENSG00000013016,EHD3,True,True,5
C12orf76,ENSEMBL:ENSG00000174456,C12orf76,True,False,1
LINC02767,ENSEMBL:ENSG00000284237,LINC02767,True,False,1
KLHDC2,ENSEMBL:ENSG00000165516,KLHDC2,False,True,2
LSM7,ENSEMBL:ENSG00000130332,LSM7,True,False,2
HLA-DMA,ENSEMBL:ENSG00000204257,HLA-DMA,False,True,3
ZNF775,ENSEMBL:ENSG00000196456,ZNF775,True,False,1
KIF5C,ENSEMBL:ENSG00000168280,KIF5C,True,True,2
ZBTB22,ENSEMBL:ENSG00000236104,ZBTB22,True,False,1
STMN3,ENSEMBL:ENSG00000197457,STMN3,False,True,2
NSUN7,ENSEMBL:ENSG00000179299,NSUN7,True,False,1
SLC17A5,ENSEMBL:ENSG00000119899,SLC17A5,True,True,2
RFXANK,ENSEMBL:ENSG00000064490,RFXANK,True,False,1
ORC5,ENSEMBL:ENSG00000164815,ORC5,True,True,3
XRN2,ENSEMBL:ENSG00000088930,XRN2,True,True,2
WASH5P,ENSEMBL:ENSG00000282458,WASH5P,True,False,1
DCBLD2,ENSEMBL:ENSG00000057019,DCBLD2,True,True,2
VANGL1,ENSEMBL:ENSG00000173218,VANGL1,True,False,1
ADK,ENSEMBL:ENSG00000156110,ADK,True,True,5
HOXA10,ENSEMBL:ENSG00000253293,HOXA10,True,False,1
ATP13A2,ENSEMBL:ENSG00000159363,ATP13A2,True,True,3
PQBP1,ENSEMBL:ENSG00000102103,PQBP1,False,True,1
IFITM10,ENSEMBL:ENSG00000244242,IFITM10,False,True,2
PRDM16,ENSEMBL:ENSG00000142611,PRDM16,False,True,2
B3GALT6,ENSEMBL:ENSG00000176022,B3GALT6,True,True,3
RPL27A,ENSEMBL:ENSG00000166441,RPL27A,True,True,3
CALHM2,ENSEMBL:ENSG00000138172,CALHM2,True,True,2
SPIRE2,ENSEMBL:ENSG00000204991,SPIRE2,True,False,1
PPIG,ENSEMBL:ENSG00000138398,PPIG,True,True,2
IFT46,ENSEMBL:ENSG00000118096,IFT46,True,True,2
ENSEMBL:ENSG00000233987,ENSEMBL:ENSG00000233987,,True,False,1
CHCHD6,ENSEMBL:ENSG00000159685,CHCHD6,True,True,4
ISOC1,ENSEMBL:ENSG00000066583,ISOC1,True,False,1
NUDT4P2,ENSEMBL:ENSG00000271121,NUDT4P2,True,False,1
GLOD4,ENSEMBL:ENSG00000167699,GLOD4,False,True,2
KIAA1324L,ENSEMBL:ENSG00000164659,KIAA1324L,False,True,1
TTC4,ENSEMBL:ENSG00000243725,TTC4,True,False,1
ENSEMBL:ENSG00000282034,ENSEMBL:ENSG00000282034,,True,False,2
CLSTN2,ENSEMBL:ENSG00000158258,CLSTN2,True,True,2
ENSEMBL:ENSG00000254343,ENSEMBL:ENSG00000254343,,True,False,1
CRBN,ENSEMBL:ENSG00000113851,CRBN,True,True,2
SECTM1,ENSEMBL:ENSG00000141574,SECTM1,True,True,2
NF2,ENSEMBL:ENSG00000186575,NF2,True,True,2
TCTA,ENSEMBL:ENSG00000145022,TCTA,True,True,4
ADAM20P1,ENSEMBL:ENSG00000259158,ADAM20P1,True,False,1
LSM11,ENSEMBL:ENSG00000155858,LSM11,True,False,1
GPR183,ENSEMBL:ENSG00000169508,GPR183,True,True,4
PANK4,ENSEMBL:ENSG00000157881,PANK4,True,True,3
KANSL3,ENSEMBL:ENSG00000114982,KANSL3,True,True,3
GATC,ENSEMBL:ENSG00000257218,GATC,True,True,2
RAB33B,ENSEMBL:ENSG00000172007,RAB33B,True,False,2
ENSEMBL:ENSG00000286190,ENSEMBL:ENSG00000286190,,True,False,1
ZFTA,ENSEMBL:ENSG00000188070,ZFTA,True,True,3
SGSM1,ENSEMBL:ENSG00000167037,SGSM1,True,True,3
IL6,ENSEMBL:ENSG00000136244,IL6,False,True,3
LLGL1,ENSEMBL:ENSG00000131899,LLGL1,True,False,1
RABAC1,ENSEMBL:ENSG00000105404,RABAC1,True,True,2
SSR4P1,ENSEMBL:ENSG00000235374,SSR4P1,True,False,1
ENSEMBL:ENSG00000279168,ENSEMBL:ENSG00000279168,,True,False,1
USP47,ENSEMBL:ENSG00000170242,USP47,True,False,1
BCL7A,ENSEMBL:ENSG00000110987,BCL7A,True,True,4
PDIA6,ENSEMBL:ENSG00000143870,PDIA6,True,True,5
UBXN7,ENSEMBL:ENSG00000163960,UBXN7,True,False,2
ENSEMBL:ENSG00000282393,ENSEMBL:ENSG00000282393,,True,False,1
NID2,ENSEMBL:ENSG00000087303,NID2,False,True,4
MYG1,ENSEMBL:ENSG00000139637,MYG1,True,True,4
ENSEMBL:ENSG00000272789,ENSEMBL:ENSG00000272789,,True,False,1
EVA1C,ENSEMBL:ENSG00000166979,EVA1C,True,False,1
MTOR,ENSEMBL:ENSG00000198793,MTOR,True,False,2
SLC1A1,ENSEMBL:ENSG00000106688,SLC1A1,False,True,1
LRP3,ENSEMBL:ENSG00000130881,LRP3,True,True,3
MAML2,ENSEMBL:ENSG00000184384,MAML2,True,True,4
ADCY10,ENSEMBL:ENSG00000143199,ADCY10,False,True,2
KIAA1109,ENSEMBL:ENSG00000138688,KIAA1109,True,True,7
ENSEMBL:ENSG00000288162,ENSEMBL:ENSG00000288162,,True,False,1
FRZB,ENSEMBL:ENSG00000162998,FRZB,False,True,1
MYDGF,ENSEMBL:ENSG00000074842,MYDGF,True,True,2
PFN1P2,ENSEMBL:ENSG00000270392,PFN1P2,True,False,1
CHPF2,ENSEMBL:ENSG00000033100,CHPF2,True,False,2
KRT31,ENSEMBL:ENSG00000094796,KRT31,True,False,1
PSMB10,ENSEMBL:ENSG00000205220,PSMB10,True,True,2
QPRT,ENSEMBL:ENSG00000103485,QPRT,True,True,2
SYTL5,ENSEMBL:ENSG00000147041,SYTL5,False,True,3
CHODL,ENSEMBL:ENSG00000154645,CHODL,True,True,5
ENSEMBL:ENSG00000274828,ENSEMBL:ENSG00000274828,,True,False,1
RFLNB,ENSEMBL:ENSG00000183688,RFLNB,True,True,3
CLPTM1,ENSEMBL:ENSG00000104853,CLPTM1,True,True,5
DIPK2A,ENSEMBL:ENSG00000181744,DIPK2A,False,True,1
VPS9D1,ENSEMBL:ENSG00000075399,VPS9D1,True,True,3
THAP7,ENSEMBL:ENSG00000184436,THAP7,True,False,2
RCN3,ENSEMBL:ENSG00000142552,RCN3,True,True,5
C14orf119,ENSEMBL:ENSG00000179933,C14orf119,True,False,2
HEPH,ENSEMBL:ENSG00000089472,HEPH,False,True,4
RELA,ENSEMBL:ENSG00000173039,RELA,True,False,1
RPL29,ENSEMBL:ENSG00000162244,RPL29,True,True,4
GLS,ENSEMBL:ENSG00000115419,GLS,False,True,4
TMEFF1,ENSEMBL:ENSG00000241697,TMEFF1,False,True,1
WDR27,ENSEMBL:ENSG00000184465,WDR27,True,False,1
NDUFAF7,ENSEMBL:ENSG00000003509,NDUFAF7,False,True,2
FGD5-AS1,ENSEMBL:ENSG00000225733,FGD5-AS1,True,False,1
FILIP1L,ENSEMBL:ENSG00000168386,FILIP1L,True,True,5
GCC1,ENSEMBL:ENSG00000179562,GCC1,True,True,3
GET3,ENSEMBL:ENSG00000198356,GET3,False,True,1
CIT,ENSEMBL:ENSG00000122966,CIT,True,True,4
ENSEMBL:ENSG00000285628,ENSEMBL:ENSG00000285628,,True,False,1
OPHN1,ENSEMBL:ENSG00000079482,OPHN1,False,True,1
MMS22L,ENSEMBL:ENSG00000146263,MMS22L,True,True,2
ASB8,ENSEMBL:ENSG00000177981,ASB8,True,True,4
RBCK1,ENSEMBL:ENSG00000125826,RBCK1,True,True,5
HNRNPDL,ENSEMBL:ENSG00000152795,HNRNPDL,True,True,2
CMIP,ENSEMBL:ENSG00000153815,CMIP,True,True,3
CD33,ENSEMBL:ENSG00000105383,CD33,False,True,3
WDR83OS,ENSEMBL:ENSG00000105583,WDR83OS,False,True,1
TUFT1,ENSEMBL:ENSG00000143367,TUFT1,True,False,1
ATP6V1H,ENSEMBL:ENSG00000047249,ATP6V1H,True,False,1
ST20-AS1,ENSEMBL:ENSG00000259642,ST20-AS1,True,False,2
CCL23,ENSEMBL:ENSG00000276114,CCL23,False,True,2
HLA-DMB|ENSG00000241674,ENSEMBL:ENSG00000241674,HLA-DMB,False,True,1
AVPR2,ENSEMBL:ENSG00000126895,AVPR2,True,False,2
PANK2,ENSEMBL:ENSG00000125779,PANK2,True,False,1
LINC01145,ENSEMBL:ENSG00000272419,LINC01145,True,False,1
LIMK1,ENSEMBL:ENSG00000106683,LIMK1,True,True,2
PRR5,ENSEMBL:ENSG00000186654,PRR5,True,True,3
ANP32B,ENSEMBL:ENSG00000136938,ANP32B,True,True,5
PRTG,ENSEMBL:ENSG00000166450,PRTG,True,False,1
FGF7,ENSEMBL:ENSG00000140285,FGF7,True,True,2
MBD2,ENSEMBL:ENSG00000134046,MBD2,True,True,2
SCAMP2,ENSEMBL:ENSG00000140497,SCAMP2,True,True,3
MTAP,ENSEMBL:ENSG00000099810,MTAP,True,True,2
CD226,ENSEMBL:ENSG00000150637,CD226,True,True,5
BVES,ENSEMBL:ENSG00000112276,BVES,False,True,1
GNAQ,ENSEMBL:ENSG00000156052,GNAQ,True,False,1
SIGMAR1,ENSEMBL:ENSG00000147955,SIGMAR1,True,True,2
FLRT1,ENSEMBL:ENSG00000126500,FLRT1,True,False,1
UNC119,ENSEMBL:ENSG00000109103,UNC119,True,False,1
SLC9A3,ENSEMBL:ENSG00000066230,SLC9A3,False,True,3
DSG1,ENSEMBL:ENSG00000134760,DSG1,False,True,2
ZNF74,ENSEMBL:ENSG00000185252,ZNF74,True,True,4
TCEA1,ENSEMBL:ENSG00000187735,TCEA1,True,True,4
ZMYND19,ENSEMBL:ENSG00000165724,ZMYND19,True,True,4
CLN5,ENSEMBL:ENSG00000102805,CLN5,True,False,2
MBD1,ENSEMBL:ENSG00000141644,MBD1,False,True,1
GRHPR,ENSEMBL:ENSG00000137106,GRHPR,True,True,6
AANAT,ENSEMBL:ENSG00000129673,AANAT,False,True,1
CPN1,ENSEMBL:ENSG00000120054,CPN1,False,True,2
GPX7,ENSEMBL:ENSG00000116157,GPX7,False,True,2
DDR1|ENSG00000204580,ENSEMBL:ENSG00000204580,DDR1,True,False,2
YAE1,ENSEMBL:ENSG00000241127,YAE1,True,False,1
CHMP4A,ENSEMBL:ENSG00000254505,CHMP4A,True,False,2
GPR155,ENSEMBL:ENSG00000163328,GPR155,True,True,6
EXOSC2,ENSEMBL:ENSG00000130713,EXOSC2,True,False,2
RPS27L,ENSEMBL:ENSG00000185088,RPS27L,False,True,1
ENSEMBL:ENSG00000286388,ENSEMBL:ENSG00000286388,,True,False,1
NUMBL,ENSEMBL:ENSG00000105245,NUMBL,True,True,3
CXCL6,ENSEMBL:ENSG00000124875,CXCL6,False,True,4
EXOSC5,ENSEMBL:ENSG00000077348,EXOSC5,True,True,3
SLU7,ENSEMBL:ENSG00000164609,SLU7,True,False,2
SEMA5A,ENSEMBL:ENSG00000112902,SEMA5A,True,True,5
WDR19,ENSEMBL:ENSG00000157796,WDR19,True,True,3
SGTB,ENSEMBL:ENSG00000197860,SGTB,True,False,1
UBAP2,ENSEMBL:ENSG00000137073,UBAP2,True,True,6
LRRC49,ENSEMBL:ENSG00000137821,LRRC49,False,True,3
UHRF1,ENSEMBL:ENSG00000276043,UHRF1,True,True,2
CYB5RL,ENSEMBL:ENSG00000215883,CYB5RL,True,False,1
HIP1R,ENSEMBL:ENSG00000130787,HIP1R,True,True,6
KLHDC8A,ENSEMBL:ENSG00000162873,KLHDC8A,False,True,3
ENSEMBL:ENSG00000288838,ENSEMBL:ENSG00000288838,,True,False,1
GJB3,ENSEMBL:ENSG00000188910,GJB3,False,True,1
ENSEMBL:ENSG00000245552,ENSEMBL:ENSG00000245552,,True,False,1
IFNAR2,ENSEMBL:ENSG00000159110,IFNAR2,True,True,2
PYCR2,ENSEMBL:ENSG00000143811,PYCR2,True,True,2
SULT1C3,ENSEMBL:ENSG00000196228,SULT1C3,False,True,1
MOB1A,ENSEMBL:ENSG00000114978,MOB1A,True,True,3
UQCC1,ENSEMBL:ENSG00000101019,UQCC1,True,True,6
ENSEMBL:ENSG00000205890,ENSEMBL:ENSG00000205890,,True,False,1
PCED1B,ENSEMBL:ENSG00000179715,PCED1B,True,True,4
PGLYRP3,ENSEMBL:ENSG00000159527,PGLYRP3,False,True,1
SH3TC2,ENSEMBL:ENSG00000169247,SH3TC2,True,False,1
RNF111,ENSEMBL:ENSG00000157450,RNF111,True,True,5
HOXA11-AS,ENSEMBL:ENSG00000240990,HOXA11-AS,True,False,1
BORCS6,ENSEMBL:ENSG00000196544,BORCS6,True,True,3
MED10,ENSEMBL:ENSG00000133398,MED10,True,False,1
SSBP2,ENSEMBL:ENSG00000145687,SSBP2,True,True,3
ZFX,ENSEMBL:ENSG00000005889,ZFX,True,False,2
PTMA,ENSEMBL:ENSG00000187514,PTMA,True,True,5
ARHGAP4,ENSEMBL:ENSG00000089820,ARHGAP4,True,True,6
SMG9,ENSEMBL:ENSG00000105771,SMG9,True,False,2
TNP1,ENSEMBL:ENSG00000118245,TNP1,False,True,1
FAM168A,ENSEMBL:ENSG00000054965,FAM168A,True,True,3
MRPL33,ENSEMBL:ENSG00000243147,MRPL33,True,True,2
TXK,ENSEMBL:ENSG00000074966,TXK,True,True,4
F2RL3,ENSEMBL:ENSG00000127533,F2RL3,True,True,3
AVL9,ENSEMBL:ENSG00000105778,AVL9,True,False,2
SP140L,ENSEMBL:ENSG00000185404,SP140L,True,False,1
ZNF771,ENSEMBL:ENSG00000179965,ZNF771,True,False,1
ENSEMBL:ENSG00000283078,ENSEMBL:ENSG00000283078,,True,False,1
USO1,ENSEMBL:ENSG00000138768,USO1,True,True,3
ENSEMBL:ENSG00000269937,ENSEMBL:ENSG00000269937,,True,False,1
HEATR5B,ENSEMBL:ENSG00000008869,HEATR5B,True,True,3
CNNM2,ENSEMBL:ENSG00000148842,CNNM2,True,True,2
RPS6KA4,ENSEMBL:ENSG00000162302,RPS6KA4,True,False,2
GPRIN2,ENSEMBL:ENSG00000204175,GPRIN2,False,True,1
MTG2,ENSEMBL:ENSG00000101181,MTG2,True,True,3
LINC00570,ENSEMBL:ENSG00000224177,LINC00570,True,False,1
CNRIP1,ENSEMBL:ENSG00000119865,CNRIP1,True,True,2
ENY2,ENSEMBL:ENSG00000120533,ENY2,True,False,1
STIM2,ENSEMBL:ENSG00000109689,STIM2,True,True,6
ARPIN,ENSEMBL:ENSG00000242498,ARPIN,True,False,2
PIGU,ENSEMBL:ENSG00000101464,PIGU,True,True,4
IL4I1,ENSEMBL:ENSG00000104951,IL4I1,True,True,2
EDEM1,ENSEMBL:ENSG00000134109,EDEM1,True,True,3
USP12,ENSEMBL:ENSG00000152484,USP12,True,True,3
SNRPD1,ENSEMBL:ENSG00000167088,SNRPD1,True,True,2
KYNU,ENSEMBL:ENSG00000115919,KYNU,True,True,4
GALK2,ENSEMBL:ENSG00000156958,GALK2,False,True,2
ENSEMBL:ENSG00000250461,ENSEMBL:ENSG00000250461,,True,False,1
FEZ2,ENSEMBL:ENSG00000171055,FEZ2,True,False,1
ZSWIM1,ENSEMBL:ENSG00000168612,ZSWIM1,True,True,3
MIRLET7A1,ENSEMBL:ENSG00000199165,MIRLET7A1,False,True,1
CCL19,ENSEMBL:ENSG00000172724,CCL19,False,True,1
FBXO11,ENSEMBL:ENSG00000138081,FBXO11,True,True,4
TECRL,ENSEMBL:ENSG00000205678,TECRL,False,True,1
ZMIZ1,ENSEMBL:ENSG00000108175,ZMIZ1,True,True,5
CSRP2,ENSEMBL:ENSG00000175183,CSRP2,False,True,3
LARP6,ENSEMBL:ENSG00000166173,LARP6,True,True,2
GALE,ENSEMBL:ENSG00000117308,GALE,True,True,4
FGFR4,ENSEMBL:ENSG00000160867,FGFR4,True,True,3
ENSEMBL:ENSG00000249626,ENSEMBL:ENSG00000249626,,True,False,1
STN1,ENSEMBL:ENSG00000107960,STN1,True,False,1
NAV1,ENSEMBL:ENSG00000134369,NAV1,False,True,5
YME1L1,ENSEMBL:ENSG00000136758,YME1L1,False,True,3
RBM44,ENSEMBL:ENSG00000177483,RBM44,True,False,2
TMPRSS11D,ENSEMBL:ENSG00000153802,TMPRSS11D,False,True,1
ENSEMBL:ENSG00000280064,ENSEMBL:ENSG00000280064,,True,False,1
RBM6,ENSEMBL:ENSG00000004534,RBM6,True,False,1
SMAD4,ENSEMBL:ENSG00000141646,SMAD4,True,True,2
SLC39A10,ENSEMBL:ENSG00000196950,SLC39A10,True,True,4
ZNF446,ENSEMBL:ENSG00000083838,ZNF446,True,False,1
COPS9,ENSEMBL:ENSG00000172428,COPS9,True,True,3
DNAL4,ENSEMBL:ENSG00000100246,DNAL4,True,False,1
CCNK,ENSEMBL:ENSG00000090061,CCNK,True,True,3
RASGRP3,ENSEMBL:ENSG00000152689,RASGRP3,True,True,6
CRMP1,ENSEMBL:ENSG00000072832,CRMP1,False,True,4
LRP12,ENSEMBL:ENSG00000147650,LRP12,True,False,1
SIGLEC9,ENSEMBL:ENSG00000129450,SIGLEC9,True,False,1
SUMF1,ENSEMBL:ENSG00000144455,SUMF1,False,True,1
GRK2,ENSEMBL:ENSG00000173020,GRK2,True,False,2
DNAJC28,ENSEMBL:ENSG00000177692,DNAJC28,False,True,4
TNFRSF11B,ENSEMBL:ENSG00000164761,TNFRSF11B,False,True,3
C1GALT1C1,ENSEMBL:ENSG00000171155,C1GALT1C1,True,False,1
ENSEMBL:ENSG00000262714,ENSEMBL:ENSG00000262714,,True,False,1
KRTAP13-2,ENSEMBL:ENSG00000182816,KRTAP13-2,False,True,1
CCDC62,ENSEMBL:ENSG00000130783,CCDC62,True,False,2
DCP1A,ENSEMBL:ENSG00000272886,DCP1A,True,True,2
MRPS2,ENSEMBL:ENSG00000122140,MRPS2,False,True,2
NTN1,ENSEMBL:ENSG00000065320,NTN1,False,True,2
DOCK2,ENSEMBL:ENSG00000134516,DOCK2,True,False,1
DPP6,ENSEMBL:ENSG00000130226,DPP6,True,True,2
GBP6,ENSEMBL:ENSG00000183347,GBP6,False,True,4
IZUMO4,ENSEMBL:ENSG00000099840,IZUMO4,True,True,3
QTRT1,ENSEMBL:ENSG00000213339,QTRT1,True,False,2
TM4SF4,ENSEMBL:ENSG00000169903,TM4SF4,False,True,1
PPY,ENSEMBL:ENSG00000108849,PPY,False,True,4
IFNG,ENSEMBL:ENSG00000111537,IFNG,True,True,6
TNF,ENSEMBL:ENSG00000204490,TNF,False,True,7
MTRF1L,ENSEMBL:ENSG00000112031,MTRF1L,True,False,1
SLCO4C1,ENSEMBL:ENSG00000173930,SLCO4C1,True,True,2
ZNF346,ENSEMBL:ENSG00000113761,ZNF346,True,False,2
ACTA1,ENSEMBL:ENSG00000143632,ACTA1,True,True,7
PCLO,ENSEMBL:ENSG00000186472,PCLO,False,True,4
SAMD14,ENSEMBL:ENSG00000167100,SAMD14,True,False,1
C12orf73,ENSEMBL:ENSG00000204954,C12orf73,True,True,2
SLC50A1,ENSEMBL:ENSG00000169241,SLC50A1,True,True,3
TICAM1,ENSEMBL:ENSG00000127666,TICAM1,True,False,1
AKAP5,ENSEMBL:ENSG00000179841,AKAP5,True,True,2
KAT2A,ENSEMBL:ENSG00000108773,KAT2A,True,True,3
PRMT9,ENSEMBL:ENSG00000164169,PRMT9,True,True,4
IGSF5,ENSEMBL:ENSG00000183067,IGSF5,False,True,3
UGDH,ENSEMBL:ENSG00000109814,UGDH,True,True,3
ELP6,ENSEMBL:ENSG00000163832,ELP6,True,False,1
FTSJ3,ENSEMBL:ENSG00000108592,FTSJ3,True,True,3
ING5,ENSEMBL:ENSG00000168395,ING5,True,False,1
MPHOSPH10,ENSEMBL:ENSG00000124383,MPHOSPH10,True,True,3
BAG2,ENSEMBL:ENSG00000112208,BAG2,False,True,2
EPHA8,ENSEMBL:ENSG00000070886,EPHA8,False,True,1
ARF3,ENSEMBL:ENSG00000134287,ARF3,True,True,3
RNASE1,ENSEMBL:ENSG00000129538,RNASE1,True,False,1
LINC01634,ENSEMBL:ENSG00000235295,LINC01634,True,False,1
IQSEC3,ENSEMBL:ENSG00000120645,IQSEC3,True,True,2
ASB11,ENSEMBL:ENSG00000165192,ASB11,True,True,2
ENSEMBL:ENSG00000241772,ENSEMBL:ENSG00000241772,,True,False,1
TRIM2,ENSEMBL:ENSG00000109654,TRIM2,True,True,2
PROCR,ENSEMBL:ENSG00000101000,PROCR,False,True,2
GJB2,ENSEMBL:ENSG00000165474,GJB2,False,True,1
GAPT,ENSEMBL:ENSG00000175857,GAPT,False,True,1
PXDN,ENSEMBL:ENSG00000130508,PXDN,True,True,4
KIF2A,ENSEMBL:ENSG00000068796,KIF2A,True,True,3
ENSEMBL:ENSG00000241860,ENSEMBL:ENSG00000241860,,True,False,2
MYZAP,ENSEMBL:ENSG00000263155,MYZAP,True,True,3
FZD6,ENSEMBL:ENSG00000164930,FZD6,False,True,2
CNNM4,ENSEMBL:ENSG00000158158,CNNM4,True,False,1
CZIB,ENSEMBL:ENSG00000162384,CZIB,True,True,3
SMARCC2,ENSEMBL:ENSG00000139613,SMARCC2,True,True,3
ZDHHC23,ENSEMBL:ENSG00000184307,ZDHHC23,True,True,2
PDE9A,ENSEMBL:ENSG00000160191,PDE9A,True,True,2
ACSM3,ENSEMBL:ENSG00000005187,ACSM3,True,True,3
COPB2,ENSEMBL:ENSG00000184432,COPB2,True,False,1
KIFC1,ENSEMBL:ENSG00000204197,KIFC1,False,True,1
ENSEMBL:ENSG00000285774,ENSEMBL:ENSG00000285774,,True,False,2
GDF5,ENSEMBL:ENSG00000125965,GDF5,False,True,2
NPNT,ENSEMBL:ENSG00000168743,NPNT,False,True,2
RASL11B,ENSEMBL:ENSG00000128045,RASL11B,False,True,3
CCS,ENSEMBL:ENSG00000173992,CCS,True,True,3
CDC73,ENSEMBL:ENSG00000134371,CDC73,True,False,1
NPAT,ENSEMBL:ENSG00000149308,NPAT,True,True,3
FARSA,ENSEMBL:ENSG00000179115,FARSA,True,True,5
SRC,ENSEMBL:ENSG00000197122,SRC,False,True,1
YJU2,ENSEMBL:ENSG00000105248,YJU2,True,False,2
GPI,ENSEMBL:ENSG00000105220,GPI,True,True,5
GGCX,ENSEMBL:ENSG00000115486,GGCX,True,True,2
ENSEMBL:ENSG00000240859,ENSEMBL:ENSG00000240859,,True,False,1
SCNN1D,ENSEMBL:ENSG00000162572,SCNN1D,True,False,1
PLEKHG1,ENSEMBL:ENSG00000120278,PLEKHG1,True,True,2
MINDY2,ENSEMBL:ENSG00000128923,MINDY2,True,True,5
POMGNT2,ENSEMBL:ENSG00000144647,POMGNT2,True,True,2
HSPA2,ENSEMBL:ENSG00000126803,HSPA2,True,True,3
ENSEMBL:ENSG00000261098,ENSEMBL:ENSG00000261098,,True,False,1
ZNF865,ENSEMBL:ENSG00000261221,ZNF865,True,False,2
TUBB4A,ENSEMBL:ENSG00000104833,TUBB4A,True,False,2
KLHL22,ENSEMBL:ENSG00000099910,KLHL22,True,True,4
CTRC,ENSEMBL:ENSG00000162438,CTRC,False,True,2
MRO,ENSEMBL:ENSG00000134042,MRO,True,False,1
RANBP9,ENSEMBL:ENSG00000010017,RANBP9,True,True,3
HACD4,ENSEMBL:ENSG00000188921,HACD4,True,False,1
IFI6,ENSEMBL:ENSG00000126709,IFI6,True,False,1
HTR1B,ENSEMBL:ENSG00000135312,HTR1B,False,True,1
CCDC190,ENSEMBL:ENSG00000185860,CCDC190,True,False,1
USP34-DT,ENSEMBL:ENSG00000270820,USP34-DT,True,False,1
RBM38-AS1,ENSEMBL:ENSG00000218018,RBM38-AS1,True,False,2
CRHR2,ENSEMBL:ENSG00000106113,CRHR2,True,True,2
APEX2,ENSEMBL:ENSG00000169188,APEX2,True,False,1
TNFRSF9,ENSEMBL:ENSG00000049249,TNFRSF9,True,True,2
ABCF3,ENSEMBL:ENSG00000161204,ABCF3,True,True,2
BRF2,ENSEMBL:ENSG00000104221,BRF2,True,False,1
ELFN1,ENSEMBL:ENSG00000225968,ELFN1,True,True,2
GLI3,ENSEMBL:ENSG00000106571,GLI3,True,True,4
POU6F1,ENSEMBL:ENSG00000184271,POU6F1,True,True,3
DNAJC14,ENSEMBL:ENSG00000135392,DNAJC14,True,False,1
OTOS,ENSEMBL:ENSG00000178602,OTOS,False,True,1
B3GALNT2,ENSEMBL:ENSG00000162885,B3GALNT2,True,True,2
ETHE1,ENSEMBL:ENSG00000105755,ETHE1,False,True,4
TMEM25,ENSEMBL:ENSG00000149582,TMEM25,True,True,4
SLC28A3,ENSEMBL:ENSG00000197506,SLC28A3,False,True,1
POLDIP3,ENSEMBL:ENSG00000100227,POLDIP3,True,False,1
OPN3,ENSEMBL:ENSG00000054277,OPN3,True,True,2
MALRD1,ENSEMBL:ENSG00000204740,MALRD1,False,True,1
CCDC22,ENSEMBL:ENSG00000101997,CCDC22,False,True,1
ENSEMBL:ENSG00000287077,ENSEMBL:ENSG00000287077,,True,False,1
MCU,ENSEMBL:ENSG00000156026,MCU,True,True,3
KANK2,ENSEMBL:ENSG00000197256,KANK2,True,True,9
CCR6,ENSEMBL:ENSG00000112486,CCR6,True,True,3
OGDHL,ENSEMBL:ENSG00000197444,OGDHL,True,True,5
TMC5,ENSEMBL:ENSG00000103534,TMC5,False,True,2
CD37,ENSEMBL:ENSG00000104894,CD37,False,True,5
H2AB3,ENSEMBL:ENSG00000277745,H2AB3,True,False,1
DDX59,ENSEMBL:ENSG00000118197,DDX59,True,True,2
ZDHHC2,ENSEMBL:ENSG00000104219,ZDHHC2,True,False,1
HEATR3,ENSEMBL:ENSG00000155393,HEATR3,True,True,2
MYCN,ENSEMBL:ENSG00000134323,MYCN,False,True,1
PPP1R12C,ENSEMBL:ENSG00000125503,PPP1R12C,True,True,5
GRAPL,ENSEMBL:ENSG00000189152,GRAPL,True,False,1
APLF,ENSEMBL:ENSG00000169621,APLF,True,False,1
NIPSNAP3A,ENSEMBL:ENSG00000136783,NIPSNAP3A,True,True,2
BEST2,ENSEMBL:ENSG00000039987,BEST2,False,True,1
IQCE,ENSEMBL:ENSG00000106012,IQCE,True,False,2
RNF138,ENSEMBL:ENSG00000134758,RNF138,True,False,1
INTS4,ENSEMBL:ENSG00000149262,INTS4,False,True,2
ENSEMBL:ENSG00000165121,ENSEMBL:ENSG00000165121,,True,False,1
SMIM1,ENSEMBL:ENSG00000235169,SMIM1,True,True,3
ZMYM2,ENSEMBL:ENSG00000121741,ZMYM2,True,False,2
SLC37A2,ENSEMBL:ENSG00000134955,SLC37A2,False,True,2
C1QTNF1,ENSEMBL:ENSG00000173918,C1QTNF1,False,True,2
LINC02421,ENSEMBL:ENSG00000255970,LINC02421,True,False,1
RANBP1,ENSEMBL:ENSG00000099901,RANBP1,True,True,3
TUBB2B,ENSEMBL:ENSG00000137285,TUBB2B,True,True,4
RPL23,ENSEMBL:ENSG00000125691,RPL23,True,True,2
CAPN9,ENSEMBL:ENSG00000135773,CAPN9,False,True,1
PURA,ENSEMBL:ENSG00000185129,PURA,False,True,1
DET1,ENSEMBL:ENSG00000140543,DET1,True,False,1
SLAMF1,ENSEMBL:ENSG00000117090,SLAMF1,True,True,3
TIFAB,ENSEMBL:ENSG00000255833,TIFAB,False,True,4
DICER1,ENSEMBL:ENSG00000100697,DICER1,True,True,3
TMX1,ENSEMBL:ENSG00000139921,TMX1,False,True,1
SH3PXD2B,ENSEMBL:ENSG00000174705,SH3PXD2B,False,True,2
PDLIM2,ENSEMBL:ENSG00000120913,PDLIM2,False,True,3
TMUB1,ENSEMBL:ENSG00000164897,TMUB1,True,False,2
LSR,ENSEMBL:ENSG00000105699,LSR,True,True,5
AKAP9,ENSEMBL:ENSG00000127914,AKAP9,True,True,3
RANBP3,ENSEMBL:ENSG00000031823,RANBP3,True,False,1
PPP3R1,ENSEMBL:ENSG00000221823,PPP3R1,True,True,4
ZSCAN2,ENSEMBL:ENSG00000176371,ZSCAN2,True,False,1
INPP5K,ENSEMBL:ENSG00000132376,INPP5K,True,False,1
GARS1,ENSEMBL:ENSG00000106105,GARS1,True,True,2
CHRNE,ENSEMBL:ENSG00000108556,CHRNE,True,False,1
ATAD2B,ENSEMBL:ENSG00000119778,ATAD2B,True,False,2
ASF1B,ENSEMBL:ENSG00000105011,ASF1B,True,True,2
NASP,ENSEMBL:ENSG00000132780,NASP,True,True,3
CYP2C18,ENSEMBL:ENSG00000108242,CYP2C18,False,True,2
PEX3,ENSEMBL:ENSG00000034693,PEX3,False,True,1
NYNRIN,ENSEMBL:ENSG00000205978,NYNRIN,True,False,1
FAN1,ENSEMBL:ENSG00000198690,FAN1,True,True,2
ENSEMBL:ENSG00000215022,ENSEMBL:ENSG00000215022,,True,False,1
NIPA1,ENSEMBL:ENSG00000170113,NIPA1,True,False,1
CCDC81,ENSEMBL:ENSG00000149201,CCDC81,True,False,1
PPP2R2A,ENSEMBL:ENSG00000221914,PPP2R2A,True,True,2
SYNGAP1|ENSG00000197283,ENSEMBL:ENSG00000197283,SYNGAP1,True,False,1
ENSEMBL:ENSG00000279762,ENSEMBL:ENSG00000279762,,True,False,1
ZNF460,ENSEMBL:ENSG00000197714,ZNF460,True,False,1
GRAP,ENSEMBL:ENSG00000154016,GRAP,True,True,6
KMT2E,ENSEMBL:ENSG00000005483,KMT2E,True,True,4
PARD6B,ENSEMBL:ENSG00000124171,PARD6B,True,True,2
NOSIP,ENSEMBL:ENSG00000142546,NOSIP,True,True,3
HSD17B2,ENSEMBL:ENSG00000086696,HSD17B2,False,True,2
ARHGAP20,ENSEMBL:ENSG00000137727,ARHGAP20,False,True,4
RAB9A,ENSEMBL:ENSG00000123595,RAB9A,True,False,2
SCUBE3,ENSEMBL:ENSG00000146197,SCUBE3,True,True,3
SNRNP48,ENSEMBL:ENSG00000168566,SNRNP48,True,False,1
ENSEMBL:ENSG00000264007,ENSEMBL:ENSG00000264007,,True,False,1
PMM2,ENSEMBL:ENSG00000140650,PMM2,True,True,5
ARV1,ENSEMBL:ENSG00000173409,ARV1,True,False,1
RCC1,ENSEMBL:ENSG00000180198,RCC1,True,True,3
CPB2,ENSEMBL:ENSG00000080618,CPB2,False,True,1
TLDC2,ENSEMBL:ENSG00000101342,TLDC2,True,True,2
SMAD9,ENSEMBL:ENSG00000120693,SMAD9,False,True,2
PPP6R2,ENSEMBL:ENSG00000100239,PPP6R2,True,True,4
RBM14-RBM4,ENSEMBL:ENSG00000248643,RBM14-RBM4,True,False,1
ZNF764,ENSEMBL:ENSG00000169951,ZNF764,True,False,1
ONECUT1,ENSEMBL:ENSG00000169856,ONECUT1,False,True,1
LINC00402,ENSEMBL:ENSG00000235532,LINC00402,True,False,1
DSTYK,ENSEMBL:ENSG00000133059,DSTYK,True,True,2
RYR3,ENSEMBL:ENSG00000198838,RYR3,False,True,3
PHPT1,ENSEMBL:ENSG00000054148,PHPT1,True,True,5
MBOAT2,ENSEMBL:ENSG00000143797,MBOAT2,True,True,3
KLF8,ENSEMBL:ENSG00000102349,KLF8,True,False,1
LTBP2,ENSEMBL:ENSG00000119681,LTBP2,True,True,4
C2CD5,ENSEMBL:ENSG00000111731,C2CD5,True,True,5
MRTO4,ENSEMBL:ENSG00000053372,MRTO4,True,True,3
ENSEMBL:ENSG00000276728,ENSEMBL:ENSG00000276728,,True,False,1
ENSEMBL:ENSG00000247679,ENSEMBL:ENSG00000247679,,True,False,1
ENSEMBL:ENSG00000225936,ENSEMBL:ENSG00000225936,,True,False,1
ENSEMBL:ENSG00000275527,ENSEMBL:ENSG00000275527,,True,False,1
TCP11L1,ENSEMBL:ENSG00000176148,TCP11L1,False,True,1
TMEM54,ENSEMBL:ENSG00000121900,TMEM54,False,True,2
VWA7,ENSEMBL:ENSG00000204396,VWA7,True,False,2
ABHD13,ENSEMBL:ENSG00000139826,ABHD13,True,True,2
SOWAHB,ENSEMBL:ENSG00000186212,SOWAHB,False,True,2
PRKG2,ENSEMBL:ENSG00000138669,PRKG2,False,True,2
MRPL46,ENSEMBL:ENSG00000259494,MRPL46,True,True,2
MYCL,ENSEMBL:ENSG00000116990,MYCL,False,True,4
KHDC1-AS1,ENSEMBL:ENSG00000229852,KHDC1-AS1,True,False,1
RAB2B,ENSEMBL:ENSG00000129472,RAB2B,True,True,2
MRPL21,ENSEMBL:ENSG00000197345,MRPL21,True,True,2
LSM1,ENSEMBL:ENSG00000175324,LSM1,True,False,3
PLEKHG4,ENSEMBL:ENSG00000196155,PLEKHG4,True,True,2
RPH3AL,ENSEMBL:ENSG00000181031,RPH3AL,False,True,2
MRPL20-DT,ENSEMBL:ENSG00000272455,MRPL20-DT,True,False,1
DDX58,ENSEMBL:ENSG00000107201,DDX58,True,True,4
PITPNM3,ENSEMBL:ENSG00000091622,PITPNM3,False,True,2
MOXD1,ENSEMBL:ENSG00000079931,MOXD1,False,True,2
CD52,ENSEMBL:ENSG00000169442,CD52,True,True,3
CASS4,ENSEMBL:ENSG00000087589,CASS4,True,True,4
SMCP,ENSEMBL:ENSG00000163206,SMCP,False,True,1
GNA14,ENSEMBL:ENSG00000156049,GNA14,False,True,1
SEMA3F,ENSEMBL:ENSG00000001617,SEMA3F,True,True,3
HVCN1,ENSEMBL:ENSG00000122986,HVCN1,True,True,4
MS4A6A,ENSEMBL:ENSG00000110077,MS4A6A,True,False,1
CTRL,ENSEMBL:ENSG00000141086,CTRL,True,True,3
NHEJ1,ENSEMBL:ENSG00000187736,NHEJ1,True,True,3
DYRK3,ENSEMBL:ENSG00000143479,DYRK3,True,True,2
EPM2AIP1,ENSEMBL:ENSG00000178567,EPM2AIP1,True,True,3
PDAP1,ENSEMBL:ENSG00000106244,PDAP1,True,True,4
MED12L,ENSEMBL:ENSG00000144893,MED12L,False,True,1
DSCC1,ENSEMBL:ENSG00000136982,DSCC1,True,True,2
PAICS,ENSEMBL:ENSG00000128050,PAICS,True,True,3
TTC23,ENSEMBL:ENSG00000103852,TTC23,True,False,1
NECTIN2,ENSEMBL:ENSG00000130202,NECTIN2,True,True,2
MASP1,ENSEMBL:ENSG00000127241,MASP1,True,True,6
BCL7C,ENSEMBL:ENSG00000099385,BCL7C,True,True,3
MRPL2,ENSEMBL:ENSG00000112651,MRPL2,True,True,3
CMPK1,ENSEMBL:ENSG00000162368,CMPK1,False,True,3
ANKRD54,ENSEMBL:ENSG00000100124,ANKRD54,True,False,1
ENSEMBL:ENSG00000205740,ENSEMBL:ENSG00000205740,,True,False,1
OXR1,ENSEMBL:ENSG00000164830,OXR1,True,True,5
GLI1,ENSEMBL:ENSG00000111087,GLI1,True,True,3
SPHK1,ENSEMBL:ENSG00000176170,SPHK1,True,True,4
KRT19,ENSEMBL:ENSG00000171345,KRT19,False,True,2
APOL5,ENSEMBL:ENSG00000128313,APOL5,True,False,1
ZBED8,ENSEMBL:ENSG00000221886,ZBED8,True,False,1
MTRES1,ENSEMBL:ENSG00000130349,MTRES1,True,True,4
USP42,ENSEMBL:ENSG00000106346,USP42,True,False,1
C5orf51,ENSEMBL:ENSG00000205765,C5orf51,True,False,1
RNF126,ENSEMBL:ENSG00000070423,RNF126,True,True,3
TRIL,ENSEMBL:ENSG00000255690,TRIL,True,True,5
GOLGA8Q,ENSEMBL:ENSG00000178115,GOLGA8Q,True,False,1
SLF2,ENSEMBL:ENSG00000119906,SLF2,True,True,2
GNAT2,ENSEMBL:ENSG00000134183,GNAT2,False,True,2
HCRTR2,ENSEMBL:ENSG00000137252,HCRTR2,False,True,1
SLC15A1,ENSEMBL:ENSG00000088386,SLC15A1,False,True,1
PPP4R3B,ENSEMBL:ENSG00000275052,PPP4R3B,True,True,3
CNIH2,ENSEMBL:ENSG00000174871,CNIH2,False,True,2
KIAA1143,ENSEMBL:ENSG00000163807,KIAA1143,True,False,2
ASMT,ENSEMBL:ENSG00000196433,ASMT,False,True,2
TXNRD3,ENSEMBL:ENSG00000197763,TXNRD3,True,True,3
POGLUT3,ENSEMBL:ENSG00000178202,POGLUT3,False,True,4
FLT3,ENSEMBL:ENSG00000122025,FLT3,True,True,4
JAML,ENSEMBL:ENSG00000160593,JAML,True,True,4
ENSEMBL:ENSG00000261613,ENSEMBL:ENSG00000261613,,True,False,1
MGAT2,ENSEMBL:ENSG00000168282,MGAT2,True,False,1
RAB20,ENSEMBL:ENSG00000139832,RAB20,True,True,4
GALNT7,ENSEMBL:ENSG00000109586,GALNT7,True,True,3
TMEM255B,ENSEMBL:ENSG00000184497,TMEM255B,True,True,2
LRP1,ENSEMBL:ENSG00000123384,LRP1,True,True,6
TMEM64,ENSEMBL:ENSG00000180694,TMEM64,True,True,2
ALDH1A2,ENSEMBL:ENSG00000128918,ALDH1A2,False,True,4
TSPAN2,ENSEMBL:ENSG00000134198,TSPAN2,True,False,2
GP2,ENSEMBL:ENSG00000169347,GP2,False,True,1
RTN2,ENSEMBL:ENSG00000125744,RTN2,True,True,4
HPGDS,ENSEMBL:ENSG00000163106,HPGDS,False,True,3
SPTLC2,ENSEMBL:ENSG00000100596,SPTLC2,True,True,2
BNIPL,ENSEMBL:ENSG00000163141,BNIPL,False,True,1
CORIN,ENSEMBL:ENSG00000145244,CORIN,False,True,2
CEP76,ENSEMBL:ENSG00000101624,CEP76,True,False,1
MFSD2A,ENSEMBL:ENSG00000168389,MFSD2A,True,True,4
POLR1A,ENSEMBL:ENSG00000068654,POLR1A,True,True,3
PYURF,ENSEMBL:ENSG00000145337,PYURF,True,True,4
LIG3,ENSEMBL:ENSG00000005156,LIG3,True,False,1
ENSEMBL:ENSG00000286970,ENSEMBL:ENSG00000286970,,True,False,2
ECM1,ENSEMBL:ENSG00000143369,ECM1,False,True,4
PDZD8,ENSEMBL:ENSG00000165650,PDZD8,True,False,2
SLC23A2,ENSEMBL:ENSG00000089057,SLC23A2,True,True,4
GABPB2,ENSEMBL:ENSG00000143458,GABPB2,True,False,2
ANKRD36,ENSEMBL:ENSG00000135976,ANKRD36,True,False,2
IGKV4-1,ENSEMBL:ENSG00000211598,IGKV4-1,True,False,1
SLC2A4RG,ENSEMBL:ENSG00000125520,SLC2A4RG,True,False,1
N4BP2,ENSEMBL:ENSG00000078177,N4BP2,False,True,4
FAM107B,ENSEMBL:ENSG00000065809,FAM107B,True,True,3
CLN8,ENSEMBL:ENSG00000182372,CLN8,True,True,2
CCL21,ENSEMBL:ENSG00000137077,CCL21,True,True,3
SECISBP2,ENSEMBL:ENSG00000187742,SECISBP2,True,True,3
ADGRL3,ENSEMBL:ENSG00000150471,ADGRL3,False,True,3
SPATA5,ENSEMBL:ENSG00000145375,SPATA5,True,False,1
KPNA6,ENSEMBL:ENSG00000025800,KPNA6,True,True,3
COL20A1,ENSEMBL:ENSG00000101203,COL20A1,False,True,2
LCA5L,ENSEMBL:ENSG00000157578,LCA5L,True,False,1
CDIPT,ENSEMBL:ENSG00000103502,CDIPT,True,False,2
KHK,ENSEMBL:ENSG00000138030,KHK,True,True,3
VARS2,ENSEMBL:ENSG00000137411,VARS2,True,False,1
CRPPA,ENSEMBL:ENSG00000214960,CRPPA,True,True,2
TOMM20,ENSEMBL:ENSG00000173726,TOMM20,True,False,1
CCP110,ENSEMBL:ENSG00000103540,CCP110,True,True,3
OSBPL3,ENSEMBL:ENSG00000070882,OSBPL3,True,True,3
YTHDF1,ENSEMBL:ENSG00000149658,YTHDF1,True,False,1
SEPTIN4,ENSEMBL:ENSG00000108387,SEPTIN4,True,True,2
RHPN2,ENSEMBL:ENSG00000131941,RHPN2,False,True,2
IL1A,ENSEMBL:ENSG00000115008,IL1A,False,True,4
ZNF623,ENSEMBL:ENSG00000183309,ZNF623,True,False,2
KATNB1,ENSEMBL:ENSG00000140854,KATNB1,True,False,1
VPS13A,ENSEMBL:ENSG00000197969,VPS13A,False,True,5
FREM1,ENSEMBL:ENSG00000164946,FREM1,False,True,1
ZBTB34,ENSEMBL:ENSG00000177125,ZBTB34,True,False,2
RPN1,ENSEMBL:ENSG00000163902,RPN1,True,True,6
ALKBH2,ENSEMBL:ENSG00000189046,ALKBH2,True,False,1
ENSEMBL:ENSG00000272341,ENSEMBL:ENSG00000272341,,True,False,2
GPR174,ENSEMBL:ENSG00000147138,GPR174,False,True,3
CACTIN,ENSEMBL:ENSG00000105298,CACTIN,True,False,2
GLUD1P3,ENSEMBL:ENSG00000250959,GLUD1P3,True,False,1
GPR137B,ENSEMBL:ENSG00000077585,GPR137B,False,True,1
CIAO1,ENSEMBL:ENSG00000144021,CIAO1,True,True,2
ENSEMBL:ENSG00000287218,ENSEMBL:ENSG00000287218,,True,False,1
APBA2,ENSEMBL:ENSG00000034053,APBA2,True,False,1
PARVA,ENSEMBL:ENSG00000197702,PARVA,True,True,2
RBM17,ENSEMBL:ENSG00000134453,RBM17,True,True,3
PDCD1,ENSEMBL:ENSG00000188389,PDCD1,True,True,2
GAK,ENSEMBL:ENSG00000178950,GAK,True,False,1
RAB40B,ENSEMBL:ENSG00000141542,RAB40B,True,True,3
TNIP1,ENSEMBL:ENSG00000145901,TNIP1,True,True,3
KRT14,ENSEMBL:ENSG00000186847,KRT14,False,True,3
SIM1,ENSEMBL:ENSG00000112246,SIM1,False,True,1
LINC01894,ENSEMBL:ENSG00000264345,LINC01894,True,False,1
ZBTB11,ENSEMBL:ENSG00000066422,ZBTB11,True,True,2
NSF,ENSEMBL:ENSG00000073969,NSF,True,True,2
FBXO48,ENSEMBL:ENSG00000204923,FBXO48,True,False,1
MIR133A1HG,ENSEMBL:ENSG00000265142,MIR133A1HG,True,False,1
STAB1,ENSEMBL:ENSG00000010327,STAB1,False,True,4
ENSEMBL:ENSG00000287878,ENSEMBL:ENSG00000287878,,True,False,1
SNRPB,ENSEMBL:ENSG00000125835,SNRPB,True,True,4
NEURL3,ENSEMBL:ENSG00000163121,NEURL3,False,True,2
RTEL1,ENSEMBL:ENSG00000258366,RTEL1,True,True,2
ZFYVE1,ENSEMBL:ENSG00000165861,ZFYVE1,True,True,4
DPY19L3,ENSEMBL:ENSG00000178904,DPY19L3,True,True,4
ENSEMBL:ENSG00000235859,ENSEMBL:ENSG00000235859,,True,False,1
SPHKAP,ENSEMBL:ENSG00000153820,SPHKAP,False,True,2
TTC3P1,ENSEMBL:ENSG00000215105,TTC3P1,True,False,1
SHCBP1L,ENSEMBL:ENSG00000157060,SHCBP1L,False,True,1
WWTR1,ENSEMBL:ENSG00000018408,WWTR1,False,True,2
PHTF1,ENSEMBL:ENSG00000116793,PHTF1,True,False,1
YJU2B,ENSEMBL:ENSG00000104957,YJU2B,True,False,2
HS3ST1,ENSEMBL:ENSG00000002587,HS3ST1,False,True,2
CETN2,ENSEMBL:ENSG00000147400,CETN2,True,True,3
AFAP1,ENSEMBL:ENSG00000196526,AFAP1,True,True,4
CA7,ENSEMBL:ENSG00000168748,CA7,False,True,2
TRAT1,ENSEMBL:ENSG00000163519,TRAT1,True,True,3
ENSEMBL:ENSG00000279365,ENSEMBL:ENSG00000279365,,True,False,1
C19orf48,ENSEMBL:ENSG00000167747,C19orf48,True,False,1
NME6,ENSEMBL:ENSG00000172113,NME6,False,True,1
TIMMDC1,ENSEMBL:ENSG00000113845,TIMMDC1,True,False,2
RET,ENSEMBL:ENSG00000165731,RET,True,True,4
PIK3R4,ENSEMBL:ENSG00000196455,PIK3R4,False,True,2
CASP2,ENSEMBL:ENSG00000106144,CASP2,True,True,3
MRPL51,ENSEMBL:ENSG00000111639,MRPL51,True,True,2
ZDHHC13,ENSEMBL:ENSG00000177054,ZDHHC13,True,False,1
AATF,ENSEMBL:ENSG00000275700,AATF,True,False,1
TCF3,ENSEMBL:ENSG00000071564,TCF3,True,False,1
SRRM3,ENSEMBL:ENSG00000177679,SRRM3,True,False,1
PADI3,ENSEMBL:ENSG00000142619,PADI3,False,True,2
LINC02863,ENSEMBL:ENSG00000238160,LINC02863,True,False,1
ENSEMBL:ENSG00000182021,ENSEMBL:ENSG00000182021,,True,False,1
FES,ENSEMBL:ENSG00000182511,FES,True,False,2
LCTL,ENSEMBL:ENSG00000188501,LCTL,False,True,1
HDAC1,ENSEMBL:ENSG00000116478,HDAC1,True,True,5
WIF1,ENSEMBL:ENSG00000156076,WIF1,True,True,2
THUMPD3-AS1,ENSEMBL:ENSG00000206573,THUMPD3-AS1,True,False,1
ENSEMBL:ENSG00000286488,ENSEMBL:ENSG00000286488,,True,False,1
TBCA,ENSEMBL:ENSG00000171530,TBCA,True,True,4
ELOVL4,ENSEMBL:ENSG00000118402,ELOVL4,False,True,1
RHOJ,ENSEMBL:ENSG00000126785,RHOJ,True,True,4
SEM1,ENSEMBL:ENSG00000127922,SEM1,False,True,1
LINC02312,ENSEMBL:ENSG00000258869,LINC02312,True,False,1
PSMC1,ENSEMBL:ENSG00000100764,PSMC1,True,True,2
FTLP3,ENSEMBL:ENSG00000226608,FTLP3,True,False,2
TULP4,ENSEMBL:ENSG00000130338,TULP4,True,True,3
SLC14A1,ENSEMBL:ENSG00000141469,SLC14A1,True,True,6
EIF1B,ENSEMBL:ENSG00000114784,EIF1B,True,False,2
AZI2,ENSEMBL:ENSG00000163512,AZI2,True,False,1
ARL17B,ENSEMBL:ENSG00000228696,ARL17B,True,False,1
CDH1,ENSEMBL:ENSG00000039068,CDH1,False,True,1
SV2B,ENSEMBL:ENSG00000185518,SV2B,True,True,3
APRT,ENSEMBL:ENSG00000198931,APRT,True,False,2
MS4A7,ENSEMBL:ENSG00000166927,MS4A7,False,True,3
DSG2,ENSEMBL:ENSG00000046604,DSG2,True,True,2
AKT1S1,ENSEMBL:ENSG00000204673,AKT1S1,True,True,4
CDC42BPG,ENSEMBL:ENSG00000171219,CDC42BPG,False,True,2
MT3,ENSEMBL:ENSG00000087250,MT3,False,True,1
EVI5L,ENSEMBL:ENSG00000142459,EVI5L,True,True,3
TTI1,ENSEMBL:ENSG00000101407,TTI1,True,True,2
POLN,ENSEMBL:ENSG00000130997,POLN,True,False,1
CNN3,ENSEMBL:ENSG00000117519,CNN3,True,True,5
BPHL,ENSEMBL:ENSG00000137274,BPHL,True,True,4
DUS2,ENSEMBL:ENSG00000167264,DUS2,True,False,1
CUEDC1,ENSEMBL:ENSG00000180891,CUEDC1,True,True,3
CLEC14A,ENSEMBL:ENSG00000176435,CLEC14A,False,True,3
ASAP2,ENSEMBL:ENSG00000151693,ASAP2,False,True,2
SNRPA,ENSEMBL:ENSG00000077312,SNRPA,True,True,3
ABHD8,ENSEMBL:ENSG00000127220,ABHD8,True,False,1
C11orf21,ENSEMBL:ENSG00000110665,C11orf21,True,False,1
BEAN1,ENSEMBL:ENSG00000166546,BEAN1,True,True,3
ENSEMBL:ENSG00000286905,ENSEMBL:ENSG00000286905,,True,False,1
SYBU,ENSEMBL:ENSG00000147642,SYBU,True,False,2
PCNX2,ENSEMBL:ENSG00000135749,PCNX2,True,False,1
INPP4A,ENSEMBL:ENSG00000040933,INPP4A,True,True,5
ZNF287,ENSEMBL:ENSG00000141040,ZNF287,True,False,1
FAF2,ENSEMBL:ENSG00000113194,FAF2,True,True,3
TUT7,ENSEMBL:ENSG00000083223,TUT7,True,True,3
BBIP1,ENSEMBL:ENSG00000214413,BBIP1,True,False,1
ENSEMBL:ENSG00000288156,ENSEMBL:ENSG00000288156,,True,False,1
CASP1,ENSEMBL:ENSG00000137752,CASP1,True,True,3
PDIA2,ENSEMBL:ENSG00000185615,PDIA2,False,True,1
PNPT1,ENSEMBL:ENSG00000138035,PNPT1,True,True,3
NTAQ1,ENSEMBL:ENSG00000156795,NTAQ1,True,False,1
XAB2,ENSEMBL:ENSG00000076924,XAB2,True,False,1
PI4KAP1,ENSEMBL:ENSG00000274602,PI4KAP1,True,False,1
HECA,ENSEMBL:ENSG00000112406,HECA,True,True,4
MEA1,ENSEMBL:ENSG00000124733,MEA1,True,True,4
PPP3CB,ENSEMBL:ENSG00000107758,PPP3CB,True,True,3
GPR65,ENSEMBL:ENSG00000140030,GPR65,True,False,1
NACAD,ENSEMBL:ENSG00000136274,NACAD,False,True,1
TMEM259,ENSEMBL:ENSG00000182087,TMEM259,True,True,2
PHYHD1,ENSEMBL:ENSG00000175287,PHYHD1,True,True,7
PRICKLE3,ENSEMBL:ENSG00000012211,PRICKLE3,False,True,1
CD47,ENSEMBL:ENSG00000196776,CD47,True,True,2
ENSEMBL:ENSG00000267576,ENSEMBL:ENSG00000267576,,True,False,1
CEACAM18,ENSEMBL:ENSG00000213822,CEACAM18,False,True,1
SPATA2,ENSEMBL:ENSG00000158480,SPATA2,True,True,2
ALKBH1,ENSEMBL:ENSG00000100601,ALKBH1,True,False,1
RPA1,ENSEMBL:ENSG00000132383,RPA1,True,True,2
EXOC3L2,ENSEMBL:ENSG00000283632,EXOC3L2,True,True,3
ENSEMBL:ENSG00000278817,ENSEMBL:ENSG00000278817,,True,False,1
DR1,ENSEMBL:ENSG00000117505,DR1,True,True,2
PHLDB3,ENSEMBL:ENSG00000176531,PHLDB3,True,False,2
RALGAPA1P1,ENSEMBL:ENSG00000229419,RALGAPA1P1,True,False,1
ENSEMBL:ENSG00000273209,ENSEMBL:ENSG00000273209,,True,False,1
SEH1L,ENSEMBL:ENSG00000085415,SEH1L,True,False,1
SLC9A5,ENSEMBL:ENSG00000135740,SLC9A5,True,True,3
ENSEMBL:ENSG00000275371,ENSEMBL:ENSG00000275371,,True,False,1
THEMIS,ENSEMBL:ENSG00000172673,THEMIS,True,True,3
PTPN23,ENSEMBL:ENSG00000076201,PTPN23,False,True,1
NOL11,ENSEMBL:ENSG00000130935,NOL11,False,True,1
NCOA2,ENSEMBL:ENSG00000140396,NCOA2,True,True,2
HDGF,ENSEMBL:ENSG00000143321,HDGF,True,True,5
HERC2P2,ENSEMBL:ENSG00000276550,HERC2P2,True,False,2
SLC6A3,ENSEMBL:ENSG00000142319,SLC6A3,False,True,1
SYT16,ENSEMBL:ENSG00000139973,SYT16,False,True,1
RNPS1,ENSEMBL:ENSG00000205937,RNPS1,True,True,3
ENSEMBL:ENSG00000232346,ENSEMBL:ENSG00000232346,,True,False,2
SULT1C2,ENSEMBL:ENSG00000198203,SULT1C2,False,True,2
LINC01506,ENSEMBL:ENSG00000234506,LINC01506,True,False,1
HDDC2,ENSEMBL:ENSG00000111906,HDDC2,True,False,2
PLEK2,ENSEMBL:ENSG00000100558,PLEK2,True,True,3
NQO1,ENSEMBL:ENSG00000181019,NQO1,True,True,3
ASGR1,ENSEMBL:ENSG00000141505,ASGR1,False,True,1
TMEM268,ENSEMBL:ENSG00000157693,TMEM268,True,True,4
TSPOAP1-AS1,ENSEMBL:ENSG00000265148,TSPOAP1-AS1,True,False,1
S100A6,ENSEMBL:ENSG00000197956,S100A6,True,True,5
DUSP13,ENSEMBL:ENSG00000079393,DUSP13,True,False,1
PAK4,ENSEMBL:ENSG00000130669,PAK4,True,True,3
CSMD2,ENSEMBL:ENSG00000121904,CSMD2,False,True,2
RPL23P8,ENSEMBL:ENSG00000219451,RPL23P8,True,False,1
ODAD4,ENSEMBL:ENSG00000204815,ODAD4,True,True,4
ENSEMBL:ENSG00000272106,ENSEMBL:ENSG00000272106,,True,False,1
IL11RA,ENSEMBL:ENSG00000137070,IL11RA,True,False,2
GALNT14,ENSEMBL:ENSG00000158089,GALNT14,False,True,1
CCL7,ENSEMBL:ENSG00000108688,CCL7,False,True,2
ENSEMBL:ENSG00000273711,ENSEMBL:ENSG00000273711,,True,False,1
DHRS4,ENSEMBL:ENSG00000157326,DHRS4,False,True,4
RYR1,ENSEMBL:ENSG00000196218,RYR1,True,True,5
PINLYP,ENSEMBL:ENSG00000234465,PINLYP,False,True,1
SMCO1,ENSEMBL:ENSG00000214097,SMCO1,True,True,2
NEK7,ENSEMBL:ENSG00000151414,NEK7,True,True,2
SLC35F5,ENSEMBL:ENSG00000115084,SLC35F5,True,False,1
SNHG6,ENSEMBL:ENSG00000245910,SNHG6,True,False,1
TMEM143,ENSEMBL:ENSG00000161558,TMEM143,False,True,2
NEU3,ENSEMBL:ENSG00000162139,NEU3,True,True,2
CSNK1G2,ENSEMBL:ENSG00000133275,CSNK1G2,True,True,2
AHRR,ENSEMBL:ENSG00000063438,AHRR,False,True,1
ENSEMBL:ENSG00000214708,ENSEMBL:ENSG00000214708,,True,False,1
TRIM13,ENSEMBL:ENSG00000204977,TRIM13,True,False,1
STEAP2,ENSEMBL:ENSG00000157214,STEAP2,True,True,3
SFT2D2,ENSEMBL:ENSG00000213064,SFT2D2,False,True,2
VIPR2,ENSEMBL:ENSG00000106018,VIPR2,False,True,1
STEEP1,ENSEMBL:ENSG00000018610,STEEP1,True,False,1
SLC35G5,ENSEMBL:ENSG00000177710,SLC35G5,True,False,1
PDLIM4,ENSEMBL:ENSG00000131435,PDLIM4,True,True,5
MDGA1,ENSEMBL:ENSG00000112139,MDGA1,True,False,2
MRPS11,ENSEMBL:ENSG00000181991,MRPS11,True,True,2
SELP,ENSEMBL:ENSG00000174175,SELP,True,True,2
NPDC1,ENSEMBL:ENSG00000107281,NPDC1,True,True,3
KANSL1L,ENSEMBL:ENSG00000144445,KANSL1L,True,True,2
NUDT17,ENSEMBL:ENSG00000186364,NUDT17,True,False,1
HERC5,ENSEMBL:ENSG00000138646,HERC5,True,False,1
PLEKHA7,ENSEMBL:ENSG00000166689,PLEKHA7,True,False,1
STX5,ENSEMBL:ENSG00000162236,STX5,True,True,3
ZNF821,ENSEMBL:ENSG00000102984,ZNF821,True,False,1
ZNF407-AS1,ENSEMBL:ENSG00000264247,ZNF407-AS1,True,False,1
KDM5C,ENSEMBL:ENSG00000126012,KDM5C,True,True,3
ALDH3A2,ENSEMBL:ENSG00000072210,ALDH3A2,True,True,4
MROH1,ENSEMBL:ENSG00000179832,MROH1,True,True,4
PSMA2,ENSEMBL:ENSG00000106588,PSMA2,True,True,2
KCNF1,ENSEMBL:ENSG00000162975,KCNF1,False,True,2
PCBD1,ENSEMBL:ENSG00000166228,PCBD1,False,True,3
PRMT5,ENSEMBL:ENSG00000100462,PRMT5,True,True,4
KRT5,ENSEMBL:ENSG00000186081,KRT5,True,True,3
FNDC10,ENSEMBL:ENSG00000228594,FNDC10,True,False,1
TBL1XR1,ENSEMBL:ENSG00000177565,TBL1XR1,True,False,2
GPR35,ENSEMBL:ENSG00000178623,GPR35,True,False,1
OBI1,ENSEMBL:ENSG00000152193,OBI1,True,False,1
COPZ2,ENSEMBL:ENSG00000005243,COPZ2,True,False,2
QPCTL,ENSEMBL:ENSG00000011478,QPCTL,True,True,2
APH1A,ENSEMBL:ENSG00000117362,APH1A,False,True,1
SYT4,ENSEMBL:ENSG00000132872,SYT4,False,True,1
CNN1,ENSEMBL:ENSG00000130176,CNN1,True,True,2
ENSEMBL:ENSG00000279488,ENSEMBL:ENSG00000279488,,True,False,1
ETAA1,ENSEMBL:ENSG00000143971,ETAA1,True,False,1
WDR93,ENSEMBL:ENSG00000140527,WDR93,False,True,1
ERO1B,ENSEMBL:ENSG00000086619,ERO1B,False,True,2
TJP2,ENSEMBL:ENSG00000119139,TJP2,True,True,4
MIR196A2,ENSEMBL:ENSG00000207924,MIR196A2,False,True,1
RORB,ENSEMBL:ENSG00000198963,RORB,False,True,1
ZSCAN16,ENSEMBL:ENSG00000196812,ZSCAN16,True,False,2
MRPS16,ENSEMBL:ENSG00000182180,MRPS16,True,True,6
LY6D,ENSEMBL:ENSG00000167656,LY6D,True,False,1
SLC39A1,ENSEMBL:ENSG00000143570,SLC39A1,True,False,1
RNASEH1,ENSEMBL:ENSG00000171865,RNASEH1,True,False,1
DMTF1,ENSEMBL:ENSG00000135164,DMTF1,True,False,1
FAM120B,ENSEMBL:ENSG00000112584,FAM120B,True,True,3
LGALSL-DT,ENSEMBL:ENSG00000223935,LGALSL-DT,True,False,1
ENSEMBL:ENSG00000224152,ENSEMBL:ENSG00000224152,,True,False,1
ITGB5,ENSEMBL:ENSG00000082781,ITGB5,True,True,2
KCTD2,ENSEMBL:ENSG00000180901,KCTD2,True,False,1
MARK4,ENSEMBL:ENSG00000007047,MARK4,True,True,3
ENSEMBL:ENSG00000287356,ENSEMBL:ENSG00000287356,,True,False,1
RBBP6,ENSEMBL:ENSG00000122257,RBBP6,True,True,3
ALDH1L1-AS2,ENSEMBL:ENSG00000246022,ALDH1L1-AS2,True,False,1
FOCAD,ENSEMBL:ENSG00000188352,FOCAD,True,True,2
ENSEMBL:ENSG00000257524,ENSEMBL:ENSG00000257524,,True,False,1
TRERF1,ENSEMBL:ENSG00000124496,TRERF1,True,True,3
EFR3A,ENSEMBL:ENSG00000132294,EFR3A,True,True,3
SLC6A10P,ENSEMBL:ENSG00000214617,SLC6A10P,True,False,1
SQLE,ENSEMBL:ENSG00000104549,SQLE,True,True,3
ZC3H12B,ENSEMBL:ENSG00000102053,ZC3H12B,False,True,1
KIFC2,ENSEMBL:ENSG00000167702,KIFC2,False,True,4
SDC2,ENSEMBL:ENSG00000169439,SDC2,True,True,4
ENSEMBL:ENSG00000279689,ENSEMBL:ENSG00000279689,,True,False,1
DKK2,ENSEMBL:ENSG00000155011,DKK2,True,True,2
PLAGL2,ENSEMBL:ENSG00000126003,PLAGL2,True,False,1
POLR3K,ENSEMBL:ENSG00000161980,POLR3K,True,True,2
NPM1,ENSEMBL:ENSG00000181163,NPM1,True,True,4
ALG11,ENSEMBL:ENSG00000253710,ALG11,True,True,3
FASTK,ENSEMBL:ENSG00000164896,FASTK,True,False,1
ADGRG2,ENSEMBL:ENSG00000173698,ADGRG2,False,True,3
GPC4,ENSEMBL:ENSG00000076716,GPC4,False,True,3
COMMD6,ENSEMBL:ENSG00000188243,COMMD6,True,False,1
LZTS1,ENSEMBL:ENSG00000061337,LZTS1,True,True,3
CRACD,ENSEMBL:ENSG00000109265,CRACD,False,True,5
ST3GAL3,ENSEMBL:ENSG00000126091,ST3GAL3,False,True,1
DHX37,ENSEMBL:ENSG00000150990,DHX37,True,False,2
CATSPERD,ENSEMBL:ENSG00000174898,CATSPERD,False,True,1
HPF1,ENSEMBL:ENSG00000056050,HPF1,True,False,1
FAM182B,ENSEMBL:ENSG00000175170,FAM182B,True,False,1
F12,ENSEMBL:ENSG00000131187,F12,False,True,1
CLIC6,ENSEMBL:ENSG00000159212,CLIC6,True,True,3
PDE6D,ENSEMBL:ENSG00000156973,PDE6D,True,False,1
TRADD,ENSEMBL:ENSG00000102871,TRADD,False,True,1
HSD11B1,ENSEMBL:ENSG00000117594,HSD11B1,False,True,1
CSN2,ENSEMBL:ENSG00000135222,CSN2,False,True,1
ENSEMBL:ENSG00000250138,ENSEMBL:ENSG00000250138,,True,False,1
TET2,ENSEMBL:ENSG00000168769,TET2,True,True,2
C15orf48,ENSEMBL:ENSG00000166920,C15orf48,False,True,1
MBNL3,ENSEMBL:ENSG00000076770,MBNL3,True,False,2
BCL9L,ENSEMBL:ENSG00000186174,BCL9L,True,True,5
TTC4P1,ENSEMBL:ENSG00000221971,TTC4P1,True,False,1
PRG2,ENSEMBL:ENSG00000186652,PRG2,False,True,3
C4orf36,ENSEMBL:ENSG00000163633,C4orf36,False,True,1
LRP2,ENSEMBL:ENSG00000081479,LRP2,False,True,1
SAP25,ENSEMBL:ENSG00000205307,SAP25,True,True,4
SMU1,ENSEMBL:ENSG00000122692,SMU1,True,False,1
TCHH,ENSEMBL:ENSG00000159450,TCHH,False,True,2
ENSEMBL:ENSG00000262223,ENSEMBL:ENSG00000262223,,True,False,1
FLAD1,ENSEMBL:ENSG00000160688,FLAD1,True,True,5
CCDC61,ENSEMBL:ENSG00000104983,CCDC61,True,False,1
MEGF6,ENSEMBL:ENSG00000162591,MEGF6,True,False,1
EIF4EBP3,ENSEMBL:ENSG00000243056,EIF4EBP3,True,False,1
RUNX1T1,ENSEMBL:ENSG00000079102,RUNX1T1,True,True,2
PTOV1-AS1,ENSEMBL:ENSG00000268006,PTOV1-AS1,True,False,1
USP8,ENSEMBL:ENSG00000138592,USP8,True,True,3
RAMP3,ENSEMBL:ENSG00000122679,RAMP3,True,False,1
CRYZL2P,ENSEMBL:ENSG00000242193,CRYZL2P,True,False,2
ZDHHC4,ENSEMBL:ENSG00000136247,ZDHHC4,True,True,3
EIF6,ENSEMBL:ENSG00000242372,EIF6,True,True,3
SLC45A3,ENSEMBL:ENSG00000158715,SLC45A3,True,True,3
PEG10,ENSEMBL:ENSG00000242265,PEG10,True,False,1
PGRMC1,ENSEMBL:ENSG00000101856,PGRMC1,True,True,3
ENSEMBL:ENSG00000249592,ENSEMBL:ENSG00000249592,,True,False,1
H4-16,ENSEMBL:ENSG00000197837,H4-16,True,False,1
HHEX,ENSEMBL:ENSG00000152804,HHEX,True,True,4
PUS1,ENSEMBL:ENSG00000177192,PUS1,True,False,1
PPP6R1,ENSEMBL:ENSG00000105063,PPP6R1,True,False,2
RNFT1,ENSEMBL:ENSG00000189050,RNFT1,True,False,1
SIRT7,ENSEMBL:ENSG00000187531,SIRT7,True,True,2
ENSEMBL:ENSG00000262050,ENSEMBL:ENSG00000262050,,True,False,1
ENSEMBL:ENSG00000286112,ENSEMBL:ENSG00000286112,,True,False,1
TMED7,ENSEMBL:ENSG00000134970,TMED7,False,True,3
SPTAN1,ENSEMBL:ENSG00000197694,SPTAN1,True,True,7
MBD3,ENSEMBL:ENSG00000071655,MBD3,True,True,4
FRMPD1,ENSEMBL:ENSG00000070601,FRMPD1,True,True,2
ZNF526,ENSEMBL:ENSG00000167625,ZNF526,True,True,3
FIP1L1,ENSEMBL:ENSG00000145216,FIP1L1,True,False,1
ZC3H11B,ENSEMBL:ENSG00000215817,ZC3H11B,True,False,1
AGER,ENSEMBL:ENSG00000204305,AGER,True,True,3
OBP2B,ENSEMBL:ENSG00000171102,OBP2B,True,False,1
CDH26,ENSEMBL:ENSG00000124215,CDH26,True,False,1
GAR1,ENSEMBL:ENSG00000109534,GAR1,False,True,1
PXYLP1,ENSEMBL:ENSG00000155893,PXYLP1,True,True,3
RFC5,ENSEMBL:ENSG00000111445,RFC5,True,False,1
PTBP1,ENSEMBL:ENSG00000011304,PTBP1,True,True,2
E2F4,ENSEMBL:ENSG00000205250,E2F4,True,False,2
IGSF10,ENSEMBL:ENSG00000152580,IGSF10,False,True,4
PGBD4,ENSEMBL:ENSG00000182405,PGBD4,True,False,2
DSN1,ENSEMBL:ENSG00000149636,DSN1,True,True,2
PDXDC2P-NPIPB14P,ENSEMBL:ENSG00000196696,PDXDC2P-NPIPB14P,True,False,1
LINC01410,ENSEMBL:ENSG00000238113,LINC01410,True,False,1
NVL,ENSEMBL:ENSG00000143748,NVL,True,True,3
DISP2,ENSEMBL:ENSG00000140323,DISP2,False,True,1
SYPL2,ENSEMBL:ENSG00000143028,SYPL2,False,True,2
TPBG,ENSEMBL:ENSG00000146242,TPBG,True,False,1
METTL9,ENSEMBL:ENSG00000197006,METTL9,True,False,1
TAOK3,ENSEMBL:ENSG00000135090,TAOK3,True,True,3
C17orf75,ENSEMBL:ENSG00000108666,C17orf75,True,False,1
SFSWAP,ENSEMBL:ENSG00000061936,SFSWAP,True,False,2
TWF1,ENSEMBL:ENSG00000151239,TWF1,True,False,2
TMC4|ENSG00000277789,ENSEMBL:ENSG00000277789,TMC4,False,True,1
SLC35E1,ENSEMBL:ENSG00000127526,SLC35E1,True,False,2
OTULINL,ENSEMBL:ENSG00000145569,OTULINL,True,True,2
SPOUT1,ENSEMBL:ENSG00000198917,SPOUT1,True,True,4
RIPK1,ENSEMBL:ENSG00000137275,RIPK1,True,False,2
TMC4|ENSG00000167608,ENSEMBL:ENSG00000167608,TMC4,True,False,1
GIP,ENSEMBL:ENSG00000159224,GIP,False,True,2
KIDINS220,ENSEMBL:ENSG00000134313,KIDINS220,True,True,4
EWSR1,ENSEMBL:ENSG00000182944,EWSR1,True,True,4
CIZ1,ENSEMBL:ENSG00000148337,CIZ1,True,True,2
LUC7L2,ENSEMBL:ENSG00000146963,LUC7L2,True,True,3
NOXO1,ENSEMBL:ENSG00000196408,NOXO1,False,True,1
UQCC2,ENSEMBL:ENSG00000137288,UQCC2,True,False,2
SLC25A10,ENSEMBL:ENSG00000183048,SLC25A10,False,True,3
AK1,ENSEMBL:ENSG00000106992,AK1,True,False,2
IBTK,ENSEMBL:ENSG00000005700,IBTK,True,True,2
AXIN2,ENSEMBL:ENSG00000168646,AXIN2,True,True,4
IL6R-AS1,ENSEMBL:ENSG00000228013,IL6R-AS1,True,False,1
NRSN1,ENSEMBL:ENSG00000152954,NRSN1,False,True,1
RNF135,ENSEMBL:ENSG00000181481,RNF135,True,False,1
PICK1,ENSEMBL:ENSG00000100151,PICK1,True,True,3
CLK3,ENSEMBL:ENSG00000179335,CLK3,True,True,5
MMP11,ENSEMBL:ENSG00000099953,MMP11,False,True,3
TMEM254-AS1,ENSEMBL:ENSG00000230091,TMEM254-AS1,True,False,1
SERPINI1,ENSEMBL:ENSG00000163536,SERPINI1,True,True,3
DDX23,ENSEMBL:ENSG00000174243,DDX23,False,True,1
RSPH14,ENSEMBL:ENSG00000100218,RSPH14,False,True,1
C2orf49,ENSEMBL:ENSG00000135974,C2orf49,True,True,2
SUGT1,ENSEMBL:ENSG00000165416,SUGT1,True,True,2
TBCB,ENSEMBL:ENSG00000105254,TBCB,True,False,1
ZBTB33,ENSEMBL:ENSG00000177485,ZBTB33,True,True,2
NDUFS6,ENSEMBL:ENSG00000145494,NDUFS6,True,False,1
CCDC82,ENSEMBL:ENSG00000149231,CCDC82,True,False,1
PPP1R9B,ENSEMBL:ENSG00000108819,PPP1R9B,True,True,3
RYR2,ENSEMBL:ENSG00000198626,RYR2,False,True,3
BECN1,ENSEMBL:ENSG00000126581,BECN1,True,True,2
DPM1,ENSEMBL:ENSG00000000419,DPM1,False,True,5
DPEP3,ENSEMBL:ENSG00000141096,DPEP3,True,True,2
NHLRC2,ENSEMBL:ENSG00000196865,NHLRC2,True,True,2
LTBP3,ENSEMBL:ENSG00000168056,LTBP3,True,True,3
PLPPR3,ENSEMBL:ENSG00000129951,PLPPR3,False,True,1
EXT1,ENSEMBL:ENSG00000182197,EXT1,True,True,4
GPR20,ENSEMBL:ENSG00000204882,GPR20,False,True,1
NECAP1,ENSEMBL:ENSG00000089818,NECAP1,True,False,2
GET1,ENSEMBL:ENSG00000182093,GET1,True,False,1
EIF2S3,ENSEMBL:ENSG00000130741,EIF2S3,True,True,3
ZNF649,ENSEMBL:ENSG00000198093,ZNF649,True,False,1
EZR,ENSEMBL:ENSG00000092820,EZR,True,True,4
IL12A,ENSEMBL:ENSG00000168811,IL12A,False,True,1
STK17A,ENSEMBL:ENSG00000164543,STK17A,True,False,2
RN7SL1,ENSEMBL:ENSG00000276168,RN7SL1,True,False,2
TMED7-TICAM2,ENSEMBL:ENSG00000251201,TMED7-TICAM2,True,False,1
LPP-AS2,ENSEMBL:ENSG00000270959,LPP-AS2,True,False,1
CASC18,ENSEMBL:ENSG00000257859,CASC18,True,False,1
PTOV1,ENSEMBL:ENSG00000104960,PTOV1,True,True,7
MCM3,ENSEMBL:ENSG00000112118,MCM3,True,True,4
TMEM101,ENSEMBL:ENSG00000091947,TMEM101,True,True,3
FREM2,ENSEMBL:ENSG00000150893,FREM2,True,True,5
NKPD1,ENSEMBL:ENSG00000179846,NKPD1,False,True,1
TM9SF4,ENSEMBL:ENSG00000101337,TM9SF4,False,True,1
MFAP5,ENSEMBL:ENSG00000197614,MFAP5,True,True,3
CEP162,ENSEMBL:ENSG00000135315,CEP162,True,False,1
PSME1,ENSEMBL:ENSG00000092010,PSME1,False,True,2
SNHG8,ENSEMBL:ENSG00000269893,SNHG8,True,False,2
HELB,ENSEMBL:ENSG00000127311,HELB,True,True,3
SLC34A2,ENSEMBL:ENSG00000157765,SLC34A2,False,True,1
VPS8,ENSEMBL:ENSG00000156931,VPS8,True,True,3
TTN-AS1,ENSEMBL:ENSG00000237298,TTN-AS1,True,False,1
ENSEMBL:ENSG00000245970,ENSEMBL:ENSG00000245970,,True,False,1
BCAS1,ENSEMBL:ENSG00000064787,BCAS1,False,True,2
SFI1,ENSEMBL:ENSG00000198089,SFI1,True,False,1
ATG13,ENSEMBL:ENSG00000175224,ATG13,True,False,2
ITGB4,ENSEMBL:ENSG00000132470,ITGB4,False,True,2
ENSEMBL:ENSG00000280285,ENSEMBL:ENSG00000280285,,True,False,1
COPB1,ENSEMBL:ENSG00000129083,COPB1,True,True,2
EXOSC6,ENSEMBL:ENSG00000223496,EXOSC6,True,True,3
TM9SF3,ENSEMBL:ENSG00000077147,TM9SF3,True,True,2
FOXC1,ENSEMBL:ENSG00000054598,FOXC1,False,True,2
ENSEMBL:ENSG00000279369,ENSEMBL:ENSG00000279369,,True,False,1
NAPSB,ENSEMBL:ENSG00000131401,NAPSB,True,False,1
RPA2,ENSEMBL:ENSG00000117748,RPA2,True,False,2
PIEZO2,ENSEMBL:ENSG00000154864,PIEZO2,False,True,2
TARBP2,ENSEMBL:ENSG00000139546,TARBP2,True,True,3
HLCS,ENSEMBL:ENSG00000159267,HLCS,True,False,1
GTF2H4,ENSEMBL:ENSG00000213780,GTF2H4,True,False,2
PTPN23-DT,ENSEMBL:ENSG00000260236,PTPN23-DT,True,False,2
ALG6,ENSEMBL:ENSG00000088035,ALG6,True,False,1
MYH10,ENSEMBL:ENSG00000133026,MYH10,True,True,3
CDH19,ENSEMBL:ENSG00000071991,CDH19,False,True,1
CLOCK,ENSEMBL:ENSG00000134852,CLOCK,False,True,3
DCDC1,ENSEMBL:ENSG00000170959,DCDC1,False,True,1
SNHG32,ENSEMBL:ENSG00000204387,SNHG32,True,False,2
MTATP6P1,ENSEMBL:ENSG00000248527,MTATP6P1,True,False,1
SLC35B2,ENSEMBL:ENSG00000157593,SLC35B2,True,True,2
SSRP1,ENSEMBL:ENSG00000149136,SSRP1,True,True,3
KRTCAP2,ENSEMBL:ENSG00000163463,KRTCAP2,True,True,2
CSTF3,ENSEMBL:ENSG00000176102,CSTF3,True,False,1
KHSRP,ENSEMBL:ENSG00000088247,KHSRP,True,True,3
EFL1,ENSEMBL:ENSG00000140598,EFL1,True,False,1
EFCC1,ENSEMBL:ENSG00000114654,EFCC1,True,False,1
HLA-DPB1,ENSEMBL:ENSG00000223865,HLA-DPB1,True,False,1
SPTY2D1,ENSEMBL:ENSG00000179119,SPTY2D1,True,True,3
ACAA1,ENSEMBL:ENSG00000060971,ACAA1,True,True,5
PIK3C3,ENSEMBL:ENSG00000078142,PIK3C3,True,False,2
TIPRL,ENSEMBL:ENSG00000143155,TIPRL,True,False,2
AP1B1,ENSEMBL:ENSG00000100280,AP1B1,True,True,4
SIAH1,ENSEMBL:ENSG00000196470,SIAH1,True,False,1
TMOD4,ENSEMBL:ENSG00000163157,TMOD4,True,True,4
ENSEMBL:ENSG00000286861,ENSEMBL:ENSG00000286861,,True,False,1
ENSEMBL:ENSG00000271380,ENSEMBL:ENSG00000271380,,True,False,1
ESS2,ENSEMBL:ENSG00000100056,ESS2,True,False,1
ENSEMBL:ENSG00000287562,ENSEMBL:ENSG00000287562,,True,False,1
SMURF2,ENSEMBL:ENSG00000108854,SMURF2,True,False,2
LINC00324,ENSEMBL:ENSG00000178977,LINC00324,True,False,2
FPGS,ENSEMBL:ENSG00000136877,FPGS,True,True,2
NAGA,ENSEMBL:ENSG00000198951,NAGA,True,True,3
ENSEMBL:ENSG00000277978,ENSEMBL:ENSG00000277978,,True,False,1
PSEN2,ENSEMBL:ENSG00000143801,PSEN2,True,False,1
SRP14,ENSEMBL:ENSG00000140319,SRP14,True,True,4
TTC9C,ENSEMBL:ENSG00000162222,TTC9C,True,False,2
ATP6V1G2,ENSEMBL:ENSG00000213760,ATP6V1G2,False,True,2
CDK13,ENSEMBL:ENSG00000065883,CDK13,True,False,1
ZNF655,ENSEMBL:ENSG00000197343,ZNF655,True,True,6
TMEM171,ENSEMBL:ENSG00000157111,TMEM171,False,True,1
CGN,ENSEMBL:ENSG00000143375,CGN,False,True,3
TMED2,ENSEMBL:ENSG00000086598,TMED2,True,False,1
CUTA,ENSEMBL:ENSG00000112514,CUTA,True,True,3
DCHS1,ENSEMBL:ENSG00000166341,DCHS1,True,True,4
ANKRD34B,ENSEMBL:ENSG00000189127,ANKRD34B,False,True,1
LYRM4,ENSEMBL:ENSG00000214113,LYRM4,True,True,3
ENSEMBL:ENSG00000254556,ENSEMBL:ENSG00000254556,,True,False,1
TMEM106B,ENSEMBL:ENSG00000106460,TMEM106B,True,False,1
VPS53,ENSEMBL:ENSG00000141252,VPS53,False,True,1
MTRF1,ENSEMBL:ENSG00000120662,MTRF1,True,False,2
ANKRD34A,ENSEMBL:ENSG00000272031,ANKRD34A,True,False,1
KMO,ENSEMBL:ENSG00000117009,KMO,False,True,2
SMIM31,ENSEMBL:ENSG00000248771,SMIM31,False,True,1
GADL1,ENSEMBL:ENSG00000144644,GADL1,True,False,1
NUP62,ENSEMBL:ENSG00000213024,NUP62,True,False,2
EML2,ENSEMBL:ENSG00000125746,EML2,False,True,2
CBLL1,ENSEMBL:ENSG00000105879,CBLL1,True,False,2
CLTA,ENSEMBL:ENSG00000122705,CLTA,True,True,6
ENSEMBL:ENSG00000263165,ENSEMBL:ENSG00000263165,,True,False,1
USP9X,ENSEMBL:ENSG00000124486,USP9X,True,True,4
POLQ,ENSEMBL:ENSG00000051341,POLQ,False,True,2
CFAP36,ENSEMBL:ENSG00000163001,CFAP36,False,True,3
DENND4B,ENSEMBL:ENSG00000198837,DENND4B,True,True,2
HIF3A,ENSEMBL:ENSG00000124440,HIF3A,True,True,5
PPIL3,ENSEMBL:ENSG00000240344,PPIL3,True,False,2
KDM1A,ENSEMBL:ENSG00000004487,KDM1A,True,True,3
SLC35D1,ENSEMBL:ENSG00000116704,SLC35D1,True,False,1
ENSEMBL:ENSG00000254614,ENSEMBL:ENSG00000254614,,True,False,1
MFSD11,ENSEMBL:ENSG00000092931,MFSD11,True,True,3
TAGAP-AS1,ENSEMBL:ENSG00000271913,TAGAP-AS1,True,False,2
TMEM87A,ENSEMBL:ENSG00000103978,TMEM87A,True,False,1
EEF1A1P5,ENSEMBL:ENSG00000196205,EEF1A1P5,True,False,1
ARID2,ENSEMBL:ENSG00000189079,ARID2,True,False,1
MAPK12,ENSEMBL:ENSG00000188130,MAPK12,True,True,3
TRDN-AS1,ENSEMBL:ENSG00000235535,TRDN-AS1,True,False,1
MED6,ENSEMBL:ENSG00000133997,MED6,True,False,1
TSPO,ENSEMBL:ENSG00000100300,TSPO,True,True,4
ENSEMBL:ENSG00000262967,ENSEMBL:ENSG00000262967,,True,False,1
TRMT61A,ENSEMBL:ENSG00000166166,TRMT61A,True,False,2
MYH2,ENSEMBL:ENSG00000125414,MYH2,True,False,1
LEFTY2,ENSEMBL:ENSG00000143768,LEFTY2,True,False,1
FOXN3,ENSEMBL:ENSG00000053254,FOXN3,False,True,3
AKR1C4,ENSEMBL:ENSG00000198610,AKR1C4,False,True,2
E2F8,ENSEMBL:ENSG00000129173,E2F8,True,False,1
MRPS35,ENSEMBL:ENSG00000061794,MRPS35,True,True,4
ENSEMBL:ENSG00000285693,ENSEMBL:ENSG00000285693,,True,False,1
ATP8B3,ENSEMBL:ENSG00000130270,ATP8B3,False,True,2
TMEM165,ENSEMBL:ENSG00000134851,TMEM165,True,False,2
BFSP1,ENSEMBL:ENSG00000125864,BFSP1,True,False,1
BAZ2B,ENSEMBL:ENSG00000123636,BAZ2B,True,True,2
CHAC1,ENSEMBL:ENSG00000128965,CHAC1,True,True,2
ELP2,ENSEMBL:ENSG00000134759,ELP2,True,False,1
HLA-DPA1,ENSEMBL:ENSG00000231389,HLA-DPA1,True,False,1
DPP9-AS1,ENSEMBL:ENSG00000205790,DPP9-AS1,True,False,1
CEROX1,ENSEMBL:ENSG00000260807,CEROX1,True,False,2
FCRL3,ENSEMBL:ENSG00000160856,FCRL3,True,False,1
DLGAP5,ENSEMBL:ENSG00000126787,DLGAP5,False,True,1
KRT85,ENSEMBL:ENSG00000135443,KRT85,False,True,1
RNF25,ENSEMBL:ENSG00000163481,RNF25,True,False,1
ITLN1,ENSEMBL:ENSG00000179914,ITLN1,True,True,2
TSPAN14,ENSEMBL:ENSG00000108219,TSPAN14,True,True,3
CYP4F22,ENSEMBL:ENSG00000171954,CYP4F22,False,True,1
ZNF428,ENSEMBL:ENSG00000131116,ZNF428,True,False,2
IGSF3,ENSEMBL:ENSG00000143061,IGSF3,True,False,2
LINC00921,ENSEMBL:ENSG00000281005,LINC00921,True,False,1
ENSEMBL:ENSG00000227741,ENSEMBL:ENSG00000227741,,True,False,1
DCAF16,ENSEMBL:ENSG00000163257,DCAF16,True,False,2
TNFSF13,ENSEMBL:ENSG00000161955,TNFSF13,False,True,4
VEGFC,ENSEMBL:ENSG00000150630,VEGFC,False,True,1
ICAM4,ENSEMBL:ENSG00000105371,ICAM4,False,True,2
CCDC65,ENSEMBL:ENSG00000139537,CCDC65,True,False,1
ZNF750,ENSEMBL:ENSG00000141579,ZNF750,True,True,2
ALDH4A1,ENSEMBL:ENSG00000159423,ALDH4A1,True,False,1
PCNP,ENSEMBL:ENSG00000081154,PCNP,True,True,4
ADAM11,ENSEMBL:ENSG00000073670,ADAM11,False,True,3
SCARB1,ENSEMBL:ENSG00000073060,SCARB1,False,True,4
RNF38,ENSEMBL:ENSG00000137075,RNF38,True,False,2
TIGD2,ENSEMBL:ENSG00000180346,TIGD2,True,True,2
MCM5,ENSEMBL:ENSG00000100297,MCM5,True,True,3
MCC,ENSEMBL:ENSG00000171444,MCC,True,True,3
APBB3,ENSEMBL:ENSG00000113108,APBB3,True,True,3
ENSEMBL:ENSG00000279744,ENSEMBL:ENSG00000279744,,True,False,1
SLC28A2,ENSEMBL:ENSG00000137860,SLC28A2,False,True,2
ENSEMBL:ENSG00000280571,ENSEMBL:ENSG00000280571,,True,False,1
ENSEMBL:ENSG00000278869,ENSEMBL:ENSG00000278869,,True,False,1
HINT2,ENSEMBL:ENSG00000137133,HINT2,True,True,4
CHN1,ENSEMBL:ENSG00000128656,CHN1,False,True,2
CCDC3,ENSEMBL:ENSG00000151468,CCDC3,False,True,1
ZFC3H1,ENSEMBL:ENSG00000133858,ZFC3H1,True,False,2
CCR12P,ENSEMBL:ENSG00000238241,CCR12P,True,False,1
C10orf99,ENSEMBL:ENSG00000188373,C10orf99,False,True,1
RTN1,ENSEMBL:ENSG00000139970,RTN1,False,True,2
ZNF518B,ENSEMBL:ENSG00000178163,ZNF518B,True,False,1
RNF11,ENSEMBL:ENSG00000123091,RNF11,True,False,1
SLFN5,ENSEMBL:ENSG00000166750,SLFN5,True,True,5
FBXO24,ENSEMBL:ENSG00000106336,FBXO24,False,True,1
ARC,ENSEMBL:ENSG00000198576,ARC,False,True,2
WDR77,ENSEMBL:ENSG00000116455,WDR77,True,True,2
TMEM182,ENSEMBL:ENSG00000170417,TMEM182,False,True,1
ING2,ENSEMBL:ENSG00000168556,ING2,False,True,2
TRIT1,ENSEMBL:ENSG00000043514,TRIT1,True,True,5
CA11,ENSEMBL:ENSG00000063180,CA11,True,True,3
FAM187B,ENSEMBL:ENSG00000177558,FAM187B,False,True,1
CCDC57,ENSEMBL:ENSG00000176155,CCDC57,True,True,2
PRDX4,ENSEMBL:ENSG00000123131,PRDX4,False,True,1
KRT79,ENSEMBL:ENSG00000185640,KRT79,False,True,3
NEK10,ENSEMBL:ENSG00000163491,NEK10,True,False,1
FERMT1,ENSEMBL:ENSG00000101311,FERMT1,False,True,3
ESF1,ENSEMBL:ENSG00000089048,ESF1,True,True,2
ATP6AP2,ENSEMBL:ENSG00000182220,ATP6AP2,True,False,1
FSTL3,ENSEMBL:ENSG00000070404,FSTL3,True,False,1
SAMD11,ENSEMBL:ENSG00000187634,SAMD11,False,True,1
SF3B5,ENSEMBL:ENSG00000169976,SF3B5,True,True,6
ENSEMBL:ENSG00000279026,ENSEMBL:ENSG00000279026,,True,False,1
RBM42,ENSEMBL:ENSG00000126254,RBM42,True,True,5
AMBRA1,ENSEMBL:ENSG00000110497,AMBRA1,True,False,1
PLCL1,ENSEMBL:ENSG00000115896,PLCL1,True,True,3
PRPF4,ENSEMBL:ENSG00000136875,PRPF4,True,True,2
PTRHD1,ENSEMBL:ENSG00000184924,PTRHD1,True,False,1
LCMT2,ENSEMBL:ENSG00000168806,LCMT2,True,False,1
NUCB1,ENSEMBL:ENSG00000104805,NUCB1,True,True,4
NFYB,ENSEMBL:ENSG00000120837,NFYB,False,True,1
TLE1P1,ENSEMBL:ENSG00000228158,TLE1P1,True,False,1
GPR55,ENSEMBL:ENSG00000135898,GPR55,False,True,1
ADGRE1,ENSEMBL:ENSG00000174837,ADGRE1,False,True,1
APOC3,ENSEMBL:ENSG00000110245,APOC3,False,True,6
UROS,ENSEMBL:ENSG00000188690,UROS,True,True,3
CHST14,ENSEMBL:ENSG00000169105,CHST14,True,False,1
WASHC4,ENSEMBL:ENSG00000136051,WASHC4,True,True,3
NOLC1,ENSEMBL:ENSG00000166197,NOLC1,True,False,2
TMEM104,ENSEMBL:ENSG00000109066,TMEM104,True,False,2
BBS10,ENSEMBL:ENSG00000179941,BBS10,False,True,1
DEFB4A,ENSEMBL:ENSG00000171711,DEFB4A,False,True,1
CHFR,ENSEMBL:ENSG00000072609,CHFR,True,True,2
ATP7A,ENSEMBL:ENSG00000165240,ATP7A,True,True,2
GSR,ENSEMBL:ENSG00000104687,GSR,True,True,6
SALL2,ENSEMBL:ENSG00000165821,SALL2,True,True,3
AS3MT,ENSEMBL:ENSG00000214435,AS3MT,True,True,2
GFM2,ENSEMBL:ENSG00000164347,GFM2,False,True,2
PPIP5K1,ENSEMBL:ENSG00000168781,PPIP5K1,True,False,1
FUCA2,ENSEMBL:ENSG00000001036,FUCA2,True,True,2
LINC00235,ENSEMBL:ENSG00000277142,LINC00235,True,False,1
RBMS3-AS3,ENSEMBL:ENSG00000235904,RBMS3-AS3,True,False,1
TAL2,ENSEMBL:ENSG00000186051,TAL2,True,True,2
BSN,ENSEMBL:ENSG00000164061,BSN,True,True,4
FKBPL,ENSEMBL:ENSG00000204315,FKBPL,True,True,3
BHMT,ENSEMBL:ENSG00000145692,BHMT,False,True,2
SPG21,ENSEMBL:ENSG00000090487,SPG21,True,True,2
HLA-A,ENSEMBL:ENSG00000206503,HLA-A,True,False,1
LRRC55,ENSEMBL:ENSG00000183908,LRRC55,False,True,1
DUS1L,ENSEMBL:ENSG00000169718,DUS1L,True,True,2
LINC01644,ENSEMBL:ENSG00000218357,LINC01644,True,False,1
ZNF628,ENSEMBL:ENSG00000197483,ZNF628,True,False,1
TAS2R20,ENSEMBL:ENSG00000255837,TAS2R20,True,False,1
ALOXE3,ENSEMBL:ENSG00000179148,ALOXE3,False,True,1
TEDC1,ENSEMBL:ENSG00000185347,TEDC1,True,True,3
RC3H2,ENSEMBL:ENSG00000056586,RC3H2,False,True,3
CBL,ENSEMBL:ENSG00000110395,CBL,True,True,4
LRRC58,ENSEMBL:ENSG00000163428,LRRC58,True,True,3
SLC51A,ENSEMBL:ENSG00000163959,SLC51A,False,True,2
SIGLEC14,ENSEMBL:ENSG00000254415,SIGLEC14,True,False,1
GDPD1,ENSEMBL:ENSG00000153982,GDPD1,True,True,5
DDN-AS1,ENSEMBL:ENSG00000257913,DDN-AS1,True,False,1
CTSO,ENSEMBL:ENSG00000256043,CTSO,True,False,1
CIB1,ENSEMBL:ENSG00000185043,CIB1,True,True,4
C17orf80,ENSEMBL:ENSG00000141219,C17orf80,True,True,2
SNRNP27,ENSEMBL:ENSG00000124380,SNRNP27,True,False,1
GUCY2D,ENSEMBL:ENSG00000132518,GUCY2D,False,True,1
SYCP1,ENSEMBL:ENSG00000198765,SYCP1,False,True,1
AHR,ENSEMBL:ENSG00000106546,AHR,True,True,4
MCM10,ENSEMBL:ENSG00000065328,MCM10,False,True,2
TACC3,ENSEMBL:ENSG00000013810,TACC3,True,True,2
DNMT1,ENSEMBL:ENSG00000130816,DNMT1,True,True,2
ARSL,ENSEMBL:ENSG00000157399,ARSL,False,True,1
MMGT1,ENSEMBL:ENSG00000169446,MMGT1,False,True,1
TRAK1,ENSEMBL:ENSG00000182606,TRAK1,True,True,3
RAB8B,ENSEMBL:ENSG00000166128,RAB8B,True,True,5
CHSY3,ENSEMBL:ENSG00000198108,CHSY3,True,False,1
TTC39C,ENSEMBL:ENSG00000168234,TTC39C,True,True,2
SMARCA4,ENSEMBL:ENSG00000127616,SMARCA4,True,True,3
LCLAT1,ENSEMBL:ENSG00000172954,LCLAT1,True,False,1
RPGRIP1,ENSEMBL:ENSG00000092200,RPGRIP1,True,True,3
FNTB,ENSEMBL:ENSG00000257365,FNTB,True,True,2
POT1,ENSEMBL:ENSG00000128513,POT1,True,False,1
LINC00869,ENSEMBL:ENSG00000277147,LINC00869,True,False,1
TCEANC2,ENSEMBL:ENSG00000116205,TCEANC2,True,False,1
FBXL7,ENSEMBL:ENSG00000183580,FBXL7,True,False,2
LINC00342,ENSEMBL:ENSG00000232931,LINC00342,True,False,1
LINC01697,ENSEMBL:ENSG00000232079,LINC01697,True,False,1
TMEM198B,ENSEMBL:ENSG00000182796,TMEM198B,True,False,1
PUDP,ENSEMBL:ENSG00000130021,PUDP,True,False,1
NEMF,ENSEMBL:ENSG00000165525,NEMF,True,False,2
MED12,ENSEMBL:ENSG00000184634,MED12,True,False,2
SNAPC1,ENSEMBL:ENSG00000023608,SNAPC1,True,False,1
ERV3-1,ENSEMBL:ENSG00000213462,ERV3-1,True,False,1
KHDC4,ENSEMBL:ENSG00000132680,KHDC4,True,True,3
ACKR4,ENSEMBL:ENSG00000129048,ACKR4,False,True,1
BABAM1,ENSEMBL:ENSG00000105393,BABAM1,True,False,2
ABTB2,ENSEMBL:ENSG00000166016,ABTB2,True,True,4
WSCD1,ENSEMBL:ENSG00000179314,WSCD1,True,True,2
RHOBTB3,ENSEMBL:ENSG00000164292,RHOBTB3,True,True,4
SLC44A1,ENSEMBL:ENSG00000070214,SLC44A1,True,True,3
IREB2,ENSEMBL:ENSG00000136381,IREB2,True,True,3
POLR3A,ENSEMBL:ENSG00000148606,POLR3A,True,False,1
ASB3,ENSEMBL:ENSG00000115239,ASB3,True,False,1
ADI1,ENSEMBL:ENSG00000182551,ADI1,True,True,5
KCNH8,ENSEMBL:ENSG00000183960,KCNH8,True,False,1
RTL8C,ENSEMBL:ENSG00000134590,RTL8C,True,False,1
GALNT3,ENSEMBL:ENSG00000115339,GALNT3,True,True,4
PATL2,ENSEMBL:ENSG00000229474,PATL2,True,False,1
NSUN3,ENSEMBL:ENSG00000178694,NSUN3,True,False,1
C14orf28,ENSEMBL:ENSG00000179476,C14orf28,True,False,1
MRPL48,ENSEMBL:ENSG00000175581,MRPL48,True,True,2
NEUROD4,ENSEMBL:ENSG00000123307,NEUROD4,False,True,1
TRIM59,ENSEMBL:ENSG00000213186,TRIM59,False,True,1
RPL21P16,ENSEMBL:ENSG00000220842,RPL21P16,True,False,1
RNF217,ENSEMBL:ENSG00000146373,RNF217,True,False,1
ENSEMBL:ENSG00000288748,ENSEMBL:ENSG00000288748,,True,False,1
OTUD5,ENSEMBL:ENSG00000068308,OTUD5,True,True,3
LYPLA1,ENSEMBL:ENSG00000120992,LYPLA1,True,True,4
AOAH,ENSEMBL:ENSG00000136250,AOAH,True,True,3
MTATP6P5,ENSEMBL:ENSG00000284167,MTATP6P5,True,False,1
NOXA1,ENSEMBL:ENSG00000188747,NOXA1,True,True,3
RFK,ENSEMBL:ENSG00000135002,RFK,True,True,4
RARB,ENSEMBL:ENSG00000077092,RARB,True,False,1
ITGA2,ENSEMBL:ENSG00000164171,ITGA2,True,True,4
LINC00930,ENSEMBL:ENSG00000258647,LINC00930,True,False,1
SCN2B,ENSEMBL:ENSG00000149575,SCN2B,True,True,2
THYN1,ENSEMBL:ENSG00000151500,THYN1,False,True,1
HAVCR1,ENSEMBL:ENSG00000113249,HAVCR1,True,False,1
SPOCK1,ENSEMBL:ENSG00000152377,SPOCK1,True,False,2
CXCL17,ENSEMBL:ENSG00000189377,CXCL17,True,True,2
VAMP7,ENSEMBL:ENSG00000124333,VAMP7,True,True,2
TLK1,ENSEMBL:ENSG00000198586,TLK1,True,True,3
GCAT,ENSEMBL:ENSG00000100116,GCAT,True,True,4
ENSEMBL:ENSG00000276449,ENSEMBL:ENSG00000276449,,True,False,2
PHLDB2,ENSEMBL:ENSG00000144824,PHLDB2,True,True,2
MFSD6L,ENSEMBL:ENSG00000185156,MFSD6L,False,True,1
SEMA6B,ENSEMBL:ENSG00000167680,SEMA6B,True,True,5
AEBP2,ENSEMBL:ENSG00000139154,AEBP2,True,True,2
DHX8,ENSEMBL:ENSG00000067596,DHX8,True,False,2
PTAR1,ENSEMBL:ENSG00000188647,PTAR1,True,False,2
MSH4,ENSEMBL:ENSG00000057468,MSH4,True,False,1
NBPF3,ENSEMBL:ENSG00000142794,NBPF3,True,False,1
PCGF3,ENSEMBL:ENSG00000185619,PCGF3,True,True,2
SLC35A1,ENSEMBL:ENSG00000164414,SLC35A1,False,True,1
DGUOK,ENSEMBL:ENSG00000114956,DGUOK,False,True,2
POU3F1,ENSEMBL:ENSG00000185668,POU3F1,True,False,1
PLEKHA6,ENSEMBL:ENSG00000143850,PLEKHA6,True,True,3
BCDIN3D-AS1,ENSEMBL:ENSG00000258057,BCDIN3D-AS1,True,False,1
PSMC5,ENSEMBL:ENSG00000087191,PSMC5,True,False,1
SMG7-AS1,ENSEMBL:ENSG00000232860,SMG7-AS1,True,False,1
TMEM208,ENSEMBL:ENSG00000168701,TMEM208,True,False,1
COX20,ENSEMBL:ENSG00000203667,COX20,True,True,2
ENSEMBL:ENSG00000228140,ENSEMBL:ENSG00000228140,,True,False,1
SCLY,ENSEMBL:ENSG00000132330,SCLY,True,True,7
ABCA7,ENSEMBL:ENSG00000064687,ABCA7,True,True,2
GALNT1,ENSEMBL:ENSG00000141429,GALNT1,True,True,2
ENSEMBL:ENSG00000284879,ENSEMBL:ENSG00000284879,,True,False,1
RNA5SP149,ENSEMBL:ENSG00000201822,RNA5SP149,True,False,1
TMEM128,ENSEMBL:ENSG00000132406,TMEM128,False,True,1
EP400P1,ENSEMBL:ENSG00000185684,EP400P1,True,False,2
FAM153CP,ENSEMBL:ENSG00000204677,FAM153CP,True,False,1
C2orf74,ENSEMBL:ENSG00000237651,C2orf74,True,True,2
ULK2,ENSEMBL:ENSG00000083290,ULK2,True,True,4
SLC6A20,ENSEMBL:ENSG00000163817,SLC6A20,False,True,2
FSIP2,ENSEMBL:ENSG00000188738,FSIP2,True,False,1
NCF1B,ENSEMBL:ENSG00000182487,NCF1B,True,False,1
IGFBP3,ENSEMBL:ENSG00000146674,IGFBP3,False,True,2
KAT2B,ENSEMBL:ENSG00000114166,KAT2B,True,False,2
GLIS2,ENSEMBL:ENSG00000126603,GLIS2,False,True,2
TRPS1,ENSEMBL:ENSG00000104447,TRPS1,True,True,3
ARHGAP15,ENSEMBL:ENSG00000075884,ARHGAP15,True,True,4
MAMDC2,ENSEMBL:ENSG00000165072,MAMDC2,True,True,3
ZNF611,ENSEMBL:ENSG00000213020,ZNF611,True,False,1
C1QBP,ENSEMBL:ENSG00000108561,C1QBP,True,True,8
SLC39A2,ENSEMBL:ENSG00000165794,SLC39A2,False,True,2
EYA4,ENSEMBL:ENSG00000112319,EYA4,True,True,2
LMF2,ENSEMBL:ENSG00000100258,LMF2,True,True,4
MEGF11,ENSEMBL:ENSG00000157890,MEGF11,False,True,1
FHL5,ENSEMBL:ENSG00000112214,FHL5,False,True,1
DMRT2,ENSEMBL:ENSG00000173253,DMRT2,True,True,3
CYP4X1,ENSEMBL:ENSG00000186377,CYP4X1,True,False,1
UTP15,ENSEMBL:ENSG00000164338,UTP15,True,False,1
COMMD3,ENSEMBL:ENSG00000148444,COMMD3,True,False,1
SELENOO,ENSEMBL:ENSG00000073169,SELENOO,True,False,1
FAM118B,ENSEMBL:ENSG00000197798,FAM118B,True,False,1
GASK1A,ENSEMBL:ENSG00000144649,GASK1A,True,False,2
GCFC2,ENSEMBL:ENSG00000005436,GCFC2,True,True,2
MSMO1,ENSEMBL:ENSG00000052802,MSMO1,True,True,5
ZNF138,ENSEMBL:ENSG00000197008,ZNF138,True,False,1
HSD17B7,ENSEMBL:ENSG00000132196,HSD17B7,True,True,2
MRPL19,ENSEMBL:ENSG00000115364,MRPL19,True,True,2
SRSF9,ENSEMBL:ENSG00000111786,SRSF9,True,True,2
KRT15,ENSEMBL:ENSG00000171346,KRT15,False,True,1
LINC02613,ENSEMBL:ENSG00000231367,LINC02613,True,False,1
MEDAG,ENSEMBL:ENSG00000102802,MEDAG,True,True,3
ICAM2,ENSEMBL:ENSG00000108622,ICAM2,True,True,3
ENSEMBL:ENSG00000280660,ENSEMBL:ENSG00000280660,,True,False,1
MCOLN2,ENSEMBL:ENSG00000153898,MCOLN2,True,True,3
AK9,ENSEMBL:ENSG00000155085,AK9,True,False,1
SIVA1,ENSEMBL:ENSG00000184990,SIVA1,True,True,3
LINC01138,ENSEMBL:ENSG00000274020,LINC01138,True,False,1
ENSEMBL:ENSG00000279407,ENSEMBL:ENSG00000279407,,True,False,1
ASDURF,ENSEMBL:ENSG00000286053,ASDURF,True,False,1
TMED4,ENSEMBL:ENSG00000158604,TMED4,True,True,2
PSMB4,ENSEMBL:ENSG00000159377,PSMB4,True,True,3
SLC25A51,ENSEMBL:ENSG00000122696,SLC25A51,True,False,2
CNTN4,ENSEMBL:ENSG00000144619,CNTN4,False,True,2
CACNB4,ENSEMBL:ENSG00000182389,CACNB4,False,True,3
RNPC3,ENSEMBL:ENSG00000185946,RNPC3,True,True,4
RUVBL2,ENSEMBL:ENSG00000183207,RUVBL2,True,False,1
ENSEMBL:ENSG00000272669,ENSEMBL:ENSG00000272669,,True,False,1
TRPV4,ENSEMBL:ENSG00000111199,TRPV4,False,True,1
TGFBRAP1,ENSEMBL:ENSG00000135966,TGFBRAP1,True,True,2
CRELD1,ENSEMBL:ENSG00000163703,CRELD1,True,False,1
MEAF6,ENSEMBL:ENSG00000163875,MEAF6,True,True,3
SLC25A27,ENSEMBL:ENSG00000153291,SLC25A27,True,False,1
POFUT2,ENSEMBL:ENSG00000186866,POFUT2,True,True,3
MT-RNR1,ENSEMBL:ENSG00000211459,MT-RNR1,True,False,1
DMWD,ENSEMBL:ENSG00000185800,DMWD,True,False,2
AOC1,ENSEMBL:ENSG00000002726,AOC1,False,True,1
ARRB1,ENSEMBL:ENSG00000137486,ARRB1,True,True,4
AARS2,ENSEMBL:ENSG00000124608,AARS2,True,False,2
ADGRB2,ENSEMBL:ENSG00000121753,ADGRB2,True,True,4
SND1,ENSEMBL:ENSG00000197157,SND1,True,True,5
CYB5D2,ENSEMBL:ENSG00000167740,CYB5D2,False,True,1
SMARCB1,ENSEMBL:ENSG00000099956,SMARCB1,True,True,4
DELE1,ENSEMBL:ENSG00000081791,DELE1,False,True,1
EBI3,ENSEMBL:ENSG00000105246,EBI3,True,True,4
RD3L,ENSEMBL:ENSG00000227729,RD3L,False,True,1
FAM161B,ENSEMBL:ENSG00000156050,FAM161B,True,False,1
SUSD1,ENSEMBL:ENSG00000106868,SUSD1,True,False,1
ST8SIA5-DT,ENSEMBL:ENSG00000270112,ST8SIA5-DT,True,False,1
LYRM1,ENSEMBL:ENSG00000102897,LYRM1,False,True,3
C17orf78,ENSEMBL:ENSG00000278505,C17orf78,False,True,1
SNRPG,ENSEMBL:ENSG00000143977,SNRPG,True,True,2
TIMM8B,ENSEMBL:ENSG00000150779,TIMM8B,False,True,5
ABCC3,ENSEMBL:ENSG00000108846,ABCC3,True,True,4
GLIS1,ENSEMBL:ENSG00000174332,GLIS1,False,True,1
CCDC174,ENSEMBL:ENSG00000154781,CCDC174,True,False,2
HAGHL,ENSEMBL:ENSG00000103253,HAGHL,True,False,1
DNASE1,ENSEMBL:ENSG00000213918,DNASE1,True,True,2
OAF,ENSEMBL:ENSG00000184232,OAF,True,True,4
NCS1,ENSEMBL:ENSG00000107130,NCS1,True,True,4
ARMH3,ENSEMBL:ENSG00000120029,ARMH3,True,True,4
DDIAS,ENSEMBL:ENSG00000165490,DDIAS,True,False,1
COMMD5,ENSEMBL:ENSG00000170619,COMMD5,True,False,1
ZNF493,ENSEMBL:ENSG00000196268,ZNF493,True,False,1
EVX2,ENSEMBL:ENSG00000174279,EVX2,False,True,1
PRPF6,ENSEMBL:ENSG00000101161,PRPF6,True,True,2
CABP5,ENSEMBL:ENSG00000105507,CABP5,True,False,1
ENSEMBL:ENSG00000226084,ENSEMBL:ENSG00000226084,,True,False,1
MUTYH,ENSEMBL:ENSG00000132781,MUTYH,True,True,3
PHF20,ENSEMBL:ENSG00000025293,PHF20,True,False,2
NUP88,ENSEMBL:ENSG00000108559,NUP88,True,False,3
STX4,ENSEMBL:ENSG00000103496,STX4,True,False,3
CYGB,ENSEMBL:ENSG00000161544,CYGB,True,True,4
ITGA3,ENSEMBL:ENSG00000005884,ITGA3,True,True,4
SGK2,ENSEMBL:ENSG00000101049,SGK2,False,True,1
FITM1,ENSEMBL:ENSG00000139914,FITM1,False,True,1
PROX1,ENSEMBL:ENSG00000117707,PROX1,True,True,3
MCAM,ENSEMBL:ENSG00000076706,MCAM,True,True,3
TEAD1,ENSEMBL:ENSG00000187079,TEAD1,True,False,1
SLC25A16,ENSEMBL:ENSG00000122912,SLC25A16,True,True,3
RASA4DP,ENSEMBL:ENSG00000233297,RASA4DP,True,False,1
ENSEMBL:ENSG00000274104,ENSEMBL:ENSG00000274104,,True,False,1
ATG9B,ENSEMBL:ENSG00000181652,ATG9B,False,True,4
CRLF3,ENSEMBL:ENSG00000176390,CRLF3,True,False,1
ENSEMBL:ENSG00000282339,ENSEMBL:ENSG00000282339,,True,False,1
ENSEMBL:ENSG00000284672,ENSEMBL:ENSG00000284672,,True,False,1
ANKRD13C,ENSEMBL:ENSG00000118454,ANKRD13C,False,True,2
LIN37,ENSEMBL:ENSG00000267796,LIN37,True,False,1
NAA10,ENSEMBL:ENSG00000102030,NAA10,True,True,2
LINC00649,ENSEMBL:ENSG00000237945,LINC00649,True,False,2
SV2C,ENSEMBL:ENSG00000122012,SV2C,False,True,2
HTRA2,ENSEMBL:ENSG00000115317,HTRA2,False,True,4
FKBP7,ENSEMBL:ENSG00000079150,FKBP7,True,True,2
BSDC1,ENSEMBL:ENSG00000160058,BSDC1,True,True,4
ORC4,ENSEMBL:ENSG00000115947,ORC4,False,True,1
NKIRAS2,ENSEMBL:ENSG00000168256,NKIRAS2,True,True,3
ZER1,ENSEMBL:ENSG00000160445,ZER1,True,True,4
P4HA2,ENSEMBL:ENSG00000072682,P4HA2,False,True,3
TUBGCP5,ENSEMBL:ENSG00000275835,TUBGCP5,True,False,1
SNX13,ENSEMBL:ENSG00000071189,SNX13,True,False,1
WDFY3,ENSEMBL:ENSG00000163625,WDFY3,True,True,2
PCP4L1,ENSEMBL:ENSG00000248485,PCP4L1,False,True,4
CFL1,ENSEMBL:ENSG00000172757,CFL1,True,True,2
FTH1P10,ENSEMBL:ENSG00000223361,FTH1P10,True,False,1
PRDM1,ENSEMBL:ENSG00000057657,PRDM1,True,True,2
NPAS2,ENSEMBL:ENSG00000170485,NPAS2,False,True,2
LURAP1,ENSEMBL:ENSG00000171357,LURAP1,False,True,2
CALCRL,ENSEMBL:ENSG00000064989,CALCRL,False,True,2
INTS14,ENSEMBL:ENSG00000138614,INTS14,True,False,1
HOXA13,ENSEMBL:ENSG00000106031,HOXA13,True,False,1
NAPEPLD,ENSEMBL:ENSG00000161048,NAPEPLD,True,False,1
LINC01786,ENSEMBL:ENSG00000230415,LINC01786,True,False,1
ETFRF1,ENSEMBL:ENSG00000205707,ETFRF1,False,True,1
TUT1,ENSEMBL:ENSG00000149016,TUT1,True,True,3
ENSEMBL:ENSG00000232926,ENSEMBL:ENSG00000232926,,True,False,1
TAF11,ENSEMBL:ENSG00000064995,TAF11,True,False,1
ENSEMBL:ENSG00000285803,ENSEMBL:ENSG00000285803,,True,False,1
TEX52,ENSEMBL:ENSG00000283297,TEX52,True,False,1
MIR503HG,ENSEMBL:ENSG00000223749,MIR503HG,True,False,1
LAMA1,ENSEMBL:ENSG00000101680,LAMA1,False,True,1
ENSEMBL:ENSG00000228506,ENSEMBL:ENSG00000228506,,True,False,1
BMS1P23,ENSEMBL:ENSG00000286156,BMS1P23,True,False,1
SHOC1,ENSEMBL:ENSG00000165181,SHOC1,True,False,1
ENSEMBL:ENSG00000273007,ENSEMBL:ENSG00000273007,,True,False,1
H3P16,ENSEMBL:ENSG00000178458,H3P16,True,False,1
APOC1,ENSEMBL:ENSG00000130208,APOC1,False,True,3
LILRB1,ENSEMBL:ENSG00000104972,LILRB1,True,False,1
VAPB,ENSEMBL:ENSG00000124164,VAPB,True,True,2
DOK1,ENSEMBL:ENSG00000115325,DOK1,False,True,2
ATPSCKMT,ENSEMBL:ENSG00000150756,ATPSCKMT,True,False,1
LAMC2,ENSEMBL:ENSG00000058085,LAMC2,True,True,2
ERAL1,ENSEMBL:ENSG00000132591,ERAL1,True,True,2
EIF1AX,ENSEMBL:ENSG00000173674,EIF1AX,True,True,3
HOXB7,ENSEMBL:ENSG00000260027,HOXB7,False,True,1
FGF16,ENSEMBL:ENSG00000196468,FGF16,False,True,2
NABP2,ENSEMBL:ENSG00000139579,NABP2,True,False,1
CCHCR1,ENSEMBL:ENSG00000204536,CCHCR1,True,True,3
EPS8L2,ENSEMBL:ENSG00000177106,EPS8L2,True,True,4
USP20,ENSEMBL:ENSG00000136878,USP20,True,True,2
SCAMP4,ENSEMBL:ENSG00000227500,SCAMP4,True,True,3
HBZ,ENSEMBL:ENSG00000130656,HBZ,True,False,1
ZNF131,ENSEMBL:ENSG00000172262,ZNF131,True,True,2
CSTF1,ENSEMBL:ENSG00000101138,CSTF1,True,False,1
GTF2H2C,ENSEMBL:ENSG00000183474,GTF2H2C,True,False,2
SCAPER,ENSEMBL:ENSG00000140386,SCAPER,True,True,2
IQCN,ENSEMBL:ENSG00000130518,IQCN,True,False,1
MRRF,ENSEMBL:ENSG00000148187,MRRF,True,True,3
OSER1-DT,ENSEMBL:ENSG00000223891,OSER1-DT,True,False,2
SLC1A6,ENSEMBL:ENSG00000105143,SLC1A6,False,True,2
REEP1,ENSEMBL:ENSG00000068615,REEP1,False,True,2
MBOAT1,ENSEMBL:ENSG00000172197,MBOAT1,True,True,2
KCNK5,ENSEMBL:ENSG00000164626,KCNK5,False,True,1
HNRNPUL2-BSCL2,ENSEMBL:ENSG00000234857,HNRNPUL2-BSCL2,True,False,1
TPO,ENSEMBL:ENSG00000115705,TPO,True,False,1
LTBP1,ENSEMBL:ENSG00000049323,LTBP1,True,True,4
ZNF143,ENSEMBL:ENSG00000166478,ZNF143,True,False,2
PSMB2,ENSEMBL:ENSG00000126067,PSMB2,True,True,3
ZNF496,ENSEMBL:ENSG00000162714,ZNF496,True,False,1
THSD1,ENSEMBL:ENSG00000136114,THSD1,True,True,5
UTP11,ENSEMBL:ENSG00000183520,UTP11,True,True,3
ENSEMBL:ENSG00000267040,ENSEMBL:ENSG00000267040,,True,False,1
BAIAP2-DT,ENSEMBL:ENSG00000226137,BAIAP2-DT,True,False,2
NME3,ENSEMBL:ENSG00000103024,NME3,True,False,2
ERMP1,ENSEMBL:ENSG00000099219,ERMP1,True,True,3
SPRY3,ENSEMBL:ENSG00000168939,SPRY3,True,False,2
MYBBP1A,ENSEMBL:ENSG00000132382,MYBBP1A,True,True,2
ESCO1,ENSEMBL:ENSG00000141446,ESCO1,True,True,2
PLCB4,ENSEMBL:ENSG00000101333,PLCB4,True,True,2
ANGPT1,ENSEMBL:ENSG00000154188,ANGPT1,True,True,3
EXOSC8,ENSEMBL:ENSG00000120699,EXOSC8,True,False,2
PMF1,ENSEMBL:ENSG00000160783,PMF1,True,True,3
ENSEMBL:ENSG00000263370,ENSEMBL:ENSG00000263370,,True,False,1
OVGP1,ENSEMBL:ENSG00000085465,OVGP1,True,False,2
RERG,ENSEMBL:ENSG00000134533,RERG,False,True,2
RIC8A,ENSEMBL:ENSG00000177963,RIC8A,True,True,2
KCNA5,ENSEMBL:ENSG00000130037,KCNA5,False,True,2
TMC8,ENSEMBL:ENSG00000167895,TMC8,True,True,3
AURKAIP1,ENSEMBL:ENSG00000175756,AURKAIP1,True,True,3
GSKIP,ENSEMBL:ENSG00000100744,GSKIP,True,True,2
LGALS16,ENSEMBL:ENSG00000249861,LGALS16,False,True,2
RNASE2,ENSEMBL:ENSG00000169385,RNASE2,True,True,3
PI4K2B,ENSEMBL:ENSG00000038210,PI4K2B,False,True,3
OSBPL1A,ENSEMBL:ENSG00000141447,OSBPL1A,True,True,8
HHIP,ENSEMBL:ENSG00000164161,HHIP,False,True,2
PLS1,ENSEMBL:ENSG00000120756,PLS1,False,True,3
AP4B1,ENSEMBL:ENSG00000134262,AP4B1,True,True,2
PRL,ENSEMBL:ENSG00000172179,PRL,True,True,5
SPON1,ENSEMBL:ENSG00000262655,SPON1,True,True,5
LACTB2-AS1,ENSEMBL:ENSG00000246366,LACTB2-AS1,True,False,1
ELOVL7,ENSEMBL:ENSG00000164181,ELOVL7,True,False,1
ENSEMBL:ENSG00000237950,ENSEMBL:ENSG00000237950,,True,False,1
H2BC5,ENSEMBL:ENSG00000158373,H2BC5,True,False,2
ARHGEF15,ENSEMBL:ENSG00000198844,ARHGEF15,True,True,5
DHX29,ENSEMBL:ENSG00000067248,DHX29,True,True,2
CASP7,ENSEMBL:ENSG00000165806,CASP7,True,True,5
NMU,ENSEMBL:ENSG00000109255,NMU,False,True,1
PPP2R2D,ENSEMBL:ENSG00000175470,PPP2R2D,True,False,2
ENSEMBL:ENSG00000289538,ENSEMBL:ENSG00000289538,,True,False,1
AGR3,ENSEMBL:ENSG00000173467,AGR3,False,True,1
VASN,ENSEMBL:ENSG00000168140,VASN,True,True,5
SUPT5H,ENSEMBL:ENSG00000196235,SUPT5H,True,True,3
C15orf61,ENSEMBL:ENSG00000189227,C15orf61,True,True,3
ENSEMBL:ENSG00000278600,ENSEMBL:ENSG00000278600,,True,False,1
LMF1,ENSEMBL:ENSG00000103227,LMF1,True,False,2
ENSEMBL:ENSG00000286724,ENSEMBL:ENSG00000286724,,True,False,1
MSX2,ENSEMBL:ENSG00000120149,MSX2,False,True,1
AKR7A2,ENSEMBL:ENSG00000053371,AKR7A2,True,True,4
CPLX4,ENSEMBL:ENSG00000166569,CPLX4,False,True,1
COL9A3,ENSEMBL:ENSG00000092758,COL9A3,True,False,1
EIF5A2,ENSEMBL:ENSG00000163577,EIF5A2,False,True,2
IRF6,ENSEMBL:ENSG00000117595,IRF6,True,True,3
PTCHD1,ENSEMBL:ENSG00000165186,PTCHD1,True,False,1
C17orf49,ENSEMBL:ENSG00000258315,C17orf49,True,False,1
TMLHE,ENSEMBL:ENSG00000185973,TMLHE,False,True,1
TMEM170A,ENSEMBL:ENSG00000166822,TMEM170A,True,False,1
FBXL14,ENSEMBL:ENSG00000171823,FBXL14,True,False,1
ZMAT3,ENSEMBL:ENSG00000172667,ZMAT3,True,False,2
ATP2C2,ENSEMBL:ENSG00000064270,ATP2C2,False,True,1
TCAF1P1,ENSEMBL:ENSG00000223459,TCAF1P1,True,False,1
SEC22A,ENSEMBL:ENSG00000121542,SEC22A,True,False,2
MEX3D,ENSEMBL:ENSG00000181588,MEX3D,True,True,3
ZBTB47,ENSEMBL:ENSG00000114853,ZBTB47,True,False,1
SLC17A3,ENSEMBL:ENSG00000124564,SLC17A3,False,True,1
LVRN,ENSEMBL:ENSG00000172901,LVRN,False,True,2
RMND1,ENSEMBL:ENSG00000155906,RMND1,True,True,3
SENP1,ENSEMBL:ENSG00000079387,SENP1,True,True,2
FBXO10,ENSEMBL:ENSG00000147912,FBXO10,True,False,1
PAPSS1,ENSEMBL:ENSG00000138801,PAPSS1,True,True,3
BCL11A,ENSEMBL:ENSG00000119866,BCL11A,True,True,3
BEND3P3,ENSEMBL:ENSG00000278616,BEND3P3,True,False,1
CHST1,ENSEMBL:ENSG00000175264,CHST1,True,True,3
ZNF879,ENSEMBL:ENSG00000234284,ZNF879,True,False,1
WHAMMP2,ENSEMBL:ENSG00000248334,WHAMMP2,True,False,1
ENSEMBL:ENSG00000264772,ENSEMBL:ENSG00000264772,,True,False,1
PAIP1,ENSEMBL:ENSG00000172239,PAIP1,True,True,3
SPTSSB,ENSEMBL:ENSG00000196542,SPTSSB,False,True,2
NOSTRIN,ENSEMBL:ENSG00000163072,NOSTRIN,True,True,3
GOLGB1,ENSEMBL:ENSG00000173230,GOLGB1,True,True,3
XYLT1,ENSEMBL:ENSG00000103489,XYLT1,False,True,1
SH3TC1,ENSEMBL:ENSG00000125089,SH3TC1,True,True,3
CNPY3,ENSEMBL:ENSG00000137161,CNPY3,True,True,3
ENSEMBL:ENSG00000287255,ENSEMBL:ENSG00000287255,,True,False,1
XRCC2,ENSEMBL:ENSG00000196584,XRCC2,True,False,1
NIT2,ENSEMBL:ENSG00000114021,NIT2,True,True,4
TMEM47,ENSEMBL:ENSG00000147027,TMEM47,False,True,1
INO80E,ENSEMBL:ENSG00000169592,INO80E,True,True,3
SLC52A3,ENSEMBL:ENSG00000101276,SLC52A3,True,True,2
GALNT16,ENSEMBL:ENSG00000100626,GALNT16,False,True,3
SFXN2,ENSEMBL:ENSG00000156398,SFXN2,True,True,3
CSTF2T,ENSEMBL:ENSG00000177613,CSTF2T,True,True,2
ENSEMBL:ENSG00000227388,ENSEMBL:ENSG00000227388,,True,False,1
GDF7,ENSEMBL:ENSG00000143869,GDF7,True,True,2
CREB3,ENSEMBL:ENSG00000107175,CREB3,True,False,2
HABP4,ENSEMBL:ENSG00000130956,HABP4,True,True,5
DENR,ENSEMBL:ENSG00000139726,DENR,True,False,1
LHFPL2,ENSEMBL:ENSG00000145685,LHFPL2,False,True,1
RASEF,ENSEMBL:ENSG00000165105,RASEF,False,True,1
TRIM69,ENSEMBL:ENSG00000185880,TRIM69,True,True,3
SNHG20,ENSEMBL:ENSG00000234912,SNHG20,True,False,1
PHC1,ENSEMBL:ENSG00000111752,PHC1,True,True,3
GDF11,ENSEMBL:ENSG00000135414,GDF11,True,True,5
GATA2-AS1,ENSEMBL:ENSG00000244300,GATA2-AS1,True,False,1
STMN1,ENSEMBL:ENSG00000117632,STMN1,True,True,6
ACAD9,ENSEMBL:ENSG00000177646,ACAD9,True,True,4
FARS2,ENSEMBL:ENSG00000145982,FARS2,False,True,3
SLC35A5,ENSEMBL:ENSG00000138459,SLC35A5,True,False,1
ENSEMBL:ENSG00000286231,ENSEMBL:ENSG00000286231,,True,False,1
FBXO27,ENSEMBL:ENSG00000161243,FBXO27,True,False,1
COQ5,ENSEMBL:ENSG00000110871,COQ5,True,True,8
DYNC2H1,ENSEMBL:ENSG00000187240,DYNC2H1,False,True,1
GPC6,ENSEMBL:ENSG00000183098,GPC6,False,True,3
CACNA1S,ENSEMBL:ENSG00000081248,CACNA1S,True,True,3
ZNF846,ENSEMBL:ENSG00000196605,ZNF846,True,False,1
ZNF502,ENSEMBL:ENSG00000196653,ZNF502,True,False,2
ZNF770,ENSEMBL:ENSG00000198146,ZNF770,True,False,2
NLRP10,ENSEMBL:ENSG00000182261,NLRP10,False,True,1
SLC12A7,ENSEMBL:ENSG00000113504,SLC12A7,True,True,6
ENSEMBL:ENSG00000262766,ENSEMBL:ENSG00000262766,,True,False,1
NISCH,ENSEMBL:ENSG00000010322,NISCH,True,True,2
KRBA2,ENSEMBL:ENSG00000184619,KRBA2,True,False,1
CTBS,ENSEMBL:ENSG00000117151,CTBS,True,True,3
TBATA,ENSEMBL:ENSG00000166220,TBATA,False,True,1
STX7,ENSEMBL:ENSG00000079950,STX7,True,True,3
RIOX1,ENSEMBL:ENSG00000170468,RIOX1,False,True,1
SEMA6A-AS1,ENSEMBL:ENSG00000248445,SEMA6A-AS1,True,False,1
RPL7AP6,ENSEMBL:ENSG00000242071,RPL7AP6,True,False,1
MPV17L,ENSEMBL:ENSG00000156968,MPV17L,True,False,1
XCL1,ENSEMBL:ENSG00000143184,XCL1,True,True,2
EIF3I,ENSEMBL:ENSG00000084623,EIF3I,True,True,3
SLC35B1,ENSEMBL:ENSG00000121073,SLC35B1,True,True,2
ENSEMBL:ENSG00000276445,ENSEMBL:ENSG00000276445,,True,False,1
STK11,ENSEMBL:ENSG00000118046,STK11,True,False,1
ENSEMBL:ENSG00000177738,ENSEMBL:ENSG00000177738,,True,False,1
ENSEMBL:ENSG00000267547,ENSEMBL:ENSG00000267547,,True,False,1
KLHL5,ENSEMBL:ENSG00000109790,KLHL5,True,False,2
MIF,ENSEMBL:ENSG00000240972,MIF,True,False,1
C1orf174,ENSEMBL:ENSG00000198912,C1orf174,True,True,3
MITD1,ENSEMBL:ENSG00000158411,MITD1,True,False,1
ENSEMBL:ENSG00000217275,ENSEMBL:ENSG00000217275,,True,False,1
PP2D1,ENSEMBL:ENSG00000183977,PP2D1,False,True,2
FRS3,ENSEMBL:ENSG00000137218,FRS3,True,False,1
EID2,ENSEMBL:ENSG00000176396,EID2,True,False,1
PRPF31,ENSEMBL:ENSG00000105618,PRPF31,True,True,3
DCST1,ENSEMBL:ENSG00000163357,DCST1,False,True,2
ESR1,ENSEMBL:ENSG00000091831,ESR1,False,True,1
ENSEMBL:ENSG00000243004,ENSEMBL:ENSG00000243004,,True,False,1
LHPP,ENSEMBL:ENSG00000107902,LHPP,True,True,4
NRXN3,ENSEMBL:ENSG00000021645,NRXN3,False,True,1
TRAF3IP1,ENSEMBL:ENSG00000204104,TRAF3IP1,True,False,1
BRICD5,ENSEMBL:ENSG00000182685,BRICD5,True,False,1
TAB2,ENSEMBL:ENSG00000055208,TAB2,True,True,3
EBLN3P,ENSEMBL:ENSG00000281649,EBLN3P,True,False,1
EGF,ENSEMBL:ENSG00000138798,EGF,True,True,5
UNC5CL,ENSEMBL:ENSG00000124602,UNC5CL,True,True,2
KLHL17,ENSEMBL:ENSG00000187961,KLHL17,True,False,2
FAAHP1,ENSEMBL:ENSG00000232022,FAAHP1,True,False,1
SURF1,ENSEMBL:ENSG00000148290,SURF1,False,True,3
SMARCC1,ENSEMBL:ENSG00000173473,SMARCC1,False,True,2
PDCL3P4,ENSEMBL:ENSG00000244119,PDCL3P4,True,False,1
SLC27A5,ENSEMBL:ENSG00000083807,SLC27A5,False,True,1
ACOT12,ENSEMBL:ENSG00000172497,ACOT12,False,True,1
WIZ,ENSEMBL:ENSG00000011451,WIZ,True,True,2
TCF23,ENSEMBL:ENSG00000163792,TCF23,False,True,2
FANCF,ENSEMBL:ENSG00000183161,FANCF,True,False,1
CPLX2,ENSEMBL:ENSG00000145920,CPLX2,False,True,3
CAPN8,ENSEMBL:ENSG00000203697,CAPN8,False,True,1
NSUN5P2,ENSEMBL:ENSG00000106133,NSUN5P2,True,False,2
ARMC12,ENSEMBL:ENSG00000157343,ARMC12,False,True,1
TEPSIN,ENSEMBL:ENSG00000167302,TEPSIN,True,True,4
KSR2,ENSEMBL:ENSG00000171435,KSR2,False,True,1
RPS11,ENSEMBL:ENSG00000142534,RPS11,True,False,1
ZNF84,ENSEMBL:ENSG00000198040,ZNF84,True,False,1
HRG,ENSEMBL:ENSG00000113905,HRG,False,True,2
DYNC1H1,ENSEMBL:ENSG00000197102,DYNC1H1,True,True,5
MFN1,ENSEMBL:ENSG00000171109,MFN1,True,True,3
FUT8,ENSEMBL:ENSG00000033170,FUT8,False,True,3
MAP3K9,ENSEMBL:ENSG00000006432,MAP3K9,True,True,2
TSTD1,ENSEMBL:ENSG00000215845,TSTD1,False,True,2
CYP11A1,ENSEMBL:ENSG00000140459,CYP11A1,True,True,2
RIPK4,ENSEMBL:ENSG00000183421,RIPK4,False,True,2
ZPR1,ENSEMBL:ENSG00000109917,ZPR1,True,True,2
HMG20A,ENSEMBL:ENSG00000140382,HMG20A,True,False,1
OPRPN,ENSEMBL:ENSG00000171199,OPRPN,False,True,1
FZD2,ENSEMBL:ENSG00000180340,FZD2,False,True,1
HTRA3,ENSEMBL:ENSG00000170801,HTRA3,True,True,2
PSMA4,ENSEMBL:ENSG00000041357,PSMA4,True,True,4
DRAP1,ENSEMBL:ENSG00000175550,DRAP1,True,True,4
INSC,ENSEMBL:ENSG00000188487,INSC,False,True,1
GEMIN6,ENSEMBL:ENSG00000152147,GEMIN6,True,False,1
PYGB,ENSEMBL:ENSG00000100994,PYGB,True,True,3
CMTM8,ENSEMBL:ENSG00000170293,CMTM8,False,True,3
ANAPC5,ENSEMBL:ENSG00000089053,ANAPC5,True,True,4
RBP1,ENSEMBL:ENSG00000114115,RBP1,True,True,5
SUSD5,ENSEMBL:ENSG00000173705,SUSD5,False,True,1
TYSND1,ENSEMBL:ENSG00000156521,TYSND1,True,False,2
WDR5,ENSEMBL:ENSG00000196363,WDR5,True,False,2
KCNH1,ENSEMBL:ENSG00000143473,KCNH1,False,True,1
ANKRD17,ENSEMBL:ENSG00000132466,ANKRD17,True,True,3
ADCK1,ENSEMBL:ENSG00000063761,ADCK1,True,False,2
TRIM56,ENSEMBL:ENSG00000169871,TRIM56,True,False,1
BTBD1,ENSEMBL:ENSG00000064726,BTBD1,False,True,2
EMC4,ENSEMBL:ENSG00000128463,EMC4,False,True,4
FCRL5,ENSEMBL:ENSG00000143297,FCRL5,True,False,1
NWD2,ENSEMBL:ENSG00000174145,NWD2,False,True,1
CDH3,ENSEMBL:ENSG00000062038,CDH3,True,True,3
TFEC,ENSEMBL:ENSG00000105967,TFEC,True,True,2
SATB2,ENSEMBL:ENSG00000119042,SATB2,True,True,3
DISC1,ENSEMBL:ENSG00000162946,DISC1,True,True,2
MISP3,ENSEMBL:ENSG00000141854,MISP3,False,True,2
RAPGEF1,ENSEMBL:ENSG00000107263,RAPGEF1,True,True,4
ENSEMBL:ENSG00000272836,ENSEMBL:ENSG00000272836,,True,False,1
GTF3C4,ENSEMBL:ENSG00000125484,GTF3C4,True,False,2
MTCO2P2,ENSEMBL:ENSG00000267541,MTCO2P2,True,False,1
CXCL1,ENSEMBL:ENSG00000163739,CXCL1,True,True,4
IL17A,ENSEMBL:ENSG00000112115,IL17A,False,True,5
CLVS2,ENSEMBL:ENSG00000146352,CLVS2,True,False,1
BAX,ENSEMBL:ENSG00000087088,BAX,True,False,1
SPP1,ENSEMBL:ENSG00000118785,SPP1,False,True,3
ANKRD36B,ENSEMBL:ENSG00000196912,ANKRD36B,True,False,1
CHRM2,ENSEMBL:ENSG00000181072,CHRM2,False,True,2
BAIAP2,ENSEMBL:ENSG00000175866,BAIAP2,True,True,4
ITGA11,ENSEMBL:ENSG00000137809,ITGA11,False,True,2
SASH1,ENSEMBL:ENSG00000111961,SASH1,True,True,6
CMTM1,ENSEMBL:ENSG00000089505,CMTM1,True,True,2
MTBP,ENSEMBL:ENSG00000172167,MTBP,True,False,1
NETO2,ENSEMBL:ENSG00000171208,NETO2,False,True,1
NFU1,ENSEMBL:ENSG00000169599,NFU1,False,True,2
NTAN1,ENSEMBL:ENSG00000157045,NTAN1,True,True,4
TMEM204,ENSEMBL:ENSG00000131634,TMEM204,True,True,3
ARHGEF26,ENSEMBL:ENSG00000114790,ARHGEF26,False,True,2
KDM1B,ENSEMBL:ENSG00000165097,KDM1B,True,True,4
CYFIP1,ENSEMBL:ENSG00000273749,CYFIP1,True,True,4
SRP72,ENSEMBL:ENSG00000174780,SRP72,True,False,2
ARMH1,ENSEMBL:ENSG00000198520,ARMH1,True,False,1
MAML1,ENSEMBL:ENSG00000161021,MAML1,True,True,3
RPL32P18,ENSEMBL:ENSG00000146677,RPL32P18,True,False,1
SUDS3,ENSEMBL:ENSG00000111707,SUDS3,True,True,6
ZNF436-AS1,ENSEMBL:ENSG00000249087,ZNF436-AS1,True,False,1
ESRP1,ENSEMBL:ENSG00000104413,ESRP1,False,True,1
ARIH1,ENSEMBL:ENSG00000166233,ARIH1,True,True,3
H2AB2,ENSEMBL:ENSG00000277858,H2AB2,True,False,1
PLAAT1,ENSEMBL:ENSG00000127252,PLAAT1,False,True,2
GIPC1,ENSEMBL:ENSG00000123159,GIPC1,True,True,4
ZHX2,ENSEMBL:ENSG00000178764,ZHX2,True,False,2
PCSK2,ENSEMBL:ENSG00000125851,PCSK2,False,True,1
MPG,ENSEMBL:ENSG00000103152,MPG,True,True,3
ARFRP1,ENSEMBL:ENSG00000101246,ARFRP1,True,False,2
CRTC3,ENSEMBL:ENSG00000140577,CRTC3,True,True,2
MFSD14A,ENSEMBL:ENSG00000156875,MFSD14A,True,True,2
PLAC9,ENSEMBL:ENSG00000189129,PLAC9,False,True,2
CFHR4,ENSEMBL:ENSG00000134365,CFHR4,False,True,1
SREBF2,ENSEMBL:ENSG00000198911,SREBF2,True,True,4
GSDMB,ENSEMBL:ENSG00000073605,GSDMB,True,False,2
TPM1-AS,ENSEMBL:ENSG00000259498,TPM1-AS,True,False,2
NONO,ENSEMBL:ENSG00000147140,NONO,True,False,1
SLC4A3,ENSEMBL:ENSG00000114923,SLC4A3,False,True,2
RTN4RL2,ENSEMBL:ENSG00000186907,RTN4RL2,True,True,2
TMEM141,ENSEMBL:ENSG00000244187,TMEM141,True,True,2
FAM238C,ENSEMBL:ENSG00000283709,FAM238C,True,False,1
JAKMIP1,ENSEMBL:ENSG00000152969,JAKMIP1,True,True,2
DEK,ENSEMBL:ENSG00000124795,DEK,True,True,4
ENSEMBL:ENSG00000287168,ENSEMBL:ENSG00000287168,,True,False,1
MT-TA,ENSEMBL:ENSG00000210127,MT-TA,True,False,1
GIGYF1,ENSEMBL:ENSG00000146830,GIGYF1,False,True,2
FKTN,ENSEMBL:ENSG00000106692,FKTN,True,False,2
ENSEMBL:ENSG00000279423,ENSEMBL:ENSG00000279423,,True,False,1
WDR6,ENSEMBL:ENSG00000178252,WDR6,True,True,5
KRR1,ENSEMBL:ENSG00000111615,KRR1,True,False,1
PSMD3,ENSEMBL:ENSG00000108344,PSMD3,False,True,1
CYP1B1,ENSEMBL:ENSG00000138061,CYP1B1,True,True,3
TPMT,ENSEMBL:ENSG00000137364,TPMT,True,True,6
LINC01409,ENSEMBL:ENSG00000237491,LINC01409,True,False,2
LY96,ENSEMBL:ENSG00000154589,LY96,True,False,1
LRBA,ENSEMBL:ENSG00000198589,LRBA,True,True,4
ENSEMBL:ENSG00000273824,ENSEMBL:ENSG00000273824,,True,False,1
SLC6A2,ENSEMBL:ENSG00000103546,SLC6A2,False,True,2
SETD3,ENSEMBL:ENSG00000183576,SETD3,True,True,2
FAM111A,ENSEMBL:ENSG00000166801,FAM111A,True,True,4
SETBP1,ENSEMBL:ENSG00000152217,SETBP1,True,True,4
SDF2,ENSEMBL:ENSG00000132581,SDF2,True,True,3
ENSEMBL:ENSG00000283189,ENSEMBL:ENSG00000283189,,True,False,1
LRRC28,ENSEMBL:ENSG00000168904,LRRC28,True,False,1
NAIF1,ENSEMBL:ENSG00000171169,NAIF1,True,False,1
GOLGA8O,ENSEMBL:ENSG00000206127,GOLGA8O,True,False,1
SELENOF,ENSEMBL:ENSG00000183291,SELENOF,False,True,1
WDR74,ENSEMBL:ENSG00000133316,WDR74,True,False,1
MCTP1,ENSEMBL:ENSG00000175471,MCTP1,True,False,1
KIAA1671-AS1,ENSEMBL:ENSG00000203280,KIAA1671-AS1,True,False,1
CDC42BPB,ENSEMBL:ENSG00000198752,CDC42BPB,True,True,5
TFDP1,ENSEMBL:ENSG00000198176,TFDP1,True,True,2
DERA,ENSEMBL:ENSG00000023697,DERA,False,True,2
ENSEMBL:ENSG00000288953,ENSEMBL:ENSG00000288953,,True,False,1
DOK4,ENSEMBL:ENSG00000125170,DOK4,True,True,3
VSNL1,ENSEMBL:ENSG00000163032,VSNL1,False,True,2
ZMYND11,ENSEMBL:ENSG00000015171,ZMYND11,True,True,3
MRPL20,ENSEMBL:ENSG00000242485,MRPL20,True,True,3
EVPL,ENSEMBL:ENSG00000167880,EVPL,False,True,5
NOM1,ENSEMBL:ENSG00000146909,NOM1,True,False,2
WASH6P,ENSEMBL:ENSG00000182484,WASH6P,True,False,2
NUDT6,ENSEMBL:ENSG00000170917,NUDT6,True,False,1
CCDC146,ENSEMBL:ENSG00000135205,CCDC146,True,True,2
POLRMT,ENSEMBL:ENSG00000099821,POLRMT,True,True,2
SSNA1,ENSEMBL:ENSG00000176101,SSNA1,True,True,3
HNRNPD,ENSEMBL:ENSG00000138668,HNRNPD,True,True,5
ARL13B,ENSEMBL:ENSG00000169379,ARL13B,True,False,1
FOXP3,ENSEMBL:ENSG00000049768,FOXP3,True,True,3
PRR11,ENSEMBL:ENSG00000068489,PRR11,True,False,2
WASH3P,ENSEMBL:ENSG00000185596,WASH3P,True,False,2
SLC2A14,ENSEMBL:ENSG00000173262,SLC2A14,True,False,1
P3H1,ENSEMBL:ENSG00000117385,P3H1,True,True,2
KCTD5,ENSEMBL:ENSG00000167977,KCTD5,False,True,3
DENND2A,ENSEMBL:ENSG00000146966,DENND2A,False,True,2
ADD1,ENSEMBL:ENSG00000087274,ADD1,True,True,5
ENSEMBL:ENSG00000273151,ENSEMBL:ENSG00000273151,,True,False,1
IFITM1,ENSEMBL:ENSG00000185885,IFITM1,True,False,1
ROCK1P1,ENSEMBL:ENSG00000263006,ROCK1P1,True,False,1
GBP4,ENSEMBL:ENSG00000162654,GBP4,True,False,2
GAS2L2,ENSEMBL:ENSG00000270765,GAS2L2,True,False,1
CPAMD8,ENSEMBL:ENSG00000160111,CPAMD8,True,True,2
MARK1,ENSEMBL:ENSG00000116141,MARK1,True,False,2
RAMAC,ENSEMBL:ENSG00000169612,RAMAC,True,False,2
ZG16,ENSEMBL:ENSG00000174992,ZG16,False,True,1
B3GALT5,ENSEMBL:ENSG00000183778,B3GALT5,True,True,2
DDX46,ENSEMBL:ENSG00000145833,DDX46,False,True,1
CALCA,ENSEMBL:ENSG00000110680,CALCA,True,False,1
PLGRKT,ENSEMBL:ENSG00000107020,PLGRKT,True,False,1
TSPAN1,ENSEMBL:ENSG00000117472,TSPAN1,False,True,2
CFAP57,ENSEMBL:ENSG00000243710,CFAP57,False,True,1
MGC16275,ENSEMBL:ENSG00000246731,MGC16275,True,False,1
ZNF254,ENSEMBL:ENSG00000213096,ZNF254,True,False,1
PDGFC,ENSEMBL:ENSG00000145431,PDGFC,True,True,2
DLG2,ENSEMBL:ENSG00000150672,DLG2,True,False,1
CERS6,ENSEMBL:ENSG00000172292,CERS6,True,True,2
ENSEMBL:ENSG00000276422,ENSEMBL:ENSG00000276422,,True,False,1
PPP1R11,ENSEMBL:ENSG00000204619,PPP1R11,True,False,1
ASH1L,ENSEMBL:ENSG00000116539,ASH1L,True,True,3
ZNRF1,ENSEMBL:ENSG00000186187,ZNRF1,True,False,2
MRPS18C,ENSEMBL:ENSG00000163319,MRPS18C,True,True,2
CDK12,ENSEMBL:ENSG00000167258,CDK12,True,False,3
PLSCR1,ENSEMBL:ENSG00000188313,PLSCR1,True,True,5
RDH11,ENSEMBL:ENSG00000072042,RDH11,True,True,3
ENSEMBL:ENSG00000259972,ENSEMBL:ENSG00000259972,,True,False,2
ADGRF2,ENSEMBL:ENSG00000164393,ADGRF2,True,False,1
ENSEMBL:ENSG00000263489,ENSEMBL:ENSG00000263489,,True,False,1
MDGA2,ENSEMBL:ENSG00000139915,MDGA2,False,True,1
PLVAP,ENSEMBL:ENSG00000130300,PLVAP,True,True,6
SNRPF,ENSEMBL:ENSG00000139343,SNRPF,True,False,2
MRPL45,ENSEMBL:ENSG00000277936,MRPL45,False,True,2
SNX6,ENSEMBL:ENSG00000129515,SNX6,True,False,2
EMC6,ENSEMBL:ENSG00000127774,EMC6,True,True,4
GABPB1,ENSEMBL:ENSG00000104064,GABPB1,True,False,1
NR1I3,ENSEMBL:ENSG00000143257,NR1I3,True,True,2
FRMD4B,ENSEMBL:ENSG00000114541,FRMD4B,True,True,4
MIR4453HG,ENSEMBL:ENSG00000268471,MIR4453HG,True,False,1
ENSEMBL:ENSG00000276570,ENSEMBL:ENSG00000276570,,True,False,1
ASCC3,ENSEMBL:ENSG00000112249,ASCC3,True,True,3
MUS81,ENSEMBL:ENSG00000172732,MUS81,True,False,2
WNT5B,ENSEMBL:ENSG00000111186,WNT5B,True,True,2
SELENOW,ENSEMBL:ENSG00000178980,SELENOW,True,True,3
ZYG11B,ENSEMBL:ENSG00000162378,ZYG11B,True,True,4
ARFGEF1,ENSEMBL:ENSG00000066777,ARFGEF1,True,True,3
PALM,ENSEMBL:ENSG00000099864,PALM,False,True,4
ORM2,ENSEMBL:ENSG00000228278,ORM2,True,False,1
CAMK1D,ENSEMBL:ENSG00000183049,CAMK1D,True,True,2
S100A13,ENSEMBL:ENSG00000189171,S100A13,True,False,1
NOC2LP1,ENSEMBL:ENSG00000213225,NOC2LP1,True,False,1
SAE1,ENSEMBL:ENSG00000142230,SAE1,True,True,8
DCAF12L1,ENSEMBL:ENSG00000198889,DCAF12L1,False,True,1
ZNF566-AS1,ENSEMBL:ENSG00000267309,ZNF566-AS1,True,False,1
TATDN2,ENSEMBL:ENSG00000157014,TATDN2,True,True,3
PNOC,ENSEMBL:ENSG00000168081,PNOC,True,True,4
BPNT2,ENSEMBL:ENSG00000104331,BPNT2,True,True,2
C6orf132,ENSEMBL:ENSG00000188112,C6orf132,False,True,2
MCOLN1,ENSEMBL:ENSG00000090674,MCOLN1,True,True,3
TDRKH,ENSEMBL:ENSG00000182134,TDRKH,False,True,2
ZNF837,ENSEMBL:ENSG00000152475,ZNF837,True,False,1
BDNF,ENSEMBL:ENSG00000176697,BDNF,False,True,5
DCLK1,ENSEMBL:ENSG00000133083,DCLK1,True,True,5
LRRC2-AS1,ENSEMBL:ENSG00000268324,LRRC2-AS1,True,False,1
LRRC39,ENSEMBL:ENSG00000122477,LRRC39,False,True,2
ZNF444,ENSEMBL:ENSG00000167685,ZNF444,True,True,3
FAM163A,ENSEMBL:ENSG00000143340,FAM163A,False,True,2
TRIM5,ENSEMBL:ENSG00000132256,TRIM5,True,True,2
GGNBP2,ENSEMBL:ENSG00000278311,GGNBP2,True,True,4
NPTXR,ENSEMBL:ENSG00000221890,NPTXR,True,True,2
GALK1,ENSEMBL:ENSG00000108479,GALK1,True,True,2
YTHDF2,ENSEMBL:ENSG00000198492,YTHDF2,True,True,2
NOD2,ENSEMBL:ENSG00000167207,NOD2,True,False,1
C2CD4C,ENSEMBL:ENSG00000183186,C2CD4C,True,True,2
TNS2,ENSEMBL:ENSG00000111077,TNS2,True,True,5
CD248,ENSEMBL:ENSG00000174807,CD248,True,True,4
LARS2,ENSEMBL:ENSG00000011376,LARS2,True,True,2
CYP2R1,ENSEMBL:ENSG00000186104,CYP2R1,True,False,1
MINAR1,ENSEMBL:ENSG00000169330,MINAR1,True,False,1
KLF3,ENSEMBL:ENSG00000109787,KLF3,True,True,3
SLBP,ENSEMBL:ENSG00000163950,SLBP,True,True,3
GPX2,ENSEMBL:ENSG00000176153,GPX2,False,True,3
MIIP,ENSEMBL:ENSG00000116691,MIIP,True,False,1
ENSEMBL:ENSG00000235296,ENSEMBL:ENSG00000235296,,True,False,1
URB1,ENSEMBL:ENSG00000142207,URB1,True,True,3
GIPC2,ENSEMBL:ENSG00000137960,GIPC2,True,True,2
DNAJA2,ENSEMBL:ENSG00000069345,DNAJA2,True,True,4
PDE4C,ENSEMBL:ENSG00000105650,PDE4C,False,True,2
CD300C,ENSEMBL:ENSG00000167850,CD300C,True,False,1
COG4,ENSEMBL:ENSG00000103051,COG4,True,True,2
ENSEMBL:ENSG00000285534,ENSEMBL:ENSG00000285534,,True,False,1
ENPP3,ENSEMBL:ENSG00000154269,ENPP3,False,True,3
POC1B,ENSEMBL:ENSG00000139323,POC1B,True,True,5
CDH17,ENSEMBL:ENSG00000079112,CDH17,False,True,2
GULP1,ENSEMBL:ENSG00000144366,GULP1,True,True,4
ENSEMBL:ENSG00000267364,ENSEMBL:ENSG00000267364,,True,False,2
ELMO2,ENSEMBL:ENSG00000062598,ELMO2,True,True,5
ENSEMBL:ENSG00000271420,ENSEMBL:ENSG00000271420,,True,False,1
SYNRG|ENSG00000274047,ENSEMBL:ENSG00000274047,SYNRG,True,False,1
RPL4P4,ENSEMBL:ENSG00000229638,RPL4P4,True,False,2
ZNF232,ENSEMBL:ENSG00000167840,ZNF232,True,False,1
SUPV3L1,ENSEMBL:ENSG00000156502,SUPV3L1,True,True,4
USP51,ENSEMBL:ENSG00000247746,USP51,True,False,1
CYB5B,ENSEMBL:ENSG00000103018,CYB5B,True,True,4
ATP9A,ENSEMBL:ENSG00000054793,ATP9A,True,True,3
INTS6L,ENSEMBL:ENSG00000165359,INTS6L,True,True,2
MVB12A,ENSEMBL:ENSG00000141971,MVB12A,True,True,2
DIRC3,ENSEMBL:ENSG00000231672,DIRC3,True,False,1
TOX4,ENSEMBL:ENSG00000092203,TOX4,True,False,1
DROSHA,ENSEMBL:ENSG00000113360,DROSHA,True,True,3
GNL1,ENSEMBL:ENSG00000204590,GNL1,True,False,1
CD2AP,ENSEMBL:ENSG00000198087,CD2AP,True,True,2
PRRG2,ENSEMBL:ENSG00000126460,PRRG2,False,True,2
DCTD,ENSEMBL:ENSG00000129187,DCTD,True,False,2
CXCL8,ENSEMBL:ENSG00000169429,CXCL8,True,False,1
NCK1,ENSEMBL:ENSG00000158092,NCK1,True,True,2
FLYWCH2,ENSEMBL:ENSG00000162076,FLYWCH2,True,False,1
SNRNP25,ENSEMBL:ENSG00000161981,SNRNP25,True,False,1
ENSEMBL:ENSG00000227896,ENSEMBL:ENSG00000227896,,True,False,1
SMPD4BP,ENSEMBL:ENSG00000152117,SMPD4BP,True,False,1
TTK,ENSEMBL:ENSG00000112742,TTK,False,True,2
FICD,ENSEMBL:ENSG00000198855,FICD,True,False,2
PTGES3L,ENSEMBL:ENSG00000267060,PTGES3L,False,True,1
LAMTOR3,ENSEMBL:ENSG00000109270,LAMTOR3,True,False,1
MRPS28,ENSEMBL:ENSG00000147586,MRPS28,True,False,1
PEX5L,ENSEMBL:ENSG00000114757,PEX5L,True,False,1
TCERG1,ENSEMBL:ENSG00000113649,TCERG1,True,True,4
PSMC3,ENSEMBL:ENSG00000165916,PSMC3,True,True,4
STXBP5-AS1,ENSEMBL:ENSG00000233452,STXBP5-AS1,True,False,1
NT5C3B,ENSEMBL:ENSG00000141698,NT5C3B,True,True,3
ZZZ3,ENSEMBL:ENSG00000036549,ZZZ3,True,True,2
STX1A,ENSEMBL:ENSG00000106089,STX1A,True,False,2
EIF2B5,ENSEMBL:ENSG00000145191,EIF2B5,True,True,3
LINC02348,ENSEMBL:ENSG00000286733,LINC02348,True,False,1
S100A16,ENSEMBL:ENSG00000188643,S100A16,False,True,2
HPS3,ENSEMBL:ENSG00000163755,HPS3,True,False,2
ERCC6,ENSEMBL:ENSG00000225830,ERCC6,True,True,2
NMRAL1,ENSEMBL:ENSG00000153406,NMRAL1,True,True,2
SHROOM2,ENSEMBL:ENSG00000146950,SHROOM2,False,True,3
ARHGAP36,ENSEMBL:ENSG00000147256,ARHGAP36,True,True,2
MRPL10,ENSEMBL:ENSG00000159111,MRPL10,True,True,2
SAR1B,ENSEMBL:ENSG00000152700,SAR1B,False,True,1
DNAJC27,ENSEMBL:ENSG00000115137,DNAJC27,True,False,1
EXOC3L4,ENSEMBL:ENSG00000205436,EXOC3L4,False,True,1
PRR35,ENSEMBL:ENSG00000161992,PRR35,False,True,2
SEC24D,ENSEMBL:ENSG00000150961,SEC24D,True,True,6
TCEAL9,ENSEMBL:ENSG00000185222,TCEAL9,False,True,3
SEL1L,ENSEMBL:ENSG00000071537,SEL1L,True,True,3
TREX1,ENSEMBL:ENSG00000213689,TREX1,False,True,1
FKBP10,ENSEMBL:ENSG00000141756,FKBP10,True,True,3
MCOLN3,ENSEMBL:ENSG00000055732,MCOLN3,False,True,1
A1CF,ENSEMBL:ENSG00000148584,A1CF,False,True,1
GSTM5,ENSEMBL:ENSG00000134201,GSTM5,True,False,1
SHD,ENSEMBL:ENSG00000105251,SHD,True,True,3
LINC02608,ENSEMBL:ENSG00000226251,LINC02608,True,False,1
INAFM2,ENSEMBL:ENSG00000259330,INAFM2,True,False,1
POLR2K,ENSEMBL:ENSG00000147669,POLR2K,False,True,1
ENSEMBL:ENSG00000282051,ENSEMBL:ENSG00000282051,,True,False,1
STXBP4,ENSEMBL:ENSG00000166263,STXBP4,True,False,1
MC2R,ENSEMBL:ENSG00000185231,MC2R,False,True,1
SNIP1,ENSEMBL:ENSG00000163877,SNIP1,True,True,3
RHBDD1,ENSEMBL:ENSG00000144468,RHBDD1,True,False,1
NRTN,ENSEMBL:ENSG00000171119,NRTN,False,True,2
LAP3,ENSEMBL:ENSG00000002549,LAP3,False,True,1
SAFB2,ENSEMBL:ENSG00000130254,SAFB2,True,False,1
ZNF580,ENSEMBL:ENSG00000213015,ZNF580,True,False,1
RIMBP3C,ENSEMBL:ENSG00000183246,RIMBP3C,True,True,3
CFI,ENSEMBL:ENSG00000205403,CFI,False,True,3
BRMS1,ENSEMBL:ENSG00000174744,BRMS1,True,True,3
CACNA2D1,ENSEMBL:ENSG00000153956,CACNA2D1,False,True,4
ZNF875,ENSEMBL:ENSG00000181666,ZNF875,True,False,1
URM1,ENSEMBL:ENSG00000167118,URM1,True,False,2
MMACHC,ENSEMBL:ENSG00000132763,MMACHC,True,True,4
CHMP5,ENSEMBL:ENSG00000086065,CHMP5,True,True,2
THG1L,ENSEMBL:ENSG00000113272,THG1L,True,False,1
ZNF302,ENSEMBL:ENSG00000089335,ZNF302,True,False,2
PPP1R35,ENSEMBL:ENSG00000160813,PPP1R35,True,True,3
FOXD2,ENSEMBL:ENSG00000186564,FOXD2,False,True,2
CTHRC1,ENSEMBL:ENSG00000164932,CTHRC1,True,False,1
ANXA5,ENSEMBL:ENSG00000164111,ANXA5,True,True,3
PARGP1,ENSEMBL:ENSG00000239883,PARGP1,True,False,1
ENSEMBL:ENSG00000223804,ENSEMBL:ENSG00000223804,,True,False,1
ARHGAP27P1-BPTFP1-KPNA2P3,ENSEMBL:ENSG00000215769,ARHGAP27P1-BPTFP1-KPNA2P3,True,False,1
PLSCR3,ENSEMBL:ENSG00000187838,PLSCR3,True,False,1
PRMT3,ENSEMBL:ENSG00000185238,PRMT3,True,True,2
ENSEMBL:ENSG00000278737,ENSEMBL:ENSG00000278737,,True,False,1
INTS4P1,ENSEMBL:ENSG00000164669,INTS4P1,True,False,1
KCNQ1OT1,ENSEMBL:ENSG00000269821,KCNQ1OT1,True,False,1
FLT4,ENSEMBL:ENSG00000037280,FLT4,True,True,5
ENSEMBL:ENSG00000255197,ENSEMBL:ENSG00000255197,,True,False,2
STK16,ENSEMBL:ENSG00000115661,STK16,True,True,3
PCDHGA12,ENSEMBL:ENSG00000253159,PCDHGA12,True,False,1
RETREG1-AS1,ENSEMBL:ENSG00000246214,RETREG1-AS1,True,False,1
RPL3L,ENSEMBL:ENSG00000140986,RPL3L,False,True,1
EPM2A,ENSEMBL:ENSG00000112425,EPM2A,False,True,1
MSS51,ENSEMBL:ENSG00000166343,MSS51,True,False,1
PGP,ENSEMBL:ENSG00000184207,PGP,True,True,5
PIGS,ENSEMBL:ENSG00000087111,PIGS,False,True,1
SPP2,ENSEMBL:ENSG00000072080,SPP2,False,True,1
OLFM1,ENSEMBL:ENSG00000130558,OLFM1,True,True,4
NOG,ENSEMBL:ENSG00000183691,NOG,True,False,2
PIK3R5-DT,ENSEMBL:ENSG00000266389,PIK3R5-DT,True,False,1
HRCT1,ENSEMBL:ENSG00000196196,HRCT1,True,True,2
VCAN,ENSEMBL:ENSG00000038427,VCAN,True,True,4
NCAN,ENSEMBL:ENSG00000130287,NCAN,True,False,1
ZNF480,ENSEMBL:ENSG00000198464,ZNF480,True,False,1
SERPINB5,ENSEMBL:ENSG00000206075,SERPINB5,False,True,1
LILRB5,ENSEMBL:ENSG00000105609,LILRB5,True,False,1
MYO15A,ENSEMBL:ENSG00000091536,MYO15A,True,True,3
ZFAND2B,ENSEMBL:ENSG00000158552,ZFAND2B,True,False,2
H2BC20P,ENSEMBL:ENSG00000261716,H2BC20P,True,False,1
PTBP3,ENSEMBL:ENSG00000119314,PTBP3,True,True,5
RAB11B-AS1,ENSEMBL:ENSG00000269386,RAB11B-AS1,True,False,1
LCMT1,ENSEMBL:ENSG00000205629,LCMT1,True,False,1
MRGPRF,ENSEMBL:ENSG00000172935,MRGPRF,False,True,3
CHRNA3,ENSEMBL:ENSG00000080644,CHRNA3,False,True,2
ENSEMBL:ENSG00000287737,ENSEMBL:ENSG00000287737,,True,False,1
TCEAL7,ENSEMBL:ENSG00000182916,TCEAL7,False,True,1
CSNK2B,ENSEMBL:ENSG00000204435,CSNK2B,False,True,2
PKD2,ENSEMBL:ENSG00000118762,PKD2,False,True,1
UBE2Q1,ENSEMBL:ENSG00000160714,UBE2Q1,True,False,1
AP4E1,ENSEMBL:ENSG00000081014,AP4E1,True,True,2
EIF3K,ENSEMBL:ENSG00000178982,EIF3K,True,True,3
TMEM185B,ENSEMBL:ENSG00000226479,TMEM185B,True,False,2
PSMB8-AS1,ENSEMBL:ENSG00000204261,PSMB8-AS1,True,False,2
NAGLU,ENSEMBL:ENSG00000108784,NAGLU,True,True,3
SLC44A3,ENSEMBL:ENSG00000143036,SLC44A3,False,True,1
BTN2A2,ENSEMBL:ENSG00000124508,BTN2A2,True,True,2
SNORD3A,ENSEMBL:ENSG00000263934,SNORD3A,True,False,1
ACBD3,ENSEMBL:ENSG00000182827,ACBD3,True,False,2
NUDT21,ENSEMBL:ENSG00000167005,NUDT21,False,True,2
ZBTB44,ENSEMBL:ENSG00000196323,ZBTB44,True,False,1
TSACC,ENSEMBL:ENSG00000163467,TSACC,False,True,1
CSTA,ENSEMBL:ENSG00000121552,CSTA,True,False,1
TMEM255A,ENSEMBL:ENSG00000125355,TMEM255A,True,False,1
RGS6,ENSEMBL:ENSG00000182732,RGS6,True,True,3
LINC00996,ENSEMBL:ENSG00000242258,LINC00996,True,False,1
RPL18AP3,ENSEMBL:ENSG00000213442,RPL18AP3,True,False,1
LARP4B,ENSEMBL:ENSG00000107929,LARP4B,True,True,4
FAT1,ENSEMBL:ENSG00000083857,FAT1,False,True,3
ANAPC1P2,ENSEMBL:ENSG00000285793,ANAPC1P2,True,False,2
CNTN6,ENSEMBL:ENSG00000134115,CNTN6,False,True,1
BCL2L11,ENSEMBL:ENSG00000153094,BCL2L11,True,True,5
CERS5,ENSEMBL:ENSG00000139624,CERS5,True,True,2
CCDC160,ENSEMBL:ENSG00000203952,CCDC160,True,True,3
ZNRD2,ENSEMBL:ENSG00000173465,ZNRD2,True,False,1
MTF1,ENSEMBL:ENSG00000188786,MTF1,True,False,2
SDS,ENSEMBL:ENSG00000135094,SDS,False,True,1
CSNK2A2,ENSEMBL:ENSG00000070770,CSNK2A2,True,False,1
SLC5A8,ENSEMBL:ENSG00000256870,SLC5A8,False,True,1
LFNG,ENSEMBL:ENSG00000106003,LFNG,True,True,5
IGSF23,ENSEMBL:ENSG00000216588,IGSF23,False,True,1
TDRD1,ENSEMBL:ENSG00000095627,TDRD1,False,True,2
ENSEMBL:ENSG00000286912,ENSEMBL:ENSG00000286912,,True,False,1
RGPD8,ENSEMBL:ENSG00000169629,RGPD8,True,False,1
ALKBH7,ENSEMBL:ENSG00000125652,ALKBH7,False,True,2
GALM,ENSEMBL:ENSG00000143891,GALM,True,True,3
UROC1,ENSEMBL:ENSG00000159650,UROC1,False,True,1
AIFM2,ENSEMBL:ENSG00000042286,AIFM2,False,True,3
SMIM32,ENSEMBL:ENSG00000271824,SMIM32,True,False,1
HACD3,ENSEMBL:ENSG00000074696,HACD3,True,True,2
PCED1A,ENSEMBL:ENSG00000132635,PCED1A,True,True,2
BLOC1S1,ENSEMBL:ENSG00000135441,BLOC1S1,False,True,2
MRPS18B,ENSEMBL:ENSG00000204568,MRPS18B,True,True,3
DHX40,ENSEMBL:ENSG00000108406,DHX40,True,True,4
STAMBP,ENSEMBL:ENSG00000124356,STAMBP,True,False,1
GIGYF2,ENSEMBL:ENSG00000204120,GIGYF2,True,True,3
POLR3B,ENSEMBL:ENSG00000013503,POLR3B,True,True,2
FAM167A,ENSEMBL:ENSG00000154319,FAM167A,False,True,3
ENSEMBL:ENSG00000260335,ENSEMBL:ENSG00000260335,,True,False,1
ZNF584,ENSEMBL:ENSG00000171574,ZNF584,True,False,1
NIPAL3,ENSEMBL:ENSG00000001461,NIPAL3,True,True,5
LYST,ENSEMBL:ENSG00000143669,LYST,True,False,3
TAX1BP3,ENSEMBL:ENSG00000213977,TAX1BP3,True,True,3
CHRD,ENSEMBL:ENSG00000090539,CHRD,False,True,1
PRPF40B,ENSEMBL:ENSG00000110844,PRPF40B,True,False,1
ZNF35,ENSEMBL:ENSG00000169981,ZNF35,True,False,1
TMEM135,ENSEMBL:ENSG00000166575,TMEM135,True,True,2
NRROS,ENSEMBL:ENSG00000174004,NRROS,True,True,6
ASGR2,ENSEMBL:ENSG00000161944,ASGR2,False,True,3
U2AF2,ENSEMBL:ENSG00000063244,U2AF2,True,True,3
MC1R,ENSEMBL:ENSG00000258839,MC1R,True,False,1
PROZ,ENSEMBL:ENSG00000126231,PROZ,False,True,1
SLC49A3,ENSEMBL:ENSG00000169026,SLC49A3,True,True,2
VPS33B,ENSEMBL:ENSG00000184056,VPS33B,True,False,2
RBFA,ENSEMBL:ENSG00000101546,RBFA,False,True,4
ENSEMBL:ENSG00000276007,ENSEMBL:ENSG00000276007,,True,False,1
MRPS34,ENSEMBL:ENSG00000074071,MRPS34,True,True,5
SLC13A2,ENSEMBL:ENSG00000007216,SLC13A2,False,True,1
ARHGAP28,ENSEMBL:ENSG00000088756,ARHGAP28,True,True,2
ZC3H7A,ENSEMBL:ENSG00000122299,ZC3H7A,True,True,3
LIN54,ENSEMBL:ENSG00000189308,LIN54,True,True,3
IFI27L1,ENSEMBL:ENSG00000165948,IFI27L1,True,False,1
MPDZ,ENSEMBL:ENSG00000107186,MPDZ,True,True,3
KCND3,ENSEMBL:ENSG00000171385,KCND3,True,True,4
KCNJ3,ENSEMBL:ENSG00000162989,KCNJ3,True,False,1
CLDN9,ENSEMBL:ENSG00000213937,CLDN9,True,False,2
GTF3C2,ENSEMBL:ENSG00000115207,GTF3C2,True,True,4
AADAC,ENSEMBL:ENSG00000114771,AADAC,False,True,3
PFDN5,ENSEMBL:ENSG00000123349,PFDN5,True,False,2
C11orf80,ENSEMBL:ENSG00000173715,C11orf80,True,False,1
CEP131,ENSEMBL:ENSG00000141577,CEP131,True,True,3
CFAP20,ENSEMBL:ENSG00000070761,CFAP20,True,False,1
NELFCD,ENSEMBL:ENSG00000101158,NELFCD,True,False,2
TRIM46,ENSEMBL:ENSG00000163462,TRIM46,False,True,2
PRMT6,ENSEMBL:ENSG00000198890,PRMT6,True,True,3
FAM13B,ENSEMBL:ENSG00000031003,FAM13B,True,True,3
LINC00431,ENSEMBL:ENSG00000225760,LINC00431,True,False,1
MTHFD1L,ENSEMBL:ENSG00000120254,MTHFD1L,True,False,1
F10,ENSEMBL:ENSG00000126218,F10,False,True,2
FAR2,ENSEMBL:ENSG00000064763,FAR2,True,True,3
CTBP1-DT,ENSEMBL:ENSG00000196810,CTBP1-DT,True,False,1
CCDC39|ENSG00000145075,ENSEMBL:ENSG00000145075,CCDC39,True,False,1
LRRC26,ENSEMBL:ENSG00000184709,LRRC26,True,True,2
SOS1,ENSEMBL:ENSG00000115904,SOS1,True,True,3
MSH3,ENSEMBL:ENSG00000113318,MSH3,False,True,1
ZNF789,ENSEMBL:ENSG00000198556,ZNF789,True,False,2
GAP43,ENSEMBL:ENSG00000172020,GAP43,False,True,1
PIR,ENSEMBL:ENSG00000087842,PIR,True,True,4
PHF14,ENSEMBL:ENSG00000106443,PHF14,True,False,1
PI15,ENSEMBL:ENSG00000137558,PI15,False,True,2
NCF1C,ENSEMBL:ENSG00000165178,NCF1C,True,False,1
KCTD13,ENSEMBL:ENSG00000174943,KCTD13,True,False,1
RAPH1,ENSEMBL:ENSG00000173166,RAPH1,False,True,2
MYNN,ENSEMBL:ENSG00000085274,MYNN,True,True,2
GATAD1,ENSEMBL:ENSG00000157259,GATAD1,True,False,1
XAF1,ENSEMBL:ENSG00000132530,XAF1,False,True,3
AP1G2,ENSEMBL:ENSG00000213983,AP1G2,True,True,3
PEDS1,ENSEMBL:ENSG00000240849,PEDS1,True,True,3
RAB24,ENSEMBL:ENSG00000169228,RAB24,True,False,2
SIGLEC8,ENSEMBL:ENSG00000105366,SIGLEC8,True,False,1
CCDC88A,ENSEMBL:ENSG00000115355,CCDC88A,True,True,3
HGF,ENSEMBL:ENSG00000019991,HGF,True,True,2
KIF2C,ENSEMBL:ENSG00000142945,KIF2C,False,True,3
ENSEMBL:ENSG00000268555,ENSEMBL:ENSG00000268555,,True,False,2
CCDC125,ENSEMBL:ENSG00000183323,CCDC125,True,False,1
FLJ40194,ENSEMBL:ENSG00000177369,FLJ40194,True,False,1
PHF11,ENSEMBL:ENSG00000136147,PHF11,False,True,2
DNTTIP2,ENSEMBL:ENSG00000067334,DNTTIP2,True,True,2
TRHDE-AS1,ENSEMBL:ENSG00000236333,TRHDE-AS1,True,False,1
BATF3,ENSEMBL:ENSG00000123685,BATF3,False,True,1
TFB1M,ENSEMBL:ENSG00000029639,TFB1M,True,False,1
FAM124A,ENSEMBL:ENSG00000150510,FAM124A,False,True,1
NCAPG2,ENSEMBL:ENSG00000146918,NCAPG2,True,True,2
RGS1,ENSEMBL:ENSG00000090104,RGS1,True,True,2
BAIAP2L1,ENSEMBL:ENSG00000006453,BAIAP2L1,True,True,2
SHROOM3,ENSEMBL:ENSG00000138771,SHROOM3,False,True,2
NPTX1,ENSEMBL:ENSG00000171246,NPTX1,True,False,2
ROR2,ENSEMBL:ENSG00000169071,ROR2,False,True,1
DTX2,ENSEMBL:ENSG00000091073,DTX2,True,True,3
ZBTB45,ENSEMBL:ENSG00000119574,ZBTB45,True,True,2
VPS33A,ENSEMBL:ENSG00000139719,VPS33A,True,True,3
EMC1,ENSEMBL:ENSG00000127463,EMC1,True,True,2
NCOA1,ENSEMBL:ENSG00000084676,NCOA1,True,True,3
ELOVL2,ENSEMBL:ENSG00000197977,ELOVL2,False,True,2
ENSEMBL:ENSG00000234750,ENSEMBL:ENSG00000234750,,True,False,1
DHFR2,ENSEMBL:ENSG00000178700,DHFR2,True,False,2
LIPA,ENSEMBL:ENSG00000107798,LIPA,True,True,4
AFTPH,ENSEMBL:ENSG00000119844,AFTPH,True,True,2
MEIS3,ENSEMBL:ENSG00000105419,MEIS3,True,True,3
ILKAP,ENSEMBL:ENSG00000132323,ILKAP,True,False,1
MGP,ENSEMBL:ENSG00000111341,MGP,False,True,2
EDN3,ENSEMBL:ENSG00000124205,EDN3,False,True,2
ENSEMBL:ENSG00000262160,ENSEMBL:ENSG00000262160,,True,False,2
ATP12A,ENSEMBL:ENSG00000075673,ATP12A,False,True,1
GIPR,ENSEMBL:ENSG00000010310,GIPR,True,True,3
TNKS,ENSEMBL:ENSG00000173273,TNKS,False,True,1
STRBP,ENSEMBL:ENSG00000165209,STRBP,True,True,3
NBEAL1,ENSEMBL:ENSG00000144426,NBEAL1,True,True,4
DPF3,ENSEMBL:ENSG00000205683,DPF3,True,True,2
MPDU1,ENSEMBL:ENSG00000129255,MPDU1,True,True,4
FMR1,ENSEMBL:ENSG00000102081,FMR1,True,True,2
ZNF782,ENSEMBL:ENSG00000196597,ZNF782,True,False,1
MOB2,ENSEMBL:ENSG00000182208,MOB2,True,False,2
INS-IGF2,ENSEMBL:ENSG00000129965,INS-IGF2,False,True,4
TSHB,ENSEMBL:ENSG00000134200,TSHB,True,True,4
PRSS43P,ENSEMBL:ENSG00000286651,PRSS43P,True,False,1
CTNNB1,ENSEMBL:ENSG00000168036,CTNNB1,True,True,4
ATP2C1,ENSEMBL:ENSG00000017260,ATP2C1,True,False,1
RABEPK,ENSEMBL:ENSG00000136933,RABEPK,True,True,4
ENSEMBL:ENSG00000280852,ENSEMBL:ENSG00000280852,,True,False,1
SYF2,ENSEMBL:ENSG00000117614,SYF2,True,True,3
AIM2,ENSEMBL:ENSG00000163568,AIM2,True,False,1
GNPNAT1,ENSEMBL:ENSG00000100522,GNPNAT1,False,True,1
LSM4,ENSEMBL:ENSG00000130520,LSM4,True,True,2
DYRK4,ENSEMBL:ENSG00000010219,DYRK4,True,False,2
SENP7,ENSEMBL:ENSG00000138468,SENP7,True,False,2
SNRPC,ENSEMBL:ENSG00000124562,SNRPC,False,True,3
APOL2,ENSEMBL:ENSG00000128335,APOL2,True,False,2
NKAPD1,ENSEMBL:ENSG00000150776,NKAPD1,True,True,2
GATD3B,ENSEMBL:ENSG00000280071,GATD3B,True,False,1
RNU4-2,ENSEMBL:ENSG00000202538,RNU4-2,True,False,1
ENKD1,ENSEMBL:ENSG00000124074,ENKD1,True,False,1
TFB2M,ENSEMBL:ENSG00000162851,TFB2M,False,True,2
TMEM150B,ENSEMBL:ENSG00000180061,TMEM150B,False,True,2
WARS2,ENSEMBL:ENSG00000116874,WARS2,False,True,2
H2BC19P,ENSEMBL:ENSG00000220323,H2BC19P,True,False,1
PMVK,ENSEMBL:ENSG00000163344,PMVK,True,True,3
GSK3A,ENSEMBL:ENSG00000105723,GSK3A,True,True,3
LPXN,ENSEMBL:ENSG00000110031,LPXN,False,True,3
CTF1,ENSEMBL:ENSG00000150281,CTF1,True,True,2
EMC2,ENSEMBL:ENSG00000104412,EMC2,False,True,1
PRTFDC1,ENSEMBL:ENSG00000099256,PRTFDC1,False,True,2
AWAT2,ENSEMBL:ENSG00000147160,AWAT2,False,True,1
TMEM44,ENSEMBL:ENSG00000145014,TMEM44,True,True,2
SORCS1,ENSEMBL:ENSG00000108018,SORCS1,True,True,2
ENSEMBL:ENSG00000288871,ENSEMBL:ENSG00000288871,,True,False,1
ENSEMBL:ENSG00000258728,ENSEMBL:ENSG00000258728,,True,False,1
MAN2A1,ENSEMBL:ENSG00000112893,MAN2A1,True,True,4
A1BG-AS1,ENSEMBL:ENSG00000268895,A1BG-AS1,True,False,1
ALAD,ENSEMBL:ENSG00000148218,ALAD,False,True,3
TSPYL2,ENSEMBL:ENSG00000184205,TSPYL2,True,True,3
BLOC1S5,ENSEMBL:ENSG00000188428,BLOC1S5,True,True,3
GREM1|ENSG00000276886,ENSEMBL:ENSG00000276886,GREM1,False,True,1
SATB2-AS1,ENSEMBL:ENSG00000225953,SATB2-AS1,True,False,1
CTNNBL1,ENSEMBL:ENSG00000132792,CTNNBL1,True,True,2
MYOCD,ENSEMBL:ENSG00000141052,MYOCD,False,True,2
CIDECP1,ENSEMBL:ENSG00000186162,CIDECP1,True,False,1
PUM2,ENSEMBL:ENSG00000055917,PUM2,True,False,1
CBLB,ENSEMBL:ENSG00000114423,CBLB,True,True,6
ENSEMBL:ENSG00000261101,ENSEMBL:ENSG00000261101,,True,False,1
FAM3B,ENSEMBL:ENSG00000183844,FAM3B,False,True,2
UEVLD,ENSEMBL:ENSG00000151116,UEVLD,False,True,2
MATN4,ENSEMBL:ENSG00000124159,MATN4,False,True,2
COG5,ENSEMBL:ENSG00000164597,COG5,True,False,1
CACHD1,ENSEMBL:ENSG00000158966,CACHD1,True,True,2
SLC25A24,ENSEMBL:ENSG00000085491,SLC25A24,True,True,4
KICS2,ENSEMBL:ENSG00000174206,KICS2,True,False,1
UBOX5,ENSEMBL:ENSG00000185019,UBOX5,True,False,1
SLC35B4,ENSEMBL:ENSG00000205060,SLC35B4,True,False,2
CASP9,ENSEMBL:ENSG00000132906,CASP9,True,False,1
NTN4,ENSEMBL:ENSG00000074527,NTN4,False,True,2
CDHR1,ENSEMBL:ENSG00000148600,CDHR1,True,True,3
PARP16,ENSEMBL:ENSG00000138617,PARP16,True,True,3
GDI2,ENSEMBL:ENSG00000057608,GDI2,True,True,4
LINC01036,ENSEMBL:ENSG00000230426,LINC01036,True,False,1
PDE4DIP,ENSEMBL:ENSG00000178104,PDE4DIP,True,True,3
EML5,ENSEMBL:ENSG00000165521,EML5,False,True,2
UPK3BL1,ENSEMBL:ENSG00000267368,UPK3BL1,True,False,1
ZFAND2A,ENSEMBL:ENSG00000178381,ZFAND2A,False,True,3
CFAP73,ENSEMBL:ENSG00000186710,CFAP73,False,True,1
PRPF39,ENSEMBL:ENSG00000185246,PRPF39,True,False,1
GPM6A,ENSEMBL:ENSG00000150625,GPM6A,False,True,3
MTCO2P12,ENSEMBL:ENSG00000229344,MTCO2P12,True,False,1
NGLY1,ENSEMBL:ENSG00000151092,NGLY1,False,True,2
CNBD2,ENSEMBL:ENSG00000149646,CNBD2,True,False,1
YIPF6,ENSEMBL:ENSG00000181704,YIPF6,True,True,2
ZMIZ2,ENSEMBL:ENSG00000122515,ZMIZ2,False,True,3
YY1AP1,ENSEMBL:ENSG00000163374,YY1AP1,True,False,2
STAT5A,ENSEMBL:ENSG00000126561,STAT5A,True,True,3
DAAM1,ENSEMBL:ENSG00000100592,DAAM1,True,False,1
PRDM11,ENSEMBL:ENSG00000019485,PRDM11,True,False,1
VPS52|ENSG00000206286,ENSEMBL:ENSG00000206286,VPS52,False,True,2
ST18,ENSEMBL:ENSG00000147488,ST18,False,True,1
ARHGEF34P,ENSEMBL:ENSG00000204959,ARHGEF34P,True,False,1
HDAC8,ENSEMBL:ENSG00000147099,HDAC8,True,True,2
CFAP298,ENSEMBL:ENSG00000159079,CFAP298,False,True,1
TLL2,ENSEMBL:ENSG00000095587,TLL2,True,False,1
SNRPA1,ENSEMBL:ENSG00000131876,SNRPA1,True,False,2
ENSEMBL:ENSG00000287958,ENSEMBL:ENSG00000287958,,True,False,1
ZNF710-AS1,ENSEMBL:ENSG00000259291,ZNF710-AS1,True,False,1
PEX12,ENSEMBL:ENSG00000108733,PEX12,False,True,1
STYXL1,ENSEMBL:ENSG00000127952,STYXL1,True,False,1
ENSEMBL:ENSG00000272077,ENSEMBL:ENSG00000272077,,True,False,1
OVCA2,ENSEMBL:ENSG00000262664,OVCA2,True,False,2
TRMT44,ENSEMBL:ENSG00000155275,TRMT44,True,False,2
OPCML,ENSEMBL:ENSG00000183715,OPCML,False,True,2
NUDT16L1,ENSEMBL:ENSG00000168101,NUDT16L1,True,False,2
COX14,ENSEMBL:ENSG00000178449,COX14,False,True,1
EPO,ENSEMBL:ENSG00000130427,EPO,False,True,2
LUC7L,ENSEMBL:ENSG00000007392,LUC7L,True,True,3
DKK4,ENSEMBL:ENSG00000104371,DKK4,True,False,1
PRDM10,ENSEMBL:ENSG00000170325,PRDM10,True,True,2
CARNS1,ENSEMBL:ENSG00000172508,CARNS1,True,True,3
TAP2,ENSEMBL:ENSG00000204267,TAP2,True,True,2
MED21,ENSEMBL:ENSG00000152944,MED21,False,True,1
PRDM15,ENSEMBL:ENSG00000141956,PRDM15,True,False,1
TTC31,ENSEMBL:ENSG00000115282,TTC31,True,False,2
ENSEMBL:ENSG00000287299,ENSEMBL:ENSG00000287299,,True,False,1
TMEM125,ENSEMBL:ENSG00000179178,TMEM125,False,True,2
PTPRN,ENSEMBL:ENSG00000054356,PTPRN,False,True,3
PRSS45P,ENSEMBL:ENSG00000188086,PRSS45P,True,False,1
SYCP3,ENSEMBL:ENSG00000139351,SYCP3,False,True,1
MSI2,ENSEMBL:ENSG00000153944,MSI2,True,True,4
STAG3L2,ENSEMBL:ENSG00000277072,STAG3L2,True,False,1
SLC7A11,ENSEMBL:ENSG00000151012,SLC7A11,False,True,1
CHRNA2,ENSEMBL:ENSG00000120903,CHRNA2,False,True,1
CNOT8,ENSEMBL:ENSG00000155508,CNOT8,True,False,1
THSD7A,ENSEMBL:ENSG00000005108,THSD7A,True,True,2
ADCY1,ENSEMBL:ENSG00000164742,ADCY1,True,True,4
MAD2L2,ENSEMBL:ENSG00000116670,MAD2L2,True,False,1
ZBTB24,ENSEMBL:ENSG00000112365,ZBTB24,True,False,1
CEP70,ENSEMBL:ENSG00000114107,CEP70,True,True,4
L1TD1,ENSEMBL:ENSG00000240563,L1TD1,True,False,1
CLEC4G,ENSEMBL:ENSG00000182566,CLEC4G,True,False,1
DLGAP1-AS1,ENSEMBL:ENSG00000177337,DLGAP1-AS1,True,False,2
HAS2,ENSEMBL:ENSG00000170961,HAS2,False,True,1
EOLA2,ENSEMBL:ENSG00000197021,EOLA2,False,True,1
TADA1,ENSEMBL:ENSG00000152382,TADA1,True,False,1
HCG4B,ENSEMBL:ENSG00000227262,HCG4B,True,False,1
OBSCN-AS1,ENSEMBL:ENSG00000162913,OBSCN-AS1,True,False,1
CDKAL1,ENSEMBL:ENSG00000145996,CDKAL1,True,False,2
PID1,ENSEMBL:ENSG00000153823,PID1,True,False,2
SEZ6L2,ENSEMBL:ENSG00000174938,SEZ6L2,False,True,3
RAB8A,ENSEMBL:ENSG00000167461,RAB8A,True,False,2
HEBP1,ENSEMBL:ENSG00000013583,HEBP1,True,False,1
F11,ENSEMBL:ENSG00000088926,F11,False,True,1
SMYD2,ENSEMBL:ENSG00000143499,SMYD2,False,True,1
SMARCA5-AS1,ENSEMBL:ENSG00000245112,SMARCA5-AS1,True,False,1
ZMYND12,ENSEMBL:ENSG00000066185,ZMYND12,True,False,1
TRMT1,ENSEMBL:ENSG00000104907,TRMT1,True,False,1
EDAR,ENSEMBL:ENSG00000135960,EDAR,True,False,1
TOX,ENSEMBL:ENSG00000198846,TOX,True,True,2
PGGHG,ENSEMBL:ENSG00000142102,PGGHG,False,True,1
H1-1,ENSEMBL:ENSG00000124610,H1-1,False,True,1
DNAJC27-AS1,ENSEMBL:ENSG00000224165,DNAJC27-AS1,True,False,1
KIF4A,ENSEMBL:ENSG00000090889,KIF4A,False,True,1
TTC21A,ENSEMBL:ENSG00000168026,TTC21A,True,False,1
TICAM2-AS1,ENSEMBL:ENSG00000249249,TICAM2-AS1,True,False,1
ENSEMBL:ENSG00000266086,ENSEMBL:ENSG00000266086,,True,False,1
HDAC2,ENSEMBL:ENSG00000196591,HDAC2,True,True,2
EPOR,ENSEMBL:ENSG00000187266,EPOR,True,True,2
HLF,ENSEMBL:ENSG00000108924,HLF,True,True,3
AMH,ENSEMBL:ENSG00000104899,AMH,True,False,1
ARHGEF39,ENSEMBL:ENSG00000137135,ARHGEF39,False,True,2
WDR18,ENSEMBL:ENSG00000065268,WDR18,True,True,2
TMEM147-AS1,ENSEMBL:ENSG00000236144,TMEM147-AS1,True,False,1
TMEM179B,ENSEMBL:ENSG00000185475,TMEM179B,True,False,1
SLC38A11,ENSEMBL:ENSG00000169507,SLC38A11,True,True,2
CLSPN,ENSEMBL:ENSG00000092853,CLSPN,False,True,4
SMIM38,ENSEMBL:ENSG00000284713,SMIM38,True,True,2
SLC24A1,ENSEMBL:ENSG00000074621,SLC24A1,True,True,2
KLF16,ENSEMBL:ENSG00000129911,KLF16,True,False,1
PTPRN2,ENSEMBL:ENSG00000155093,PTPRN2,True,True,3
PFAS,ENSEMBL:ENSG00000178921,PFAS,True,True,3
INHBB,ENSEMBL:ENSG00000163083,INHBB,True,False,2
NCDN,ENSEMBL:ENSG00000020129,NCDN,True,True,3
FABP6,ENSEMBL:ENSG00000170231,FABP6,False,True,2
YIPF7,ENSEMBL:ENSG00000177752,YIPF7,True,False,1
NEK2,ENSEMBL:ENSG00000117650,NEK2,False,True,2
NEK8,ENSEMBL:ENSG00000160602,NEK8,False,True,1
ZNF701,ENSEMBL:ENSG00000167562,ZNF701,True,False,2
ODF2L,ENSEMBL:ENSG00000122417,ODF2L,True,False,1
KLHL28,ENSEMBL:ENSG00000179454,KLHL28,True,True,3
B3GLCT,ENSEMBL:ENSG00000187676,B3GLCT,True,True,3
TBX5,ENSEMBL:ENSG00000089225,TBX5,False,True,1
ACAD8,ENSEMBL:ENSG00000151498,ACAD8,False,True,1
FADS3,ENSEMBL:ENSG00000221968,FADS3,True,True,2
ENSEMBL:ENSG00000272070,ENSEMBL:ENSG00000272070,,True,False,1
CYP2D6,ENSEMBL:ENSG00000100197,CYP2D6,False,True,1
ENSEMBL:ENSG00000279605,ENSEMBL:ENSG00000279605,,True,False,1
TMEM38A,ENSEMBL:ENSG00000072954,TMEM38A,False,True,1
TBC1D22A,ENSEMBL:ENSG00000054611,TBC1D22A,True,True,2
AP1M2,ENSEMBL:ENSG00000129354,AP1M2,False,True,1
ZNF706,ENSEMBL:ENSG00000120963,ZNF706,True,True,2
FANCD2,ENSEMBL:ENSG00000144554,FANCD2,False,True,1
POLE3,ENSEMBL:ENSG00000148229,POLE3,False,True,1
JMJD4,ENSEMBL:ENSG00000081692,JMJD4,True,True,2
MTIF3,ENSEMBL:ENSG00000122033,MTIF3,True,True,2
PEX11G,ENSEMBL:ENSG00000104883,PEX11G,True,False,1
CCDC8,ENSEMBL:ENSG00000169515,CCDC8,False,True,5
ACSL3,ENSEMBL:ENSG00000123983,ACSL3,True,True,2
MAP1LC3B2,ENSEMBL:ENSG00000258102,MAP1LC3B2,True,False,2
CORO7,ENSEMBL:ENSG00000262246,CORO7,True,True,4
RN7SL5P,ENSEMBL:ENSG00000265735,RN7SL5P,True,False,1
CATSPER1,ENSEMBL:ENSG00000175294,CATSPER1,True,False,1
GAS5,ENSEMBL:ENSG00000234741,GAS5,True,False,2
KLLN,ENSEMBL:ENSG00000227268,KLLN,True,False,1
ADA2,ENSEMBL:ENSG00000093072,ADA2,True,False,1
DGKI,ENSEMBL:ENSG00000157680,DGKI,False,True,1
NFE2L1-DT,ENSEMBL:ENSG00000263412,NFE2L1-DT,True,False,1
GCNT3,ENSEMBL:ENSG00000140297,GCNT3,False,True,1
THUMPD3,ENSEMBL:ENSG00000134077,THUMPD3,True,True,3
TNNC1,ENSEMBL:ENSG00000114854,TNNC1,True,True,4
CENPF,ENSEMBL:ENSG00000117724,CENPF,False,True,4
ENSEMBL:ENSG00000261819,ENSEMBL:ENSG00000261819,,True,False,2
NUAK1,ENSEMBL:ENSG00000074590,NUAK1,True,True,6
RPS3AP6,ENSEMBL:ENSG00000234797,RPS3AP6,True,False,1
TMEM229A,ENSEMBL:ENSG00000234224,TMEM229A,False,True,2
TMPRSS9,ENSEMBL:ENSG00000178297,TMPRSS9,True,False,1
RTCA,ENSEMBL:ENSG00000137996,RTCA,False,True,1
APLN,ENSEMBL:ENSG00000171388,APLN,True,True,2
DIP2A,ENSEMBL:ENSG00000160305,DIP2A,True,True,2
STARD13,ENSEMBL:ENSG00000133121,STARD13,False,True,2
SIGLEC7,ENSEMBL:ENSG00000168995,SIGLEC7,True,False,1
ENSEMBL:ENSG00000253115,ENSEMBL:ENSG00000253115,,True,False,1
ROBO1,ENSEMBL:ENSG00000169855,ROBO1,True,True,2
ENSEMBL:ENSG00000252690,ENSEMBL:ENSG00000252690,,True,False,1
TRAC,ENSEMBL:ENSG00000277734,TRAC,True,False,1
ENSEMBL:ENSG00000278931,ENSEMBL:ENSG00000278931,,True,False,1
MKLN1,ENSEMBL:ENSG00000128585,MKLN1,True,True,3
THNSL1,ENSEMBL:ENSG00000185875,THNSL1,True,False,1
TWIST2,ENSEMBL:ENSG00000233608,TWIST2,False,True,1
POLR2C,ENSEMBL:ENSG00000102978,POLR2C,True,False,2
H1-5,ENSEMBL:ENSG00000184357,H1-5,True,False,1
PRPH,ENSEMBL:ENSG00000135406,PRPH,False,True,2
EFNB1,ENSEMBL:ENSG00000090776,EFNB1,False,True,3
ANAPC13,ENSEMBL:ENSG00000129055,ANAPC13,True,True,3
CCNT1,ENSEMBL:ENSG00000129315,CCNT1,True,False,1
ADCY10P1,ENSEMBL:ENSG00000161912,ADCY10P1,True,False,1
NDUFB2-AS1,ENSEMBL:ENSG00000240889,NDUFB2-AS1,True,False,1
NOXRED1,ENSEMBL:ENSG00000165555,NOXRED1,False,True,1
ZBTB25,ENSEMBL:ENSG00000089775,ZBTB25,True,True,2
TNFSF12,ENSEMBL:ENSG00000239697,TNFSF12,True,True,4
GABPB1-IT1,ENSEMBL:ENSG00000285410,GABPB1-IT1,True,False,1
LY6H,ENSEMBL:ENSG00000176956,LY6H,False,True,1
A4GALT,ENSEMBL:ENSG00000128274,A4GALT,False,True,1
ANKRD13D,ENSEMBL:ENSG00000172932,ANKRD13D,True,True,2
SLC1A4,ENSEMBL:ENSG00000115902,SLC1A4,True,True,4
ZNF836,ENSEMBL:ENSG00000196267,ZNF836,True,False,1
INSIG2,ENSEMBL:ENSG00000125629,INSIG2,True,True,2
CEBPZOS,ENSEMBL:ENSG00000218739,CEBPZOS,True,False,2
LINCMD1,ENSEMBL:ENSG00000225613,LINCMD1,True,False,1
ANKRD10-IT1,ENSEMBL:ENSG00000229152,ANKRD10-IT1,True,False,1
TPRA1,ENSEMBL:ENSG00000163870,TPRA1,False,True,2
OSTC,ENSEMBL:ENSG00000198856,OSTC,False,True,2
TCN2,ENSEMBL:ENSG00000185339,TCN2,False,True,4
NEBL,ENSEMBL:ENSG00000078114,NEBL,True,True,2
ENSEMBL:ENSG00000265690,ENSEMBL:ENSG00000265690,,True,False,1
POLR2A|ENSG00000284832,ENSEMBL:ENSG00000284832,POLR2A,False,True,2
RAD51AP1,ENSEMBL:ENSG00000111247,RAD51AP1,True,True,2
TRANK1,ENSEMBL:ENSG00000168016,TRANK1,True,True,2
ABL2,ENSEMBL:ENSG00000143322,ABL2,True,False,2
RPSAP58,ENSEMBL:ENSG00000288920,RPSAP58,True,False,1
CMTM5,ENSEMBL:ENSG00000166091,CMTM5,True,False,1
SPEF1,ENSEMBL:ENSG00000101222,SPEF1,False,True,2
PSMB3,ENSEMBL:ENSG00000277791,PSMB3,False,True,1
MAP4K5,ENSEMBL:ENSG00000012983,MAP4K5,True,True,4
PPP2R3A,ENSEMBL:ENSG00000073711,PPP2R3A,True,True,2
DHRSX,ENSEMBL:ENSG00000169084,DHRSX,True,False,1
PPM1M,ENSEMBL:ENSG00000164088,PPM1M,True,True,2
PER3,ENSEMBL:ENSG00000049246,PER3,True,True,4
ENSEMBL:ENSG00000273472,ENSEMBL:ENSG00000273472,,True,False,1
KLK6,ENSEMBL:ENSG00000167755,KLK6,True,True,2
VIT,ENSEMBL:ENSG00000205221,VIT,True,True,2
ZSCAN22,ENSEMBL:ENSG00000182318,ZSCAN22,True,True,2
LINC02574,ENSEMBL:ENSG00000233975,LINC02574,True,False,1
PLXNA4,ENSEMBL:ENSG00000221866,PLXNA4,True,False,1
ENSEMBL:ENSG00000267940,ENSEMBL:ENSG00000267940,,True,False,1
LSM10,ENSEMBL:ENSG00000181817,LSM10,True,False,1
NUP205,ENSEMBL:ENSG00000155561,NUP205,True,True,3
COLGALT1,ENSEMBL:ENSG00000130309,COLGALT1,True,False,2
ACYP2,ENSEMBL:ENSG00000170634,ACYP2,False,True,2
PMM1,ENSEMBL:ENSG00000100417,PMM1,False,True,3
CCL4L2,ENSEMBL:ENSG00000276070,CCL4L2,True,False,1
LINC01451,ENSEMBL:ENSG00000279141,LINC01451,True,False,1
CCDC60,ENSEMBL:ENSG00000183273,CCDC60,False,True,1
C16orf87,ENSEMBL:ENSG00000155330,C16orf87,True,False,1
LDOC1,ENSEMBL:ENSG00000182195,LDOC1,False,True,1
ENSEMBL:ENSG00000279227,ENSEMBL:ENSG00000279227,,True,False,1
RPS26P8,ENSEMBL:ENSG00000204652,RPS26P8,True,False,1
SLC6A19,ENSEMBL:ENSG00000174358,SLC6A19,False,True,1
ENSEMBL:ENSG00000279196,ENSEMBL:ENSG00000279196,,True,False,1
KLHL15,ENSEMBL:ENSG00000174010,KLHL15,True,False,1
CCL25,ENSEMBL:ENSG00000131142,CCL25,False,True,1
RANGRF,ENSEMBL:ENSG00000108961,RANGRF,True,True,3
MRGPRG,ENSEMBL:ENSG00000182170,MRGPRG,False,True,1
PRODH2,ENSEMBL:ENSG00000250799,PRODH2,False,True,1
DDX47,ENSEMBL:ENSG00000213782,DDX47,True,False,1
SRPRB,ENSEMBL:ENSG00000144867,SRPRB,True,False,2
ENSEMBL:ENSG00000173727,ENSEMBL:ENSG00000173727,,True,False,1
HYI,ENSEMBL:ENSG00000178922,HYI,True,True,2
CHMP2B,ENSEMBL:ENSG00000083937,CHMP2B,True,True,3
NAXD,ENSEMBL:ENSG00000213995,NAXD,True,True,3
PTPRG,ENSEMBL:ENSG00000144724,PTPRG,False,True,3
CRYGA,ENSEMBL:ENSG00000168582,CRYGA,False,True,1
SCN5A,ENSEMBL:ENSG00000183873,SCN5A,True,True,3
AMZ1,ENSEMBL:ENSG00000174945,AMZ1,False,True,1
IKZF5,ENSEMBL:ENSG00000095574,IKZF5,True,True,3
TM4SF18,ENSEMBL:ENSG00000163762,TM4SF18,True,False,1
TMCO6,ENSEMBL:ENSG00000113119,TMCO6,True,False,1
CWC22,ENSEMBL:ENSG00000163510,CWC22,True,False,3
TXNDC12,ENSEMBL:ENSG00000117862,TXNDC12,True,False,2
MIPOL1,ENSEMBL:ENSG00000151338,MIPOL1,True,False,1
TCAIM,ENSEMBL:ENSG00000179152,TCAIM,True,True,4
PTPN13,ENSEMBL:ENSG00000163629,PTPN13,False,True,2
LINC02009,ENSEMBL:ENSG00000283646,LINC02009,True,False,1
BMERB1,ENSEMBL:ENSG00000166780,BMERB1,False,True,1
FAM169B,ENSEMBL:ENSG00000283597,FAM169B,False,True,1
MPHOSPH8,ENSEMBL:ENSG00000196199,MPHOSPH8,True,True,6
ZFAND4,ENSEMBL:ENSG00000172671,ZFAND4,True,False,2
DLL4,ENSEMBL:ENSG00000128917,DLL4,True,True,3
ICOS,ENSEMBL:ENSG00000163600,ICOS,False,True,3
PAOX,ENSEMBL:ENSG00000148832,PAOX,False,True,2
LRRC23,ENSEMBL:ENSG00000010626,LRRC23,False,True,1
LURAP1L,ENSEMBL:ENSG00000153714,LURAP1L,False,True,1
SLC30A9,ENSEMBL:ENSG00000014824,SLC30A9,False,True,1
MYO1C,ENSEMBL:ENSG00000197879,MYO1C,True,True,4
C9orf64,ENSEMBL:ENSG00000165118,C9orf64,True,True,2
HNRNPLL,ENSEMBL:ENSG00000143889,HNRNPLL,True,True,3
C3orf35,ENSEMBL:ENSG00000198590,C3orf35,True,False,1
BARD1,ENSEMBL:ENSG00000138376,BARD1,True,False,1
MED19,ENSEMBL:ENSG00000156603,MED19,True,True,2
GBA,ENSEMBL:ENSG00000177628,GBA,True,True,6
KCNJ5,ENSEMBL:ENSG00000120457,KCNJ5,False,True,2
FAM91A1,ENSEMBL:ENSG00000176853,FAM91A1,True,True,2
ENSEMBL:ENSG00000234287,ENSEMBL:ENSG00000234287,,True,False,1
UVRAG,ENSEMBL:ENSG00000198382,UVRAG,True,True,3
NSD2,ENSEMBL:ENSG00000109685,NSD2,True,False,2
DNM1,ENSEMBL:ENSG00000106976,DNM1,False,True,2
RPL23AP7,ENSEMBL:ENSG00000240356,RPL23AP7,True,False,1
SF3A2,ENSEMBL:ENSG00000104897,SF3A2,True,True,4
RAB32,ENSEMBL:ENSG00000118508,RAB32,True,False,1
LRRC42,ENSEMBL:ENSG00000116212,LRRC42,False,True,1
S100G,ENSEMBL:ENSG00000169906,S100G,False,True,2
RINL,ENSEMBL:ENSG00000187994,RINL,False,True,2
ENSEMBL:ENSG00000289351,ENSEMBL:ENSG00000289351,,True,False,1
CSGALNACT1,ENSEMBL:ENSG00000147408,CSGALNACT1,True,False,1
SH3BGRL2,ENSEMBL:ENSG00000198478,SH3BGRL2,True,False,1
ATAD3C,ENSEMBL:ENSG00000215915,ATAD3C,True,False,1
ETV6,ENSEMBL:ENSG00000139083,ETV6,True,True,4
FOXRED2,ENSEMBL:ENSG00000100350,FOXRED2,True,True,4
FUT4,ENSEMBL:ENSG00000196371,FUT4,True,True,2
RGL3,ENSEMBL:ENSG00000205517,RGL3,True,True,3
ENSEMBL:ENSG00000261346,ENSEMBL:ENSG00000261346,,True,False,1
WNT9B,ENSEMBL:ENSG00000158955,WNT9B,False,True,1
ENSEMBL:ENSG00000288932,ENSEMBL:ENSG00000288932,,True,False,1
RCAN3AS,ENSEMBL:ENSG00000286061,RCAN3AS,True,False,1
USP6NL,ENSEMBL:ENSG00000148429,USP6NL,True,False,1
NRIP2,ENSEMBL:ENSG00000053702,NRIP2,False,True,1
BARX2,ENSEMBL:ENSG00000043039,BARX2,False,True,3
IGHG1,ENSEMBL:ENSG00000211896,IGHG1,True,False,1
LHFPL6,ENSEMBL:ENSG00000183722,LHFPL6,False,True,2
PEX13,ENSEMBL:ENSG00000162928,PEX13,True,True,2
TBC1D32,ENSEMBL:ENSG00000146350,TBC1D32,False,True,2
MIR4458HG,ENSEMBL:ENSG00000247516,MIR4458HG,True,False,1
TRPC3,ENSEMBL:ENSG00000138741,TRPC3,False,True,1
KDM7A,ENSEMBL:ENSG00000006459,KDM7A,True,True,3
XPR1,ENSEMBL:ENSG00000143324,XPR1,True,True,2
ATP10B,ENSEMBL:ENSG00000118322,ATP10B,False,True,2
IDO1,ENSEMBL:ENSG00000131203,IDO1,True,False,3
UBR5-DT,ENSEMBL:ENSG00000246263,UBR5-DT,True,False,2
ATP6V1E2,ENSEMBL:ENSG00000250565,ATP6V1E2,False,True,1
MTA1,ENSEMBL:ENSG00000182979,MTA1,True,True,4
VIRMA-DT,ENSEMBL:ENSG00000253704,VIRMA-DT,True,False,1
ENSEMBL:ENSG00000250397,ENSEMBL:ENSG00000250397,,True,False,1
PDE6B,ENSEMBL:ENSG00000133256,PDE6B,True,True,2
PIF1,ENSEMBL:ENSG00000140451,PIF1,True,False,1
HLA-DOB|ENSG00000241106,ENSEMBL:ENSG00000241106,HLA-DOB,True,False,1
RREB1,ENSEMBL:ENSG00000124782,RREB1,True,False,2
SLC35E2A,ENSEMBL:ENSG00000215790,SLC35E2A,True,False,1
COL6A6,ENSEMBL:ENSG00000206384,COL6A6,False,True,2
SEPTIN11,ENSEMBL:ENSG00000138758,SEPTIN11,False,True,2
PDXDC1,ENSEMBL:ENSG00000179889,PDXDC1,True,True,5
ZDHHC22,ENSEMBL:ENSG00000177108,ZDHHC22,False,True,1
BRPF1,ENSEMBL:ENSG00000156983,BRPF1,True,False,1
IL4,ENSEMBL:ENSG00000113520,IL4,False,True,2
DZANK1,ENSEMBL:ENSG00000089091,DZANK1,True,False,1
SLC7A4,ENSEMBL:ENSG00000099960,SLC7A4,False,True,2
DNAJC3-DT,ENSEMBL:ENSG00000247400,DNAJC3-DT,True,False,1
CD274,ENSEMBL:ENSG00000120217,CD274,True,True,4
FBXL17,ENSEMBL:ENSG00000145743,FBXL17,False,True,1
PCDHGB6,ENSEMBL:ENSG00000253305,PCDHGB6,True,False,1
RAB14,ENSEMBL:ENSG00000119396,RAB14,True,True,3
SCARNA6,ENSEMBL:ENSG00000251791,SCARNA6,True,False,1
RAB5A,ENSEMBL:ENSG00000144566,RAB5A,True,True,2
MIR99AHG,ENSEMBL:ENSG00000215386,MIR99AHG,True,False,1
FAM47E-STBD1,ENSEMBL:ENSG00000272414,FAM47E-STBD1,True,False,1
ZFYVE21,ENSEMBL:ENSG00000100711,ZFYVE21,True,False,1
ZNF320,ENSEMBL:ENSG00000182986,ZNF320,True,False,2
PORCN,ENSEMBL:ENSG00000102312,PORCN,True,False,1
ENSEMBL:ENSG00000245498,ENSEMBL:ENSG00000245498,,True,False,1
PHETA2,ENSEMBL:ENSG00000177096,PHETA2,True,False,1
ENSEMBL:ENSG00000286369,ENSEMBL:ENSG00000286369,,True,False,1
JPX,ENSEMBL:ENSG00000225470,JPX,True,False,1
UICLM,ENSEMBL:ENSG00000233392,UICLM,True,False,1
COBLL1,ENSEMBL:ENSG00000082438,COBLL1,True,True,6
ANLN,ENSEMBL:ENSG00000011426,ANLN,False,True,3
NELL1,ENSEMBL:ENSG00000165973,NELL1,False,True,1
ELF5,ENSEMBL:ENSG00000135374,ELF5,False,True,1
MRPL30,ENSEMBL:ENSG00000185414,MRPL30,True,True,2
TVP23B,ENSEMBL:ENSG00000171928,TVP23B,True,False,1
CLCNKB,ENSEMBL:ENSG00000184908,CLCNKB,False,True,2
CFAP92,ENSEMBL:ENSG00000114656,CFAP92,True,False,1
CD207,ENSEMBL:ENSG00000116031,CD207,False,True,1
UTP14C,ENSEMBL:ENSG00000253797,UTP14C,True,False,1
CORO2B,ENSEMBL:ENSG00000103647,CORO2B,True,True,4
CCDC85C,ENSEMBL:ENSG00000205476,CCDC85C,True,False,1
GPRASP1,ENSEMBL:ENSG00000198932,GPRASP1,True,False,2
PCBD2,ENSEMBL:ENSG00000132570,PCBD2,True,False,1
SUCO,ENSEMBL:ENSG00000094975,SUCO,True,True,3
PNPLA6,ENSEMBL:ENSG00000032444,PNPLA6,True,True,2
KDELR2,ENSEMBL:ENSG00000136240,KDELR2,False,True,2
SAP18,ENSEMBL:ENSG00000150459,SAP18,True,True,4
ADAM23,ENSEMBL:ENSG00000114948,ADAM23,True,True,3
PLPP3,ENSEMBL:ENSG00000162407,PLPP3,True,True,3
ATP6V1G1,ENSEMBL:ENSG00000136888,ATP6V1G1,True,True,2
RAD52,ENSEMBL:ENSG00000002016,RAD52,False,True,2
YLPM1,ENSEMBL:ENSG00000119596,YLPM1,True,False,1
MEG9,ENSEMBL:ENSG00000223403,MEG9,True,False,1
EEF1A2,ENSEMBL:ENSG00000101210,EEF1A2,True,True,2
ENSEMBL:ENSG00000268107,ENSEMBL:ENSG00000268107,,True,False,1
ENSEMBL:ENSG00000260261,ENSEMBL:ENSG00000260261,,True,False,2
MOGAT2,ENSEMBL:ENSG00000166391,MOGAT2,False,True,2
ELAVL1,ENSEMBL:ENSG00000066044,ELAVL1,True,True,2
ZNF844,ENSEMBL:ENSG00000223547,ZNF844,True,False,2
ENSEMBL:ENSG00000183154,ENSEMBL:ENSG00000183154,,True,False,1
MHENCR,ENSEMBL:ENSG00000232442,MHENCR,True,False,1
NRG1,ENSEMBL:ENSG00000157168,NRG1,False,True,2
PIH1D1,ENSEMBL:ENSG00000104872,PIH1D1,True,True,4
CCDC124,ENSEMBL:ENSG00000007080,CCDC124,True,True,2
LINC00960,ENSEMBL:ENSG00000242516,LINC00960,True,False,1
SPX,ENSEMBL:ENSG00000134548,SPX,True,False,2
FAM83C,ENSEMBL:ENSG00000125998,FAM83C,False,True,1
GOLGA6L5P,ENSEMBL:ENSG00000230373,GOLGA6L5P,True,False,1
SULT1C4,ENSEMBL:ENSG00000198075,SULT1C4,True,False,1
IFIH1,ENSEMBL:ENSG00000115267,IFIH1,True,False,2
ANXA4,ENSEMBL:ENSG00000196975,ANXA4,True,True,3
CTXN3,ENSEMBL:ENSG00000205279,CTXN3,True,False,1
ENSEMBL:ENSG00000260735,ENSEMBL:ENSG00000260735,,True,False,1
PROKR2,ENSEMBL:ENSG00000101292,PROKR2,True,False,1
TSPAN15,ENSEMBL:ENSG00000099282,TSPAN15,True,True,2
DRP2,ENSEMBL:ENSG00000102385,DRP2,False,True,1
ENSEMBL:ENSG00000287809,ENSEMBL:ENSG00000287809,,True,False,1
SMIM19,ENSEMBL:ENSG00000176209,SMIM19,False,True,1
PKN3,ENSEMBL:ENSG00000160447,PKN3,True,True,5
ENSEMBL:ENSG00000279129,ENSEMBL:ENSG00000279129,,True,False,1
COPS7A,ENSEMBL:ENSG00000111652,COPS7A,False,True,2
RTN4R,ENSEMBL:ENSG00000040608,RTN4R,False,True,1
FMO4,ENSEMBL:ENSG00000076258,FMO4,False,True,1
CGRRF1,ENSEMBL:ENSG00000100532,CGRRF1,False,True,3
BLCAP,ENSEMBL:ENSG00000166619,BLCAP,True,False,1
NUP107,ENSEMBL:ENSG00000111581,NUP107,True,True,2
GVQW3,ENSEMBL:ENSG00000179240,GVQW3,True,False,1
RINT1,ENSEMBL:ENSG00000135249,RINT1,False,True,1
FLJ38576,ENSEMBL:ENSG00000279943,FLJ38576,True,False,1
BTBD3,ENSEMBL:ENSG00000132640,BTBD3,True,True,2
ENSEMBL:ENSG00000279841,ENSEMBL:ENSG00000279841,,True,False,1
GUCY2F,ENSEMBL:ENSG00000101890,GUCY2F,False,True,1
TDRD7,ENSEMBL:ENSG00000196116,TDRD7,False,True,1
SMCHD1,ENSEMBL:ENSG00000101596,SMCHD1,True,False,2
ENSEMBL:ENSG00000288534,ENSEMBL:ENSG00000288534,,True,False,2
ENSEMBL:ENSG00000286952,ENSEMBL:ENSG00000286952,,True,False,1
ENSEMBL:ENSG00000265298,ENSEMBL:ENSG00000265298,,True,False,2
ZNF747,ENSEMBL:ENSG00000169955,ZNF747,True,False,1
AP4S1,ENSEMBL:ENSG00000100478,AP4S1,True,True,2
MDFIC,ENSEMBL:ENSG00000135272,MDFIC,False,True,2
PROKR1,ENSEMBL:ENSG00000169618,PROKR1,False,True,1
RPP21,ENSEMBL:ENSG00000241370,RPP21,True,False,1
AIDA,ENSEMBL:ENSG00000186063,AIDA,True,True,2
NCAPH2,ENSEMBL:ENSG00000025770,NCAPH2,True,False,2
ENSEMBL:ENSG00000288797,ENSEMBL:ENSG00000288797,,True,False,1
FLACC1,ENSEMBL:ENSG00000155749,FLACC1,True,True,2
C19orf25,ENSEMBL:ENSG00000119559,C19orf25,True,False,1
ENSEMBL:ENSG00000276791,ENSEMBL:ENSG00000276791,,True,False,1
EVC,ENSEMBL:ENSG00000072840,EVC,False,True,2
AIMP2,ENSEMBL:ENSG00000106305,AIMP2,False,True,2
ACKR2,ENSEMBL:ENSG00000144648,ACKR2,False,True,1
RCAN2,ENSEMBL:ENSG00000172348,RCAN2,False,True,2
SLC25A36,ENSEMBL:ENSG00000114120,SLC25A36,False,True,1
WNT10B,ENSEMBL:ENSG00000169884,WNT10B,True,True,2
NCKAP5,ENSEMBL:ENSG00000176771,NCKAP5,False,True,1
CYP8B1,ENSEMBL:ENSG00000180432,CYP8B1,False,True,1
PLK2,ENSEMBL:ENSG00000145632,PLK2,True,True,3
SYT17,ENSEMBL:ENSG00000103528,SYT17,True,True,3
MED24,ENSEMBL:ENSG00000008838,MED24,True,True,3
RETREG2,ENSEMBL:ENSG00000144567,RETREG2,True,False,2
LTB4R,ENSEMBL:ENSG00000213903,LTB4R,True,False,2
FASTKD1,ENSEMBL:ENSG00000138399,FASTKD1,True,False,1
TNNT2,ENSEMBL:ENSG00000118194,TNNT2,False,True,2
HSCB,ENSEMBL:ENSG00000100209,HSCB,False,True,2
CYB561A3,ENSEMBL:ENSG00000162144,CYB561A3,False,True,4
UNC13A,ENSEMBL:ENSG00000130477,UNC13A,False,True,1
TSPAN3,ENSEMBL:ENSG00000140391,TSPAN3,True,True,2
ZNF544,ENSEMBL:ENSG00000198131,ZNF544,True,False,1
RBBP4,ENSEMBL:ENSG00000162521,RBBP4,True,False,2
RPAIN,ENSEMBL:ENSG00000129197,RPAIN,True,False,1
TSPAN6,ENSEMBL:ENSG00000000003,TSPAN6,True,False,1
LNX1,ENSEMBL:ENSG00000072201,LNX1,True,True,2
CDNF,ENSEMBL:ENSG00000185267,CDNF,True,True,3
ENSEMBL:ENSG00000288656,ENSEMBL:ENSG00000288656,,True,False,1
BTN2A3P,ENSEMBL:ENSG00000124549,BTN2A3P,True,False,1
LMBR1L,ENSEMBL:ENSG00000139636,LMBR1L,True,False,1
ANO6,ENSEMBL:ENSG00000177119,ANO6,True,True,3
SYTL4,ENSEMBL:ENSG00000102362,SYTL4,True,True,3
NR3C2,ENSEMBL:ENSG00000151623,NR3C2,True,False,1
PPP2R3C,ENSEMBL:ENSG00000092020,PPP2R3C,True,False,1
EFHC1,ENSEMBL:ENSG00000096093,EFHC1,True,True,2
CHMP3,ENSEMBL:ENSG00000115561,CHMP3,True,True,3
DZIP1,ENSEMBL:ENSG00000134874,DZIP1,False,True,1
ENSEMBL:ENSG00000287104,ENSEMBL:ENSG00000287104,,True,False,1
PRKN,ENSEMBL:ENSG00000185345,PRKN,True,False,2
FSD1L,ENSEMBL:ENSG00000106701,FSD1L,True,False,1
ARFIP2,ENSEMBL:ENSG00000132254,ARFIP2,False,True,1
TMC3,ENSEMBL:ENSG00000188869,TMC3,False,True,1
GTF2E2,ENSEMBL:ENSG00000197265,GTF2E2,True,False,1
ANKHD1,ENSEMBL:ENSG00000131503,ANKHD1,True,True,3
PKDREJ,ENSEMBL:ENSG00000130943,PKDREJ,True,True,2
IGHV4-39,ENSEMBL:ENSG00000211959,IGHV4-39,True,False,1
CFAP46,ENSEMBL:ENSG00000171811,CFAP46,True,False,1
PSMB7,ENSEMBL:ENSG00000136930,PSMB7,True,True,2
KCNQ5-DT,ENSEMBL:ENSG00000285844,KCNQ5-DT,True,False,1
DYNLL2,ENSEMBL:ENSG00000264364,DYNLL2,True,True,3
REXO4,ENSEMBL:ENSG00000148300,REXO4,True,False,2
PNKD,ENSEMBL:ENSG00000127838,PNKD,True,True,4
IGSF9,ENSEMBL:ENSG00000085552,IGSF9,False,True,2
LAMTOR4,ENSEMBL:ENSG00000188186,LAMTOR4,False,True,1
BICDL2,ENSEMBL:ENSG00000162069,BICDL2,True,True,2
TCF4,ENSEMBL:ENSG00000196628,TCF4,True,True,2
RPL23AP42,ENSEMBL:ENSG00000234851,RPL23AP42,True,False,1
OSM,ENSEMBL:ENSG00000099985,OSM,True,False,1
COL8A2,ENSEMBL:ENSG00000171812,COL8A2,False,True,2
SLCO2A1,ENSEMBL:ENSG00000174640,SLCO2A1,True,True,2
CENPU,ENSEMBL:ENSG00000151725,CENPU,False,True,3
MMS19,ENSEMBL:ENSG00000155229,MMS19,True,True,3
APP,ENSEMBL:ENSG00000142192,APP,False,True,3
INHBE,ENSEMBL:ENSG00000139269,INHBE,True,False,1
CNMD,ENSEMBL:ENSG00000136110,CNMD,False,True,1
MRPS30,ENSEMBL:ENSG00000112996,MRPS30,True,True,3
MPP2,ENSEMBL:ENSG00000108852,MPP2,True,True,3
TRGV2,ENSEMBL:ENSG00000233306,TRGV2,True,False,1
SEC11A,ENSEMBL:ENSG00000140612,SEC11A,True,False,1
JARID2,ENSEMBL:ENSG00000008083,JARID2,True,False,2
SNRPB2,ENSEMBL:ENSG00000125870,SNRPB2,True,True,2
CENPBD1P1,ENSEMBL:ENSG00000213753,CENPBD1P1,True,False,1
COL8A1,ENSEMBL:ENSG00000144810,COL8A1,False,True,1
ZCCHC14,ENSEMBL:ENSG00000140948,ZCCHC14,True,False,1
CXCL5,ENSEMBL:ENSG00000163735,CXCL5,True,False,1
CFAP126,ENSEMBL:ENSG00000188931,CFAP126,False,True,1
RPS27AP16,ENSEMBL:ENSG00000224631,RPS27AP16,True,False,1
ENSEMBL:ENSG00000272277,ENSEMBL:ENSG00000272277,,True,False,1
TEC,ENSEMBL:ENSG00000135605,TEC,True,True,2
KCNG2,ENSEMBL:ENSG00000178342,KCNG2,False,True,2
EPC1,ENSEMBL:ENSG00000120616,EPC1,True,False,2
TANC2,ENSEMBL:ENSG00000170921,TANC2,True,True,3
IPO4,ENSEMBL:ENSG00000196497,IPO4,False,True,3
CTPS2,ENSEMBL:ENSG00000047230,CTPS2,True,True,4
CIDEB,ENSEMBL:ENSG00000136305,CIDEB,True,True,2
HPGD,ENSEMBL:ENSG00000164120,HPGD,False,True,3
LAMTOR2,ENSEMBL:ENSG00000116586,LAMTOR2,False,True,2
SLC35E3,ENSEMBL:ENSG00000175782,SLC35E3,True,True,2
PPOX,ENSEMBL:ENSG00000143224,PPOX,True,True,3
TMEM8B,ENSEMBL:ENSG00000137103,TMEM8B,True,False,2
TFAM,ENSEMBL:ENSG00000108064,TFAM,True,True,2
IPO5,ENSEMBL:ENSG00000065150,IPO5,True,True,5
APTR,ENSEMBL:ENSG00000214293,APTR,True,False,1
FRK,ENSEMBL:ENSG00000111816,FRK,True,False,1
BLK,ENSEMBL:ENSG00000136573,BLK,True,True,5
BBOX1,ENSEMBL:ENSG00000129151,BBOX1,False,True,1
CDC42BPA,ENSEMBL:ENSG00000143776,CDC42BPA,True,True,2
SLC2A2,ENSEMBL:ENSG00000163581,SLC2A2,False,True,2
SCG3,ENSEMBL:ENSG00000104112,SCG3,False,True,3
HDGFL3,ENSEMBL:ENSG00000166503,HDGFL3,True,True,3
CLDN10,ENSEMBL:ENSG00000134873,CLDN10,False,True,1
CSF2,ENSEMBL:ENSG00000164400,CSF2,False,True,1
ZBTB1,ENSEMBL:ENSG00000126804,ZBTB1,True,False,2
WDR41,ENSEMBL:ENSG00000164253,WDR41,True,False,1
ZNF852,ENSEMBL:ENSG00000178917,ZNF852,True,False,1
CYB561,ENSEMBL:ENSG00000008283,CYB561,True,True,5
TTC19,ENSEMBL:ENSG00000011295,TTC19,True,True,3
GUCY1A1,ENSEMBL:ENSG00000164116,GUCY1A1,False,True,2
PBX3,ENSEMBL:ENSG00000167081,PBX3,True,True,3
PDE1C,ENSEMBL:ENSG00000154678,PDE1C,True,False,1
TMEM198,ENSEMBL:ENSG00000188760,TMEM198,True,False,1
CC2D1B,ENSEMBL:ENSG00000154222,CC2D1B,True,False,1
SOGA1,ENSEMBL:ENSG00000149639,SOGA1,True,True,3
ZBTB39,ENSEMBL:ENSG00000166860,ZBTB39,True,False,2
COL19A1,ENSEMBL:ENSG00000082293,COL19A1,True,False,1
VDAC1,ENSEMBL:ENSG00000213585,VDAC1,False,True,2
ENSEMBL:ENSG00000257379,ENSEMBL:ENSG00000257379,,True,False,1
TBCE,ENSEMBL:ENSG00000284770,TBCE,True,True,4
PARD3B,ENSEMBL:ENSG00000116117,PARD3B,False,True,3
DNASE1L1,ENSEMBL:ENSG00000013563,DNASE1L1,True,True,3
SLC25A23,ENSEMBL:ENSG00000125648,SLC25A23,True,True,2
ENSEMBL:ENSG00000261123,ENSEMBL:ENSG00000261123,,True,False,1
ENSEMBL:ENSG00000258317,ENSEMBL:ENSG00000258317,,True,False,1
CAB39L,ENSEMBL:ENSG00000102547,CAB39L,False,True,1
JRKL,ENSEMBL:ENSG00000183340,JRKL,True,False,1
DVL1,ENSEMBL:ENSG00000107404,DVL1,True,True,4
RAB39A,ENSEMBL:ENSG00000179331,RAB39A,False,True,2
TRG-AS1,ENSEMBL:ENSG00000281103,TRG-AS1,True,False,1
NOC4L,ENSEMBL:ENSG00000184967,NOC4L,True,False,2
CTTNBP2,ENSEMBL:ENSG00000077063,CTTNBP2,False,True,2
ENSEMBL:ENSG00000234175,ENSEMBL:ENSG00000234175,,True,False,1
ACCS,ENSEMBL:ENSG00000110455,ACCS,True,False,1
IL10,ENSEMBL:ENSG00000136634,IL10,False,True,3
ZNF763,ENSEMBL:ENSG00000197054,ZNF763,True,False,1
ZNF443,ENSEMBL:ENSG00000180855,ZNF443,True,False,1
ACOT6,ENSEMBL:ENSG00000205669,ACOT6,False,True,1
CRYBA4,ENSEMBL:ENSG00000196431,CRYBA4,False,True,4
ENSEMBL:ENSG00000288924,ENSEMBL:ENSG00000288924,,True,False,1
LRTM2,ENSEMBL:ENSG00000166159,LRTM2,False,True,4
BMP5,ENSEMBL:ENSG00000112175,BMP5,True,False,1
BOLA2-SMG1P6,ENSEMBL:ENSG00000261740,BOLA2-SMG1P6,True,False,1
PRPF19,ENSEMBL:ENSG00000110107,PRPF19,True,True,2
IPO7,ENSEMBL:ENSG00000205339,IPO7,True,True,4
CDKN2AIP,ENSEMBL:ENSG00000168564,CDKN2AIP,True,True,3
YIF1B,ENSEMBL:ENSG00000167645,YIF1B,True,True,3
SRP68,ENSEMBL:ENSG00000167881,SRP68,True,True,3
TACSTD2,ENSEMBL:ENSG00000184292,TACSTD2,True,False,1
MAN1A2,ENSEMBL:ENSG00000198162,MAN1A2,True,False,2
RTL8A,ENSEMBL:ENSG00000203950,RTL8A,False,True,2
RPL13AP5,ENSEMBL:ENSG00000236552,RPL13AP5,True,False,1
KNDC1,ENSEMBL:ENSG00000171798,KNDC1,False,True,1
GCK,ENSEMBL:ENSG00000106633,GCK,False,True,1
LACTB,ENSEMBL:ENSG00000103642,LACTB,True,True,3
MDP1,ENSEMBL:ENSG00000213920,MDP1,False,True,1
ATXN7L3B,ENSEMBL:ENSG00000253719,ATXN7L3B,True,True,2
TAPBPL,ENSEMBL:ENSG00000139192,TAPBPL,True,True,3
WDR55,ENSEMBL:ENSG00000120314,WDR55,True,False,2
CDK5,ENSEMBL:ENSG00000164885,CDK5,True,False,1
ABHD6,ENSEMBL:ENSG00000163686,ABHD6,True,True,3
ENSEMBL:ENSG00000280401,ENSEMBL:ENSG00000280401,,True,False,1
PUSL1,ENSEMBL:ENSG00000169972,PUSL1,True,False,1
PAF1,ENSEMBL:ENSG00000006712,PAF1,True,False,1
MMP8,ENSEMBL:ENSG00000118113,MMP8,True,True,3
EXOC5,ENSEMBL:ENSG00000070367,EXOC5,True,True,2
EMC3-AS1,ENSEMBL:ENSG00000180385,EMC3-AS1,True,False,1
ENSEMBL:ENSG00000269001,ENSEMBL:ENSG00000269001,,True,False,1
EXPH5,ENSEMBL:ENSG00000110723,EXPH5,False,True,2
SNHG14,ENSEMBL:ENSG00000224078,SNHG14,True,False,1
SESTD1,ENSEMBL:ENSG00000187231,SESTD1,True,False,1
TYW5,ENSEMBL:ENSG00000162971,TYW5,True,False,1
RPL28,ENSEMBL:ENSG00000108107,RPL28,True,True,2
MAP6,ENSEMBL:ENSG00000171533,MAP6,False,True,3
CCBE1,ENSEMBL:ENSG00000183287,CCBE1,False,True,1
MS4A4A,ENSEMBL:ENSG00000110079,MS4A4A,True,True,4
GAMT,ENSEMBL:ENSG00000130005,GAMT,False,True,2
TCN1,ENSEMBL:ENSG00000134827,TCN1,True,False,1
HMCES,ENSEMBL:ENSG00000183624,HMCES,True,False,1
YTHDF3,ENSEMBL:ENSG00000185728,YTHDF3,True,True,3
MRPS27,ENSEMBL:ENSG00000113048,MRPS27,True,True,4
CASP10,ENSEMBL:ENSG00000003400,CASP10,True,False,1
PSMD6,ENSEMBL:ENSG00000163636,PSMD6,True,False,2
NME8,ENSEMBL:ENSG00000086288,NME8,True,False,1
LY75,ENSEMBL:ENSG00000054219,LY75,False,True,4
ZXDB,ENSEMBL:ENSG00000198455,ZXDB,True,False,1
CCM2,ENSEMBL:ENSG00000136280,CCM2,True,True,3
CABLES1,ENSEMBL:ENSG00000134508,CABLES1,True,True,3
SNHG9,ENSEMBL:ENSG00000255198,SNHG9,True,False,1
TMEM273,ENSEMBL:ENSG00000204161,TMEM273,True,True,3
FAM200B,ENSEMBL:ENSG00000237765,FAM200B,True,False,1
LRRC43,ENSEMBL:ENSG00000158113,LRRC43,True,False,1
SEC23A,ENSEMBL:ENSG00000100934,SEC23A,True,True,3
MAD1L1,ENSEMBL:ENSG00000002822,MAD1L1,True,True,2
GTPBP8,ENSEMBL:ENSG00000163607,GTPBP8,True,False,1
OMA1,ENSEMBL:ENSG00000162600,OMA1,True,True,2
ACOXL,ENSEMBL:ENSG00000153093,ACOXL,True,True,2
TACC1,ENSEMBL:ENSG00000147526,TACC1,True,True,4
ABI2,ENSEMBL:ENSG00000138443,ABI2,True,True,2
URAD,ENSEMBL:ENSG00000183463,URAD,False,True,1
ZNF366,ENSEMBL:ENSG00000178175,ZNF366,True,True,5
ENSEMBL:ENSG00000265751,ENSEMBL:ENSG00000265751,,True,False,1
PLA2R1,ENSEMBL:ENSG00000153246,PLA2R1,True,False,1
SLAIN1,ENSEMBL:ENSG00000139737,SLAIN1,False,True,1
H2BC4,ENSEMBL:ENSG00000180596,H2BC4,True,False,2
A3GALT2,ENSEMBL:ENSG00000184389,A3GALT2,False,True,2
PRX,ENSEMBL:ENSG00000105227,PRX,False,True,1
LINC02908,ENSEMBL:ENSG00000180539,LINC02908,True,False,1
TMEM160,ENSEMBL:ENSG00000130748,TMEM160,True,False,1
PRR3,ENSEMBL:ENSG00000204576,PRR3,True,False,1
NME4,ENSEMBL:ENSG00000103202,NME4,True,False,2
NR2C2,ENSEMBL:ENSG00000177463,NR2C2,True,True,2
RSRC1,ENSEMBL:ENSG00000174891,RSRC1,False,True,1
ENSEMBL:ENSG00000226281,ENSEMBL:ENSG00000226281,,True,False,1
SIL1,ENSEMBL:ENSG00000120725,SIL1,True,False,1
MYH4,ENSEMBL:ENSG00000264424,MYH4,True,False,1
ENSEMBL:ENSG00000255426,ENSEMBL:ENSG00000255426,,True,False,1
HAUS5,ENSEMBL:ENSG00000249115,HAUS5,True,False,2
KCNH2,ENSEMBL:ENSG00000055118,KCNH2,False,True,2
APOC2,ENSEMBL:ENSG00000234906,APOC2,False,True,3
GNG13,ENSEMBL:ENSG00000127588,GNG13,False,True,1
ADPGK,ENSEMBL:ENSG00000159322,ADPGK,True,True,2
SPAG1,ENSEMBL:ENSG00000104450,SPAG1,False,True,1
ENSEMBL:ENSG00000287570,ENSEMBL:ENSG00000287570,,True,False,1
ENSEMBL:ENSG00000286196,ENSEMBL:ENSG00000286196,,True,False,1
ZNF692,ENSEMBL:ENSG00000171163,ZNF692,True,False,1
FAM104B,ENSEMBL:ENSG00000182518,FAM104B,True,True,3
LINC00240,ENSEMBL:ENSG00000224843,LINC00240,True,False,1
SGCE,ENSEMBL:ENSG00000127990,SGCE,False,True,1
MED8,ENSEMBL:ENSG00000159479,MED8,True,False,2
C17orf113,ENSEMBL:ENSG00000267221,C17orf113,True,False,2
LMNTD2,ENSEMBL:ENSG00000185522,LMNTD2,True,True,2
CCL16,ENSEMBL:ENSG00000275095,CCL16,True,False,1
BLMH,ENSEMBL:ENSG00000108578,BLMH,False,True,2
ZMAT4,ENSEMBL:ENSG00000165061,ZMAT4,True,False,1
SLX1A-SULT1A3,ENSEMBL:ENSG00000213599,SLX1A-SULT1A3,True,False,2
LINC00891,ENSEMBL:ENSG00000281852,LINC00891,True,False,1
CRYGS,ENSEMBL:ENSG00000213139,CRYGS,True,False,1
ABRAXAS2,ENSEMBL:ENSG00000165660,ABRAXAS2,True,False,1
ENSEMBL:ENSG00000263620,ENSEMBL:ENSG00000263620,,True,False,1
FASTKD5,ENSEMBL:ENSG00000215251,FASTKD5,True,False,2
LHX4,ENSEMBL:ENSG00000121454,LHX4,False,True,1
PRMT2,ENSEMBL:ENSG00000160310,PRMT2,True,True,3
PGLYRP1,ENSEMBL:ENSG00000008438,PGLYRP1,True,False,1
PHBP9,ENSEMBL:ENSG00000230224,PHBP9,True,False,1
RCC1L,ENSEMBL:ENSG00000274523,RCC1L,False,True,1
ACP2,ENSEMBL:ENSG00000134575,ACP2,True,True,5
ENSEMBL:ENSG00000259366,ENSEMBL:ENSG00000259366,,True,False,1
CIAO2B,ENSEMBL:ENSG00000166595,CIAO2B,True,True,3
GTF2F2,ENSEMBL:ENSG00000188342,GTF2F2,True,True,2
GPR34,ENSEMBL:ENSG00000171659,GPR34,False,True,1
SCGB1C1,ENSEMBL:ENSG00000188076,SCGB1C1,False,True,1
TTC39A,ENSEMBL:ENSG00000085831,TTC39A,False,True,3
ENSEMBL:ENSG00000286511,ENSEMBL:ENSG00000286511,,True,False,1
MRPL24,ENSEMBL:ENSG00000143314,MRPL24,True,True,3
SLC22A12,ENSEMBL:ENSG00000197891,SLC22A12,False,True,1
LRRK2-DT,ENSEMBL:ENSG00000225342,LRRK2-DT,True,False,1
ENSEMBL:ENSG00000238260,ENSEMBL:ENSG00000238260,,True,False,3
ELOVL1,ENSEMBL:ENSG00000066322,ELOVL1,True,False,1
SEC62,ENSEMBL:ENSG00000008952,SEC62,True,True,3
FAM180A,ENSEMBL:ENSG00000189320,FAM180A,False,True,1
RAI14,ENSEMBL:ENSG00000039560,RAI14,True,True,2
PPM1H,ENSEMBL:ENSG00000111110,PPM1H,True,True,4
TGM3,ENSEMBL:ENSG00000125780,TGM3,True,False,1
SLC12A5-AS1,ENSEMBL:ENSG00000204044,SLC12A5-AS1,True,False,1
MYLK4,ENSEMBL:ENSG00000145949,MYLK4,False,True,2
ARNT,ENSEMBL:ENSG00000143437,ARNT,True,True,4
BLNK,ENSEMBL:ENSG00000095585,BLNK,True,True,6
PLK4,ENSEMBL:ENSG00000142731,PLK4,False,True,2
RFC2,ENSEMBL:ENSG00000049541,RFC2,True,False,1
ENSEMBL:ENSG00000286143,ENSEMBL:ENSG00000286143,,True,False,1
ENSEMBL:ENSG00000287592,ENSEMBL:ENSG00000287592,,True,False,1
KLK14,ENSEMBL:ENSG00000129437,KLK14,True,False,1
FRMD4A,ENSEMBL:ENSG00000151474,FRMD4A,True,False,2
MOCOS,ENSEMBL:ENSG00000075643,MOCOS,False,True,1
CACNA1H,ENSEMBL:ENSG00000196557,CACNA1H,False,True,1
MRPL44,ENSEMBL:ENSG00000135900,MRPL44,True,True,2
SMIM15-AS1,ENSEMBL:ENSG00000251279,SMIM15-AS1,True,False,1
FKBP14,ENSEMBL:ENSG00000106080,FKBP14,False,True,1
ORMDL2,ENSEMBL:ENSG00000123353,ORMDL2,True,False,1
TMEM170B,ENSEMBL:ENSG00000205269,TMEM170B,True,True,3
MRPL11,ENSEMBL:ENSG00000174547,MRPL11,True,True,3
MAL2,ENSEMBL:ENSG00000147676,MAL2,False,True,3
PACSIN1,ENSEMBL:ENSG00000124507,PACSIN1,True,True,2
NSUN5P1,ENSEMBL:ENSG00000223705,NSUN5P1,True,False,2
IGFN1,ENSEMBL:ENSG00000163395,IGFN1,True,False,1
COQ4,ENSEMBL:ENSG00000167113,COQ4,True,True,3
CFAP53,ENSEMBL:ENSG00000172361,CFAP53,True,True,2
ENSEMBL:ENSG00000272518,ENSEMBL:ENSG00000272518,,True,False,1
ADCK2,ENSEMBL:ENSG00000133597,ADCK2,True,True,3
KL,ENSEMBL:ENSG00000133116,KL,True,False,2
RIPOR3,ENSEMBL:ENSG00000042062,RIPOR3,True,True,3
CEP164,ENSEMBL:ENSG00000110274,CEP164,True,True,2
SCN1A,ENSEMBL:ENSG00000144285,SCN1A,False,True,1
SMNDC1,ENSEMBL:ENSG00000119953,SMNDC1,True,True,3
TFR2,ENSEMBL:ENSG00000106327,TFR2,False,True,1
AP2A1,ENSEMBL:ENSG00000196961,AP2A1,True,False,1
CPN2,ENSEMBL:ENSG00000178772,CPN2,False,True,3
NPM3,ENSEMBL:ENSG00000107833,NPM3,True,True,2
SLC29A3,ENSEMBL:ENSG00000198246,SLC29A3,False,True,1
ARMC9,ENSEMBL:ENSG00000135931,ARMC9,False,True,2
TNK2,ENSEMBL:ENSG00000061938,TNK2,False,True,1
CD200,ENSEMBL:ENSG00000091972,CD200,True,True,2
LINC01781,ENSEMBL:ENSG00000234184,LINC01781,True,False,1
MAD2L1,ENSEMBL:ENSG00000164109,MAD2L1,True,True,2
LGALS8,ENSEMBL:ENSG00000116977,LGALS8,True,True,2
ENSEMBL:ENSG00000286942,ENSEMBL:ENSG00000286942,,True,False,1
VWCE,ENSEMBL:ENSG00000167992,VWCE,True,True,2
LANCL1,ENSEMBL:ENSG00000115365,LANCL1,True,True,4
PRKCSH,ENSEMBL:ENSG00000130175,PRKCSH,True,True,4
COL27A1,ENSEMBL:ENSG00000196739,COL27A1,True,True,3
PDCD2L,ENSEMBL:ENSG00000126249,PDCD2L,True,True,3
TSPAN4,ENSEMBL:ENSG00000214063,TSPAN4,True,True,2
CRIP1,ENSEMBL:ENSG00000213145,CRIP1,True,True,4
HEATR9,ENSEMBL:ENSG00000270379,HEATR9,True,True,2
MLLT6|ENSG00000275851,ENSEMBL:ENSG00000275851,MLLT6,False,True,3
ABCG4,ENSEMBL:ENSG00000172350,ABCG4,False,True,1
ENSEMBL:ENSG00000228157,ENSEMBL:ENSG00000228157,,True,False,1
LINC01907,ENSEMBL:ENSG00000226125,LINC01907,True,False,1
LINC01144,ENSEMBL:ENSG00000281912,LINC01144,True,False,1
NR2F1,ENSEMBL:ENSG00000175745,NR2F1,False,True,1
R3HDM1,ENSEMBL:ENSG00000048991,R3HDM1,False,True,3
FGF18,ENSEMBL:ENSG00000156427,FGF18,False,True,1
ZC3HAV1L,ENSEMBL:ENSG00000146858,ZC3HAV1L,True,False,1
PDXK,ENSEMBL:ENSG00000160209,PDXK,False,True,2
B3GAT1-DT,ENSEMBL:ENSG00000255545,B3GAT1-DT,True,False,1
ENSEMBL:ENSG00000232611,ENSEMBL:ENSG00000232611,,True,False,1
TMEM45B,ENSEMBL:ENSG00000151715,TMEM45B,True,True,2
SLC8A1,ENSEMBL:ENSG00000183023,SLC8A1,True,True,4
POLR2H,ENSEMBL:ENSG00000163882,POLR2H,True,True,2
BRK1,ENSEMBL:ENSG00000254999,BRK1,True,False,1
OLFML3,ENSEMBL:ENSG00000116774,OLFML3,False,True,4
ENSEMBL:ENSG00000279399,ENSEMBL:ENSG00000279399,,True,False,1
ALDH18A1,ENSEMBL:ENSG00000059573,ALDH18A1,True,False,1
ARHGAP22,ENSEMBL:ENSG00000128805,ARHGAP22,False,True,2
ENSEMBL:ENSG00000282556,ENSEMBL:ENSG00000282556,,True,False,1
KCNJ4,ENSEMBL:ENSG00000168135,KCNJ4,False,True,1
FGFBP1,ENSEMBL:ENSG00000137440,FGFBP1,False,True,1
ENSEMBL:ENSG00000246451,ENSEMBL:ENSG00000246451,,True,False,1
RHBDL3,ENSEMBL:ENSG00000141314,RHBDL3,False,True,2
MKRN3,ENSEMBL:ENSG00000179455,MKRN3,True,False,1
LARP7,ENSEMBL:ENSG00000174720,LARP7,True,True,2
IL17RC,ENSEMBL:ENSG00000163702,IL17RC,True,True,2
MATN1-AS1,ENSEMBL:ENSG00000186056,MATN1-AS1,True,False,1
ENSEMBL:ENSG00000283208,ENSEMBL:ENSG00000283208,,True,False,1
PCDH15,ENSEMBL:ENSG00000150275,PCDH15,False,True,2
HS3ST5,ENSEMBL:ENSG00000249853,HS3ST5,True,False,1
SWT1,ENSEMBL:ENSG00000116668,SWT1,False,True,1
CADM4,ENSEMBL:ENSG00000105767,CADM4,False,True,1
DARS2,ENSEMBL:ENSG00000117593,DARS2,False,True,2
ABHD14A,ENSEMBL:ENSG00000248487,ABHD14A,True,False,2
ZKSCAN7,ENSEMBL:ENSG00000196345,ZKSCAN7,True,False,1
DUSP19,ENSEMBL:ENSG00000162999,DUSP19,True,False,1
IGHV3-21,ENSEMBL:ENSG00000211947,IGHV3-21,True,False,1
ADIRF-AS1,ENSEMBL:ENSG00000272734,ADIRF-AS1,True,False,1
SLC35F1,ENSEMBL:ENSG00000196376,SLC35F1,True,False,1
RASD2,ENSEMBL:ENSG00000100302,RASD2,False,True,3
HEXD,ENSEMBL:ENSG00000169660,HEXD,True,True,2
PP7080,ENSEMBL:ENSG00000188242,PP7080,True,False,1
FAM186B,ENSEMBL:ENSG00000135436,FAM186B,True,False,1
ENSEMBL:ENSG00000268069,ENSEMBL:ENSG00000268069,,True,False,1
RUFY4,ENSEMBL:ENSG00000188282,RUFY4,False,True,1
CHRM3,ENSEMBL:ENSG00000133019,CHRM3,False,True,1
CYP4V2,ENSEMBL:ENSG00000145476,CYP4V2,True,True,3
ZNF598,ENSEMBL:ENSG00000167962,ZNF598,True,False,2
NREP,ENSEMBL:ENSG00000134986,NREP,True,True,3
MXRA8,ENSEMBL:ENSG00000162576,MXRA8,True,True,5
SNRNP200,ENSEMBL:ENSG00000144028,SNRNP200,False,True,2
TP53I3,ENSEMBL:ENSG00000115129,TP53I3,False,True,2
IER3IP1,ENSEMBL:ENSG00000134049,IER3IP1,True,False,1
PLEKHN1,ENSEMBL:ENSG00000187583,PLEKHN1,True,True,4
DSE,ENSEMBL:ENSG00000111817,DSE,True,False,1
ACVR1,ENSEMBL:ENSG00000115170,ACVR1,True,False,1
BAP1,ENSEMBL:ENSG00000163930,BAP1,False,True,1
DDX1,ENSEMBL:ENSG00000079785,DDX1,True,True,2
C3orf18,ENSEMBL:ENSG00000088543,C3orf18,True,True,4
UCKL1-AS1,ENSEMBL:ENSG00000280213,UCKL1-AS1,True,False,1
GDF15,ENSEMBL:ENSG00000130513,GDF15,False,True,2
ALG8,ENSEMBL:ENSG00000159063,ALG8,True,True,2
WDR5B,ENSEMBL:ENSG00000196981,WDR5B,True,False,1
P4HTM,ENSEMBL:ENSG00000178467,P4HTM,True,True,3
LINC02086,ENSEMBL:ENSG00000244649,LINC02086,True,False,1
NLK,ENSEMBL:ENSG00000087095,NLK,True,False,1
TSSK3,ENSEMBL:ENSG00000162526,TSSK3,True,False,1
ABCC8,ENSEMBL:ENSG00000006071,ABCC8,False,True,2
DLG4,ENSEMBL:ENSG00000132535,DLG4,True,False,1
RHPN1,ENSEMBL:ENSG00000158106,RHPN1,True,False,1
NCAPD3,ENSEMBL:ENSG00000151503,NCAPD3,True,False,1
MYO7A,ENSEMBL:ENSG00000137474,MYO7A,False,True,3
CASP6,ENSEMBL:ENSG00000138794,CASP6,False,True,2
CD40,ENSEMBL:ENSG00000101017,CD40,True,True,4
ZNF331,ENSEMBL:ENSG00000130844,ZNF331,True,False,1
OTUB1,ENSEMBL:ENSG00000167770,OTUB1,True,True,4
ENSEMBL:ENSG00000269892,ENSEMBL:ENSG00000269892,,True,False,1
SCO1,ENSEMBL:ENSG00000133028,SCO1,True,True,4
ACP3,ENSEMBL:ENSG00000014257,ACP3,True,True,3
GALC,ENSEMBL:ENSG00000054983,GALC,True,True,2
AARD,ENSEMBL:ENSG00000205002,AARD,False,True,1
UBLCP1,ENSEMBL:ENSG00000164332,UBLCP1,True,False,2
ICAM5,ENSEMBL:ENSG00000105376,ICAM5,False,True,2
BDP1,ENSEMBL:ENSG00000145734,BDP1,True,True,3
UBE2Z,ENSEMBL:ENSG00000159202,UBE2Z,True,False,1
EID1,ENSEMBL:ENSG00000255302,EID1,False,True,3
SYNRG|ENSG00000275066,ENSEMBL:ENSG00000275066,SYNRG,True,False,2
ABT1,ENSEMBL:ENSG00000146109,ABT1,True,False,1
CCDC78,ENSEMBL:ENSG00000162004,CCDC78,False,True,1
IMPDH2,ENSEMBL:ENSG00000178035,IMPDH2,True,True,2
NRBP1,ENSEMBL:ENSG00000115216,NRBP1,True,True,2
TMEM184C,ENSEMBL:ENSG00000164168,TMEM184C,True,False,1
KLK13,ENSEMBL:ENSG00000167759,KLK13,True,False,1
MTMR1,ENSEMBL:ENSG00000063601,MTMR1,True,True,3
HAUS7,ENSEMBL:ENSG00000213397,HAUS7,True,True,2
TET3,ENSEMBL:ENSG00000187605,TET3,True,True,3
HDHD2,ENSEMBL:ENSG00000167220,HDHD2,False,True,1
ZNF335,ENSEMBL:ENSG00000198026,ZNF335,True,False,1
ITGA1,ENSEMBL:ENSG00000213949,ITGA1,True,True,3
TMED6,ENSEMBL:ENSG00000157315,TMED6,False,True,1
RIC3,ENSEMBL:ENSG00000166405,RIC3,True,False,2
NLRP7,ENSEMBL:ENSG00000167634,NLRP7,True,False,1
GLT8D1,ENSEMBL:ENSG00000016864,GLT8D1,True,True,2
SLC8A2,ENSEMBL:ENSG00000118160,SLC8A2,False,True,1
STAG3L1,ENSEMBL:ENSG00000205583,STAG3L1,True,False,1
SNX17,ENSEMBL:ENSG00000115234,SNX17,True,True,3
ZNF441,ENSEMBL:ENSG00000197044,ZNF441,True,False,2
GON7,ENSEMBL:ENSG00000170270,GON7,True,False,1
ENSEMBL:ENSG00000261471,ENSEMBL:ENSG00000261471,,True,False,1
MPND,ENSEMBL:ENSG00000008382,MPND,True,True,3
FAM171A1,ENSEMBL:ENSG00000148468,FAM171A1,False,True,2
C6orf62,ENSEMBL:ENSG00000112308,C6orf62,True,True,3
OR1K1,ENSEMBL:ENSG00000165204,OR1K1,False,True,1
AIMP1,ENSEMBL:ENSG00000164022,AIMP1,True,True,3
TH,ENSEMBL:ENSG00000180176,TH,False,True,1
EPS8L1,ENSEMBL:ENSG00000131037,EPS8L1,True,True,2
WDR97,ENSEMBL:ENSG00000179698,WDR97,True,False,1
NECTIN4,ENSEMBL:ENSG00000143217,NECTIN4,True,False,1
PAXBP1-AS1,ENSEMBL:ENSG00000238197,PAXBP1-AS1,True,False,2
EFEMP1,ENSEMBL:ENSG00000115380,EFEMP1,False,True,2
PELP1,ENSEMBL:ENSG00000141456,PELP1,True,True,2
ZNF665,ENSEMBL:ENSG00000197497,ZNF665,False,True,1
DPP8,ENSEMBL:ENSG00000074603,DPP8,True,True,2
LOX,ENSEMBL:ENSG00000113083,LOX,False,True,2
PIK3R6,ENSEMBL:ENSG00000276231,PIK3R6,True,True,2
CNR1,ENSEMBL:ENSG00000118432,CNR1,False,True,3
LRAT,ENSEMBL:ENSG00000121207,LRAT,False,True,2
MATR3|ENSG00000280987,ENSEMBL:ENSG00000280987,MATR3,True,True,5
GGH,ENSEMBL:ENSG00000137563,GGH,False,True,2
PUS10,ENSEMBL:ENSG00000162927,PUS10,True,True,2
ACVR2B-AS1,ENSEMBL:ENSG00000229589,ACVR2B-AS1,True,False,1
ZNF813,ENSEMBL:ENSG00000198346,ZNF813,True,False,1
KLHDC1,ENSEMBL:ENSG00000197776,KLHDC1,True,False,1
SLC4A1AP,ENSEMBL:ENSG00000163798,SLC4A1AP,True,False,1
ABCF2,ENSEMBL:ENSG00000033050,ABCF2,True,False,1
TRIP6,ENSEMBL:ENSG00000087077,TRIP6,True,True,2
MIA-RAB4B,ENSEMBL:ENSG00000268975,MIA-RAB4B,True,False,1
TRIM23,ENSEMBL:ENSG00000113595,TRIM23,True,True,2
ENSEMBL:ENSG00000254833,ENSEMBL:ENSG00000254833,,True,False,1
ELMO3,ENSEMBL:ENSG00000102890,ELMO3,True,True,2
LRRN2,ENSEMBL:ENSG00000170382,LRRN2,True,True,3
CHAC2,ENSEMBL:ENSG00000143942,CHAC2,True,True,2
ENSEMBL:ENSG00000267904,ENSEMBL:ENSG00000267904,,True,False,1
PRANCR,ENSEMBL:ENSG00000257815,PRANCR,True,False,1
SFMBT1,ENSEMBL:ENSG00000163935,SFMBT1,True,False,2
ENSEMBL:ENSG00000260917,ENSEMBL:ENSG00000260917,,True,False,1
ERCC2,ENSEMBL:ENSG00000104884,ERCC2,True,False,1
ADAMTS20,ENSEMBL:ENSG00000173157,ADAMTS20,False,True,1
ENSEMBL:ENSG00000269242,ENSEMBL:ENSG00000269242,,True,False,1
ENSEMBL:ENSG00000279789,ENSEMBL:ENSG00000279789,,True,False,2
TFAP2E-AS1,ENSEMBL:ENSG00000239636,TFAP2E-AS1,True,False,1
LUC7L3,ENSEMBL:ENSG00000108848,LUC7L3,True,True,3
CSF1,ENSEMBL:ENSG00000184371,CSF1,True,True,5
TSPAN11,ENSEMBL:ENSG00000110900,TSPAN11,False,True,3
ENSEMBL:ENSG00000284707,ENSEMBL:ENSG00000284707,,True,False,1
CD96,ENSEMBL:ENSG00000153283,CD96,True,True,2
MNAT1,ENSEMBL:ENSG00000020426,MNAT1,True,False,1
WDR59,ENSEMBL:ENSG00000103091,WDR59,True,True,4
GNE,ENSEMBL:ENSG00000159921,GNE,False,True,1
CYB5A,ENSEMBL:ENSG00000166347,CYB5A,False,True,1
IKBKG,ENSEMBL:ENSG00000269335,IKBKG,True,True,2
SRP54,ENSEMBL:ENSG00000100883,SRP54,True,True,4
EXOG,ENSEMBL:ENSG00000157036,EXOG,True,False,1
IPP,ENSEMBL:ENSG00000197429,IPP,True,False,1
GABBR2,ENSEMBL:ENSG00000136928,GABBR2,True,True,2
ZNF550,ENSEMBL:ENSG00000251369,ZNF550,True,False,1
TTC21B,ENSEMBL:ENSG00000123607,TTC21B,True,False,1
GNG7,ENSEMBL:ENSG00000176533,GNG7,True,True,4
ENSEMBL:ENSG00000279518,ENSEMBL:ENSG00000279518,,True,False,1
FAM205A,ENSEMBL:ENSG00000205108,FAM205A,False,True,2
LOXL1,ENSEMBL:ENSG00000129038,LOXL1,False,True,4
WFDC12,ENSEMBL:ENSG00000168703,WFDC12,True,False,1
PHACTR4,ENSEMBL:ENSG00000204138,PHACTR4,True,True,2
KCNIP2,ENSEMBL:ENSG00000120049,KCNIP2,True,True,2
ELAC1,ENSEMBL:ENSG00000141642,ELAC1,True,False,2
AGMAT,ENSEMBL:ENSG00000116771,AGMAT,True,False,1
PTN,ENSEMBL:ENSG00000105894,PTN,False,True,4
CLEC4C,ENSEMBL:ENSG00000198178,CLEC4C,True,False,1
DNASE2,ENSEMBL:ENSG00000105612,DNASE2,True,True,2
USP7,ENSEMBL:ENSG00000187555,USP7,True,False,1
PSMG4,ENSEMBL:ENSG00000180822,PSMG4,True,False,1
ZNF337-AS1,ENSEMBL:ENSG00000213742,ZNF337-AS1,True,False,1
ZNF575,ENSEMBL:ENSG00000176472,ZNF575,True,False,2
PIN4,ENSEMBL:ENSG00000102309,PIN4,True,True,3
NRCAM,ENSEMBL:ENSG00000091129,NRCAM,False,True,1
NTN5,ENSEMBL:ENSG00000142233,NTN5,False,True,1
VTI1A,ENSEMBL:ENSG00000151532,VTI1A,True,False,1
DYNC2LI1,ENSEMBL:ENSG00000138036,DYNC2LI1,False,True,1
SCRN1,ENSEMBL:ENSG00000136193,SCRN1,False,True,2
HPDL,ENSEMBL:ENSG00000186603,HPDL,True,True,3
MAOA,ENSEMBL:ENSG00000189221,MAOA,False,True,2
SNAP25,ENSEMBL:ENSG00000132639,SNAP25,False,True,1
FBXO21,ENSEMBL:ENSG00000135108,FBXO21,True,True,2
MRPS22,ENSEMBL:ENSG00000175110,MRPS22,True,True,3
ANKRA2,ENSEMBL:ENSG00000164331,ANKRA2,True,True,2
TBC1D13,ENSEMBL:ENSG00000107021,TBC1D13,True,False,1
PLRG1,ENSEMBL:ENSG00000171566,PLRG1,True,False,1
F9,ENSEMBL:ENSG00000101981,F9,False,True,1
THOP1,ENSEMBL:ENSG00000172009,THOP1,True,True,3
TRMT6,ENSEMBL:ENSG00000089195,TRMT6,True,True,2
EIF3G,ENSEMBL:ENSG00000130811,EIF3G,True,False,1
C21orf91,ENSEMBL:ENSG00000154642,C21orf91,False,True,2
HNRNPA3P9,ENSEMBL:ENSG00000270903,HNRNPA3P9,True,False,1
RPS28P7,ENSEMBL:ENSG00000227097,RPS28P7,True,False,1
ENSEMBL:ENSG00000224307,ENSEMBL:ENSG00000224307,,True,False,1
TOX3,ENSEMBL:ENSG00000103460,TOX3,False,True,1
SELENOH,ENSEMBL:ENSG00000211450,SELENOH,True,True,2
TPM2,ENSEMBL:ENSG00000198467,TPM2,True,True,4
CDK15,ENSEMBL:ENSG00000138395,CDK15,True,False,1
RPL13P12,ENSEMBL:ENSG00000215030,RPL13P12,True,False,1
BTD,ENSEMBL:ENSG00000169814,BTD,False,True,1
TBC1D22B,ENSEMBL:ENSG00000065491,TBC1D22B,True,True,3
ITPKB-IT1,ENSEMBL:ENSG00000228382,ITPKB-IT1,True,False,1
CCDC113,ENSEMBL:ENSG00000103021,CCDC113,False,True,1
CPNE8,ENSEMBL:ENSG00000139117,CPNE8,False,True,1
ENSEMBL:ENSG00000280135,ENSEMBL:ENSG00000280135,,True,False,1
ISL2,ENSEMBL:ENSG00000159556,ISL2,True,False,1
SLC39A7,ENSEMBL:ENSG00000112473,SLC39A7,False,True,2
TTLL3,ENSEMBL:ENSG00000214021,TTLL3,True,False,1
ENSEMBL:ENSG00000261663,ENSEMBL:ENSG00000261663,,True,False,1
H1-4,ENSEMBL:ENSG00000168298,H1-4,False,True,1
SRSF12,ENSEMBL:ENSG00000154548,SRSF12,False,True,1
VAV2,ENSEMBL:ENSG00000160293,VAV2,True,True,3
CHRAC1,ENSEMBL:ENSG00000104472,CHRAC1,True,False,1
NKILA,ENSEMBL:ENSG00000278709,NKILA,True,False,2
LINC01301,ENSEMBL:ENSG00000251396,LINC01301,True,False,1
STK11IP,ENSEMBL:ENSG00000144589,STK11IP,True,True,3
MYF5,ENSEMBL:ENSG00000111049,MYF5,True,False,1
CARNMT1,ENSEMBL:ENSG00000156017,CARNMT1,True,False,1
TPSAB1,ENSEMBL:ENSG00000172236,TPSAB1,False,True,2
ETNK2,ENSEMBL:ENSG00000143845,ETNK2,False,True,1
CTC-338M12.4,ENSEMBL:ENSG00000233937,CTC-338M12.4,True,False,1
VDAC2P5,ENSEMBL:ENSG00000172974,VDAC2P5,True,False,1
AKR1C2,ENSEMBL:ENSG00000151632,AKR1C2,True,True,3
PPFIA3,ENSEMBL:ENSG00000177380,PPFIA3,True,False,2
ENSEMBL:ENSG00000272983,ENSEMBL:ENSG00000272983,,True,False,1
ENGASE,ENSEMBL:ENSG00000167280,ENGASE,True,True,5
KIZ,ENSEMBL:ENSG00000088970,KIZ,True,False,2
PGBD2,ENSEMBL:ENSG00000185220,PGBD2,True,False,1
VAMP5,ENSEMBL:ENSG00000168899,VAMP5,True,True,2
COASY,ENSEMBL:ENSG00000068120,COASY,True,True,2
IL22RA1,ENSEMBL:ENSG00000142677,IL22RA1,False,True,1
EMC8,ENSEMBL:ENSG00000131148,EMC8,True,True,4
IGFALS,ENSEMBL:ENSG00000099769,IGFALS,False,True,2
GSPT2,ENSEMBL:ENSG00000189369,GSPT2,True,False,1
CYP2S1,ENSEMBL:ENSG00000167600,CYP2S1,True,True,2
NOC3L,ENSEMBL:ENSG00000173145,NOC3L,True,True,3
KIAA2013,ENSEMBL:ENSG00000116685,KIAA2013,True,True,4
GTF3C3,ENSEMBL:ENSG00000119041,GTF3C3,True,True,3
TENT2,ENSEMBL:ENSG00000164329,TENT2,True,False,2
TFCP2,ENSEMBL:ENSG00000135457,TFCP2,True,False,2
CDKL1,ENSEMBL:ENSG00000100490,CDKL1,True,True,2
GHRLOS,ENSEMBL:ENSG00000240288,GHRLOS,True,False,1
ENSEMBL:ENSG00000260583,ENSEMBL:ENSG00000260583,,True,False,1
ULBP1,ENSEMBL:ENSG00000111981,ULBP1,False,True,2
NAV2,ENSEMBL:ENSG00000166833,NAV2,False,True,2
CDCA4,ENSEMBL:ENSG00000170779,CDCA4,True,True,2
SMIM10L2B,ENSEMBL:ENSG00000196972,SMIM10L2B,True,False,1
CASTOR3,ENSEMBL:ENSG00000239521,CASTOR3,True,False,1
TMOD3,ENSEMBL:ENSG00000138594,TMOD3,True,False,2
PCBP4,ENSEMBL:ENSG00000090097,PCBP4,True,False,2
LAPTM4A,ENSEMBL:ENSG00000068697,LAPTM4A,True,True,3
RASSF6,ENSEMBL:ENSG00000169435,RASSF6,False,True,3
RSPRY1,ENSEMBL:ENSG00000159579,RSPRY1,True,False,2
LEO1,ENSEMBL:ENSG00000166477,LEO1,True,False,1
TMC7,ENSEMBL:ENSG00000170537,TMC7,True,True,2
ENSEMBL:ENSG00000226380,ENSEMBL:ENSG00000226380,,True,False,1
ENSEMBL:ENSG00000276248,ENSEMBL:ENSG00000276248,,True,False,1
LINC01750,ENSEMBL:ENSG00000231437,LINC01750,True,False,2
NPHP3,ENSEMBL:ENSG00000113971,NPHP3,True,False,1
AKR1B1,ENSEMBL:ENSG00000085662,AKR1B1,True,True,3
CRYBG1,ENSEMBL:ENSG00000112297,CRYBG1,True,True,2
ACP1,ENSEMBL:ENSG00000143727,ACP1,False,True,2
C5orf63,ENSEMBL:ENSG00000164241,C5orf63,True,False,1
VPS29,ENSEMBL:ENSG00000111237,VPS29,False,True,1
ENSEMBL:ENSG00000278989,ENSEMBL:ENSG00000278989,,True,False,1
TPK1,ENSEMBL:ENSG00000196511,TPK1,False,True,2
SLC2A12,ENSEMBL:ENSG00000146411,SLC2A12,False,True,1
CDK2,ENSEMBL:ENSG00000123374,CDK2,False,True,2
THTPA,ENSEMBL:ENSG00000259431,THTPA,True,True,3
CDK1,ENSEMBL:ENSG00000170312,CDK1,False,True,3
DNAJC9,ENSEMBL:ENSG00000213551,DNAJC9,True,True,3
TM2D3,ENSEMBL:ENSG00000184277,TM2D3,True,False,1
MRPS24,ENSEMBL:ENSG00000062582,MRPS24,False,True,2
PSMA3,ENSEMBL:ENSG00000100567,PSMA3,True,True,3
GLMP,ENSEMBL:ENSG00000198715,GLMP,False,True,1
SEC23IP,ENSEMBL:ENSG00000107651,SEC23IP,True,False,1
LIFR-AS1,ENSEMBL:ENSG00000244968,LIFR-AS1,True,False,1
GEMIN2,ENSEMBL:ENSG00000092208,GEMIN2,True,True,2
MRPL3,ENSEMBL:ENSG00000114686,MRPL3,True,True,3
TXNL4B,ENSEMBL:ENSG00000140830,TXNL4B,True,False,1
CDH4,ENSEMBL:ENSG00000179242,CDH4,False,True,2
LACC1,ENSEMBL:ENSG00000179630,LACC1,False,True,3
MAP3K5,ENSEMBL:ENSG00000197442,MAP3K5,True,False,1
HSPA14,ENSEMBL:ENSG00000187522,HSPA14,False,True,1
POLR2J3,ENSEMBL:ENSG00000285437,POLR2J3,True,False,1
ATP13A4,ENSEMBL:ENSG00000127249,ATP13A4,False,True,2
PROS1,ENSEMBL:ENSG00000184500,PROS1,False,True,3
WRAP73,ENSEMBL:ENSG00000116213,WRAP73,True,True,2
SLC39A3,ENSEMBL:ENSG00000141873,SLC39A3,True,False,1
DDX51,ENSEMBL:ENSG00000185163,DDX51,True,False,1
LINC02207,ENSEMBL:ENSG00000258476,LINC02207,True,False,1
SOWAHC,ENSEMBL:ENSG00000198142,SOWAHC,True,False,2
ATL2,ENSEMBL:ENSG00000119787,ATL2,True,True,3
FAM50B,ENSEMBL:ENSG00000145945,FAM50B,True,False,1
NIPSNAP2,ENSEMBL:ENSG00000146729,NIPSNAP2,True,True,4
GPR37L1,ENSEMBL:ENSG00000170075,GPR37L1,False,True,2
LDLRAD4,ENSEMBL:ENSG00000168675,LDLRAD4,False,True,2
COL9A2,ENSEMBL:ENSG00000049089,COL9A2,False,True,1
TOMM5,ENSEMBL:ENSG00000175768,TOMM5,True,True,4
NSG1,ENSEMBL:ENSG00000168824,NSG1,True,True,2
APOBEC1,ENSEMBL:ENSG00000111701,APOBEC1,False,True,1
BIVM,ENSEMBL:ENSG00000134897,BIVM,True,False,1
SRM,ENSEMBL:ENSG00000116649,SRM,True,False,2
BEND7,ENSEMBL:ENSG00000165626,BEND7,True,True,2
ENSEMBL:ENSG00000203644,ENSEMBL:ENSG00000203644,,True,False,1
ZNF720,ENSEMBL:ENSG00000197302,ZNF720,True,False,1
LAS1L,ENSEMBL:ENSG00000001497,LAS1L,True,False,2
ENSEMBL:ENSG00000287277,ENSEMBL:ENSG00000287277,,True,False,1
MAIP1,ENSEMBL:ENSG00000162972,MAIP1,True,True,2
ENSEMBL:ENSG00000287823,ENSEMBL:ENSG00000287823,,True,False,1
MAGI3,ENSEMBL:ENSG00000081026,MAGI3,False,True,1
TRDN,ENSEMBL:ENSG00000186439,TRDN,True,True,3
UNC93A,ENSEMBL:ENSG00000112494,UNC93A,False,True,4
POMT2,ENSEMBL:ENSG00000009830,POMT2,True,False,1
RPUSD2,ENSEMBL:ENSG00000166133,RPUSD2,False,True,1
RBIS,ENSEMBL:ENSG00000176731,RBIS,True,False,1
CAMK1,ENSEMBL:ENSG00000134072,CAMK1,True,False,1
OLIG2,ENSEMBL:ENSG00000205927,OLIG2,True,False,1
LRRN1,ENSEMBL:ENSG00000175928,LRRN1,True,False,1
LINC01358,ENSEMBL:ENSG00000237352,LINC01358,True,False,1
BLM,ENSEMBL:ENSG00000197299,BLM,True,True,2
PLPP2,ENSEMBL:ENSG00000141934,PLPP2,False,True,2
FAR1,ENSEMBL:ENSG00000197601,FAR1,True,False,3
GGA3,ENSEMBL:ENSG00000125447,GGA3,True,True,3
LINC01505,ENSEMBL:ENSG00000234323,LINC01505,True,False,2
C2orf88,ENSEMBL:ENSG00000187699,C2orf88,True,False,2
ZEB1,ENSEMBL:ENSG00000148516,ZEB1,True,True,3
CAMK2N1,ENSEMBL:ENSG00000162545,CAMK2N1,True,True,3
FGGY-DT,ENSEMBL:ENSG00000224609,FGGY-DT,True,False,1
NDUFAF3,ENSEMBL:ENSG00000178057,NDUFAF3,False,True,2
RIDA,ENSEMBL:ENSG00000132541,RIDA,True,True,3
MYCBP,ENSEMBL:ENSG00000214114,MYCBP,True,True,3
ZSCAN18,ENSEMBL:ENSG00000121413,ZSCAN18,True,False,1
PAQR6,ENSEMBL:ENSG00000160781,PAQR6,False,True,3
MCPH1-AS1,ENSEMBL:ENSG00000249898,MCPH1-AS1,True,False,1
APOD,ENSEMBL:ENSG00000189058,APOD,False,True,1
JAZF1,ENSEMBL:ENSG00000153814,JAZF1,False,True,2
KRT17,ENSEMBL:ENSG00000128422,KRT17,False,True,1
SPCS2,ENSEMBL:ENSG00000118363,SPCS2,True,True,4
STAB2,ENSEMBL:ENSG00000136011,STAB2,False,True,1
METAP1,ENSEMBL:ENSG00000164024,METAP1,False,True,3
BRI3BP,ENSEMBL:ENSG00000184992,BRI3BP,True,False,2
TOR1A,ENSEMBL:ENSG00000136827,TOR1A,True,False,2
ENSEMBL:ENSG00000280163,ENSEMBL:ENSG00000280163,,True,False,1
SIGLEC16,ENSEMBL:ENSG00000161643,SIGLEC16,True,False,1
UNC5A,ENSEMBL:ENSG00000113763,UNC5A,True,True,2
ZNF697,ENSEMBL:ENSG00000143067,ZNF697,True,False,1
MDS2,ENSEMBL:ENSG00000197880,MDS2,True,False,1
SPIN2A,ENSEMBL:ENSG00000147059,SPIN2A,True,False,1
ENSEMBL:ENSG00000272356,ENSEMBL:ENSG00000272356,,True,False,1
ITGA2-AS1,ENSEMBL:ENSG00000249899,ITGA2-AS1,True,False,1
SCAT8,ENSEMBL:ENSG00000236345,SCAT8,True,False,1
POLR2E,ENSEMBL:ENSG00000099817,POLR2E,True,True,2
ZBTB2,ENSEMBL:ENSG00000181472,ZBTB2,True,False,2
MT1M,ENSEMBL:ENSG00000205364,MT1M,False,True,1
PBK,ENSEMBL:ENSG00000168078,PBK,False,True,2
DDAH2,ENSEMBL:ENSG00000213722,DDAH2,True,True,3
ITGA9,ENSEMBL:ENSG00000144668,ITGA9,True,True,5
PDCD1LG2,ENSEMBL:ENSG00000197646,PDCD1LG2,True,True,2
FGF2,ENSEMBL:ENSG00000138685,FGF2,False,True,1
TINF2,ENSEMBL:ENSG00000092330,TINF2,True,True,2
COG7,ENSEMBL:ENSG00000168434,COG7,True,True,2
THAP12,ENSEMBL:ENSG00000137492,THAP12,True,True,2
PPP4R3A,ENSEMBL:ENSG00000100796,PPP4R3A,True,True,5
BRD9,ENSEMBL:ENSG00000028310,BRD9,True,False,1
GML,ENSEMBL:ENSG00000104499,GML,False,True,1
ENSEMBL:ENSG00000249186,ENSEMBL:ENSG00000249186,,True,False,1
ZNF521,ENSEMBL:ENSG00000198795,ZNF521,True,True,2
PCDH7,ENSEMBL:ENSG00000169851,PCDH7,True,True,3
SLC10A6,ENSEMBL:ENSG00000145283,SLC10A6,False,True,1
ST3GAL6,ENSEMBL:ENSG00000064225,ST3GAL6,True,True,3
C12orf43,ENSEMBL:ENSG00000157895,C12orf43,True,False,1
TNFSF8,ENSEMBL:ENSG00000106952,TNFSF8,False,True,2
ENSEMBL:ENSG00000260604,ENSEMBL:ENSG00000260604,,True,False,1
C1orf162,ENSEMBL:ENSG00000143110,C1orf162,True,False,2
YOD1,ENSEMBL:ENSG00000180667,YOD1,True,True,2
CLEC2L,ENSEMBL:ENSG00000236279,CLEC2L,False,True,1
GBP3,ENSEMBL:ENSG00000117226,GBP3,False,True,2
FANCC,ENSEMBL:ENSG00000158169,FANCC,True,False,1
RRP1B,ENSEMBL:ENSG00000160208,RRP1B,True,False,1
RASA1,ENSEMBL:ENSG00000145715,RASA1,True,False,1
H2AZ2,ENSEMBL:ENSG00000105968,H2AZ2,True,False,1
TMEM147,ENSEMBL:ENSG00000105677,TMEM147,False,True,1
GPN3,ENSEMBL:ENSG00000111231,GPN3,True,True,2
RAP2B,ENSEMBL:ENSG00000181467,RAP2B,True,False,1
NEMP2,ENSEMBL:ENSG00000189362,NEMP2,True,False,1
ENSEMBL:ENSG00000279722,ENSEMBL:ENSG00000279722,,True,False,1
SPEF2,ENSEMBL:ENSG00000152582,SPEF2,True,False,1
SCARF2,ENSEMBL:ENSG00000244486,SCARF2,True,True,2
L3MBTL3,ENSEMBL:ENSG00000198945,L3MBTL3,False,True,2
LST1,ENSEMBL:ENSG00000204482,LST1,True,True,2
METTL27,ENSEMBL:ENSG00000165171,METTL27,False,True,2
SDSL,ENSEMBL:ENSG00000139410,SDSL,True,True,2
THAP9-AS1,ENSEMBL:ENSG00000251022,THAP9-AS1,True,False,1
EMC7,ENSEMBL:ENSG00000134153,EMC7,True,True,2
RPS6KA2,ENSEMBL:ENSG00000071242,RPS6KA2,True,False,2
ZFHX2-AS1,ENSEMBL:ENSG00000157306,ZFHX2-AS1,True,False,1
EPB41L4B,ENSEMBL:ENSG00000095203,EPB41L4B,False,True,1
GFPT1,ENSEMBL:ENSG00000198380,GFPT1,True,True,4
IL1RL2,ENSEMBL:ENSG00000115598,IL1RL2,False,True,1
PFDN1,ENSEMBL:ENSG00000113068,PFDN1,True,True,2
SLC16A9,ENSEMBL:ENSG00000165449,SLC16A9,True,False,1
IL20RB,ENSEMBL:ENSG00000174564,IL20RB,True,False,1
TMEM132A,ENSEMBL:ENSG00000006118,TMEM132A,False,True,1
BICD1,ENSEMBL:ENSG00000151746,BICD1,False,True,1
PHF10,ENSEMBL:ENSG00000130024,PHF10,False,True,1
ENSEMBL:ENSG00000286646,ENSEMBL:ENSG00000286646,,True,False,1
MTFR2,ENSEMBL:ENSG00000146410,MTFR2,False,True,3
DOK5,ENSEMBL:ENSG00000101134,DOK5,True,False,1
TLX1,ENSEMBL:ENSG00000107807,TLX1,False,True,1
ENSEMBL:ENSG00000289339,ENSEMBL:ENSG00000289339,,True,False,1
PCDHB11,ENSEMBL:ENSG00000197479,PCDHB11,True,False,1
NUTM2E,ENSEMBL:ENSG00000228570,NUTM2E,True,False,1
PMS2P1,ENSEMBL:ENSG00000078319,PMS2P1,True,False,2
NECAB1,ENSEMBL:ENSG00000123119,NECAB1,False,True,1
LAMA5,ENSEMBL:ENSG00000130702,LAMA5,True,True,3
EPX,ENSEMBL:ENSG00000121053,EPX,False,True,1
SART1,ENSEMBL:ENSG00000175467,SART1,True,False,1
SYNGAP1|ENSG00000227460,ENSEMBL:ENSG00000227460,SYNGAP1,False,True,2
FAT2,ENSEMBL:ENSG00000086570,FAT2,False,True,1
C10orf143,ENSEMBL:ENSG00000237489,C10orf143,True,True,2
PSD2,ENSEMBL:ENSG00000146005,PSD2,False,True,3
IK,ENSEMBL:ENSG00000113141,IK,True,True,2
CARD16,ENSEMBL:ENSG00000204397,CARD16,True,False,1
NT5E,ENSEMBL:ENSG00000135318,NT5E,True,True,5
C19orf84,ENSEMBL:ENSG00000262874,C19orf84,True,False,1
RAB11FIP2,ENSEMBL:ENSG00000107560,RAB11FIP2,True,False,1
SPCS3,ENSEMBL:ENSG00000129128,SPCS3,True,True,3
VRK1,ENSEMBL:ENSG00000100749,VRK1,True,False,2
SYN1,ENSEMBL:ENSG00000008056,SYN1,False,True,2
ARIH2OS,ENSEMBL:ENSG00000221883,ARIH2OS,True,False,1
PCAT7,ENSEMBL:ENSG00000231806,PCAT7,True,False,1
PRPS1P2,ENSEMBL:ENSG00000232630,PRPS1P2,True,False,1
SAP30L,ENSEMBL:ENSG00000164576,SAP30L,True,False,1
ZNF622,ENSEMBL:ENSG00000173545,ZNF622,True,False,2
MRPL9,ENSEMBL:ENSG00000143436,MRPL9,True,False,1
VSTM4,ENSEMBL:ENSG00000165633,VSTM4,False,True,2
CPNE5,ENSEMBL:ENSG00000124772,CPNE5,False,True,1
ATP6V1C2,ENSEMBL:ENSG00000143882,ATP6V1C2,False,True,1
ENSEMBL:ENSG00000263624,ENSEMBL:ENSG00000263624,,True,False,1
ENSEMBL:ENSG00000226849,ENSEMBL:ENSG00000226849,,True,False,1
POTEM,ENSEMBL:ENSG00000222036,POTEM,False,True,1
ENSEMBL:ENSG00000260948,ENSEMBL:ENSG00000260948,,True,False,1
NBPF8,ENSEMBL:ENSG00000270231,NBPF8,True,False,1
ZNF557,ENSEMBL:ENSG00000130544,ZNF557,True,False,1
ARHGAP31,ENSEMBL:ENSG00000031081,ARHGAP31,True,True,4
NEK1,ENSEMBL:ENSG00000137601,NEK1,True,False,1
PDCD6,ENSEMBL:ENSG00000249915,PDCD6,True,False,1
MANEA,ENSEMBL:ENSG00000172469,MANEA,False,True,1
CHERP,ENSEMBL:ENSG00000085872,CHERP,True,True,3
ENSEMBL:ENSG00000230910,ENSEMBL:ENSG00000230910,,True,False,1
PDE1A,ENSEMBL:ENSG00000115252,PDE1A,False,True,2
MALL,ENSEMBL:ENSG00000144063,MALL,False,True,2
TBC1D5,ENSEMBL:ENSG00000131374,TBC1D5,True,True,3
ENSEMBL:ENSG00000275367,ENSEMBL:ENSG00000275367,,True,False,1
PIN1,ENSEMBL:ENSG00000127445,PIN1,True,True,4
YIPF5,ENSEMBL:ENSG00000145817,YIPF5,True,True,3
STAMBPL1,ENSEMBL:ENSG00000138134,STAMBPL1,True,False,2
HDAC7,ENSEMBL:ENSG00000061273,HDAC7,True,True,3
PIGN,ENSEMBL:ENSG00000197563,PIGN,False,True,1
ZNF786,ENSEMBL:ENSG00000197362,ZNF786,True,False,1
FRYL,ENSEMBL:ENSG00000075539,FRYL,True,False,1
ZNF45,ENSEMBL:ENSG00000124459,ZNF45,True,True,2
WASF3,ENSEMBL:ENSG00000132970,WASF3,True,False,1
SLC35D2,ENSEMBL:ENSG00000130958,SLC35D2,False,True,1
TSEN2,ENSEMBL:ENSG00000154743,TSEN2,True,False,1
TMEM30A,ENSEMBL:ENSG00000112697,TMEM30A,True,True,3
PLA2G4B,ENSEMBL:ENSG00000243708,PLA2G4B,False,True,2
CNGA1,ENSEMBL:ENSG00000198515,CNGA1,True,False,1
SMYD1,ENSEMBL:ENSG00000115593,SMYD1,True,True,2
NDUFA4L2,ENSEMBL:ENSG00000185633,NDUFA4L2,False,True,1
DCST2,ENSEMBL:ENSG00000163354,DCST2,True,False,1
PLBD1-AS1,ENSEMBL:ENSG00000256751,PLBD1-AS1,True,False,2
EMILIN2,ENSEMBL:ENSG00000132205,EMILIN2,False,True,2
B9D1,ENSEMBL:ENSG00000108641,B9D1,True,True,3
PIP4K2B|ENSG00000276293,ENSEMBL:ENSG00000276293,PIP4K2B,True,False,1
HEATR5A,ENSEMBL:ENSG00000129493,HEATR5A,True,True,3
TTC8,ENSEMBL:ENSG00000165533,TTC8,False,True,1
KLHL18,ENSEMBL:ENSG00000114648,KLHL18,True,False,2
TNFRSF19,ENSEMBL:ENSG00000127863,TNFRSF19,True,False,1
ENSEMBL:ENSG00000284431,ENSEMBL:ENSG00000284431,,True,False,1
CEACAM16,ENSEMBL:ENSG00000213892,CEACAM16,False,True,1
TOMM7,ENSEMBL:ENSG00000196683,TOMM7,True,False,1
ODF3L1,ENSEMBL:ENSG00000182950,ODF3L1,False,True,1
ZBTB20-AS1,ENSEMBL:ENSG00000241560,ZBTB20-AS1,True,False,1
ANKIB1,ENSEMBL:ENSG00000001629,ANKIB1,True,True,2
KIF13B,ENSEMBL:ENSG00000197892,KIF13B,False,True,1
PEX11B,ENSEMBL:ENSG00000131779,PEX11B,True,False,2
PGPEP1L,ENSEMBL:ENSG00000183571,PGPEP1L,True,False,1
DMRTA2,ENSEMBL:ENSG00000142700,DMRTA2,False,True,1
IL17RB,ENSEMBL:ENSG00000056736,IL17RB,False,True,1
PRSS40B,ENSEMBL:ENSG00000184761,PRSS40B,False,True,1
ENSEMBL:ENSG00000272140,ENSEMBL:ENSG00000272140,,True,False,1
RNF207,ENSEMBL:ENSG00000158286,RNF207,True,True,3
TLL1,ENSEMBL:ENSG00000038295,TLL1,True,False,1
PRPF18,ENSEMBL:ENSG00000165630,PRPF18,False,True,3
STARD3NL,ENSEMBL:ENSG00000010270,STARD3NL,False,True,2
SNPH,ENSEMBL:ENSG00000101298,SNPH,True,False,2
HLA-DRB1|ENSG00000196126,ENSEMBL:ENSG00000196126,HLA-DRB1,True,False,2
MAGEH1,ENSEMBL:ENSG00000187601,MAGEH1,True,True,3
RND1,ENSEMBL:ENSG00000172602,RND1,False,True,3
TBX15,ENSEMBL:ENSG00000092607,TBX15,True,True,3
MEST,ENSEMBL:ENSG00000106484,MEST,False,True,2
CDK20,ENSEMBL:ENSG00000156345,CDK20,True,False,2
OLFM2,ENSEMBL:ENSG00000105088,OLFM2,True,False,1
ENSEMBL:ENSG00000288882,ENSEMBL:ENSG00000288882,,True,False,1
MIS18BP1,ENSEMBL:ENSG00000129534,MIS18BP1,True,False,1
LRCH2,ENSEMBL:ENSG00000130224,LRCH2,False,True,2
FAM171A2,ENSEMBL:ENSG00000161682,FAM171A2,False,True,1
EID2B,ENSEMBL:ENSG00000176401,EID2B,True,False,1
C16orf86,ENSEMBL:ENSG00000159761,C16orf86,True,False,2
ENSEMBL:ENSG00000273230,ENSEMBL:ENSG00000273230,,True,False,1
BUD13,ENSEMBL:ENSG00000137656,BUD13,True,False,2
AFMID,ENSEMBL:ENSG00000183077,AFMID,False,True,1
KCNE2,ENSEMBL:ENSG00000159197,KCNE2,False,True,2
MEG3,ENSEMBL:ENSG00000214548,MEG3,True,False,1
RSU1,ENSEMBL:ENSG00000148484,RSU1,True,False,1
CTSV,ENSEMBL:ENSG00000136943,CTSV,True,False,1
TMSB15A,ENSEMBL:ENSG00000158164,TMSB15A,False,True,1
CHRNB1,ENSEMBL:ENSG00000170175,CHRNB1,True,True,2
GATA5,ENSEMBL:ENSG00000130700,GATA5,False,True,1
SUMO3,ENSEMBL:ENSG00000184900,SUMO3,True,True,2
COL7A1,ENSEMBL:ENSG00000114270,COL7A1,False,True,2
MYBPHL,ENSEMBL:ENSG00000221986,MYBPHL,False,True,1
ARHGAP44,ENSEMBL:ENSG00000006740,ARHGAP44,True,False,1
C6orf163,ENSEMBL:ENSG00000203872,C6orf163,True,False,1
USP37,ENSEMBL:ENSG00000135913,USP37,True,True,2
NDUFAF8,ENSEMBL:ENSG00000224877,NDUFAF8,False,True,3
VPS13B,ENSEMBL:ENSG00000132549,VPS13B,True,False,1
SLC47A1,ENSEMBL:ENSG00000142494,SLC47A1,True,True,2
ENSEMBL:ENSG00000260170,ENSEMBL:ENSG00000260170,,True,False,1
RANBP17,ENSEMBL:ENSG00000204764,RANBP17,False,True,1
CMC4,ENSEMBL:ENSG00000182712,CMC4,True,False,1
ENSEMBL:ENSG00000273203,ENSEMBL:ENSG00000273203,,True,False,1
ACOD1,ENSEMBL:ENSG00000102794,ACOD1,False,True,1
ENSEMBL:ENSG00000254539,ENSEMBL:ENSG00000254539,,True,False,1
LINC01137,ENSEMBL:ENSG00000233621,LINC01137,True,False,1
CGB7,ENSEMBL:ENSG00000196337,CGB7,True,False,1
ENSEMBL:ENSG00000238009,ENSEMBL:ENSG00000238009,,True,False,1
LRRCC1,ENSEMBL:ENSG00000133739,LRRCC1,False,True,2
GTSE1,ENSEMBL:ENSG00000075218,GTSE1,False,True,2
CDC20P1,ENSEMBL:ENSG00000231007,CDC20P1,True,False,1
SNX7,ENSEMBL:ENSG00000162627,SNX7,False,True,2
ENSEMBL:ENSG00000278867,ENSEMBL:ENSG00000278867,,True,False,1
MRPS26,ENSEMBL:ENSG00000125901,MRPS26,True,False,1
KIF20B,ENSEMBL:ENSG00000138182,KIF20B,False,True,1
SHFL,ENSEMBL:ENSG00000130813,SHFL,True,False,1
GRIN2D,ENSEMBL:ENSG00000105464,GRIN2D,False,True,2
KRT13,ENSEMBL:ENSG00000171401,KRT13,False,True,2
ANKRD26,ENSEMBL:ENSG00000107890,ANKRD26,False,True,1
IMP4,ENSEMBL:ENSG00000136718,IMP4,True,False,2
ARL15,ENSEMBL:ENSG00000185305,ARL15,False,True,1
TMEM167A,ENSEMBL:ENSG00000174695,TMEM167A,True,True,3
ENSEMBL:ENSG00000214135,ENSEMBL:ENSG00000214135,,True,False,2
OR6X1,ENSEMBL:ENSG00000221931,OR6X1,False,True,1
SLC35A3,ENSEMBL:ENSG00000117620,SLC35A3,True,False,1
CDCA2,ENSEMBL:ENSG00000184661,CDCA2,False,True,1
MCM9,ENSEMBL:ENSG00000111877,MCM9,True,False,2
ENSEMBL:ENSG00000286689,ENSEMBL:ENSG00000286689,,True,False,1
TMEM59L,ENSEMBL:ENSG00000105696,TMEM59L,False,True,1
SLC36A4,ENSEMBL:ENSG00000180773,SLC36A4,False,True,1
FBLIM1,ENSEMBL:ENSG00000162458,FBLIM1,False,True,1
PHAX,ENSEMBL:ENSG00000164902,PHAX,True,True,2
GCSH,ENSEMBL:ENSG00000140905,GCSH,False,True,4
CWC27,ENSEMBL:ENSG00000153015,CWC27,True,False,1
UBE2Q2,ENSEMBL:ENSG00000140367,UBE2Q2,True,False,1
PRR29,ENSEMBL:ENSG00000224383,PRR29,True,False,1
SEMA7A,ENSEMBL:ENSG00000138623,SEMA7A,True,True,4
P2RX7,ENSEMBL:ENSG00000089041,P2RX7,True,True,2
REC114,ENSEMBL:ENSG00000183324,REC114,False,True,1
LPAR5,ENSEMBL:ENSG00000184574,LPAR5,True,True,2
CLEC17A,ENSEMBL:ENSG00000187912,CLEC17A,True,False,1
DCAF13,ENSEMBL:ENSG00000164934,DCAF13,True,False,2
RPL4P5,ENSEMBL:ENSG00000230207,RPL4P5,True,False,1
EGR4,ENSEMBL:ENSG00000135625,EGR4,False,True,1
SNHG7,ENSEMBL:ENSG00000233016,SNHG7,True,False,1
DPM3,ENSEMBL:ENSG00000179085,DPM3,False,True,1
PM20D1,ENSEMBL:ENSG00000162877,PM20D1,False,True,3
RPP14,ENSEMBL:ENSG00000163684,RPP14,True,False,1
VKORC1L1,ENSEMBL:ENSG00000196715,VKORC1L1,True,True,4
ELMOD3,ENSEMBL:ENSG00000115459,ELMOD3,True,True,3
ENSEMBL:ENSG00000250282,ENSEMBL:ENSG00000250282,,True,False,1
SLITRK4,ENSEMBL:ENSG00000179542,SLITRK4,True,False,1
FGD1,ENSEMBL:ENSG00000102302,FGD1,False,True,1
COL11A1,ENSEMBL:ENSG00000060718,COL11A1,False,True,1
SPECC1L,ENSEMBL:ENSG00000100014,SPECC1L,True,True,3
BRINP2,ENSEMBL:ENSG00000198797,BRINP2,False,True,1
UBE3A,ENSEMBL:ENSG00000114062,UBE3A,True,True,4
RRN3P1,ENSEMBL:ENSG00000248124,RRN3P1,True,False,1
CLN3,ENSEMBL:ENSG00000188603,CLN3,True,False,2
ENSEMBL:ENSG00000260793,ENSEMBL:ENSG00000260793,,True,False,2
ENSEMBL:ENSG00000260853,ENSEMBL:ENSG00000260853,,True,False,1
ENTPD3,ENSEMBL:ENSG00000168032,ENTPD3,False,True,1
IFT57,ENSEMBL:ENSG00000114446,IFT57,False,True,1
ANOS1,ENSEMBL:ENSG00000011201,ANOS1,True,False,1
ERP44,ENSEMBL:ENSG00000023318,ERP44,True,True,4
FAM76B,ENSEMBL:ENSG00000077458,FAM76B,True,True,3
MTRNR2L12,ENSEMBL:ENSG00000269028,MTRNR2L12,True,False,2
ATXN1-AS1,ENSEMBL:ENSG00000229931,ATXN1-AS1,True,False,1
RITA1,ENSEMBL:ENSG00000139405,RITA1,True,True,2
COQ8B,ENSEMBL:ENSG00000123815,COQ8B,True,False,1
NPTN-IT1,ENSEMBL:ENSG00000281183,NPTN-IT1,True,False,1
OTUD7A,ENSEMBL:ENSG00000169918,OTUD7A,False,True,1
PLK5,ENSEMBL:ENSG00000185988,PLK5,False,True,2
NAA80,ENSEMBL:ENSG00000243477,NAA80,True,True,3
IL15RA,ENSEMBL:ENSG00000134470,IL15RA,True,True,2
PAQR7,ENSEMBL:ENSG00000182749,PAQR7,True,True,2
SLC7A7,ENSEMBL:ENSG00000155465,SLC7A7,False,True,1
C4orf19,ENSEMBL:ENSG00000154274,C4orf19,False,True,1
PRG4,ENSEMBL:ENSG00000116690,PRG4,False,True,4
FBXL15,ENSEMBL:ENSG00000107872,FBXL15,True,False,2
ENSEMBL:ENSG00000249971,ENSEMBL:ENSG00000249971,,True,False,1
MGARP,ENSEMBL:ENSG00000137463,MGARP,False,True,1
MARCO,ENSEMBL:ENSG00000019169,MARCO,False,True,1
HSD17B3,ENSEMBL:ENSG00000130948,HSD17B3,True,False,1
ATN1,ENSEMBL:ENSG00000111676,ATN1,True,True,4
ENSEMBL:ENSG00000289371,ENSEMBL:ENSG00000289371,,True,False,1
PURG,ENSEMBL:ENSG00000172733,PURG,False,True,1
TATDN1,ENSEMBL:ENSG00000147687,TATDN1,True,True,2
MIR210HG,ENSEMBL:ENSG00000247095,MIR210HG,True,False,1
C16orf91,ENSEMBL:ENSG00000174109,C16orf91,True,False,1
BANF1,ENSEMBL:ENSG00000175334,BANF1,True,True,2
DDN,ENSEMBL:ENSG00000181418,DDN,True,True,2
SYT1,ENSEMBL:ENSG00000067715,SYT1,False,True,1
TACR3,ENSEMBL:ENSG00000169836,TACR3,False,True,1
ENOX2,ENSEMBL:ENSG00000165675,ENOX2,True,False,1
ENSEMBL:ENSG00000227081,ENSEMBL:ENSG00000227081,,True,False,1
ENSEMBL:ENSG00000279059,ENSEMBL:ENSG00000279059,,True,False,1
DUOX2,ENSEMBL:ENSG00000140279,DUOX2,False,True,1
ENSEMBL:ENSG00000259891,ENSEMBL:ENSG00000259891,,True,False,1
TTLL6,ENSEMBL:ENSG00000170703,TTLL6,False,True,2
RADIL,ENSEMBL:ENSG00000157927,RADIL,True,True,2
AGAP10P,ENSEMBL:ENSG00000230869,AGAP10P,True,False,1
TSNAXIP1,ENSEMBL:ENSG00000102904,TSNAXIP1,True,False,1
MAP7,ENSEMBL:ENSG00000135525,MAP7,False,True,2
CFTR,ENSEMBL:ENSG00000001626,CFTR,False,True,1
RNF20,ENSEMBL:ENSG00000155827,RNF20,True,False,1
KANSL1L-AS1,ENSEMBL:ENSG00000229127,KANSL1L-AS1,True,False,1
ENSEMBL:ENSG00000231412,ENSEMBL:ENSG00000231412,,True,False,1
ARHGEF10,ENSEMBL:ENSG00000104728,ARHGEF10,False,True,1
AP3B1,ENSEMBL:ENSG00000132842,AP3B1,False,True,2
SSPN,ENSEMBL:ENSG00000123096,SSPN,False,True,1
FOXRED1,ENSEMBL:ENSG00000110074,FOXRED1,True,False,1
MFSD6,ENSEMBL:ENSG00000151690,MFSD6,True,True,4
OGFOD3,ENSEMBL:ENSG00000181396,OGFOD3,True,False,1
ENSEMBL:ENSG00000260751,ENSEMBL:ENSG00000260751,,True,False,1
SERINC4,ENSEMBL:ENSG00000184716,SERINC4,False,True,1
CARD8-AS1,ENSEMBL:ENSG00000268001,CARD8-AS1,True,False,2
BDNF-AS,ENSEMBL:ENSG00000245573,BDNF-AS,True,False,2
COL24A1,ENSEMBL:ENSG00000171502,COL24A1,True,True,2
SCARNA5,ENSEMBL:ENSG00000252010,SCARNA5,True,False,1
FAM72A,ENSEMBL:ENSG00000196550,FAM72A,True,False,1
RHOQ,ENSEMBL:ENSG00000119729,RHOQ,True,True,5
ZMYM6,ENSEMBL:ENSG00000163867,ZMYM6,True,True,2
N4BP2L2-IT2,ENSEMBL:ENSG00000281026,N4BP2L2-IT2,True,False,1
CREB3L4,ENSEMBL:ENSG00000143578,CREB3L4,True,True,3
SCOC,ENSEMBL:ENSG00000153130,SCOC,True,False,1
NUTF2,ENSEMBL:ENSG00000102898,NUTF2,True,True,3
NCOR1,ENSEMBL:ENSG00000141027,NCOR1,True,False,2
VPS36,ENSEMBL:ENSG00000136100,VPS36,True,True,2
ENSEMBL:ENSG00000272909,ENSEMBL:ENSG00000272909,,True,False,1
GAL,ENSEMBL:ENSG00000069482,GAL,False,True,1
FLVCR2,ENSEMBL:ENSG00000119686,FLVCR2,True,True,2
TMEM67,ENSEMBL:ENSG00000164953,TMEM67,True,False,1
SEPTIN2,ENSEMBL:ENSG00000168385,SEPTIN2,True,False,2
EML4,ENSEMBL:ENSG00000143924,EML4,True,False,2
CCR3,ENSEMBL:ENSG00000183625,CCR3,True,False,2
VPS4A,ENSEMBL:ENSG00000132612,VPS4A,True,False,1
IL17RD,ENSEMBL:ENSG00000144730,IL17RD,True,True,2
ARPC4,ENSEMBL:ENSG00000241553,ARPC4,True,True,3
ENSEMBL:ENSG00000261094,ENSEMBL:ENSG00000261094,,True,False,1
GCLC,ENSEMBL:ENSG00000001084,GCLC,False,True,1
ZBTB46,ENSEMBL:ENSG00000130584,ZBTB46,True,False,1
MFSD14C,ENSEMBL:ENSG00000196312,MFSD14C,True,False,1
SPINK6,ENSEMBL:ENSG00000178172,SPINK6,True,False,1
MTMR12,ENSEMBL:ENSG00000150712,MTMR12,True,True,3
NGEF,ENSEMBL:ENSG00000066248,NGEF,False,True,3
SPSB2,ENSEMBL:ENSG00000111671,SPSB2,True,False,1
POP5,ENSEMBL:ENSG00000167272,POP5,True,False,1
TMEM222,ENSEMBL:ENSG00000186501,TMEM222,True,True,4
WDR72,ENSEMBL:ENSG00000166415,WDR72,False,True,1
ENSEMBL:ENSG00000285756,ENSEMBL:ENSG00000285756,,True,False,2
ENSEMBL:ENSG00000266642,ENSEMBL:ENSG00000266642,,True,False,1
ENSEMBL:ENSG00000283041,ENSEMBL:ENSG00000283041,,True,False,1
RPP40,ENSEMBL:ENSG00000124787,RPP40,False,True,1
RPLP0P6,ENSEMBL:ENSG00000213553,RPLP0P6,True,False,1
SLC10A3,ENSEMBL:ENSG00000126903,SLC10A3,True,True,2
MTERF3,ENSEMBL:ENSG00000156469,MTERF3,True,True,2
ABHD17B,ENSEMBL:ENSG00000107362,ABHD17B,True,False,1
SAMD10,ENSEMBL:ENSG00000130590,SAMD10,True,False,1
PSMA3-AS1,ENSEMBL:ENSG00000257621,PSMA3-AS1,True,False,2
IMPG2,ENSEMBL:ENSG00000081148,IMPG2,False,True,1
PTPRF,ENSEMBL:ENSG00000142949,PTPRF,False,True,1
CASP4LP,ENSEMBL:ENSG00000235505,CASP4LP,True,False,1
AGAP7P,ENSEMBL:ENSG00000264204,AGAP7P,True,False,1
JMJD8,ENSEMBL:ENSG00000161999,JMJD8,True,True,2
DOLK,ENSEMBL:ENSG00000175283,DOLK,True,True,3
SKAP1-AS2,ENSEMBL:ENSG00000235300,SKAP1-AS2,True,False,1
XRCC3,ENSEMBL:ENSG00000126215,XRCC3,True,False,1
NKAP,ENSEMBL:ENSG00000101882,NKAP,True,True,2
GK-AS1,ENSEMBL:ENSG00000243055,GK-AS1,True,False,1
RPL36AL,ENSEMBL:ENSG00000165502,RPL36AL,True,True,3
CHMP4C,ENSEMBL:ENSG00000164695,CHMP4C,False,True,1
RTL5,ENSEMBL:ENSG00000242732,RTL5,True,False,1
ENSEMBL:ENSG00000280091,ENSEMBL:ENSG00000280091,,True,False,1
APOM,ENSEMBL:ENSG00000204444,APOM,True,True,4
NLGN2,ENSEMBL:ENSG00000169992,NLGN2,False,True,3
RP1L1,ENSEMBL:ENSG00000183638,RP1L1,False,True,1
CCDC137,ENSEMBL:ENSG00000185298,CCDC137,True,True,2
MELK,ENSEMBL:ENSG00000165304,MELK,True,True,2
ENSEMBL:ENSG00000224848,ENSEMBL:ENSG00000224848,,True,False,1
TPD52,ENSEMBL:ENSG00000076554,TPD52,True,True,3
SDK1,ENSEMBL:ENSG00000146555,SDK1,False,True,2
ENSEMBL:ENSG00000281856,ENSEMBL:ENSG00000281856,,True,False,1
ENSEMBL:ENSG00000227704,ENSEMBL:ENSG00000227704,,True,False,1
TMEM196,ENSEMBL:ENSG00000173452,TMEM196,False,True,1
USP33,ENSEMBL:ENSG00000077254,USP33,True,True,2
TP53,ENSEMBL:ENSG00000141510,TP53,True,True,2
STC1,ENSEMBL:ENSG00000159167,STC1,True,False,1
ENSEMBL:ENSG00000215861,ENSEMBL:ENSG00000215861,,True,False,1
ENSEMBL:ENSG00000261211,ENSEMBL:ENSG00000261211,,True,False,1
RHBDL2,ENSEMBL:ENSG00000158315,RHBDL2,False,True,1
CDC16,ENSEMBL:ENSG00000130177,CDC16,True,False,1
ENSEMBL:ENSG00000289056,ENSEMBL:ENSG00000289056,,True,False,1
MBNL1-AS1,ENSEMBL:ENSG00000229619,MBNL1-AS1,True,False,1
NEFM,ENSEMBL:ENSG00000104722,NEFM,False,True,1
OXLD1,ENSEMBL:ENSG00000204237,OXLD1,True,False,1
TMEM97,ENSEMBL:ENSG00000109084,TMEM97,True,False,1
RESP18,ENSEMBL:ENSG00000182698,RESP18,False,True,3
EXT2,ENSEMBL:ENSG00000151348,EXT2,False,True,2
ZNF394,ENSEMBL:ENSG00000160908,ZNF394,True,False,1
INSRR,ENSEMBL:ENSG00000027644,INSRR,False,True,1
CLEC4F,ENSEMBL:ENSG00000152672,CLEC4F,False,True,1
ANKRD27,ENSEMBL:ENSG00000105186,ANKRD27,True,True,4
ZFR2,ENSEMBL:ENSG00000105278,ZFR2,False,True,1
CRYZL1,ENSEMBL:ENSG00000205758,CRYZL1,True,False,2
FER1L6,ENSEMBL:ENSG00000214814,FER1L6,False,True,1
MATN2,ENSEMBL:ENSG00000132561,MATN2,True,True,2
ENSEMBL:ENSG00000272462,ENSEMBL:ENSG00000272462,,True,False,1
FBXW4,ENSEMBL:ENSG00000107829,FBXW4,True,False,1
EML3,ENSEMBL:ENSG00000149499,EML3,True,False,1
CCDC12,ENSEMBL:ENSG00000160799,CCDC12,True,False,1
GNAO1,ENSEMBL:ENSG00000087258,GNAO1,True,True,4
RAB11FIP1P1,ENSEMBL:ENSG00000228492,RAB11FIP1P1,True,False,2
ENSEMBL:ENSG00000233184,ENSEMBL:ENSG00000233184,,True,False,1
PIP4K2B|ENSG00000277292,ENSEMBL:ENSG00000277292,PIP4K2B,False,True,1
GNA11,ENSEMBL:ENSG00000088256,GNA11,True,True,4
PRR7,ENSEMBL:ENSG00000131188,PRR7,True,True,2
SELENOKP3,ENSEMBL:ENSG00000225549,SELENOKP3,True,False,1
LRRC14,ENSEMBL:ENSG00000160959,LRRC14,True,True,3
LINC02432,ENSEMBL:ENSG00000248810,LINC02432,True,False,1
NRG2,ENSEMBL:ENSG00000158458,NRG2,False,True,1
PDCL3,ENSEMBL:ENSG00000115539,PDCL3,True,True,4
NDC80,ENSEMBL:ENSG00000080986,NDC80,False,True,1
LIN7C,ENSEMBL:ENSG00000148943,LIN7C,True,False,1
ENSEMBL:ENSG00000289293,ENSEMBL:ENSG00000289293,,True,False,1
RWDD2B,ENSEMBL:ENSG00000156253,RWDD2B,True,True,2
ENSEMBL:ENSG00000286381,ENSEMBL:ENSG00000286381,,True,False,1
C5orf15,ENSEMBL:ENSG00000113583,C5orf15,True,True,2
ENSEMBL:ENSG00000280194,ENSEMBL:ENSG00000280194,,True,False,1
VSIG1,ENSEMBL:ENSG00000101842,VSIG1,True,False,1
BCL2L2,ENSEMBL:ENSG00000129473,BCL2L2,False,True,1
ARHGEF25,ENSEMBL:ENSG00000240771,ARHGEF25,True,True,2
PSPC1,ENSEMBL:ENSG00000121390,PSPC1,True,True,3
CD101,ENSEMBL:ENSG00000134256,CD101,True,False,1
RAC1P2,ENSEMBL:ENSG00000249936,RAC1P2,True,False,1
CPSF6,ENSEMBL:ENSG00000111605,CPSF6,True,True,3
MTMR9,ENSEMBL:ENSG00000104643,MTMR9,True,True,2
DYNLRB1,ENSEMBL:ENSG00000125971,DYNLRB1,True,True,3
KIAA0825,ENSEMBL:ENSG00000185261,KIAA0825,True,False,1
PNMA1,ENSEMBL:ENSG00000176903,PNMA1,True,False,1
AOC2,ENSEMBL:ENSG00000131480,AOC2,True,False,1
ENSEMBL:ENSG00000287095,ENSEMBL:ENSG00000287095,,True,False,1
B4GALNT3,ENSEMBL:ENSG00000139044,B4GALNT3,True,False,1
SCAND2P,ENSEMBL:ENSG00000176700,SCAND2P,True,False,1
LOXHD1,ENSEMBL:ENSG00000167210,LOXHD1,True,False,1
ARFGEF3,ENSEMBL:ENSG00000112379,ARFGEF3,False,True,2
RPS24P19,ENSEMBL:ENSG00000227008,RPS24P19,True,False,1
PEG3,ENSEMBL:ENSG00000198300,PEG3,True,True,2
KLHDC8B,ENSEMBL:ENSG00000185909,KLHDC8B,False,True,2
ADGRB1,ENSEMBL:ENSG00000181790,ADGRB1,False,True,2
MYB,ENSEMBL:ENSG00000118513,MYB,False,True,1
ZNF438,ENSEMBL:ENSG00000183621,ZNF438,True,False,1
VASH1,ENSEMBL:ENSG00000071246,VASH1,True,True,2
ENSEMBL:ENSG00000279495,ENSEMBL:ENSG00000279495,,True,False,2
ENSEMBL:ENSG00000283907,ENSEMBL:ENSG00000283907,,True,False,1
CNEP1R1,ENSEMBL:ENSG00000205423,CNEP1R1,True,True,2
ENSEMBL:ENSG00000235105,ENSEMBL:ENSG00000235105,,True,False,1
PDE5A,ENSEMBL:ENSG00000138735,PDE5A,True,True,4
ZCWPW1,ENSEMBL:ENSG00000078487,ZCWPW1,True,False,1
RAB27B,ENSEMBL:ENSG00000041353,RAB27B,True,True,2
GFAP,ENSEMBL:ENSG00000131095,GFAP,False,True,3
INPP5E,ENSEMBL:ENSG00000148384,INPP5E,True,False,2
TFCP2L1,ENSEMBL:ENSG00000115112,TFCP2L1,True,False,1
TNPO3,ENSEMBL:ENSG00000064419,TNPO3,True,True,3
NCAPH,ENSEMBL:ENSG00000121152,NCAPH,False,True,1
ELOF1,ENSEMBL:ENSG00000130165,ELOF1,True,False,2
GRM2,ENSEMBL:ENSG00000164082,GRM2,True,False,1
ZNF497,ENSEMBL:ENSG00000174586,ZNF497,True,False,1
ENSEMBL:ENSG00000272335,ENSEMBL:ENSG00000272335,,True,False,1
DPY19L1,ENSEMBL:ENSG00000173852,DPY19L1,False,True,1
CNTFR,ENSEMBL:ENSG00000122756,CNTFR,False,True,2
GSE1,ENSEMBL:ENSG00000131149,GSE1,True,False,1
TVP23C,ENSEMBL:ENSG00000175106,TVP23C,True,False,1
SCN2A,ENSEMBL:ENSG00000136531,SCN2A,False,True,1
NIPSNAP3B,ENSEMBL:ENSG00000165028,NIPSNAP3B,True,False,1
KDELR3,ENSEMBL:ENSG00000100196,KDELR3,False,True,1
DCTN4,ENSEMBL:ENSG00000132912,DCTN4,True,False,2
ENSEMBL:ENSG00000277969,ENSEMBL:ENSG00000277969,,True,False,1
SLC22A1,ENSEMBL:ENSG00000175003,SLC22A1,False,True,1
IFT80,ENSEMBL:ENSG00000068885,IFT80,True,True,2
PDPN,ENSEMBL:ENSG00000162493,PDPN,True,True,2
CKS2,ENSEMBL:ENSG00000123975,CKS2,True,True,2
CDKN1C|ENSG00000129757,ENSEMBL:ENSG00000129757,CDKN1C,True,False,2
ENSEMBL:ENSG00000280046,ENSEMBL:ENSG00000280046,,True,False,1
TEDC2-AS1,ENSEMBL:ENSG00000259895,TEDC2-AS1,True,False,1
HILPDA,ENSEMBL:ENSG00000135245,HILPDA,False,True,1
ENSEMBL:ENSG00000188897,ENSEMBL:ENSG00000188897,,True,False,1
NBN,ENSEMBL:ENSG00000104320,NBN,True,True,3
REV1,ENSEMBL:ENSG00000135945,REV1,True,False,2
CAP1P1,ENSEMBL:ENSG00000240809,CAP1P1,True,False,1
CDYL2,ENSEMBL:ENSG00000166446,CDYL2,True,True,2
CD80,ENSEMBL:ENSG00000121594,CD80,False,True,2
FRMPD4,ENSEMBL:ENSG00000169933,FRMPD4,True,False,1
ENSEMBL:ENSG00000261338,ENSEMBL:ENSG00000261338,,True,False,1
ENSEMBL:ENSG00000267529,ENSEMBL:ENSG00000267529,,True,False,1
POLR1E,ENSEMBL:ENSG00000137054,POLR1E,True,True,2
BEND2,ENSEMBL:ENSG00000177324,BEND2,True,False,1
NMRK1,ENSEMBL:ENSG00000106733,NMRK1,True,True,3
EPOP,ENSEMBL:ENSG00000277303,EPOP,False,True,2
RBAK,ENSEMBL:ENSG00000146587,RBAK,True,False,1
METTL2B,ENSEMBL:ENSG00000165055,METTL2B,True,False,1
COPS6,ENSEMBL:ENSG00000168090,COPS6,True,True,3
EMSY,ENSEMBL:ENSG00000158636,EMSY,True,False,2
LRRN3,ENSEMBL:ENSG00000173114,LRRN3,True,True,2
TRNAU1AP,ENSEMBL:ENSG00000180098,TRNAU1AP,True,False,1
ANKRD13B,ENSEMBL:ENSG00000198720,ANKRD13B,True,True,2
ENSEMBL:ENSG00000273554,ENSEMBL:ENSG00000273554,,True,False,1
SERAC1,ENSEMBL:ENSG00000122335,SERAC1,False,True,2
PRORP,ENSEMBL:ENSG00000100890,PRORP,False,True,3
GDAP2,ENSEMBL:ENSG00000196505,GDAP2,True,True,3
ENSEMBL:ENSG00000279207,ENSEMBL:ENSG00000279207,,True,False,1
MORN1,ENSEMBL:ENSG00000116151,MORN1,False,True,1
ENSEMBL:ENSG00000285589,ENSEMBL:ENSG00000285589,,True,False,1
ACTR3B,ENSEMBL:ENSG00000133627,ACTR3B,True,False,1
FRMD5,ENSEMBL:ENSG00000171877,FRMD5,False,True,1
HNRNPM,ENSEMBL:ENSG00000099783,HNRNPM,True,True,4
ZFYVE19,ENSEMBL:ENSG00000166140,ZFYVE19,True,True,3
AGPAT5,ENSEMBL:ENSG00000155189,AGPAT5,False,True,1
ENSEMBL:ENSG00000254910,ENSEMBL:ENSG00000254910,,True,False,1
TNS4,ENSEMBL:ENSG00000131746,TNS4,False,True,2
TMEM218,ENSEMBL:ENSG00000150433,TMEM218,True,False,1
ENSEMBL:ENSG00000261130,ENSEMBL:ENSG00000261130,,True,False,1
LINC01184,ENSEMBL:ENSG00000245937,LINC01184,True,False,1
HARS1,ENSEMBL:ENSG00000170445,HARS1,True,True,3
SNAPIN,ENSEMBL:ENSG00000143553,SNAPIN,True,True,3
ACRBP,ENSEMBL:ENSG00000111644,ACRBP,True,True,3
DGKE,ENSEMBL:ENSG00000153933,DGKE,True,True,2
RAB11B,ENSEMBL:ENSG00000185236,RAB11B,False,True,2
ENSEMBL:ENSG00000287574,ENSEMBL:ENSG00000287574,,True,False,1
RECK,ENSEMBL:ENSG00000122707,RECK,False,True,2
AATBC,ENSEMBL:ENSG00000215458,AATBC,True,False,2
DIO2,ENSEMBL:ENSG00000211448,DIO2,True,True,3
GFRA1,ENSEMBL:ENSG00000151892,GFRA1,True,False,1
LTN1,ENSEMBL:ENSG00000198862,LTN1,True,True,2
P3H3,ENSEMBL:ENSG00000110811,P3H3,False,True,1
SLC6A12,ENSEMBL:ENSG00000111181,SLC6A12,False,True,1
KAZALD1,ENSEMBL:ENSG00000107821,KAZALD1,True,False,1
SEC22C,ENSEMBL:ENSG00000093183,SEC22C,True,False,1
SPTBN5,ENSEMBL:ENSG00000137877,SPTBN5,True,False,2
ZNF367,ENSEMBL:ENSG00000165244,ZNF367,False,True,1
ADIG,ENSEMBL:ENSG00000182035,ADIG,False,True,1
VSIG8,ENSEMBL:ENSG00000243284,VSIG8,False,True,1
MDK,ENSEMBL:ENSG00000110492,MDK,True,False,2
CNTN5,ENSEMBL:ENSG00000149972,CNTN5,True,False,1
WNT9A,ENSEMBL:ENSG00000143816,WNT9A,True,False,2
POF1B,ENSEMBL:ENSG00000124429,POF1B,False,True,2
PPP2R1A,ENSEMBL:ENSG00000105568,PPP2R1A,True,True,4
ZNF540,ENSEMBL:ENSG00000171817,ZNF540,True,False,1
ODC1-DT,ENSEMBL:ENSG00000257135,ODC1-DT,True,False,1
USP46,ENSEMBL:ENSG00000109189,USP46,False,True,2
ENSEMBL:ENSG00000215156,ENSEMBL:ENSG00000215156,,True,False,1
USP32P1,ENSEMBL:ENSG00000188933,USP32P1,True,False,1
ENSEMBL:ENSG00000254760,ENSEMBL:ENSG00000254760,,True,False,1
CLDN3,ENSEMBL:ENSG00000165215,CLDN3,False,True,1
EDEM3,ENSEMBL:ENSG00000116406,EDEM3,True,False,2
KIFBP,ENSEMBL:ENSG00000198954,KIFBP,True,True,3
LTC4S,ENSEMBL:ENSG00000213316,LTC4S,True,True,4
LINC02446,ENSEMBL:ENSG00000256039,LINC02446,True,False,1
ULK4,ENSEMBL:ENSG00000168038,ULK4,False,True,1
DNAJC12,ENSEMBL:ENSG00000108176,DNAJC12,True,False,1
ENSEMBL:ENSG00000273381,ENSEMBL:ENSG00000273381,,True,False,1
ABRAXAS1,ENSEMBL:ENSG00000163322,ABRAXAS1,True,False,1
GADD45GIP1,ENSEMBL:ENSG00000179271,GADD45GIP1,True,False,1
NT5DC1,ENSEMBL:ENSG00000178425,NT5DC1,True,False,1
ANAPC16,ENSEMBL:ENSG00000166295,ANAPC16,True,False,1
TRIM9,ENSEMBL:ENSG00000100505,TRIM9,True,False,1
CYP4A22,ENSEMBL:ENSG00000162365,CYP4A22,False,True,1
TRAPPC5,ENSEMBL:ENSG00000181029,TRAPPC5,False,True,1
PSMG2,ENSEMBL:ENSG00000128789,PSMG2,True,False,2
RPS6KB1,ENSEMBL:ENSG00000108443,RPS6KB1,False,True,4
MED28,ENSEMBL:ENSG00000118579,MED28,True,False,1
FBLN7,ENSEMBL:ENSG00000144152,FBLN7,False,True,1
GABPA,ENSEMBL:ENSG00000154727,GABPA,True,True,3
FRG1CP,ENSEMBL:ENSG00000282826,FRG1CP,True,False,1
ARL6IP6,ENSEMBL:ENSG00000177917,ARL6IP6,True,False,2
MRLN,ENSEMBL:ENSG00000227877,MRLN,True,False,1
TNNI3,ENSEMBL:ENSG00000129991,TNNI3,False,True,2
FTCD,ENSEMBL:ENSG00000160282,FTCD,False,True,1
CAPS2,ENSEMBL:ENSG00000180881,CAPS2,True,False,1
KLK11,ENSEMBL:ENSG00000167757,KLK11,True,False,1
RPL41P2,ENSEMBL:ENSG00000256338,RPL41P2,True,False,1
BAHD1,ENSEMBL:ENSG00000140320,BAHD1,True,True,2
CYHR1,ENSEMBL:ENSG00000187954,CYHR1,True,False,1
CCDC106,ENSEMBL:ENSG00000173581,CCDC106,True,False,2
NOA1,ENSEMBL:ENSG00000084092,NOA1,False,True,1
MTO1,ENSEMBL:ENSG00000135297,MTO1,True,False,1
CHRDL2,ENSEMBL:ENSG00000054938,CHRDL2,False,True,1
CTRB2,ENSEMBL:ENSG00000168928,CTRB2,False,True,1
PRICKLE2,ENSEMBL:ENSG00000163637,PRICKLE2,True,False,1
KIAA0930,ENSEMBL:ENSG00000100364,KIAA0930,False,True,3
DNAH9,ENSEMBL:ENSG00000007174,DNAH9,False,True,1
POP7,ENSEMBL:ENSG00000172336,POP7,True,False,2
TMEM177,ENSEMBL:ENSG00000144120,TMEM177,True,False,2
VWA3A,ENSEMBL:ENSG00000175267,VWA3A,False,True,1
ENSEMBL:ENSG00000260404,ENSEMBL:ENSG00000260404,,True,False,1
LINC00092,ENSEMBL:ENSG00000225194,LINC00092,True,False,1
MAP9,ENSEMBL:ENSG00000164114,MAP9,False,True,2
ZKSCAN1,ENSEMBL:ENSG00000106261,ZKSCAN1,True,True,2
SGCD,ENSEMBL:ENSG00000170624,SGCD,False,True,2
MON2,ENSEMBL:ENSG00000061987,MON2,True,False,2
CYP4F35P,ENSEMBL:ENSG00000265787,CYP4F35P,True,False,2
HOXC11,ENSEMBL:ENSG00000123388,HOXC11,True,False,1
TTI2,ENSEMBL:ENSG00000129696,TTI2,True,False,1
SPOCD1,ENSEMBL:ENSG00000134668,SPOCD1,True,False,1
C7orf26,ENSEMBL:ENSG00000146576,C7orf26,True,True,2
KCTD17,ENSEMBL:ENSG00000100379,KCTD17,False,True,1
BTN3A3,ENSEMBL:ENSG00000111801,BTN3A3,True,False,2
AP3M1,ENSEMBL:ENSG00000185009,AP3M1,True,False,1
SYT12,ENSEMBL:ENSG00000173227,SYT12,False,True,1
ENSEMBL:ENSG00000205485,ENSEMBL:ENSG00000205485,,True,False,1
MMP10,ENSEMBL:ENSG00000166670,MMP10,False,True,1
C8orf88,ENSEMBL:ENSG00000253250,C8orf88,False,True,2
ENSEMBL:ENSG00000287387,ENSEMBL:ENSG00000287387,,True,False,1
GKAP1,ENSEMBL:ENSG00000165113,GKAP1,True,False,1
REG1A,ENSEMBL:ENSG00000115386,REG1A,False,True,1
TNFRSF14-AS1,ENSEMBL:ENSG00000238164,TNFRSF14-AS1,True,False,1
CLBA1,ENSEMBL:ENSG00000140104,CLBA1,True,False,1
TRMU,ENSEMBL:ENSG00000100416,TRMU,True,True,4
IDO2,ENSEMBL:ENSG00000188676,IDO2,False,True,2
GAS2L3,ENSEMBL:ENSG00000139354,GAS2L3,False,True,1
B3GNT8,ENSEMBL:ENSG00000177191,B3GNT8,True,False,1
GOSR2,ENSEMBL:ENSG00000108433,GOSR2,True,True,2
UTP18,ENSEMBL:ENSG00000011260,UTP18,True,False,1
GABPB1-AS1,ENSEMBL:ENSG00000244879,GABPB1-AS1,True,False,1
KLK1,ENSEMBL:ENSG00000167748,KLK1,False,True,2
SH3BGR,ENSEMBL:ENSG00000185437,SH3BGR,True,True,4
ENSEMBL:ENSG00000260316,ENSEMBL:ENSG00000260316,,True,False,1
SLC51B,ENSEMBL:ENSG00000186198,SLC51B,False,True,1
RPS23P8,ENSEMBL:ENSG00000230629,RPS23P8,True,False,1
PDE6H,ENSEMBL:ENSG00000139053,PDE6H,False,True,2
PCDHGB5,ENSEMBL:ENSG00000276547,PCDHGB5,True,False,1
ENSEMBL:ENSG00000272638,ENSEMBL:ENSG00000272638,,True,False,2
ADORA3,ENSEMBL:ENSG00000282608,ADORA3,True,False,1
SLC7A5P2,ENSEMBL:ENSG00000258186,SLC7A5P2,True,False,1
KCTD15,ENSEMBL:ENSG00000153885,KCTD15,True,False,1
BTAF1,ENSEMBL:ENSG00000095564,BTAF1,True,True,3
ANKRD52,ENSEMBL:ENSG00000139645,ANKRD52,True,True,4
MST1R,ENSEMBL:ENSG00000164078,MST1R,True,True,2
CACNG8,ENSEMBL:ENSG00000142408,CACNG8,True,False,2
ARHGEF5,ENSEMBL:ENSG00000050327,ARHGEF5,False,True,3
NELFB,ENSEMBL:ENSG00000188986,NELFB,True,False,1
SCRN3,ENSEMBL:ENSG00000144306,SCRN3,True,True,2
SLC5A6,ENSEMBL:ENSG00000138074,SLC5A6,True,False,1
DYNC2I1,ENSEMBL:ENSG00000126870,DYNC2I1,True,False,2
C19orf54,ENSEMBL:ENSG00000188493,C19orf54,True,False,1
ENSEMBL:ENSG00000230606,ENSEMBL:ENSG00000230606,,True,False,2
TRPM3,ENSEMBL:ENSG00000083067,TRPM3,False,True,2
NRXN2,ENSEMBL:ENSG00000110076,NRXN2,True,True,3
MFSD2B,ENSEMBL:ENSG00000205639,MFSD2B,True,False,1
ENSEMBL:ENSG00000235560,ENSEMBL:ENSG00000235560,,True,False,1
NOL8,ENSEMBL:ENSG00000198000,NOL8,True,True,4
BTRC,ENSEMBL:ENSG00000166167,BTRC,True,True,2
CHCHD4,ENSEMBL:ENSG00000163528,CHCHD4,True,True,3
LDAF1,ENSEMBL:ENSG00000011638,LDAF1,True,True,2
RAP2A,ENSEMBL:ENSG00000125249,RAP2A,True,True,2
C14orf132,ENSEMBL:ENSG00000227051,C14orf132,True,False,1
VPS54,ENSEMBL:ENSG00000143952,VPS54,False,True,1
UBE2L3,ENSEMBL:ENSG00000185651,UBE2L3,True,True,4
CCL3|ENSG00000274221,ENSEMBL:ENSG00000274221,CCL3,True,False,1
SERBP1P1,ENSEMBL:ENSG00000213740,SERBP1P1,True,False,1
PIBF1,ENSEMBL:ENSG00000083535,PIBF1,False,True,1
C1orf54,ENSEMBL:ENSG00000118292,C1orf54,True,False,1
ZNF691,ENSEMBL:ENSG00000164011,ZNF691,True,False,2
CFAP70,ENSEMBL:ENSG00000156042,CFAP70,True,True,3
RMDN2,ENSEMBL:ENSG00000115841,RMDN2,False,True,2
ADAM22,ENSEMBL:ENSG00000008277,ADAM22,False,True,1
SPPL3,ENSEMBL:ENSG00000157837,SPPL3,True,True,2
KCNQ2,ENSEMBL:ENSG00000075043,KCNQ2,False,True,1
ENSEMBL:ENSG00000259976,ENSEMBL:ENSG00000259976,,True,False,1
REL,ENSEMBL:ENSG00000162924,REL,True,False,1
ZNF322,ENSEMBL:ENSG00000181315,ZNF322,True,False,1
ZNF547,ENSEMBL:ENSG00000152433,ZNF547,True,False,1
PSTK,ENSEMBL:ENSG00000179988,PSTK,False,True,1
MS4A10,ENSEMBL:ENSG00000172689,MS4A10,False,True,1
TBC1D2,ENSEMBL:ENSG00000095383,TBC1D2,True,False,2
SNAPC3,ENSEMBL:ENSG00000164975,SNAPC3,False,True,1
GOLGA6C,ENSEMBL:ENSG00000167195,GOLGA6C,True,False,1
SLC16A14,ENSEMBL:ENSG00000163053,SLC16A14,False,True,1
ECRG4,ENSEMBL:ENSG00000119147,ECRG4,False,True,1
ENSEMBL:ENSG00000279792,ENSEMBL:ENSG00000279792,,True,False,1
C20orf96,ENSEMBL:ENSG00000196476,C20orf96,True,False,1
SHROOM1,ENSEMBL:ENSG00000164403,SHROOM1,True,False,2
C12orf65,ENSEMBL:ENSG00000130921,C12orf65,False,True,3
SMUG1,ENSEMBL:ENSG00000123415,SMUG1,True,True,2
NAA35,ENSEMBL:ENSG00000135040,NAA35,True,True,2
ADSS2,ENSEMBL:ENSG00000035687,ADSS2,True,False,1
C1orf50,ENSEMBL:ENSG00000164008,C1orf50,True,False,2
HTR7P1,ENSEMBL:ENSG00000183935,HTR7P1,True,False,1
UTS2R,ENSEMBL:ENSG00000181408,UTS2R,True,True,2
PRSS40A,ENSEMBL:ENSG00000183292,PRSS40A,True,False,1
TAF5,ENSEMBL:ENSG00000148835,TAF5,True,False,1
AGTR1,ENSEMBL:ENSG00000144891,AGTR1,False,True,3
TRMT2B,ENSEMBL:ENSG00000188917,TRMT2B,True,False,2
TTC3,ENSEMBL:ENSG00000182670,TTC3,True,True,4
ADGRA1,ENSEMBL:ENSG00000197177,ADGRA1,False,True,1
USP25,ENSEMBL:ENSG00000155313,USP25,True,True,3
LINC01160,ENSEMBL:ENSG00000231346,LINC01160,True,False,1
MLST8,ENSEMBL:ENSG00000167965,MLST8,True,False,1
ZNF662,ENSEMBL:ENSG00000182983,ZNF662,True,False,1
WDR13,ENSEMBL:ENSG00000101940,WDR13,True,False,1
ZNF22-AS1,ENSEMBL:ENSG00000165511,ZNF22-AS1,True,False,1
LANCL3,ENSEMBL:ENSG00000147036,LANCL3,True,False,1
ZNF280B,ENSEMBL:ENSG00000275004,ZNF280B,False,True,1
CAPRIN1,ENSEMBL:ENSG00000135387,CAPRIN1,True,True,3
PKMP1,ENSEMBL:ENSG00000236480,PKMP1,True,False,1
BTF3L4,ENSEMBL:ENSG00000134717,BTF3L4,True,False,1
CCDC92B,ENSEMBL:ENSG00000277200,CCDC92B,False,True,1
KCNJ13,ENSEMBL:ENSG00000115474,KCNJ13,False,True,1
ISCA1P1,ENSEMBL:ENSG00000217416,ISCA1P1,True,False,1
RBMS3,ENSEMBL:ENSG00000144642,RBMS3,True,True,2
FLJ20021,ENSEMBL:ENSG00000254531,FLJ20021,True,False,1
ENSEMBL:ENSG00000289100,ENSEMBL:ENSG00000289100,,True,False,1
ENSEMBL:ENSG00000261732,ENSEMBL:ENSG00000261732,,True,False,1
PGM3,ENSEMBL:ENSG00000013375,PGM3,True,True,4
TMEM161A,ENSEMBL:ENSG00000064545,TMEM161A,True,False,1
KRT71,ENSEMBL:ENSG00000139648,KRT71,False,True,1
PCDHGC5,ENSEMBL:ENSG00000240764,PCDHGC5,True,False,1
ZNF426,ENSEMBL:ENSG00000130818,ZNF426,True,False,2
TXLNGY,ENSEMBL:ENSG00000131002,TXLNGY,True,False,2
HOXB9,ENSEMBL:ENSG00000170689,HOXB9,False,True,1
ENSEMBL:ENSG00000245281,ENSEMBL:ENSG00000245281,,True,False,1
ENSEMBL:ENSG00000260618,ENSEMBL:ENSG00000260618,,True,False,1
SLC9A4,ENSEMBL:ENSG00000180251,SLC9A4,False,True,2
GINS2,ENSEMBL:ENSG00000131153,GINS2,True,False,1
KAT8,ENSEMBL:ENSG00000103510,KAT8,True,False,1
ANKAR,ENSEMBL:ENSG00000151687,ANKAR,True,False,1
ZP3,ENSEMBL:ENSG00000188372,ZP3,True,False,1
LINC00899,ENSEMBL:ENSG00000231711,LINC00899,True,False,1
ZNF296,ENSEMBL:ENSG00000170684,ZNF296,True,False,1
NUP43,ENSEMBL:ENSG00000120253,NUP43,True,False,1
PLPP6,ENSEMBL:ENSG00000205808,PLPP6,True,True,3
ANO7,ENSEMBL:ENSG00000146205,ANO7,True,True,2
HMGB3,ENSEMBL:ENSG00000029993,HMGB3,True,True,3
PIGO,ENSEMBL:ENSG00000165282,PIGO,True,True,3
CCDC17,ENSEMBL:ENSG00000159588,CCDC17,True,False,1
NBEA,ENSEMBL:ENSG00000172915,NBEA,True,False,1
OVOL2,ENSEMBL:ENSG00000125850,OVOL2,False,True,1
POLR2B,ENSEMBL:ENSG00000047315,POLR2B,True,True,2
BCAS3,ENSEMBL:ENSG00000141376,BCAS3,True,False,1
GGA1,ENSEMBL:ENSG00000100083,GGA1,True,True,2
UGT3A1,ENSEMBL:ENSG00000145626,UGT3A1,True,False,1
MTCL1,ENSEMBL:ENSG00000168502,MTCL1,True,True,2
LRRC57,ENSEMBL:ENSG00000180979,LRRC57,True,False,1
BSPRY,ENSEMBL:ENSG00000119411,BSPRY,True,True,2
SLC4A9,ENSEMBL:ENSG00000113073,SLC4A9,False,True,1
HSPB11,ENSEMBL:ENSG00000081870,HSPB11,False,True,1
ZSCAN9,ENSEMBL:ENSG00000137185,ZSCAN9,True,False,1
KIF15,ENSEMBL:ENSG00000163808,KIF15,False,True,1
THAP11,ENSEMBL:ENSG00000168286,THAP11,True,False,2
FEM1C,ENSEMBL:ENSG00000145780,FEM1C,True,True,3
PLEKHA8P1,ENSEMBL:ENSG00000134297,PLEKHA8P1,True,False,1
GLRA2,ENSEMBL:ENSG00000101958,GLRA2,False,True,1
PHYHIPL,ENSEMBL:ENSG00000165443,PHYHIPL,False,True,2
MGAT4B,ENSEMBL:ENSG00000161013,MGAT4B,True,True,3
GPR17,ENSEMBL:ENSG00000144230,GPR17,True,False,1
ALX4,ENSEMBL:ENSG00000052850,ALX4,True,True,2
GABRA1,ENSEMBL:ENSG00000022355,GABRA1,False,True,1
CREM,ENSEMBL:ENSG00000095794,CREM,True,True,4
AKAP7,ENSEMBL:ENSG00000118507,AKAP7,True,True,4
CD200R1,ENSEMBL:ENSG00000163606,CD200R1,False,True,3
FRS2,ENSEMBL:ENSG00000166225,FRS2,True,True,2
LINC00476,ENSEMBL:ENSG00000175611,LINC00476,True,False,1
NUS1,ENSEMBL:ENSG00000153989,NUS1,False,True,1
FAM131C,ENSEMBL:ENSG00000185519,FAM131C,False,True,1
KIRREL1,ENSEMBL:ENSG00000183853,KIRREL1,False,True,1
ZNF768,ENSEMBL:ENSG00000169957,ZNF768,False,True,3
MVB12B,ENSEMBL:ENSG00000196814,MVB12B,True,True,2
KIF5B,ENSEMBL:ENSG00000170759,KIF5B,True,False,2
FAM83H,ENSEMBL:ENSG00000180921,FAM83H,False,True,3
NR1H2,ENSEMBL:ENSG00000131408,NR1H2,True,False,2
HSD17B13,ENSEMBL:ENSG00000170509,HSD17B13,False,True,1
THEGL,ENSEMBL:ENSG00000249693,THEGL,False,True,1
MSANTD1,ENSEMBL:ENSG00000188981,MSANTD1,True,False,1
TMEM62,ENSEMBL:ENSG00000137842,TMEM62,True,False,2
ENSEMBL:ENSG00000270277,ENSEMBL:ENSG00000270277,,True,False,1
FBXL12,ENSEMBL:ENSG00000127452,FBXL12,False,True,1
TBC1D30,ENSEMBL:ENSG00000111490,TBC1D30,True,False,1
HP,ENSEMBL:ENSG00000257017,HP,True,False,1
PCDHB4,ENSEMBL:ENSG00000081818,PCDHB4,True,False,1
PSPH,ENSEMBL:ENSG00000146733,PSPH,False,True,1
STAG3L5P-PVRIG2P-PILRB,ENSEMBL:ENSG00000272752,STAG3L5P-PVRIG2P-PILRB,True,False,1
ENSEMBL:ENSG00000243155,ENSEMBL:ENSG00000243155,,True,False,1
G2E3,ENSEMBL:ENSG00000092140,G2E3,True,True,2
ENSEMBL:ENSG00000288961,ENSEMBL:ENSG00000288961,,True,False,1
FZD9,ENSEMBL:ENSG00000188763,FZD9,False,True,1
TMEM82,ENSEMBL:ENSG00000162460,TMEM82,False,True,1
ENSEMBL:ENSG00000259363,ENSEMBL:ENSG00000259363,,True,False,1
ENSEMBL:ENSG00000272449,ENSEMBL:ENSG00000272449,,True,False,1
SFRP1,ENSEMBL:ENSG00000104332,SFRP1,False,True,4
KIF9-AS1,ENSEMBL:ENSG00000227398,KIF9-AS1,True,False,1
MRPL43,ENSEMBL:ENSG00000055950,MRPL43,False,True,2
DISP3,ENSEMBL:ENSG00000204624,DISP3,True,False,1
PLEKHG5,ENSEMBL:ENSG00000171680,PLEKHG5,False,True,1
PMS2CL,ENSEMBL:ENSG00000187953,PMS2CL,True,False,1
ENSEMBL:ENSG00000277151,ENSEMBL:ENSG00000277151,,True,False,1
IBA57,ENSEMBL:ENSG00000181873,IBA57,True,True,4
SHISA3,ENSEMBL:ENSG00000178343,SHISA3,False,True,2
USP29,ENSEMBL:ENSG00000131864,USP29,False,True,1
ENSEMBL:ENSG00000228205,ENSEMBL:ENSG00000228205,,True,False,1
CCN4,ENSEMBL:ENSG00000104415,CCN4,True,False,1
ENSEMBL:ENSG00000287988,ENSEMBL:ENSG00000287988,,True,False,1
SIT1,ENSEMBL:ENSG00000137078,SIT1,True,True,3
SLC4A10,ENSEMBL:ENSG00000144290,SLC4A10,False,True,1
CDT1,ENSEMBL:ENSG00000167513,CDT1,False,True,2
LINC00513,ENSEMBL:ENSG00000233559,LINC00513,True,False,1
ENSEMBL:ENSG00000289046,ENSEMBL:ENSG00000289046,,True,False,1
IDNK,ENSEMBL:ENSG00000148057,IDNK,True,False,3
ENSEMBL:ENSG00000250696,ENSEMBL:ENSG00000250696,,True,False,1
ENSEMBL:ENSG00000259143,ENSEMBL:ENSG00000259143,,True,False,1
LRRC20,ENSEMBL:ENSG00000172731,LRRC20,False,True,2
F8,ENSEMBL:ENSG00000185010,F8,False,True,1
DDX11L10,ENSEMBL:ENSG00000233614,DDX11L10,True,False,1
FTH1P7,ENSEMBL:ENSG00000232187,FTH1P7,True,False,1
CCNYL1,ENSEMBL:ENSG00000163249,CCNYL1,False,True,1
DEFA1,ENSEMBL:ENSG00000206047,DEFA1,True,False,1
PAQR5,ENSEMBL:ENSG00000137819,PAQR5,False,True,2
ICA1L,ENSEMBL:ENSG00000163596,ICA1L,True,False,1
RSBN1L,ENSEMBL:ENSG00000187257,RSBN1L,True,False,1
CCNC,ENSEMBL:ENSG00000112237,CCNC,False,True,1
MFSD1,ENSEMBL:ENSG00000118855,MFSD1,True,False,1
ZNF850,ENSEMBL:ENSG00000267041,ZNF850,True,False,1
COL2A1,ENSEMBL:ENSG00000139219,COL2A1,False,True,1
CACNA1E,ENSEMBL:ENSG00000198216,CACNA1E,False,True,2
AFAP1L2,ENSEMBL:ENSG00000169129,AFAP1L2,False,True,2
AIF1L,ENSEMBL:ENSG00000126878,AIF1L,True,True,3
ZNF277,ENSEMBL:ENSG00000198839,ZNF277,False,True,1
CHTF18,ENSEMBL:ENSG00000127586,CHTF18,True,False,1
NPIPB6,ENSEMBL:ENSG00000198156,NPIPB6,True,False,1
RPL3P2,ENSEMBL:ENSG00000227939,RPL3P2,True,False,1
ENSEMBL:ENSG00000288752,ENSEMBL:ENSG00000288752,,True,False,1
TMEM39A,ENSEMBL:ENSG00000176142,TMEM39A,False,True,2
IFT74,ENSEMBL:ENSG00000096872,IFT74,True,False,1
RTP4,ENSEMBL:ENSG00000136514,RTP4,False,True,3
RNF216P1,ENSEMBL:ENSG00000196204,RNF216P1,True,False,1
ENSEMBL:ENSG00000286162,ENSEMBL:ENSG00000286162,,True,False,1
KCTD12,ENSEMBL:ENSG00000178695,KCTD12,True,False,2
VLDLR-AS1,ENSEMBL:ENSG00000236404,VLDLR-AS1,True,False,1
ATP1B4,ENSEMBL:ENSG00000101892,ATP1B4,True,False,1
RPL13AP25,ENSEMBL:ENSG00000136149,RPL13AP25,True,False,1
RRAS,ENSEMBL:ENSG00000126458,RRAS,False,True,2
SLC6A17,ENSEMBL:ENSG00000197106,SLC6A17,False,True,2
ABCC4,ENSEMBL:ENSG00000125257,ABCC4,True,True,3
PPP1R14D,ENSEMBL:ENSG00000166143,PPP1R14D,False,True,1
MARCHF1,ENSEMBL:ENSG00000145416,MARCHF1,True,False,1
ELAC2,ENSEMBL:ENSG00000006744,ELAC2,True,False,1
GOLGA8M,ENSEMBL:ENSG00000188626,GOLGA8M,True,False,1
ENSEMBL:ENSG00000289234,ENSEMBL:ENSG00000289234,,True,False,1
FBXO25,ENSEMBL:ENSG00000147364,FBXO25,True,False,1
PARL,ENSEMBL:ENSG00000175193,PARL,True,False,1
FAM86JP,ENSEMBL:ENSG00000171084,FAM86JP,True,False,1
TENM4,ENSEMBL:ENSG00000149256,TENM4,True,True,2
TMEM233,ENSEMBL:ENSG00000224982,TMEM233,True,True,3
PDZK1,ENSEMBL:ENSG00000174827,PDZK1,False,True,2
DMGDH,ENSEMBL:ENSG00000132837,DMGDH,False,True,1
ENSEMBL:ENSG00000288612,ENSEMBL:ENSG00000288612,,True,False,1
ENSEMBL:ENSG00000230715,ENSEMBL:ENSG00000230715,,True,False,2
ENSEMBL:ENSG00000282024,ENSEMBL:ENSG00000282024,,True,False,1
CALHM6,ENSEMBL:ENSG00000188820,CALHM6,False,True,2
DDX6,ENSEMBL:ENSG00000110367,DDX6,True,True,2
GMPS,ENSEMBL:ENSG00000163655,GMPS,False,True,2
PAGR1,ENSEMBL:ENSG00000280789,PAGR1,True,False,1
VAC14,ENSEMBL:ENSG00000103043,VAC14,True,False,1
ENSEMBL:ENSG00000268087,ENSEMBL:ENSG00000268087,,True,False,1
MZT2B,ENSEMBL:ENSG00000152082,MZT2B,True,False,2
SHISA7,ENSEMBL:ENSG00000187902,SHISA7,True,True,2
PHF21B,ENSEMBL:ENSG00000056487,PHF21B,False,True,1
ZBED3-AS1,ENSEMBL:ENSG00000250802,ZBED3-AS1,True,False,1
KIF20A,ENSEMBL:ENSG00000112984,KIF20A,False,True,3
KRT73,ENSEMBL:ENSG00000186049,KRT73,True,False,1
LINC02273,ENSEMBL:ENSG00000245954,LINC02273,True,False,1
DRAM2,ENSEMBL:ENSG00000156171,DRAM2,True,False,1
ELOC,ENSEMBL:ENSG00000154582,ELOC,True,True,2
NGDN,ENSEMBL:ENSG00000129460,NGDN,True,False,3
KIF11,ENSEMBL:ENSG00000138160,KIF11,False,True,1
NRXN1,ENSEMBL:ENSG00000179915,NRXN1,False,True,3
SNURF,ENSEMBL:ENSG00000273173,SNURF,False,True,1
ANKRD46,ENSEMBL:ENSG00000186106,ANKRD46,True,False,1
RNASEH1-AS1,ENSEMBL:ENSG00000234171,RNASEH1-AS1,True,False,1
ITGB1BP1,ENSEMBL:ENSG00000119185,ITGB1BP1,True,True,2
PON2,ENSEMBL:ENSG00000105854,PON2,False,True,2
LRFN2,ENSEMBL:ENSG00000156564,LRFN2,True,False,1
RMRP,ENSEMBL:ENSG00000269900,RMRP,True,False,1
SH2D4B,ENSEMBL:ENSG00000178217,SH2D4B,False,True,1
SBF2,ENSEMBL:ENSG00000133812,SBF2,True,True,2
CHASERR,ENSEMBL:ENSG00000272888,CHASERR,True,False,1
PTCHD4,ENSEMBL:ENSG00000244694,PTCHD4,True,False,1
PRSS50,ENSEMBL:ENSG00000283706,PRSS50,True,False,1
DNAJC13,ENSEMBL:ENSG00000138246,DNAJC13,True,True,3
RHEBL1,ENSEMBL:ENSG00000167550,RHEBL1,True,False,1
HOXD13,ENSEMBL:ENSG00000128714,HOXD13,False,True,1
POMC,ENSEMBL:ENSG00000115138,POMC,False,True,1
CNTN1,ENSEMBL:ENSG00000018236,CNTN1,False,True,1
TAF1C,ENSEMBL:ENSG00000103168,TAF1C,True,False,1
NCLN,ENSEMBL:ENSG00000125912,NCLN,True,False,1
PDE6G,ENSEMBL:ENSG00000185527,PDE6G,True,False,1
ARRDC1-AS1,ENSEMBL:ENSG00000203993,ARRDC1-AS1,True,False,2
HCN4,ENSEMBL:ENSG00000138622,HCN4,False,True,3
MDM1,ENSEMBL:ENSG00000111554,MDM1,True,True,2
DNAJC22,ENSEMBL:ENSG00000178401,DNAJC22,False,True,1
HLA-DRB5,ENSEMBL:ENSG00000198502,HLA-DRB5,True,False,1
LEPROTL1,ENSEMBL:ENSG00000104660,LEPROTL1,True,False,2
MCPH1,ENSEMBL:ENSG00000147316,MCPH1,True,False,1
IL27,ENSEMBL:ENSG00000197272,IL27,False,True,1
APOBEC3B,ENSEMBL:ENSG00000179750,APOBEC3B,True,False,1
ENSEMBL:ENSG00000254810,ENSEMBL:ENSG00000254810,,True,False,1
ZNF530,ENSEMBL:ENSG00000183647,ZNF530,True,False,1
TSR1,ENSEMBL:ENSG00000167721,TSR1,False,True,2
KIAA1328,ENSEMBL:ENSG00000150477,KIAA1328,False,True,1
CDHR2,ENSEMBL:ENSG00000074276,CDHR2,False,True,3
STPG4,ENSEMBL:ENSG00000239605,STPG4,False,True,1
BUD23,ENSEMBL:ENSG00000071462,BUD23,True,False,1
ARIH2,ENSEMBL:ENSG00000177479,ARIH2,True,False,2
ZNF543,ENSEMBL:ENSG00000178229,ZNF543,True,False,1
TTC27,ENSEMBL:ENSG00000018699,TTC27,False,True,1
PHF6,ENSEMBL:ENSG00000156531,PHF6,True,True,2
C5orf22,ENSEMBL:ENSG00000082213,C5orf22,True,False,1
HS3ST6,ENSEMBL:ENSG00000276333,HS3ST6,False,True,1
CCDC163,ENSEMBL:ENSG00000280670,CCDC163,True,False,1
NUTM2A-AS1,ENSEMBL:ENSG00000223482,NUTM2A-AS1,True,False,2
RGL1,ENSEMBL:ENSG00000143344,RGL1,True,True,3
ODAD1,ENSEMBL:ENSG00000105479,ODAD1,True,False,1
C1QL1,ENSEMBL:ENSG00000131094,C1QL1,False,True,1
PGA5,ENSEMBL:ENSG00000256713,PGA5,False,True,1
AGA,ENSEMBL:ENSG00000038002,AGA,True,True,3
ENSEMBL:ENSG00000229413,ENSEMBL:ENSG00000229413,,True,False,1
SCNN1A,ENSEMBL:ENSG00000111319,SCNN1A,False,True,2
ACTG2,ENSEMBL:ENSG00000163017,ACTG2,False,True,1
APCDD1,ENSEMBL:ENSG00000154856,APCDD1,True,False,1
DLX5,ENSEMBL:ENSG00000105880,DLX5,False,True,1
ENSEMBL:ENSG00000268034,ENSEMBL:ENSG00000268034,,True,False,1
TTBK2,ENSEMBL:ENSG00000128881,TTBK2,True,False,1
ZBTB41,ENSEMBL:ENSG00000177888,ZBTB41,True,False,1
RPL7L1,ENSEMBL:ENSG00000146223,RPL7L1,True,False,1
TINAG,ENSEMBL:ENSG00000137251,TINAG,False,True,1
KDM4D,ENSEMBL:ENSG00000186280,KDM4D,True,False,1
SLC25A26,ENSEMBL:ENSG00000144741,SLC25A26,True,False,1
ENSEMBL:ENSG00000278922,ENSEMBL:ENSG00000278922,,True,False,1
LMNTD1,ENSEMBL:ENSG00000152936,LMNTD1,False,True,1
WDR37,ENSEMBL:ENSG00000047056,WDR37,True,False,2
CNNM3,ENSEMBL:ENSG00000168763,CNNM3,True,False,1
UBE2L6,ENSEMBL:ENSG00000156587,UBE2L6,True,True,4
CEP43,ENSEMBL:ENSG00000213066,CEP43,True,False,2
HDAC3,ENSEMBL:ENSG00000171720,HDAC3,True,False,1
PKMYT1,ENSEMBL:ENSG00000127564,PKMYT1,True,True,3
F2,ENSEMBL:ENSG00000180210,F2,False,True,5
FAM114A1,ENSEMBL:ENSG00000197712,FAM114A1,False,True,2
ANKRD12,ENSEMBL:ENSG00000101745,ANKRD12,True,False,2
C1orf112,ENSEMBL:ENSG00000000460,C1orf112,True,False,1
GLA,ENSEMBL:ENSG00000102393,GLA,True,True,2
MT-TN,ENSEMBL:ENSG00000210135,MT-TN,True,False,1
KLRC2,ENSEMBL:ENSG00000205809,KLRC2,True,True,2
TMEM69,ENSEMBL:ENSG00000159596,TMEM69,True,True,3
CCDC189,ENSEMBL:ENSG00000196118,CCDC189,False,True,2
TRIP13,ENSEMBL:ENSG00000071539,TRIP13,True,True,3
DIDO1,ENSEMBL:ENSG00000101191,DIDO1,True,False,1
TRAF3IP2,ENSEMBL:ENSG00000056972,TRAF3IP2,True,False,1
PCSK4,ENSEMBL:ENSG00000115257,PCSK4,True,False,1
OTC,ENSEMBL:ENSG00000036473,OTC,False,True,1
ZNF430,ENSEMBL:ENSG00000118620,ZNF430,True,False,1
ATP6V1D,ENSEMBL:ENSG00000100554,ATP6V1D,True,True,3
ENSEMBL:ENSG00000227544,ENSEMBL:ENSG00000227544,,True,False,1
MYL5,ENSEMBL:ENSG00000215375,MYL5,True,False,1
MTCO3P5,ENSEMBL:ENSG00000225476,MTCO3P5,True,False,1
BUB1B,ENSEMBL:ENSG00000156970,BUB1B,False,True,1
DIO3OS,ENSEMBL:ENSG00000258498,DIO3OS,True,False,1
SYDE1,ENSEMBL:ENSG00000105137,SYDE1,False,True,3
SLC2A1,ENSEMBL:ENSG00000117394,SLC2A1,False,True,3
SLC30A5,ENSEMBL:ENSG00000145740,SLC30A5,False,True,2
ETV4,ENSEMBL:ENSG00000175832,ETV4,False,True,1
NAPG,ENSEMBL:ENSG00000134265,NAPG,True,False,1
SARM1,ENSEMBL:ENSG00000004139,SARM1,True,False,2
WASHC5,ENSEMBL:ENSG00000164961,WASHC5,True,True,2
ENSEMBL:ENSG00000232098,ENSEMBL:ENSG00000232098,,True,False,2
TRPV6,ENSEMBL:ENSG00000165125,TRPV6,False,True,1
MISP,ENSEMBL:ENSG00000099812,MISP,False,True,3
SMARCE1,ENSEMBL:ENSG00000073584,SMARCE1,True,True,2
CGGBP1,ENSEMBL:ENSG00000163320,CGGBP1,True,True,3
KIR3DX1,ENSEMBL:ENSG00000104970,KIR3DX1,True,False,1
RNF181,ENSEMBL:ENSG00000168894,RNF181,True,True,3
PCDHB12,ENSEMBL:ENSG00000120328,PCDHB12,True,False,1
MN1,ENSEMBL:ENSG00000169184,MN1,True,True,4
KDM4C,ENSEMBL:ENSG00000107077,KDM4C,True,False,1
HOXD11,ENSEMBL:ENSG00000128713,HOXD11,False,True,1
FAM83D,ENSEMBL:ENSG00000101447,FAM83D,False,True,1
XKR4,ENSEMBL:ENSG00000206579,XKR4,False,True,1
STAP1,ENSEMBL:ENSG00000035720,STAP1,False,True,4
PRRT2,ENSEMBL:ENSG00000167371,PRRT2,False,True,2
RIPK3,ENSEMBL:ENSG00000129465,RIPK3,True,True,3
CNTNAP3C,ENSEMBL:ENSG00000283378,CNTNAP3C,True,False,1
TRPC6,ENSEMBL:ENSG00000137672,TRPC6,False,True,1
PRMT7,ENSEMBL:ENSG00000132600,PRMT7,True,False,1
GPR15,ENSEMBL:ENSG00000154165,GPR15,True,False,1
GRIA1,ENSEMBL:ENSG00000155511,GRIA1,False,True,1
ENSEMBL:ENSG00000285928,ENSEMBL:ENSG00000285928,,True,False,1
KLHDC9,ENSEMBL:ENSG00000162755,KLHDC9,True,False,1
RPAP3-DT,ENSEMBL:ENSG00000257433,RPAP3-DT,True,False,1
STUB1,ENSEMBL:ENSG00000103266,STUB1,True,False,2
PRIM2,ENSEMBL:ENSG00000146143,PRIM2,True,False,1
EFTUD2,ENSEMBL:ENSG00000108883,EFTUD2,False,True,1
SERPINA12,ENSEMBL:ENSG00000165953,SERPINA12,True,False,1
NUTM2D,ENSEMBL:ENSG00000214562,NUTM2D,True,False,1
MIR762HG,ENSEMBL:ENSG00000260083,MIR762HG,True,False,1
CENPL,ENSEMBL:ENSG00000120334,CENPL,True,True,2
MRPL28,ENSEMBL:ENSG00000086504,MRPL28,True,True,3
CACNA2D4,ENSEMBL:ENSG00000151062,CACNA2D4,False,True,1
SCX,ENSEMBL:ENSG00000260428,SCX,True,True,3
SEMA6A,ENSEMBL:ENSG00000092421,SEMA6A,True,True,2
ERI1,ENSEMBL:ENSG00000104626,ERI1,False,True,1
ZNF285,ENSEMBL:ENSG00000267508,ZNF285,True,False,1
ZNF398,ENSEMBL:ENSG00000197024,ZNF398,False,True,1
EIF2D,ENSEMBL:ENSG00000143486,EIF2D,False,True,1
TNIP2,ENSEMBL:ENSG00000168884,TNIP2,True,False,1
FNDC4,ENSEMBL:ENSG00000115226,FNDC4,True,False,1
VTI1B,ENSEMBL:ENSG00000100568,VTI1B,False,True,1
NAA20,ENSEMBL:ENSG00000173418,NAA20,True,False,1
TCF21,ENSEMBL:ENSG00000118526,TCF21,False,True,2
SAP30,ENSEMBL:ENSG00000164105,SAP30,True,False,1
PLEKHA2,ENSEMBL:ENSG00000169499,PLEKHA2,False,True,2
EIF4HP1,ENSEMBL:ENSG00000233830,EIF4HP1,True,False,1
KNTC1,ENSEMBL:ENSG00000184445,KNTC1,True,True,3
LCT,ENSEMBL:ENSG00000115850,LCT,False,True,1
C8orf76,ENSEMBL:ENSG00000189376,C8orf76,True,False,1
NTRK1,ENSEMBL:ENSG00000198400,NTRK1,False,True,1
ARSI,ENSEMBL:ENSG00000183876,ARSI,False,True,1
ZNF442,ENSEMBL:ENSG00000198342,ZNF442,True,False,1
HAUS3,ENSEMBL:ENSG00000214367,HAUS3,True,False,1
EPHX1,ENSEMBL:ENSG00000143819,EPHX1,False,True,3
NEU1|ENSG00000184494,ENSEMBL:ENSG00000184494,NEU1,False,True,4
NUDT9,ENSEMBL:ENSG00000170502,NUDT9,True,True,2
APC2,ENSEMBL:ENSG00000115266,APC2,False,True,1
CEP72,ENSEMBL:ENSG00000112877,CEP72,True,False,1
SLC25A45,ENSEMBL:ENSG00000162241,SLC25A45,True,True,3
OR51A7,ENSEMBL:ENSG00000176895,OR51A7,False,True,1
HMGA2,ENSEMBL:ENSG00000149948,HMGA2,False,True,1
SLC5A5,ENSEMBL:ENSG00000105641,SLC5A5,True,False,1
EIF3E,ENSEMBL:ENSG00000104408,EIF3E,True,False,1
METTL2A,ENSEMBL:ENSG00000087995,METTL2A,True,False,2
ITPKA,ENSEMBL:ENSG00000137825,ITPKA,False,True,1
SLITRK5,ENSEMBL:ENSG00000165300,SLITRK5,True,False,1
SGIP1,ENSEMBL:ENSG00000118473,SGIP1,True,True,2
LTF,ENSEMBL:ENSG00000012223,LTF,True,False,1
HLA-DQB2,ENSEMBL:ENSG00000232629,HLA-DQB2,True,False,1
SIGLEC12,ENSEMBL:ENSG00000254521,SIGLEC12,True,False,1
DPAGT1,ENSEMBL:ENSG00000172269,DPAGT1,False,True,1
PKD1L1,ENSEMBL:ENSG00000158683,PKD1L1,True,False,1
SEC16B,ENSEMBL:ENSG00000120341,SEC16B,False,True,1
OXA1L,ENSEMBL:ENSG00000155463,OXA1L,True,True,2
DNAJC21,ENSEMBL:ENSG00000168724,DNAJC21,True,True,3
PERP,ENSEMBL:ENSG00000112378,PERP,False,True,3
OVOL1,ENSEMBL:ENSG00000172818,OVOL1,False,True,1
RUVBL1,ENSEMBL:ENSG00000175792,RUVBL1,False,True,1
LMBR1,ENSEMBL:ENSG00000105983,LMBR1,True,True,2
GJA5,ENSEMBL:ENSG00000265107,GJA5,True,True,2
AK7,ENSEMBL:ENSG00000140057,AK7,False,True,1
CAPN7,ENSEMBL:ENSG00000131375,CAPN7,True,True,3
MPHOSPH6,ENSEMBL:ENSG00000135698,MPHOSPH6,True,False,1
LRRC17,ENSEMBL:ENSG00000128606,LRRC17,False,True,1
ENSEMBL:ENSG00000259560,ENSEMBL:ENSG00000259560,,True,False,1
DEFA5,ENSEMBL:ENSG00000164816,DEFA5,False,True,1
SERPINA3,ENSEMBL:ENSG00000196136,SERPINA3,False,True,2
ZNF358,ENSEMBL:ENSG00000198816,ZNF358,True,False,1
PAH,ENSEMBL:ENSG00000171759,PAH,False,True,2
U2SURP,ENSEMBL:ENSG00000163714,U2SURP,True,True,2
COPRS,ENSEMBL:ENSG00000172301,COPRS,True,False,1
APOL1,ENSEMBL:ENSG00000100342,APOL1,True,False,1
ENSEMBL:ENSG00000214776,ENSEMBL:ENSG00000214776,,True,False,1
APLP1,ENSEMBL:ENSG00000105290,APLP1,True,False,1
NPPC,ENSEMBL:ENSG00000163273,NPPC,False,True,1
TREML3P,ENSEMBL:ENSG00000184106,TREML3P,True,False,1
SPRY1,ENSEMBL:ENSG00000164056,SPRY1,True,True,3
TMEM121B,ENSEMBL:ENSG00000183307,TMEM121B,True,False,1
SPECC1L-ADORA2A,ENSEMBL:ENSG00000258555,SPECC1L-ADORA2A,True,False,1
SVIL2P,ENSEMBL:ENSG00000234814,SVIL2P,True,False,1
DDX20,ENSEMBL:ENSG00000064703,DDX20,True,False,1
ZGPAT,ENSEMBL:ENSG00000197114,ZGPAT,True,True,2
RWDD2A,ENSEMBL:ENSG00000013392,RWDD2A,True,True,2
UFSP1,ENSEMBL:ENSG00000176125,UFSP1,True,False,1
S100A1,ENSEMBL:ENSG00000160678,S100A1,True,False,2
BEND5,ENSEMBL:ENSG00000162373,BEND5,False,True,1
CXorf49,ENSEMBL:ENSG00000215115,CXorf49,False,True,1
SLC35G2,ENSEMBL:ENSG00000168917,SLC35G2,True,False,1
CYP2U1,ENSEMBL:ENSG00000155016,CYP2U1,True,True,2
DENND6A,ENSEMBL:ENSG00000174839,DENND6A,True,False,1
PAPPA,ENSEMBL:ENSG00000182752,PAPPA,True,False,1
SGMS1,ENSEMBL:ENSG00000198964,SGMS1,True,True,2
MYH8,ENSEMBL:ENSG00000133020,MYH8,False,True,2
GGNBP1,ENSEMBL:ENSG00000204188,GGNBP1,False,True,2
RBFOX2,ENSEMBL:ENSG00000100320,RBFOX2,True,True,2
GPR61,ENSEMBL:ENSG00000156097,GPR61,True,False,1
RTCA-AS1,ENSEMBL:ENSG00000224616,RTCA-AS1,True,False,2
ENSEMBL:ENSG00000262877,ENSEMBL:ENSG00000262877,,True,False,1
HOXA2,ENSEMBL:ENSG00000105996,HOXA2,True,False,1
IRX4,ENSEMBL:ENSG00000113430,IRX4,True,True,2
SNHG19,ENSEMBL:ENSG00000260260,SNHG19,True,False,1
THBS2,ENSEMBL:ENSG00000186340,THBS2,True,True,5
ENSEMBL:ENSG00000247121,ENSEMBL:ENSG00000247121,,True,False,1
UBP1,ENSEMBL:ENSG00000153560,UBP1,True,True,3
FABP5P7,ENSEMBL:ENSG00000234964,FABP5P7,True,False,1
ARHGEF4,ENSEMBL:ENSG00000136002,ARHGEF4,True,True,2
TMEM100,ENSEMBL:ENSG00000166292,TMEM100,False,True,1
ENSEMBL:ENSG00000176593,ENSEMBL:ENSG00000176593,,True,False,1
BNIP1,ENSEMBL:ENSG00000113734,BNIP1,False,True,2
RHOT2,ENSEMBL:ENSG00000140983,RHOT2,True,True,4
SLC9A3-AS1,ENSEMBL:ENSG00000225138,SLC9A3-AS1,True,False,1
ENSEMBL:ENSG00000279412,ENSEMBL:ENSG00000279412,,True,False,1
DNAAF11,ENSEMBL:ENSG00000129295,DNAAF11,True,False,1
RAD51,ENSEMBL:ENSG00000051180,RAD51,True,False,1
TASL,ENSEMBL:ENSG00000120280,TASL,True,False,1
NAA60,ENSEMBL:ENSG00000122390,NAA60,True,False,1
MMAB,ENSEMBL:ENSG00000139428,MMAB,True,True,3
ENSEMBL:ENSG00000279668,ENSEMBL:ENSG00000279668,,True,False,1
TAF5LP1,ENSEMBL:ENSG00000267369,TAF5LP1,True,False,1
LSAMP,ENSEMBL:ENSG00000185565,LSAMP,False,True,1
OLFM4,ENSEMBL:ENSG00000102837,OLFM4,True,False,1
UBA3,ENSEMBL:ENSG00000144744,UBA3,True,False,1
ZFP82,ENSEMBL:ENSG00000181007,ZFP82,False,True,1
COX16,ENSEMBL:ENSG00000133983,COX16,False,True,1
SH3GLB2,ENSEMBL:ENSG00000148341,SH3GLB2,True,True,2
TNFRSF4,ENSEMBL:ENSG00000186827,TNFRSF4,True,True,2
PRSS27,ENSEMBL:ENSG00000172382,PRSS27,False,True,1
DENND1B,ENSEMBL:ENSG00000213047,DENND1B,False,True,1
CATSPERZ,ENSEMBL:ENSG00000219435,CATSPERZ,False,True,1
ENSEMBL:ENSG00000287483,ENSEMBL:ENSG00000287483,,True,False,1
ENSEMBL:ENSG00000270426,ENSEMBL:ENSG00000270426,,True,False,1
GPR39,ENSEMBL:ENSG00000183840,GPR39,False,True,1
CNKSR3,ENSEMBL:ENSG00000153721,CNKSR3,False,True,1
ENSEMBL:ENSG00000289091,ENSEMBL:ENSG00000289091,,True,False,1
MCAT,ENSEMBL:ENSG00000100294,MCAT,False,True,2
DDX27,ENSEMBL:ENSG00000124228,DDX27,True,False,1
LINC01151,ENSEMBL:ENSG00000253819,LINC01151,True,False,1
TAF4,ENSEMBL:ENSG00000130699,TAF4,True,False,1
SPATA7,ENSEMBL:ENSG00000042317,SPATA7,True,True,2
ATXN3,ENSEMBL:ENSG00000066427,ATXN3,True,False,1
RUNDC1,ENSEMBL:ENSG00000198863,RUNDC1,True,False,2
GCNT4,ENSEMBL:ENSG00000176928,GCNT4,True,False,1
DDX50,ENSEMBL:ENSG00000107625,DDX50,False,True,1
ZNF853,ENSEMBL:ENSG00000236609,ZNF853,True,False,1
GRIN1,ENSEMBL:ENSG00000176884,GRIN1,True,True,2
ENSEMBL:ENSG00000279700,ENSEMBL:ENSG00000279700,,True,False,2
WDR7,ENSEMBL:ENSG00000091157,WDR7,False,True,2
ENSEMBL:ENSG00000246250,ENSEMBL:ENSG00000246250,,True,False,1
KIAA2026,ENSEMBL:ENSG00000183354,KIAA2026,True,False,1
PHBP19,ENSEMBL:ENSG00000257246,PHBP19,True,False,1
TAS1R3,ENSEMBL:ENSG00000169962,TAS1R3,True,False,1
EEF1A1P6,ENSEMBL:ENSG00000233476,EEF1A1P6,True,False,1
NPIPA7,ENSEMBL:ENSG00000214967,NPIPA7,True,False,1
NR2F6,ENSEMBL:ENSG00000160113,NR2F6,False,True,4
ZSWIM9,ENSEMBL:ENSG00000185453,ZSWIM9,True,False,2
ENSEMBL:ENSG00000275496,ENSEMBL:ENSG00000275496,,True,False,1
ABCA12,ENSEMBL:ENSG00000144452,ABCA12,False,True,1
FIZ1,ENSEMBL:ENSG00000179943,FIZ1,True,False,1
ENSEMBL:ENSG00000275759,ENSEMBL:ENSG00000275759,,True,False,1
CYP2A7,ENSEMBL:ENSG00000198077,CYP2A7,False,True,1
KCNK13,ENSEMBL:ENSG00000152315,KCNK13,False,True,1
ENSEMBL:ENSG00000288187,ENSEMBL:ENSG00000288187,,True,False,1
RASGRF1,ENSEMBL:ENSG00000058335,RASGRF1,False,True,2
DCAKD,ENSEMBL:ENSG00000172992,DCAKD,True,True,2
ENSEMBL:ENSG00000225300,ENSEMBL:ENSG00000225300,,True,False,1
COA1,ENSEMBL:ENSG00000106603,COA1,True,False,2
TNFRSF13B,ENSEMBL:ENSG00000240505,TNFRSF13B,False,True,1
NSUN6,ENSEMBL:ENSG00000241058,NSUN6,True,False,1
SPINK4,ENSEMBL:ENSG00000122711,SPINK4,False,True,1
TMEM14EP,ENSEMBL:ENSG00000221962,TMEM14EP,False,True,2
CPSF2,ENSEMBL:ENSG00000165934,CPSF2,False,True,1
GBX2,ENSEMBL:ENSG00000168505,GBX2,False,True,1
ENSEMBL:ENSG00000227766,ENSEMBL:ENSG00000227766,,True,False,2
PLEKHM1P1,ENSEMBL:ENSG00000214176,PLEKHM1P1,True,False,1
VPS35L,ENSEMBL:ENSG00000103544,VPS35L,True,True,2
CLEC5A,ENSEMBL:ENSG00000258227,CLEC5A,False,True,1
HRH1,ENSEMBL:ENSG00000196639,HRH1,False,True,1
GPRC5A,ENSEMBL:ENSG00000013588,GPRC5A,False,True,1
MOSPD3,ENSEMBL:ENSG00000106330,MOSPD3,False,True,1
ENSEMBL:ENSG00000227252,ENSEMBL:ENSG00000227252,,True,False,1
MROH6,ENSEMBL:ENSG00000204839,MROH6,True,False,1
ZSCAN5A,ENSEMBL:ENSG00000131848,ZSCAN5A,True,False,1
CARS1-AS1,ENSEMBL:ENSG00000247473,CARS1-AS1,True,False,1
ATP2A1,ENSEMBL:ENSG00000196296,ATP2A1,True,False,1
TWIST1,ENSEMBL:ENSG00000122691,TWIST1,False,True,2
SART3,ENSEMBL:ENSG00000075856,SART3,True,True,2
NDFIP1,ENSEMBL:ENSG00000131507,NDFIP1,True,True,2
ANKS3,ENSEMBL:ENSG00000168096,ANKS3,True,False,1
RRN3,ENSEMBL:ENSG00000085721,RRN3,True,False,1
SERPINB11,ENSEMBL:ENSG00000206072,SERPINB11,False,True,1
MIAT,ENSEMBL:ENSG00000225783,MIAT,True,False,1
TSPYL5,ENSEMBL:ENSG00000180543,TSPYL5,False,True,1
ANXA2R,ENSEMBL:ENSG00000177721,ANXA2R,True,False,2
PDZD11,ENSEMBL:ENSG00000120509,PDZD11,True,False,2
TMEM68,ENSEMBL:ENSG00000167904,TMEM68,True,False,1
EBAG9,ENSEMBL:ENSG00000147654,EBAG9,True,False,1
NADSYN1,ENSEMBL:ENSG00000172890,NADSYN1,False,True,3
FBXO2,ENSEMBL:ENSG00000116661,FBXO2,False,True,1
CDK8,ENSEMBL:ENSG00000132964,CDK8,True,False,1
TMEM81,ENSEMBL:ENSG00000174529,TMEM81,True,False,1
SYCE1L,ENSEMBL:ENSG00000205078,SYCE1L,False,True,1
RSPH3,ENSEMBL:ENSG00000130363,RSPH3,True,False,1
REX1BD,ENSEMBL:ENSG00000006015,REX1BD,True,True,2
ELK1,ENSEMBL:ENSG00000126767,ELK1,True,False,1
FAP,ENSEMBL:ENSG00000078098,FAP,False,True,1
ENSEMBL:ENSG00000289062,ENSEMBL:ENSG00000289062,,True,False,1
ENSEMBL:ENSG00000267105,ENSEMBL:ENSG00000267105,,True,False,1
LZTR1,ENSEMBL:ENSG00000099949,LZTR1,True,False,1
MIER3,ENSEMBL:ENSG00000155545,MIER3,False,True,2
CENPH,ENSEMBL:ENSG00000153044,CENPH,False,True,1
MARVELD1,ENSEMBL:ENSG00000155254,MARVELD1,False,True,1
KHDRBS3,ENSEMBL:ENSG00000131773,KHDRBS3,True,True,2
SHMT2,ENSEMBL:ENSG00000182199,SHMT2,True,True,3
KCNK12,ENSEMBL:ENSG00000184261,KCNK12,False,True,1
SSR1,ENSEMBL:ENSG00000124783,SSR1,True,False,1
PIK3C2G,ENSEMBL:ENSG00000139144,PIK3C2G,False,True,1
SPAG8,ENSEMBL:ENSG00000137098,SPAG8,False,True,1
NAP1L2,ENSEMBL:ENSG00000186462,NAP1L2,True,False,1
ZSCAN20,ENSEMBL:ENSG00000121903,ZSCAN20,True,False,1
CLDN22,ENSEMBL:ENSG00000177300,CLDN22,False,True,1
GJB6,ENSEMBL:ENSG00000121742,GJB6,True,False,1
ENSEMBL:ENSG00000272384,ENSEMBL:ENSG00000272384,,True,False,1
ZNF707,ENSEMBL:ENSG00000181135,ZNF707,True,False,1
UNG,ENSEMBL:ENSG00000076248,UNG,True,False,1
RN7SL832P,ENSEMBL:ENSG00000243819,RN7SL832P,True,False,1
ENSEMBL:ENSG00000287059,ENSEMBL:ENSG00000287059,,True,False,1
TSHZ2,ENSEMBL:ENSG00000182463,TSHZ2,True,True,3
PRLR,ENSEMBL:ENSG00000113494,PRLR,False,True,1
RACGAP1,ENSEMBL:ENSG00000161800,RACGAP1,True,True,2
UBR3,ENSEMBL:ENSG00000144357,UBR3,True,False,1
DDX41,ENSEMBL:ENSG00000183258,DDX41,True,False,1
LGR5,ENSEMBL:ENSG00000139292,LGR5,True,False,1
PKD1P2,ENSEMBL:ENSG00000227827,PKD1P2,True,False,1
UNC13B,ENSEMBL:ENSG00000198722,UNC13B,False,True,1
SAMD13,ENSEMBL:ENSG00000203943,SAMD13,True,True,2
KRT9,ENSEMBL:ENSG00000171403,KRT9,True,False,1
MDFI,ENSEMBL:ENSG00000112559,MDFI,False,True,1
WASHC1,ENSEMBL:ENSG00000181404,WASHC1,True,True,3
SP4,ENSEMBL:ENSG00000105866,SP4,True,True,2
PKNOX2,ENSEMBL:ENSG00000165495,PKNOX2,True,False,1
ENSEMBL:ENSG00000244398,ENSEMBL:ENSG00000244398,,True,False,1
PI4KAP2,ENSEMBL:ENSG00000183506,PI4KAP2,True,False,2
NSMCE2,ENSEMBL:ENSG00000156831,NSMCE2,False,True,2
ZNF385D,ENSEMBL:ENSG00000151789,ZNF385D,True,True,2
ENSEMBL:ENSG00000234426,ENSEMBL:ENSG00000234426,,True,False,1
RDH10,ENSEMBL:ENSG00000121039,RDH10,False,True,1
CENPJ,ENSEMBL:ENSG00000151849,CENPJ,True,False,1
CWC15,ENSEMBL:ENSG00000150316,CWC15,False,True,2
COA8,ENSEMBL:ENSG00000256053,COA8,True,False,1
EMSY-DT,ENSEMBL:ENSG00000255135,EMSY-DT,True,False,2
AIP,ENSEMBL:ENSG00000110711,AIP,True,False,1
DYM,ENSEMBL:ENSG00000141627,DYM,False,True,2
ZNF112,ENSEMBL:ENSG00000062370,ZNF112,True,False,1
GRIP2,ENSEMBL:ENSG00000144596,GRIP2,True,True,3
POGLUT2,ENSEMBL:ENSG00000134901,POGLUT2,False,True,1
SLCO1B3,ENSEMBL:ENSG00000111700,SLCO1B3,False,True,1
ST13P6,ENSEMBL:ENSG00000225259,ST13P6,True,False,1
MRGBP,ENSEMBL:ENSG00000101189,MRGBP,True,False,1
ASF1A,ENSEMBL:ENSG00000111875,ASF1A,True,False,1
PGGT1B,ENSEMBL:ENSG00000164219,PGGT1B,True,False,1
RO60,ENSEMBL:ENSG00000116747,RO60,False,True,2
CCDC43,ENSEMBL:ENSG00000180329,CCDC43,False,True,1
MTHFD2L,ENSEMBL:ENSG00000163738,MTHFD2L,True,False,1
SNAI2,ENSEMBL:ENSG00000019549,SNAI2,False,True,1
TTLL12,ENSEMBL:ENSG00000100304,TTLL12,True,True,4
DIRAS3,ENSEMBL:ENSG00000162595,DIRAS3,True,False,1
TBC1D21,ENSEMBL:ENSG00000167139,TBC1D21,False,True,1
C10orf90,ENSEMBL:ENSG00000154493,C10orf90,False,True,1
LINC00565,ENSEMBL:ENSG00000260910,LINC00565,True,False,1
TMC6,ENSEMBL:ENSG00000141524,TMC6,True,False,1
SNORD33,ENSEMBL:ENSG00000199631,SNORD33,True,False,1
COL26A1,ENSEMBL:ENSG00000160963,COL26A1,True,False,1
CICP27,ENSEMBL:ENSG00000233750,CICP27,True,False,1
STYK1,ENSEMBL:ENSG00000060140,STYK1,False,True,2
LPAR3,ENSEMBL:ENSG00000171517,LPAR3,False,True,2
ZHX1,ENSEMBL:ENSG00000165156,ZHX1,False,True,1
ADAMTS7,ENSEMBL:ENSG00000136378,ADAMTS7,True,True,2
SUGT1P4-STRA6LP,ENSEMBL:ENSG00000254876,SUGT1P4-STRA6LP,True,False,1
TELO2,ENSEMBL:ENSG00000100726,TELO2,True,True,2
FAM171B,ENSEMBL:ENSG00000144369,FAM171B,False,True,1
ADGRA2,ENSEMBL:ENSG00000020181,ADGRA2,True,True,4
SHISA6,ENSEMBL:ENSG00000188803,SHISA6,True,True,2
RNF113A,ENSEMBL:ENSG00000125352,RNF113A,True,False,1
TFAP2E,ENSEMBL:ENSG00000116819,TFAP2E,False,True,1
SLC25A17,ENSEMBL:ENSG00000100372,SLC25A17,True,True,2
ESPL1,ENSEMBL:ENSG00000135476,ESPL1,False,True,3
UBE3C,ENSEMBL:ENSG00000009335,UBE3C,False,True,2
BOLA2,ENSEMBL:ENSG00000183336,BOLA2,False,True,1
ENSEMBL:ENSG00000215154,ENSEMBL:ENSG00000215154,,True,False,1
FAM174C,ENSEMBL:ENSG00000228300,FAM174C,True,False,1
CCDC40,ENSEMBL:ENSG00000141519,CCDC40,True,False,1
ZNF24,ENSEMBL:ENSG00000172466,ZNF24,True,False,2
FGB,ENSEMBL:ENSG00000171564,FGB,False,True,3
RN7SL3,ENSEMBL:ENSG00000278771,RN7SL3,True,False,1
FOXD1,ENSEMBL:ENSG00000251493,FOXD1,False,True,1
ENSEMBL:ENSG00000233030,ENSEMBL:ENSG00000233030,,True,False,1
HS6ST2,ENSEMBL:ENSG00000171004,HS6ST2,False,True,1
NR2C2AP,ENSEMBL:ENSG00000184162,NR2C2AP,True,False,1
SOWAHA,ENSEMBL:ENSG00000198944,SOWAHA,False,True,1
MGAT3,ENSEMBL:ENSG00000128268,MGAT3,True,False,1
PSMC2,ENSEMBL:ENSG00000161057,PSMC2,True,True,2
SLC25A25-AS1,ENSEMBL:ENSG00000234771,SLC25A25-AS1,True,False,1
ENSEMBL:ENSG00000249679,ENSEMBL:ENSG00000249679,,True,False,1
PCDHB14,ENSEMBL:ENSG00000120327,PCDHB14,True,False,1
FAHD2A,ENSEMBL:ENSG00000115042,FAHD2A,True,False,2
ATG4B,ENSEMBL:ENSG00000168397,ATG4B,True,False,1
RTRAF,ENSEMBL:ENSG00000087302,RTRAF,True,True,3
OMP,ENSEMBL:ENSG00000254550,OMP,False,True,1
TTC14,ENSEMBL:ENSG00000163728,TTC14,True,False,1
IMMP1L,ENSEMBL:ENSG00000148950,IMMP1L,True,False,1
HOXD3,ENSEMBL:ENSG00000128652,HOXD3,True,False,1
DICER1-AS1,ENSEMBL:ENSG00000235706,DICER1-AS1,True,False,1
SLC27A6,ENSEMBL:ENSG00000113396,SLC27A6,False,True,2
POLR2G,ENSEMBL:ENSG00000168002,POLR2G,True,False,2
SH3D21,ENSEMBL:ENSG00000214193,SH3D21,False,True,2
LRP8,ENSEMBL:ENSG00000157193,LRP8,False,True,1
IPPK,ENSEMBL:ENSG00000127080,IPPK,True,False,1
RELL2,ENSEMBL:ENSG00000164620,RELL2,False,True,2
BACE2,ENSEMBL:ENSG00000182240,BACE2,False,True,3
SUPT3H,ENSEMBL:ENSG00000196284,SUPT3H,False,True,1
GPR150,ENSEMBL:ENSG00000178015,GPR150,True,False,1
LSM6,ENSEMBL:ENSG00000164167,LSM6,True,True,3
WT1,ENSEMBL:ENSG00000184937,WT1,False,True,1
IRX2,ENSEMBL:ENSG00000170561,IRX2,False,True,1
AHNAK2,ENSEMBL:ENSG00000185567,AHNAK2,True,False,1
PENK,ENSEMBL:ENSG00000181195,PENK,False,True,2
RAPGEF5,ENSEMBL:ENSG00000136237,RAPGEF5,True,True,3
LTA,ENSEMBL:ENSG00000238130,LTA,False,True,1
CUZD1,ENSEMBL:ENSG00000138161,CUZD1,False,True,1
CHTOP,ENSEMBL:ENSG00000160679,CHTOP,True,False,1
HSPG2,ENSEMBL:ENSG00000142798,HSPG2,True,False,1
RNASEH2A,ENSEMBL:ENSG00000104889,RNASEH2A,False,True,1
ZDHHC17,ENSEMBL:ENSG00000186908,ZDHHC17,True,True,3
SF3B4,ENSEMBL:ENSG00000143368,SF3B4,True,True,3
FBXO16,ENSEMBL:ENSG00000214050,FBXO16,True,False,1
ZBED6CL,ENSEMBL:ENSG00000188707,ZBED6CL,True,False,1
ENSEMBL:ENSG00000287097,ENSEMBL:ENSG00000287097,,True,False,1
MCM7,ENSEMBL:ENSG00000166508,MCM7,True,True,2
TNN,ENSEMBL:ENSG00000120332,TNN,False,True,1
ENSEMBL:ENSG00000275888,ENSEMBL:ENSG00000275888,,True,False,1
SULT1E1,ENSEMBL:ENSG00000109193,SULT1E1,False,True,1
TNFSF4,ENSEMBL:ENSG00000117586,TNFSF4,True,False,1
EBPL,ENSEMBL:ENSG00000123179,EBPL,True,True,2
TTC33,ENSEMBL:ENSG00000113638,TTC33,True,False,1
JAGN1,ENSEMBL:ENSG00000171135,JAGN1,True,False,1
ZNF629,ENSEMBL:ENSG00000102870,ZNF629,True,False,1
TCHHL1,ENSEMBL:ENSG00000182898,TCHHL1,False,True,1
DDB2,ENSEMBL:ENSG00000134574,DDB2,True,False,1
GPATCH3,ENSEMBL:ENSG00000198746,GPATCH3,True,False,2
NKAPP1,ENSEMBL:ENSG00000233382,NKAPP1,True,False,1
ENSEMBL:ENSG00000285799,ENSEMBL:ENSG00000285799,,True,False,1
LINC00339,ENSEMBL:ENSG00000218510,LINC00339,True,False,1
KIAA0586,ENSEMBL:ENSG00000100578,KIAA0586,True,True,2
AKT3,ENSEMBL:ENSG00000117020,AKT3,True,True,2
ENSEMBL:ENSG00000280441,ENSEMBL:ENSG00000280441,,True,False,1
KCNA3,ENSEMBL:ENSG00000177272,KCNA3,False,True,1
KCNIP4,ENSEMBL:ENSG00000185774,KCNIP4,False,True,1
CLEC9A,ENSEMBL:ENSG00000197992,CLEC9A,False,True,2
THOC2,ENSEMBL:ENSG00000125676,THOC2,True,True,2
RNFT1-DT,ENSEMBL:ENSG00000267302,RNFT1-DT,True,False,1
ENSEMBL:ENSG00000273432,ENSEMBL:ENSG00000273432,,True,False,1
FAM189A2,ENSEMBL:ENSG00000135063,FAM189A2,True,False,1
KLHL8,ENSEMBL:ENSG00000145332,KLHL8,True,False,1
KCNC3,ENSEMBL:ENSG00000131398,KCNC3,True,True,2
TNMD,ENSEMBL:ENSG00000000005,TNMD,False,True,2
FXYD2,ENSEMBL:ENSG00000137731,FXYD2,False,True,1
POLR2F,ENSEMBL:ENSG00000100142,POLR2F,True,False,1
ENSEMBL:ENSG00000255142,ENSEMBL:ENSG00000255142,,True,False,1
ENSEMBL:ENSG00000269068,ENSEMBL:ENSG00000269068,,True,False,1
ATOH1,ENSEMBL:ENSG00000172238,ATOH1,False,True,1
IFT52,ENSEMBL:ENSG00000101052,IFT52,False,True,2
ENSEMBL:ENSG00000267784,ENSEMBL:ENSG00000267784,,True,False,1
ENSEMBL:ENSG00000228436,ENSEMBL:ENSG00000228436,,True,False,1
COLCA2,ENSEMBL:ENSG00000214290,COLCA2,True,False,1
ENSEMBL:ENSG00000286322,ENSEMBL:ENSG00000286322,,True,False,1
SNRNP35,ENSEMBL:ENSG00000184209,SNRNP35,True,True,2
ATL3,ENSEMBL:ENSG00000184743,ATL3,True,True,2
ST7-AS1,ENSEMBL:ENSG00000227199,ST7-AS1,True,False,1
ENSEMBL:ENSG00000283839,ENSEMBL:ENSG00000283839,,True,False,1
C13orf46,ENSEMBL:ENSG00000283199,C13orf46,True,False,1
ERG,ENSEMBL:ENSG00000157554,ERG,False,True,2
H2AB1,ENSEMBL:ENSG00000274183,H2AB1,True,False,1
KANK4,ENSEMBL:ENSG00000132854,KANK4,False,True,2
SLC6A14,ENSEMBL:ENSG00000268104,SLC6A14,False,True,1
RASL11A,ENSEMBL:ENSG00000122035,RASL11A,False,True,2
WDR83,ENSEMBL:ENSG00000123154,WDR83,True,False,1
LAYN,ENSEMBL:ENSG00000204381,LAYN,True,True,4
ENSEMBL:ENSG00000288796,ENSEMBL:ENSG00000288796,,True,False,1
HSP90AA2P,ENSEMBL:ENSG00000224411,HSP90AA2P,True,False,2
CD164L2,ENSEMBL:ENSG00000174950,CD164L2,False,True,1
INTS12,ENSEMBL:ENSG00000138785,INTS12,False,True,1
ZNF512,ENSEMBL:ENSG00000243943,ZNF512,True,False,1
ZSCAN29,ENSEMBL:ENSG00000140265,ZSCAN29,True,False,1
MFAP2,ENSEMBL:ENSG00000117122,MFAP2,False,True,1
NAA16,ENSEMBL:ENSG00000172766,NAA16,True,False,1
TBC1D16,ENSEMBL:ENSG00000167291,TBC1D16,True,False,1
FAM53A,ENSEMBL:ENSG00000174137,FAM53A,False,True,1
ZNF341,ENSEMBL:ENSG00000131061,ZNF341,True,False,2
TCFL5,ENSEMBL:ENSG00000101190,TCFL5,True,False,1
APOA2,ENSEMBL:ENSG00000158874,APOA2,False,True,2
ENSEMBL:ENSG00000284930,ENSEMBL:ENSG00000284930,,True,False,1
RNF208,ENSEMBL:ENSG00000212864,RNF208,False,True,1
ANKLE1,ENSEMBL:ENSG00000160117,ANKLE1,False,True,1
LINC02295,ENSEMBL:ENSG00000258511,LINC02295,True,False,1
NME9,ENSEMBL:ENSG00000181322,NME9,True,False,1
HOXC5,ENSEMBL:ENSG00000172789,HOXC5,True,False,1
PLA2G4E,ENSEMBL:ENSG00000188089,PLA2G4E,True,False,1
SLC9A6,ENSEMBL:ENSG00000198689,SLC9A6,True,False,1
SETD4,ENSEMBL:ENSG00000185917,SETD4,True,False,1
ENSEMBL:ENSG00000261054,ENSEMBL:ENSG00000261054,,True,False,1
DRG1,ENSEMBL:ENSG00000185721,DRG1,True,False,1
TRIP4,ENSEMBL:ENSG00000103671,TRIP4,True,False,2
CABLES2,ENSEMBL:ENSG00000149679,CABLES2,True,False,1
C1orf159,ENSEMBL:ENSG00000131591,C1orf159,True,False,1
GPR158,ENSEMBL:ENSG00000151025,GPR158,False,True,1
CDCA5,ENSEMBL:ENSG00000146670,CDCA5,True,True,2
CHST4,ENSEMBL:ENSG00000140835,CHST4,False,True,1
AMHR2,ENSEMBL:ENSG00000135409,AMHR2,True,False,1
LIF,ENSEMBL:ENSG00000128342,LIF,False,True,2
RAB3GAP1,ENSEMBL:ENSG00000115839,RAB3GAP1,True,False,1
SLC18A2,ENSEMBL:ENSG00000165646,SLC18A2,False,True,2
ZNF382,ENSEMBL:ENSG00000161298,ZNF382,False,True,1
RPL5P30,ENSEMBL:ENSG00000243431,RPL5P30,True,False,1
KLHL26,ENSEMBL:ENSG00000167487,KLHL26,True,True,2
CHI3L2,ENSEMBL:ENSG00000064886,CHI3L2,True,False,1
GOLGA8B,ENSEMBL:ENSG00000215252,GOLGA8B,True,False,1
ARHGAP32,ENSEMBL:ENSG00000134909,ARHGAP32,False,True,1
ENSEMBL:ENSG00000266340,ENSEMBL:ENSG00000266340,,True,False,1
TBXT,ENSEMBL:ENSG00000164458,TBXT,False,True,1
DDX56,ENSEMBL:ENSG00000136271,DDX56,True,False,2
ENSEMBL:ENSG00000235888,ENSEMBL:ENSG00000235888,,True,False,1
TMEM191A,ENSEMBL:ENSG00000226287,TMEM191A,True,False,1
DCTN6,ENSEMBL:ENSG00000104671,DCTN6,True,False,1
LINC01963,ENSEMBL:ENSG00000260804,LINC01963,True,False,1
BRCC3,ENSEMBL:ENSG00000185515,BRCC3,False,True,1
HUS1,ENSEMBL:ENSG00000136273,HUS1,False,True,1
IL36G,ENSEMBL:ENSG00000136688,IL36G,False,True,1
PCNA,ENSEMBL:ENSG00000132646,PCNA,True,True,3
ALG5,ENSEMBL:ENSG00000120697,ALG5,True,True,3
ENSEMBL:ENSG00000276075,ENSEMBL:ENSG00000276075,,True,False,1
ST8SIA1,ENSEMBL:ENSG00000111728,ST8SIA1,True,True,3
RERGL,ENSEMBL:ENSG00000111404,RERGL,False,True,1
COX11,ENSEMBL:ENSG00000166260,COX11,False,True,1
UBE3D,ENSEMBL:ENSG00000118420,UBE3D,True,False,1
ENSEMBL:ENSG00000262211,ENSEMBL:ENSG00000262211,,True,False,1
ALG10,ENSEMBL:ENSG00000139133,ALG10,True,True,2
BCL2L12,ENSEMBL:ENSG00000126453,BCL2L12,True,False,1
C17orf97,ENSEMBL:ENSG00000187624,C17orf97,True,False,1
TRAV22,ENSEMBL:ENSG00000211802,TRAV22,True,False,1
ITGB3BP,ENSEMBL:ENSG00000142856,ITGB3BP,True,False,1
MSH6,ENSEMBL:ENSG00000116062,MSH6,True,False,1
ENSEMBL:ENSG00000279551,ENSEMBL:ENSG00000279551,,True,False,1
LINC00886,ENSEMBL:ENSG00000240875,LINC00886,True,False,1
UQCRHL,ENSEMBL:ENSG00000233954,UQCRHL,True,False,2
ENSEMBL:ENSG00000260772,ENSEMBL:ENSG00000260772,,True,False,1
CLTCL1,ENSEMBL:ENSG00000070371,CLTCL1,True,False,2
RXFP1,ENSEMBL:ENSG00000171509,RXFP1,False,True,1
ERCC8,ENSEMBL:ENSG00000049167,ERCC8,True,False,1
HOXB6,ENSEMBL:ENSG00000108511,HOXB6,True,False,1
CLPTM1L,ENSEMBL:ENSG00000049656,CLPTM1L,True,False,2
ERAP2,ENSEMBL:ENSG00000164308,ERAP2,True,False,1
TRPM8,ENSEMBL:ENSG00000144481,TRPM8,False,True,1
OR6C65,ENSEMBL:ENSG00000205328,OR6C65,False,True,1
ENSEMBL:ENSG00000273188,ENSEMBL:ENSG00000273188,,True,False,1
MEI1,ENSEMBL:ENSG00000167077,MEI1,True,False,1
SRP19,ENSEMBL:ENSG00000153037,SRP19,True,False,1
GREB1L,ENSEMBL:ENSG00000141449,GREB1L,True,False,1
BRCA2,ENSEMBL:ENSG00000139618,BRCA2,False,True,1
TBX2,ENSEMBL:ENSG00000121068,TBX2,False,True,2
DCN,ENSEMBL:ENSG00000011465,DCN,False,True,1
ENSEMBL:ENSG00000281741,ENSEMBL:ENSG00000281741,,True,False,1
HPS5,ENSEMBL:ENSG00000110756,HPS5,True,True,3
SFN,ENSEMBL:ENSG00000175793,SFN,False,True,1
RSPO4,ENSEMBL:ENSG00000101282,RSPO4,True,False,1
CAMP,ENSEMBL:ENSG00000164047,CAMP,True,False,1
ENSEMBL:ENSG00000270157,ENSEMBL:ENSG00000270157,,True,False,1
FAM199X,ENSEMBL:ENSG00000123575,FAM199X,True,False,1
RUSC1,ENSEMBL:ENSG00000160753,RUSC1,True,False,1
CDKN1C|ENSG00000273707,ENSEMBL:ENSG00000273707,CDKN1C,False,True,1
FXYD5,ENSEMBL:ENSG00000089327,FXYD5,True,True,4
LINC02328,ENSEMBL:ENSG00000258733,LINC02328,True,False,1
LRRC40,ENSEMBL:ENSG00000066557,LRRC40,True,False,1
ENSEMBL:ENSG00000261253,ENSEMBL:ENSG00000261253,,True,False,1
CNTFR-AS1,ENSEMBL:ENSG00000237159,CNTFR-AS1,True,False,1
ENSEMBL:ENSG00000289327,ENSEMBL:ENSG00000289327,,True,False,1
TSPY26P,ENSEMBL:ENSG00000235217,TSPY26P,True,False,1
TRBV5-5,ENSEMBL:ENSG00000211725,TRBV5-5,True,False,1
TM2D1,ENSEMBL:ENSG00000162604,TM2D1,True,False,1
RCN2,ENSEMBL:ENSG00000117906,RCN2,True,False,1
RAB3IP,ENSEMBL:ENSG00000127328,RAB3IP,True,True,4
AP2B1,ENSEMBL:ENSG00000006125,AP2B1,True,True,6
FAM229B,ENSEMBL:ENSG00000203778,FAM229B,True,False,1
RAB13,ENSEMBL:ENSG00000143545,RAB13,False,True,2
NFYC-AS1,ENSEMBL:ENSG00000272145,NFYC-AS1,True,False,2
MFSD1P1,ENSEMBL:ENSG00000261868,MFSD1P1,True,False,1
TMED1,ENSEMBL:ENSG00000099203,TMED1,False,True,1
FZD10,ENSEMBL:ENSG00000111432,FZD10,False,True,1
IGKV3-20,ENSEMBL:ENSG00000239951,IGKV3-20,True,False,1
LINC02804,ENSEMBL:ENSG00000274372,LINC02804,True,False,1
EFNA3,ENSEMBL:ENSG00000143590,EFNA3,True,True,2
PCID2,ENSEMBL:ENSG00000126226,PCID2,True,False,1
GDPGP1,ENSEMBL:ENSG00000183208,GDPGP1,True,False,1
ENSEMBL:ENSG00000289038,ENSEMBL:ENSG00000289038,,True,False,1
ANKRD20A11P,ENSEMBL:ENSG00000215559,ANKRD20A11P,True,False,1
SLC3A1,ENSEMBL:ENSG00000138079,SLC3A1,False,True,2
SNX4,ENSEMBL:ENSG00000114520,SNX4,True,False,1
DLEU2,ENSEMBL:ENSG00000231607,DLEU2,True,False,1
ZCCHC10,ENSEMBL:ENSG00000155329,ZCCHC10,True,False,1
CFAP52,ENSEMBL:ENSG00000166596,CFAP52,False,True,1
GREM2,ENSEMBL:ENSG00000180875,GREM2,False,True,2
SCAMP1-AS1,ENSEMBL:ENSG00000245556,SCAMP1-AS1,True,False,1
PRRC1,ENSEMBL:ENSG00000164244,PRRC1,False,True,1
MRPL39,ENSEMBL:ENSG00000154719,MRPL39,False,True,1
CTU1,ENSEMBL:ENSG00000142544,CTU1,False,True,1
BIRC2,ENSEMBL:ENSG00000110330,BIRC2,True,False,2
PIAS2,ENSEMBL:ENSG00000078043,PIAS2,True,False,1
DERPC,ENSEMBL:ENSG00000286140,DERPC,True,False,1
RNF39,ENSEMBL:ENSG00000204618,RNF39,False,True,1
THAP8,ENSEMBL:ENSG00000161277,THAP8,True,False,1
SPATA6L,ENSEMBL:ENSG00000106686,SPATA6L,False,True,1
LETM2,ENSEMBL:ENSG00000165046,LETM2,True,False,1
ENSEMBL:ENSG00000187186,ENSEMBL:ENSG00000187186,,True,False,2
FETUB,ENSEMBL:ENSG00000090512,FETUB,False,True,2
PGF,ENSEMBL:ENSG00000119630,PGF,False,True,1
PARP6,ENSEMBL:ENSG00000137817,PARP6,False,True,1
ENSEMBL:ENSG00000269553,ENSEMBL:ENSG00000269553,,True,False,1
LINC00989,ENSEMBL:ENSG00000250334,LINC00989,True,False,1
ATP6AP1L,ENSEMBL:ENSG00000205464,ATP6AP1L,True,False,1
S100A10,ENSEMBL:ENSG00000197747,S100A10,True,True,2
CAPN6,ENSEMBL:ENSG00000077274,CAPN6,True,False,1
TDP1,ENSEMBL:ENSG00000042088,TDP1,True,False,1
ENSEMBL:ENSG00000285571,ENSEMBL:ENSG00000285571,,True,False,1
GTPBP2,ENSEMBL:ENSG00000172432,GTPBP2,False,True,1
ENSEMBL:ENSG00000279865,ENSEMBL:ENSG00000279865,,True,False,1
MAGIX,ENSEMBL:ENSG00000269313,MAGIX,False,True,2
HHIPL2,ENSEMBL:ENSG00000143512,HHIPL2,False,True,1
CABP7,ENSEMBL:ENSG00000100314,CABP7,False,True,1
FGFR2,ENSEMBL:ENSG00000066468,FGFR2,False,True,2
MUSK,ENSEMBL:ENSG00000030304,MUSK,False,True,1
IRGQ,ENSEMBL:ENSG00000167378,IRGQ,False,True,1
RHOXF2,ENSEMBL:ENSG00000131721,RHOXF2,True,False,1
GPR50,ENSEMBL:ENSG00000102195,GPR50,False,True,1
MRPL36,ENSEMBL:ENSG00000171421,MRPL36,True,False,1
C9orf135,ENSEMBL:ENSG00000204711,C9orf135,False,True,1
ZFP3,ENSEMBL:ENSG00000180787,ZFP3,True,False,1
LHFPL1,ENSEMBL:ENSG00000182508,LHFPL1,False,True,1
GLS2,ENSEMBL:ENSG00000135423,GLS2,False,True,2
LRP1B,ENSEMBL:ENSG00000168702,LRP1B,True,False,1
PMS2P4,ENSEMBL:ENSG00000067601,PMS2P4,True,False,1
CPM,ENSEMBL:ENSG00000135678,CPM,True,True,4
EMC1-AS1,ENSEMBL:ENSG00000230424,EMC1-AS1,True,False,1
AMN,ENSEMBL:ENSG00000166126,AMN,True,False,1
METRN,ENSEMBL:ENSG00000103260,METRN,True,False,1
ENSEMBL:ENSG00000279861,ENSEMBL:ENSG00000279861,,True,False,1
STK19,ENSEMBL:ENSG00000204344,STK19,True,False,1
SLC24A2,ENSEMBL:ENSG00000155886,SLC24A2,False,True,2
MGMT,ENSEMBL:ENSG00000170430,MGMT,True,True,4
SYS1,ENSEMBL:ENSG00000204070,SYS1,True,False,2
RIMBP2,ENSEMBL:ENSG00000060709,RIMBP2,True,True,3
CCDC25,ENSEMBL:ENSG00000147419,CCDC25,True,False,1
ENSEMBL:ENSG00000259529,ENSEMBL:ENSG00000259529,,True,False,1
EPHA7,ENSEMBL:ENSG00000135333,EPHA7,False,True,1
FSTL4,ENSEMBL:ENSG00000053108,FSTL4,True,True,2
GID8,ENSEMBL:ENSG00000101193,GID8,False,True,1
E4F1,ENSEMBL:ENSG00000167967,E4F1,True,False,1
ENSEMBL:ENSG00000286192,ENSEMBL:ENSG00000286192,,True,False,1
ENSEMBL:ENSG00000262319,ENSEMBL:ENSG00000262319,,True,False,2
COIL,ENSEMBL:ENSG00000121058,COIL,True,False,1
SNRPE,ENSEMBL:ENSG00000182004,SNRPE,False,True,1
ENSEMBL:ENSG00000230747,ENSEMBL:ENSG00000230747,,True,False,1
STK32A,ENSEMBL:ENSG00000169302,STK32A,True,False,1
PLXNA3,ENSEMBL:ENSG00000130827,PLXNA3,True,True,2
CNIH1,ENSEMBL:ENSG00000100528,CNIH1,False,True,1
LINC00528,ENSEMBL:ENSG00000269220,LINC00528,True,False,1
QDPR,ENSEMBL:ENSG00000151552,QDPR,False,True,2
AURKB,ENSEMBL:ENSG00000178999,AURKB,False,True,3
RASSF7,ENSEMBL:ENSG00000099849,RASSF7,True,False,1
H3C10,ENSEMBL:ENSG00000278828,H3C10,True,False,1
FEM1A,ENSEMBL:ENSG00000141965,FEM1A,False,True,1
ZNF576,ENSEMBL:ENSG00000124444,ZNF576,True,False,1
HGSNAT,ENSEMBL:ENSG00000165102,HGSNAT,True,False,1
STAC,ENSEMBL:ENSG00000144681,STAC,False,True,1
ZNF205,ENSEMBL:ENSG00000122386,ZNF205,True,False,1
IL5,ENSEMBL:ENSG00000113525,IL5,False,True,1
MPL,ENSEMBL:ENSG00000117400,MPL,False,True,2
MTERF2,ENSEMBL:ENSG00000120832,MTERF2,True,True,2
NPIPB11,ENSEMBL:ENSG00000254206,NPIPB11,True,False,1
MAN2C1,ENSEMBL:ENSG00000140400,MAN2C1,True,False,1
DPY19L4,ENSEMBL:ENSG00000156162,DPY19L4,True,False,1
ENSEMBL:ENSG00000280160,ENSEMBL:ENSG00000280160,,True,False,1
ENSEMBL:ENSG00000284931,ENSEMBL:ENSG00000284931,,True,False,1
GTSF1,ENSEMBL:ENSG00000170627,GTSF1,True,False,1
CACNA1D,ENSEMBL:ENSG00000157388,CACNA1D,False,True,1
ACOX2,ENSEMBL:ENSG00000168306,ACOX2,False,True,2
RPL32P29,ENSEMBL:ENSG00000244270,RPL32P29,True,False,1
GRM3,ENSEMBL:ENSG00000198822,GRM3,False,True,1
UBXN8,ENSEMBL:ENSG00000104691,UBXN8,False,True,1
OCLN,ENSEMBL:ENSG00000197822,OCLN,False,True,2
SDR42E1,ENSEMBL:ENSG00000184860,SDR42E1,False,True,1
ANGPTL3,ENSEMBL:ENSG00000132855,ANGPTL3,False,True,1
TRIM34,ENSEMBL:ENSG00000258659,TRIM34,False,True,1
LGALS2,ENSEMBL:ENSG00000100079,LGALS2,False,True,2
ANO8,ENSEMBL:ENSG00000074855,ANO8,True,False,1
HMGXB4,ENSEMBL:ENSG00000100281,HMGXB4,True,False,1
MIER2,ENSEMBL:ENSG00000105556,MIER2,True,True,3
ENSEMBL:ENSG00000280020,ENSEMBL:ENSG00000280020,,True,False,1
ZNF627,ENSEMBL:ENSG00000198551,ZNF627,True,False,1
CUTALP,ENSEMBL:ENSG00000226752,CUTALP,True,False,1
SMG1P5,ENSEMBL:ENSG00000183604,SMG1P5,True,False,1
ENSEMBL:ENSG00000267575,ENSEMBL:ENSG00000267575,,True,False,1
ENSEMBL:ENSG00000284747,ENSEMBL:ENSG00000284747,,True,False,1
ENSEMBL:ENSG00000285747,ENSEMBL:ENSG00000285747,,True,False,1
HKDC1,ENSEMBL:ENSG00000156510,HKDC1,True,False,1
PLA2G4A,ENSEMBL:ENSG00000116711,PLA2G4A,False,True,1
PTX3,ENSEMBL:ENSG00000163661,PTX3,True,True,2
NICN1,ENSEMBL:ENSG00000145029,NICN1,False,True,1
TOMM6,ENSEMBL:ENSG00000214736,TOMM6,True,True,2
ENSEMBL:ENSG00000286808,ENSEMBL:ENSG00000286808,,True,False,1
SAP30BP,ENSEMBL:ENSG00000161526,SAP30BP,True,False,1
PRSS8,ENSEMBL:ENSG00000052344,PRSS8,False,True,1
ENSEMBL:ENSG00000274425,ENSEMBL:ENSG00000274425,,True,False,1
XRCC1,ENSEMBL:ENSG00000073050,XRCC1,False,True,2
FANCL,ENSEMBL:ENSG00000115392,FANCL,True,False,1
C12orf29,ENSEMBL:ENSG00000133641,C12orf29,True,False,1
ANAPC1,ENSEMBL:ENSG00000153107,ANAPC1,False,True,1
GRK1,ENSEMBL:ENSG00000185974,GRK1,False,True,1
CCDC144A,ENSEMBL:ENSG00000170160,CCDC144A,True,False,1
PLAAT5,ENSEMBL:ENSG00000168004,PLAAT5,False,True,1
SCGB3A2,ENSEMBL:ENSG00000164265,SCGB3A2,True,False,1
GCNA,ENSEMBL:ENSG00000147174,GCNA,True,False,1
SUV39H2,ENSEMBL:ENSG00000152455,SUV39H2,True,False,1
VTA1,ENSEMBL:ENSG00000009844,VTA1,True,True,2
SLITRK6,ENSEMBL:ENSG00000184564,SLITRK6,False,True,1
MGAT1,ENSEMBL:ENSG00000131446,MGAT1,True,False,1
TXNDC17,ENSEMBL:ENSG00000129235,TXNDC17,True,True,2
PCDH8,ENSEMBL:ENSG00000136099,PCDH8,True,False,1
ENSEMBL:ENSG00000273486,ENSEMBL:ENSG00000273486,,True,False,1
PDS5A,ENSEMBL:ENSG00000121892,PDS5A,True,True,3
ENSEMBL:ENSG00000176134,ENSEMBL:ENSG00000176134,,True,False,1
ENSEMBL:ENSG00000267059,ENSEMBL:ENSG00000267059,,True,False,2
FAM32A,ENSEMBL:ENSG00000105058,FAM32A,True,False,2
STKLD1,ENSEMBL:ENSG00000198870,STKLD1,True,False,1
WNK3,ENSEMBL:ENSG00000196632,WNK3,False,True,1
JRK,ENSEMBL:ENSG00000234616,JRK,True,False,1
GAS1,ENSEMBL:ENSG00000180447,GAS1,False,True,1
ZNF337,ENSEMBL:ENSG00000130684,ZNF337,True,False,1
HMGN5,ENSEMBL:ENSG00000198157,HMGN5,False,True,1
CR1L,ENSEMBL:ENSG00000197721,CR1L,False,True,1
HEATR4,ENSEMBL:ENSG00000187105,HEATR4,False,True,1
INSL3,ENSEMBL:ENSG00000248099,INSL3,True,False,1
ENSEMBL:ENSG00000275216,ENSEMBL:ENSG00000275216,,True,False,1
ENSEMBL:ENSG00000245008,ENSEMBL:ENSG00000245008,,True,False,1
TRBV2,ENSEMBL:ENSG00000226660,TRBV2,True,False,1
ENSEMBL:ENSG00000173867,ENSEMBL:ENSG00000173867,,True,False,1
METTL8,ENSEMBL:ENSG00000123600,METTL8,True,False,1
C9orf131,ENSEMBL:ENSG00000174038,C9orf131,True,False,1
RDH13,ENSEMBL:ENSG00000160439,RDH13,True,True,2
ENSEMBL:ENSG00000246308,ENSEMBL:ENSG00000246308,,True,False,1
SLX4IP,ENSEMBL:ENSG00000149346,SLX4IP,True,False,1
ENSEMBL:ENSG00000287047,ENSEMBL:ENSG00000287047,,True,False,1
ENSEMBL:ENSG00000248991,ENSEMBL:ENSG00000248991,,True,False,1
RMC1,ENSEMBL:ENSG00000141452,RMC1,True,False,1
PIGV,ENSEMBL:ENSG00000060642,PIGV,True,True,3
C1QTNF9B,ENSEMBL:ENSG00000205863,C1QTNF9B,True,False,1
RFX5,ENSEMBL:ENSG00000143390,RFX5,True,True,2
WDR61,ENSEMBL:ENSG00000140395,WDR61,False,True,1
IL5RA,ENSEMBL:ENSG00000091181,IL5RA,True,False,1
TMEM145,ENSEMBL:ENSG00000167619,TMEM145,True,False,1
ENSEMBL:ENSG00000279118,ENSEMBL:ENSG00000279118,,True,False,1
C10orf95-AS1,ENSEMBL:ENSG00000269609,C10orf95-AS1,True,False,1
SLC32A1,ENSEMBL:ENSG00000101438,SLC32A1,False,True,1
DUSP9,ENSEMBL:ENSG00000130829,DUSP9,True,False,1
ENSEMBL:ENSG00000274080,ENSEMBL:ENSG00000274080,,True,False,1
TMEM201,ENSEMBL:ENSG00000188807,TMEM201,True,True,2
ENSEMBL:ENSG00000198555,ENSEMBL:ENSG00000198555,,True,False,1
SCGB1A1,ENSEMBL:ENSG00000149021,SCGB1A1,True,True,2
GPATCH11,ENSEMBL:ENSG00000152133,GPATCH11,True,False,2
HULC,ENSEMBL:ENSG00000285219,HULC,True,False,1
LINGO3,ENSEMBL:ENSG00000220008,LINGO3,True,False,1
ENSEMBL:ENSG00000258465,ENSEMBL:ENSG00000258465,,True,False,1
TENT5A,ENSEMBL:ENSG00000112773,TENT5A,True,False,2
DOC2A,ENSEMBL:ENSG00000149927,DOC2A,False,True,2
ZNF419,ENSEMBL:ENSG00000105136,ZNF419,True,False,1
BAZ1A-AS1,ENSEMBL:ENSG00000258738,BAZ1A-AS1,True,False,2
KHDRBS1,ENSEMBL:ENSG00000121774,KHDRBS1,True,True,2
RARRES2P4,ENSEMBL:ENSG00000250053,RARRES2P4,True,False,1
TMEM106A,ENSEMBL:ENSG00000184988,TMEM106A,False,True,1
DNAH6,ENSEMBL:ENSG00000115423,DNAH6,True,True,2
SUV39H1,ENSEMBL:ENSG00000101945,SUV39H1,True,False,1
MCM8,ENSEMBL:ENSG00000125885,MCM8,True,True,2
TEX15,ENSEMBL:ENSG00000133863,TEX15,False,True,1
ZFP57,ENSEMBL:ENSG00000204644,ZFP57,True,False,1
CYP2D7,ENSEMBL:ENSG00000205702,CYP2D7,True,False,1
LINC00469,ENSEMBL:ENSG00000177338,LINC00469,True,False,1
SMARCD1,ENSEMBL:ENSG00000066117,SMARCD1,False,True,1
KCNAB1,ENSEMBL:ENSG00000169282,KCNAB1,False,True,2
FAM163B,ENSEMBL:ENSG00000196990,FAM163B,False,True,1
POTEF,ENSEMBL:ENSG00000196604,POTEF,True,False,1
LINC01547,ENSEMBL:ENSG00000183250,LINC01547,True,False,1
ENSEMBL:ENSG00000272821,ENSEMBL:ENSG00000272821,,True,False,1
ARHGEF19,ENSEMBL:ENSG00000142632,ARHGEF19,False,True,1
DLEU7,ENSEMBL:ENSG00000186047,DLEU7,False,True,1
ENSEMBL:ENSG00000234072,ENSEMBL:ENSG00000234072,,True,False,2
LINC00205,ENSEMBL:ENSG00000223768,LINC00205,True,False,2
DNAJC1,ENSEMBL:ENSG00000136770,DNAJC1,True,False,3
PRELID2,ENSEMBL:ENSG00000186314,PRELID2,False,True,1
WDHD1,ENSEMBL:ENSG00000198554,WDHD1,False,True,1
ADRA1B,ENSEMBL:ENSG00000170214,ADRA1B,False,True,4
COMMD10,ENSEMBL:ENSG00000145781,COMMD10,True,False,2
MARCHF9,ENSEMBL:ENSG00000139266,MARCHF9,True,False,1
ENSEMBL:ENSG00000289050,ENSEMBL:ENSG00000289050,,True,False,1
TTLL1,ENSEMBL:ENSG00000100271,TTLL1,True,False,2
TAF1,ENSEMBL:ENSG00000147133,TAF1,True,False,2
SYP,ENSEMBL:ENSG00000102003,SYP,False,True,1
C1orf122,ENSEMBL:ENSG00000197982,C1orf122,True,False,2
SLC30A1,ENSEMBL:ENSG00000170385,SLC30A1,True,False,2
DLGAP1,ENSEMBL:ENSG00000170579,DLGAP1,False,True,1
CLNK,ENSEMBL:ENSG00000109684,CLNK,False,True,1
SUMO2,ENSEMBL:ENSG00000188612,SUMO2,True,False,1
GNG8,ENSEMBL:ENSG00000167414,GNG8,True,True,2
ZNF85,ENSEMBL:ENSG00000105750,ZNF85,True,False,1
ARL17A,ENSEMBL:ENSG00000185829,ARL17A,True,True,2
ABHD17C,ENSEMBL:ENSG00000136379,ABHD17C,True,True,3
SKA1,ENSEMBL:ENSG00000154839,SKA1,False,True,1
UCHL1,ENSEMBL:ENSG00000154277,UCHL1,False,True,1
ZIK1,ENSEMBL:ENSG00000171649,ZIK1,True,False,1
SSBP1,ENSEMBL:ENSG00000106028,SSBP1,False,True,1
RTL9,ENSEMBL:ENSG00000243978,RTL9,False,True,2
HSPB2,ENSEMBL:ENSG00000170276,HSPB2,True,True,4
CCDC18,ENSEMBL:ENSG00000122483,CCDC18,True,False,1
PRPF3,ENSEMBL:ENSG00000117360,PRPF3,True,False,1
CCL3|ENSG00000277632,ENSEMBL:ENSG00000277632,CCL3,True,False,1
ENSEMBL:ENSG00000272763,ENSEMBL:ENSG00000272763,,True,False,1
PIGY,ENSEMBL:ENSG00000255072,PIGY,True,False,1
PIGK,ENSEMBL:ENSG00000142892,PIGK,True,True,2
ATG10,ENSEMBL:ENSG00000152348,ATG10,True,False,1
USP14,ENSEMBL:ENSG00000101557,USP14,True,False,1
NR1I2,ENSEMBL:ENSG00000144852,NR1I2,False,True,2
DIRAS2,ENSEMBL:ENSG00000165023,DIRAS2,False,True,2
LRRC77P,ENSEMBL:ENSG00000244227,LRRC77P,True,False,1
UPF3B,ENSEMBL:ENSG00000125351,UPF3B,True,True,2
IQUB,ENSEMBL:ENSG00000164675,IQUB,False,True,2
C1orf210,ENSEMBL:ENSG00000253313,C1orf210,False,True,1
ARHGAP40,ENSEMBL:ENSG00000124143,ARHGAP40,False,True,1
GNA15,ENSEMBL:ENSG00000060558,GNA15,False,True,1
HLA-G,ENSEMBL:ENSG00000204632,HLA-G,True,False,1
IRX6,ENSEMBL:ENSG00000159387,IRX6,True,False,1
CSKMT,ENSEMBL:ENSG00000214756,CSKMT,True,False,1
GPX1P1,ENSEMBL:ENSG00000197582,GPX1P1,True,False,1
RBPJL,ENSEMBL:ENSG00000124232,RBPJL,False,True,2
CCM2L,ENSEMBL:ENSG00000101331,CCM2L,False,True,2
LINC02610,ENSEMBL:ENSG00000186235,LINC02610,True,False,1
FDX2,ENSEMBL:ENSG00000267673,FDX2,True,True,3
NAT8,ENSEMBL:ENSG00000144035,NAT8,False,True,1
ENSEMBL:ENSG00000258439,ENSEMBL:ENSG00000258439,,True,False,1
VPS51,ENSEMBL:ENSG00000149823,VPS51,True,False,1
MFAP1P1,ENSEMBL:ENSG00000232489,MFAP1P1,True,False,1
GUCY1B1,ENSEMBL:ENSG00000061918,GUCY1B1,False,True,2
HINT3,ENSEMBL:ENSG00000111911,HINT3,False,True,1
UFC1,ENSEMBL:ENSG00000143222,UFC1,False,True,1
POPDC3,ENSEMBL:ENSG00000132429,POPDC3,False,True,1
ENSEMBL:ENSG00000272720,ENSEMBL:ENSG00000272720,,True,False,1
ZNF404,ENSEMBL:ENSG00000176222,ZNF404,True,False,1
NUBP2,ENSEMBL:ENSG00000095906,NUBP2,True,False,1
PGAM2,ENSEMBL:ENSG00000164708,PGAM2,True,False,1
TMEM30B,ENSEMBL:ENSG00000182107,TMEM30B,False,True,1
MSTO1,ENSEMBL:ENSG00000125459,MSTO1,True,False,1
SURF6,ENSEMBL:ENSG00000148296,SURF6,True,False,1
CEACAM8,ENSEMBL:ENSG00000124469,CEACAM8,True,False,2
PGRMC2,ENSEMBL:ENSG00000164040,PGRMC2,True,False,1
ACTG1P4,ENSEMBL:ENSG00000236085,ACTG1P4,True,False,1
CPT1C,ENSEMBL:ENSG00000169169,CPT1C,True,True,2
TGFB3,ENSEMBL:ENSG00000119699,TGFB3,False,True,1
SMG6,ENSEMBL:ENSG00000070366,SMG6,True,False,1
ENSEMBL:ENSG00000279329,ENSEMBL:ENSG00000279329,,True,False,1
YEATS2,ENSEMBL:ENSG00000163872,YEATS2,True,True,2
SGO2,ENSEMBL:ENSG00000163535,SGO2,True,False,1
ZNF654,ENSEMBL:ENSG00000175105,ZNF654,True,False,1
DPYSL4,ENSEMBL:ENSG00000151640,DPYSL4,False,True,2
SLC22A8,ENSEMBL:ENSG00000149452,SLC22A8,False,True,1
PHOX2A,ENSEMBL:ENSG00000165462,PHOX2A,False,True,1
HAO2,ENSEMBL:ENSG00000116882,HAO2,False,True,1
SEMA3A,ENSEMBL:ENSG00000075213,SEMA3A,False,True,2
LINC00663,ENSEMBL:ENSG00000266904,LINC00663,True,False,1
MED14,ENSEMBL:ENSG00000180182,MED14,True,True,2
ATP4B,ENSEMBL:ENSG00000186009,ATP4B,False,True,1
ECT2,ENSEMBL:ENSG00000114346,ECT2,True,True,2
C12orf60,ENSEMBL:ENSG00000182993,C12orf60,True,False,1
GPR137,ENSEMBL:ENSG00000173264,GPR137,False,True,1
PLXDC1,ENSEMBL:ENSG00000161381,PLXDC1,True,False,1
PRPS2,ENSEMBL:ENSG00000101911,PRPS2,False,True,1
CAPSL,ENSEMBL:ENSG00000152611,CAPSL,False,True,1
SH2D3A,ENSEMBL:ENSG00000125731,SH2D3A,True,False,1
CYP2W1,ENSEMBL:ENSG00000073067,CYP2W1,False,True,1
SH2D4A,ENSEMBL:ENSG00000104611,SH2D4A,False,True,1
SYNC,ENSEMBL:ENSG00000162520,SYNC,True,True,2
CNGB1,ENSEMBL:ENSG00000070729,CNGB1,False,True,1
PSMD10,ENSEMBL:ENSG00000101843,PSMD10,True,False,1
RBM4B,ENSEMBL:ENSG00000173914,RBM4B,True,True,2
BORCS7,ENSEMBL:ENSG00000166275,BORCS7,False,True,2
MAP4K3,ENSEMBL:ENSG00000011566,MAP4K3,True,False,1
CD86,ENSEMBL:ENSG00000114013,CD86,False,True,1
CEP41,ENSEMBL:ENSG00000106477,CEP41,False,True,1
KIF7,ENSEMBL:ENSG00000166813,KIF7,True,False,1
SLC9B1,ENSEMBL:ENSG00000164037,SLC9B1,True,False,1
ST8SIA3,ENSEMBL:ENSG00000177511,ST8SIA3,False,True,2
EDEM2,ENSEMBL:ENSG00000088298,EDEM2,True,True,2
PRPF40A,ENSEMBL:ENSG00000196504,PRPF40A,True,True,2
ENSEMBL:ENSG00000273192,ENSEMBL:ENSG00000273192,,True,False,1
PHF7,ENSEMBL:ENSG00000010318,PHF7,True,False,1
HP1BP3,ENSEMBL:ENSG00000127483,HP1BP3,True,True,2
FBXO8,ENSEMBL:ENSG00000164117,FBXO8,False,True,1
CCNE2,ENSEMBL:ENSG00000175305,CCNE2,False,True,1
CFAP69,ENSEMBL:ENSG00000105792,CFAP69,True,False,1
ENSEMBL:ENSG00000254452,ENSEMBL:ENSG00000254452,,True,False,1
HYAL1,ENSEMBL:ENSG00000114378,HYAL1,True,True,3
ATP2B2,ENSEMBL:ENSG00000157087,ATP2B2,False,True,2
SLC22A17,ENSEMBL:ENSG00000092096,SLC22A17,False,True,2
IL17D,ENSEMBL:ENSG00000172458,IL17D,False,True,1
SEC24C,ENSEMBL:ENSG00000176986,SEC24C,True,True,2
VPS26A,ENSEMBL:ENSG00000122958,VPS26A,True,False,2
NPHS1,ENSEMBL:ENSG00000161270,NPHS1,False,True,1
ENSEMBL:ENSG00000232807,ENSEMBL:ENSG00000232807,,True,False,1
PRKCZ,ENSEMBL:ENSG00000067606,PRKCZ,False,True,2
OR2A1,ENSEMBL:ENSG00000221970,OR2A1,True,False,1
LSP1P4,ENSEMBL:ENSG00000143429,LSP1P4,True,False,1
PRKX,ENSEMBL:ENSG00000183943,PRKX,True,True,2
ATP6V0E2,ENSEMBL:ENSG00000171130,ATP6V0E2,True,False,2
ENSEMBL:ENSG00000255801,ENSEMBL:ENSG00000255801,,True,False,1
SLC41A3-AS1,ENSEMBL:ENSG00000250012,SLC41A3-AS1,True,False,1
HMX3,ENSEMBL:ENSG00000188620,HMX3,False,True,1
ACTR5,ENSEMBL:ENSG00000101442,ACTR5,True,False,1
SLC2A10,ENSEMBL:ENSG00000197496,SLC2A10,False,True,2
NRIP3,ENSEMBL:ENSG00000175352,NRIP3,False,True,1
ENSEMBL:ENSG00000255182,ENSEMBL:ENSG00000255182,,True,False,1
WFIKKN1,ENSEMBL:ENSG00000127578,WFIKKN1,True,False,1
HOOK1,ENSEMBL:ENSG00000134709,HOOK1,False,True,1
MICB,ENSEMBL:ENSG00000204516,MICB,True,False,1
ENSEMBL:ENSG00000251602,ENSEMBL:ENSG00000251602,,True,False,1
POLR2D,ENSEMBL:ENSG00000144231,POLR2D,True,True,2
SETD6,ENSEMBL:ENSG00000103037,SETD6,True,False,1
MT-TC,ENSEMBL:ENSG00000210140,MT-TC,True,False,1
GOLGA8A,ENSEMBL:ENSG00000175265,GOLGA8A,True,False,1
SNCAIP,ENSEMBL:ENSG00000064692,SNCAIP,False,True,1
GCNT1,ENSEMBL:ENSG00000187210,GCNT1,False,True,1
MAPK8IP1,ENSEMBL:ENSG00000121653,MAPK8IP1,False,True,1
PRR15L,ENSEMBL:ENSG00000167183,PRR15L,False,True,1
LINC01550,ENSEMBL:ENSG00000246223,LINC01550,True,False,1
HOXD8,ENSEMBL:ENSG00000175879,HOXD8,True,False,1
DNAJC4,ENSEMBL:ENSG00000110011,DNAJC4,True,True,2
XPNPEP3,ENSEMBL:ENSG00000196236,XPNPEP3,False,True,2
MED30,ENSEMBL:ENSG00000164758,MED30,True,False,1
CXCR2P1,ENSEMBL:ENSG00000229754,CXCR2P1,True,False,1
ENSEMBL:ENSG00000253177,ENSEMBL:ENSG00000253177,,True,False,1
ENSEMBL:ENSG00000273217,ENSEMBL:ENSG00000273217,,True,False,1
YIPF4,ENSEMBL:ENSG00000119820,YIPF4,True,True,3
ENSEMBL:ENSG00000260196,ENSEMBL:ENSG00000260196,,True,False,2
STAP2,ENSEMBL:ENSG00000178078,STAP2,True,True,3
PDCD5,ENSEMBL:ENSG00000105185,PDCD5,True,False,1
HIRIP3,ENSEMBL:ENSG00000149929,HIRIP3,True,True,3
EXOSC4,ENSEMBL:ENSG00000178896,EXOSC4,False,True,2
ZBTB48,ENSEMBL:ENSG00000204859,ZBTB48,True,False,1
PCSK1N,ENSEMBL:ENSG00000102109,PCSK1N,False,True,2
LYPD6,ENSEMBL:ENSG00000187123,LYPD6,False,True,2
HSBP1L1,ENSEMBL:ENSG00000226742,HSBP1L1,True,False,1
LPP,ENSEMBL:ENSG00000145012,LPP,False,True,1
SMAGP,ENSEMBL:ENSG00000170545,SMAGP,False,True,2
BHLHB9,ENSEMBL:ENSG00000198908,BHLHB9,True,False,1
MED11,ENSEMBL:ENSG00000161920,MED11,False,True,1
TTC32,ENSEMBL:ENSG00000183891,TTC32,True,False,1
ENSEMBL:ENSG00000260121,ENSEMBL:ENSG00000260121,,True,False,1
PITX1,ENSEMBL:ENSG00000069011,PITX1,True,False,1
EFNB3,ENSEMBL:ENSG00000108947,EFNB3,False,True,2
BAZ1B,ENSEMBL:ENSG00000009954,BAZ1B,True,True,3
PPP3CB-AS1,ENSEMBL:ENSG00000221817,PPP3CB-AS1,True,False,1
FLVCR1,ENSEMBL:ENSG00000162769,FLVCR1,True,False,1
PLEKHM2,ENSEMBL:ENSG00000116786,PLEKHM2,True,False,1
KCNJ12,ENSEMBL:ENSG00000184185,KCNJ12,False,True,1
GORAB,ENSEMBL:ENSG00000120370,GORAB,True,True,2
GRIPAP1,ENSEMBL:ENSG00000068400,GRIPAP1,True,False,2
TSR2,ENSEMBL:ENSG00000158526,TSR2,True,False,1
TDRD3,ENSEMBL:ENSG00000083544,TDRD3,False,True,1
RIT2,ENSEMBL:ENSG00000152214,RIT2,False,True,1
BPIFB6,ENSEMBL:ENSG00000167104,BPIFB6,False,True,1
POGLUT1,ENSEMBL:ENSG00000163389,POGLUT1,True,False,1
CDC42EP5,ENSEMBL:ENSG00000167617,CDC42EP5,True,False,1
ENSEMBL:ENSG00000288856,ENSEMBL:ENSG00000288856,,True,False,1
SLC5A12,ENSEMBL:ENSG00000148942,SLC5A12,False,True,1
QTRT2,ENSEMBL:ENSG00000151576,QTRT2,True,False,2
CCR9,ENSEMBL:ENSG00000173585,CCR9,False,True,1
LRRC37B,ENSEMBL:ENSG00000185158,LRRC37B,True,False,2
RASAL1,ENSEMBL:ENSG00000111344,RASAL1,False,True,1
ENSEMBL:ENSG00000260197,ENSEMBL:ENSG00000260197,,True,False,2
MAS1L,ENSEMBL:ENSG00000204687,MAS1L,False,True,1
DDX4,ENSEMBL:ENSG00000152670,DDX4,False,True,2
PHOSPHO2,ENSEMBL:ENSG00000144362,PHOSPHO2,False,True,1
KCNK3,ENSEMBL:ENSG00000171303,KCNK3,False,True,1
AMN1,ENSEMBL:ENSG00000151743,AMN1,True,False,1
PXDNL,ENSEMBL:ENSG00000147485,PXDNL,True,False,1
ZNF234,ENSEMBL:ENSG00000263002,ZNF234,True,False,1
H2BC3,ENSEMBL:ENSG00000276410,H2BC3,False,True,1
CXorf51A,ENSEMBL:ENSG00000224440,CXorf51A,False,True,1
DTD2,ENSEMBL:ENSG00000129480,DTD2,False,True,1
AK6,ENSEMBL:ENSG00000085231,AK6,True,False,1
CNOT2,ENSEMBL:ENSG00000111596,CNOT2,True,True,3
CLCA1,ENSEMBL:ENSG00000016490,CLCA1,False,True,1
CHAF1A,ENSEMBL:ENSG00000167670,CHAF1A,True,True,2
SPINT1,ENSEMBL:ENSG00000166145,SPINT1,True,False,1
ZNF32,ENSEMBL:ENSG00000169740,ZNF32,True,False,1
MRPL18,ENSEMBL:ENSG00000112110,MRPL18,True,False,2
CCR5AS,ENSEMBL:ENSG00000223552,CCR5AS,True,False,1
ASAH2,ENSEMBL:ENSG00000188611,ASAH2,False,True,1
H2AC18,ENSEMBL:ENSG00000288825,H2AC18,False,True,1
RASSF1-AS1,ENSEMBL:ENSG00000281358,RASSF1-AS1,True,False,1
KNSTRN,ENSEMBL:ENSG00000128944,KNSTRN,False,True,1
ENSEMBL:ENSG00000272693,ENSEMBL:ENSG00000272693,,True,False,1
USP34,ENSEMBL:ENSG00000115464,USP34,True,True,2
SMIM17,ENSEMBL:ENSG00000268182,SMIM17,False,True,1
LINC00653,ENSEMBL:ENSG00000273148,LINC00653,True,False,1
HLTF,ENSEMBL:ENSG00000071794,HLTF,False,True,1
DBF4,ENSEMBL:ENSG00000006634,DBF4,False,True,1
FYB2,ENSEMBL:ENSG00000187889,FYB2,False,True,2
PYM1,ENSEMBL:ENSG00000170473,PYM1,True,True,2
RNF2,ENSEMBL:ENSG00000121481,RNF2,True,False,1
TNNI3K,ENSEMBL:ENSG00000116783,TNNI3K,True,True,3
HPN-AS1,ENSEMBL:ENSG00000227392,HPN-AS1,True,False,1
SLC33A1,ENSEMBL:ENSG00000169359,SLC33A1,True,True,3
EMP2,ENSEMBL:ENSG00000213853,EMP2,False,True,2
SPG11,ENSEMBL:ENSG00000104133,SPG11,False,True,1
RAVER2,ENSEMBL:ENSG00000162437,RAVER2,False,True,1
FAM86C1P,ENSEMBL:ENSG00000158483,FAM86C1P,True,False,1
ENSEMBL:ENSG00000284820,ENSEMBL:ENSG00000284820,,True,False,1
NOTCH2NLC,ENSEMBL:ENSG00000286219,NOTCH2NLC,True,False,2
CTDNEP1,ENSEMBL:ENSG00000175826,CTDNEP1,True,False,1
BRPF3,ENSEMBL:ENSG00000096070,BRPF3,False,True,1
SEZ6,ENSEMBL:ENSG00000063015,SEZ6,False,True,1
SCAMP1,ENSEMBL:ENSG00000085365,SCAMP1,False,True,1
POLK,ENSEMBL:ENSG00000122008,POLK,False,True,1
IL2RA,ENSEMBL:ENSG00000134460,IL2RA,False,True,1
ENSEMBL:ENSG00000206567,ENSEMBL:ENSG00000206567,,True,False,1
SLC46A2,ENSEMBL:ENSG00000119457,SLC46A2,True,False,1
HPS1,ENSEMBL:ENSG00000107521,HPS1,True,False,2
MTND4P22,ENSEMBL:ENSG00000232772,MTND4P22,True,False,1
LEKR1,ENSEMBL:ENSG00000197980,LEKR1,False,True,1
NDST2,ENSEMBL:ENSG00000166507,NDST2,True,False,1
TRIM51EP,ENSEMBL:ENSG00000237706,TRIM51EP,True,False,1
PHYHIP,ENSEMBL:ENSG00000168490,PHYHIP,False,True,2
NOB1,ENSEMBL:ENSG00000141101,NOB1,True,True,2
PSMB1,ENSEMBL:ENSG00000008018,PSMB1,True,True,3
ZNF154,ENSEMBL:ENSG00000179909,ZNF154,True,False,1
ADRA2A,ENSEMBL:ENSG00000150594,ADRA2A,False,True,2
HRAT92,ENSEMBL:ENSG00000223855,HRAT92,True,False,1
MDM4,ENSEMBL:ENSG00000198625,MDM4,False,True,3
VSIG10L,ENSEMBL:ENSG00000186806,VSIG10L,False,True,1
SHOX2,ENSEMBL:ENSG00000168779,SHOX2,False,True,2
MEP1B,ENSEMBL:ENSG00000141434,MEP1B,False,True,1
RNF4,ENSEMBL:ENSG00000063978,RNF4,True,True,2
CISD2,ENSEMBL:ENSG00000145354,CISD2,True,False,2
PAPOLG,ENSEMBL:ENSG00000115421,PAPOLG,True,False,1
ILDR1,ENSEMBL:ENSG00000145103,ILDR1,False,True,1
LINC01422,ENSEMBL:ENSG00000223704,LINC01422,True,False,1
ENSA,ENSEMBL:ENSG00000143420,ENSA,True,False,1
SURF2,ENSEMBL:ENSG00000148291,SURF2,True,False,1
UFL1,ENSEMBL:ENSG00000014123,UFL1,True,True,2
ENSEMBL:ENSG00000273449,ENSEMBL:ENSG00000273449,,True,False,1
MIR100HG,ENSEMBL:ENSG00000255248,MIR100HG,True,False,1
GNAI1,ENSEMBL:ENSG00000127955,GNAI1,False,True,1
SCN8A,ENSEMBL:ENSG00000196876,SCN8A,False,True,1
PAQR3,ENSEMBL:ENSG00000163291,PAQR3,False,True,1
ENSEMBL:ENSG00000283743,ENSEMBL:ENSG00000283743,,True,False,1
SHANK2,ENSEMBL:ENSG00000162105,SHANK2,False,True,1
SWSAP1,ENSEMBL:ENSG00000173928,SWSAP1,True,False,1
PTPRH,ENSEMBL:ENSG00000080031,PTPRH,False,True,1
SIGLEC5|ENSG00000105501,ENSEMBL:ENSG00000105501,SIGLEC5,True,False,1
SYT15,ENSEMBL:ENSG00000204176,SYT15,True,False,1
FOXS1,ENSEMBL:ENSG00000179772,FOXS1,True,True,2
SFTPD,ENSEMBL:ENSG00000133661,SFTPD,False,True,1
CELA3A,ENSEMBL:ENSG00000142789,CELA3A,True,False,1
ASTL,ENSEMBL:ENSG00000188886,ASTL,True,False,1
CUL1,ENSEMBL:ENSG00000055130,CUL1,True,False,1
MTND3P9,ENSEMBL:ENSG00000227557,MTND3P9,True,False,1
MCFD2,ENSEMBL:ENSG00000180398,MCFD2,True,True,2
AQR,ENSEMBL:ENSG00000021776,AQR,True,False,1
C1orf109,ENSEMBL:ENSG00000116922,C1orf109,True,False,1
RPS4Y2,ENSEMBL:ENSG00000280969,RPS4Y2,False,True,1
ZNF514,ENSEMBL:ENSG00000144026,ZNF514,True,False,1
ZNF25,ENSEMBL:ENSG00000175395,ZNF25,True,False,1
ENSEMBL:ENSG00000244313,ENSEMBL:ENSG00000244313,,True,False,1
MYO6,ENSEMBL:ENSG00000196586,MYO6,True,True,2
BCOR,ENSEMBL:ENSG00000183337,BCOR,True,True,2
CDC14B,ENSEMBL:ENSG00000081377,CDC14B,True,False,1
LINC00265,ENSEMBL:ENSG00000188185,LINC00265,True,False,1
CDKN2A,ENSEMBL:ENSG00000147889,CDKN2A,True,False,1
LTK,ENSEMBL:ENSG00000062524,LTK,True,True,2
TBCD,ENSEMBL:ENSG00000141556,TBCD,True,False,1
LINP1,ENSEMBL:ENSG00000223784,LINP1,True,False,1
CPSF1,ENSEMBL:ENSG00000071894,CPSF1,True,True,3
CLUAP1,ENSEMBL:ENSG00000103351,CLUAP1,True,False,2
FABP7,ENSEMBL:ENSG00000164434,FABP7,False,True,1
SFTPA1,ENSEMBL:ENSG00000122852,SFTPA1,False,True,1
GUSBP14,ENSEMBL:ENSG00000253816,GUSBP14,True,False,1
UBE2U,ENSEMBL:ENSG00000177414,UBE2U,False,True,1
POM121,ENSEMBL:ENSG00000196313,POM121,False,True,1
TREH,ENSEMBL:ENSG00000118094,TREH,False,True,1
SEC61A2,ENSEMBL:ENSG00000065665,SEC61A2,False,True,2
ZNF829,ENSEMBL:ENSG00000185869,ZNF829,True,False,1
PCDH10,ENSEMBL:ENSG00000138650,PCDH10,False,True,1
SMC1A,ENSEMBL:ENSG00000072501,SMC1A,False,True,2
CCL3|ENSG00000278567,ENSEMBL:ENSG00000278567,CCL3,False,True,2
DKK3,ENSEMBL:ENSG00000050165,DKK3,False,True,2
ZNF574,ENSEMBL:ENSG00000105732,ZNF574,True,False,2
MAGOH2P,ENSEMBL:ENSG00000264176,MAGOH2P,True,False,1
GDAP1L1,ENSEMBL:ENSG00000124194,GDAP1L1,False,True,1
METTL14,ENSEMBL:ENSG00000145388,METTL14,True,False,1
ENSEMBL:ENSG00000285103,ENSEMBL:ENSG00000285103,,True,False,1
PHTF2,ENSEMBL:ENSG00000006576,PHTF2,True,True,2
NUDT2,ENSEMBL:ENSG00000164978,NUDT2,False,True,2
TRBV10-3,ENSEMBL:ENSG00000275791,TRBV10-3,True,False,1
BRIP1,ENSEMBL:ENSG00000136492,BRIP1,False,True,1
ENSEMBL:ENSG00000260597,ENSEMBL:ENSG00000260597,,True,False,1
POC1B-AS1,ENSEMBL:ENSG00000270344,POC1B-AS1,True,False,1
CPHXL,ENSEMBL:ENSG00000283755,CPHXL,False,True,1
ZC2HC1A,ENSEMBL:ENSG00000104427,ZC2HC1A,False,True,1
LINC02609,ENSEMBL:ENSG00000233593,LINC02609,True,False,1
NDST4,ENSEMBL:ENSG00000138653,NDST4,False,True,1
SLC4A11,ENSEMBL:ENSG00000088836,SLC4A11,True,True,2
ENSEMBL:ENSG00000288848,ENSEMBL:ENSG00000288848,,True,False,1
HS2ST1,ENSEMBL:ENSG00000153936,HS2ST1,False,True,1
SPC25,ENSEMBL:ENSG00000152253,SPC25,False,True,1
SPRED2,ENSEMBL:ENSG00000198369,SPRED2,True,True,4
RASGRF2,ENSEMBL:ENSG00000113319,RASGRF2,True,False,1
TMPRSS13,ENSEMBL:ENSG00000137747,TMPRSS13,False,True,1
SPDYE2B,ENSEMBL:ENSG00000173678,SPDYE2B,True,False,1
HCG18,ENSEMBL:ENSG00000231074,HCG18,True,False,1
MTMR4,ENSEMBL:ENSG00000108389,MTMR4,True,False,2
NPIPA8,ENSEMBL:ENSG00000214940,NPIPA8,True,False,1
MAST1,ENSEMBL:ENSG00000105613,MAST1,False,True,2
TMEM87B,ENSEMBL:ENSG00000153214,TMEM87B,True,True,2
ENSEMBL:ENSG00000260249,ENSEMBL:ENSG00000260249,,True,False,1
RGS7BP,ENSEMBL:ENSG00000186479,RGS7BP,False,True,1
TAF3,ENSEMBL:ENSG00000165632,TAF3,True,False,1
ENSEMBL:ENSG00000198106,ENSEMBL:ENSG00000198106,,True,False,1
RARS2,ENSEMBL:ENSG00000146282,RARS2,True,False,1
ADAM9,ENSEMBL:ENSG00000168615,ADAM9,True,False,1
ZNF606,ENSEMBL:ENSG00000166704,ZNF606,True,True,2
SPRED1,ENSEMBL:ENSG00000166068,SPRED1,True,True,2
H4C8,ENSEMBL:ENSG00000158406,H4C8,True,False,1
LINC00862,ENSEMBL:ENSG00000203721,LINC00862,True,False,1
CDH7,ENSEMBL:ENSG00000081138,CDH7,False,True,2
DTYMK,ENSEMBL:ENSG00000168393,DTYMK,True,True,2
KIF16B,ENSEMBL:ENSG00000089177,KIF16B,True,False,1
ABHD14B,ENSEMBL:ENSG00000114779,ABHD14B,True,True,4
ENSEMBL:ENSG00000286656,ENSEMBL:ENSG00000286656,,True,False,1
KLRC3,ENSEMBL:ENSG00000205810,KLRC3,True,False,1
CD3EAP,ENSEMBL:ENSG00000117877,CD3EAP,False,True,1
TCEAL5,ENSEMBL:ENSG00000204065,TCEAL5,False,True,2
ADSL,ENSEMBL:ENSG00000239900,ADSL,True,True,2
UBE2E2,ENSEMBL:ENSG00000182247,UBE2E2,True,True,2
ENSEMBL:ENSG00000279145,ENSEMBL:ENSG00000279145,,True,False,1
SLC9A9,ENSEMBL:ENSG00000181804,SLC9A9,False,True,2
MBD5,ENSEMBL:ENSG00000204406,MBD5,True,False,1
ZFP28,ENSEMBL:ENSG00000196867,ZFP28,False,True,1
DIPK1B,ENSEMBL:ENSG00000165716,DIPK1B,True,True,2
TMEM230,ENSEMBL:ENSG00000089063,TMEM230,False,True,2
PRAM1,ENSEMBL:ENSG00000133246,PRAM1,True,True,2
ZNF773,ENSEMBL:ENSG00000152439,ZNF773,False,True,1
TCTN3,ENSEMBL:ENSG00000119977,TCTN3,True,False,1
OTULIN,ENSEMBL:ENSG00000154124,OTULIN,True,True,2
DCK,ENSEMBL:ENSG00000156136,DCK,True,True,2
NNT-AS1,ENSEMBL:ENSG00000248092,NNT-AS1,True,False,1
CPLX3,ENSEMBL:ENSG00000213578,CPLX3,True,False,1
H3C6,ENSEMBL:ENSG00000274750,H3C6,True,False,1
PRAF2,ENSEMBL:ENSG00000243279,PRAF2,True,True,2
USP43,ENSEMBL:ENSG00000154914,USP43,False,True,1
KCNK2,ENSEMBL:ENSG00000082482,KCNK2,True,False,1
FGF4,ENSEMBL:ENSG00000075388,FGF4,False,True,1
PITHD1,ENSEMBL:ENSG00000057757,PITHD1,True,False,1
GPRIN1,ENSEMBL:ENSG00000169258,GPRIN1,True,False,1
ITGA10,ENSEMBL:ENSG00000143127,ITGA10,True,True,2
SIGLEC15,ENSEMBL:ENSG00000197046,SIGLEC15,False,True,1
XPO4,ENSEMBL:ENSG00000132953,XPO4,True,False,1
UBA6,ENSEMBL:ENSG00000033178,UBA6,True,False,2
ENSEMBL:ENSG00000288930,ENSEMBL:ENSG00000288930,,True,False,1
PLA2G2F,ENSEMBL:ENSG00000158786,PLA2G2F,False,True,1
S100A3,ENSEMBL:ENSG00000188015,S100A3,False,True,1
CDH2,ENSEMBL:ENSG00000170558,CDH2,False,True,1
LAGE3,ENSEMBL:ENSG00000196976,LAGE3,False,True,1
SCN9A,ENSEMBL:ENSG00000169432,SCN9A,True,False,1
ENTPD8,ENSEMBL:ENSG00000188833,ENTPD8,False,True,2
IGHG4,ENSEMBL:ENSG00000211892,IGHG4,True,False,1
NSDHL,ENSEMBL:ENSG00000147383,NSDHL,True,True,4
AMPH,ENSEMBL:ENSG00000078053,AMPH,True,False,1
CDCP2,ENSEMBL:ENSG00000157211,CDCP2,False,True,1
IL9R,ENSEMBL:ENSG00000124334,IL9R,False,True,1
RLBP1,ENSEMBL:ENSG00000140522,RLBP1,False,True,1
POLR3GL,ENSEMBL:ENSG00000121851,POLR3GL,True,False,1
WDPCP,ENSEMBL:ENSG00000143951,WDPCP,False,True,1
MZT2A,ENSEMBL:ENSG00000173272,MZT2A,True,False,1
IGFBPL1,ENSEMBL:ENSG00000137142,IGFBPL1,True,False,1
MINAR2,ENSEMBL:ENSG00000186367,MINAR2,False,True,1
DIAPH2,ENSEMBL:ENSG00000147202,DIAPH2,True,False,1
SLC35F3,ENSEMBL:ENSG00000183780,SLC35F3,True,False,1
MSI1,ENSEMBL:ENSG00000135097,MSI1,False,True,1
C1orf226,ENSEMBL:ENSG00000239887,C1orf226,True,False,1
KCNQ5-AS1,ENSEMBL:ENSG00000229154,KCNQ5-AS1,True,False,1
TEX30,ENSEMBL:ENSG00000151287,TEX30,True,False,1
SKAP1-AS1,ENSEMBL:ENSG00000263787,SKAP1-AS1,True,False,1
RAPSN,ENSEMBL:ENSG00000165917,RAPSN,True,False,1
RELB,ENSEMBL:ENSG00000104856,RELB,True,False,1
PRIMA1,ENSEMBL:ENSG00000175785,PRIMA1,True,True,3
GPR75,ENSEMBL:ENSG00000119737,GPR75,False,True,1
TMPRSS2,ENSEMBL:ENSG00000184012,TMPRSS2,False,True,1
MTCP1,ENSEMBL:ENSG00000214827,MTCP1,True,True,3
PIFO,ENSEMBL:ENSG00000173947,PIFO,False,True,1
ENSEMBL:ENSG00000228172,ENSEMBL:ENSG00000228172,,True,False,1
ALKBH4,ENSEMBL:ENSG00000160993,ALKBH4,True,False,2
LYSMD3,ENSEMBL:ENSG00000176018,LYSMD3,True,False,1
ENSEMBL:ENSG00000284554,ENSEMBL:ENSG00000284554,,True,False,1
ENSEMBL:ENSG00000251364,ENSEMBL:ENSG00000251364,,True,False,1
ENSEMBL:ENSG00000279631,ENSEMBL:ENSG00000279631,,True,False,1
RETNLB,ENSEMBL:ENSG00000163515,RETNLB,False,True,1
GJD3,ENSEMBL:ENSG00000183153,GJD3,True,False,1
ENSEMBL:ENSG00000214719,ENSEMBL:ENSG00000214719,,True,False,1
RASGEF1A,ENSEMBL:ENSG00000198915,RASGEF1A,True,False,1
KCNE1,ENSEMBL:ENSG00000180509,KCNE1,True,False,1
TMEM202-AS1,ENSEMBL:ENSG00000261423,TMEM202-AS1,True,False,1
OSBPL10,ENSEMBL:ENSG00000144645,OSBPL10,True,True,3
DDX11L2,ENSEMBL:ENSG00000236397,DDX11L2,True,False,1
ENSEMBL:ENSG00000266644,ENSEMBL:ENSG00000266644,,True,False,1
VGLL3,ENSEMBL:ENSG00000206538,VGLL3,False,True,1
H3-2,ENSEMBL:ENSG00000273213,H3-2,True,False,2
SCML2,ENSEMBL:ENSG00000102098,SCML2,True,False,1
KCNS1,ENSEMBL:ENSG00000124134,KCNS1,True,False,1
MBL2,ENSEMBL:ENSG00000165471,MBL2,False,True,1
TMEM219,ENSEMBL:ENSG00000149932,TMEM219,True,False,1
PLA2G10,ENSEMBL:ENSG00000069764,PLA2G10,False,True,1
COMMD1,ENSEMBL:ENSG00000173163,COMMD1,True,False,1
PBX2P1,ENSEMBL:ENSG00000244171,PBX2P1,True,False,1
SEL1L2,ENSEMBL:ENSG00000101251,SEL1L2,False,True,1
PIK3IP1-DT,ENSEMBL:ENSG00000228839,PIK3IP1-DT,True,False,1
PSMG3,ENSEMBL:ENSG00000157778,PSMG3,True,False,1
ZNF536,ENSEMBL:ENSG00000198597,ZNF536,False,True,1
ZNF17,ENSEMBL:ENSG00000186272,ZNF17,True,False,1
ZDHHC20,ENSEMBL:ENSG00000180776,ZDHHC20,False,True,1
TMEM51-AS1,ENSEMBL:ENSG00000175147,TMEM51-AS1,True,False,1
ITPR3,ENSEMBL:ENSG00000096433,ITPR3,True,True,4
MAP2K5-DT,ENSEMBL:ENSG00000270964,MAP2K5-DT,True,False,1
VDAC2P2,ENSEMBL:ENSG00000255776,VDAC2P2,True,False,1
LEF1-AS1,ENSEMBL:ENSG00000232021,LEF1-AS1,True,False,1
TPT1P4,ENSEMBL:ENSG00000217027,TPT1P4,True,False,1
TRAPPC6A,ENSEMBL:ENSG00000007255,TRAPPC6A,False,True,2
ENSEMBL:ENSG00000226026,ENSEMBL:ENSG00000226026,,True,False,1
AKAP17A,ENSEMBL:ENSG00000197976,AKAP17A,True,True,2
ENSEMBL:ENSG00000272948,ENSEMBL:ENSG00000272948,,True,False,1
BTBD2,ENSEMBL:ENSG00000133243,BTBD2,True,False,1
GSEC,ENSEMBL:ENSG00000280832,GSEC,True,False,1
ENSEMBL:ENSG00000284057,ENSEMBL:ENSG00000284057,,True,False,1
TBC1D3E,ENSEMBL:ENSG00000278599,TBC1D3E,True,False,1
ENSEMBL:ENSG00000215158,ENSEMBL:ENSG00000215158,,True,False,1
TMEM263,ENSEMBL:ENSG00000151135,TMEM263,True,True,2
PEX7,ENSEMBL:ENSG00000112357,PEX7,True,False,1
MOGS,ENSEMBL:ENSG00000115275,MOGS,True,True,2
TEX36,ENSEMBL:ENSG00000175018,TEX36,False,True,1
SLIRP,ENSEMBL:ENSG00000119705,SLIRP,True,True,2
ENSEMBL:ENSG00000285886,ENSEMBL:ENSG00000285886,,True,False,1
ENSEMBL:ENSG00000288777,ENSEMBL:ENSG00000288777,,True,False,1
ERCC1,ENSEMBL:ENSG00000012061,ERCC1,True,False,1
ENSEMBL:ENSG00000286883,ENSEMBL:ENSG00000286883,,True,False,1
TIMELESS,ENSEMBL:ENSG00000111602,TIMELESS,True,True,3
METTL25,ENSEMBL:ENSG00000127720,METTL25,True,False,1
RNASE4,ENSEMBL:ENSG00000258818,RNASE4,False,True,2
ZNF449,ENSEMBL:ENSG00000173275,ZNF449,True,False,1
RPL6P27,ENSEMBL:ENSG00000235552,RPL6P27,True,False,1
PEX5,ENSEMBL:ENSG00000139197,PEX5,False,True,1
ENSEMBL:ENSG00000230454,ENSEMBL:ENSG00000230454,,True,False,1
FBXO4,ENSEMBL:ENSG00000151876,FBXO4,True,False,1
DZIP3,ENSEMBL:ENSG00000198919,DZIP3,True,True,2
RRM2,ENSEMBL:ENSG00000171848,RRM2,False,True,3
RAB6B,ENSEMBL:ENSG00000154917,RAB6B,False,True,1
TMEM102,ENSEMBL:ENSG00000181284,TMEM102,True,False,1
DLGAP3,ENSEMBL:ENSG00000116544,DLGAP3,True,True,2
PPP2R5CP,ENSEMBL:ENSG00000239557,PPP2R5CP,True,False,1
ENSEMBL:ENSG00000255495,ENSEMBL:ENSG00000255495,,True,False,1
ZNF808,ENSEMBL:ENSG00000198482,ZNF808,True,False,1
MAPKAP1,ENSEMBL:ENSG00000119487,MAPKAP1,True,False,1
NT5M,ENSEMBL:ENSG00000205309,NT5M,True,True,2
ART4,ENSEMBL:ENSG00000111339,ART4,False,True,1
DERL2,ENSEMBL:ENSG00000072849,DERL2,True,True,2
CACNB3,ENSEMBL:ENSG00000167535,CACNB3,False,True,2
ENSEMBL:ENSG00000289400,ENSEMBL:ENSG00000289400,,True,False,1
SEPTIN14,ENSEMBL:ENSG00000154997,SEPTIN14,False,True,1
SRPX2,ENSEMBL:ENSG00000102359,SRPX2,True,False,1
ENSEMBL:ENSG00000204850,ENSEMBL:ENSG00000204850,,True,False,1
ENSEMBL:ENSG00000285796,ENSEMBL:ENSG00000285796,,True,False,1
RLN2,ENSEMBL:ENSG00000107014,RLN2,True,False,1
GPR25,ENSEMBL:ENSG00000170128,GPR25,False,True,1
GRIK1,ENSEMBL:ENSG00000171189,GRIK1,False,True,1
NPR2,ENSEMBL:ENSG00000159899,NPR2,False,True,1
EPHA4,ENSEMBL:ENSG00000116106,EPHA4,False,True,1
ENSEMBL:ENSG00000275454,ENSEMBL:ENSG00000275454,,True,False,1
C11orf71,ENSEMBL:ENSG00000180425,C11orf71,True,False,1
CORO1A-AS1,ENSEMBL:ENSG00000261416,CORO1A-AS1,True,False,1
TM2D2,ENSEMBL:ENSG00000169490,TM2D2,False,True,1
AQP5,ENSEMBL:ENSG00000161798,AQP5,False,True,1
PRSS3,ENSEMBL:ENSG00000010438,PRSS3,False,True,1
C19orf44,ENSEMBL:ENSG00000105072,C19orf44,True,False,1
CCDC110,ENSEMBL:ENSG00000168491,CCDC110,True,False,1
ENSEMBL:ENSG00000132832,ENSEMBL:ENSG00000132832,,True,False,1
ENSEMBL:ENSG00000246596,ENSEMBL:ENSG00000246596,,True,False,1
GPRASP2,ENSEMBL:ENSG00000158301,GPRASP2,True,False,1
SMYD3,ENSEMBL:ENSG00000185420,SMYD3,True,False,2
REP15,ENSEMBL:ENSG00000174236,REP15,False,True,1
ENSEMBL:ENSG00000287265,ENSEMBL:ENSG00000287265,,True,False,1
OR12D1,ENSEMBL:ENSG00000250294,OR12D1,False,True,1
ITGB1BP2,ENSEMBL:ENSG00000147166,ITGB1BP2,False,True,1
MAP3K7,ENSEMBL:ENSG00000135341,MAP3K7,True,False,1
ENSEMBL:ENSG00000243199,ENSEMBL:ENSG00000243199,,True,False,1
SMYD4,ENSEMBL:ENSG00000186532,SMYD4,True,False,1
KCTD14,ENSEMBL:ENSG00000151364,KCTD14,False,True,2
ENSEMBL:ENSG00000227080,ENSEMBL:ENSG00000227080,,True,False,1
NAB1,ENSEMBL:ENSG00000138386,NAB1,False,True,1
ZMYM5,ENSEMBL:ENSG00000132950,ZMYM5,True,False,1
SOCS5,ENSEMBL:ENSG00000171150,SOCS5,True,False,1
ANKRD49,ENSEMBL:ENSG00000168876,ANKRD49,True,False,1
SMPD4,ENSEMBL:ENSG00000136699,SMPD4,True,False,2
TRAPPC11,ENSEMBL:ENSG00000168538,TRAPPC11,True,False,1
SETMAR,ENSEMBL:ENSG00000170364,SETMAR,True,False,2
FAM174B,ENSEMBL:ENSG00000185442,FAM174B,True,True,2
KMT2E-AS1,ENSEMBL:ENSG00000239569,KMT2E-AS1,True,False,1
METTL6,ENSEMBL:ENSG00000206562,METTL6,False,True,1
SRRM2-AS1,ENSEMBL:ENSG00000205913,SRRM2-AS1,True,False,1
KPNB1-DT,ENSEMBL:ENSG00000263766,KPNB1-DT,True,False,1
GPR18,ENSEMBL:ENSG00000125245,GPR18,False,True,2
PGAM1P8,ENSEMBL:ENSG00000255200,PGAM1P8,True,False,2
C11orf49,ENSEMBL:ENSG00000149179,C11orf49,True,True,2
ZNF625-ZNF20,ENSEMBL:ENSG00000213297,ZNF625-ZNF20,True,False,1
KLHL36,ENSEMBL:ENSG00000135686,KLHL36,True,False,1
ACAP3,ENSEMBL:ENSG00000131584,ACAP3,False,True,1
ZFP62,ENSEMBL:ENSG00000196670,ZFP62,True,True,2
FRAS1,ENSEMBL:ENSG00000138759,FRAS1,False,True,2
FOXA2,ENSEMBL:ENSG00000125798,FOXA2,False,True,1
ENOSF1,ENSEMBL:ENSG00000132199,ENOSF1,True,False,1
ORC3,ENSEMBL:ENSG00000135336,ORC3,True,False,1
ENSEMBL:ENSG00000272374,ENSEMBL:ENSG00000272374,,True,False,1
NGRN,ENSEMBL:ENSG00000182768,NGRN,True,False,1
ENSEMBL:ENSG00000287312,ENSEMBL:ENSG00000287312,,True,False,1
ZNF321P,ENSEMBL:ENSG00000213801,ZNF321P,True,False,1
RCN1P2,ENSEMBL:ENSG00000214455,RCN1P2,True,False,1
LXN,ENSEMBL:ENSG00000079257,LXN,True,True,2
ENSEMBL:ENSG00000279232,ENSEMBL:ENSG00000279232,,True,False,1
ACBD5,ENSEMBL:ENSG00000107897,ACBD5,True,True,2
CPOX,ENSEMBL:ENSG00000080819,CPOX,False,True,1
SLC39A6,ENSEMBL:ENSG00000141424,SLC39A6,True,True,2
RPS6KC1,ENSEMBL:ENSG00000136643,RPS6KC1,False,True,1
EFEMP2,ENSEMBL:ENSG00000172638,EFEMP2,True,False,1
LDLRAD3,ENSEMBL:ENSG00000179241,LDLRAD3,False,True,1
DSTNP2,ENSEMBL:ENSG00000248593,DSTNP2,True,False,1
ZACN,ENSEMBL:ENSG00000186919,ZACN,True,False,1
ENSEMBL:ENSG00000254837,ENSEMBL:ENSG00000254837,,True,False,1
GGACT,ENSEMBL:ENSG00000134864,GGACT,True,False,1
CNOT1,ENSEMBL:ENSG00000125107,CNOT1,True,False,1
SULT1A3,ENSEMBL:ENSG00000261052,SULT1A3,True,False,1
MADCAM1,ENSEMBL:ENSG00000099866,MADCAM1,False,True,1
NUDT3,ENSEMBL:ENSG00000272325,NUDT3,True,False,1
STMN2,ENSEMBL:ENSG00000104435,STMN2,False,True,1
FSHB,ENSEMBL:ENSG00000131808,FSHB,False,True,1
NGFR,ENSEMBL:ENSG00000064300,NGFR,False,True,1
ZWILCH,ENSEMBL:ENSG00000174442,ZWILCH,False,True,1
MZF1-AS1,ENSEMBL:ENSG00000267858,MZF1-AS1,True,False,1
EPB41L4A-AS1,ENSEMBL:ENSG00000224032,EPB41L4A-AS1,True,False,1
DUOXA2,ENSEMBL:ENSG00000140274,DUOXA2,False,True,1
CHCHD1,ENSEMBL:ENSG00000172586,CHCHD1,False,True,1
SET,ENSEMBL:ENSG00000119335,SET,True,False,2
LIN7B,ENSEMBL:ENSG00000104863,LIN7B,False,True,1
ATG16L1,ENSEMBL:ENSG00000085978,ATG16L1,False,True,1
ZNF212,ENSEMBL:ENSG00000170260,ZNF212,True,False,1
GTF2A2,ENSEMBL:ENSG00000140307,GTF2A2,True,False,1
CDH24,ENSEMBL:ENSG00000139880,CDH24,False,True,1
ZNF503-AS1,ENSEMBL:ENSG00000226051,ZNF503-AS1,True,False,1
FUT9,ENSEMBL:ENSG00000172461,FUT9,False,True,1
SCG5,ENSEMBL:ENSG00000166922,SCG5,False,True,1
APOL4,ENSEMBL:ENSG00000100336,APOL4,True,False,1
ABCD1,ENSEMBL:ENSG00000101986,ABCD1,False,True,1
TERF1,ENSEMBL:ENSG00000147601,TERF1,True,False,1
NOTCH2NLA,ENSEMBL:ENSG00000264343,NOTCH2NLA,True,False,1
ENSEMBL:ENSG00000286813,ENSEMBL:ENSG00000286813,,True,False,1
SNAPC2,ENSEMBL:ENSG00000104976,SNAPC2,True,False,1
SHE,ENSEMBL:ENSG00000169291,SHE,False,True,1
ZC3H18,ENSEMBL:ENSG00000158545,ZC3H18,True,True,2
RFLNA,ENSEMBL:ENSG00000178882,RFLNA,False,True,1
LINC02481,ENSEMBL:ENSG00000246526,LINC02481,True,False,1
RPLP0P2,ENSEMBL:ENSG00000243742,RPLP0P2,True,False,1
MUL1,ENSEMBL:ENSG00000090432,MUL1,True,False,1
DCAF7,ENSEMBL:ENSG00000136485,DCAF7,False,True,1
SHISAL1,ENSEMBL:ENSG00000138944,SHISAL1,False,True,1
SLC4A8,ENSEMBL:ENSG00000050438,SLC4A8,False,True,1
DNAJC10,ENSEMBL:ENSG00000077232,DNAJC10,True,False,1
ENSEMBL:ENSG00000225032,ENSEMBL:ENSG00000225032,,True,False,1
ATAT1,ENSEMBL:ENSG00000137343,ATAT1,True,True,2
NPIPB14P,ENSEMBL:ENSG00000226232,NPIPB14P,True,False,2
UTS2,ENSEMBL:ENSG00000049247,UTS2,False,True,1
EDA,ENSEMBL:ENSG00000158813,EDA,True,False,1
NPIPB12,ENSEMBL:ENSG00000169203,NPIPB12,True,False,2
ZNF804A,ENSEMBL:ENSG00000170396,ZNF804A,False,True,1
ZNF211,ENSEMBL:ENSG00000121417,ZNF211,True,False,1
TMEM130,ENSEMBL:ENSG00000166448,TMEM130,False,True,1
TJP3,ENSEMBL:ENSG00000105289,TJP3,True,False,1
STIL,ENSEMBL:ENSG00000123473,STIL,True,False,1
B3GALT9,ENSEMBL:ENSG00000214654,B3GALT9,True,False,1
ENSEMBL:ENSG00000270039,ENSEMBL:ENSG00000270039,,True,False,1
ENSEMBL:ENSG00000244998,ENSEMBL:ENSG00000244998,,True,False,1
KANSL1-AS1,ENSEMBL:ENSG00000214401,KANSL1-AS1,True,False,1
NAE1,ENSEMBL:ENSG00000159593,NAE1,True,True,2
MIR365B,ENSEMBL:ENSG00000283978,MIR365B,False,True,1
CNTN3,ENSEMBL:ENSG00000113805,CNTN3,True,True,2
NPIPA9,ENSEMBL:ENSG00000233024,NPIPA9,True,False,1
CHCHD5,ENSEMBL:ENSG00000125611,CHCHD5,False,True,1
IRAG1-AS1,ENSEMBL:ENSG00000177112,IRAG1-AS1,True,False,1
ORC6,ENSEMBL:ENSG00000091651,ORC6,True,False,1
FAM241B,ENSEMBL:ENSG00000171224,FAM241B,True,False,1
FAM153A,ENSEMBL:ENSG00000170074,FAM153A,True,False,1
TBCC,ENSEMBL:ENSG00000124659,TBCC,True,True,2
SUSD4,ENSEMBL:ENSG00000143502,SUSD4,True,True,2
ENSEMBL:ENSG00000260542,ENSEMBL:ENSG00000260542,,True,False,1
SALL3,ENSEMBL:ENSG00000256463,SALL3,False,True,1
GCNT2,ENSEMBL:ENSG00000111846,GCNT2,True,False,1
IPCEF1,ENSEMBL:ENSG00000074706,IPCEF1,False,True,2
CCNB3,ENSEMBL:ENSG00000147082,CCNB3,True,False,1
GLT8D2,ENSEMBL:ENSG00000120820,GLT8D2,False,True,1
FMNL1-DT,ENSEMBL:ENSG00000267121,FMNL1-DT,True,False,1
AKIP1,ENSEMBL:ENSG00000166452,AKIP1,True,False,1
ENSEMBL:ENSG00000279753,ENSEMBL:ENSG00000279753,,True,False,1
PIPOX,ENSEMBL:ENSG00000179761,PIPOX,False,True,1
TRIM31,ENSEMBL:ENSG00000137397,TRIM31,False,True,1
OR1X1P,ENSEMBL:ENSG00000272494,OR1X1P,True,False,1
ENSEMBL:ENSG00000280239,ENSEMBL:ENSG00000280239,,True,False,1
SBNO1,ENSEMBL:ENSG00000139697,SBNO1,True,False,2
DBH,ENSEMBL:ENSG00000123454,DBH,False,True,1
ENSEMBL:ENSG00000279140,ENSEMBL:ENSG00000279140,,True,False,1
RRAGB,ENSEMBL:ENSG00000083750,RRAGB,False,True,1
SLX1A,ENSEMBL:ENSG00000132207,SLX1A,False,True,1
OIP5-AS1,ENSEMBL:ENSG00000247556,OIP5-AS1,True,False,1
RAB44,ENSEMBL:ENSG00000255587,RAB44,False,True,1
C21orf58,ENSEMBL:ENSG00000160298,C21orf58,False,True,1
ZNF397,ENSEMBL:ENSG00000186812,ZNF397,False,True,1
OR51E1,ENSEMBL:ENSG00000180785,OR51E1,False,True,1
UCHL5,ENSEMBL:ENSG00000116750,UCHL5,False,True,1
RFC4,ENSEMBL:ENSG00000163918,RFC4,False,True,2
CDH8,ENSEMBL:ENSG00000150394,CDH8,False,True,1
VIRMA,ENSEMBL:ENSG00000164944,VIRMA,True,True,2
TERF2,ENSEMBL:ENSG00000132604,TERF2,False,True,1
PIWIL4,ENSEMBL:ENSG00000134627,PIWIL4,False,True,1
CACTIN-AS1,ENSEMBL:ENSG00000226800,CACTIN-AS1,True,False,1
NOMO1,ENSEMBL:ENSG00000103512,NOMO1,True,False,1
KIF3A,ENSEMBL:ENSG00000131437,KIF3A,True,False,1
EFHD1,ENSEMBL:ENSG00000115468,EFHD1,False,True,1
SALRNA1,ENSEMBL:ENSG00000258952,SALRNA1,True,False,1
PAIP2B,ENSEMBL:ENSG00000124374,PAIP2B,True,False,1
CPSF3,ENSEMBL:ENSG00000119203,CPSF3,True,False,1
CRIPT,ENSEMBL:ENSG00000119878,CRIPT,True,True,3
RHOV,ENSEMBL:ENSG00000104140,RHOV,False,True,1
NRIP1,ENSEMBL:ENSG00000180530,NRIP1,False,True,2
ARMCX5,ENSEMBL:ENSG00000125962,ARMCX5,True,False,1
ENSEMBL:ENSG00000262777,ENSEMBL:ENSG00000262777,,True,False,1
ENSEMBL:ENSG00000250994,ENSEMBL:ENSG00000250994,,True,False,1
CDC14A,ENSEMBL:ENSG00000079335,CDC14A,True,True,3
SNRPD3,ENSEMBL:ENSG00000100028,SNRPD3,True,False,1
USP27X,ENSEMBL:ENSG00000273820,USP27X,True,False,1
ZUP1,ENSEMBL:ENSG00000153975,ZUP1,True,False,1
BUD31,ENSEMBL:ENSG00000106245,BUD31,False,True,2
PODXL2,ENSEMBL:ENSG00000114631,PODXL2,True,False,1
LRRC3,ENSEMBL:ENSG00000160233,LRRC3,True,False,1
AJAP1,ENSEMBL:ENSG00000196581,AJAP1,True,False,1
EXOC3L1,ENSEMBL:ENSG00000179044,EXOC3L1,False,True,2
SUMO1,ENSEMBL:ENSG00000116030,SUMO1,True,True,3
VAMP8,ENSEMBL:ENSG00000118640,VAMP8,True,True,2
PHLDA2,ENSEMBL:ENSG00000181649,PHLDA2,False,True,1
GRIK5,ENSEMBL:ENSG00000105737,GRIK5,True,False,1
CNTLN,ENSEMBL:ENSG00000044459,CNTLN,True,False,1
MSC-AS1,ENSEMBL:ENSG00000235531,MSC-AS1,True,False,1
MIR1-1,ENSEMBL:ENSG00000199017,MIR1-1,False,True,1
PLP1,ENSEMBL:ENSG00000123560,PLP1,False,True,1
PSMD5,ENSEMBL:ENSG00000095261,PSMD5,False,True,1
LINC00671,ENSEMBL:ENSG00000213373,LINC00671,True,False,1
KCNK17,ENSEMBL:ENSG00000124780,KCNK17,True,False,1
ZNF860,ENSEMBL:ENSG00000197385,ZNF860,True,False,1
ZNF365,ENSEMBL:ENSG00000138311,ZNF365,False,True,1
NRN1,ENSEMBL:ENSG00000124785,NRN1,True,False,1
GSTA5,ENSEMBL:ENSG00000182793,GSTA5,False,True,1
RPL10AP6,ENSEMBL:ENSG00000226360,RPL10AP6,True,False,1
ERGIC2,ENSEMBL:ENSG00000087502,ERGIC2,True,True,2
ZNF541,ENSEMBL:ENSG00000118156,ZNF541,False,True,1
SLC35B3,ENSEMBL:ENSG00000124786,SLC35B3,False,True,1
METTL21A,ENSEMBL:ENSG00000144401,METTL21A,True,False,1
RBM27,ENSEMBL:ENSG00000091009,RBM27,True,False,1
HS3ST3B1,ENSEMBL:ENSG00000125430,HS3ST3B1,True,True,2
EMX1,ENSEMBL:ENSG00000135638,EMX1,False,True,1
CCNB1,ENSEMBL:ENSG00000134057,CCNB1,True,False,1
PRIM1,ENSEMBL:ENSG00000198056,PRIM1,False,True,1
PLEKHD1,ENSEMBL:ENSG00000175985,PLEKHD1,False,True,1
ENSEMBL:ENSG00000260805,ENSEMBL:ENSG00000260805,,True,False,1
ENSEMBL:ENSG00000285476,ENSEMBL:ENSG00000285476,,True,False,1
PHEX,ENSEMBL:ENSG00000102174,PHEX,False,True,1
PLAA,ENSEMBL:ENSG00000137055,PLAA,False,True,1
ENSEMBL:ENSG00000234589,ENSEMBL:ENSG00000234589,,True,False,1
NHSL1,ENSEMBL:ENSG00000135540,NHSL1,False,True,1
ENSEMBL:ENSG00000289406,ENSEMBL:ENSG00000289406,,True,False,1
RNF7,ENSEMBL:ENSG00000114125,RNF7,False,True,2
TTC37,ENSEMBL:ENSG00000198677,TTC37,False,True,1
IGHV3-30,ENSEMBL:ENSG00000270550,IGHV3-30,True,False,1
C3orf33,ENSEMBL:ENSG00000174928,C3orf33,True,False,1
RP9P,ENSEMBL:ENSG00000205763,RP9P,True,False,1
PGBD5,ENSEMBL:ENSG00000177614,PGBD5,False,True,1
DCUN1D5,ENSEMBL:ENSG00000137692,DCUN1D5,True,False,1
ITGA8,ENSEMBL:ENSG00000077943,ITGA8,False,True,1
ENSEMBL:ENSG00000279568,ENSEMBL:ENSG00000279568,,True,False,1
ADPRM,ENSEMBL:ENSG00000170222,ADPRM,True,False,1
C18orf32,ENSEMBL:ENSG00000177576,C18orf32,False,True,2
ENSEMBL:ENSG00000286342,ENSEMBL:ENSG00000286342,,True,False,1
PTPN2,ENSEMBL:ENSG00000175354,PTPN2,True,False,1
SLTM,ENSEMBL:ENSG00000137776,SLTM,False,True,1
ENSEMBL:ENSG00000233251,ENSEMBL:ENSG00000233251,,True,False,1
ENSEMBL:ENSG00000260081,ENSEMBL:ENSG00000260081,,True,False,1
C6orf47|ENSG00000204439,ENSEMBL:ENSG00000204439,C6orf47,True,False,1
DRAM1,ENSEMBL:ENSG00000136048,DRAM1,True,False,1
ZBTB8A,ENSEMBL:ENSG00000160062,ZBTB8A,False,True,1
TBC1D12,ENSEMBL:ENSG00000108239,TBC1D12,True,False,1
PPM1F-AS1,ENSEMBL:ENSG00000224086,PPM1F-AS1,True,False,1
EIF2B3,ENSEMBL:ENSG00000070785,EIF2B3,True,False,1
LINC01503,ENSEMBL:ENSG00000233901,LINC01503,True,False,1
LEFTY1,ENSEMBL:ENSG00000243709,LEFTY1,False,True,1
FAM178B,ENSEMBL:ENSG00000168754,FAM178B,True,False,1
PDCD10,ENSEMBL:ENSG00000114209,PDCD10,True,True,2
IDE,ENSEMBL:ENSG00000119912,IDE,False,True,1
PAFAH1B3,ENSEMBL:ENSG00000079462,PAFAH1B3,False,True,1
LRRK1,ENSEMBL:ENSG00000154237,LRRK1,False,True,2
PRCC,ENSEMBL:ENSG00000143294,PRCC,True,False,1
GNAT3,ENSEMBL:ENSG00000214415,GNAT3,False,True,1
ADAMTS16,ENSEMBL:ENSG00000145536,ADAMTS16,False,True,2
ZNF688,ENSEMBL:ENSG00000229809,ZNF688,True,False,1
ZFAND1,ENSEMBL:ENSG00000104231,ZFAND1,True,False,1
PHACTR3,ENSEMBL:ENSG00000087495,PHACTR3,False,True,1
ZSWIM7,ENSEMBL:ENSG00000214941,ZSWIM7,True,False,1
NIPSNAP1,ENSEMBL:ENSG00000184117,NIPSNAP1,False,True,1
ENSEMBL:ENSG00000206549,ENSEMBL:ENSG00000206549,,True,False,1
CAPN13,ENSEMBL:ENSG00000162949,CAPN13,False,True,1
TMEM132D,ENSEMBL:ENSG00000151952,TMEM132D,False,True,1
MGAM2,ENSEMBL:ENSG00000257743,MGAM2,True,False,1
IGFLR1,ENSEMBL:ENSG00000126246,IGFLR1,True,False,1
ANKMY2,ENSEMBL:ENSG00000106524,ANKMY2,True,False,1
H2AC1,ENSEMBL:ENSG00000164508,H2AC1,False,True,1
SHPRH,ENSEMBL:ENSG00000146414,SHPRH,True,False,1
WNT2B,ENSEMBL:ENSG00000134245,WNT2B,False,True,1
ILF3-DT,ENSEMBL:ENSG00000267100,ILF3-DT,True,False,1
AQP8,ENSEMBL:ENSG00000103375,AQP8,False,True,1
ENSEMBL:ENSG00000258559,ENSEMBL:ENSG00000258559,,True,False,1
CEP126,ENSEMBL:ENSG00000110318,CEP126,True,False,1
TAF1B,ENSEMBL:ENSG00000115750,TAF1B,False,True,1
ENSEMBL:ENSG00000262879,ENSEMBL:ENSG00000262879,,True,False,1
SEPTIN10,ENSEMBL:ENSG00000186522,SEPTIN10,False,True,1
ENSEMBL:ENSG00000286305,ENSEMBL:ENSG00000286305,,True,False,1
UNC50,ENSEMBL:ENSG00000115446,UNC50,True,False,1
ID4,ENSEMBL:ENSG00000172201,ID4,False,True,2
VSIG4,ENSEMBL:ENSG00000155659,VSIG4,False,True,1
CD209,ENSEMBL:ENSG00000090659,CD209,True,False,1
C1orf53,ENSEMBL:ENSG00000203724,C1orf53,True,True,2
PROC,ENSEMBL:ENSG00000115718,PROC,True,False,1
RPL13P5,ENSEMBL:ENSG00000240370,RPL13P5,True,False,1
ENSEMBL:ENSG00000267243,ENSEMBL:ENSG00000267243,,True,False,1
DENND6B,ENSEMBL:ENSG00000205593,DENND6B,True,True,2
RRM1,ENSEMBL:ENSG00000167325,RRM1,True,False,1
ENSEMBL:ENSG00000286831,ENSEMBL:ENSG00000286831,,True,False,1
CDKL5,ENSEMBL:ENSG00000008086,CDKL5,True,False,1
NTS,ENSEMBL:ENSG00000133636,NTS,False,True,1
AGXT2,ENSEMBL:ENSG00000113492,AGXT2,False,True,1
MT-TS1,ENSEMBL:ENSG00000210151,MT-TS1,True,False,1
CERS6-AS1,ENSEMBL:ENSG00000227617,CERS6-AS1,True,False,1
SLC26A4,ENSEMBL:ENSG00000091137,SLC26A4,False,True,1
MED20,ENSEMBL:ENSG00000124641,MED20,True,False,1
ENSEMBL:ENSG00000279622,ENSEMBL:ENSG00000279622,,True,False,1
PVRIG2P,ENSEMBL:ENSG00000235333,PVRIG2P,True,False,1
ENSEMBL:ENSG00000235872,ENSEMBL:ENSG00000235872,,True,False,1
ENSEMBL:ENSG00000261218,ENSEMBL:ENSG00000261218,,True,False,1
NCF4-AS1,ENSEMBL:ENSG00000183822,NCF4-AS1,True,False,1
CREB3L3,ENSEMBL:ENSG00000060566,CREB3L3,False,True,2
SDAD1,ENSEMBL:ENSG00000198301,SDAD1,True,False,1
MACROD2,ENSEMBL:ENSG00000172264,MACROD2,True,False,1
PLG,ENSEMBL:ENSG00000122194,PLG,False,True,2
ENSEMBL:ENSG00000261490,ENSEMBL:ENSG00000261490,,True,False,1
SCEL,ENSEMBL:ENSG00000136155,SCEL,False,True,1
GRM5,ENSEMBL:ENSG00000168959,GRM5,False,True,1
H19,ENSEMBL:ENSG00000130600,H19,True,False,1
ANG,ENSEMBL:ENSG00000214274,ANG,True,False,1
TRIM41,ENSEMBL:ENSG00000146063,TRIM41,True,False,1
ENSEMBL:ENSG00000288022,ENSEMBL:ENSG00000288022,,True,False,1
ZCRB1,ENSEMBL:ENSG00000139168,ZCRB1,False,True,1
ZNF565,ENSEMBL:ENSG00000196357,ZNF565,True,False,1
RNF183,ENSEMBL:ENSG00000165188,RNF183,False,True,1
ZNF2,ENSEMBL:ENSG00000275111,ZNF2,True,False,1
PPP1CC,ENSEMBL:ENSG00000186298,PPP1CC,True,True,2
UBN2,ENSEMBL:ENSG00000157741,UBN2,True,False,1
CLASRP,ENSEMBL:ENSG00000104859,CLASRP,False,True,2
ENSEMBL:ENSG00000287839,ENSEMBL:ENSG00000287839,,True,False,1
NUP210L,ENSEMBL:ENSG00000143552,NUP210L,False,True,1
WHRN,ENSEMBL:ENSG00000095397,WHRN,True,True,2
ZBED6,ENSEMBL:ENSG00000257315,ZBED6,True,False,1
ARL6IP4,ENSEMBL:ENSG00000182196,ARL6IP4,True,False,1
HERC3,ENSEMBL:ENSG00000138641,HERC3,True,False,1
ENSEMBL:ENSG00000246477,ENSEMBL:ENSG00000246477,,True,False,1
TMEM51,ENSEMBL:ENSG00000171729,TMEM51,True,False,1
AHSG,ENSEMBL:ENSG00000145192,AHSG,True,False,1
PCDHGC3,ENSEMBL:ENSG00000240184,PCDHGC3,False,True,1
NSMCE1,ENSEMBL:ENSG00000169189,NSMCE1,False,True,1
ENSEMBL:ENSG00000173366,ENSEMBL:ENSG00000173366,,True,False,1
ZDHHC9,ENSEMBL:ENSG00000188706,ZDHHC9,True,False,1
CDK7,ENSEMBL:ENSG00000134058,CDK7,True,True,2
TMEFF2,ENSEMBL:ENSG00000144339,TMEFF2,False,True,1
COX8C,ENSEMBL:ENSG00000187581,COX8C,False,True,1
GNRH1,ENSEMBL:ENSG00000147437,GNRH1,True,False,1
FAM234B,ENSEMBL:ENSG00000084444,FAM234B,False,True,1
DEAF1,ENSEMBL:ENSG00000177030,DEAF1,True,True,2
ENSEMBL:ENSG00000279641,ENSEMBL:ENSG00000279641,,True,False,1
ERFL,ENSEMBL:ENSG00000268041,ERFL,True,False,1
LRP4,ENSEMBL:ENSG00000134569,LRP4,False,True,1
RNF180,ENSEMBL:ENSG00000164197,RNF180,False,True,1
ZDHHC16,ENSEMBL:ENSG00000171307,ZDHHC16,True,False,1
COQ2,ENSEMBL:ENSG00000173085,COQ2,False,True,1
LINC01091,ENSEMBL:ENSG00000249464,LINC01091,True,False,1
HCG25,ENSEMBL:ENSG00000232940,HCG25,True,False,1
DIP2C-AS1,ENSEMBL:ENSG00000180525,DIP2C-AS1,True,False,1
POLD1,ENSEMBL:ENSG00000062822,POLD1,False,True,1
TMEM138,ENSEMBL:ENSG00000149483,TMEM138,False,True,1
TMEM41A,ENSEMBL:ENSG00000163900,TMEM41A,True,False,1
ENSEMBL:ENSG00000257275,ENSEMBL:ENSG00000257275,,True,False,1
KLHDC7B,ENSEMBL:ENSG00000130487,KLHDC7B,True,False,1
ENSEMBL:ENSG00000226816,ENSEMBL:ENSG00000226816,,True,False,1
PGA4,ENSEMBL:ENSG00000229183,PGA4,True,False,1
PAMR1,ENSEMBL:ENSG00000149090,PAMR1,False,True,1
RNF103-CHMP3,ENSEMBL:ENSG00000249884,RNF103-CHMP3,True,False,1
MFSD4A,ENSEMBL:ENSG00000174514,MFSD4A,True,True,2
TENM3,ENSEMBL:ENSG00000218336,TENM3,False,True,2
CCDC183,ENSEMBL:ENSG00000213213,CCDC183,True,False,1
ENSEMBL:ENSG00000272510,ENSEMBL:ENSG00000272510,,True,False,1
BTK,ENSEMBL:ENSG00000010671,BTK,False,True,1
MICA,ENSEMBL:ENSG00000183214,MICA,False,True,1
ENSEMBL:ENSG00000226239,ENSEMBL:ENSG00000226239,,True,False,1
NENF,ENSEMBL:ENSG00000117691,NENF,False,True,1
C1orf220,ENSEMBL:ENSG00000213057,C1orf220,True,False,1
ENSEMBL:ENSG00000260051,ENSEMBL:ENSG00000260051,,True,False,1
GRTP1-AS1,ENSEMBL:ENSG00000225083,GRTP1-AS1,True,False,1
CYP11B1,ENSEMBL:ENSG00000160882,CYP11B1,False,True,1
APIP,ENSEMBL:ENSG00000149089,APIP,False,True,1
ASTN1,ENSEMBL:ENSG00000152092,ASTN1,False,True,1
CA5A,ENSEMBL:ENSG00000174990,CA5A,False,True,1
DERL3,ENSEMBL:ENSG00000099958,DERL3,False,True,2
MRPS17,ENSEMBL:ENSG00000239789,MRPS17,False,True,2
SEZ6L,ENSEMBL:ENSG00000100095,SEZ6L,True,True,2
FAM66B,ENSEMBL:ENSG00000215374,FAM66B,True,False,1
HAP1,ENSEMBL:ENSG00000173805,HAP1,False,True,1
NOL10,ENSEMBL:ENSG00000115761,NOL10,True,False,1
ZNF124,ENSEMBL:ENSG00000196418,ZNF124,True,False,1
KIAA1586,ENSEMBL:ENSG00000168116,KIAA1586,True,False,1
ANO7L1,ENSEMBL:ENSG00000237276,ANO7L1,True,False,1
DENND5B,ENSEMBL:ENSG00000170456,DENND5B,True,False,1
NLGN3,ENSEMBL:ENSG00000196338,NLGN3,True,False,1
ENSEMBL:ENSG00000232470,ENSEMBL:ENSG00000232470,,True,False,1
OVCH1-AS1,ENSEMBL:ENSG00000257599,OVCH1-AS1,True,False,1
MCRS1,ENSEMBL:ENSG00000187778,MCRS1,True,False,1
ENSEMBL:ENSG00000278831,ENSEMBL:ENSG00000278831,,True,False,1
ADAMTS9-AS2,ENSEMBL:ENSG00000241684,ADAMTS9-AS2,True,False,1
CYP7B1,ENSEMBL:ENSG00000172817,CYP7B1,False,True,1
NHP2,ENSEMBL:ENSG00000145912,NHP2,False,True,1
FKBP1C,ENSEMBL:ENSG00000198225,FKBP1C,True,False,1
EMILIN3,ENSEMBL:ENSG00000183798,EMILIN3,False,True,1
STIMATE,ENSEMBL:ENSG00000213533,STIMATE,True,False,1
HSF1,ENSEMBL:ENSG00000185122,HSF1,True,False,1
IKBKB,ENSEMBL:ENSG00000104365,IKBKB,True,True,2
SLC26A7,ENSEMBL:ENSG00000147606,SLC26A7,False,True,1
SPIC,ENSEMBL:ENSG00000166211,SPIC,False,True,1
NEK5,ENSEMBL:ENSG00000197168,NEK5,False,True,1
COPS8,ENSEMBL:ENSG00000198612,COPS8,True,False,1
SHPK,ENSEMBL:ENSG00000197417,SHPK,True,False,1
ENSEMBL:ENSG00000274265,ENSEMBL:ENSG00000274265,,True,False,1
PRKACB-DT,ENSEMBL:ENSG00000271576,PRKACB-DT,True,False,1
ENSEMBL:ENSG00000289092,ENSEMBL:ENSG00000289092,,True,False,1
IRX3,ENSEMBL:ENSG00000177508,IRX3,True,False,1
AGRP,ENSEMBL:ENSG00000159723,AGRP,True,False,1
IGLL5,ENSEMBL:ENSG00000254709,IGLL5,True,False,1
ENSEMBL:ENSG00000272779,ENSEMBL:ENSG00000272779,,True,False,1
PKIB,ENSEMBL:ENSG00000135549,PKIB,False,True,1
PTGFR,ENSEMBL:ENSG00000122420,PTGFR,False,True,1
ENSEMBL:ENSG00000261804,ENSEMBL:ENSG00000261804,,True,False,1
FAM169A,ENSEMBL:ENSG00000198780,FAM169A,False,True,1
METTL18,ENSEMBL:ENSG00000171806,METTL18,True,False,1
TVP23A,ENSEMBL:ENSG00000166676,TVP23A,True,False,1
RHAG,ENSEMBL:ENSG00000112077,RHAG,True,False,1
KCNIP3,ENSEMBL:ENSG00000115041,KCNIP3,False,True,1
ENSEMBL:ENSG00000286379,ENSEMBL:ENSG00000286379,,True,False,1
SPTLC3,ENSEMBL:ENSG00000172296,SPTLC3,False,True,1
KLHL14,ENSEMBL:ENSG00000197705,KLHL14,True,False,1
ZNF484,ENSEMBL:ENSG00000127081,ZNF484,True,False,1
ENSEMBL:ENSG00000261222,ENSEMBL:ENSG00000261222,,True,False,1
PRRT3,ENSEMBL:ENSG00000163704,PRRT3,False,True,1
CCDC33,ENSEMBL:ENSG00000140481,CCDC33,False,True,1
GLYATL1P2,ENSEMBL:ENSG00000254717,GLYATL1P2,True,False,1
PTCRA,ENSEMBL:ENSG00000171611,PTCRA,True,False,1
CHRNB4,ENSEMBL:ENSG00000117971,CHRNB4,False,True,2
FIBP,ENSEMBL:ENSG00000172500,FIBP,False,True,1
ENSEMBL:ENSG00000260368,ENSEMBL:ENSG00000260368,,True,False,1
ENSEMBL:ENSG00000268912,ENSEMBL:ENSG00000268912,,True,False,1
ENSEMBL:ENSG00000266378,ENSEMBL:ENSG00000266378,,True,False,1
SPATA20,ENSEMBL:ENSG00000006282,SPATA20,True,False,1
ENSEMBL:ENSG00000284428,ENSEMBL:ENSG00000284428,,True,False,1
PLD5,ENSEMBL:ENSG00000180287,PLD5,True,True,2
CCDC122,ENSEMBL:ENSG00000151773,CCDC122,False,True,1
OTUD4P1,ENSEMBL:ENSG00000118976,OTUD4P1,True,False,1
THAP3,ENSEMBL:ENSG00000041988,THAP3,True,False,1
KLK4,ENSEMBL:ENSG00000167749,KLK4,True,False,1
U2AF1,ENSEMBL:ENSG00000160201,U2AF1,False,True,1
RTP5,ENSEMBL:ENSG00000188011,RTP5,True,False,1
CLNS1A,ENSEMBL:ENSG00000074201,CLNS1A,False,True,1
LINC01347,ENSEMBL:ENSG00000214837,LINC01347,True,False,1
PTS,ENSEMBL:ENSG00000150787,PTS,False,True,1
ARL6IP1,ENSEMBL:ENSG00000170540,ARL6IP1,False,True,1
ARHGEF17,ENSEMBL:ENSG00000110237,ARHGEF17,True,False,1
VIM-AS1,ENSEMBL:ENSG00000229124,VIM-AS1,True,False,1
PAX6,ENSEMBL:ENSG00000007372,PAX6,False,True,1
IQCG,ENSEMBL:ENSG00000114473,IQCG,False,True,1
TRIM29,ENSEMBL:ENSG00000137699,TRIM29,False,True,1
B3GALNT1,ENSEMBL:ENSG00000169255,B3GALNT1,False,True,3
TMC3-AS1,ENSEMBL:ENSG00000259343,TMC3-AS1,True,False,1
ENSEMBL:ENSG00000288875,ENSEMBL:ENSG00000288875,,True,False,1
HCRT,ENSEMBL:ENSG00000161610,HCRT,False,True,1
ELP1,ENSEMBL:ENSG00000070061,ELP1,False,True,2
NUP54,ENSEMBL:ENSG00000138750,NUP54,True,False,1
ZNF418,ENSEMBL:ENSG00000196724,ZNF418,True,False,1
PRM2,ENSEMBL:ENSG00000122304,PRM2,False,True,1
ENSEMBL:ENSG00000263335,ENSEMBL:ENSG00000263335,,True,False,1
ENSEMBL:ENSG00000231964,ENSEMBL:ENSG00000231964,,True,False,1
CSE1L,ENSEMBL:ENSG00000124207,CSE1L,False,True,2
SOX15,ENSEMBL:ENSG00000129194,SOX15,True,False,1
DHRS11|ENSG00000275397,ENSEMBL:ENSG00000275397,DHRS11,True,False,1
STPG2,ENSEMBL:ENSG00000163116,STPG2,False,True,1
RBBP7,ENSEMBL:ENSG00000102054,RBBP7,True,False,1
SALL4,ENSEMBL:ENSG00000101115,SALL4,False,True,1
SF3B6,ENSEMBL:ENSG00000115128,SF3B6,True,False,1
PIK3AP1,ENSEMBL:ENSG00000155629,PIK3AP1,True,True,4
DNAJC19,ENSEMBL:ENSG00000205981,DNAJC19,False,True,4
LINC02761,ENSEMBL:ENSG00000255362,LINC02761,True,False,1
BBLN,ENSEMBL:ENSG00000171159,BBLN,True,False,1
EXOC3,ENSEMBL:ENSG00000180104,EXOC3,True,False,1
ABITRAM,ENSEMBL:ENSG00000119328,ABITRAM,True,True,2
PARD6G,ENSEMBL:ENSG00000178184,PARD6G,True,False,2
NMB,ENSEMBL:ENSG00000197696,NMB,False,True,1
VKORC1,ENSEMBL:ENSG00000167397,VKORC1,False,True,1
SLC23A1,ENSEMBL:ENSG00000170482,SLC23A1,False,True,1
NPM1P27,ENSEMBL:ENSG00000249353,NPM1P27,True,False,1
ADNP2,ENSEMBL:ENSG00000101544,ADNP2,True,True,2
ISYNA1,ENSEMBL:ENSG00000105655,ISYNA1,False,True,1
MAP4K3-DT,ENSEMBL:ENSG00000231312,MAP4K3-DT,True,False,1
CHN2,ENSEMBL:ENSG00000106069,CHN2,False,True,1
HYLS1,ENSEMBL:ENSG00000198331,HYLS1,True,False,1
ENSEMBL:ENSG00000235776,ENSEMBL:ENSG00000235776,,True,False,1
SLC26A3,ENSEMBL:ENSG00000091138,SLC26A3,False,True,1
ODF3L2,ENSEMBL:ENSG00000181781,ODF3L2,False,True,1
INO80,ENSEMBL:ENSG00000128908,INO80,False,True,1
CTLA4,ENSEMBL:ENSG00000163599,CTLA4,False,True,1
DIS3,ENSEMBL:ENSG00000083520,DIS3,False,True,1
ENSEMBL:ENSG00000241889,ENSEMBL:ENSG00000241889,,True,False,1
PRR36,ENSEMBL:ENSG00000183248,PRR36,False,True,1
TYMS,ENSEMBL:ENSG00000176890,TYMS,False,True,1
ADAL,ENSEMBL:ENSG00000168803,ADAL,False,True,1
LINC02018,ENSEMBL:ENSG00000272690,LINC02018,True,False,1
HERC2P7,ENSEMBL:ENSG00000274471,HERC2P7,True,False,1
YARS2,ENSEMBL:ENSG00000139131,YARS2,False,True,1
GPR173,ENSEMBL:ENSG00000184194,GPR173,True,False,1
NOX1,ENSEMBL:ENSG00000007952,NOX1,False,True,1
CCZ1,ENSEMBL:ENSG00000122674,CCZ1,True,False,1
LEPR,ENSEMBL:ENSG00000116678,LEPR,False,True,1
ELOA,ENSEMBL:ENSG00000011007,ELOA,False,True,1
SLX1B-SULT1A4,ENSEMBL:ENSG00000260280,SLX1B-SULT1A4,True,False,1
PCDHAC2,ENSEMBL:ENSG00000243232,PCDHAC2,False,True,1
ENSEMBL:ENSG00000285535,ENSEMBL:ENSG00000285535,,True,False,1
DCLK2,ENSEMBL:ENSG00000170390,DCLK2,False,True,1
ENSEMBL:ENSG00000256664,ENSEMBL:ENSG00000256664,,True,False,1
GPS2,ENSEMBL:ENSG00000132522,GPS2,False,True,1
NFE2L3,ENSEMBL:ENSG00000050344,NFE2L3,False,True,1
TRIM26|ENSG00000137313,ENSEMBL:ENSG00000137313,TRIM26,False,True,1
GJC2,ENSEMBL:ENSG00000198835,GJC2,False,True,1
RXRB,ENSEMBL:ENSG00000204231,RXRB,True,False,1
ENSEMBL:ENSG00000287559,ENSEMBL:ENSG00000287559,,True,False,1
FAM122B,ENSEMBL:ENSG00000156504,FAM122B,False,True,1
SFTPD-AS1,ENSEMBL:ENSG00000273372,SFTPD-AS1,True,False,1
NWD1,ENSEMBL:ENSG00000188039,NWD1,False,True,1
CYB5D1,ENSEMBL:ENSG00000182224,CYB5D1,True,False,1
AIFM3,ENSEMBL:ENSG00000183773,AIFM3,False,True,1
INTS10,ENSEMBL:ENSG00000104613,INTS10,True,False,1
SNHG3,ENSEMBL:ENSG00000242125,SNHG3,True,False,1
LINC01331,ENSEMBL:ENSG00000248673,LINC01331,True,False,1
ZNF134,ENSEMBL:ENSG00000213762,ZNF134,True,False,1
PRDM6,ENSEMBL:ENSG00000061455,PRDM6,True,False,1
KCTD4,ENSEMBL:ENSG00000180332,KCTD4,False,True,2
VAT1L,ENSEMBL:ENSG00000171724,VAT1L,False,True,1
UXT,ENSEMBL:ENSG00000126756,UXT,True,False,1
NDC1,ENSEMBL:ENSG00000058804,NDC1,False,True,1
NLGN4Y,ENSEMBL:ENSG00000165246,NLGN4Y,True,False,1
RNGTT,ENSEMBL:ENSG00000111880,RNGTT,True,False,1
ENSEMBL:ENSG00000262633,ENSEMBL:ENSG00000262633,,True,False,1
ENSEMBL:ENSG00000281969,ENSEMBL:ENSG00000281969,,True,False,1
MYOD1,ENSEMBL:ENSG00000129152,MYOD1,True,False,1
ENSEMBL:ENSG00000257298,ENSEMBL:ENSG00000257298,,True,False,1
RAB22A,ENSEMBL:ENSG00000124209,RAB22A,True,False,1
CDK5RAP2,ENSEMBL:ENSG00000136861,CDK5RAP2,True,False,1
MRGPRX2,ENSEMBL:ENSG00000183695,MRGPRX2,False,True,1
ANAPC1P1,ENSEMBL:ENSG00000233673,ANAPC1P1,True,False,1
ODF2,ENSEMBL:ENSG00000136811,ODF2,True,True,4
HTATSF1P2,ENSEMBL:ENSG00000271361,HTATSF1P2,True,False,1
ENSEMBL:ENSG00000227946,ENSEMBL:ENSG00000227946,,True,False,1
UBE2F,ENSEMBL:ENSG00000184182,UBE2F,False,True,2
RSL24D1,ENSEMBL:ENSG00000137876,RSL24D1,False,True,1
TMEM63C,ENSEMBL:ENSG00000165548,TMEM63C,True,False,1
PIGM,ENSEMBL:ENSG00000143315,PIGM,True,False,1
ATP2B4,ENSEMBL:ENSG00000058668,ATP2B4,True,True,2
LARS1,ENSEMBL:ENSG00000133706,LARS1,True,False,1
MBL1P,ENSEMBL:ENSG00000242600,MBL1P,False,True,1
DNASE2B,ENSEMBL:ENSG00000137976,DNASE2B,False,True,1
FBF1,ENSEMBL:ENSG00000188878,FBF1,True,True,2
FZD8,ENSEMBL:ENSG00000177283,FZD8,False,True,1
DLEC1,ENSEMBL:ENSG00000008226,DLEC1,False,True,1
NAA38,ENSEMBL:ENSG00000183011,NAA38,False,True,1
ENSEMBL:ENSG00000256591,ENSEMBL:ENSG00000256591,,True,False,1
CLP1,ENSEMBL:ENSG00000172409,CLP1,True,False,1
SHANK1,ENSEMBL:ENSG00000161681,SHANK1,False,True,1
ILDR2,ENSEMBL:ENSG00000143195,ILDR2,False,True,1
FAM168B,ENSEMBL:ENSG00000152102,FAM168B,False,True,1
INCA1,ENSEMBL:ENSG00000196388,INCA1,True,False,1
NUP85,ENSEMBL:ENSG00000125450,NUP85,False,True,1
ENSEMBL:ENSG00000263986,ENSEMBL:ENSG00000263986,,True,False,1
CFAP97D1,ENSEMBL:ENSG00000231256,CFAP97D1,False,True,1
CICP15,ENSEMBL:ENSG00000274553,CICP15,True,False,1
CEBPE,ENSEMBL:ENSG00000092067,CEBPE,True,False,1
CLEC11A,ENSEMBL:ENSG00000105472,CLEC11A,True,True,3
WDR20,ENSEMBL:ENSG00000140153,WDR20,True,False,2
AMIGO3,ENSEMBL:ENSG00000176020,AMIGO3,True,False,1
RAB26,ENSEMBL:ENSG00000167964,RAB26,False,True,1
PDE1B,ENSEMBL:ENSG00000123360,PDE1B,False,True,1
DKKL1,ENSEMBL:ENSG00000104901,DKKL1,False,True,1
ATL1,ENSEMBL:ENSG00000198513,ATL1,True,False,1
RPS2P46,ENSEMBL:ENSG00000189343,RPS2P46,True,False,1
GNPDA2,ENSEMBL:ENSG00000163281,GNPDA2,False,True,1
ENSEMBL:ENSG00000287978,ENSEMBL:ENSG00000287978,,True,False,1
POLA1,ENSEMBL:ENSG00000101868,POLA1,True,False,1
A1BG,ENSEMBL:ENSG00000121410,A1BG,False,True,1
FCF1,ENSEMBL:ENSG00000119616,FCF1,True,False,1
PEX26,ENSEMBL:ENSG00000215193,PEX26,False,True,2
MAPK8IP2,ENSEMBL:ENSG00000008735,MAPK8IP2,False,True,1
SIM2,ENSEMBL:ENSG00000159263,SIM2,True,False,1
LINC00944,ENSEMBL:ENSG00000256128,LINC00944,True,False,1
ENSEMBL:ENSG00000286986,ENSEMBL:ENSG00000286986,,True,False,1
SOX12,ENSEMBL:ENSG00000177732,SOX12,False,True,2
ENSEMBL:ENSG00000236114,ENSEMBL:ENSG00000236114,,True,False,1
ENSEMBL:ENSG00000225489,ENSEMBL:ENSG00000225489,,True,False,1
ENSEMBL:ENSG00000275719,ENSEMBL:ENSG00000275719,,True,False,1
POLG2,ENSEMBL:ENSG00000256525,POLG2,True,False,1
H1-10-AS1,ENSEMBL:ENSG00000206417,H1-10-AS1,True,False,1
LY6E-DT,ENSEMBL:ENSG00000247317,LY6E-DT,True,False,1
ARHGAP8,ENSEMBL:ENSG00000241484,ARHGAP8,False,True,1
CCDC71L,ENSEMBL:ENSG00000253276,CCDC71L,True,False,1
FAIM2,ENSEMBL:ENSG00000135472,FAIM2,True,False,1
FMN1,ENSEMBL:ENSG00000248905,FMN1,False,True,2
GPM6B,ENSEMBL:ENSG00000046653,GPM6B,False,True,1
RNF150,ENSEMBL:ENSG00000170153,RNF150,False,True,1
TNPO2,ENSEMBL:ENSG00000105576,TNPO2,True,True,2
ABCG8,ENSEMBL:ENSG00000143921,ABCG8,False,True,1
ZNF214,ENSEMBL:ENSG00000149050,ZNF214,True,False,1
ENSEMBL:ENSG00000283064,ENSEMBL:ENSG00000283064,,True,False,1
C1orf87,ENSEMBL:ENSG00000162598,C1orf87,True,False,1
IMMP2L,ENSEMBL:ENSG00000184903,IMMP2L,True,False,1
MAGOH,ENSEMBL:ENSG00000162385,MAGOH,False,True,1
HLA-H,ENSEMBL:ENSG00000206341,HLA-H,True,False,1
SEC63,ENSEMBL:ENSG00000025796,SEC63,True,True,2
ENSEMBL:ENSG00000260693,ENSEMBL:ENSG00000260693,,True,False,1
ANGPTL6,ENSEMBL:ENSG00000130812,ANGPTL6,True,False,1
KCNJ2-AS1,ENSEMBL:ENSG00000267365,KCNJ2-AS1,True,False,1
SPATS1,ENSEMBL:ENSG00000249481,SPATS1,False,True,1
SYNJ2BP-COX16,ENSEMBL:ENSG00000258644,SYNJ2BP-COX16,True,False,1
CASD1,ENSEMBL:ENSG00000127995,CASD1,True,False,1
FAM240C,ENSEMBL:ENSG00000216921,FAM240C,True,False,1
LINC02280,ENSEMBL:ENSG00000260792,LINC02280,True,False,1
GPR151,ENSEMBL:ENSG00000173250,GPR151,False,True,1
VARS1|ENSG00000096171,ENSEMBL:ENSG00000096171,VARS1,False,True,2
WDR4,ENSEMBL:ENSG00000160193,WDR4,True,False,1
FBXL19-AS1,ENSEMBL:ENSG00000260852,FBXL19-AS1,True,False,1
VXN,ENSEMBL:ENSG00000169085,VXN,False,True,1
OPRD1,ENSEMBL:ENSG00000116329,OPRD1,True,False,1
CDH6,ENSEMBL:ENSG00000113361,CDH6,False,True,1
MRPS25,ENSEMBL:ENSG00000131368,MRPS25,True,False,1
PCGF6,ENSEMBL:ENSG00000156374,PCGF6,True,False,1
KIAA1614-AS1,ENSEMBL:ENSG00000232586,KIAA1614-AS1,True,False,1
PDE4DIPP2,ENSEMBL:ENSG00000275131,PDE4DIPP2,True,False,1
CNOT11,ENSEMBL:ENSG00000158435,CNOT11,True,False,1
LINC01119,ENSEMBL:ENSG00000239332,LINC01119,True,False,1
COLEC11,ENSEMBL:ENSG00000118004,COLEC11,False,True,1
DPY19L2,ENSEMBL:ENSG00000177990,DPY19L2,True,False,1
SYT13,ENSEMBL:ENSG00000019505,SYT13,False,True,1
DGCR6L,ENSEMBL:ENSG00000128185,DGCR6L,True,False,1
TMEM266,ENSEMBL:ENSG00000169758,TMEM266,True,False,1
HINFP,ENSEMBL:ENSG00000172273,HINFP,True,False,1
RPAP3,ENSEMBL:ENSG00000005175,RPAP3,True,False,1
SETP14,ENSEMBL:ENSG00000240489,SETP14,True,False,1
NOX4,ENSEMBL:ENSG00000086991,NOX4,True,True,2
KCNMB4,ENSEMBL:ENSG00000135643,KCNMB4,True,False,1
LINC00304,ENSEMBL:ENSG00000180422,LINC00304,True,False,1
LGI4,ENSEMBL:ENSG00000153902,LGI4,True,False,1
FOXF1,ENSEMBL:ENSG00000103241,FOXF1,False,True,1
ENSEMBL:ENSG00000279267,ENSEMBL:ENSG00000279267,,True,False,1
MRFAP1L1,ENSEMBL:ENSG00000178988,MRFAP1L1,True,False,1
APOC4,ENSEMBL:ENSG00000267467,APOC4,False,True,1
EIF2AK4,ENSEMBL:ENSG00000128829,EIF2AK4,True,False,1
BSX,ENSEMBL:ENSG00000188909,BSX,False,True,1
LCN8,ENSEMBL:ENSG00000204001,LCN8,True,False,1
LRRC74A,ENSEMBL:ENSG00000100565,LRRC74A,False,True,1
GGN,ENSEMBL:ENSG00000179168,GGN,False,True,1
PRKAR1B,ENSEMBL:ENSG00000188191,PRKAR1B,True,False,1
CERKL,ENSEMBL:ENSG00000188452,CERKL,True,False,1
NLE1,ENSEMBL:ENSG00000073536,NLE1,True,False,1
RHOD,ENSEMBL:ENSG00000173156,RHOD,True,True,2
SMAD5,ENSEMBL:ENSG00000113658,SMAD5,True,False,1
SYNDIG1,ENSEMBL:ENSG00000101463,SYNDIG1,False,True,1
ARGLU1,ENSEMBL:ENSG00000134884,ARGLU1,False,True,1
HELLPAR,ENSEMBL:ENSG00000281344,HELLPAR,True,False,1
SLC10A2,ENSEMBL:ENSG00000125255,SLC10A2,False,True,1
TFPT,ENSEMBL:ENSG00000105619,TFPT,True,False,1
MERTK,ENSEMBL:ENSG00000153208,MERTK,False,True,4
CADPS2,ENSEMBL:ENSG00000081803,CADPS2,False,True,2
GATA4,ENSEMBL:ENSG00000136574,GATA4,False,True,1
SLC35D3,ENSEMBL:ENSG00000182747,SLC35D3,False,True,1
WDR35,ENSEMBL:ENSG00000118965,WDR35,True,False,1
TUB,ENSEMBL:ENSG00000166402,TUB,False,True,1
CDK3,ENSEMBL:ENSG00000250506,CDK3,True,False,1
FUNDC1,ENSEMBL:ENSG00000069509,FUNDC1,True,False,1
SLC35G1,ENSEMBL:ENSG00000176273,SLC35G1,False,True,2
UNC80,ENSEMBL:ENSG00000144406,UNC80,False,True,1
PNMA8B,ENSEMBL:ENSG00000204851,PNMA8B,False,True,1
C4orf46,ENSEMBL:ENSG00000205208,C4orf46,True,False,1
ENSEMBL:ENSG00000289176,ENSEMBL:ENSG00000289176,,True,False,1
SLC25A5P1,ENSEMBL:ENSG00000215347,SLC25A5P1,True,False,1
NEURL2,ENSEMBL:ENSG00000124257,NEURL2,True,False,1
ZSWIM4,ENSEMBL:ENSG00000132003,ZSWIM4,True,False,1
NTF3,ENSEMBL:ENSG00000185652,NTF3,True,True,2
TMEM126B,ENSEMBL:ENSG00000171204,TMEM126B,True,False,1
VSTM2B,ENSEMBL:ENSG00000187135,VSTM2B,False,True,1
OSR1,ENSEMBL:ENSG00000143867,OSR1,False,True,2
EFCAB6,ENSEMBL:ENSG00000186976,EFCAB6,True,True,2
RIC8B,ENSEMBL:ENSG00000111785,RIC8B,True,False,1
HAX1,ENSEMBL:ENSG00000143575,HAX1,True,True,2
ENSEMBL:ENSG00000224888,ENSEMBL:ENSG00000224888,,True,False,1
ENSEMBL:ENSG00000234773,ENSEMBL:ENSG00000234773,,True,False,1
MAPK15,ENSEMBL:ENSG00000181085,MAPK15,False,True,1
KIT,ENSEMBL:ENSG00000157404,KIT,True,False,1
C12orf42,ENSEMBL:ENSG00000179088,C12orf42,False,True,1
RPH3AL-AS1,ENSEMBL:ENSG00000262061,RPH3AL-AS1,True,False,1
CORO2A,ENSEMBL:ENSG00000106789,CORO2A,False,True,1
OGG1,ENSEMBL:ENSG00000114026,OGG1,True,False,1
ERN2,ENSEMBL:ENSG00000134398,ERN2,False,True,1
IGHV3-74,ENSEMBL:ENSG00000224650,IGHV3-74,True,False,1
ZNF587,ENSEMBL:ENSG00000198466,ZNF587,True,False,1
ENSAP2,ENSEMBL:ENSG00000259032,ENSAP2,True,False,1
LINC00863,ENSEMBL:ENSG00000224914,LINC00863,True,False,1
ENSEMBL:ENSG00000265287,ENSEMBL:ENSG00000265287,,True,False,1
LINC01058,ENSEMBL:ENSG00000225039,LINC01058,True,False,1
LINC00910,ENSEMBL:ENSG00000188825,LINC00910,True,False,1
TMEM60,ENSEMBL:ENSG00000135211,TMEM60,True,False,1
ENSEMBL:ENSG00000281571,ENSEMBL:ENSG00000281571,,True,False,1
DONSON,ENSEMBL:ENSG00000159147,DONSON,False,True,1
H2BC11,ENSEMBL:ENSG00000124635,H2BC11,False,True,1
CHL1,ENSEMBL:ENSG00000134121,CHL1,False,True,1
CBX6,ENSEMBL:ENSG00000183741,CBX6,False,True,2
KCNH6,ENSEMBL:ENSG00000173826,KCNH6,False,True,2
NOVA1,ENSEMBL:ENSG00000139910,NOVA1,False,True,1
INSYN1,ENSEMBL:ENSG00000205363,INSYN1,False,True,1
KLF14,ENSEMBL:ENSG00000266265,KLF14,False,True,1
IGHV1-69,ENSEMBL:ENSG00000211973,IGHV1-69,True,False,1
EP400,ENSEMBL:ENSG00000183495,EP400,True,False,2
ASTN2,ENSEMBL:ENSG00000148219,ASTN2,False,True,1
C6orf47|ENSG00000235360,ENSEMBL:ENSG00000235360,C6orf47,False,True,1
PDXDC2P,ENSEMBL:ENSG00000255185,PDXDC2P,True,False,1
ENSEMBL:ENSG00000277400,ENSEMBL:ENSG00000277400,,True,False,1
PTRH1,ENSEMBL:ENSG00000187024,PTRH1,True,False,1
TBC1D19,ENSEMBL:ENSG00000109680,TBC1D19,False,True,1
CTBP1-AS,ENSEMBL:ENSG00000280927,CTBP1-AS,True,False,1
NIM1K,ENSEMBL:ENSG00000177453,NIM1K,True,False,1
YDJC,ENSEMBL:ENSG00000161179,YDJC,True,False,1
ZNF702P,ENSEMBL:ENSG00000242779,ZNF702P,True,False,1
FTSJ1,ENSEMBL:ENSG00000068438,FTSJ1,True,False,1
CHRNA1,ENSEMBL:ENSG00000138435,CHRNA1,True,True,3
CLIP3,ENSEMBL:ENSG00000105270,CLIP3,False,True,1
LONRF2,ENSEMBL:ENSG00000170500,LONRF2,False,True,1
EPG5,ENSEMBL:ENSG00000152223,EPG5,False,True,1
TG,ENSEMBL:ENSG00000042832,TG,False,True,1
TMEM9B-AS1,ENSEMBL:ENSG00000254860,TMEM9B-AS1,True,False,1
TMEM192,ENSEMBL:ENSG00000170088,TMEM192,True,True,3
CASKIN1,ENSEMBL:ENSG00000167971,CASKIN1,False,True,1
ENSEMBL:ENSG00000277654,ENSEMBL:ENSG00000277654,,True,False,1
COMMD2,ENSEMBL:ENSG00000114744,COMMD2,False,True,1
UGGT2,ENSEMBL:ENSG00000102595,UGGT2,False,True,1
CTU2,ENSEMBL:ENSG00000174177,CTU2,True,False,1
CRHBP,ENSEMBL:ENSG00000145708,CRHBP,True,False,1
SERGEF,ENSEMBL:ENSG00000129158,SERGEF,True,False,1
IL17B,ENSEMBL:ENSG00000127743,IL17B,False,True,1
LIM2,ENSEMBL:ENSG00000105370,LIM2,True,False,1
KRIT1,ENSEMBL:ENSG00000001631,KRIT1,True,False,1
MIR3667HG,ENSEMBL:ENSG00000188511,MIR3667HG,True,False,1
ARMC3,ENSEMBL:ENSG00000165309,ARMC3,False,True,1
PEX10,ENSEMBL:ENSG00000157911,PEX10,False,True,1
GRIA2,ENSEMBL:ENSG00000120251,GRIA2,False,True,1
RNF32,ENSEMBL:ENSG00000105982,RNF32,False,True,1
ENSEMBL:ENSG00000288604,ENSEMBL:ENSG00000288604,,True,False,1
SLC5A9,ENSEMBL:ENSG00000117834,SLC5A9,False,True,1
EML6,ENSEMBL:ENSG00000214595,EML6,True,False,1
TAPT1-AS1,ENSEMBL:ENSG00000263327,TAPT1-AS1,True,False,1
CEP135,ENSEMBL:ENSG00000174799,CEP135,True,False,1
NUBP1,ENSEMBL:ENSG00000103274,NUBP1,False,True,1
NKX6-2,ENSEMBL:ENSG00000148826,NKX6-2,False,True,1
RAB3B,ENSEMBL:ENSG00000169213,RAB3B,False,True,1
DIS3L,ENSEMBL:ENSG00000166938,DIS3L,False,True,1
DMAC1,ENSEMBL:ENSG00000137038,DMAC1,True,False,1
RNF175,ENSEMBL:ENSG00000145428,RNF175,True,False,1
SLIT1,ENSEMBL:ENSG00000187122,SLIT1,False,True,1
CCDC89,ENSEMBL:ENSG00000179071,CCDC89,False,True,1
NUGGC,ENSEMBL:ENSG00000189233,NUGGC,False,True,1
IL21R-AS1,ENSEMBL:ENSG00000259954,IL21R-AS1,True,False,1
SENP3,ENSEMBL:ENSG00000161956,SENP3,True,False,1
ENSEMBL:ENSG00000289236,ENSEMBL:ENSG00000289236,,True,False,1
ATAD2,ENSEMBL:ENSG00000156802,ATAD2,False,True,1
ENSEMBL:ENSG00000228606,ENSEMBL:ENSG00000228606,,True,False,1
UNCX,ENSEMBL:ENSG00000164853,UNCX,False,True,1
CDKL4,ENSEMBL:ENSG00000205111,CDKL4,False,True,1
PCLAF,ENSEMBL:ENSG00000166803,PCLAF,True,False,1
TONSL,ENSEMBL:ENSG00000160949,TONSL,True,False,1
KCNQ3,ENSEMBL:ENSG00000184156,KCNQ3,False,True,1
SMIM13,ENSEMBL:ENSG00000224531,SMIM13,True,False,2
EDNRA,ENSEMBL:ENSG00000151617,EDNRA,False,True,1
CCSAP,ENSEMBL:ENSG00000154429,CCSAP,False,True,1
TECRP1,ENSEMBL:ENSG00000235043,TECRP1,True,False,1
OCEL1,ENSEMBL:ENSG00000099330,OCEL1,True,False,1
ENSEMBL:ENSG00000287110,ENSEMBL:ENSG00000287110,,True,False,1
TXNL1,ENSEMBL:ENSG00000091164,TXNL1,True,False,1
SLX1B,ENSEMBL:ENSG00000181625,SLX1B,True,False,1
KCTD1,ENSEMBL:ENSG00000134504,KCTD1,True,False,1
CFAP97,ENSEMBL:ENSG00000164323,CFAP97,False,True,1
ENSEMBL:ENSG00000273763,ENSEMBL:ENSG00000273763,,True,False,1
MSH5,ENSEMBL:ENSG00000204410,MSH5,False,True,1
TIMM23B,ENSEMBL:ENSG00000204152,TIMM23B,True,False,1
NEPRO,ENSEMBL:ENSG00000163608,NEPRO,True,False,1
GGT7,ENSEMBL:ENSG00000131067,GGT7,False,True,1
MAPKAPK5,ENSEMBL:ENSG00000089022,MAPKAPK5,True,False,1
KDM2B-DT,ENSEMBL:ENSG00000256742,KDM2B-DT,True,False,1
ZNF300,ENSEMBL:ENSG00000145908,ZNF300,False,True,1
ZNF568,ENSEMBL:ENSG00000198453,ZNF568,True,False,1
TAF6,ENSEMBL:ENSG00000106290,TAF6,True,False,2
ENSEMBL:ENSG00000289223,ENSEMBL:ENSG00000289223,,True,False,1
ENSEMBL:ENSG00000272916,ENSEMBL:ENSG00000272916,,True,False,1
CTXN1,ENSEMBL:ENSG00000178531,CTXN1,False,True,1
CASP5,ENSEMBL:ENSG00000137757,CASP5,True,False,1
NUDT18,ENSEMBL:ENSG00000275074,NUDT18,False,True,1
CNN2P4,ENSEMBL:ENSG00000213816,CNN2P4,True,False,1
GMCL1,ENSEMBL:ENSG00000087338,GMCL1,True,False,1
ENSEMBL:ENSG00000242282,ENSEMBL:ENSG00000242282,,True,False,1
MCPH1-DT,ENSEMBL:ENSG00000246089,MCPH1-DT,True,False,1
CDCA8,ENSEMBL:ENSG00000134690,CDCA8,False,True,1
UGT2B17,ENSEMBL:ENSG00000197888,UGT2B17,False,True,1
SPATC1L,ENSEMBL:ENSG00000160284,SPATC1L,True,False,1
SNHG28,ENSEMBL:ENSG00000188004,SNHG28,True,False,1
MAP3K14-AS1,ENSEMBL:ENSG00000267278,MAP3K14-AS1,True,False,1
SLC35C1,ENSEMBL:ENSG00000181830,SLC35C1,True,False,1
ENSEMBL:ENSG00000213080,ENSEMBL:ENSG00000213080,,True,False,1
TPGS1,ENSEMBL:ENSG00000141933,TPGS1,True,False,1
ENSEMBL:ENSG00000232124,ENSEMBL:ENSG00000232124,,True,False,1
ENSEMBL:ENSG00000254469,ENSEMBL:ENSG00000254469,,True,False,1
ENSEMBL:ENSG00000261616,ENSEMBL:ENSG00000261616,,True,False,1
PSAPL1,ENSEMBL:ENSG00000178597,PSAPL1,False,True,1
LRRC37A,ENSEMBL:ENSG00000176681,LRRC37A,True,False,1
C2CD4A,ENSEMBL:ENSG00000198535,C2CD4A,False,True,1
CPSF4,ENSEMBL:ENSG00000160917,CPSF4,True,False,1
C8B,ENSEMBL:ENSG00000021852,C8B,False,True,1
C17orf99,ENSEMBL:ENSG00000187997,C17orf99,False,True,1
PPDPF,ENSEMBL:ENSG00000125534,PPDPF,True,False,1
ENSEMBL:ENSG00000284968,ENSEMBL:ENSG00000284968,,True,False,1
GATA6,ENSEMBL:ENSG00000141448,GATA6,False,True,1
CLCC1,ENSEMBL:ENSG00000121940,CLCC1,False,True,1
FSTL5,ENSEMBL:ENSG00000168843,FSTL5,False,True,1
SLC17A9,ENSEMBL:ENSG00000101194,SLC17A9,False,True,1
CATSPER2,ENSEMBL:ENSG00000166762,CATSPER2,True,False,1
VSX1,ENSEMBL:ENSG00000100987,VSX1,False,True,1
CCL14,ENSEMBL:ENSG00000276409,CCL14,True,False,1
HCFC2,ENSEMBL:ENSG00000111727,HCFC2,True,False,1
MMP19,ENSEMBL:ENSG00000123342,MMP19,False,True,1
AKR1B10,ENSEMBL:ENSG00000198074,AKR1B10,False,True,1
TRUB1,ENSEMBL:ENSG00000165832,TRUB1,True,False,1
TRBV7-2,ENSEMBL:ENSG00000282939,TRBV7-2,True,False,1
MNX1,ENSEMBL:ENSG00000130675,MNX1,False,True,1
CGAS,ENSEMBL:ENSG00000164430,CGAS,True,False,1
SAMD1,ENSEMBL:ENSG00000141858,SAMD1,True,False,1
ENSEMBL:ENSG00000285933,ENSEMBL:ENSG00000285933,,True,False,1
ENSEMBL:ENSG00000279825,ENSEMBL:ENSG00000279825,,True,False,1
LINC01063,ENSEMBL:ENSG00000232065,LINC01063,True,False,1
LBHD1,ENSEMBL:ENSG00000162194,LBHD1,True,False,1
BEX5,ENSEMBL:ENSG00000184515,BEX5,False,True,1
MAPK4,ENSEMBL:ENSG00000141639,MAPK4,False,True,1
GTF2IRD2P1,ENSEMBL:ENSG00000214544,GTF2IRD2P1,True,False,1
ENSEMBL:ENSG00000260534,ENSEMBL:ENSG00000260534,,True,False,1
TMEM234,ENSEMBL:ENSG00000160055,TMEM234,True,False,1
GORASP1,ENSEMBL:ENSG00000114745,GORASP1,True,False,1
DOCK6,ENSEMBL:ENSG00000130158,DOCK6,True,False,1
ATP6V1G2-DDX39B,ENSEMBL:ENSG00000254870,ATP6V1G2-DDX39B,True,False,1
CEP97,ENSEMBL:ENSG00000182504,CEP97,False,True,1
ENSEMBL:ENSG00000231609,ENSEMBL:ENSG00000231609,,True,False,1
TPM3P9,ENSEMBL:ENSG00000241015,TPM3P9,True,False,1
RNASE11,ENSEMBL:ENSG00000173464,RNASE11,False,True,1
ENSEMBL:ENSG00000279086,ENSEMBL:ENSG00000279086,,True,False,1
CYP1A1,ENSEMBL:ENSG00000140465,CYP1A1,False,True,1
RHOQP3,ENSEMBL:ENSG00000230756,RHOQP3,True,False,1
PINK1-AS,ENSEMBL:ENSG00000117242,PINK1-AS,True,False,1
SGSH,ENSEMBL:ENSG00000181523,SGSH,True,False,1
TDO2,ENSEMBL:ENSG00000151790,TDO2,False,True,1
SAV1,ENSEMBL:ENSG00000151748,SAV1,True,False,1
EFNB2,ENSEMBL:ENSG00000125266,EFNB2,False,True,1
ENSEMBL:ENSG00000289071,ENSEMBL:ENSG00000289071,,True,False,1
ENSEMBL:ENSG00000288984,ENSEMBL:ENSG00000288984,,True,False,1
JHY,ENSEMBL:ENSG00000109944,JHY,False,True,1
LINC02371,ENSEMBL:ENSG00000274659,LINC02371,True,False,1
MTMR7,ENSEMBL:ENSG00000003987,MTMR7,False,True,1
ENSEMBL:ENSG00000245330,ENSEMBL:ENSG00000245330,,True,False,1
PA2G4P5,ENSEMBL:ENSG00000225580,PA2G4P5,True,False,1
ATP6V0E2-AS1,ENSEMBL:ENSG00000204934,ATP6V0E2-AS1,True,False,1
WHAMMP3,ENSEMBL:ENSG00000276141,WHAMMP3,True,False,1
ENSEMBL:ENSG00000279069,ENSEMBL:ENSG00000279069,,True,False,1
RDH5,ENSEMBL:ENSG00000135437,RDH5,True,False,1
MT-TE,ENSEMBL:ENSG00000210194,MT-TE,True,False,1
ENSEMBL:ENSG00000257252,ENSEMBL:ENSG00000257252,,True,False,1
LINC01719,ENSEMBL:ENSG00000233396,LINC01719,True,False,1
ZNF391,ENSEMBL:ENSG00000124613,ZNF391,True,False,1
PDSS2,ENSEMBL:ENSG00000164494,PDSS2,True,True,2
SLC14A2,ENSEMBL:ENSG00000132874,SLC14A2,False,True,1
RIOK2,ENSEMBL:ENSG00000058729,RIOK2,False,True,1
FAT3,ENSEMBL:ENSG00000165323,FAT3,True,True,2
FGF22,ENSEMBL:ENSG00000070388,FGF22,True,False,1
LCMT1-AS1,ENSEMBL:ENSG00000260448,LCMT1-AS1,True,False,1
NF1,ENSEMBL:ENSG00000196712,NF1,True,True,2
KCNJ9,ENSEMBL:ENSG00000162728,KCNJ9,False,True,1
MTERF4,ENSEMBL:ENSG00000122085,MTERF4,False,True,1
CEP152,ENSEMBL:ENSG00000103995,CEP152,False,True,1
ZNF416,ENSEMBL:ENSG00000083817,ZNF416,False,True,1
ZNF671,ENSEMBL:ENSG00000083814,ZNF671,True,False,1
ENSEMBL:ENSG00000260274,ENSEMBL:ENSG00000260274,,True,False,1
ENSEMBL:ENSG00000279415,ENSEMBL:ENSG00000279415,,True,False,1
ENSEMBL:ENSG00000272563,ENSEMBL:ENSG00000272563,,True,False,1
CKAP2L,ENSEMBL:ENSG00000169607,CKAP2L,False,True,1
ARMH4,ENSEMBL:ENSG00000139971,ARMH4,False,True,1
ENSEMBL:ENSG00000287868,ENSEMBL:ENSG00000287868,,True,False,1
COX6A2,ENSEMBL:ENSG00000156885,COX6A2,True,False,1
ENSEMBL:ENSG00000259940,ENSEMBL:ENSG00000259940,,True,False,1
KRT10-AS1,ENSEMBL:ENSG00000167920,KRT10-AS1,True,False,1
LINC01881,ENSEMBL:ENSG00000220804,LINC01881,True,False,1
PWWP3A,ENSEMBL:ENSG00000160953,PWWP3A,True,False,1
B4GALT2,ENSEMBL:ENSG00000117411,B4GALT2,False,True,1
OPTC,ENSEMBL:ENSG00000188770,OPTC,False,True,1
CRELD2,ENSEMBL:ENSG00000184164,CRELD2,False,True,1
SEC24B-AS1,ENSEMBL:ENSG00000247950,SEC24B-AS1,True,False,1
UMPS,ENSEMBL:ENSG00000114491,UMPS,True,False,1
PRR20E,ENSEMBL:ENSG00000234278,PRR20E,False,True,1
ENSEMBL:ENSG00000256694,ENSEMBL:ENSG00000256694,,True,False,1
EPB41L4A,ENSEMBL:ENSG00000129595,EPB41L4A,False,True,1
GINS4,ENSEMBL:ENSG00000147536,GINS4,False,True,1
C1QBPP2,ENSEMBL:ENSG00000213409,C1QBPP2,True,False,1
TATDN1P1,ENSEMBL:ENSG00000234369,TATDN1P1,True,False,1
ENSEMBL:ENSG00000275106,ENSEMBL:ENSG00000275106,,True,False,1
ENSEMBL:ENSG00000279474,ENSEMBL:ENSG00000279474,,True,False,1
IGKV1D-42,ENSEMBL:ENSG00000211633,IGKV1D-42,True,False,1
FAM76A,ENSEMBL:ENSG00000009780,FAM76A,True,False,1
DMC1,ENSEMBL:ENSG00000100206,DMC1,False,True,1
LLPH,ENSEMBL:ENSG00000139233,LLPH,True,False,1
ANKRD44-IT1,ENSEMBL:ENSG00000236977,ANKRD44-IT1,True,False,1
GEMIN5,ENSEMBL:ENSG00000082516,GEMIN5,True,False,1
SRFBP1,ENSEMBL:ENSG00000151304,SRFBP1,True,False,1
ARHGEF33,ENSEMBL:ENSG00000214694,ARHGEF33,False,True,1
CLDN4,ENSEMBL:ENSG00000189143,CLDN4,False,True,1
NAT2,ENSEMBL:ENSG00000156006,NAT2,False,True,1
SSC4D,ENSEMBL:ENSG00000146700,SSC4D,True,False,1
CDC42-AS1,ENSEMBL:ENSG00000285752,CDC42-AS1,True,False,1
ENSEMBL:ENSG00000275645,ENSEMBL:ENSG00000275645,,True,False,1
ENSEMBL:ENSG00000283525,ENSEMBL:ENSG00000283525,,True,False,1
ENSEMBL:ENSG00000285863,ENSEMBL:ENSG00000285863,,True,False,1
ZNF28,ENSEMBL:ENSG00000198538,ZNF28,True,False,1
ENSEMBL:ENSG00000289579,ENSEMBL:ENSG00000289579,,True,False,1
RPP25L,ENSEMBL:ENSG00000164967,RPP25L,True,False,1
EXOSC7,ENSEMBL:ENSG00000075914,EXOSC7,True,False,2
CCDC39|ENSG00000284862,ENSEMBL:ENSG00000284862,CCDC39,False,True,1
MRM3,ENSEMBL:ENSG00000171861,MRM3,True,False,1
CBWD2,ENSEMBL:ENSG00000136682,CBWD2,True,False,1
OFD1,ENSEMBL:ENSG00000046651,OFD1,True,False,1
MED7,ENSEMBL:ENSG00000155868,MED7,True,False,1
ENSEMBL:ENSG00000285108,ENSEMBL:ENSG00000285108,,True,False,1
CCZ1B,ENSEMBL:ENSG00000146574,CCZ1B,True,False,1
CRACR2A,ENSEMBL:ENSG00000130038,CRACR2A,False,True,1
LINC02141,ENSEMBL:ENSG00000261807,LINC02141,True,False,1
TSGA10,ENSEMBL:ENSG00000135951,TSGA10,True,False,1
ENSEMBL:ENSG00000282988,ENSEMBL:ENSG00000282988,,True,False,1
DHX36,ENSEMBL:ENSG00000174953,DHX36,False,True,1
ENSEMBL:ENSG00000279117,ENSEMBL:ENSG00000279117,,True,False,1
PPIAP22,ENSEMBL:ENSG00000198618,PPIAP22,True,False,1
BHMT2,ENSEMBL:ENSG00000132840,BHMT2,False,True,1
ENSEMBL:ENSG00000288739,ENSEMBL:ENSG00000288739,,True,False,1
WDR36,ENSEMBL:ENSG00000134987,WDR36,True,False,1
FAM204A,ENSEMBL:ENSG00000165669,FAM204A,True,False,1
ELFN2,ENSEMBL:ENSG00000166897,ELFN2,False,True,1
TATDN2P3,ENSEMBL:ENSG00000235205,TATDN2P3,True,False,1
ENSEMBL:ENSG00000231050,ENSEMBL:ENSG00000231050,,True,False,1
AVEN,ENSEMBL:ENSG00000169857,AVEN,True,False,1
RBKS,ENSEMBL:ENSG00000171174,RBKS,False,True,1
HECTD3,ENSEMBL:ENSG00000126107,HECTD3,False,True,1
CLEC18A,ENSEMBL:ENSG00000157322,CLEC18A,True,False,1
ENSEMBL:ENSG00000286389,ENSEMBL:ENSG00000286389,,True,False,1
DYNC1I1,ENSEMBL:ENSG00000158560,DYNC1I1,False,True,1
CHGA,ENSEMBL:ENSG00000100604,CHGA,False,True,2
ENSEMBL:ENSG00000259007,ENSEMBL:ENSG00000259007,,True,False,1
SI,ENSEMBL:ENSG00000090402,SI,False,True,1
TERT,ENSEMBL:ENSG00000164362,TERT,False,True,1
AMER2,ENSEMBL:ENSG00000165566,AMER2,False,True,1
CFAP410,ENSEMBL:ENSG00000160226,CFAP410,True,False,1
SYCN,ENSEMBL:ENSG00000179751,SYCN,False,True,1
TNIP3,ENSEMBL:ENSG00000050730,TNIP3,False,True,1
ENSEMBL:ENSG00000250132,ENSEMBL:ENSG00000250132,,True,False,1
SLC2A5,ENSEMBL:ENSG00000142583,SLC2A5,True,False,1
GIMD1,ENSEMBL:ENSG00000250298,GIMD1,False,True,1
FGFR3,ENSEMBL:ENSG00000068078,FGFR3,False,True,1
LHX6,ENSEMBL:ENSG00000106852,LHX6,False,True,1
ZNF845,ENSEMBL:ENSG00000213799,ZNF845,False,True,1
ENSEMBL:ENSG00000289345,ENSEMBL:ENSG00000289345,,True,False,1
LIX1,ENSEMBL:ENSG00000145721,LIX1,True,False,1
TMEM41B,ENSEMBL:ENSG00000166471,TMEM41B,False,True,1
ZNF155,ENSEMBL:ENSG00000204920,ZNF155,True,False,1
ABRACL,ENSEMBL:ENSG00000146386,ABRACL,True,False,1
PTGES,ENSEMBL:ENSG00000148344,PTGES,True,False,1
SUPT7L,ENSEMBL:ENSG00000119760,SUPT7L,True,False,1
MBNL2,ENSEMBL:ENSG00000139793,MBNL2,True,False,1
ENSEMBL:ENSG00000260997,ENSEMBL:ENSG00000260997,,True,False,1
B3GNT9,ENSEMBL:ENSG00000237172,B3GNT9,False,True,1
KIN,ENSEMBL:ENSG00000151657,KIN,False,True,1
TM4SF5,ENSEMBL:ENSG00000142484,TM4SF5,False,True,1
CHRM4,ENSEMBL:ENSG00000180720,CHRM4,False,True,1
LINC01004,ENSEMBL:ENSG00000228393,LINC01004,True,False,1
FAM120C,ENSEMBL:ENSG00000184083,FAM120C,False,True,1
CEP120,ENSEMBL:ENSG00000168944,CEP120,True,False,1
ENSEMBL:ENSG00000289561,ENSEMBL:ENSG00000289561,,True,False,1
CDK11A,ENSEMBL:ENSG00000008128,CDK11A,True,False,1
ENSEMBL:ENSG00000242048,ENSEMBL:ENSG00000242048,,True,False,1
LINC02591,ENSEMBL:ENSG00000263590,LINC02591,True,False,1
IGHMBP2,ENSEMBL:ENSG00000132740,IGHMBP2,True,False,1
SMIM11A,ENSEMBL:ENSG00000205670,SMIM11A,False,True,1
LINC01694,ENSEMBL:ENSG00000233922,LINC01694,True,False,1
ENSEMBL:ENSG00000272338,ENSEMBL:ENSG00000272338,,True,False,1
DDX10,ENSEMBL:ENSG00000178105,DDX10,True,False,1
CHTF8,ENSEMBL:ENSG00000168802,CHTF8,False,True,1
TRAM2-AS1,ENSEMBL:ENSG00000225791,TRAM2-AS1,True,False,1
TRBV21-1,ENSEMBL:ENSG00000251578,TRBV21-1,True,False,1
ENSEMBL:ENSG00000224505,ENSEMBL:ENSG00000224505,,True,False,1
DPH5,ENSEMBL:ENSG00000117543,DPH5,True,False,1
NR5A1,ENSEMBL:ENSG00000136931,NR5A1,False,True,1
TRIM36,ENSEMBL:ENSG00000152503,TRIM36,False,True,1
FPGT,ENSEMBL:ENSG00000254685,FPGT,False,True,1
ORC1,ENSEMBL:ENSG00000085840,ORC1,False,True,1
ZNF562,ENSEMBL:ENSG00000171466,ZNF562,True,False,1
ZNF490,ENSEMBL:ENSG00000188033,ZNF490,True,False,1
POLR1B,ENSEMBL:ENSG00000125630,POLR1B,True,False,1
UBE2K,ENSEMBL:ENSG00000078140,UBE2K,False,True,1
C11orf45,ENSEMBL:ENSG00000174370,C11orf45,True,False,1
LINC02724,ENSEMBL:ENSG00000181908,LINC02724,True,False,1
SIRT6,ENSEMBL:ENSG00000077463,SIRT6,True,False,1
ANKRD36C,ENSEMBL:ENSG00000174501,ANKRD36C,True,False,1
ZNF248,ENSEMBL:ENSG00000198105,ZNF248,True,False,1
UNC79,ENSEMBL:ENSG00000133958,UNC79,False,True,1
RASGEF1C,ENSEMBL:ENSG00000146090,RASGEF1C,False,True,1
TRIM40,ENSEMBL:ENSG00000204614,TRIM40,False,True,1
QRFPR,ENSEMBL:ENSG00000186867,QRFPR,False,True,1
TEX10,ENSEMBL:ENSG00000136891,TEX10,True,False,1
PCNX4,ENSEMBL:ENSG00000126773,PCNX4,True,False,1
ENSEMBL:ENSG00000231119,ENSEMBL:ENSG00000231119,,True,False,1
TMEM161B,ENSEMBL:ENSG00000164180,TMEM161B,True,False,1
TMEM243,ENSEMBL:ENSG00000135185,TMEM243,False,True,1
ODR4,ENSEMBL:ENSG00000157181,ODR4,False,True,1
ENSEMBL:ENSG00000279182,ENSEMBL:ENSG00000279182,,True,False,1
PRELID1P1,ENSEMBL:ENSG00000217325,PRELID1P1,True,False,1
CIP2A,ENSEMBL:ENSG00000163507,CIP2A,False,True,1
CAPN11,ENSEMBL:ENSG00000137225,CAPN11,False,True,1
ZBTB11-AS1,ENSEMBL:ENSG00000256628,ZBTB11-AS1,True,False,1
DENND2B,ENSEMBL:ENSG00000166444,DENND2B,False,True,1
SDR9C7,ENSEMBL:ENSG00000170426,SDR9C7,False,True,1
ENSEMBL:ENSG00000275210,ENSEMBL:ENSG00000275210,,True,False,1
FBXW11,ENSEMBL:ENSG00000072803,FBXW11,True,False,1
TRMT9B,ENSEMBL:ENSG00000250305,TRMT9B,False,True,2
TMEM213,ENSEMBL:ENSG00000214128,TMEM213,False,True,1
ZDHHC14,ENSEMBL:ENSG00000175048,ZDHHC14,False,True,1
ENSEMBL:ENSG00000284391,ENSEMBL:ENSG00000284391,,True,False,1
CSRNP3,ENSEMBL:ENSG00000178662,CSRNP3,False,True,1
HDC,ENSEMBL:ENSG00000140287,HDC,True,False,1
CCNQ,ENSEMBL:ENSG00000262919,CCNQ,True,False,1
RNLS,ENSEMBL:ENSG00000184719,RNLS,False,True,1
RAMP2-AS1,ENSEMBL:ENSG00000197291,RAMP2-AS1,True,False,1
PRKY,ENSEMBL:ENSG00000099725,PRKY,True,False,1
ANKRD18EP,ENSEMBL:ENSG00000217165,ANKRD18EP,True,False,1
ENSEMBL:ENSG00000278948,ENSEMBL:ENSG00000278948,,True,False,1
UNC13C,ENSEMBL:ENSG00000137766,UNC13C,True,False,1
RTL3,ENSEMBL:ENSG00000179300,RTL3,False,True,1
PKP3,ENSEMBL:ENSG00000184363,PKP3,False,True,1
GLIDR,ENSEMBL:ENSG00000278175,GLIDR,True,False,1
SHF,ENSEMBL:ENSG00000138606,SHF,True,False,1
SOCS4,ENSEMBL:ENSG00000180008,SOCS4,True,False,1
LRRIQ4,ENSEMBL:ENSG00000188306,LRRIQ4,False,True,1
PNMA6B,ENSEMBL:ENSG00000268883,PNMA6B,True,False,1
GP6-AS1,ENSEMBL:ENSG00000267265,GP6-AS1,True,False,1
SMIM26,ENSEMBL:ENSG00000232388,SMIM26,True,False,1
TEX28,ENSEMBL:ENSG00000278057,TEX28,False,True,1
ENSEMBL:ENSG00000280486,ENSEMBL:ENSG00000280486,,True,False,1
PLEKHH1,ENSEMBL:ENSG00000054690,PLEKHH1,True,False,1
ADRA1D,ENSEMBL:ENSG00000171873,ADRA1D,False,True,1
POLR2J4|ENSG00000272655,ENSEMBL:ENSG00000272655,POLR2J4,True,False,1
CASP14,ENSEMBL:ENSG00000105141,CASP14,False,True,1
SCFD2,ENSEMBL:ENSG00000184178,SCFD2,False,True,2
UBXN10,ENSEMBL:ENSG00000162543,UBXN10,False,True,1
DNLZ,ENSEMBL:ENSG00000213221,DNLZ,True,False,1
LINC02762,ENSEMBL:ENSG00000250303,LINC02762,True,False,1
TANGO6,ENSEMBL:ENSG00000103047,TANGO6,True,False,1
DHPS,ENSEMBL:ENSG00000095059,DHPS,True,False,1
LRRC37A4P,ENSEMBL:ENSG00000214425,LRRC37A4P,True,False,1
GRID2,ENSEMBL:ENSG00000152208,GRID2,False,True,1
ENSEMBL:ENSG00000285130,ENSEMBL:ENSG00000285130,,True,False,1
ENSEMBL:ENSG00000271452,ENSEMBL:ENSG00000271452,,True,False,1
COX4I2,ENSEMBL:ENSG00000131055,COX4I2,False,True,1
LMNTD2-AS1,ENSEMBL:ENSG00000254815,LMNTD2-AS1,True,False,1
LINC02381,ENSEMBL:ENSG00000250742,LINC02381,True,False,1
AGAP14P,ENSEMBL:ENSG00000279058,AGAP14P,True,False,1
ZNF549,ENSEMBL:ENSG00000121406,ZNF549,True,False,1
PAPPA2,ENSEMBL:ENSG00000116183,PAPPA2,False,True,1
TBC1D25,ENSEMBL:ENSG00000068354,TBC1D25,True,False,1
ENSEMBL:ENSG00000271454,ENSEMBL:ENSG00000271454,,True,False,1
BMS1P4,ENSEMBL:ENSG00000271816,BMS1P4,True,False,1
FAM186A,ENSEMBL:ENSG00000185958,FAM186A,True,False,1
ZNF630,ENSEMBL:ENSG00000221994,ZNF630,True,False,1
LRFN3,ENSEMBL:ENSG00000126243,LRFN3,False,True,1
ENSEMBL:ENSG00000239219,ENSEMBL:ENSG00000239219,,True,False,1
C5orf34,ENSEMBL:ENSG00000172244,C5orf34,False,True,1
LRRC8E,ENSEMBL:ENSG00000171017,LRRC8E,False,True,1
ENSEMBL:ENSG00000280088,ENSEMBL:ENSG00000280088,,True,False,1
ZW10,ENSEMBL:ENSG00000086827,ZW10,False,True,1
TREML4,ENSEMBL:ENSG00000188056,TREML4,True,False,1
KCNIP1,ENSEMBL:ENSG00000182132,KCNIP1,False,True,1
ENSEMBL:ENSG00000280119,ENSEMBL:ENSG00000280119,,True,False,1
ENSEMBL:ENSG00000250105,ENSEMBL:ENSG00000250105,,True,False,1
CNIH3,ENSEMBL:ENSG00000143786,CNIH3,False,True,1
ENSEMBL:ENSG00000231731,ENSEMBL:ENSG00000231731,,True,False,1
ZMPSTE24-DT,ENSEMBL:ENSG00000259943,ZMPSTE24-DT,True,False,1
KIF1A,ENSEMBL:ENSG00000130294,KIF1A,False,True,1
STX2,ENSEMBL:ENSG00000111450,STX2,True,False,1
ENSEMBL:ENSG00000289331,ENSEMBL:ENSG00000289331,,True,False,1
SCARNA2,ENSEMBL:ENSG00000278249,SCARNA2,True,False,1
CDC25C,ENSEMBL:ENSG00000158402,CDC25C,False,True,1
IFTAP,ENSEMBL:ENSG00000166352,IFTAP,False,True,1
GPAT2,ENSEMBL:ENSG00000186281,GPAT2,True,False,1
ENSEMBL:ENSG00000280010,ENSEMBL:ENSG00000280010,,True,False,1
ENSEMBL:ENSG00000267287,ENSEMBL:ENSG00000267287,,True,False,1
TKTL2,ENSEMBL:ENSG00000151005,TKTL2,False,True,1
SPATA6,ENSEMBL:ENSG00000132122,SPATA6,False,True,1
RNF213-AS1,ENSEMBL:ENSG00000263069,RNF213-AS1,True,False,1
ENSEMBL:ENSG00000261303,ENSEMBL:ENSG00000261303,,True,False,1
ZNF711,ENSEMBL:ENSG00000147180,ZNF711,True,False,1
BLZF2P,ENSEMBL:ENSG00000258565,BLZF2P,True,False,1
ENSEMBL:ENSG00000279294,ENSEMBL:ENSG00000279294,,True,False,1
UGT2B11,ENSEMBL:ENSG00000213759,UGT2B11,True,False,1
RABL2B,ENSEMBL:ENSG00000079974,RABL2B,True,False,1
ZCCHC7,ENSEMBL:ENSG00000147905,ZCCHC7,False,True,1
CEP290,ENSEMBL:ENSG00000198707,CEP290,False,True,1
ST3GAL5-AS1,ENSEMBL:ENSG00000232504,ST3GAL5-AS1,True,False,1
RPS27AP11,ENSEMBL:ENSG00000218208,RPS27AP11,True,False,1
FAM227B,ENSEMBL:ENSG00000166262,FAM227B,True,False,1
LHB,ENSEMBL:ENSG00000104826,LHB,False,True,1
ENSEMBL:ENSG00000258311,ENSEMBL:ENSG00000258311,,True,False,1
WWC1,ENSEMBL:ENSG00000113645,WWC1,False,True,1
ARL4AP2,ENSEMBL:ENSG00000248780,ARL4AP2,True,False,1
ATRIP,ENSEMBL:ENSG00000164053,ATRIP,True,False,1
OCIAD2,ENSEMBL:ENSG00000145247,OCIAD2,False,True,1
ENSEMBL:ENSG00000241057,ENSEMBL:ENSG00000241057,,True,False,1
TMEM115,ENSEMBL:ENSG00000126062,TMEM115,False,True,1
SRD5A3,ENSEMBL:ENSG00000128039,SRD5A3,True,False,1
ENSEMBL:ENSG00000286957,ENSEMBL:ENSG00000286957,,True,False,1
CERS1,ENSEMBL:ENSG00000223802,CERS1,True,False,1
