row,adipose|EE-CON|post_15_30_45_min,adipose|EE-CON|post_3.5_4_hr,adipose|EE-CON|post_24_hr,adipose|RE-CON|post_15_30_45_min,adipose|RE-CON|post_3.5_4_hr,blood|EE-CON|during_20_min,blood|EE-CON|during_40_min,blood|EE-CON|post_10_min,blood|EE-CON|post_15_30_45_min,blood|EE-CON|post_3.5_4_hr,blood|EE-CON|post_24_hr,blood|RE-CON|post_10_min,blood|RE-CON|post_15_30_45_min,blood|RE-CON|post_3.5_4_hr,blood|RE-CON|post_24_hr,muscle|EE-CON|post_15_30_45_min,muscle|EE-CON|post_3.5_4_hr,muscle|EE-CON|post_24_hr,muscle|RE-CON|post_15_30_45_min,muscle|RE-CON|post_3.5_4_hr,muscle|RE-CON|post_24_hr
PPARGC1A,0,0,0,0,0,0,0,0,0,1.381,0,0,0,0,0,0,55.45,0,0,67.85,0
FNIP2,0,0,0,0,0,0,0,0,0,0,0,0,0,0,0,0,31.9,0,0,54.17,2.029
PRKAG2,0,1.464,0,0,0,0,0,0,0,0,0,0,0,0,0,0,53.03,2.871,0,39.27,0
CX3CL1,1.564,0,0,0,0,3.438,3.643,0,0,0,0,0,0,0,0,52.26,1.38,0,32.81,0,0
VGLL2,0,0,0,0,0,0,0,0,0,0,0,0,0,0,0,2.247,16.6,0,16.97,45.55,2.683
APOLD1,3.368,0,0,0,0,0,0,0,0,0,0,0,0,0,0,44.43,0,0,35.9,1.431,0
TCIM,0,0,0,0,0,0,0,0,0,0,0,0,0,0,0,44.42,0,0,35.3,0,0
KCNQ4,0,0,0,0,0,0,0,0,0,0,0,0,0,0,0,0,42.77,0,0,26.45,0
ASB5,0,0,0,0,0,0,0,0,0,0,0,0,0,0,0,0,5.149,0,0,41.75,0
DUSP1,1.381,0,0,0,0,0,4.211,12.44,14.42,0,0,8.583,13.39,0,0,14.61,0,0,41.72,9.855,0
ENAH,0,0,0,0,0,0,-1.325,0,0,0,0,0,0,0,0,-1.878,0,0,-4.754,41.66,2.031
SOCS7,0,0,0,0,0,0,0,0,0,0,0,0,0,0,0,0,25.95,0,0,40.98,1.816
GNPDA1,0,0,0,0,0,0,0,0,0,0,0,0,0,0,0,0,39.66,0,-2.453,33.09,0
ABRA,0,0,0,0,0,0,0,0,0,0,0,0,0,0,0,4.3,5.055,0,22.07,39.41,15.09
CPEB4,0,0,0,0,0,-1.991,0,0,0,0,0,0,0,0,0,0,9.968,0,0,39.41,0
XIRP1,0,0,0,0,0,0,0,0,0,0,0,0,0,0,0,6.628,0,0,17.34,39.27,4.221
NR4A1,6.906,0,0,0,0,0,3.63,0,0,0,0,0,0,0,0,25.17,25.92,0,37.76,26.74,0
NEDD9,2.613,0,0,2.288,0,0,0,0,0,3.232,0,0,2.441,5.265,0,36.33,0,0,23.96,0,0
TRPM7,0,0,0,0,0,-1.669,0,0,0,0,0,0,0,0,0,0,35.83,0,0,16.56,0
GABARAPL1,0,0,0,0,0,0,0,0,2.494,3.049,0,2.516,5.664,5.857,0,1.56,9.271,0,8.314,35.53,0
B3GNT5,1.337,0,0,0,0,0,0,0,0,0,0,0,1.578,0,0,0,2.877,0,1.466,35.5,0
NR4A2,3.127,0,0,0,0,0,2.162,2.157,2.001,0,0,2.025,1.312,0,0,32.81,0,0,35.49,0,0
TSC22D2,0,0,0,0,0,-1.558,0,0,0,0,0,0,0,0,0,2.133,4.811,0,0,35.45,0
ADAMTS1,3.508,0,0,0,0,8.226,12.11,2.145,0,0,0,2.389,0,0,0,35.42,0,0,33.89,3.195,0
SPEG,0,0,0,0,0,0,0,0,0,0,0,0,0,0,0,-18.24,0,0,34.93,22.39,3.025
SOX18,0,0,0,0,0,0,0,0,0,0,0,0,0,0,0,34.76,0,0,30.02,0,0
FLCN,0,0,0,0,0,0,0,0,2.035,0,0,0,0,0,0,0,34.7,0,1.407,27.19,0
CCN1,6.906,0,0,1.637,0,0,1.654,0,0,0,0,2.99,0,0,0,26.64,0,0,33.53,13,1.819
GPAT3,0,-1.738,0,0,0,0,0,0,1.874,2.507,0,0,2.3,3.198,0,5.05,10.12,0,3.465,33.44,-5
FAM110B,0,0,0,0,0,0,0,0,0,0,0,0,0,0,0,0,25.89,0,-3.945,33.24,1.574
TIAM2,0,0,0,0,0,0,0,0,0,0,0,0,0,1.539,0,0,0,0,0,32.67,2.925
PPP1R27,0,0,0,0,0,0,0,0,0,0,0,0,0,0,0,2.366,10.32,0,22.12,32.64,5.94
DYRK1A,0,0,0,0,0,0,0,0,0,0,0,0,0,0,0,0,5.952,0,0,32.53,0
RICTOR,0,-1.381,0,0,0,-1.957,0,0,0,1.375,0,0,0,0,0,0,1.454,0,-2.433,32.39,0
EIF2AK3,0,0,0,0,0,0,0,0,0,0,0,0,0,0,0,0,0,0,0,32.36,0
ZBTB43,0,0,0,0,0,0,0,0,0,0,0,0,0,0,0,0,5.111,0,0,32.33,0
PRR12,0,0,0,0,0,0,0,0,0,0,0,0,0,0,0,0,-3.204,0,0,-32.32,0
PLEKHH3,0,0,0,0,0,0,0,0,0,0,0,0,0,0,0,0,-7.353,0,0,-32.23,0
C18orf25,0,0,0,0,0,0,0,0,0,0,0,0,0,0,0,32.19,0,0,8.432,1.471,2.883
DNAJB4,0,0,0,0,0,0,0,0,0,0,0,0,0,0,0,3.863,1.961,0,3.39,32.16,0
KLF4,0,0,0,0,0,0,0,0,0,0,0,0,0,0,0,31.89,0,0,26.84,0,0
NR4A3,0,0,0,0,0,0,0,0,0,0,0,0,0,0,0,3.691,28.11,0,14.21,31.88,0
IER2,0,0,0,0,0,0,0,0,0,0,0,0,0,3.336,0,31.83,0,0,27.84,0,0
KLHL40,0,0,0,0,0,0,0,0,0,0,0,0,0,0,0,0,3.334,0,0,31.7,8.737
SDC4,0,0,0,0,0,0,0,0,0,0,0,0,0,0,0,0,10.94,0,10.34,31.52,0
RAPGEF2,0,0,0,0,0,-2.566,-1.413,0,0,2.461,0,0,0,3.317,0,2.247,7.357,0,3.084,31.47,0
NPIPB5,0,0,0,0,0,0,0,0,0,0,0,0,0,0,0,0,14.24,-1.646,0,31.46,-1.995
MAST4,0,0,0,0,0,0,0,0,0,-1.801,0,0,0,-1.951,0,-1.742,0,0,-4.388,31.09,1.931
RASSF8,0,0,0,0,0,0,0,0,0,0,0,0,0,0,0,0,3.361,0,0,30.86,0
SLC19A2,2.937,0,0,0,0,0,0,0,0,0,0,0,0,0,0,3.863,26.5,0,10.34,30.7,0
HSPB1,0,0,0,0,0,0,0,0,0,0,0,0,0,-2.479,0,7.285,0,0,30.7,11.95,10.85
JUN,2.94,0,0,0,0,0,0,0,0,0,0,0,1.501,0,0,11.67,0,0,30.51,2.652,-1.804
TRIM25,0,0,0,0,0,0,0,0,1.409,4.971,0,0,2.744,7.929,0,0,30.51,0,-2.295,1.403,0
FNIP1,0,0,0,0,0,-2.527,-1.782,0,0,2.739,0,0,0,3.283,0,0,16.83,0,0,30.42,-2.568
ZMYM3,0,0,0,0,0,0,0,0,0,0,0,0,0,-2.12,0,0,-7.885,0,0,-30.32,0
ZFP36L1,0,0,0,0,0,0,0,0,0,3.895,0,0,3.903,7.476,0,5.018,0,0,30.15,1.819,0
ZNF774,0,0,0,0,0,0,0,0,0,0,0,0,0,0,0,0,0,0,0,30.1,8.5
TAMALIN,0,0,0,0,0,0,0,0,0,0,0,1.385,0,0,0,29.69,0,0,23.69,0,0
GIMAP7,0,0,0,0,0,0,0,0,0,-1.784,0,0,0,-3.667,0,-29.57,0,0,-13.81,0,0
TANGO2,0,0,0,0,0,0,0,0,2.242,0,0,0,3.091,0,0,0,29.18,5.112,0,17.01,2.905
ASAH1,0,0,0,0,0,0,0,0,0,2.968,0,0,1.375,5.13,0,0,28.92,1.725,0,8.996,2.055
EPHA2,0,0,0,0,0,0,0,0,0,0,0,0,0,0,0,28.88,0,0,20.97,0,0
GZMB,0,0,0,0,0,22.84,28.61,8.909,0,0,0,15.78,1.345,0,0,0,0,0,0,0,0
CSRNP1,0,0,0,0,0,0,0,2.196,6.167,1.945,0,4.55,10.28,3.957,0,28.55,0,0,23.96,19.19,0
ID3,0,0,0,-1.611,0,0,-1.455,0,0,0,0,0,0,0,0,28.45,0,0,20.66,0,0
TSC22D3,0,0,0,0,0,0,1.653,5.7,12.1,0,0,4.228,11.06,1.493,0,0,0,-1.757,28.42,-6.41,-4.192
SIN3A,0,0,0,0,0,0,0,0,0,0,0,0,1.334,1.623,0,0,-10.02,-3.493,0,-28.27,-5.854
CLCN6,0,0,0,0,0,0,0,0,0,0,0,0,0,0,0,0,28.11,0,0,2.967,0
RRAGC,0,0,0,0,0,0,0,0,0,0,0,0,0,0,0,0,28.11,0,1.562,17.64,0
CHD8,0,0,0,0,0,0,0,0,0,0,0,0,0,0,0,0,-6.17,0,2.176,-27.87,0
PHKA1,0,0,0,0,0,0,0,0,0,0,0,0,0,0,0,27.84,5.42,0,26.08,5.177,0
JUND,0,0,0,0,0,0,0,0,2.881,0,0,2.127,3.957,0,0,5.342,0,0,9.571,27.8,0
VPS18,0,0,0,0,0,2.072,1.32,0,0,0,0,0,0,0,0,0,27.8,0,0,4.144,0
GPR4,0,0,0,0,0,0,0,0,0,0,0,0,0,0,0,27.42,4.289,0,16.86,2.324,0
C4orf54,0,0,0,0,0,0,0,0,0,0,0,0,0,0,0,-4.897,0,0,27.19,8.416,0
TFEB,0,0,0,0,0,0,0,0,0,0,0,0,0,1.972,0,-18.01,0,-1.416,-27.19,-5.917,-4.786
ABHD2,0,0,0,0,0,0,0,0,0,2.71,0,0,3.017,4.884,0,0,1.587,0,0,27.07,3.148
LDLR,0,0,0,0,0,0,1.335,0,0,0,0,0,1.596,0,0,26.8,1.621,0,16.92,0,0
TTN,0,0,0,0,0,0,-1.561,0,0,0,0,0,0,0,0,8.692,0,0,26.79,13.81,2.95
PERM1,0,0,0,0,0,0,0,0,0,0,0,0,0,0,0,-1.883,9.153,2.212,26.79,4.7,0
RNF34,0,0,0,0,0,0,0,0,0,0,0,0,0,0,0,0,7.732,0,0,26.79,6.761
BACH1,0,0,0,0,0,-1.752,0,0,0,2.499,0,0,0,2.936,0,3.367,8.671,0,2.997,26.75,-1.43
MAFF,1.495,0,0,0,0,1.349,0,0,0,0,0,0,2.687,0,0,11.03,21.56,0,18.26,26.47,0
FOS,0,0,0,0,0,0,16.6,26.47,9.753,2.986,0,12.62,9.827,6.193,0,6.737,0,0,16.54,1.992,0
MIR23AHG,0,0,0,0,0,1.54,14.85,26.47,15.46,2.582,0,17.52,10.95,4.605,0,17.7,3.442,0,12.14,20.61,0
PRF1,0,0,0,0,0,20.45,26.44,5.899,0,0,0,10.05,0,0,0,-3.468,0,0,-3.392,0,0
CREB5,0,0,0,0,0,-1.851,0,0,0,3.037,0,0,2.103,4.839,0,0,0,0,2.833,26.33,5.416
SUFU,0,0,0,0,0,0,0,0,0,0,0,0,0,0,0,0,-3.376,0,0,-26.33,0
ENSEMBL:ENSG00000272316,0,0,0,0,0,0,0,0,0,0,0,0,0,0,0,0,-2.944,0,0,-26.32,0
HSPB8,0,0,0,0,0,0,0,0,0,0,0,0,0,0,0,-3.822,0,0,-7.907,26.2,1.406
VEGFA,0,0,0,0,0,0,0,0,1.639,1.994,0,0,0,0,0,0,26.18,0,10.1,22.77,0
ENSEMBL:ENSG00000264112,0,0,0,0,0,0,-1.435,0,0,0,0,0,0,1.985,0,-4.333,-1.751,0,-3.541,-26.12,0
HHATL,0,0,0,0,0,0,0,0,0,0,0,0,0,0,0,0,20.82,3.381,-1.831,26.02,0
KDM4A,0,0,0,0,0,0,1.764,0,0,0,0,0,0,0,0,0,-13.47,0,0,-26.02,-1.335
LATS2,0,0,0,0,0,0,0,0,0,2.165,0,0,2.47,3.256,0,2.442,17.19,0,3.146,26.01,0
NACA,0,0,0,0,0,0,0,0,0,0,0,0,0,0,0,-10.51,0,0,26,21.12,15.64
FLNC,0,-1.738,0,0,0,0,0,0,0,0,0,0,0,0,0,3.37,0,0,25.88,15.43,13.54
ALPK3,0,0,0,0,0,0,0,0,0,0,0,0,0,0,0,-8.947,7.29,0,-10.37,25.87,3.304
IFRD1,0,1.401,0,0,0,0,0,0,1.525,4.053,0,0,2.6,5.117,0,0,6.015,0,9.517,25.64,0
SLC15A4,0,-1.599,0,0,0,0,0,0,0,2.626,0,0,0,5.422,0,0,14.4,0,2.638,25.63,0
MYOZ1,0,0,0,0,0,0,0,0,0,0,0,0,0,0,0,7.151,1.494,0,25.59,7.062,0
SEC61A1,0,-1.6,0,0,0,1.693,0,0,0,-1.403,0,0,0,-1.312,0,0,4.936,0,0,25.59,0
PPP2CA,0,0,0,0,0,0,0,0,1.51,1.873,0,2.717,3.637,2.867,0,0,2.595,0,0,25.51,0
KLF2,0,0,0,0,0,0,0,0,4.863,0,0,7.421,15.33,3.418,0,25.49,0,0,20.12,0,0
BCL6B,0,0,0,0,0,0,0,0,0,0,0,0,0,0,0,25.49,0,0,15.49,0,0
TXLNA,0,0,0,0,0,0,0,0,0,0,0,0,0,0,0,0,25.33,0,0,6.718,0
SYNJ2,0,0,0,0,0,0,0,0,0,0,0,0,0,0,0,0,25.29,0,0,21.66,0
PPP1R15A,0,0,0,0,0,0,3.683,9.562,12.79,3.737,0,7.629,11.06,6.749,0,22.74,1.75,0,25.22,13.03,0
ATF3,0,0,0,0,0,0,0,0,0,0,0,0,0,0,0,6.172,0,0,16.72,25.06,1.488
PDE7A,0,0,0,0,0,-3.098,-1.306,0,0,0,0,0,0,0,0,0,17.9,0,1.525,24.99,0
DNAJB5,2.181,0,0,0,0,0,0,0,0,0,0,0,3.224,2.593,0,1.422,2.636,0,1.892,24.97,0
NUDT4,0,0,0,0,0,-4.36,-3.936,0,0,0,0,0,0,0,0,0,1.978,0,0,24.81,0
HES1,0,0,0,0,0,0,0,0,0,0,0,0,0,0,0,24.77,-1.919,0,16.41,0,0
STIM1,0,0,0,0,0,0,2.603,0,0,0,0,0,1.486,0,0,24.58,0,0,11.17,-1.524,0
CRYAB,0,0,0,0,0,0,0,0,0,0,0,0,0,0,0,5.558,0,0,24.56,10.05,13.44
HNRNPU,0,0,0,0,0,-1.405,0,0,0,0,0,0,0,2.12,0,1.655,4.411,0,7.437,24.47,-4.466
DIAPH1,0,0,0,0,0,0,2.612,0,0,2.43,0,1.342,5.441,4.745,0,0,1.618,0,0,24.46,2.331
MAFK,0,0,0,0,0,0,1.451,0,0,0,0,0,0,0,0,0,5.305,0,2.631,24.44,0
EHBP1L1,0,0,0,0,0,0,0,0,0,0,0,0,0,0,0,-11.76,0,0,-24.4,2.579,0
PRODH,0,0,0,0,0,0,0,0,0,0,0,0,0,0,0,0,24.2,1.897,0,6.426,0
SPON2,0,0,0,0,0,21.9,24.13,3.742,-2.216,0,0,6.116,-1.623,0,0,0,0,0,0,0,0
TRIM28,0,0,0,0,0,0,0,0,0,0,0,0,0,0,0,4.334,0,-3.649,24.12,2.862,-5.596
AMD1,0,0,0,0,0,0,0,0,2.492,2.287,0,0,3.79,1.619,0,0,1.565,0,1.341,24.12,0
C2CD4B,0,0,0,0,0,0,0,0,0,0,0,0,0,0,0,24.11,0,0,18.25,0,0
TNRC6C,0,0,0,0,0,0,0,0,0,-1.524,0,0,0,0,0,0,-1.688,0,-1.342,-24.07,0
USP2,0,0,0,0,0,0,0,0,0,0,0,0,0,0,0,0,7.889,0,1.569,24.03,1.865
OSBPL5,0,0,0,0,0,18.3,24,3.136,-1.506,0,0,3.63,0,0,0,0,0,0,0,0,0
USP28,0,0,0,0,0,6.725,11.79,0,0,0,0,3.63,0,0,0,0,0,0,-1.454,23.97,3.805
ID1,0,0,0,-3.846,0,0,0,0,0,0,0,0,0,0,0,23.96,1.697,0,18.89,0,0
SYNM,0,1.665,0,0,0,0,0,0,0,0,0,0,0,0,0,16.7,0,0,-13.24,23.92,4.616
NEDD4,0,0,0,0,0,0,0,0,0,0,0,0,0,0,0,0,4.427,0,0,23.91,-2.193
ZC3H12A,0,0,0,0,0,2.401,3.243,1.972,0,0,0,6.077,4.538,0,0,6.712,8.862,0,16.4,23.91,0
CMYA5,0,0,0,0,0,0,0,0,0,0,0,0,0,0,0,-11.05,0,0,23.88,18.42,3.728
PLIN3,0,0,0,0,0,0,0,0,0,1.98,0,0,2.386,5.589,0,23.86,0,0,6.644,0,0
FUT1,0,0,0,0,0,0,0,0,0,0,0,0,0,0,0,23.79,1.703,2.023,17.21,0,1.531
FGFBP2,0,0,0,0,0,20.17,23.78,3.96,-2.032,0,0,7.519,0,0,0,0,0,0,0,0,0
SEMA4C,0,0,0,0,0,6.572,6.76,0,0,0,0,1.48,0,0,0,23.77,0,0,15.49,-1.631,0
ACTG1,0,0,0,0,0,2.288,1.476,0,0,0,0,0,0,0,0,23.76,0,0,4.838,0,0
SLC2A3,0,0,0,0,0,0,0,1.396,3.793,5.47,0,4.233,9.31,9.85,0,23.72,0,0,14.26,0,0
ZFHX4,0,0,0,0,0,0,0,0,0,0,0,0,0,0,0,3.171,-2.433,0,0,-23.69,0
SDE2,1.569,0,0,0,0,-3.826,-1.343,0,0,0,0,0,0,0,0,23.61,0,0,6.14,2.048,0
GNLY,0,0,0,0,0,20.93,23.6,6.327,0,0,0,10.57,0,0,0,-2.128,0,0,-2.579,0,0
USP5,0,0,0,0,0,0,0,0,-1.384,0,0,0,-1.979,-2.92,0,0,0,0,23.55,10.42,3.434
ENSEMBL:ENSG00000288640,0,0,0,0,0,0,0,0,1.724,0,0,0,2.684,1.427,0,0,7.544,0,0,23.5,0
AKIRIN2,0,0,0,0,0,0,0,0,1.97,1.86,0,0,3.394,2.922,0,0,6.603,0,0,23.46,0
NDRG2,0,0,0,0,0,0,0,0,0,-1.415,0,0,0,-1.403,0,0,-2.704,0,23.42,6.953,-6.313
UBA2,0,1.315,0,0,0,0,0,0,0,0,0,0,0,0,0,0,5.553,0,0,23.27,2.16
TRIM63,0,0,0,0,0,0,0,0,0,0,0,0,0,0,0,1.915,23.24,0,4.609,15.98,-2.79
CTDSP2,0,0,0,0,0,0,0,0,3.327,3.136,0,0,7.11,4.877,0,0,-7.411,-5.315,0,-23.23,-13.41
CRY1,0,0,0,0,0,0,0,0,0,0,0,0,0,0,0,0,3.603,0,0,23.21,0
STOM,0,0,0,0,0,1.486,2.808,0,0,0,0,2.606,0,0,0,4.214,10.78,0,6.504,23.21,0
NPIPB4,0,0,0,0,0,0,0,0,0,0,0,0,0,0,0,0,10.51,0,0,22.98,0
EGR3,2.903,0,0,0,0,0,0,0,0,0,0,0,0,0,0,22.84,0,0,12.71,3.921,0
VPS13C,0,0,0,0,0,0,0,0,0,0,0,0,0,0,0,22.79,0,0,11.01,2.822,0
RSF1,0,0,0,0,0,-1.696,0,0,0,0,0,0,0,0,0,0,-3.365,0,0,-22.77,0
TRAPPC12,0,0,0,0,0,0,0,0,0,0,0,0,0,0,0,22.76,0,0,8.878,0,0
HBEGF,0,0,0,0,0,0,0,0,0,0,0,0,0,0,0,1.579,0,0,0,22.72,2.623
WDR81,0,0,0,0,0,0,0,0,-1.68,0,0,-2.232,-2.864,-2.061,0,0,22.71,0,0,0,0
CTR9,0,0,0,0,0,0,0,0,0,0,0,0,0,0,0,0,0,0,0,22.65,0
DUSP8,2.183,0,0,0,0,0,0,0,0,0,0,2.28,0,0,0,2.134,0,0,2.67,22.62,1.327
ARHGAP17,0,0,0,0,0,0,0,0,0,0,0,0,-1.378,0,0,0,0,0,0,22.52,0
IER5L,0,0,0,0,0,0,0,0,0,0,0,0,0,2.027,0,22.52,0,0,10.58,3.267,0
SNTA1,0,0,0,0,0,0,0,0,0,0,0,0,0,0,0,-2.283,0,0,-22.48,7.264,5.796
LINC00472,0,0,0,0,0,0,0,0,0,0,0,0,0,0,0,4.042,2.83,0,4.657,22.46,0
OTUD1,0,0,0,0,0,0,0,0,0,1.383,0,0,0,2.364,0,2.013,0,0,19.41,22.43,2.832
GPR157,0,0,0,0,0,0,0,0,0,0,0,0,0,0,0,0,22.35,0,0,4.738,0
SOX9,0,0,0,0,0,0,0,0,0,0,0,0,0,0,0,1.306,1.788,0,22.33,6.351,0
LRRC66,0,0,0,0,0,0,0,0,0,0,0,0,0,0,0,0,0,0,-1.428,-22.29,0
MAPRE2,0,0,0,0,0,0,2.396,0,0,0,0,1.92,0,0,0,-3.462,0,-2.13,-5.165,22.25,0
TNFRSF12A,0,0,0,0,0,0,0,0,0,0,0,0,1.483,0,0,0,0,0,0,22.24,10.65
DOT1L,0,0,0,0,0,0,1.64,0,0,0,0,0,0,0,0,0,0,0,0,22.16,0
CAPZB,0,0,0,0,0,0,0,0,0,0,0,1.437,2.397,3.071,0,2.154,0,0,22.15,1.471,0
MYOM2,0,0,0,0,0,22.14,21.96,4.371,0,0,0,3.179,0,0,0,2.453,0,0,-4.322,5.501,0
KLRF1,0,0,0,0,0,16.52,22.03,5.458,0,0,0,6.902,0,0,0,0,0,0,0,0,0
BCAR3,0,0,0,0,-1.437,0,0,0,0,0,0,0,0,0,0,0,21.98,0,-2.256,17.62,3.497
MIDN,0,0,0,0,0,0,0,0,1.42,3.823,0,3.6,7.829,8.357,0,1.797,0,0,0,21.95,0
SYNPO,0,1.72,0,0,-1.373,0,0,0,0,0,0,0,0,0,0,-7.331,0,0,21.93,-6.641,0
SRSF10,0,0,0,0,0,-1.747,0,0,0,0,0,0,0,0,0,-1.398,0,0,4.41,21.88,0
ADGRG1,0,0,0,0,0,18.76,21.82,2.825,-2.242,0,0,5.161,0,0,0,0,0,0,1.611,0,0
PDLIM5,0,0,0,0,0,0,0,0,0,0,0,0,0,0,0,0,0,0,-21.8,-4.685,7.549
RCSD1,0,0,0,0,0,0,0,0,0,0,0,0,1.385,1.802,0,1.457,0,0,20.89,21.77,6.461
NEXN,0,0,0,0,0,0,0,0,0,0,0,0,1.582,0,0,8.332,2.077,0,14.11,21.73,2.892
XPO1,0,0,0,0,0,0,0,0,0,0,0,0,0,0,0,0,21.71,-1.654,0,8.472,-3.475
ANKRD1,0,0,0,0,0,0,0,0,0,0,0,0,0,0,0,0,0,0,0,21.7,6.578
PNRC2,0,0,0,0,0,0,0,0,0,1.51,0,0,0,1.36,0,6.812,0,0,21.69,5.202,0
NKG7,0,0,0,0,0,20.45,21.55,4.399,0,0,0,7.396,0,0,0,-1.441,0,0,-1.594,0,0
SAMD4A,0,0,0,0,0,-1.381,0,-1.408,0,0,0,0,0,0,0,1.339,2.697,0,1.625,21.48,0
SERPINH1,0,0,0,0,0,0,0,0,0,0,0,0,0,0,0,21.46,0,0,7.95,0,0
IRS2,0,0,0,0,0,0,0,0,0,1.609,0,0,0,1.456,0,1.881,11.79,0,2.984,21.45,-1.781
SZRD1,0,0,0,0,0,0,0,0,0,0,0,0,0,0,0,0,0,-1.39,21.44,17.87,0
PPRC1,0,0,0,0,0,0,0,0,0,0,0,0,0,0,0,0,2.578,0,0,21.42,0
ARPP19,0,0,0,0,0,0,0,0,0,0,0,0,0,1.967,0,0,0,0,-3.382,21.37,0
ENSEMBL:ENSG00000287315,0,0,0,0,0,0,0,0,0,0,0,0,0,0,0,0,0,0,4.143,21.36,4.705
AGO2,0,0,0,0,0,-4.282,-1.93,0,0,0,0,0,0,1.324,0,0,14.7,0,0,21.27,0
PHC2,0,0,0,0,0,0,0,0,0,2.145,0,0,2.103,4.486,0,0,21.24,0,0,18.22,-2.389
RELL1,0,0,0,0,0,0,0,0,0,4.486,0,0,1.604,6.67,0,0,4.297,0,0,21.09,0
EIF4G2,0,0,0,0,0,0,0,0,0,1.594,0,0,3.111,2.442,0,-5.349,1.955,0,-14.24,21.04,0
CBX5,0,1.399,0,0,0,0,0,0,0,0,0,0,0,0,0,0,-8.35,0,0,-21.01,0
MTFR1L,0,0,0,0,0,0,0,0,0,0,0,0,0,0,0,21,0,4.548,11.66,-1.339,2.434
TRIM54,0,0,0,0,0,0,0,0,0,0,0,0,0,0,0,5.363,0,0,11.83,20.97,0
GPHN,0,0,0,0,0,0,0,0,0,0,0,0,0,0,0,20.97,0,0,4.133,1.393,0
STK38L,0,1.475,0,0,0,0,0,0,0,2.255,0,0,2.309,2.834,0,20.94,0,0,9.678,3.313,0
FLNA,0,-1.533,0,0,0,3.102,5.91,0,0,0,0,0,0,0,0,0,0,0,20.86,10.2,0
MCF2L2,0,0,0,0,0,0,0,0,0,0,0,0,0,0,0,0,0,0,0,20.8,0
LZTS2,0,0,0,0,0,0,0,0,0,0,0,0,0,0,0,1.336,-1.453,0,0,-20.77,0
RHEB,0,0,0,0,0,0,0,0,0,0,0,0,0,1.323,0,0,11.56,3.231,0,20.74,1.941
MATR3|ENSG00000015479,0,0,0,0,0,0,0,0,0,0,0,0,0,0,0,3.819,0,0,20.68,0,-2.624
CDC37L1,0,0,0,0,0,0,0,0,0,0,0,0,0,0,0,0,0,0,0,20.67,7.621
NR3C1,0,0,0,0,0,0,0,0,0,2.288,0,0,2.55,2.921,0,0,20.66,0,2.121,8.107,-3.462
LMOD2,0,0,0,0,0,0,0,0,0,0,0,0,0,0,0,-4.807,0,0,20.59,17.64,0
ADAMTS4,0,0,0,0,0,0,0,0,0,0,0,0,0,0,0,20.55,0,0,12.7,1.717,0
CNOT9,0,0,0,0,0,0,0,0,0,0,0,0,0,-1.778,0,0,0,0,0,20.55,0
RND3,0,0,0,0,0,0,0,0,0,0,0,0,0,0,0,0,0,0,0,20.41,1.616
SLMAP,0,0,0,0,0,0,0,0,0,2.24,0,0,1.429,2.774,0,0,0,0,0,20.41,2.197
PTGDS,0,0,0,0,0,20.36,18.87,3.636,0,0,0,5.708,0,0,0,0,0,0,0,0,0
PALLD,0,1.315,0,0,0,1.415,0,0,0,0,0,0,0,0,0,-6.476,0,0,20.27,10.22,15.64
MAVS,0,0,0,0,0,0,0,0,0,0,0,0,0,0,0,0,0,1.419,20.27,2.912,0
ARAF,0,0,0,0,0,0,0,0,0,0,0,0,0,0,0,-8.218,0,0,-20.27,0,0
ANK2,0,0,0,0,0,0,0,0,0,0,0,0,0,0,0,-3.147,0,0,20.27,13.33,0
ARID5A,0,0,0,0,0,1.751,0,0,0,3.033,0,2.309,4.76,6.516,0,1.548,0,0,1.899,20.12,0
ETS2,0,0,0,0,0,0,0,0,2.453,1.835,0,0,4.782,4.705,0,0,6.343,0,3.717,20.07,0
PHF21A,0,0,0,0,0,-1.308,0,0,0,2.977,0,0,2.559,6.862,0,0,-3.443,0,0,-20.04,0
S1PR5,0,0,0,0,0,18.3,19.99,5.049,0,0,0,9.52,0,0,0,0,0,0,0,0,0
NDRG3,0,0,0,0,0,0,2.214,0,0,2.719,0,0,1.579,2.854,0,2.392,-2.663,0,1.422,-19.97,1.331
ENSEMBL:ENSG00000261799,0,0,0,0,0,0,0,0,0,0,0,0,0,0,0,0,-7.276,-1.617,0,-19.97,0
PIM3,0,0,0,0,0,0,0,0,0,1.686,0,0,2.781,4.026,0,0,19.96,0,0,9.781,0
PLK3,0,0,0,0,0,0,0,0,7.231,0,0,1.497,7.241,1.54,0,19.92,1.889,0,15.9,5.683,0
LRATD2,0,0,0,0,0,0,0,0,0,0,0,0,0,0,0,-19.89,0,0,-5.622,0,0
SON,0,-1.36,0,0,0,-2.619,0,0,0,0,0,0,0,0,0,5.532,0,0,19.83,4.466,-1.565
BAG3,0,0,0,0,0,0,0,0,0,-1.306,0,0,0,-2.937,0,-7.271,0,0,-19.83,8.949,-1.76
CXXC5,0,0,0,0,0,3.588,2.133,0,0,0,0,0,0,0,0,0,0,0,0,-19.79,-1.788
SVIL,0,0,0,0,0,0,0,0,0,2.459,0,0,1.927,3.682,0,-8.747,0,0,-19.79,13.94,1.748
NEDD1,0,-2.394,0,0,0,0,0,0,0,0,0,0,0,0,0,0,0,0,19.77,2.689,0
ARHGEF18,0,0,0,0,0,0,0,0,0,0,0,-2.082,0,0,0,0,-4.154,0,0,-19.75,0
RBM20,0,0,0,0,0,0,0,0,0,0,0,0,0,0,0,0,8.993,0,4.624,19.7,2.107
SH2D1B,0,0,0,0,0,15.86,19.67,3.827,0,0,0,7.525,0,0,0,0,0,0,0,0,-1.363
TACC2,0,0,0,0,0,0,0,0,0,0,0,0,0,0,0,-8.788,0,0,19.66,8.149,6.043
DLGAP4,0,-1.738,0,0,0,0,0,0,0,0,0,0,0,3.184,0,0,5.99,0,0,19.63,0
RHOBTB2,0,0,0,0,0,0,0,0,0,0,0,0,-3.752,0,0,0,19.59,0,0,5.851,0
TPM4,0,0,0,0,0,0,0,0,2.227,0,0,2.329,6.503,0,0,19.55,16.6,0,10.94,12.12,0
OBSCN,0,0,0,0,0,-1.598,-2.599,0,0,-1.599,0,-2.739,-3.172,-4.689,0,-9.654,0,1.517,-19.53,15.13,11.55
DGKD,0,0,0,0,0,0,1.364,0,0,1.619,0,0,0,2.81,0,0,0,0,0,19.52,0
TGFB2,0,0,0,0,0,0,0,0,0,0,0,0,0,0,0,0,0,0,0,19.52,1.513
PRKRA,0,0,0,0,0,0,0,0,0,0,0,0,0,0,0,3.26,0,0,19.51,1.436,0
PSMD1,0,0,0,0,0,0,0,0,0,0,0,0,0,0,0,0,0,0,13.92,19.49,3.82
DUSP16,0,0,0,0,0,-2.842,-3.404,0,0,0,0,0,0,0,0,0,0,0,2.05,19.45,0
AVIL,0,0,0,0,0,0,0,0,0,0,0,0,0,1.373,0,0,-2.783,-1.552,-1.348,-19.44,-2.413
ENSEMBL:ENSG00000289009,0,0,0,0,0,0,0,0,0,0,0,0,0,0,0,2.358,19.43,0,0,0,0
KSR1,0,0,0,0,0,0,0,0,0,0,0,0,0,1.38,0,0,19.43,0,-4.391,1.979,0
SNN,0,0,0,0,0,0,0,0,4.255,2.358,0,1.914,8.107,4.677,0,0,6.975,0,0,19.42,2.446
MLC1,0,0,0,0,0,17.59,19.36,4.539,-1.415,0,0,6.589,0,0,0,0,0,0,0,0,0
EIF4E,0,0,0,0,0,0,0,0,0,0,0,0,0,0,0,0,0,0,0,19.35,0
SLC25A5,0,0,0,0,0,0,0,0,0,0,0,0,0,0,0,0,5.166,0,0,19.35,0
PDGFB,0,0,0,0,0,0,0,0,0,0,0,0,0,0,0,14.99,0,0,19.32,0,0
UBE2O,0,0,0,0,0,0,0,0,0,0,0,0,0,-1.668,0,0,19.31,0,6.135,5.438,1.75
CLDN12,0,0,0,0,0,0,0,0,0,0,0,0,0,0,0,0,4.47,0,0,19.23,0
SNAI1,0,0,0,0,0,0,0,0,0,0,0,0,0,0,0,19.2,0,0,7.206,2.037,0
TBX21,0,0,0,0,0,19.2,18.27,1.682,-2.145,0,0,4.377,0,0,0,0,0,0,0,0,0
LONRF3,0,0,0,0,0,0,0,0,0,0,0,0,0,0,0,0,6.78,0,0,19.19,-2.937
DNAJB1,0,0,0,0,0,0,12.79,19.17,14.71,0,0,7.421,9.183,0,0,10.22,0,0,0,-2.314,0
DDX5,0,0,0,0,0,0,0,0,0,0,0,0,2.852,3.466,0,0,0,0,1.341,19.17,1.616
RNF115,0,0,0,0,0,1.383,0,0,0,0,0,0,0,0,0,0,0,0,0,19.15,6.633
IDI2-AS1,0,0,0,0,0,0,0,0,0,0,0,0,0,0,0,11.21,0,0,19.14,0,0
ENSEMBL:ENSG00000259820,0,0,0,0,0,0,0,0,0,0,0,0,0,0,0,3.427,0,0,19.14,8.47,0
GBP1,0,0,0,0,0,0,0,0,0,0,0,0,0,0,0,19.12,0,0,7.158,0,0
GZMH,0,0,0,0,0,17.19,19.1,3.931,-1.317,0,0,7.954,0,0,0,0,0,0,0,0,0
ERBB2,0,0,0,0,0,16.22,19.1,3.07,-1.31,0,0,3.043,0,0,0,0,-1.874,-1.625,0,-6.48,0
KIR2DS4,0,0,0,0,0,14.84,19.09,4.626,0,0,0,6.23,0,0,0,0,0,0,0,0,0
RETREG3,0,0,0,0,0,3.27,2.114,0,0,0,0,1.944,0,0,0,0,0,-1.646,19.02,-8.472,0
PI4KB,0,0,0,0,0,0,1.364,0,0,0,0,0,0,0,0,0,0,0,-1.447,18.97,0
C1orf21,0,0,0,0,0,15.94,18.92,3.931,0,0,0,6.647,0,0,0,3.936,0,0,1.796,0,0
RUBCN,0,0,0,0,0,0,0,0,0,0,0,0,0,0,0,0,0,0,0,18.88,4.891
LBX1-AS1,0,0,0,0,0,0,0,0,0,0,0,0,0,0,0,0,0,0,0,-18.88,-1.677
SLC20A1,0,0,0,0,0,2.065,10.01,0,0,0,0,1.843,0,0,0,5.315,18.82,0,4.403,12,0
NRARP,0,0,0,0,0,0,0,0,0,0,0,0,0,0,0,18.78,0,0,17.39,0,0
TMEM251,0,0,0,0,0,0,0,0,0,0,0,0,0,0,0,0,11.44,0,0,18.76,1.94
HOXA3,0,0,0,0,0,0,0,0,0,0,0,0,0,0,0,-3.377,-3.98,0,0,-18.71,0
ADSS1,0,0,0,0,0,0,0,0,0,0,0,0,0,0,0,5.152,0,0,18.71,0,0
TBC1D8,0,0,0,0,0,0,0,0,0,0,0,0,0,0,0,0,15.96,0,0,18.66,0
CDR2,0,0,0,0,0,0,0,0,0,0,0,0,0,-1.66,0,18.64,1.319,0,4.942,1.615,0
RASSF1,0,0,0,0,0,8.073,9.246,0,0,0,0,1.919,0,0,0,18.63,0,0,10.31,0,0
ZNF519,0,0,0,0,0,0,0,0,0,0,0,0,0,0,0,0,-4.731,0,0,-18.55,0
SIK1B,2.181,0,0,0,0,0,0,0,0,0,0,0,0,0,0,18.5,3.263,0,13.59,18.52,0
DNAJA4,0,0,0,0,0,0,0,0,2.044,-1.44,0,0,0,-2.16,0,0,1.318,0,-1.482,18.52,10.07
RASSF10,0,0,0,0,0,0,0,0,0,0,0,0,0,0,0,-18.45,-1.338,0,-15.52,0,0
ZBED5,0,0,0,0,0,0,-1.545,0,0,0,0,0,0,0,0,0,0,0,0,18.43,3.603
NPIPB3,0,0,0,0,0,0,0,0,0,0,0,0,0,0,0,0,9.117,-1.523,0,18.43,0
ABCA5,0,0,0,0,0,0,0,0,0,0,0,0,0,0,0,0,2.847,0,1.502,18.39,-1.386
SRPK2,0,0,0,0,0,0,0,0,1.673,3.823,0,0,2.666,4.061,0,0,1.313,0,0,18.35,0
NEXN-AS1,0,0,0,0,0,0,0,0,0,0,0,0,0,0,0,0,0,0,0,18.35,1.756
GHR,0,-3.696,0,0,0,0,0,0,0,0,0,0,0,0,0,0,0,-2.124,0,0,-18.35
PRKAB2,0,0,0,0,0,0,0,0,0,0,0,0,0,0,0,18.32,0,0,-2.317,0,0
GOLPH3L,0,0,0,0,0,0,0,0,0,0,0,0,0,0,0,0,-1.967,0,0,-18.32,-4.392
KMT2A,0,-1.802,0,0,0,0,0,0,0,-1.662,0,0,0,-3.46,0,0,-2.343,-4.523,2.147,-18.31,-7.089
CTSW,0,0,0,0,0,16.27,18.28,3.32,0,0,0,5.687,0,0,0,0,0,0,0,0,0
CLIC3,0,0,0,0,0,18.14,18.28,3.492,0,0,0,6.652,0,0,0,0,0,0,0,0,0
LRRC8B,0,0,0,0,0,0,0,0,0,0,0,0,0,0,0,0,0,0,0,18.27,3.607
TTC38,0,0,0,0,0,17.01,18.26,2.918,0,0,0,5.272,0,0,0,0,0,2.18,0,0,0
IRF2BP2,0,0,0,0,-1.484,0,0,0,0,0,0,0,1.578,0,0,6.349,5.606,0,18.24,4.124,-1.676
GYS1,0,0,0,0,0,0,0,0,0,0,0,0,0,0,0,14.48,5.42,6.292,18.22,7.974,12.08
EHMT2,0,0,0,0,0,1.888,0,0,0,0,0,0,-1.321,-2.414,0,0,-2.396,0,-1.543,-18.21,0
MUSTN1,0,0,0,0,0,0,0,0,0,0,0,0,0,0,0,0,0,0,0,4.094,18.21
PPARD,0,0,0,0,0,0,0,0,0,0,0,0,0,0,0,0,2.608,0,0,18.17,-1.942
MAP2K6,0,0,0,0,0,0,0,0,0,0,0,0,0,0,0,-7.271,1.598,0,18.07,0,-1.449
OSBPL9,0,0,0,0,0,0,0,0,0,0,0,0,0,3.931,0,0,0,0,0,18.05,0
EGLN1,0,0,0,0,0,1.945,2.963,0,1.593,4.698,0,1.802,4.001,4.972,0,-2.058,0,0,-2.583,18.04,0
DNAAF9,0,0,0,0,0,0,0,0,0,0,0,0,0,0,0,0,18.03,0,0,13.04,0
HUWE1,0,1.947,0,0,0,0,0,0,0,0,0,0,0,0,0,2.692,0,0,18.02,1.863,0
NUDT4B,0,0,0,0,0,0,0,0,0,0,0,0,0,0,0,0,1.73,0,0,17.92,0
TRIM55,0,0,0,0,0,0,0,0,0,0,0,0,0,0,0,4.198,0,0,17.89,5.294,0
JOSD1,0,0,0,0,0,0,1.676,0,1.524,0,0,3.514,4.486,0,0,6.04,17.87,0,7.434,17.58,0
DUSP5,0,0,0,0,0,1.856,2.798,0,0,-1.39,0,0,0,0,0,17.85,0,0,9.719,0,0
CD247,0,0,0,0,0,15.12,17.85,2.035,0,0,0,5.161,0,0,0,0,0,0,0,0,0
B3GAT1,0,0,0,0,0,11.74,17.79,4.369,0,0,0,5.668,0,0,0,0,0,0,0,0,0
CAP2,0,-2.308,0,0,-1.373,0,0,0,0,0,0,0,0,0,0,0,0,0,8.567,11.13,17.78
PDLIM3,0,0,0,0,0,0,0,0,0,0,0,0,0,0,0,-8.344,0,0,17.76,5.917,9.397
USP10,0,0,0,0,0,0,0,0,0,2.734,0,0,3.302,4.524,0,17.74,0,0,7.122,2.473,0
UAP1L1,0,0,0,0,0,0,0,0,0,0,0,0,0,0,0,0,17.59,0,0,2.291,0
MFGE8,0,0,0,0,0,0,0,0,0,0,0,0,-1.819,-2.798,0,0,0,0,0,17.5,1.661
TOP2B,0,0,0,0,0,0,0,0,0,0,0,0,0,0,0,3.197,0,0,-17.49,-4.942,-4.907
KLRD1,0,0,0,0,0,13.38,17.46,3.636,0,0,0,6.461,0,0,0,0,0,0,0,0,0
ACVR2A,0,0,0,0,0,0,0,0,0,0,0,0,0,0,0,0,-8.862,0,0,-17.44,-2.718
SIPA1L3,0,-1.384,0,0,-2.902,-2.654,0,-2.695,0,0,0,-3.388,-3.612,-2.549,0,0,17.32,0,0,6.865,2.937
PPP2R5A,0,0,0,0,0,0,0,0,1.78,3.823,0,0,3.02,5.237,0,-3.062,0,0,-3.32,17.31,0
HCFC1,0,0,0,0,0,0,0,0,0,0,0,0,0,-1.823,0,0,0,0,17.3,3.659,-4.472
SYNPO2,0,2.108,0,0,0,0,0,0,0,0,0,0,0,0,0,-5.117,0,0,16.75,17.28,0
CBFA2T3,0,0,0,0,0,0,0,0,0,0,0,0,0,0,0,0,17.27,0,2.731,-2.049,0
EN1,0,0,0,0,0,0,0,0,0,0,0,0,0,0,0,0,-3.177,0,0,-17.24,0
RNF31,0,0,0,0,0,0,0,0,0,0,0,0,0,1.353,0,-7.063,0,2.547,-17.22,-4.114,0
MIB2,0,0,0,0,0,16.49,17.2,2.514,0,0,0,3.957,0,0,0,0,0,0,0,0,0
MYO18B,0,0,0,0,0,0,0,0,0,0,0,0,0,0,0,-17.19,0,0,-12.44,8.687,10.05
RAD23B,0,0,0,0,0,0,0,0,0,2.512,0,0,2.508,5.695,0,3.283,0,0,17.19,5.557,0
ATP1B1,0,0,0,0,0,0,0,0,0,0,0,0,0,0,0,0,1.532,0,1.502,17.19,3.549
AZIN1,0,0,0,0,0,0,0,0,0,3.127,0,0,1.585,4.07,0,0,0,0,0,17.19,1.753
WWP2,0,0,0,0,0,0,0,0,0,2.829,0,0,2.094,4.616,0,-9.114,0,0,-17.11,0,2.63
ACOT9,0,0,0,0,0,0,0,0,0,0,0,0,0,1.572,0,0,0,0,0,7.943,17.06
AFF4,0,0,0,0,0,-1.69,0,0,0,0,0,0,0,0,0,0,4.429,0,0,17.04,0
PICALM,0,0,0,0,0,0,0,0,0,2.981,0,0,2.9,4.926,0,1.488,6.151,0,2.099,17.04,0
CCDC9,0,0,0,0,0,0,0,0,0,0,0,0,0,1.466,0,1.417,0,0,17,9.426,0
ROCK2,0,0,0,0,0,0,0,0,0,0,0,0,0,0,0,0,0,0,16.99,0,0
PROB1,0,0,0,0,0,0,0,0,0,0,0,0,0,0,0,0,0,0,-16.9,-5.229,0
TSPOAP1,0,0,0,0,0,12.45,16.89,0,0,0,0,2.348,0,0,0,0,0,0,0,-3.377,-2.569
PLEKHM3,0,0,0,0,0,-1.349,0,0,0,0,0,0,0,0,0,0,-2.406,0,0,-16.88,-1.314
FUT11,0,0,0,0,0,10.83,16.87,2.938,0,0,0,3.096,0,0,0,3.086,0,0,1.651,0,0
CCL4,0,0,0,0,0,9.863,16.83,4.688,0,0,0,7.205,0,0,0,0,0,0,0,0,0
DNAJC3,0,0,0,0,0,0,0,0,1.771,6.759,0,0,3.841,8.752,0,0,16.83,0,0,5.731,0
NT5DC3,0,0,0,0,0,0,0,0,0,0,0,0,0,0,0,0,1.59,0,0,16.81,3.901
ZNF207,0,0,0,0,0,0,0,0,0,0,0,0,0,0,0,0,0,0,3.416,16.8,-1.384
BCL2L1,0,0,0,0,0,-4.244,-4.846,0,0,0,0,0,0,-1.948,0,3.209,16.77,0,6.519,4.677,0
TRIM32,0,0,0,0,0,0,0,0,0,0,0,0,0,0,0,0,0,0,0,-16.75,-2.585
DMD,0,0,0,0,0,0,0,0,0,0,0,0,0,0,0,7.063,1.503,0,11.81,16.74,-1.751
MLIP,0,0,0,0,0,0,0,0,0,0,0,0,0,0,0,-6.768,0,0,16.49,16.74,8.006
DNMT3A,0,0,0,0,0,0,-1.304,0,0,0,0,0,0,0,0,0,-3.218,0,0,-16.68,2.147
STX3,0,0,0,0,0,0,0,0,2.05,2.916,0,0,3.839,5.407,0,0,1.775,0,0,16.64,0
SPRY4,0,0,0,0,0,0,0,0,0,0,0,0,0,0,0,16.64,2.715,0,10.68,3.575,0
PPP2CB,0,0,0,0,0,0,0,0,0,0,0,0,0,0,0,0,0,0,0,16.62,3.915
RBM12,0,0,0,0,0,0,0,0,0,0,0,0,0,0,0,0,2.866,0,2.619,16.59,-2.017
ENSEMBL:ENSG00000279811,0,0,0,0,0,0,0,0,0,0,0,0,0,0,0,0,16.59,0,0,11.53,0
PKD2L2-DT,0,0,0,0,0,0,0,0,0,0,0,0,0,0,0,2.304,0,1.446,16.58,0,0
RRAS2,0,0,0,0,0,0,0,0,0,0,0,0,0,0,0,0,0,0,0,16.57,5.317
NSD1,0,0,0,0,0,-1.43,0,0,0,0,0,0,0,0,0,0,-2.492,0,0,-16.57,0
RUNX3,0,0,0,0,0,11.42,16.55,2.507,0,-1.445,0,6.792,0,-1.565,0,0,0,0,0,0,0
IL2RB,0,0,0,0,0,12.62,16.48,1.326,-1.702,0,0,3.334,0,0,0,-3.005,0,0,-2.221,0,0
GIMAP8,0,0,0,0,0,0,0,0,0,-2.109,0,-1.548,0,-2.579,0,-16.46,0,0,-9.208,0,0
DUSP28,0,0,0,0,0,0,0,0,0,0,0,0,0,0,0,-8.155,0,0,-16.42,0,-2.078
IGFBP5,0,0,0,0,0,0,0,0,0,0,0,0,0,0,0,0,0,-1.503,-2.79,-1.987,-16.41
NEAT1,0,0,0,0,0,0,0,0,0,0,0,0,0,0,0,0,5.113,0,8.316,16.41,-5.171
NCAM1,0,0,0,0,0,12.38,16.32,2.767,0,0,0,4.38,0,0,0,0,0,0,0,0,0
SLC11A2,0,0,0,0,0,0,0,0,-1.769,0,0,0,-1.87,0,0,0,16.32,0,0,10.23,0
PXDC1,0,0,0,0,0,0,0,0,0,0,0,0,0,0,0,1.699,9.748,0,1.585,16.29,0
RIMKLB,0,0,0,0,0,0,0,0,0,0,0,0,0,0,0,0,1.794,0,0,16.29,6.154
SMG1P3,0,0,0,0,0,0,0,0,0,0,0,0,0,0,0,0,3.324,-1.488,0,16.27,0
LINC02693,0,0,0,0,0,0,0,0,0,0,0,0,0,0,0,0,4.802,0,4.474,16.27,0
YPEL2,0,0,0,0,0,-1.927,0,0,0,0,0,0,0,0,0,0,-5.748,0,0,-16.26,0
MYLK2,0,0,0,0,0,0,0,0,0,0,0,0,0,0,0,-9.952,0,-2.431,-16.23,10.33,-10.55
CHST3,0,0,0,0,0,0,0,0,0,0,0,0,0,0,0,0,0,0,0,16.21,2.046
PNPLA8,0,0,0,0,0,0,0,0,0,1.826,0,0,0,1.589,0,0,0,0,0,16.21,0
ZNF292,0,0,0,0,0,-2.136,0,0,0,0,0,0,0,0,0,0,0,0,0,-16.2,-1.336
NOP58,0,0,0,0,0,0,-1.439,0,0,-1.317,0,-1.47,-3.216,0,0,0,0,0,-1.549,16.19,0
ZNF148,0,0,0,0,0,-1.912,0,0,0,1.605,0,0,0,1.616,0,0,0,0,2.142,-16.16,-1.334
TP53INP2,0,0,0,0,0,0,0,0,2.041,3.393,0,0,3.969,4.96,0,0,4.3,2.302,0,16.16,0
ATF7IP,0,0,0,0,0,0,0,0,0,0,0,0,0,0,0,0,-2.481,0,0,-16.15,-4.13
SPEN,0,0,0,0,0,0,0,0,0,0,0,0,0,2.233,0,0,0,0,4.74,16.13,0
PHIP,0,0,0,0,0,-1.451,0,0,0,0,0,0,0,0,0,12.17,0,0,16.09,1.321,0
NFYA,0,0,0,0,0,-1.571,0,0,0,0,0,0,1.657,0,0,0,4.372,0,0,16.08,0
GZMA,0,0,0,0,0,15.08,16.07,3.096,0,0,0,5.838,0,0,0,0,0,0,0,0,0
JPH2,0,0,0,0,0,0,0,0,0,0,0,0,0,0,0,3.736,0,0,16.07,5.908,-6.023
CASKIN2,0,0,0,0,0,0,0,0,0,0,0,0,0,0,0,16.06,0,0,12.01,0,0
RNF146,0,0,0,0,0,0,0,0,0,3.103,0,0,0,5.298,0,0,0,0,0,16.06,0
FAM13A-AS1,0,0,0,0,0,0,0,0,0,0,0,0,1.88,2.309,0,-4.633,-2.241,0,0,-16.05,0
MYOT,0,0,0,0,0,0,0,0,0,0,0,0,0,0,0,-16.03,0,1.336,-15.62,6.704,5.009
NUFIP2,0,0,0,0,0,-2.198,0,0,2.878,2.157,0,0,3.081,1.819,0,11.5,14.51,0,-12.75,16.02,0
ITIH4,0,0,0,0,0,0,0,0,0,0,0,0,0,0,0,0,0,0,0,1.693,16.01
ZNF827,0,0,0,0,0,0,0,0,0,0,0,0,-1.841,-3.153,0,0,-3.997,0,0,-15.97,0
SMG1,0,0,0,0,0,-3.038,0,0,0,0,0,0,0,0,0,0,3.306,-1.452,1.582,15.96,0
SMPX,0,0,0,0,0,0,0,0,0,0,0,0,0,0,0,-1.871,0,0,-5.87,2.808,15.93
RHOB,0,0,0,0,0,0,0,0,5.797,3.632,0,4.55,15.92,3.86,0,2.909,0,0,3.847,0,-1.355
TXNIP,0,0,0,0,0,0,0,0,5.395,0,0,6.662,15.92,0,0,0,-5,-1.601,0,-3.657,0
CDC42EP2,0,0,0,0,0,0,0,5.7,14.86,0,0,6.792,15.92,1.341,0,5.333,0,0,2.686,1.413,0
TM4SF19,0,0,0,0,0,0,0,0,0,0,0,0,0,0,0,0,4.552,0,0,15.88,1.541
HOPX,0,0,0,0,0,14.06,15.87,2.825,0,0,0,5.41,0,0,0,0,0,0,0,0,0
ANKS1A,0,1.331,0,0,0,0,0,0,0,2.804,0,0,1.748,4.423,0,-1.984,0,0,-15.86,-1.472,0
MCL1,0,0,0,0,0,0,0,1.775,7.532,4.368,0,2.669,9.489,7.286,0,15.85,0,0,3.916,0,-1.681
TRA2B,0,0,0,0,0,0,0,0,0,0,0,0,0,0,0,15.84,0,0,4.178,13.11,1.422
SOCS6,0,0,0,0,0,0,0,0,0,0,0,0,0,0,0,0,0,0,-1.372,15.83,0
DCAF6,0,0,0,0,0,-5.047,-5.238,0,0,0,0,0,0,0,0,0,0,0,15.82,0,0
SMG8,0,0,0,0,0,0,0,0,0,0,0,0,0,0,0,-3.52,2.095,0,15.82,1.696,0
LGALSL,0,0,0,0,0,0,0,0,0,0,0,0,0,1.919,0,0,0,0,15.77,2.023,0
ETF1,0,0,0,0,0,0,0,0,0,2.306,0,0,0,2.601,0,0,1.447,0,0,15.74,2.193
CDK4,0,0,0,0,0,1.838,0,0,0,0,0,0,0,0,0,0,7.254,0,0,15.74,1.928
ZNF133,0,0,0,0,0,0,0,0,0,0,0,0,0,0,0,0,0,0,0,-15.74,-4.203
GORASP2,0,0,0,0,0,0,0,0,0,0,0,0,0,0,0,0,0,0,15.7,9.133,0
ANKRD37,0,0,0,0,0,0,0,0,0,0,0,0,0,0,0,0,1.534,0,2.197,15.68,0
TRDC,0,0,0,0,0,14.22,15.66,4.034,0,0,0,5.465,0,0,0,0,0,0,0,0,0
LBX1,0,0,0,0,0,0,0,0,0,0,0,0,0,0,0,0,0,0,0,-15.65,-3.073
TOM1,0,0,0,0,0,0,0,0,0,0,0,0,0,1.409,0,1.573,1.853,-2.684,15.65,0,-9.145
RNF114,0,0,0,0,0,0,0,0,3.393,0,0,1.983,5.458,1.372,0,0,15.63,0,2.709,10.23,0
ARMC10,0,0,0,0,0,0,0,0,0,0,0,0,0,0,0,15.63,0,0,13.93,0,0
RANBP2,0,0,0,0,0,-1.401,0,0,0,0,0,0,0,0,0,15.63,0,0,9.831,8.823,4.091
EXD2,0,0,0,0,0,0,0,0,0,0,0,0,0,0,0,0,0,0,0,-15.62,-3.973
UBQLN1,0,0,0,0,0,0,0,0,0,0,0,0,1.335,0,0,0,0,0,0,15.62,0
TAL1,0,0,0,0,0,0,-1.458,0,1.581,0,0,0,2.203,-1.757,0,15.6,0,0,5.419,0,0
JUP,0,-1.533,0,0,0,0,0,0,0,0,0,0,0,-3.315,0,0,0,-1.597,0,-2.582,-15.6
ZNF510,0,0,0,0,0,0,0,0,0,0,0,-1.555,-1.494,0,0,0,0,0,-2.201,-15.6,0
SMC5,0,0,0,0,0,0,0,0,0,0,0,0,0,0,0,0,0,0,0,15.59,3.994
NEB,0,0,0,0,0,0,0,0,0,0,0,0,0,0,0,-4.501,0,0,15.58,7.098,2.933
LMCD1,0,0,0,0,0,0,0,0,0,0,0,0,0,0,0,0,0,0,-1.63,15.52,3.934
FUBP1,0,0,0,0,0,0,0,0,0,0,0,0,-1.623,0,0,0,1.413,0,0,15.52,0
PDZD4,0,0,0,0,0,13.63,15.52,2.092,0,0,0,4.957,0,0,0,0,0,0,0,0,0
ZNF445,0,0,0,0,0,0,0,0,2.035,1.518,0,0,0,2.372,0,0,0,0,0,-15.49,-1.764
SH2B3,0,0,0,0,0,-1.324,0,0,0,0,0,0,3.198,0,0,0,6.742,1.664,0,15.48,3.109
PCNT,0,1.323,0,0,0,0,1.517,0,0,0,0,0,0,-2.587,0,0,13.75,0,2.74,15.48,0
UBE2QL1,0,0,0,0,0,0,0,0,0,0,0,0,0,0,0,0,1.742,-1.304,0,15.47,0
N4BP2L1,0,0,0,0,0,0,0,0,0,0,0,0,0,0,0,0,0,-3.812,0,-1.717,-15.47
RCOR3,0,0,0,0,0,-1.849,-1.583,0,0,0,0,0,0,0,0,0,-1.838,0,-1.588,-15.41,0
MAST2,0,0,0,0,0,2.15,3.008,0,0,0,0,0,0,0,0,-11.43,0,0,-15.4,4.527,-1.324
FZD4,0,0,0,0,0,0,2.156,0,0,0,0,0,0,0,0,0,-1.436,0,0,-15.39,-2.59
MYADM,0,0,0,0,0,0,0,0,7.446,5.524,0,4.382,15.38,11.16,0,8.166,1.547,0,8.824,3.927,0
ATRX,0,-1.361,0,0,0,-2.514,0,0,0,0,0,0,0,0,0,3.936,0,0,15.36,4.138,-1.6
PIM1,0,0,0,0,0,-3.279,-4.898,0,0,0,0,0,1.412,0,0,5.099,10.26,0,7.7,15.34,0
CEP192,0,0,0,0,0,-2.117,0,0,0,0,0,0,0,0,0,0,-2.756,0,0,-15.31,0
ZNF75D,0,0,0,0,0,0,0,0,0,0,0,0,0,0,0,0,-2.216,0,0,-15.31,0
BICRAL,0,0,0,0,0,0,0,0,0,0,0,0,1.585,2.903,0,2.726,-1.711,0,2.941,-15.31,0
OSBPL8,0,0,0,0,0,-1.469,0,0,0,2.226,0,0,0,0,0,0,0,0,0,15.29,0
TNS1,0,1.738,0,0,-1.339,-3.857,-3.26,0,1.306,0,0,0,0,-1.635,0,-11.53,0,0,-15.29,7.746,2.506
KIAA1191,0,0,0,0,0,0,0,0,0,0,0,0,0,0,0,0,0,0,0,15.29,0
ARMCX1,0,0,0,0,0,0,0,0,0,0,0,0,0,0,0,0,1.318,0,0,15.29,5.113
DGKZ,0,0,0,0,0,5.164,5.372,0,0,0,0,2.054,0,0,0,0,12.03,0,15.27,11.98,1.947
LIMS1,0,0,0,0,0,-1.599,0,0,0,0,0,0,1.734,0,0,0,0,0,0,15.25,0
PLEC,0,-1.408,0,0,0,0,0,0,0,0,0,-1.775,0,0,0,4.049,0,2.256,-14.67,15.24,2.345
ENSEMBL:ENSG00000275178,0,0,0,0,0,0,0,0,0,0,0,0,0,0,0,0,15.23,0,1.346,2.417,0
BMP2,0,0,0,0,0,0,0,0,0,0,0,0,0,0,0,8.356,0,0,15.22,2.538,0
MAT2A,0,0,0,0,0,0,0,0,0,0,0,0,0,0,0,1.552,1.607,0,1.417,15.19,0
ARID4A,0,0,0,0,0,-1.556,0,0,0,0,0,0,0,2.517,0,0,-3.364,-1.303,0,-15.19,-2.88
MTDH,0,-1.347,0,0,0,0,0,0,0,0,0,0,0,0,0,2.083,0,0,15.17,0,0
KLRK1,0,0,0,0,0,10.72,15.17,2.552,0,0,0,7.525,0,0,0,0,0,0,-1.435,0,0
AKR1C3,0,0,0,0,0,11.98,15.17,2.613,0,0,0,3.572,0,0,0,0,0,0,0,0,0
NOCT,2.059,0,0,0,0,0,0,0,0,0,0,0,0,0,0,0,2.782,0,0,15.13,0
MATK,0,0,0,0,0,14.7,15.13,3.405,0,0,0,5.17,0,0,0,0,0,0,0,0,0
CMKLR1,0,0,0,0,0,11.89,15.13,2.191,0,0,0,3.173,0,0,0,0,0,0,0,7.397,0
LGR6,0,0,0,0,0,12.24,15.13,2.017,-1.662,0,0,3.587,0,0,0,0,0,0,0,0,0
MYC,3.711,0,0,2.865,0,-8.272,-15.13,-12.73,0,-3.007,0,-7.775,0,-4.191,0,3.39,0,0,6.423,14.36,0
KIR3DL1,0,0,0,0,0,15.12,14.7,4.502,0,0,0,6.652,0,0,0,0,0,0,0,0,0
ABHD17A,0,0,0,0,0,15.12,14.63,1.893,0,0,0,3.957,0,0,0,0,0,0,0,0,0
NMUR1,0,0,0,0,0,15.1,14.88,2.161,-1.676,0,0,4.668,0,0,0,0,0,0,0,0,0
SH2D2A,0,0,0,0,0,15.09,14.45,2.071,0,0,0,7.419,0,0,0,0,0,0,0,0,0
LYAR,0,0,0,0,0,0,0,0,0,0,0,0,0,0,0,4.641,0,0,15.09,4.694,2.233
ENSEMBL:ENSG00000289272,0,0,0,0,0,0,0,0,0,0,0,0,0,0,0,1.429,0,0,0,15.07,0
STARD4,0,0,0,0,0,0,0,0,0,0,0,0,0,0,0,15.05,0,0,6.94,0,0
SLC25A25,3.127,0,0,1.813,0,0,0,-1.345,-4.519,0,0,0,0,0,0,5.002,15.05,1.488,4.856,4.384,0
BTG2,0,0,0,0,0,0,0,7.86,7.021,3.027,0,13.2,15.01,7.067,0,1.333,0,0,11.01,8.589,0
ENSEMBL:ENSG00000253636,0,0,0,0,0,0,0,0,0,0,0,0,0,0,0,0,-1.666,0,0,-15.01,0
STRIP2,0,0,0,0,0,0,0,0,0,0,0,0,0,0,0,0,1.551,0,0,15.01,-2.166
P4HA1,0,0,0,0,0,0,0,0,0,0,0,0,0,0,0,0,0,0,-2.368,14.97,0
SPAG9,0,0,0,0,0,-1.542,0,0,0,1.423,0,0,1.615,2.531,0,-2.456,0,0,14.96,9.594,0
L3MBTL1,0,0,0,0,0,0,0,0,0,0,0,0,-1.644,0,0,0,-2.083,0,0,-14.95,1.902
MAD2L1BP,0,0,0,0,0,0,0,0,0,0,0,0,0,0,0,0,9.909,0,0,14.94,0
ADPRHL1,0,0,0,0,0,0,0,0,0,0,0,0,0,0,0,0,0,0,0,14.94,3.413
KIF26A,0,0,0,0,0,0,0,0,0,0,0,0,0,0,0,-1.458,-14.93,0,0,-7.48,0
DHX15,0,0,0,0,0,0,0,0,0,0,0,0,0,0,0,2.183,1.867,0,0,14.93,0
CA3-AS1,0,0,0,0,0,0,0,0,0,0,0,0,0,0,0,0,0,0,14.91,0,0
RETREG1,0,0,0,0,0,-1.911,0,0,0,0,0,0,0,0,0,0,12.52,0,0,14.91,-2.982
PDE4D,0,0,0,0,0,0,1.513,0,0,0,0,2.38,0,0,0,0,5.508,0,0,14.91,0
ZBTB10,0,0,0,0,0,0,0,0,0,0,0,0,0,0,0,2.499,2.317,0,6.016,14.9,0
SDCBP,0,0,0,0,0,0,0,0,0,4.493,0,0,3.224,6.623,0,0,2.934,0,0,14.9,0
PLEKHO2,0,0,0,0,0,0,0,0,0,1.93,0,0,3.801,5.228,0,14.89,0,0,4.666,0,0
LARP4,0,0,0,0,0,0,0,0,0,0,0,0,0,0,0,0,3.791,0,0,14.88,0
GOLGA2P5,0,0,0,0,0,-2.362,-2.497,0,0,0,0,0,0,0,0,-1.647,-4.191,0,0,-14.86,0
SLC30A2,0,0,0,0,0,0,0,0,0,0,0,0,0,0,0,0,14.86,0,0,0,0
CHST12,0,0,0,0,0,12.47,14.83,2.357,0,0,0,3.63,0,-2.248,0,0,0,0,0,0,0
FAM174A,0,0,0,0,0,0,0,0,0,0,0,0,1.453,1.839,0,0,0,0,0,1.303,14.81
XIRP2,0,0,0,0,0,0,0,0,0,0,0,0,0,0,0,-2.216,0,0,6.218,8.273,14.77
ZBTB37,0,0,0,0,0,0,0,0,0,0,0,0,0,1.646,0,0,-1.521,0,0,-14.76,3.779
CSRP3,0,0,0,0,0,0,0,0,0,0,0,0,0,0,0,14.75,0,0,-11.16,7.638,12.37
LPCAT1,0,0,0,0,0,11.92,14.74,4.502,0,1.794,0,8.583,3.615,4.14,0,0,0,0,0,0,0
HNRNPA0,0,0,0,0,0,0,0,0,0,0,0,0,0,0,0,2.126,0,0,2.108,14.73,-1.401
CIITA,0,0,0,0,0,-3.82,-3.938,-1.335,0,-1.714,0,-2.754,0,-4.06,0,0,14.73,0,0,1.373,0
NDEL1,0,0,0,0,0,0,0,0,2.001,4.486,0,1.47,5.537,10.1,0,0,0,0,3.768,14.72,0
ERF,0,0,0,0,0,0,0,0,1.555,2.386,0,2.843,6.096,3.751,0,14.71,0,0,13,0,0
ENSEMBL:ENSG00000213144,0,0,0,0,0,0,0,0,0,0,0,0,0,0,0,0,0,0,1.97,14.71,1.377
MYPN,0,0,0,0,0,0,0,0,0,0,0,0,0,0,0,-3.865,0,-2.278,14.69,9.979,0
FN3K,0,0,0,0,0,0,0,0,0,0,0,0,0,0,0,0,14.69,1.54,-1.448,1.781,0
FLNC-AS1,0,0,0,0,0,0,0,0,0,0,0,0,0,0,0,0,0,0,0,14.69,1.821
SETDB1,0,0,0,0,0,0,0,0,0,0,0,0,0,1.802,0,0,-2.789,-1.601,0,-14.67,0
WIPF3,0,0,0,0,0,0,0,0,0,0,0,0,0,0,0,0,2.256,-1.469,14.66,12.77,0
COMTD1,0,0,0,0,0,2.08,3.087,0,0,0,0,0,0,0,0,0,1.566,9.276,0,2.115,14.64
N4BP1,0,0,0,0,0,0,0,0,0,2.79,0,0,3.248,5.742,0,3.314,0,-1.346,-14.62,-2.215,0
MAP4,0,0,0,0,0,0,1.446,0,0,-1.376,0,0,0,-2.356,0,9.27,0,0,14.62,11.89,4.563
ADGRG5,0,0,0,0,0,9.08,14.6,0,0,0,0,3.196,0,0,0,0,0,0,0,0,0
DPH2,0,0,0,0,2.907,0,0,0,0,-2.554,0,0,-1.804,-3.175,0,0,0,1.818,0,3.775,14.59
GTF2I,0,0,0,0,0,-2.129,0,0,0,0,0,0,0,0,0,2.088,0,0,14.59,0,0
CXCL2,0,0,0,0,0,0,0,0,0,0,0,0,0,0,0,14.59,0,0,11.28,0,0
C8G,0,0,0,0,0,0,0,0,0,0,0,0,0,0,0,0,9.689,0,1.571,14.55,0
PLIN4,0,1.325,0,0,0,0,0,0,0,2.857,0,0,2.301,6.798,0,0,1.729,3.039,14.54,1.796,0
SLC38A1,0,0,0,0,0,-1.766,0,0,0,0,0,0,0,0,0,0,5.857,0,0,14.54,0
KPNA1,0,0,0,0,0,0,0,0,0,3.98,0,1.352,2.965,5.601,0,0,0,0,0,13.05,14.52
FAM117B,0,0,0,0,0,-1.556,0,0,0,0,0,0,0,0,0,1.614,-5.939,0,0,-14.52,0
TMEM108,0,0,0,0,0,0,0,0,0,0,0,0,0,0,0,0,0,1.748,0,0,14.52
DUSP2,0,0,0,0,0,2.682,11.38,8.56,0,0,0,11.02,3.019,0,0,3.008,14.51,0,1.514,2.98,0
PMP22,0,0,0,0,0,0,0,0,0,0,0,0,0,0,0,0,14.49,0,2.951,14.3,0
ZKSCAN8P1,0,0,0,0,0,0,0,0,-1.428,0,0,0,0,0,0,0,-4.044,0,0,-14.48,0
CYSTM1,0,0,0,0,0,0,0,0,0,1.401,0,0,1.54,3.697,0,0,0,0,0,12.66,14.47
SLC35E4,0,0,0,0,0,0,0,0,0,0,0,0,0,0,0,0,0,0,0,-14.41,0
PPIL4,0,1.361,0,0,0,0,0,0,0,0,0,0,0,0,0,2.093,1.436,0,2.232,14.41,-1.369
LRRC8A,0,0,0,0,0,0,1.844,0,0,0,0,0,0,0,0,14.4,0,0,7.464,1.955,0
ENSEMBL:ENSG00000228463,0,0,0,0,0,0,0,0,0,0,0,0,0,1.727,0,0,-2.103,0,0,-14.39,0
SBDS,0,0,0,0,0,0,0,0,0,0,0,0,0,0,0,0,0,0,0,8.215,14.39
MAP7D1,0,0,0,0,0,0,0,0,0,0,0,0,2.524,0,0,-4.28,0,0,14.37,13.76,0
ZFP14,0,0,0,0,0,0,0,0,0,0,0,0,0,0,0,0,-2.159,0,0,-14.37,0
LINC01341,0,0,0,0,0,0,0,0,0,0,0,0,0,0,0,0,0,0,0,-14.35,0
JUNB,0,0,0,0,0,0,0,2.029,1.331,3.906,0,3.499,3.974,7.411,0,11.82,3.127,0,14.33,5.009,0
CHST15,0,0,0,0,0,0,0,0,1.337,3.829,0,0,2.499,7.847,0,0,10.75,0,0,14.32,0
VPS37A,0,1.329,0,0,0,0,0,0,0,0,0,0,0,0,0,0,0,0,1.422,14.3,0
RHBDF2,0,0,0,0,0,1.555,0,0,0,0,0,0,0,0,0,0,14.28,0,0,0,0
UHRF1BP1L,0,0,0,0,0,0,0,0,0,1.478,0,0,1.359,1.981,0,14.28,0,0,9.087,2.77,8.972
LINC02384,0,0,0,0,0,9.49,14.27,3.658,0,0,0,5.808,0,0,0,0,0,0,0,0,0
C2orf69,0,0,0,0,0,0,0,0,0,0,0,0,0,0,0,0,0,0,0,14.26,0
RRP12,0,0,0,0,0,0,0,0,0,3.318,0,0,0,4.325,0,0,0,0,0,14.26,5.549
ITPRIP,0,0,0,0,0,0,0,0,1.627,2.512,0,0,3.157,3.983,0,14.25,0,0,3.389,2.501,0
MARS2,0,0,0,0,0,0,0,0,0,0,0,0,0,0,0,0,0,0,0,14.25,1.306
GEM,0,0,0,1.638,0,0,0,0,0,0,0,0,0,0,0,0,0,0,2.591,14.23,0
ERO1A,0,0,0,0,0,0,0,0,0,1.407,0,0,1.512,2.926,0,0,0,0,0,14.23,0
MACO1,0,-1.504,0,0,0,0,0,0,0,0,0,0,0,0,0,0,0,0,-2.422,-14.21,-5.831
TSPAN8,0,0,0,0,0,0,0,0,0,0,0,0,0,0,0,0,0,-3.057,0,0,-14.16
COX15,0,0,0,0,0,0,0,0,0,0,0,0,0,0,0,0,0,0,0,2.355,14.15
MITF,0,0,0,0,0,-1.391,0,0,0,0,0,0,0,0,0,-2.102,0,-3.512,-2.3,0,-14.15
TAB1,0,0,0,0,0,0,0,0,0,0,0,0,0,0,0,0,0,0,0,-14.14,0
CES3,0,0,0,0,0,0,0,0,0,0,0,0,0,0,0,0,14.13,2.263,0,3.288,4.219
PPP1R3E,0,0,0,0,0,0,-1.323,0,0,0,0,0,-1.898,0,0,1.663,14.13,0,2.259,0,-2.09
KIR2DL1,0,0,0,0,0,11.08,14.13,2.603,0,0,0,4.693,0,0,0,0,0,0,0,0,0
TNFRSF10D,0,0,0,0,0,0,0,0,0,0,0,0,0,0,0,14.09,0,0,5.719,0,0
PANK3,0,0,0,0,0,0,0,0,0,0,0,0,0,0,0,0,0,0,0,14.07,0
CLIP1,0,1.731,0,0,0,0,0,0,0,0,0,0,0,2.505,0,-13.33,0,0,-14.06,11.88,1.374
RABGGTB,0,0,0,0,0,0,0,0,0,0,0,0,0,0,0,0,0,0,0,14.04,5.062
KDM3B,0,0,0,0,0,0,0,0,0,2.228,0,0,0,4.021,0,2.096,0,-1.964,2.555,-3.076,-14.03
SOX17,0,0,0,0,0,0,0,0,0,0,0,0,0,0,0,14.03,0,0,10.23,0,0
PTPN3,0,0,0,0,0,0,0,0,0,0,0,0,0,0,0,0,4.732,0,-1.839,14.02,0
ENSEMBL:ENSG00000243696,0,0,0,0,0,0,0,0,0,0,0,0,0,0,0,0,0,0,0,2.63,14.02
PFKFB2,0,1.543,0,0,0,0,0,0,0,2.072,0,0,0,3.014,0,0,14,0,0,6.279,0
SORBS1,0,1.593,0,0,0,0,0,0,0,0,0,0,0,0,0,-8.237,2.772,0,-13.4,13.99,3.763
UPF2,0,0,0,0,0,0,-1.7,0,0,0,0,0,0,0,0,0,-1.342,0,-3.623,-13.99,0
PPFIA4,0,0,0,0,0,0,0,0,0,0,0,0,0,0,0,0,0,0,0,13.33,13.99
PRDM2,0,0,0,0,0,0,0,0,0,0,0,0,0,0,0,0,0,0,0,13.99,0
HNRNPA3,0,0,0,0,0,0,0,0,0,0,0,0,0,0,0,3.068,3.908,0,2.499,13.99,0
ZNF251,0,0,0,0,0,0,0,0,0,0,0,0,0,0,0,0,-3.643,0,0,-13.99,1.767
AUTS2,0,0,0,0,0,3.014,6.878,0,0,0,0,0,0,0,0,0,0,0,0,13.98,0
HOXA9,0,0,0,0,0,0,0,0,0,0,0,0,0,0,0,0,0,0,-2.075,-13.98,-1.653
MAP3K2,0,0,0,0,0,0,0,0,1.319,4.186,0,0,0,3.984,0,0,13.97,-2.242,0,3.466,-3.608
SLCO5A1,0,0,0,0,0,0,0,0,0,0,0,0,0,0,0,0,0,0,0,13.95,0
ITGA7,0,0,0,0,0,0,0,0,0,0,0,0,0,0,0,0,0,0,0,2.902,13.95
MXD4,0,0,0,0,0,0,0,0,0,0,0,0,0,0,0,0,-4.621,0,0,-13.94,-2.085
ENSEMBL:ENSG00000213062,0,0,0,0,0,0,0,0,0,0,0,0,0,1.339,0,1.614,9.296,0,6.34,13.91,0
ENDOD1,0,0,0,0,0,0,0,0,1.551,0,0,1.438,3.117,0,0,0,0,0,0,11.06,13.91
KAT6B,0,0,0,0,0,0,0,0,0,0,0,0,0,0,0,0,-11.44,0,0,-13.91,0
XYLT2,0,0,0,0,0,0,0,0,0,0,0,0,0,0,0,0,0,0,0,-13.9,0
SEPHS2,0,0,0,0,0,0,0,0,0,2.003,0,0,0,5.54,0,0,13.89,0,0,2.99,0
NRAP,0,0,0,0,0,0,0,0,0,0,0,0,0,0,0,-1.987,0,0,3.557,7.151,13.89
PPM1D,0,0,0,0,0,0,0,0,2.245,0,0,0,3.708,1.646,0,3.086,0,0,2.462,13.86,0
MYBPH,0,0,0,0,0,0,0,0,0,0,0,0,0,0,0,0,0,0,0,1.918,13.85
LAMP2,0,0,0,0,0,0,0,0,0,3.242,0,0,2.289,4.673,0,0,0,0,0,0,-13.85
FOSB,0,0,0,0,0,0,4.385,8.447,13.83,0,0,7.421,8.128,0,0,9.197,0,0,7.488,2.673,0
UNC5B,0,0,0,0,0,0,0,0,0,0,0,0,0,0,0,0,13.81,0,0,2.273,0
ARVCF,0,0,0,0,0,9.137,12.55,1.81,0,0,0,1.477,0,0,0,0,5.436,0,-1.323,13.79,0
GPATCH8,0,0,0,0,0,0,0,0,0,0,0,0,0,0,0,2.283,-3.505,0,3.391,-13.78,-3.315
CARD10,0,0,0,0,0,0,0,0,0,0,0,0,0,0,0,0,-13.77,0,0,-7.864,0
LDB3,0,0,0,0,0,0,0,0,0,0,0,0,0,0,0,-5.786,0,0,13.76,-6.066,4.734
ENSEMBL:ENSG00000285336,0,0,0,0,0,0,0,0,0,0,0,0,0,0,0,0,0,-5.525,0,0,-13.76
PHACTR2,0,0,0,0,0,-1.766,0,0,0,0,0,0,0,-1.479,0,-5.531,-13.75,0,-4.042,-6.885,0
ARRDC2,0,0,0,0,0,1.344,1.778,0,0,0,0,0,0,-1.715,0,0,-3.851,0,0,-13.72,-2.901
SPTSSA,0,0,0,0,0,0,0,0,0,0,0,0,0,0,0,0,0,0,0,13.71,2.296
GNA13,0,0,0,0,0,0,0,0,0,1.694,0,0,0,1.773,0,1.334,13.7,0,0,13.66,-1.907
GIMAP6,0,0,0,0,0,0,0,0,0,-1.313,0,0,0,-3.083,0,-13.7,0,0,-5.348,0,0
SGMS2,0,0,0,0,0,0,0,0,0,0,0,0,0,0,0,0,0,0,0,13.66,0
MYL12A,0,0,0,0,0,0,0,0,0,0,0,3.194,3.092,1.431,0,0,0,0,0,2.908,13.64
ZNF862,0,0,0,0,0,0,0,0,0,0,0,0,0,0,0,0,0,0,0,-13.63,0
THOC6,0,0,0,0,0,0,0,0,0,0,0,0,0,-1.939,0,0,0,0,0,13.63,9.397
RASA4,0,0,0,0,0,0,0,0,0,0,0,0,0,0,0,0,-1.74,0,13.63,-5.128,-1.9
PPDPFL,0,0,0,0,0,0,0,0,0,0,0,0,0,0,0,0,0,-1.999,0,-2.455,-13.63
SELENON,0,0,0,0,0,0,-1.351,0,0,0,0,-1.435,0,0,0,0,0,0,0,3.775,13.62
PAFAH1B2,0,0,0,0,0,0,0,0,0,2.293,0,0,0,2.577,0,4.25,0,0,4.983,13.61,0
NFIL3,0,0,0,0,0,0,0,0,0,3.906,0,0,3.384,5.175,0,0,1.727,0,6.239,13.61,0
RRN3P3,0,0,0,0,0,0,1.527,0,0,0,0,0,0,0,0,0,5.591,0,0,13.59,0
SMTNL2,0,0,0,0,0,0,0,0,0,0,0,0,0,0,0,-2.382,0,0,-13.58,-4.937,0
RNF152,0,0,0,0,0,0,0,0,0,0,0,0,0,0,0,13.56,-2.189,0,7.132,0,0
USPL1,0,0,0,0,0,0,0,0,0,0,0,0,0,0,0,0,1.757,0,0,13.55,0
TXNDC11,0,0,0,0,0,0,0,0,0,0,0,0,0,0,0,0,1.889,0,0,13.55,0
NRDE2,0,0,0,0,0,0,0,0,0,0,0,0,0,0,0,0,-2.811,0,0,-13.55,0
ENSEMBL:ENSG00000258168,0,0,0,0,0,0,0,0,0,0,0,0,0,0,0,-13.55,0,0,0,0,0
KRBA1,0,0,0,0,0,0,0,0,0,0,0,0,0,0,0,0,0,0,0,0,13.54
CUTC,0,0,0,0,0,0,0,0,0,0,0,0,0,0,0,0,0,1.625,0,1.317,13.54
USP49,0,0,0,0,0,0,0,0,0,0,0,0,1.61,0,0,0,-2.285,0,0,-13.53,0
MSX1,0,0,0,0,0,0,0,0,0,0,0,0,0,0,0,13.51,0,0,6.99,0,0
RRS1,0,0,0,0,0,0,0,0,0,0,0,0,-1.653,-2.125,0,0,8.676,0,0,13.5,0
PRSS23,0,0,0,0,0,10.39,13.49,2.466,0,0,0,4.13,0,0,0,0,0,1.816,0,0,1.575
MKNK2,0,0,0,0,0,0,0,0,5.395,3.537,0,1.618,9.183,6.213,0,-2.449,7.746,0,-4.629,13.49,0
PRKCA,0,0,0,0,0,-3.916,0,0,0,0,0,-2.453,0,0,0,0,0,0,0,0,13.48
ERICD,0,0,0,0,0,0,0,0,0,0,0,0,0,0,0,0,13.48,0,6.185,8.902,0
ULK1,0,0,0,0,0,0,0,0,0,5.018,0,0,3.302,8.05,0,12.11,0,-3.652,3.721,0,-13.46
ITFG2,0,0,0,0,0,0,0,0,0,-1.684,0,0,-1.871,-1.574,0,0,-4.339,0,0,-13.44,0
CCDC9B,0,0,0,0,0,0,0,0,0,0,0,0,0,0,0,-1.749,-2.145,0,-4.766,-13.44,0
NUCKS1,0,0,0,0,0,0,0,0,-1.328,-1.366,0,0,-1.36,-3.241,0,1.68,0,0,13.44,0,-2.173
MTFP1,0,0,0,0,0,0,0,0,0,0,0,2.082,0,0,0,0,0,13.42,0,0,11.07
GOLGA1,0,0,0,0,0,0,0,0,0,0,0,0,0,0,0,0,-4.684,0,0,-13.41,0
SMIM29,0,0,0,0,0,1.647,0,0,0,0,0,0,0,0,0,0,2.203,5.19,0,2.346,13.4
LARGE1,0,0,0,0,0,0,0,0,0,0,0,0,0,0,0,0,0,0,0,0,13.4
SRRM2,0,-1.823,0,0,0,0,0,0,0,0,0,0,1.385,0,0,-5.106,0,-1.466,-13.4,-3.056,-3.872
TUBGCP6,0,0,0,0,0,0,0,0,0,0,0,0,0,0,0,-1.652,-3.309,0,-1.484,-13.38,-1.763
FLNB,0,-1.738,0,0,0,-1.391,0,0,0,-1.611,0,-1.79,0,-2.737,0,5.646,13.37,0,4.655,8.005,0
PRRT4,0,0,0,0,0,0,0,0,0,0,0,0,0,0,0,0,0,0,0,0,13.37
DOK7,0,0,0,0,0,0,0,0,0,0,0,0,0,0,0,0,11.4,0,-1.468,13.36,1.528
ANKZF1,0,0,0,0,0,1.305,0,0,0,0,0,0,0,0,0,-2.877,0,0,-6.459,-13.35,-2.833
ZFAND5,0,0,0,0,0,-1.771,0,0,0,0,0,0,0,1.658,0,0,7.386,-2.124,0,13.35,-8.493
DCDC2,0,0,0,0,0,0,0,0,0,0,0,0,0,0,0,0,5.228,13.35,0,3.053,6.24
NT5C1A,0,0,0,0,0,0,0,0,0,0,0,0,0,0,0,0,0,0,13.35,2.894,0
PHRF1,0,0,0,0,0,0,1.34,0,0,0,0,0,0,0,0,9.915,0,0,13.33,0,-3.92
CHST2,0,0,0,0,0,11.92,13.32,1.886,0,0,0,6.077,0,1.336,0,0,0,0,0,0,0
ENSEMBL:ENSG00000273179,0,0,0,0,0,11.04,13.32,1.489,0,0,0,2.664,0,0,0,0,0,0,0,0,0
PAX5,0,0,0,0,0,-7.091,-13.3,-9.872,0,0,0,-11.02,-5.651,-3.282,0,0,0,0,0,0,0
RPN2,0,0,0,0,0,0,0,0,0,0,0,0,0,-2.904,0,0,0,0,0,1.527,13.28
KPNA3,0,0,0,0,0,0,0,0,0,0,0,0,0,0,0,0,0,0,-13.23,0,3.746
PHF2,0,0,0,0,0,-1.358,0,0,0,1.521,0,0,0,3.711,0,-1.457,0,-2.846,-7.98,-13.22,-3.582
SQSTM1,0,0,0,0,0,0,0,0,0,0,0,0,2.895,0,0,-2.013,0,0,-13.19,9.138,-2.39
LCP2,0,0,0,0,0,0,0,0,0,2.559,0,0,4.59,4.703,0,13.18,0,0,0,0,0
GSDME,0,0,0,0,0,0,0,0,0,0,0,0,0,0,0,0,13.07,0,0,13.18,0
RAB1A,0,0,0,0,0,0,0,0,0,2.67,0,0,1.882,4.637,0,0,4.689,0,0,13.17,0
WDR1,0,0,0,0,0,0,0,0,0,1.695,0,0,2.862,3.583,0,0,0,0,-1.414,13.17,3.804
PTTG1IP,0,0,0,0,0,0,0,0,0,1.951,0,0,3.249,6.476,0,0,13.15,0,0,4.292,0
RSRC2,0,0,0,0,0,0,0,0,1.486,0,0,0,0,0,0,1.984,2.853,0,5.188,13.15,0
ZRANB1,0,0,0,0,0,-2.831,-1.471,0,0,0,0,0,0,0,0,0,6.321,0,0,13.13,0
ATG4A,0,0,0,0,0,0,0,0,0,0,0,0,0,0,0,0,0,1.579,0,0,13.12
ZCCHC24,0,0,0,0,0,0,0,0,0,0,0,0,0,0,0,0,-1.615,-3.049,0,-2.425,-13.12
CCDC136,0,0,0,0,0,0,0,0,0,0,0,0,0,0,0,0,0,0,0,3.952,13.12
CLASP2,0,0,0,0,0,0,0,0,0,0,0,0,0,0,0,-2.423,0,0,-13.11,-1.385,0
RBM12B,0,0,0,0,0,-1.303,0,0,0,0,0,0,0,0,0,11.02,3.272,0,13.1,7.6,0
SPTB,0,0,0,0,0,-4.798,-3.485,0,0,0,0,0,0,-1.68,0,3.681,0,0,10.29,13.09,6.62
FAM43A,0,0,0,0,0,1.838,2.853,0,0,0,0,0,0,0,0,0,13.09,0,4.858,0,0
RERE,0,0,0,0,0,-1.668,0,0,0,2.306,0,0,1.668,2.88,0,0,13.09,0,-1.46,5.299,-1.728
PELO,0,0,0,0,0,0,0,0,0,0,0,0,0,0,0,0,6.67,0,0,13.07,0
ARF6,0,0,0,0,0,0,0,0,0,0,0,0,0,0,0,2.621,9.048,0,0,13.07,0
ENSEMBL:ENSG00000284669,0,0,0,0,0,0,0,0,0,0,0,0,0,0,0,10.7,0,0,13.05,5.895,0
PDGFRB,0,0,0,0,0,9.203,13.05,2.57,0,0,0,4.287,0,0,0,0,0,0,0,0,0
SPATS2,0,0,0,0,0,0,0,0,0,0,0,0,0,0,0,0,-5.88,-1.661,0,-13.04,-5.152
CHP1,0,0,0,0,0,0,0,0,0,2.373,0,0,2.495,4.599,0,0,0,3.688,0,2.922,13.03
PNRC1,0,0,0,0,0,0,0,0,2.381,3.822,0,1.395,4.83,3.998,0,0,0,-5.432,0,0,-13.03
ZBTB21,2.992,0,0,0,0,0,0,0,0,0,0,0,0,0,0,13.01,0,0,12.08,12.22,0
MGA,0,0,0,0,0,-1.861,0,0,0,0,0,0,0,-1.778,0,0,13,-1.479,0,0,0
EIF4B,0,1.325,0,0,0,0,0,0,0,-1.451,0,0,0,-1.651,0,3.466,0,0,10.01,12.99,10.14
IDI1,0,0,0,0,0,0,0,0,0,0,0,0,0,3.616,0,0,2.323,0,1.804,12.96,2.04
MIR222HG,0,0,0,0,0,0,0,0,0,0,0,0,0,0,0,12.96,0,0,8.703,2.316,0
EIF5A,0,0,0,0,0,1.415,0,0,0,0,0,0,0,0,0,5.583,0,0,12.95,5.969,0
MIDEAS,0,0,0,0,0,-2.894,0,0,0,0,0,0,0,0,0,0,0,0,0,-12.95,-3.237
PRELID3B,0,0,0,0,0,0,0,0,0,0,0,0,0,0,0,0,1.513,2.188,0,12.94,2.473
SMG1P1,0,0,0,0,0,0,0,0,0,0,0,0,0,0,0,0,2.318,0,0,12.93,0
ESYT2,0,-1.315,0,0,0,0,0,0,0,0,0,0,0,0,0,0,4.955,0,0,12.93,0
LINC01504,0,0,0,0,0,0,0,0,0,0,0,0,-2.143,-1.523,0,5.315,0,0,12.93,0,0
SAP130,0,0,0,0,0,0,0,0,0,2.184,0,0,2.782,3.091,0,0,-3.804,0,0,-12.92,0
ENSEMBL:ENSG00000253227,0,0,0,0,0,0,0,0,0,0,0,0,0,0,0,0,0,0,0,12.91,2.706
FGD6,0,0,0,0,0,0,0,0,0,0,0,0,0,0,0,0,-1.748,0,0,-12.91,0
SRSF2,0,0,0,0,0,0,0,0,0,0,0,0,0,0,0,0,0,0,0,12.9,0
PDE12,0,0,0,0,0,0,0,0,0,0,0,0,0,0,0,1.482,1.785,0,2.153,12.9,0
RLIM,0,0,0,0,0,0,0,0,0,2.529,0,0,1.492,2.673,0,1.971,1.535,0,12.9,4.816,-1.466
CYTIP,0,0,0,0,0,0,0,1.394,4.903,3.71,0,5.449,12.89,4.62,0,0,0,0,0,0,0
AGAP9,0,0,0,0,0,0,0,0,0,0,0,0,0,0,0,0,-3.724,0,0,-12.89,0
MUC20,0,0,0,0,0,0,0,0,0,0,0,0,0,0,0,0,-1.408,0,0,-12.89,0
ATF1,0,0,0,0,0,-1.886,0,0,0,0,0,0,0,0,0,0,0,0,3.944,12.89,0
PRKG1,0,0,0,0,0,0,0,0,0,0,0,0,0,0,0,0,0,0,0,12.89,0
LIMCH1,0,0,0,0,0,0,0,0,0,0,0,0,0,0,0,-3.424,0,0,12.84,2.526,-3.418
MMP23B,0,0,0,0,0,11.9,12.83,1.95,0,0,0,3.26,0,0,0,0,0,0,0,0,0
PDE11A,0,0,0,0,0,0,0,0,0,0,0,0,0,0,0,0,0,0,0,0,-12.83
PLEKHA1,0,0,0,0,0,0,0,0,0,0,0,0,0,0,0,0,0,0,0,12.83,2.783
TEK,0,0,0,0,0,0,0,0,0,0,0,0,0,0,0,0,12.78,0,0,11.84,0
TTTY14,0,0,0,0,0,0,0,0,0,0,0,0,0,0,0,0,5.128,0,4.394,12.78,0
PVR,0,0,0,0,0,0,0,0,0,0,0,0,0,0,0,0,0,0,0,12.77,0
GZMM,0,0,0,0,0,12.39,12.76,2.377,0,0,0,3.82,0,0,0,0,0,0,0,0,0
VASP,0,0,0,0,0,0,0,0,0,2.861,0,0,3.966,5.511,0,12.75,0,0,6.935,0,0
SLC22A5,0,0,0,0,0,0,0,0,0,0,0,0,0,0,0,0,8.082,0,0,12.75,0
STAU2,0,0,0,0,0,0,0,0,0,0,0,0,0,0,0,-8.092,0,0,-12.73,0,0
SLC6A8,0,0,0,0,0,-3.438,-4.863,0,2.154,0,0,0,2.49,0,0,0,12.72,0,3.032,6.779,0
VPS50,0,0,0,0,0,0,0,0,0,0,0,0,0,0,0,0,0,0,12.72,0,0
GOLGA8N,0,0,0,0,0,2.147,1.841,0,0,0,0,0,0,0,0,0,-3.167,0,0,-12.71,0
GZF1,0,0,0,0,0,0,0,0,0,0,0,0,0,0,0,7.214,3.249,0,12.71,0,0
IFNGR1,0,0,0,0,0,0,0,0,0,1.529,0,0,2.265,3.493,0,0,3.292,0,0,12.71,0
BACE1-AS,0,0,0,0,0,0,0,0,0,0,0,0,0,0,0,0,0,0,0,-12.71,0
CALCOCO1,0,1.653,0,0,0,0,0,0,0,3.233,0,0,2.898,6.616,0,0,0,-2.738,0,0,-12.69
WDR47,0,0,0,0,0,0,0,0,0,0,0,0,0,0,0,-10.13,0,0,-12.69,0,0
CD244,0,0,0,0,0,12.47,12.69,2.491,0,0,0,2.28,0,0,0,0,0,0,0,0,0
ARHGEF40,0,0,0,0,0,0,0,0,2.032,4.407,0,0,5.145,9.308,0,-3.393,-3.053,0,-12.66,-5.235,1.51
USP31,0,0,0,0,0,0,0,0,0,0,0,0,0,0,0,1.429,3.223,0,0,12.65,0
CLDND2,0,0,0,0,0,12.16,12.64,4.544,0,0,0,5.162,0,0,0,0,0,0,0,0,0
AJM1,0,0,0,0,0,10.77,12.64,1.324,0,0,0,2.963,0,0,0,0,0,1.535,0,0,4.491
ATP11B,0,0,0,0,0,0,0,0,0,2.389,0,0,0,2.965,0,0,0,0,0,12.64,0
STC2,0,0,0,0,0,0,0,0,0,0,0,0,0,0,0,0,12.63,0,0,1.481,0
TCF15,0,0,0,0,0,0,0,0,0,0,0,0,0,0,0,3.924,-1.807,0,12.63,-1.894,0
UBAP2L,0,0,0,0,0,0,0,0,0,0,0,0,1.826,0,0,-4.685,5.889,0,9.62,12.63,0
WDR91,0,0,0,0,0,0,0,0,0,0,0,0,0,0,0,0,0,0,0,-12.62,-2.326
UBTF,0,-1.538,0,0,0,0,0,0,0,0,0,0,0,0,0,0,0,0,0,-12.61,-2.008
PFKFB3,0,0,0,0,0,0,0,0,1.598,6.19,0,0,3.758,12.61,0,0,-1.906,-4.283,0,-9.205,-7.65
BCL3,0,0,0,0,0,0,0,2.15,4.051,5.237,0,7.067,11.6,12.61,0,1.399,0,0,0,1.951,0
CTBP2,0,0,0,0,0,0,0,0,1.412,3.17,0,0,2.345,5.035,0,0,12.61,0,0,8.285,0
RASIP1,0,0,0,0,0,0,0,0,0,0,0,0,0,0,0,12.61,0,0,9.719,0,0
DLC1,0,0,0,0,0,0,0,0,0,0,0,0,0,0,0,12.61,2.962,0,11.18,2.925,0
RNMT,0,0,0,0,0,0,0,0,0,0,0,0,-2.498,0,0,0,4.98,0,0,12.6,0
CMC2,0,0,0,0,0,0,0,0,0,0,0,0,0,0,0,0,0,5.961,0,0,12.6
PBXIP1,0,0,0,0,0,0,0,0,0,0,0,0,0,0,0,2.185,0,0,12.59,-2.12,-6.231
CSDE1,0,0,0,0,0,0,0,0,0,0,0,0,2.256,0,0,5.152,0,0,12.59,2.18,0
RNF149,0,0,0,0,0,0,0,0,0,3.424,0,0,2.182,5.857,0,0,0,0,0,12.59,0
HSPH1,0,0,0,0,0,0,3.894,2.556,12.59,0,0,0,3.89,0,0,9.269,0,0,0,3.495,3.572
ENSEMBL:ENSG00000279759,0,0,0,0,0,0,0,0,0,0,0,0,0,0,0,-4.543,0,0,-12.59,-9.524,0
AMDHD2,0,0,0,0,0,0,0,0,0,0,0,0,0,0,0,0,12.58,0,0,0,0
MAPRE1,0,0,0,0,0,0,0,0,0,1.437,0,0,2.267,1.802,0,4.369,3.257,0,2.992,12.58,0
KIFC3,0,0,0,0,0,7.704,7.752,1.54,0,0,0,2.606,0,0,0,0,12.56,0,0,0,1.453
TP53INP1,0,0,0,0,0,-1.56,0,0,0,1.728,0,0,0,2.528,0,0,-6.67,0,0,-12.55,-1.745
FGF13,0,0,0,0,0,0,0,0,0,0,0,0,0,0,0,-1.38,0,-2.281,-1.689,0,-12.54
ANK3,0,0,0,0,0,-4.804,-4.467,-2.825,0,-1.996,0,-1.83,0,-2.07,0,0,0,0,11.08,0,-12.54
IQCC,0,0,0,0,0,0,0,0,0,0,0,0,0,0,0,5.63,12.53,0,4.75,-1.633,0
RBM14,0,0,0,0,0,0,1.742,2.117,2.381,0,0,3.989,3.796,0,0,0,3.732,-3.257,12.52,5.021,-6.77
SYNE2,0,-1.738,0,0,0,0,0,0,0,0,0,0,0,0,0,0,0,-4.19,-2.011,-2.244,-12.52
AMMECR1L,0,0,0,0,0,0,0,0,0,0,0,0,0,1.505,0,1.308,0,0,0,12.51,0
ZNF737,0,0,0,0,0,0,0,0,0,0,0,0,0,0,0,0,-2.93,0,0,-12.51,0
NR4A1AS,0,0,0,0,0,0,0,0,0,0,0,0,0,0,0,8.709,3.744,0,12.51,3.032,0
UBR5,0,0,0,0,0,0,0,0,0,0,0,0,0,0,0,0,12.5,0,0,9.75,-3.76
DBR1,0,0,0,0,0,0,0,0,0,0,0,-1.477,-1.416,0,0,2.058,0,0,12.5,11.74,0
MYBPC1,0,0,0,0,0,0,0,0,0,0,0,0,0,0,0,8.568,0,0,12.5,10.42,5.805
MLLT6,0,0,0,0,0,1.35,0,0,0,-1.481,0,0,0,-2.118,0,0,0,-3.092,0,0,-12.48
CST7,0,0,0,0,0,12.48,11.71,2.893,0,0,0,6.874,0,1.707,0,0,0,0,0,0,0
PHLDA1,0,0,0,0,0,0,1.618,0,0,0,0,0,0,0,0,0,0,0,1.433,12.46,0
COLQ,0,0,0,0,0,6.213,8.955,0,0,0,0,2.534,0,0,0,0,0,0,0,12.46,1.763
LINC00390,0,0,0,0,0,0,0,0,0,0,0,0,0,0,0,0,0,-3.514,0,0,-12.46
PTPN1,0,0,0,0,0,0,0,0,0,0,0,0,0,1.473,0,0,0,0,6.111,12.46,0
RBM15,0,0,0,0,0,0,0,0,1.421,0,0,0,0,0,0,0,0,0,-2.97,12.45,-2.206
MBP,0,0,0,0,0,0,0,0,0,3.906,0,0,2.767,6.328,0,6.232,12.45,2.271,7.172,11.5,0
SNAP29,0,0,0,0,0,0,0,0,0,0,0,1.453,1.321,0,0,12.44,0,0,1.497,-1.619,0
UBAP1L,0,0,0,0,0,0,0,0,0,0,0,0,0,0,0,0,0,0,0,-12.43,0
PLA2G4F,0,0,0,0,0,0,0,0,0,0,0,0,0,0,0,0,0,0,0,0,-12.43
CDKN1A,0,0,0,0,0,0,0,0,0,0,0,0,3.622,0,0,6.74,0,0,2.547,12.42,0
ZDBF2,0,0,0,0,0,0,0,0,0,0,0,0,0,0,0,0,-4.906,0,0,-12.42,0
HMGN3,0,0,0,0,0,0,1.705,0,0,0,0,0,0,0,0,2.922,0,0,12.42,-2.929,0
IRF2BPL,0,1.351,0,0,0,0,0,0,1.534,1.811,0,0,4.661,4.882,0,1.721,-1.577,-2.804,-12.41,-9.949,-1.936
SVIL-AS1,0,0,0,0,0,0,0,0,0,0,0,0,0,0,0,0,1.638,0,0,12.41,0
DDX3X,0,0,0,0,0,-1.924,0,0,1.7,2.278,0,0,3.075,3.443,0,1.916,0,0,-3.607,12.4,0
ZNF121,0,0,0,0,0,0,0,0,0,0,0,0,0,0,0,1.383,1.592,0,0,12.39,0
SPPL2B,0,0,0,0,0,0,0,0,0,0,0,0,-2.337,0,0,-2.272,-4.851,0,-1.543,-12.38,-4.21
GPSM2,0,0,0,0,0,0,0,0,0,0,0,0,1.662,0,0,0,0,0,0,12.37,4.736
UBR7,0,0,0,0,0,0,0,0,0,0,0,0,0,0,0,0,0,0,0,12.36,0
IFT27,0,1.516,0,0,0,0,0,0,0,0,0,0,0,0,0,-1.823,-1.519,0,-1.35,-12.35,0
GPRC5C,0,0,0,0,0,0,0,0,0,0,0,0,0,0,0,0,0,0,3.499,-12.34,-2.124
TAF8,0,0,0,0,0,0,0,0,0,0,0,0,0,0,0,0,-4.734,0,0,-12.34,0
LINGO4,0,0,0,0,0,0,0,0,0,0,0,0,0,0,0,0,12.34,0,0,0,-1.81
ABCC10,0,0,0,0,0,0,0,0,0,-2.555,0,0,0,-1.364,0,0,-2.293,0,0,-12.34,0
GON4L,0,0,0,0,0,0,0,0,-1.752,0,0,0,0,0,0,0,-7.195,0,0,-12.32,1.431
SETDB2,0,0,0,0,0,0,0,0,0,0,0,0,0,0,0,0,12.32,0,0,1.929,1.824
ENSEMBL:ENSG00000279821,0,0,0,0,0,0,0,0,0,0,0,0,1.303,1.782,0,12.29,0,0,2.838,0,0
PLEKHO1,0,0,0,0,0,0,0,0,0,0,0,0,1.411,0,0,0,0,0,0,12.29,1.765
LINC02210,0,0,0,0,0,0,0,0,0,0,0,0,0,0,0,0,-3.196,0,0,-12.28,0
ACTC1,0,0,0,0,0,0,0,0,0,0,0,0,0,0,0,0,0,0,0,6.884,12.27
AHNAK,0,-1.303,0,0,-1.373,0,0,0,0,0,0,0,0,-1.756,0,6.643,0,-1.548,12.27,-3.164,-3.072
BMS1P1,0,0,0,0,0,0,0,0,0,0,0,0,0,0,0,0,-4.955,0,0,-12.27,0
FAM102A,0,0,0,0,0,-4.39,-6.722,-3.765,0,-3.077,0,-4.382,-2.012,-5.714,0,0,6.626,0,0,12.27,0
CREBBP,0,0,0,0,0,0,0,0,0,2.57,0,0,2.197,2.972,0,0,0,-4.426,0,0,-12.26
ZNF408,0,0,0,0,0,0,-1.525,0,-1.556,0,0,0,0,0,0,0,4.878,0,0,12.24,0
PPP1R12A,0,1.459,0,0,0,0,0,0,0,1.675,0,0,0,1.426,0,5.738,0,0,12.23,2.209,-2.475
DUSP29,0,0,0,0,0,0,0,0,0,0,0,0,0,0,0,0,0,2.134,0,0,12.23
FBXO34,0,0,0,0,0,0,0,0,0,0,0,0,0,0,0,0,0,0,0,12.22,0
INKA1,0,0,0,0,0,-1.996,0,0,0,-1.657,0,0,0,-3.103,0,0,-1.425,0,0,-12.21,-6.233
PTGDR,0,0,0,0,0,8.786,12.19,1.321,0,0,0,1.341,0,0,0,0,0,0,0,0,0
TSHZ1,0,0,0,0,0,0,0,0,0,0,0,0,0,0,0,0,-2.016,-1.663,0,-12.17,-5.309
PRKAR1A,0,0,0,0,0,0,0,0,0,2.264,0,0,2.918,3.682,0,2.412,1.716,0,12.16,7.8,-5.136
FCRL6,0,0,0,0,0,11.76,12.15,1.892,0,0,0,3.215,0,0,0,0,0,0,0,0,0
ENSEMBL:ENSG00000279088,0,0,0,0,0,0,0,0,0,0,0,0,0,0,0,-12.11,0,0,-7.434,-1.52,0
MOCS2,0,0,0,0,0,0,0,0,0,0,0,0,0,0,0,2.062,0,0,12.11,0,0
ANGPTL2,0,0,0,0,0,0,0,0,0,0,0,0,0,0,0,0,8.846,0,0,12.11,0
PURB,0,0,0,0,0,0,0,0,0,1.385,0,0,0,0,0,1.813,2.656,0,0,12.09,1.971
EGR1,2.94,0,0,0,0,0,0,0,0,0,0,-1.526,0,0,0,12.09,2.073,0,11.14,3.726,0
SINHCAF,0,0,0,0,0,0,0,0,0,0,0,0,0,0,0,12.09,1.665,0,3.999,3.277,0
RBM7,0,0,0,0,0,0,0,0,0,0,0,0,0,0,0,1.619,0,0,12.08,5.299,0
NRBF2,0,0,0,0,0,0,0,0,1.593,4.601,0,0,2.92,6.292,0,0,6.039,0,0,12.07,0
PDE10A,0,0,0,0,0,0,0,0,0,0,0,0,0,0,0,0,12.05,0,0,6.818,0
DYRK2,0,0,0,0,0,0,0,0,0,0,0,0,0,0,0,0,-6.17,-1.438,0,-12.05,-3.437
AGO3,0,0,0,0,0,0,0,0,0,0,0,0,0,1.515,0,0,-2.031,0,0,-12.04,0
RBM33,0,0,0,1.571,0,0,0,0,1.4,0,0,0,0,0,0,0,0,-1.603,0,-12.03,0
COQ10B,0,0,0,0,0,0,0,0,0,1.377,0,0,0,1.839,0,1.421,0,0,0,12.03,0
ABLIM2,0,0,0,0,0,0,0,0,0,0,0,0,0,0,0,-7.201,0,0,-12.03,11.15,7.319
ENSEMBL:ENSG00000227496,0,0,0,0,0,0,0,0,0,0,0,0,0,0,0,0,0,0,0,12,10.21
NOP16,0,0,0,0,0,0,0,0,0,0,0,0,0,0,0,0,1.458,0,0,11.99,2.918
CRYZ,0,0,0,0,0,0,0,0,0,0,0,0,0,0,0,0,0,0,0,0,11.98
HSPA1A,0,0,0,0,0,0,0,0,2.337,2.487,0,0,3.572,4.345,0,6.379,1.35,0,4.483,11.98,0
DUSP14,0,0,0,0,0,0,0,0,0,0,0,0,0,0,0,0,0,0,0,11.98,0
LNPEP,0,0,0,0,0,0,0,0,0,0,0,0,0,0,0,2.326,0,0,0,11.98,0
AADAT,0,0,0,0,0,0,0,0,0,0,0,0,0,0,0,-1.615,-6.852,0,0,-11.98,0
STAT2,0,0,0,0,0,0,0,0,0,0,0,0,0,0,0,0,-2.263,0,0,-11.98,0
TET1,0,0,0,0,0,0,0,0,0,0,0,0,0,0,0,0,-3.617,0,0,-11.97,0
NFKBID,0,0,0,0,0,0,1.488,2.908,3.346,0,0,7.321,5.06,0,0,11.97,0,0,2.135,0,0
ARFGEF2,0,0,0,0,0,-2.696,0,0,0,0,0,0,0,0,0,-5.713,2.484,0,-11.96,1.591,-1.427
BCL2,0,0,0,0,0,-1.428,-1.751,0,0,-1.904,0,0,0,-5.409,0,0,0,-1.779,0,0,-11.95
ENSEMBL:ENSG00000255710,0,0,0,0,0,0,0,0,0,0,0,0,0,0,0,0,0,0,0,11.95,0
MAP2K3,0,0,0,0,0,0,-1.686,0,0,0,0,0,1.521,1.895,0,0,0,2.901,0,9.318,11.93
SGCB,0,0,0,0,0,0,0,0,0,0,0,0,0,0,0,0,0,0,0,0,-11.92
ITGA5,0,0,0,0,0,0,0,2.391,4.721,3.842,0,5.778,11.92,6.981,0,10.9,0,0,6.423,4.141,0
TTYH2,0,0,0,0,0,0,0,0,0,0,0,0,0,0,0,0,-2.402,0,0,-11.92,0
SELENOI,0,0,0,0,0,0,0,0,0,0,0,0,0,0,0,0,0,0,0,11.92,0
DLG5,0,0,0,0,0,6.864,8.917,1.321,0,0,0,1.301,0,0,0,0,0,0,0,11.91,0
MYH9,0,0,0,0,0,0,0,0,0,2.715,0,0,1.463,3.926,0,0,2.704,0,0,11.9,2.253
GLCCI1,0,0,0,0,0,0,0,0,0,0,0,0,0,1.484,0,0,-6.357,0,-1.481,-11.9,0
DDIT4,0,0,0,0,0,1.877,3.856,2.219,2.519,0,0,4.192,2.648,0,0,0,-4.461,0,6.638,-11.89,-4.857
SLAMF7,0,0,0,0,0,6.248,11.89,0,-1.398,0,0,2.664,0,0,0,0,0,0,0,0,0
CBX3,0,0,0,0,0,0,0,0,0,0,0,0,1.835,0,0,6.779,2.49,0,11.84,4.01,1.496
ATP6V1C1,0,0,0,0,0,0,0,0,0,3.113,0,0,0,6.41,0,0,11.82,0,0,2.188,0
FHL3,0,0,0,0,0,0,0,0,0,0,0,0,1.963,0,0,6.006,0,0,11.82,5.08,-2.478
TUBA8,0,0,0,0,0,0,0,0,0,0,0,1.328,2.808,0,0,0,11.81,1.444,0,3.873,2.386
CCN2,4.234,0,0,4.24,0,0,0,0,0,0,0,0,0,0,0,10.67,0,0,11.8,4.088,0
CHORDC1,0,0,0,0,0,0,0,0,1.643,0,0,0,0,0,0,10.95,2.073,0,2.738,11.79,0
ST6GALNAC4,0,0,0,0,0,-2.269,-5.853,0,0,0,0,0,0,-1.543,0,0,0,1.894,0,0,11.79
CEMIP2,0,0,0,0,0,0,0,0,0,0,0,0,0,1.6,0,0,0,0,0,11.77,-1.831
TOB1,0,0,0,0,0,0,0,0,2.635,0,0,1.911,5.035,0,0,2.351,5.327,0,11.77,8.667,0
DAB2IP,0,0,0,0,0,0,0,0,0,0,0,0,0,0,0,3.822,0,0,11.75,0,0
ENSEMBL:ENSG00000288884,0,0,0,0,0,1.634,2.56,0,0,0,0,0,0,0,0,0,-1.925,0,0,-11.75,0
TSEN54,0,0,0,0,0,8.57,11.75,1.673,0,0,0,2.911,0,0,0,0,0,0,0,0,0
UBXN1,0,1.947,0,0,0,0,0,0,0,0,0,0,0,0,0,0,0,0,11.75,1.724,0
TMEM150A,0,0,0,0,0,0,1.743,0,0,0,0,0,0,0,0,0,0,-3.106,0,-2.34,-11.74
ENSEMBL:ENSG00000226252,0,0,0,0,0,0,0,0,0,0,0,0,0,0,0,11.74,0,0,5.421,0,0
DNAJA1,0,1.67,0,0,0,0,5.257,9.447,11.68,0,0,9.029,10.53,0,0,11.74,1.456,0,1.771,8.261,0
CDS2,0,0,0,0,0,0,0,0,0,1.749,0,0,1.835,2.268,0,0,11.73,0,0,9.457,-1.469
FAM110D,0,0,0,0,0,0,0,0,0,0,0,0,0,0,0,-11.73,0,0,0,0,1.725
FHOD3,0,0,0,0,0,0,0,0,0,0,0,0,0,0,0,0,0,1.568,11.66,4.372,11.71
MKS1,0,0,0,0,0,0,0,0,0,0,0,0,0,0,0,0,-1.658,0,0,-11.71,-1.559
ZNF600,0,0,0,0,0,10.2,11.71,0,0,0,0,2.671,0,0,0,0,0,0,0,0,0
SLC9A8,0,0,0,0,0,0,0,0,0,2.519,0,0,0,7.567,0,0,-4.038,0,0,-11.7,0
PRRC2C,0,0,0,0,0,-2.152,-2.379,0,0,0,0,0,0,0,0,-2.118,0,-2.506,-11.69,7.122,2.009
FRAT1,0,0,0,0,0,0,0,0,0,3.609,0,0,1.304,5.879,0,0,-1.909,0,0,-11.69,0
ZNF174,0,0,0,0,0,0,0,0,0,0,0,0,0,0,0,0,0,0,0,-11.68,0
CD160,0,0,0,0,0,10.24,11.68,1.74,0,0,0,2.692,0,0,0,0,0,0,0,0,0
AFF1,0,0,0,0,0,-2.57,-2.88,0,0,0,0,0,0,0,0,0,0,-4.625,0,-1.47,-11.65
COL4A3,0,0,0,0,0,0,-1.474,0,0,0,0,0,0,0,0,0,0,-1.796,0,-1.436,-11.65
FOXD3,0,0,0,0,0,0,0,0,0,0,0,0,0,0,0,7.321,0,0,11.65,-2.355,0
CYP4F29P,0,0,0,0,0,10.98,11.65,1.509,0,0,0,2.836,0,0,0,0,0,0,0,0,0
TPD52L1,0,1.823,0,0,0,0,0,0,0,0,0,0,0,0,0,9.532,0,0,11.64,3.281,2.485
KLHL34,0,0,0,0,0,0,0,0,0,0,0,0,0,0,0,0,2.589,0,0,11.64,6.186
ST3GAL5,0,0,0,0,0,0,0,0,-2.044,0,0,0,0,0,0,0,11.64,0,0,0,0
IL31RA,0,0,0,0,0,0,0,0,0,0,0,0,0,0,0,0,0,0,0,9.396,11.62
WBP2,0,1.67,0,0,0,0,0,0,0,1.39,0,0,3.974,3.927,0,0,6.602,0,0,11.62,1.769
ENSEMBL:ENSG00000258461,0,0,0,0,0,0,0,0,0,0,0,0,0,0,0,0,0,0,0,11.61,-1.79
CREB1,0,0,0,0,0,-3.127,0,0,0,0,0,0,1.34,2.032,0,0,-3.453,0,0,-11.61,-1.312
LDB1,0,0,0,0,0,0,0,0,0,0,0,0,1.422,0,0,0,0,0,0,-11.6,0
LLGL2,0,0,0,0,0,11.09,11.59,3.163,0,0,0,4.02,0,0,0,0,0,0,0,0,0
C11orf24,0,0,0,0,0,0,0,0,0,0,0,0,0,0,0,0,0,0,0,11.59,3.217
ENSEMBL:ENSG00000228830,0,0,0,0,0,0,0,0,0,0,0,0,0,0,0,2.527,5.264,0,11.58,4.76,0
PAX3,0,0,0,0,0,0,0,0,0,0,0,0,0,0,0,0,-4.48,0,0,-11.58,0
MT1X,0,0,0,0,0,0,0,0,0,0,0,0,0,0,0,0,1.961,0,0,1.558,-11.58
ENSEMBL:ENSG00000249790,0,0,0,0,0,-7.339,-11.57,0,0,0,0,0,0,0,0,0,0,0,0,0,0
SCHIP1,0,0,0,0,0,0,0,0,0,0,0,0,0,0,0,0,0,0,0,11.57,0
ABCE1,0,0,0,0,0,0,0,0,0,0,0,0,0,0,0,0,0,0,0,11.56,0
CYB5R2,0,0,0,0,0,0,0,0,0,0,0,0,0,0,0,0,11.55,0,0,0,0
DES,0,0,0,0,0,0,0,0,0,0,0,0,0,0,0,-3.975,0,0,-11.54,-4.153,0
ENSEMBL:ENSG00000279289,0,0,0,0,0,0,0,0,0,0,0,0,0,0,0,1.646,0,0,1.897,11.54,0
MNT,0,0,0,0,0,0,0,0,0,2.136,0,0,0,4.995,0,0,11.5,0,0,2.075,0
DEPP1,0,0,0,0,0,0,0,0,0,0,0,0,0,0,0,-11.5,0,0,-9.333,0,0
MYO18A,0,0,0,0,0,0,0,0,0,0,0,0,0,0,0,2.063,0,0,-6.895,3.946,11.49
JMJD1C,0,0,0,0,0,-4.619,-2.664,0,0,1.577,0,0,0,1.842,0,0,0,0,0,11.48,0
COA7,0,0,0,0,0,0,0,0,0,0,0,0,0,0,0,0,10.46,0,0,11.47,0
TXLNB,0,0,0,0,0,0,0,0,0,0,0,0,0,0,0,-2.727,0,-1.987,-11.47,0,-1.784
CEP78,0,0,0,0,0,10.47,11.47,2.047,0,0,0,3.883,0,0,0,0,-1.47,0,0,-3.501,0
BIN1,0,0,0,0,0,1.556,0,0,0,-1.825,0,0,0,-3.046,0,-5.295,0,0,11.46,8.781,0
PAFAH2,0,0,0,0,0,7.209,8.82,0,-1.328,0,0,0,0,0,0,0,11.44,0,0,1.321,0
USP15,0,0,0,0,0,-1.589,0,0,0,3.455,0,0,2.5,4.699,0,0,0,0,11.44,3.112,1.308
ENSEMBL:ENSG00000271959,0,0,0,0,0,0,0,0,0,0,0,0,0,0,0,0,11.43,0,0,1.378,0
FASLG,0,0,0,0,0,9.666,11.42,0,-1.971,0,0,0,0,0,0,0,0,0,0,0,0
RAB12,0,0,0,0,0,0,0,0,0,0,0,0,0,0,0,0,0,0,0,0,-11.42
IKZF2,0,0,0,0,0,0,0,0,0,0,0,0,0,0,0,0,-3.376,0,2.405,-11.42,0
DDX3Y,0,1.399,0,0,0,-1.639,0,0,0,0,0,0,0,0,0,3.904,0,0,9.175,11.42,0
PXMP4,0,0,0,0,0,0,0,0,0,0,0,0,-1.577,-2.024,0,0,0,0,-2.308,-11.42,0
MOB3B,0,0,0,0,0,0,0,0,0,0,0,0,0,0,0,0,0,-1.697,0,-1.351,-11.41
ABLIM3,0,1.328,0,0,0,0,0,0,1.503,0,0,0,3.924,0,0,-4.309,-11.4,0,-5.811,-4.987,0
MRNIP,0,0,0,0,0,0,0,0,0,0,0,0,0,0,0,11.4,0,0,9.637,0,-1.616
ENSEMBL:ENSG00000267934,0,0,0,0,0,0,0,0,0,0,0,0,0,0,0,-1.681,0,0,-11.4,-3.999,0
WNT5A,0,0,0,0,0,0,0,0,0,0,0,0,0,0,0,0,-6.114,0,0,-11.4,0
ERCC4,0,0,0,0,0,0,0,0,0,0,0,0,0,0,0,0,-1.828,0,0,-11.39,0
RECQL5,0,0,0,0,0,0,0,0,0,0,0,0,0,0,0,-1.387,0,0,-1.391,-11.39,0
ARL4C,0,0,0,0,0,6.671,11.39,2.289,0,0,0,4.662,0,-1.848,0,0,0,0,0,0,0
CAVIN2,0,1.75,0,0,0,-2.31,0,0,0,0,0,0,2.777,0,0,-11.39,3.569,0,-8.713,2.498,0
LIMK2,0,0,0,0,0,0,0,0,0,5.35,0,0,3.84,11.37,0,0,0,0,0,-3.877,0
RNF165,0,0,0,0,0,6.346,11.37,2.39,0,0,0,3.895,0,0,0,0,0,0,0,-2.006,4.494
PER2,0,0,0,0,0,0,0,0,0,0,0,0,0,0,0,0,0,0,0,11.36,0
UBE2J1,0,0,0,0,0,-1.545,-2.023,0,0,0,0,0,0,0,0,0,2.957,0,0,11.36,0
PLGLB1,0,0,0,0,0,0,0,0,0,0,0,0,0,0,0,0,-1.943,0,0,-11.36,0
WDR26,0,0,0,0,0,-3.071,0,0,0,0,0,0,0,0,0,0,3.707,0,0,11.34,0
KLF15,0,0,0,0,0,0,0,0,0,0,0,0,0,0,0,0,11.32,0,0,7.001,0
FAM136A,0,0,0,0,0,0,0,0,0,0,0,0,0,0,0,0,0,5.718,0,0,11.31
EFR3B,0,0,0,0,0,0,0,0,0,0,0,0,0,0,0,0,0,2.39,0,0,11.31
DGCR2,0,0,0,0,0,0,0,0,0,1.93,0,0,3.128,3.723,0,0,-2.334,0,0,-11.3,0
MVD,0,0,0,0,0,9.171,11.27,3.349,0,0,0,3.717,0,0,0,0,0,0,0,0,0
B4GALT5,0,0,0,0,0,0,0,0,2.353,5.018,0,1.536,6.624,11.27,0,0,0,0,0,7.222,0
TLE3,0,0,0,0,0,0,0,0,0,5.018,0,0,2.43,11.27,0,0,0,0,0,2.881,0
SORT1,0,0,0,0,0,-1.64,0,0,0,0,0,0,0,0,0,0,3.38,0,0,11.25,5.129
BHLHE40,0,0,0,0,0,0,1.972,0,0,0,0,2.259,1.364,3.152,0,3.21,11.25,-1.326,10.29,0,-2.072
ITIH6,0,0,0,0,0,0,0,0,0,0,0,0,0,0,0,3.441,0,0,0,-11.25,-5.679
DYNLT1,0,0,0,0,0,0,0,0,0,0,0,3.268,5.637,3.646,0,0,0,0,0,11.24,9.254
RBMX,0,0,0,0,0,0,0,0,0,0,0,0,0,0,0,-5.488,0,0,-6.279,11.24,0
ZNF236,0,0,0,0,0,0,-1.43,0,0,0,0,0,0,0,0,0,0,0,0,-11.23,0
ZNF767P,0,0,0,0,0,1.366,1.575,0,0,0,0,0,0,0,0,0,-2.593,0,0,-11.23,0
ARHGEF12,0,-1.412,0,0,0,-3.032,-2.874,0,0,0,0,0,0,0,0,2.111,0,0,3.423,11.22,0
LAPTM4B,0,0,0,0,0,0,0,0,0,0,0,0,0,0,0,0,3.027,0,0,10.85,11.22
AHCYL1,0,0,0,0,0,0,0,0,0,0,0,0,0,0,0,0,0,-1.853,0,0,-11.2
COL4A4,0,0,0,0,0,0,0,0,0,0,0,0,0,0,0,0,0,-1.74,0,-1.386,-11.18
YAP1,0,0,0,0,0,0,0,0,0,0,0,0,0,0,0,3.799,0,0,2.858,0,-11.18
LRRC38,0,0,0,0,0,0,0,0,0,0,0,0,0,0,0,0,-1.47,0,0,-11.17,0
BTN2A1,0,0,0,0,0,0,0,0,0,1.338,0,0,2.935,3.756,0,11.16,-1.342,0,0,-9.56,0
TRIM68,0,0,0,0,0,0,0,0,0,0,0,0,0,0,0,0,0,0,-2.19,-11.16,0
KMT5B,0,0,0,0,0,0,0,0,0,0,0,0,0,1.53,0,0,-7.562,0,0,-11.16,0
CD55,0,0,0,0,0,0,0,0,2.885,5.289,0,1.997,6.638,11.16,0,0,0,0,0,7.189,0
BTBD9,0,0,0,0,0,0,0,0,0,0,0,0,0,0,0,0,0,1.625,0,0,11.16
PRADC1,0,0,0,0,0,0,0,0,0,0,0,0,0,-1.427,0,0,0,6.557,0,0,11.16
ESRP2,0,0,0,0,0,0,0,0,0,0,0,0,0,0,0,-4.655,-3.913,0,-3.165,-11.16,0
XPC,0,0,0,0,0,0,-1.352,0,0,0,0,0,0,4.668,0,1.329,0,0,11.13,0,0
EEF2K,0,0,0,0,0,0,0,0,0,0,0,0,0,0,0,-11.13,1.74,0,5.667,5.025,0
EIF4A3,0,0,0,0,0,0,0,0,0,0,0,0,0,0,0,0,3.348,0,0,11.13,0
ZNF22,0,0,0,0,0,0,0,0,0,0,0,0,0,0,0,8.725,0,-1.335,11.13,1.559,0
PSMF1,0,0,0,0,0,-4.935,-4.556,0,0,0,0,0,0,0,0,0,0,2.263,11.12,0,0
ENSEMBL:ENSG00000239665,0,0,0,0,0,0,0,0,0,0,0,0,0,2.167,0,-1.68,0,0,0,-11.12,0
ARHGEF7,0,0,0,0,0,0,0,0,0,0,0,0,0,0,0,5.639,0,-2.475,11.12,0,-2.334
CARF,0,0,0,0,0,-1.61,0,0,0,0,0,0,0,0,0,0,0,0,0,-11.12,0
CD7,0,0,0,0,0,11.12,9.76,0,0,0,0,4.184,0,0,0,0,0,0,0,0,0
ZC3H11A,0,0,0,0,0,-2.218,0,0,0,0,0,0,3.485,1.919,0,-1.669,0,-1.304,-11.11,-1.816,-4.191
ZNF548,0,0,0,0,0,0,-1.335,0,0,0,0,0,0,0,0,11.11,2.029,0,5.069,5.219,0
NUP214,0,0,0,0,0,0,0,0,0,1.388,0,0,1.552,2.757,0,-4.01,0,0,11.1,-4.711,0
TBC1D10B,0,0,0,0,0,0,0,0,0,1.308,0,0,3.185,1.413,0,-7.386,0,0,-11.1,-1.4,0
STRAP,0,0,0,0,0,0,0,0,0,0,0,0,0,0,0,0,0,2.23,0,3.265,11.1
MAP4K4,0,-1.519,0,0,0,0,0,0,1.709,4.003,0,0,2.77,5.468,0,-4.202,0,0,-11.09,1.966,0
SNX27,0,0,0,0,0,0,0,0,3.239,2.486,0,0,3.6,3.721,0,11.09,1.565,0,5.066,0,-1.883
SEC14L1,0,0,0,0,0,-1.938,0,0,0,2.603,0,0,3.613,4.604,0,0,0,-2.701,0,0,-11.09
CA4,0,0,0,0,0,0,0,0,1.593,2.333,0,0,2.408,4.705,0,-1.498,-11.08,0,0,-7.05,0
ENSEMBL:ENSG00000270605,0,0,0,0,0,0,0,0,0,0,0,0,0,0,0,0,-1.989,0,0,-11.08,0
RABL6,0,0,0,0,0,3.728,2.582,0,0,0,0,0,0,0,0,-3.664,0,0,-11.08,-1.377,0
F2R,0,0,0,0,0,4.877,11.07,3.289,0,0,0,7.419,2.993,0,0,0,0,0,0,3.292,0
BMT2,0,0,0,0,0,0,0,0,0,1.81,0,0,0,1.508,0,1.332,-4.358,0,0,-11.06,0
MAMSTR,0,0,0,0,0,0,0,0,0,0,0,0,0,0,0,0,0,0,0,-11.06,0
PITX2,0,0,0,0,0,0,0,0,0,0,0,0,0,0,0,0,-1.353,0,0,-11.04,-1.919
FBXL22,0,0,0,0,0,0,0,0,0,0,0,0,0,0,0,0,-1.529,0,0,-11.04,0
S100PBP,0,0,0,0,0,0,0,0,0,0,0,0,0,0,0,0,-2.931,0,0,-11.03,0
ZNF362,0,0,0,0,0,0,1.69,0,0,0,0,0,-1.432,0,0,0,0,0,0,-11.03,0
ERRFI1,0,0,0,0,0,0,0,0,0,0,0,0,0,0,0,0,0,0,0,11.03,0
MBD6,0,0,0,0,0,0,0,0,0,3.027,0,0,2.781,6.99,0,0,-5.031,0,0,-11.03,-1.485
EGR2,0,0,0,0,0,0,0,0,0,0,0,0,0,0,0,11.02,0,0,4.554,1.423,0
PLPP1,0,0,0,0,0,0,0,0,0,0,0,0,0,0,0,0,0,0,0,11.01,4.806
AGAP4,0,0,0,0,0,0,0,0,0,0,0,0,0,0,0,0,-1.47,0,0,-11.01,0
SPART,0,0,0,0,0,0,0,0,0,1.891,0,0,0,0,0,2.388,6.629,0,2.611,11.01,0
EIF5B,0,0,0,0,0,0,0,0,0,-1.664,0,0,0,-1.577,0,-5.549,0,0,11.01,5.087,3.507
HSPA5,0,0,0,0,0,0,0,0,0,0,0,0,3.157,0,0,0,3.235,0,0,11,0
HSPB7,0,0,0,0,0,0,0,0,0,0,0,0,0,0,0,0,0,0,-1.481,11,8.433
ELOVL6,0,0,0,0,0,3.829,10.99,0,0,0,0,2.907,0,0,0,0,0,0,0,0,0
TEF,0,0,0,0,0,0,0,0,0,0,0,0,0,0,0,0,0,0,0,-10.99,0
RUNX1,0,0,0,0,0,0,0,0,0,0,0,0,0,-1.303,0,0,0,0,0,10.99,0
NSD3,0,0,0,0,0,-4.482,-3.147,0,0,0,0,0,0,0,0,0,-1.818,0,0,-10.98,0
SIPA1L2,0,0,0,0,0,0,0,0,0,3.839,0,0,0,5.566,0,0,0,2.284,0,0,10.97
CRK,0,0,0,0,0,0,0,0,4.421,2.611,0,0,3.229,3.636,0,0,9.178,0,2.094,10.97,0
NPC1,0,0,0,0,0,5.907,10.97,0,0,0,0,2.335,0,0,0,0,2.055,0,0,9.168,0
TRIM7,0,0,0,0,0,0,0,0,0,0,0,0,0,0,0,0,0,0,0,-6.203,-10.97
RNF144B,0,0,0,0,0,0,0,0,0,0,0,0,0,0,0,0,0,0,0,10.97,0
TRAPPC8,0,0,0,0,0,0,0,0,0,1.56,0,0,0,3.273,0,10.96,0,0,6.098,0,0
LSS,0,0,0,0,0,2.952,3.217,0,0,-2.075,0,0,0,-2.775,0,0,10.95,2.983,0,0,0
SNRK,0,0,0,0,0,0,0,0,0,2.492,0,0,0,3.581,0,0,0,0,0,10.94,0
CACUL1,0,0,0,0,0,0,0,0,0,3.692,0,0,0,4.461,0,0,0,0,0,0,-10.94
RGCC,0,1.48,0,0,0,-1.91,-1.587,0,0,-2.92,0,0,0,-3.467,0,10.94,3.305,0,5.971,2.824,1.67
MIEF2,0,0,0,0,0,0,0,0,0,0,0,0,0,0,0,0,1.823,1.653,0,10.94,2.752
ZNF429,0,0,0,0,0,0,0,0,0,3.027,0,0,0,7.119,0,0,0,0,0,-10.94,0
YWHAQ,0,0,0,0,0,0,0,0,0,0,0,0,0,0,0,0,0,0,0,10.93,0
SLC25A30,0,0,0,0,0,0,0,0,0,0,0,0,0,0,0,0,8.702,0,0,10.93,0
MCM3AP,0,0,0,0,0,0,0,0,0,0,0,0,0,0,0,0,0,0,10.92,6.848,0
HPN,0,0,0,0,0,0,0,0,0,0,0,0,0,0,0,0,0,0,0,0,-10.92
FAM229A,0,0,0,0,0,0,1.605,0,0,0,0,0,0,0,0,0,-3.846,0,-2.084,-10.92,0
PRSS30P,0,0,0,0,0,10.91,8.373,0,-2.05,0,0,0,0,0,0,0,0,0,0,0,0
NEO1,0,0,0,0,0,0,0,0,0,0,0,0,0,0,0,0,0,-1.833,0,0,-10.89
TRIM65,0,0,0,0,0,0,0,0,0,-1.602,0,0,0,-1.803,0,0,0,-1.379,0,-10.89,-1.698
NES,0,1.361,0,0,0,0,0,0,0,0,0,0,0,0,0,8.829,2.934,0,10.88,5.262,0
CASP8AP2,0,0,0,0,0,-1.668,0,0,0,0,0,0,0,0,0,0,0,0,0,-10.88,0
MAPK6,0,0,0,0,0,0,0,0,0,0,0,0,0,0,0,0,4.271,0,0,10.87,-1.995
ADRB2,0,0,0,0,0,0,3.309,0,-2.143,0,0,0,-1.342,0,0,10.87,0,0,8.316,0,0
ENSEMBL:ENSG00000289191,0,0,0,0,0,10.13,10.87,1.873,0,0,0,3.784,0,0,0,0,0,0,0,0,0
MIRLET7A1HG,0,0,0,0,0,0,0,0,0,0,0,0,0,0,0,0,0,0,0,10.87,0
HNRNPH1,0,0,0,0,0,0,0,0,0,0,0,0,0,0,0,2.277,0,0,10.86,5.908,1.49
ENSEMBL:ENSG00000277196,0,0,0,0,0,0,0,0,0,0,0,0,0,0,0,0,10.83,7.815,0,3.858,0
ENSEMBL:ENSG00000260855,0,0,0,0,0,0,0,0,0,0,0,0,0,0,0,0,0,0,0,-10.82,0
TSC2,0,0,0,0,0,0,0,0,0,0,0,0,0,0,0,-1.91,0,0,-10.82,-9.152,0
AP1AR,0,0,0,0,0,0,-1.331,0,0,0,0,0,0,0,0,0,10.8,0,0,6.375,0
DACH1,0,0,0,0,0,0,0,0,0,0,0,0,0,0,0,0,-5.478,0,0,-10.8,0
EPPK1,0,0,0,0,0,0,0,0,0,0,0,-1.592,0,0,0,10.8,0,0,3.168,0,0
MYOG,0,0,0,0,0,0,0,0,0,0,0,0,0,0,0,0,-1.46,0,0,10.79,4.223
SOCS3,0,0,0,0,0,0,0,0,0,4.493,0,0,2.592,10.79,0,2.07,0,0,0,1.794,0
PUS7L,0,0,0,0,0,0,0,0,0,0,0,0,0,0,0,0,-3.703,0,0,-10.78,1.783
SLC66A1,0,0,0,0,0,0,0,0,0,0,0,0,0,0,0,0,5.513,0,0,10.78,0
MLF2,0,0,0,0,0,0,0,0,0,2.104,0,0,1.861,3.561,0,0,0,0,10.77,0,0
PALS2,0,0,0,0,0,-1.872,0,0,0,-1.485,0,0,-1.768,-1.693,0,0,0,0,0,0,-10.76
TMEM11,0,0,0,0,0,0,0,0,0,0,0,0,0,0,0,0,1.768,3.529,2.012,4.775,10.76
NCR1,0,0,0,0,0,6.245,10.76,0,0,0,0,1.881,0,0,0,0,0,0,0,0,0
SIK2,0,0,0,0,0,0,0,0,0,0,0,0,0,0,0,0,0,0,0,10.74,0
NCALD,0,0,0,0,0,7.468,10.73,1.957,0,0,0,4.627,0,0,0,0,0,-1.357,0,0,0
ZNF384,0,0,0,0,0,0,0,0,0,0,0,0,0,1.685,0,0,0,0,0,-10.73,0
KLRB1,0,0,0,0,0,10.51,10.72,2.825,0,0,0,7.205,0,0,0,0,0,0,0,0,0
BSG,0,0,0,0,0,0,0,0,1.474,0,0,0,0,0,0,0,6.929,10.71,0,0,0
ZNF687,0,0,0,0,0,0,-1.675,0,0,1.421,0,0,1.578,3.971,0,0,0,0,4.579,-10.71,0
CD93,0,0,0,0,0,-1.456,0,0,0,2.102,0,0,0,3.068,0,10.07,10.52,0,5.902,10.71,0
EIF4A1,0,0,0,0,0,3.723,3.28,0,0,0,0,0,0,0,0,0,0,0,0,10.71,0
SRSF3,0,0,0,0,0,0,0,0,0,0,0,0,0,0,0,10.7,0,0,2.614,6.725,0
TAGAP,0,0,0,0,0,0,0,4.389,10.34,4.191,0,4.157,10.7,7.294,0,0,0,0,0,0,0
CPLANE1,0,0,0,0,0,0,0,0,0,0,0,0,0,0,0,0,-2.723,0,1.631,-10.69,0
ARL10,0,0,0,0,0,0,0,0,0,0,0,0,0,0,0,0,10.69,0,0,1.66,0
GAPVD1,0,0,0,0,0,-2.206,-1.431,0,0,0,0,0,0,0,0,-5.764,0,0,-10.69,7.543,0
SLC25A33,0,0,0,0,0,1.436,0,0,0,0,0,0,0,0,0,0,10.67,0,0,7.771,0
MAF1,0,0,0,0,0,0,0,0,0,0,0,0,0,0,0,-10.67,0,0,-7.996,1.68,0
HNRNPC,0,0,0,0,0,0,0,0,0,0,0,0,2.831,2.794,0,0,0,0,10.65,4.608,0
SYNPO2L,0,0,0,0,0,0,0,0,0,0,0,0,0,0,0,5.615,0,0,-10.65,-1.312,3.737
HEY1,0,0,0,0,0,0,0,0,0,1.952,0,0,0,2.45,0,3.177,5.239,0,5.446,10.65,0
ENSEMBL:ENSG00000255148,0,0,0,0,0,0,0,0,0,0,0,0,0,0,0,10.64,0,0,5.652,1.882,0
SSBP3-AS1,0,0,0,0,0,0,0,0,0,0,0,0,0,0,0,0,-1.707,0,0,-10.63,0
FNBP4,0,0,0,0,0,0,0,0,0,0,0,0,0,0,0,-10.63,-1.323,-1.48,-1.818,-6.646,-1.374
ZBTB7B,0,0,0,0,0,0,0,0,3.668,3.237,0,2.418,10.12,4.228,0,0,-1.589,0,0,-10.63,-3.772
SBK1,0,0,0,0,0,6.831,7.847,0,0,0,0,1.421,0,0,0,0,0,0,0,-10.61,2.644
ENSEMBL:ENSG00000287629,0,0,0,0,0,0,0,0,0,0,0,0,0,0,0,0,0,0,0,10.6,5.335
PJA2,0,0,0,0,0,0,0,0,0,3.181,0,0,1.475,3.771,0,0,0,0,10.6,1.936,5.355
PHF23,0,0,0,0,0,0,1.648,3.658,4.721,1.577,0,7.713,10.59,2.937,0,0,1.356,0,0,0,0
PNN,0,0,0,1.437,0,0,0,0,0,0,0,0,0,0,0,2.698,1.895,0,10.59,6.787,0
ZC3H6,0,0,0,0,0,0,0,0,0,0,0,0,0,0,0,0,0,0,0,-10.59,0
HAVCR2,0,0,0,0,0,5.779,10.58,0,-2.05,0,0,1.79,0,0,0,0,0,0,0,0,0
MAP3K7CL,0,0,0,0,0,-2.134,-2.991,0,0,0,0,0,0,0,0,0,0,0,0,2.917,10.58
FBXO32,0,0,0,0,0,0,0,0,-1.956,0,0,0,-2.336,-1.498,0,0,4.161,0,0,-2.119,-10.58
SLC16A1-AS1,0,0,0,0,0,0,0,0,0,0,0,0,0,-2.3,0,0,10.58,0,0,9.535,0
CCDC91,0,0,0,0,0,0,0,0,0,0,0,0,0,-1.905,0,0,0,1.353,0,0,10.57
SNHG1,0,0,0,0,0,0,0,0,0,0,0,0,0,0,0,0,3.686,0,-3.685,10.57,0
SLC25A37,0,0,0,0,0,-7.109,-10.57,0,0,0,0,0,0,0,0,0,0,0,0,0,3.055
ZMYND8,0,0,0,0,0,0,0,0,0,0,0,0,0,0,0,0,-1.991,0,1.41,-10.56,0
ZNF507,0,0,0,0,0,0,0,0,0,0,0,0,0,0,0,0,2.606,0,0,10.55,0
FAXDC2,0,0,0,0,0,-3.06,-1.733,0,1.587,0,0,0,2.84,0,0,0,-2.636,0,0,-10.55,-3.634
SPAG7,0,0,0,0,0,0,0,0,0,0,0,0,0,0,0,0,0,1.764,10.55,0,0
BCORL1,0,0,0,0,0,0,0,2.111,3.346,2.65,0,3.364,10.53,3.721,0,2.025,0,0,3.401,-4.996,0
PPIL2,0,0,0,0,0,2.946,4.254,0,0,0,0,0,0,0,0,-1.432,-5.281,0,0,-10.53,0
CIRBP,0,0,0,0,0,0,0,0,0,0,0,0,0,0,0,-10.52,-3.443,0,-5.348,-2.651,-3.531
MAPT,0,-2.39,0,0,0,0,0,0,0,0,0,0,0,0,0,-7.063,4.718,0,-10.51,-6.99,3.862
IFI44L,0,0,0,0,0,0,0,0,0,0,0,0,0,-1.56,0,0,-10.51,0,0,-5.89,0
XBP1,0,0,0,0,0,7.108,10.5,0,0,-1.452,0,1.929,0,-1.914,0,0,0,0,0,2.638,0
GTDC1,0,0,0,0,0,0,0,1.646,1.835,6.176,0,1.609,3,7.899,0,0,0,0,0,0,10.5
TLE4,0,0,0,0,0,0,0,0,0,0,0,0,0,1.89,0,1.684,3.006,-1.778,7.037,10.49,0
CYRIA,0,0,0,0,0,0,0,0,0,0,0,0,3.232,2.764,0,0,0,0,0,10.47,0
PRSS53,0,0,0,0,0,0,0,0,0,0,0,0,0,0,0,0,0,0,0,-10.47,0
ABCA2,0,0,0,0,-1.373,7.949,10.47,1.625,0,0,0,3.634,0,0,0,0,0,0,0,0,0
PGPEP1,0,0,0,0,0,5.171,10.47,0,0,0,0,1.435,0,0,0,0,0,0,0,0,0
TIAF1,0,0,0,0,0,0,0,0,0,0,0,0,0,0,0,1.328,0,0,4.981,10.47,0
FBXL20,0,0,0,0,0,0,0,0,0,2.389,0,0,0,2.61,0,0,0,0,0,-10.47,-2.817
ANKRD2,0,0,0,0,0,0,0,0,0,0,0,0,0,0,0,-2.15,0,0,-10.2,1.772,10.44
NUMA1,0,-1.5,0,0,0,0,0,0,0,0,0,0,0,0,0,0,0,-5,1.387,-6.878,-10.44
NATD1,0,0,0,0,0,0,0,0,0,6.759,0,0,2.052,10.43,0,0,0,0,0,4.433,6.639
STX11,0,0,0,0,0,0,0,0,0,5.018,0,0,2.712,10.43,0,4.065,1.435,0,2.955,3.148,0
SBNO2,0,0,0,0,0,0,0,0,0,5.018,0,0,2.146,10.43,0,0,0,0,0,1.635,0
TCF20,0,0,0,0,0,-1.375,0,0,0,0,0,0,0,0,0,4.726,0,0,10.43,-4.155,0
APBB2,0,1.847,0,0,0,0,0,0,0,0,0,0,0,0,0,-2.013,0,0,10.43,6.346,1.742
SNTB2,0,0,0,0,0,0,1.632,1.396,0,0,0,0,0,0,0,2.969,-1.618,-1.697,10.41,-1.566,-2.711
APOBEC3G,0,0,0,0,0,10.4,9.402,0,0,0,0,2.454,0,0,0,0,0,0,0,0,0
SLC46A1,0,0,0,0,0,0,0,0,0,0,0,0,0,0,0,0,0,0,0,-10.39,0
DNMBP,0,0,0,0,0,0,0,0,0,0,0,0,0,0,0,-2.753,0,0,-10.39,4.416,0
TNFRSF13C,0,0,0,0,0,-6.476,-10.39,-6.57,0,-1.425,0,-3.314,0,-2.973,0,0,0,0,0,0,0
TESK2,0,0,0,0,0,0,0,0,0,0,0,0,0,0,0,0,-1.47,0,0,-10.39,0
SMTN,0,0,0,0,0,0,0,0,0,0,0,0,0,0,0,0,0,0,10.39,6.161,1.506
KLF10,0,0,0,0,0,0,3.861,3.163,4.061,0,0,9.52,10.38,0,0,0,0,0,0,0,0
ZNF385B,0,0,0,0,0,0,0,0,0,0,0,0,0,0,0,0,0,0,0,10.37,0
SLC3A2,0,0,0,0,0,0,0,0,0,0,0,0,-1.492,0,0,0,3.636,0,0,10.36,0
KLHL9,0,0,0,0,0,0,0,0,0,0,0,0,0,0,0,0,3.167,0,0,10.36,0
FGF6,0,0,0,0,0,0,0,0,0,0,0,0,0,0,0,0,1.31,0,3.735,10.35,4.476
HSPA8,0,0,0,0,0,1.628,10.34,7.537,5.797,-2.266,0,5.346,3.6,-2.851,0,0,0,0,-5.706,0,1.519
RBM39,0,0,0,0,0,0,0,0,2.139,0,0,1.516,4.859,4.191,0,0,4.186,0,0,10.34,0
ZBED5-AS1,0,0,0,0,0,0,0,0,0,0,0,0,0,0,0,0,0,0,0,10.34,2.446
ZCCHC8,0,0,0,0,0,0,0,0,0,0,0,0,0,0,0,0,5.014,0,10.33,6.914,0
PALMD,0,0,0,0,0,0,0,0,0,0,0,0,0,0,0,-3.446,10.32,0,-9.297,10.11,0
PRKRIP1,0,1.395,0,0,0,2.028,2.201,0,0,0,0,0,0,0,0,0,-3.934,0,0,-10.32,0
PRR5L,0,0,0,0,0,6.504,10.3,0,0,0,0,3.055,0,0,0,0,0,0,0,0,0
ACSL1,0,0,0,0,0,0,0,0,0,4.601,0,0,3.211,8.298,0,0,4.257,10.29,0,1.77,0
LGALS9B,0,0,0,0,0,5.998,10.29,0,0,0,0,1.929,0,0,0,0,0,0,0,0,0
GPLD1,0,0,0,0,0,0,0,0,0,0,0,0,0,0,0,0,0,0,0,-10.28,-4.258
ANXA1,0,1.412,0,0,0,0,1.665,0,2.811,0,0,5.513,10.28,1.828,0,0,0,0,0,0,0
LMO7,0,0,0,0,0,-1.804,-1.787,0,0,0,0,0,0,0,0,4.71,0,0,10.28,8.484,0
FBXO46,0,0,0,0,0,0,0,0,0,0,0,0,0,0,0,0,0,0,0,-10.28,0
CCSER2,0,0,0,0,0,0,0,0,0,0,0,0,0,0,0,0,0,0,0,10.28,4.626
WDR33,0,0,0,0,0,0,0,0,0,0,0,-2.094,-3.139,0,0,0,0,0,0,-10.28,0
RCAN1,0,0,0,0,0,0,0,0,0,0,0,0,0,0,0,0,0,0,6.14,10.27,0
MSN,0,0,0,0,0,0,0,0,0,2.951,0,0,4.097,5.638,0,4.14,8.65,0,1.428,10.27,0
ACTN2,0,0,0,0,0,0,0,0,0,0,0,0,0,0,0,0,0,0,9.077,7.079,10.27
PPAN,0,0,0,0,0,0,0,0,0,0,0,0,0,0,0,0,0,0,0,10.25,0
MPP1,0,0,0,0,0,-2.621,-2.669,0,1.989,0,0,0,3.346,0,0,-3.352,0,6.974,-10.24,-1.52,0
NFIC,0,0,0,0,0,0,0,0,0,0,0,0,1.682,0,0,-2.038,0,0,-10.24,-1.371,4.214
HSD17B1-AS1,0,0,0,0,0,0,0,0,0,0,0,0,0,0,0,0,0,0,0,-10.23,2.031
FILIP1,0,0,0,0,0,0,0,0,0,0,0,0,0,0,0,1.468,0,0,-10.23,3.746,0
C10orf71,0,0,0,0,0,0,0,0,0,0,0,0,0,0,0,-9.64,1.46,0,-10.22,2.785,0
VCPIP1,0,0,0,0,0,0,0,0,0,0,0,0,0,1.327,0,-8.624,1.958,0,-10.22,7.177,-2.259
ENSEMBL:ENSG00000278330,0,0,0,0,0,0,0,0,0,0,0,0,0,0,0,4.14,6.441,0,10.22,0,0
PLCD3,0,0,0,0,0,0,0,0,0,0,0,0,0,0,0,0,0,0,0,0,-10.21
VPS13D,0,0,0,0,0,-1.713,0,0,0,0,0,0,0,0,0,0,0,0,4.743,10.2,-2.883
ALDH8A1,0,0,0,0,0,0,0,0,0,0,0,0,0,0,0,0,-2.49,0,0,-10.2,0
ZNF146,0,0,0,0,0,0,0,0,0,0,0,0,0,0,0,0,0,0,0,10.18,-1.857
UHRF1BP1,0,0,0,0,0,0,0,0,0,0,0,0,0,0,0,-3.849,0,0,-10.17,0,0
SCML1,0,0,0,0,0,0,0,0,0,0,0,0,0,0,0,0,4.453,0,0,10.17,0
CTNNAL1,0,0,0,0,0,0,0,0,0,0,0,0,0,0,0,0,0,0,0,4.992,10.17
STIP1,0,0,0,0,0,0,10.17,6.327,9.404,0,0,4.163,3.154,-1.377,0,0,0,0,0,1.328,6.879
USP6,0,0,0,0,0,0,0,0,0,0,0,0,0,0,0,0,0,-3.493,0,-1.593,-10.17
MARCHF6,0,0,0,0,0,0,0,0,0,0,0,0,0,1.358,0,0,0,-2.334,0,0,-10.16
PPP1R15B,1.444,0,0,0,0,-1.529,0,0,1.667,2.492,0,0,2.425,3.303,0,10.16,0,0,2.114,4.129,0
CHMP4B,0,0,0,0,0,0,0,0,0,0,0,0,0,0,0,0,0,0,0,3.733,10.15
AGT,0,0,0,0,0,0,0,0,0,0,0,0,0,0,0,0,0,0,0,0,-10.15
MICALL1,0,0,0,0,0,0,0,0,0,0,0,0,0,0,0,-6.567,0,0,-10.14,0,4.475
SLC25A42,0,0,0,0,0,2.217,1.937,0,0,0,0,0,0,0,0,0,0,3.664,0,-4.065,10.14
NXF1,0,0,0,0,0,0,1.779,0,0,0,0,0,2.6,2.041,0,-4.5,-2.815,0,-10.14,0,-2.918
ATXN7L2,0,0,0,0,0,0,0,0,0,0,0,0,-3.117,0,0,0,0,0,0,-10.13,0
TMEM33,0,0,0,0,0,0,0,0,0,2.43,0,0,1.468,2.524,0,0,10.13,0,0,6.307,1.403
FCRL1,0,0,0,0,0,-5.891,-10.12,-5.146,0,0,0,-6.833,-3.635,0,0,0,0,0,0,0,0
UCN,0,0,0,0,0,0,0,0,0,0,0,0,0,0,0,0,0,0,0,10.12,0
ERGIC1,0,0,0,0,0,0,0,0,0,5.018,0,0,3.254,10.11,0,0,0,0,0,0,7.006
GATA2,0,0,0,0,0,-1.519,0,0,0,0,0,0,4.818,-1.362,0,4.91,0,0,10.11,0,0
MKRN2,0,0,0,0,0,0,0,0,0,0,0,0,0,0,0,0,3.318,0,7.5,10.1,0
MED17,0,0,0,0,0,0,0,0,0,0,0,0,0,0,0,1.474,5.064,0,2.776,10.08,0
ATF7,0,0,0,0,0,0,0,0,1.862,0,0,0,2.456,0,0,0,-1.888,-2.453,-1.413,-10.08,-2.711
SMTNL1,0,0,0,0,0,0,0,0,0,0,0,0,0,0,0,0,0,0,6.798,10.07,2.307
OTUD4,0,1.315,0,0,0,-1.669,0,0,0,0,0,0,0,0,0,2.273,0,-1.824,8.663,10.07,-4.654
FSD1,0,0,0,0,0,4.484,10.07,0,0,0,0,3.055,0,0,0,0,0,0,0,0,0
ALS2,0,0,0,0,0,-1.759,0,0,0,0,0,0,0,0,0,-2.292,0,0,-10.06,-1.613,-3.648
HOOK2,0,0,0,0,0,0,0,0,0,0,0,0,0,0,0,0,1.967,4.804,0,3.162,10.05
EZH1,0,0,0,0,0,0,0,0,0,0,0,0,2.527,4.629,0,0,0,-3.532,0,-1.954,-10.05
MRPS12,0,0,0,0,0,0,0,0,-1.32,0,0,0,0,0,0,0,0,9.276,0,0,10.05
SUMF2,0,0,0,0,0,1.851,2.57,0,0,-1.391,0,0,0,-1.83,0,0,-2.576,0,0,-10.04,-5.319
ATP7B,0,0,0,0,0,-1.838,0,0,0,0,0,0,0,0,0,0,-1.474,0,0,-10.04,0
TMEM43,0,0,0,0,0,0,0,0,1.963,4.742,0,0,5.089,10.04,0,0,0,0,0,2.295,2.803
RAB40C,0,0,0,0,0,0,0,0,0,0,0,0,0,2.916,0,0,0,0,-1.673,-10.04,-1.656
WNK2,0,0,0,0,0,0,0,0,0,0,0,0,0,0,0,-3.007,0,0,-10.02,0,-3.216
PDK4,0,0,0,0,0,-2.352,-4.384,-2.545,0,0,0,-5.09,-1.716,0,0,0,3.034,0,1.791,10.01,0
WNT4,0,0,0,0,0,0,0,0,0,0,0,0,0,0,0,0,-2.669,-2.133,0,-4.319,-10.01
SMAD7,0,0,0,0,0,3.748,10.01,2.374,0,0,0,3.298,1.32,0,0,5.608,1.955,0,6.504,0,0
GJD2-DT,0,0,0,0,0,0,0,0,0,0,0,0,0,0,0,0,0,0,0,4.787,10
ENSEMBL:ENSG00000260592,0,0,0,0,0,-6.177,-9.992,0,0,0,0,0,0,0,0,0,0,0,0,0,0
ZFP64,0,0,0,0,0,0,0,0,0,0,0,0,0,0,0,0,0,0,0,-9.992,0
ENSEMBL:ENSG00000270060,0,0,0,0,0,0,0,0,0,0,0,0,0,0,0,0,3.77,0,0,9.983,1.337
TRIM66,0,0,0,0,0,0,0,0,0,0,0,0,0,0,0,0,0,0,0,-9.983,0
INPP4B,0,0,0,0,0,-3.897,-2.758,0,0,0,0,0,0,0,0,0,0,1.479,0,0,9.981
CCDC32,0,0,0,0,0,0,0,0,0,0,0,0,0,0,0,0,0,0,0,-9.972,0
RSAD2,0,0,0,0,0,0,0,0,0,-1.47,0,0,0,0,0,0,-9.968,0,0,-9.591,-1.988
STOX2,0,0,0,0,0,0,0,0,0,0,0,0,0,0,0,-1.406,9.968,0,0,-2.022,0
ATP6V0B,0,0,0,0,0,0,0,0,0,2.396,0,1.526,2.707,4.916,0,0,2.409,4.19,0,7.445,9.966
TOR1AIP1,0,0,0,0,0,0,0,0,0,2.051,0,0,0,2.938,0,0,0,-2.463,3.029,0,-9.964
MYOM3,0,0,0,0,0,0,0,0,0,0,0,0,0,0,0,0,0,0,2.653,6.83,9.962
CALU,0,1.325,0,0,0,0,0,0,0,0,0,0,0,0,0,0,0,0,0,3.503,9.959
IDH3A,0,0,0,0,0,0,0,0,0,0,0,0,0,0,0,0,0,7.784,0,3.467,9.959
FYTTD1,0,0,0,0,0,0,0,0,0,0,0,0,0,0,0,0,0,0,0,8.856,9.959
AAK1,0,0,0,0,0,0,0,0,0,-2.015,0,0,-2.947,-4.547,0,-4.257,0,0,-9.957,2.09,0
KCP,0,0,0,0,0,0,0,0,0,0,0,0,0,0,0,0,0,0,0,9.951,3.113
HSPA4,0,0,0,0,0,0,0,0,0,0,0,0,0,0,0,-3.1,0,0,-2.577,3.388,9.951
ENSEMBL:ENSG00000253389,-2.4,0,0,-3.022,0,0,0,0,0,0,0,0,0,0,0,0,0,0,0,-2.028,-9.951
TOGARAM2,0,0,0,0,0,7.12,9.947,0,0,0,0,3.251,0,0,0,0,2.604,0,0,0,0
TGFBR3,0,0,0,0,0,6.545,9.947,1.592,0,0,0,1.659,0,0,0,0,0,0,0,0,-1.675
SIGLEC17P,0,0,0,0,0,8.02,9.946,0,0,0,0,3.527,0,0,0,0,0,0,0,0,0
EAF1,0,0,0,0,0,0,0,0,0,0,0,0,0,0,0,0,1.76,0,0,9.943,0
IL12RB2,0,0,0,0,0,2.289,3.179,0,0,0,0,2.105,0,0,0,0,0,0,0,2.746,9.925
PNPLA7,0,0,0,0,0,0,0,0,0,0,0,-2.006,0,0,0,0,0,0,0,0,-9.925
MAPK9,0,0,0,0,0,0,0,0,0,0,0,0,0,0,0,0,0,0,9.921,0,0
CYCS,0,0,0,0,0,0,0,0,0,0,0,0,0,0,0,0,0,7.815,0,2.429,9.916
RORA,0,0,0,0,0,0,0,0,0,0,0,0,0,0,0,0,0,-1.804,0,0,-9.916
AMIGO1,0,0,0,0,0,0,0,0,0,0,0,0,0,-1.577,0,0,0,0,0,-9.91,0
PYGO2,0,0,0,0,0,2.147,2.094,0,0,0,0,2.125,2.798,0,0,0,-2.112,0,-1.598,-9.904,0
ITGAV,0,0,0,0,0,0,2.162,0,0,0,0,0,0,0,0,0,0,0,0,1.421,9.898
FAM86DP,0,0,0,0,0,0,0,0,0,0,0,0,0,0,0,0,0,1.364,0,1.423,9.896
OSER1,0,0,0,0,0,0,0,0,0,0,0,0,0,3.982,0,0,0,0,0,9.878,-6.189
PAK1,0,0,0,0,0,0,0,0,2.154,2.198,0,0,3.821,2.199,0,0,0,0,9.875,2.538,-3.442
KLHL21,0,0,0,0,0,0,0,0,0,3.511,0,0,0,6.942,0,0,9.874,0,0,0,-6.186
IQGAP1,0,0,0,0,0,0,0,0,0,3.343,0,0,2.526,5.072,0,0,0,0,0,9.869,0
ARHGAP26,0,0,0,0,0,0,0,0,0,3.099,0,0,2.415,5.336,0,0,9.861,0,0,5.764,-5.228
CDKN1B,0,0,0,0,0,0,0,0,0,2.109,0,0,3.237,2.163,0,-2.202,0,-2.312,-3.177,-3.893,-9.859
TMCC3,0,-1.948,0,0,0,0,0,0,0,4.194,0,0,2.752,6.407,0,0,-3.682,-3.308,-4.837,-9.857,-4.394
CORO6,0,0,0,0,0,0,1.525,0,0,0,0,0,0,0,0,1.382,0,0,9.856,0,0
ANKRD42-DT,0,0,0,0,0,0,0,0,0,0,0,0,0,0,0,0,0,0,0,9.848,0
ZNF626,0,0,0,0,0,0,0,0,0,0,0,0,0,0,0,0,-1.504,0,0,-9.846,0
MSTN,0,0,0,0,0,0,0,0,0,0,0,0,0,0,0,0,-3.403,0,0,-9.846,-3.45
INKA2,0,0,0,0,0,0,0,0,2.203,4.247,0,0,3.092,8.235,0,0,0,0,0,-9.835,-2.196
MEOX1,0,0,0,0,0,0,0,0,0,0,0,0,0,0,0,2.178,9.835,0,9.821,3.345,0
ZNF616,0,0,0,0,0,0,0,0,0,0,0,0,0,0,0,0,0,0,0,-9.83,0
LARP1,0,0,0,0,0,0,0,0,0,0,0,0,0,0,0,-9.809,9.192,0,-8.896,-3.085,0
HOMER3,0,0,0,0,0,0,0,0,0,0,0,0,1.34,0,0,0,0,0,9.807,7.87,0
MED25,0,0,0,0,0,0,0,0,0,2.458,0,0,2.517,6.059,0,0,0,-2.04,0,0,-9.8
PKN2,0,0,0,0,0,-3.842,-1.435,0,0,1.699,0,0,0,2.117,0,5.514,0,0,9.799,0,-1.6
ZNF281,0,0,0,0,0,0,0,0,0,4.126,0,0,0,3.692,0,0,0,0,0,9.793,0
PRR14L,0,0,0,0,0,-1.61,0,0,0,0,0,0,0,0,0,0,0,0,0,-9.793,0
PITPNC1,0,0,0,0,0,3.127,4.123,0,0,0,0,0,0,0,0,0,6.127,0,0,9.79,0
CDC42EP1,0,0,0,0,0,0,0,0,0,0,0,0,0,0,0,9.788,0,0,7.659,0,0
KLF6,0,0,0,1.465,0,0,0,0,5.996,2.439,0,1.873,9.787,3.435,0,6.925,1.357,0,8.04,4.613,0
MAPKBP1,0,0,0,0,0,0,0,0,0,0,0,0,0,0,0,0,-2.716,4.322,-1.381,-9.783,0
TCL1A,0,0,0,0,0,-3.337,-9.777,-9.677,0,-2.037,0,-8.881,-5.525,-5.403,0,0,0,0,0,0,0
HTT,0,0,0,0,0,0,0,0,0,-2.931,0,0,0,-3.018,0,4.107,0,0,9.771,3.285,0
SSB,0,0,0,0,0,0,0,0,0,0,0,0,0,-1.454,0,0,0,0,9.769,1.736,0
TMEM88,0,0,0,0,0,0,0,0,0,2.449,0,2.052,2.862,5.109,0,0,-9.764,0,0,-5.183,0
RSC1A1,0,0,0,0,0,0,-2.183,0,0,0,0,0,0,0,0,0,0,0,9.76,0,-1.564
COMT,0,0,0,0,0,2.263,0,0,0,0,0,0,0,0,0,0,0,0,0,0,9.758
ENSEMBL:ENSG00000280007,0,0,0,0,0,0,0,0,0,-1.996,0,0,0,0,0,0,4.487,0,9.757,0,0
PACSIN3,0,0,0,0,0,0,0,0,0,0,0,0,0,0,0,0,0,1.531,6.498,9.757,6.36
CRTC2,0,0,0,0,0,0,0,0,0,0,0,1.391,1.862,2.02,0,9.752,0,0,2.249,0,-2.906
FHL1,0,0,0,0,0,-1.862,0,0,0,0,0,0,0,0,0,9.752,0,0,2.589,3.213,7.136
IGFBP7,0,1.543,0,0,0,9.752,9.717,0,0,0,0,0,0,0,0,0,0,0,0,0,0
CAST,0,0,0,0,0,0,0,0,0,0,0,0,0,0,0,4.897,0,0,9.184,8.762,9.751
CSK,0,0,0,0,0,0,0,0,0,0,0,0,0,0,0,0,9.751,0,0,0,0
CLTB,0,0,0,0,0,0,0,0,0,0,0,0,0,0,0,0,0,2.143,0,2.024,9.75
DGKQ,0,0,0,0,0,8.221,9.738,0,0,0,0,1.556,0,0,0,0,0,0,0,0,0
CSNK1G1,0,0,0,0,0,0,0,0,0,0,0,0,0,0,0,0,-1.878,0,0,-9.734,0
SFPQ,0,0,0,0,0,0,0,0,0,0,0,0,0,0,0,2.083,0,0,0,9.731,-2.413
NTPCR,0,0,0,0,0,0,0,0,0,0,0,0,0,0,0,0,0,1.552,0,0,9.724
SETD2,0,0,0,0,0,0,0,0,0,0,0,0,0,1.748,0,0,0,-1.849,0,-9.706,-3.882
PSMD8,0,0,0,0,0,2.031,0,0,0,0,0,0,0,0,0,0,4.444,0,0,9.705,2.75
ING4,0,0,0,0,0,0,0,0,0,0,0,0,0,0,0,0,0,0,-1.673,-9.701,0
GATAD2B,0,0,0,0,0,0,0,0,0,3.082,0,0,2.9,3.298,0,-2.278,0,-1.513,-6.76,-9.701,0
ARMC7,0,0,0,-1.638,0,1.942,1.509,1.729,0,0,0,1.884,0,0,0,0,-2.106,0,0,-9.697,2.155
SNHG11,0,0,0,0,0,2.101,0,0,0,0,0,0,0,0,0,-5.315,-1.348,0,-9.681,-2.436,0
NBPF1,0,0,0,0,0,0,0,0,0,0,0,0,0,0,0,0,-2.887,0,0,-9.677,0
ARHGAP24,0,0,0,0,0,0,0,0,0,1.848,0,0,0,6.212,0,-9.675,0,0,-2.397,0,5.821
ENSEMBL:ENSG00000244055,0,0,0,0,0,0,0,0,0,0,0,0,0,0,0,0,0,0,0,-9.673,1.466
ZNF740,0,0,0,0,0,0,0,0,0,-1.904,0,0,0,-3.038,0,0,-6.137,0,0,-9.658,-3.435
FAM71F2,0,0,0,0,0,0,0,0,0,0,0,0,0,0,0,0,0,0,0,-9.652,0
RNPEP,0,0,0,0,0,0,0,0,0,0,0,0,0,1.589,0,0,0,0,0,0,9.639
UGP2,0,0,0,0,0,0,0,0,0,2.003,0,0,3.696,3.215,0,0,0,5.375,0,5.96,9.637
GPCPD1,0,0,0,0,0,-1.541,-2.773,-1.88,0,2.222,0,0,0,5.894,0,0,7.29,0,1.359,9.632,0
PHF12,0,0,0,0,0,0,0,0,1.338,5.018,0,0,8.128,9.623,0,0,0,0,0,0,0
GLCE,0,-1.707,0,0,0,0,0,0,0,0,0,0,0,0,0,0,-6.688,0,0,-9.622,0
SP2,0,0,0,0,0,0,0,0,0,0,0,0,0,3.169,0,0,-7.06,0,0,-9.617,0
WHAMM,0,0,0,0,0,0,0,0,0,0,0,0,0,0,0,0,2.212,0,1.788,9.607,0
ZNF354C,0,0,0,0,0,0,0,0,0,0,0,0,0,0,0,1.95,0,0,0,-9.607,0
PRRG3,0,0,0,0,0,0,0,0,0,0,0,0,0,0,0,0,-9.604,0,0,-7.365,0
C16orf54,0,0,0,0,0,0,0,0,4.193,4.423,0,0,6.59,9.601,0,0,0,0,0,0,0
RBM26,0,0,0,0,0,-2.198,0,0,0,0,0,0,0,0,0,-1.619,-2.051,0,0,-9.599,0
TRABD2A,0,0,0,0,0,-4.313,-9.599,-3.837,-1.319,-3.046,0,-2.967,-3.559,-4.5,0,0,0,0,0,0,0
ZNF330,0,0,0,0,0,0,0,0,0,0,0,0,0,0,0,0,7.55,0,0,9.596,0
ZNF652,0,0,0,0,0,0,0,0,0,0,0,0,0,1.612,0,0,-1.85,-2.703,1.951,-9.594,-3.543
FOSL2,2.101,0,0,1.581,0,0,0,1.482,5.734,4.186,0,3.82,8.074,7.193,0,9.589,0,0,9.155,0,-2.813
FAM181A,0,0,0,0,0,0,0,0,0,0,0,0,0,0,0,0,9.576,0,0,0,-1.476
AGFG1,0,0,0,0,0,0,0,0,0,2.286,0,0,1.944,4.47,0,-3.913,0,0,-9.567,2.314,-1.543
MORF4L2,0,0,0,0,0,0,0,0,0,0,0,0,1.35,0,0,0,0,0,0,9.566,3.277
ZNF280C,0,0,0,0,0,0,0,0,0,0,0,0,0,0,0,0,0,0,0,9.56,0
SLC2A11,0,0,0,0,0,0,0,0,0,0,0,-1.409,0,0,0,0,0,3.391,0,-9.56,0
OSGEP,0,0,0,0,0,0,0,0,0,0,0,0,-1.489,-1.331,0,0,0,0,0,5.511,9.557
ZFP30,0,0,0,0,0,0,0,0,0,0,0,0,0,0,0,0,0,0,0,-9.553,0
CX3CR1,0,0,0,0,0,4.836,5.343,0,-7.453,0,0,0,-1.635,0,0,0,-4.03,0,-1.484,-9.549,0
NFATC1,0,0,0,0,0,0,0,0,0,0,0,0,0,0,0,-7.124,0,0,9.547,0,0
MDN1,0,0,0,0,0,0,0,0,0,0,0,0,0,-2.628,0,0,0,-2.104,0,-4.117,-9.544
TBC1D4,0,0,0,0,0,-3.501,-3.04,-1.498,0,0,0,-1.387,0,0,0,-2.576,4.879,0,-4.42,5.709,-9.535
PIKFYVE,0,0,0,0,0,-1.498,0,0,0,0,0,0,0,0,0,0,0,0,-2.464,-9.534,0
DHX57,0,0,0,0,0,0,-1.413,0,-1.587,0,0,0,-1.383,0,0,0,-2.814,0,0,-9.531,0
TRPV1,0,0,0,0,0,0,0,0,0,0,0,0,0,0,0,-1.882,0,0,0,-9.528,4.847
KCTD6,0,0,0,0,0,0,0,0,0,0,0,0,0,0,0,0,2.189,0,1.85,9.52,0
ENSEMBL:ENSG00000235263,0,0,0,0,0,0,0,0,0,0,0,0,0,0,0,0,9.518,0,0,3.737,0
GPS1,0,0,0,0,0,1.935,1.416,0,0,0,0,0,-1.386,0,0,6.09,0,0,9.51,0,0
ARMCX3,0,0,0,0,0,0,0,0,0,0,0,0,0,0,0,0,0,0,0,9.51,4.457
SIX1,0,0,0,0,0,0,0,0,0,0,0,0,0,0,0,0,0,0,0,-9.509,-4.349
RALGAPA1,0,0,0,0,0,0,0,0,0,0,0,0,0,0,0,0,0,0,-6.179,9.509,-3.461
ENSEMBL:ENSG00000288970,0,0,0,0,0,9.203,9.509,1.423,0,0,0,1.45,0,0,0,0,0,0,0,0,0
PIDD1,0,0,0,0,0,0,0,0,0,-1.571,0,0,0,-2.87,0,0,-1.636,4.687,0,-9.498,3.477
CAMK2D,0,0,0,0,0,0,0,0,0,0,0,0,0,-3.188,0,-1.749,0,0,-4.26,0,9.494
DNPH1,0,0,0,0,0,0,0,0,0,0,0,-1.463,-2.288,-1.439,0,2.351,0,0,9.493,7.122,0
PCBP2,0,0,0,0,0,0,0,0,0,0,0,0,3.287,0,0,-5.478,0,-1.664,-9.493,0,-9.123
UBA5,0,0,0,0,0,0,0,0,0,0,0,0,0,-1.345,0,2.887,0,0,9.489,2.55,0
ENSEMBL:ENSG00000272631,0,0,0,0,0,0,0,0,0,0,0,0,0,0,0,2.684,0,0,9.489,6.763,1.569
SUSD6,0,0,0,0,0,0,0,0,1.866,3.303,0,0,3.606,5.489,0,0,0,0,0,9.487,0
ZNF554,0,0,0,0,0,0,0,0,0,0,0,0,0,0,0,0,0,0,-1.524,-9.483,-3.009
UBE4B,0,0,0,0,0,0,0,0,1.697,2.325,0,0,2.875,3.696,0,1.861,0,0,9.481,0,-2.959
KLF5,0,0,0,0,0,0,0,0,0,0,0,0,0,0,0,0,0,0,0,9.48,0
BCL6,0,-1.739,0,0,0,0,0,0,1.633,5.314,0,0,4.639,9.47,0,0,0,0,0,2.777,0
TMCC2,0,-1.72,0,0,0,-1.808,-4.225,0,2.981,0,0,0,3.128,0,0,0,-4.333,0,-3.931,-9.47,0
GOLGA7B,0,0,0,0,0,0,0,0,0,0,0,0,0,0,0,0,0,-2.269,0,-1.916,-9.466
SH3KBP1,0,1.315,0,0,1.437,0,0,0,0,2.735,0,0,3.198,4.431,0,-5.658,7.24,0,-9.458,0,0
PNPLA2,0,0,0,0,0,0,0,0,0,1.324,0,0,1.576,2.087,0,9.453,0,4.475,3.614,0,2.572
MTPAP,0,0,0,0,0,0,0,0,0,0,0,0,0,0,0,0,9.452,0,0,8.649,0
QKI,0,0,0,0,0,-1.487,0,0,0,0,0,0,0,1.421,0,0,0,0,7.275,9.451,0
HSPA1B,0,0,0,0,0,0,8.267,9.447,5.667,0,0,2.119,6.027,1.349,0,8.379,0,0,3.141,9.034,0
ZC3H13,0,-1.872,0,0,0,0,0,0,0,0,0,0,0,0,0,-4.711,0,0,-9.439,-1.56,0
ANKRD23,0,0,0,0,0,0,0,0,0,0,0,0,0,0,0,0,0,0,0,9.435,8.226
FGD4,0,0,0,0,0,0,0,0,0,2.148,0,0,0,3.068,0,2.255,9.421,0,0,0,-2.2
YWHAG,0,0,0,0,0,0,0,0,0,0,0,0,0,0,0,0,0,2.104,0,9.416,6.832
WEE1,0,0,0,0,0,0,0,0,0,0,0,0,0,0,0,0,0,0,0,9.415,0
ENSEMBL:ENSG00000272512,0,0,0,0,0,0,0,0,0,0,0,0,0,0,0,9.409,2.498,0,7.839,1.944,0
TBC1D24,0,0,0,0,0,0,0,0,0,0,0,0,0,0,0,0,0,0,0,-9.408,0
PBDC1,0,0,0,0,0,0,0,0,0,0,0,0,0,0,0,0,1.329,0,0,9.407,0
FIGN,0,0,0,0,0,0,0,0,0,0,0,0,0,0,0,0,-3.708,0,0,-9.405,0
LMNB2,0,0,0,0,0,1.407,0,0,0,0,0,0,0,0,0,4.948,0,0,9.404,0,0
ADAMTS10,0,0,0,0,0,7.091,9.402,0,0,0,0,0,0,-2.329,0,0,-1.476,0,0,0,0
DLL1,0,0,0,0,0,0,0,0,0,0,0,0,0,0,0,8.919,0,0,9.401,0,0
HMCN1,0,0,0,0,0,0,0,0,0,0,0,0,0,0,0,0,-9.4,0,0,-3.596,0
ALG2,0,0,0,0,0,0,0,0,0,0,0,0,0,0,0,7.39,7.565,0,9.396,8.148,0
DNAJB6,0,0,0,0,0,0,0,1.362,3.232,1.645,0,2.665,5.06,2.982,0,-3.087,2.02,0,-9.393,2.467,4.673
USP54,0,0,0,0,0,0,0,0,0,0,0,0,0,0,0,0,0,0,-2.354,9.392,0
PLEKHF1,0,0,0,0,0,8.223,9.385,0,0,0,0,1.573,0,0,0,0,1.649,0,0,-5.482,0
ENSEMBL:ENSG00000227775,0,0,0,0,0,0,0,0,0,0,0,0,0,1.456,0,0,0,0,0,-9.382,-1.523
P2RX6,0,0,0,0,0,0,0,0,0,0,0,0,0,0,0,0,-1.348,0,0,-9.378,-2.337
RORC,0,0,0,0,0,0,0,0,0,0,0,0,0,0,0,0,9.377,-1.745,0,0,-8.178
MEIS1,0,0,0,0,0,0,0,0,0,0,0,0,0,0,0,0,-2.442,0,0,-9.375,1.644
SPINDOC,0,0,0,0,0,0,0,0,0,-2.223,0,1.344,1.36,-1.318,0,9.375,0,0,2.114,0,0
FYCO1,0,0,0,0,0,0,0,0,0,0,0,0,0,-1.302,0,1.722,0,0,9.371,0,-3.472
HECTD1,0,0,0,0,0,0,0,0,0,0,0,0,0,0,0,-1.704,0,0,-9.367,-2.132,0
PIGG,0,0,0,0,0,0,0,0,0,0,0,0,0,0,0,0,-1.701,0,0,-9.343,0
ELL,0,0,0,0,0,0,0,0,0,4.525,0,0,3.388,9.337,0,2.28,0,0,7.648,0,0
IL4R,0,0,0,0,0,0,-2.008,0,0,3.52,0,0,0,9.337,0,2.526,1.585,0,1.788,2.579,0
ELF1,0,0,0,0,0,-2.395,0,0,0,0,0,0,1.944,0,0,1.821,0,0,2.116,9.334,0
CCL5,0,0,0,0,0,8.338,9.323,3.136,0,0,0,6.457,0,0,0,0,0,0,0,0,0
COX19,0,0,0,0,0,0,0,0,0,0,0,0,0,0,0,0,-1.685,0,0,-9.318,2.072
UBE2H,0,0,0,0,0,-1.677,0,0,0,0,0,0,0,0,0,0,0,-1.625,0,0,-9.315
MGST3,0,0,0,0,0,0,0,0,0,0,0,0,0,0,0,0,0,0,0,2.239,9.31
CD180,0,0,0,0,0,-2.272,-4.329,-5.7,-6.383,0,0,-7.629,-9.31,0,0,0,0,0,0,0,0
ARRDC4,0,0,0,0,0,0,0,0,2.775,1.319,0,4.62,9.308,3.726,0,1.735,-3.095,-1.832,4.308,3.575,0
TECPR2,0,0,0,0,0,-2.502,-1.587,0,0,1.867,0,0,1.522,5.112,0,0,9.305,0,1.63,2.163,-1.995
IER5,0,0,0,0,0,0,0,0,0,0,0,0,0,0,0,2.606,0,0,9.305,4.785,0
SLC7A5,0,0,0,0,0,0,0,0,0,0,0,0,0,0,0,0,5.634,0,0,9.294,-2.076
TOMM22,0,0,0,0,0,0,0,0,0,-1.771,0,0,0,-2.137,0,0,0,2.256,0,0,9.28
FHOD1,0,0,0,0,0,2.065,0,0,0,0,0,1.726,3.262,0,0,-3.954,0,0,9.274,7.886,1.328
PRECSIT,0,0,0,0,0,0,0,0,0,0,0,0,0,0,0,0,0,0,0,9.274,3.884
ENSEMBL:ENSG00000278864,0,0,0,0,0,0,0,0,0,0,0,0,0,0,0,1.474,0,0,3.763,9.273,4.92
MAP7D3,0,0,0,0,0,0,0,0,0,0,0,0,0,0,0,0,0,1.856,0,3.523,9.273
PLIN5,0,0,0,0,0,0,0,0,0,2.106,0,0,1.33,4.281,0,1.347,0,9.264,5.181,1.361,0
GOT1,0,0,0,0,0,0,0,0,0,0,0,0,0,0,0,0,0,9.264,0,0,3.022
COX7A2,0,0,0,0,0,0,0,0,0,0,0,0,0,0,0,0,0,9.264,0,0,9.211
ENSEMBL:ENSG00000227107,0,0,0,0,0,0,0,0,0,0,0,0,0,0,0,0,0,0,0,9.26,0
SNED1,0,0,0,0,0,-2.363,-3.109,0,0,-1.696,0,-1.655,-3.357,-2.934,0,0,9.259,0,0,2.019,-7.826
PCMTD1,0,0,0,0,0,-1.516,0,0,0,0,0,0,0,0,0,0,0,0,0,0,-9.254
LINC00926,0,0,0,0,0,-1.611,-9.242,-6.41,0,-1.912,0,-6.178,-3.763,-3.096,0,0,0,0,0,0,0
NAB2,0,0,0,0,0,0,0,0,0,0,0,0,0,0,0,5.826,5.408,0,3.864,9.231,0
JMJD6,0,0,0,0,0,2.687,6.329,8.052,5.705,0,0,7.713,9.221,3.795,0,0,0,0,3.107,4.175,0
ENSEMBL:ENSG00000280145,0,0,0,0,0,0,0,0,0,0,0,0,0,0,0,0,0,0,0,-9.219,0
TUT4,0,0,0,0,0,-2.278,-1.875,0,0,0,0,0,0,0,0,0,0,0,9.215,2.694,-1.596
GTF2IP12,0,0,0,0,0,0,0,0,0,0,0,0,0,2.978,0,0,0,0,0,-9.212,0
EPB41L5,0,0,0,0,0,0,0,0,0,0,0,0,0,0,0,0,0,0,0,-9.201,-2.74
DCP1B,0,0,0,0,0,0,0,0,0,0,0,0,0,0,0,-1.551,0,0,0,-9.201,0
C14orf93,0,0,0,0,0,0,0,0,0,0,0,0,0,0,0,0,0,0,0,-9.199,0
ZNF595,0,0,0,0,0,1.547,4.496,0,0,0,0,0,0,0,0,0,0,0,0,-9.194,0
OSGIN1,0,0,0,0,0,0,0,0,0,0,0,0,0,0,0,1.811,9.192,1.518,0,0,0
TREM1,0,0,0,0,0,0,0,0,2.974,4.486,0,1.427,5.391,9.188,0,0,0,0,0,0,0
RARA,0,0,0,0,0,0,0,0,1.963,3.739,0,1.653,6.396,9.186,0,0,6.603,0,0,8.189,0
SRPK3,0,0,0,0,0,0,0,0,0,0,0,0,0,0,0,2.626,0,0,9.184,1.659,0
C19orf12,0,0,0,0,0,2.675,4.049,1.362,0,0,0,0,0,0,0,0,9.178,4.431,0,2.771,2.08
ILF3,0,0,0,0,0,0,0,0,0,-2.036,0,0,0,-3.314,0,0,0,0,9.172,4.47,1.564
RGS14,0,0,0,0,0,0,0,1.386,2.265,2.8,0,0,2.522,5.584,0,0,0,0,0,-9.17,0
PLCH2,0,0,0,0,0,5.173,9.166,0,0,0,0,2.609,0,0,0,0,0,0,0,0,0
SIRT2,0,0,0,0,0,7.095,9.166,2.603,1.586,0,0,4.532,2.759,1.42,0,0,0,0,0,0,0
ATOH8,0,0,0,0,0,0,0,0,0,0,0,0,0,1.315,0,0,7.89,0,2.696,9.163,0
AGAP5,0,0,0,0,0,0,0,0,0,0,0,0,0,0,0,0,-2.46,0,0,-9.163,0
ACOT11,0,0,0,0,0,0,0,0,0,0,0,0,0,0,0,0,0,9.16,0,0,1.785
EDRF1,0,0,0,0,0,0,0,0,0,0,0,0,0,0,0,0,-2.575,0,0,-9.16,0
TAS2R4,0,0,0,0,0,0,0,0,0,0,0,0,0,0,0,-1.716,0,0,0,-9.158,0
LRIG1,0,0,0,0,0,-3.703,-2.969,0,0,0,0,0,0,0,0,-3.472,0,-1.994,-3.253,0,-9.157
CAPN15,0,0,0,0,0,9.08,9.156,0,0,0,0,0,0,0,0,0,0,0,0,0,0
UNC13D,0,0,0,0,0,0,0,0,0,2.494,0,0,1.672,5.119,0,0,9.152,0,0,0,0
GFOD1,0,0,0,0,0,5.851,9.147,1.307,0,0,0,1.685,0,0,0,0,0,0,0,0,0
CXXC1,0,0,0,0,0,0,0,0,0,0,0,0,0,0,0,0,-1.579,0,0,-9.146,0
RANBP10,0,0,0,0,0,-6.186,-4.202,0,0,0,0,0,0,0,0,-3.718,3.171,0,-9.144,-1.321,-2.492
SMO,0,0,0,0,0,0,0,0,0,0,0,0,0,0,0,0,0,0,0,-9.138,0
STON2,0,0,0,0,0,0,0,0,0,0,0,0,0,0,0,0,0,0,-1.812,0,9.132
GYPC,0,0,0,0,0,-4.842,-9.131,0,0,0,0,0,0,0,0,0,0,0,0,0,0
SNHG4,0,0,0,0,0,0,0,0,0,0,0,0,0,0,0,0,0,0,0,9.121,0
TCAP,0,0,0,0,0,0,0,0,0,0,0,0,0,0,0,-1.433,0,0,-9.114,0,0
GK5,0,0,0,0,0,3.233,9.11,0,0,0,0,0,0,0,0,0,-2.01,0,0,-8.988,0
MARF1,0,0,0,0,0,-3.804,-2.478,0,0,1.47,0,0,0,1.875,0,0,-1.506,0,-2.228,-9.109,0
SLC29A1,0,-1.339,0,0,0,0,0,0,0,-1.355,0,0,0,-2.775,0,0,8.084,0,0,-1.456,-9.109
NADK,0,0,0,0,0,3.462,7.132,6.631,2.064,2.865,0,4.971,2.37,5.865,0,0,2.258,0,0,9.102,0
SLC37A3,0,0,0,0,0,0,0,0,0,5.47,0,0,2.809,9.102,0,0,0,0,0,0,0
MFSD5,0,0,0,0,0,0,0,0,0,0,0,0,0,0,0,0,9.101,0,0,0,0
GLRX2,0,1.766,0,0,0,0,0,0,0,0,0,0,0,0,0,0,0,2.32,0,2.436,9.098
JADE2,0,0,0,0,0,0,0,0,0,0,0,0,0,-3.137,0,0,0,0,0,-9.095,0
BATF2,0,0,0,0,0,0,0,0,0,0,0,0,0,0,0,0,0,0,0,-9.094,0
KDM2B,0,0,0,0,0,0,0,0,0,0,0,0,0,0,0,0,0,0,0,-9.093,0
ST8SIA5,0,0,0,0,0,0,0,0,0,0,0,0,0,0,0,0,0,3.975,0,0,9.092
CIC,0,0,0,0,0,0,0,0,0,0,0,0,2.235,2.99,0,2.684,6.176,-2.118,3.262,9.087,-1.466
BMP8A,0,0,0,0,0,0,0,0,0,0,0,0,0,0,0,0,0,0,0,-9.083,0
ATP1B3,0,0,0,0,0,0,1.373,0,0,0,0,2.547,0,0,0,2.865,9.083,0,0,4.865,0
PGS1,0,0,0,0,0,0,0,0,0,4.186,0,0,1.591,9.081,0,0,0,0,0,0,0
RASGEF1B,0,0,0,0,0,0,0,0,0,0,0,0,0,0,0,0,1.462,0,0,9.077,0
LMNB1,0,0,0,0,0,0,0,0,0,4.15,0,0,3.935,9.076,0,1.482,0,0,2.67,0,0
KIAA0040,0,0,0,0,0,0,0,0,1.493,4.323,0,0,4.803,9.076,0,2.107,1.871,0,0,2.633,0
RIF1,0,0,0,0,0,0,0,0,0,0,0,0,0,0,0,0,0,-2.615,3.276,9.072,-1.428
VCP,0,0,0,0,0,1.403,0,0,0,0,0,0,2.365,1.877,0,0,0,0,0,3.046,9.066
PXN,0,0,0,0,0,1.494,2.851,3.01,0,3.926,0,2.99,5.998,9.065,0,1.651,0,0,3.675,0,3.118
BCO2,0,0,0,0,0,0,0,0,0,0,0,0,0,0,0,0,0,1.874,0,0,9.046
KIR3DL2,0,0,0,0,0,3.897,9.046,0,0,0,0,2.003,0,0,0,0,0,0,0,0,0
PTPRM,0,0,0,0,0,0,0,0,0,0,0,0,0,0,0,0,0,0,0,0,9.044
ZDHHC6,0,0,0,0,0,0,0,0,0,0,0,0,0,0,0,-9.036,-2.284,0,-1.978,0,0
TARBP1,0,0,0,0,0,-2.51,0,-1.303,0,-1.735,0,-1.301,0,-1.739,0,-4.944,-6.49,0,0,-9.027,0
RAB15,0,0,0,0,0,0,0,0,0,0,0,0,0,0,0,0,0,0,0,9.026,3.04
ZNF529,0,0,0,0,0,0,0,0,0,0,0,0,0,0,0,0,0,0,0,9.021,0
SASS6,0,0,0,0,0,0,0,0,0,0,0,0,0,0,0,0,-1.621,-1.388,0,-9.018,0
DCUN1D4,0,0,0,0,0,0,0,0,0,0,0,0,0,0,0,0,-3.721,0,0,-9.011,-6.99
RXRA,0,0,0,0,0,0,0,0,1.714,1.994,0,0,2.821,3.479,0,0,0,0,9.006,2.311,-5.432
ENSEMBL:ENSG00000280434,0,0,0,0,0,0,0,0,0,0,0,0,0,0,0,0,9.003,0,0,0,0
TSNAX,0,0,0,0,0,0,0,0,0,0,0,0,0,1.445,0,0,0,0,8.999,7.152,0
SRGAP3,0,0,0,0,0,0,0,0,0,0,0,0,0,-1.467,0,1.354,0,2.901,0,0,8.997
TKTL1,0,0,0,0,0,7.543,8.996,1.331,0,0,0,1.842,0,0,0,0,0,0,0,0,0
ZNNT1,0,0,0,0,0,0,0,0,0,0,0,0,0,0,0,0,0,0,0,-8.996,0
HRH2,0,0,0,0,0,0,0,0,0,3.204,0,0,0,8.995,0,0,0,0,0,0,0
PRPH2,0,0,0,0,0,0,0,0,0,0,0,0,0,0,0,0,-2.519,0,0,-8.993,0
TP53BP1,0,-1.34,0,0,0,-2.03,-1.795,0,0,0,0,-1.311,0,0,0,1.304,0,3.039,8.992,0,4.394
MPRIP,0,-1.358,0,0,0,0,0,0,0,-1.709,0,0,0,-3.317,0,1.307,0,0,4.149,8.984,8.767
ZNF253,0,0,0,0,0,0,0,0,0,0,0,0,0,0,0,0,0,0,0,-8.979,0
WDR43,0,0,0,0,0,0,0,0,0,0,0,0,0,0,0,0,0,0,0,8.974,0
TP63,0,0,0,0,0,0,0,0,0,0,0,0,0,0,0,0,0,-2.76,0,8.973,-1.865
ZADH2,0,0,0,0,0,0,0,0,0,0,0,0,0,0,0,0,-1.389,0,0,-7.684,-8.972
DENND4C,0,-1.383,0,0,0,0,0,0,0,0,0,0,0,0,0,8.97,0,0,-7.554,-7.054,0
TDRD6,0,0,0,0,0,0,0,0,0,0,0,0,0,0,0,0,0,0,0,-8.969,0
ZCCHC2,0,0,0,0,0,-1.467,0,0,0,0,0,0,2.155,1.483,0,0,0,0,0,8.966,0
KIAA1671,0,0,0,0,0,1.31,3.696,0,0,0,0,0,0,0,0,-2.273,0,0,6.416,3.267,8.962
AGK,0,0,0,0,0,0,1.417,0,0,0,0,0,0,0,0,0,-2.589,0,0,-8.96,0
AMPD3,0,0,0,0,0,0,0,0,0,0,0,0,0,3.391,0,0,0,0,0,8.96,2.563
MIA3,0,0,0,0,0,0,0,0,0,0,0,0,0,0,0,0,0,0,8.956,3.275,1.434
FAM193B,0,0,0,0,0,0,0,0,0,1.361,0,0,0,3.72,0,-1.674,-2.139,0,0,-8.947,-3.845
DUSP6,0,0,0,0,0,-1.666,0,0,2.391,0,0,0,8.945,0,0,0,0,0,2.906,0,0
DDI2,0,0,0,0,0,0,0,0,0,0,0,0,0,0,0,0,5.023,-2.273,0,-3.931,-8.936
MKNK1,0,0,0,0,0,0,0,0,0,3.527,0,0,3.491,8.618,0,0,-2.68,0,8.925,-4.367,0
CNN2,0,0,0,0,0,0,0,0,0,2.01,0,0,3.582,4.954,0,8.922,0,0,2.462,0,0
ENSEMBL:ENSG00000288700,0,0,0,0,0,0,0,0,0,0,0,0,0,0,0,0,-1.972,0,0,-8.92,0
DDIT3,0,0,0,0,0,0,0,0,0,1.577,0,2.394,2.648,2.225,0,8.918,6.852,0,0,6.532,0
OXNAD1,0,0,0,0,0,-3.396,-5.558,0,0,0,0,-1.387,0,-2.776,0,0,8.918,3.57,0,3.085,0
CFLAR,0,0,0,0,0,0,0,0,1.668,5.054,0,0,3.522,8.917,0,0,0,0,0,0,0
PPM1L,0,0,0,0,0,0,3.422,0,0,0,0,0,0,0,0,0,0,-1.428,0,0,-8.916
SEMA4A,0,0,0,0,0,0,0,0,0,1.859,0,0,2.49,5.038,0,0,0,0,0,0,8.902
PPTC7,0,0,0,0,0,0,0,0,0,2.9,0,0,0,3.428,0,0,4.372,6.592,0,8.895,2.38
HYAL2,0,0,0,0,0,0,0,0,0,0,0,0,0,0,0,3.668,0,0,8.885,0,0
ESYT1,0,0,0,0,0,0,0,0,0,-2.974,0,0,0,-4.437,0,2.085,8.122,0,8.884,3.224,-1.721
SNAI3,0,0,0,0,0,0,0,1.354,1.551,0,0,2.686,2.919,0,0,0,8.875,0,0,0,0
MTPN,0,1.543,0,0,0,-2.421,0,0,0,0,0,0,1.558,0,0,0,0,0,0,3.127,8.871
COPS7B,0,0,0,0,0,0,0,0,0,0,0,0,0,0,0,-1.936,-1.803,0,0,-8.866,0
B3GNT7,0,0,0,0,0,5.216,8.866,3.773,0,0,0,5.911,0,0,0,0,0,0,0,0,0
FOSL1,0,0,0,0,0,0,0,0,0,0,0,0,0,0,0,8.864,0,0,2.359,7.479,0
MPC1,0,0,0,0,0,0,0,0,0,0,0,0,0,0,0,0,0,8.861,0,0,4.36
TMEM120A,0,0,0,0,0,0,0,0,0,2.246,0,0,1.533,4.856,0,0,0,8.861,0,0,0
MIR22HG,0,0,0,0,0,0,0,0,0,3.816,0,0,1.857,3.415,0,0,1.763,0,0,8.85,1.736
FNBP1L,0,0,0,0,0,0,0,0,0,0,0,0,0,0,0,6.586,8.229,0,4.311,8.849,0
SLC11A1,0,0,0,0,0,0,0,0,0,4.002,0,0,2.376,8.844,0,0,0,0,0,0,0
ENSEMBL:ENSG00000268575,0,0,0,0,0,0,0,0,0,0,0,0,0,0,0,0,0,0,0,-8.842,0
CCDC97,0,-1.554,0,0,0,0,0,0,0,0,0,0,0,0,0,-2.079,0,0,-2.474,-2.947,8.84
RPS6KL1,0,0,0,0,0,0,0,0,0,0,0,0,0,0,0,0,0,1.31,0,0,8.84
PLAC8,0,0,0,0,0,5.171,8.838,0,0,-1.357,0,0,0,-2.373,0,0,0,0,0,0,0
HOXB3,0,0,0,0,0,1.451,3.078,0,0,0,0,0,0,0,0,-4.179,-2.966,0,-1.836,-8.836,0
SLC43A2,0,0,0,0,0,0,0,0,0,1.502,0,0,0,4.364,0,0,0,0,0,0,-8.829
SHB,0,-1.702,0,0,0,0,0,0,0,0,0,0,0,0,0,-1.726,0,0,-1.736,0,8.824
USP30,0,0,0,0,0,0,0,0,0,0,0,0,0,0,0,0,0,0,0,-8.818,0
PRPF38B,0,0,0,0,0,0,0,0,0,0,0,0,0,2.057,0,-2.849,0,0,-8.816,5.33,0
HOXA-AS2,0,0,0,0,0,0,0,0,0,0,0,0,0,0,0,0,0,0,0,-8.815,0
DKC1,0,0,0,0,0,0,0,0,0,0,0,0,0,0,0,2.088,0,0,8.812,0,0
TBC1D15,0,0,0,0,0,0,0,0,0,0,0,0,0,0,0,0,1.948,-2.2,-1.725,8.811,-2.24
MAU2,0,0,0,0,0,0,0,0,0,1.823,0,0,0,3.866,0,0,-3.067,0,0,-8.811,0
SH3BP5-AS1,0,0,0,0,0,-1.61,0,0,0,0,0,0,0,0,0,-2.607,0,0,0,-8.811,0
TPST2,0,0,0,0,0,8.804,8.303,4.724,0,0,0,3.052,1.401,0,0,0,3.805,0,0,6.591,-2.4
NFIX,0,1.784,0,0,0,-4.426,-5.554,0,0,0,0,0,0,-2.535,0,3.832,0,0,-8.798,-1.797,0
HNRNPAB,0,0,0,0,0,0,3.286,0,0,0,0,0,0,0,0,0,0,0,2.87,8.794,0
BMF,0,0,0,0,0,0,0,0,0,0,0,0,0,0,0,0,0,-2.846,0,-8.792,-4.322
ZNF594-DT,0,0,0,0,0,0,0,0,0,0,0,0,0,0,0,0,0,0,0,-8.792,0
PGAP3,0,0,0,0,0,1.586,0,0,0,0,0,0,0,-1.377,0,0,-3.696,0,0,-8.79,0
EIF3J,0,0,0,0,0,0,0,0,0,-2.025,0,0,0,-1.654,0,0,0,0,2.329,8.785,8.421
KLHL24,0,0,0,0,0,0,0,0,0,2.259,0,0,0,2.435,0,-3.91,0,-1.409,-8.783,0,-3.98
NCR3,0,0,0,0,0,6.925,8.783,1.556,0,0,0,2.822,0,0,0,0,0,0,0,0,0
MTA3,0,0,0,0,0,0,0,0,0,0,0,0,0,0,0,0,-3.967,0,0,-8.774,0
DTNA,0,0,0,0,0,0,0,0,0,0,0,0,0,0,0,4.85,0,0,8.774,0,0
RYBP,0,0,0,0,0,0,0,0,0,2.039,0,0,1.509,2.365,0,5.251,0,0,1.466,8.772,0
GRB10,0,0,0,0,0,0,0,0,0,4.216,0,0,0,8.767,0,0,1.526,0,-1.611,0,0
BCL9,0,0,0,0,0,0,0,0,0,0,0,0,0,0,0,0,0,0,0,8.765,0
ASB2,0,0,0,0,0,0,0,0,0,-1.399,0,0,0,0,0,0,4.171,0,0,0,-8.761
LINC00299,0,0,0,0,0,6.834,8.76,2.067,0,0,0,2.609,0,0,0,0,0,0,0,0,0
CYP4F12,0,0,0,0,0,0,0,0,0,0,0,0,0,0,0,0,-8.759,0,0,-2.226,0
LRRFIP1,0,0,0,0,0,-2.301,-2.379,0,0,3.095,0,0,1.463,5.145,0,-3.605,0,0,-7.311,1.649,8.759
PRR33,0,0,0,0,0,0,0,0,0,0,0,0,0,1.879,0,0,0,0,0,-8.755,0
PAK2,0,0,0,0,0,0,0,0,0,3.291,0,0,1.941,4.901,0,0,0,0,8.751,1.533,0
B3GNT2,0,0,0,0,0,0,0,0,0,0,0,0,0,0,0,8.746,0,0,7.163,0,0
ZFYVE9,0,0,0,0,0,0,0,0,0,0,0,0,0,0,0,5.432,0,0,8.737,0,-2.215
IRAG1,0,0,0,0,0,0,0,0,0,3.737,0,0,1.698,8.736,0,0,0,0,0,0,0
RGS2,0,0,0,0,0,0,0,1.72,5.089,4.772,0,3.462,7.616,8.736,0,2.447,0,0,0,0,0
ORC2,0,0,0,0,0,0,0,0,0,0,0,0,0,0,0,0,-4.617,0,0,-8.735,0
DOK3,0,0,0,0,0,0,0,0,0,4.087,0,0,1.77,8.733,0,0,0,0,0,-1.685,0
FOXO1,0,0,0,0,0,-2.84,-1.943,0,0,0,0,0,0,0,0,0,8.731,0,0,5.741,0
KLHL33,-1.371,0,0,0,0,0,0,0,0,0,0,0,0,0,0,0,-1.334,0,0,-8.727,-1.73
HNRNPF,0,5.906,0,0,0,0,0,0,0,0,0,0,2.296,1.661,0,0,8.722,0,0,4.778,0
AHSA2P,0,0,0,0,0,0,0,0,0,0,0,0,0,0,0,0,-4.392,0,0,-8.72,0
LRFN4,0,0,0,0,0,0,0,0,0,0,0,0,0,0,0,0,8.713,0,0,6.896,0
FCRL2,0,0,0,0,0,-5.234,-8.713,-6.501,0,0,0,-5.904,-3.161,0,0,0,0,0,0,0,0
NFXL1,0,0,0,0,0,0,0,0,0,0,0,0,0,0,0,0,-1.568,0,0,-8.709,0
NINJ2,0,0,0,0,0,0,0,0,0,0,0,0,0,0,0,0,0,1.789,0,0,8.706
H2AC6,0,0,0,0,0,0,0,0,1.353,2.039,0,0,3.938,4.304,0,0,0,-4.017,0,-1.813,-8.694
FBXW5,0,0,0,0,0,8.693,6.759,1.684,0,0,0,0,0,0,0,0,1.991,0,0,5.133,0
RRAD,0,0,0,0,0,0,0,0,0,0,0,0,0,0,0,0,0,0,0,8.689,0
PPP1R3B,0,0,0,0,0,0,0,0,0,4.972,0,0,3.522,8.687,0,0,0,-3.042,0,-3.2,0
KIF13A,0,0,0,0,0,0,0,0,0,0,0,0,1.735,2.415,0,0,0,-3.374,-1.654,4.638,-8.684
ACVR1B,0,0,0,0,0,0,0,0,0,1.816,0,0,0,3.16,0,0,-1.475,-1.539,0,-8.68,-1.974
DFFA,0,0,0,0,0,0,0,0,0,-1.448,0,0,0,-2.494,0,3.589,0,2.434,8.678,3.49,1.802
NEU1,0,0,0,0,0,0,0,0,0,0,0,0,0,1.799,0,3.453,8.677,0,0,6.28,0
LYSMD1,0,0,0,0,0,0,0,0,0,0,0,0,0,0,0,0,0,0,-8.675,0,0
DENND11,0,0,0,0,0,0,0,0,0,0,0,0,0,-1.782,0,0,-1.535,0,0,-8.675,0
CCNJL,0,0,0,0,0,0,0,0,1.343,5.011,0,0,3.304,8.673,0,0,0,0,0,0,0
DHRS3,0,0,0,0,0,8.67,7.897,0,0,0,0,2.035,0,0,0,0,3.305,0,0,0,-1.315
GTF3C1,0,0,0,0,0,4.324,7.02,0,0,0,0,1.337,0,0,0,1.938,0,0,6.638,8.666,3.446
TNRC6A,0,0,0,0,0,-1.403,0,0,0,0,0,0,0,0,0,0,-1.376,0,0,-8.664,0
PANX1,0,0,0,0,0,0,0,0,0,0,0,0,0,0,0,0,0,0,0,4.228,8.657
USP38,0,0,0,0,0,0,0,0,0,2.065,0,0,0,3.188,0,0,0,-2.199,0,3.075,-8.653
UTP14A,0,0,0,0,0,0,0,0,0,0,0,0,0,-1.466,0,2.47,0,0,8.653,0,0
TUBA1A,0,0,0,0,0,0,0,0,0,3.537,0,0,3.183,8.652,0,3.389,1.946,0,3.152,0,0
RIPOR2,0,0,0,0,0,0,0,0,0,5.331,0,0,1.439,8.652,0,0,0,0,3.233,0,6.173
STAT5B,0,0,0,0,0,0,0,0,0,3.98,0,0,3.953,8.652,0,2.583,0,-4.87,1.55,2.915,-2.196
TGFA,0,0,0,0,0,0,0,0,1.44,3.989,0,0,4.819,8.652,0,0,0,0,0,0,0
ADGRE5,0,0,0,0,0,0,2.316,0,0,4.469,0,0,5.68,8.652,0,0,0,0,0,0,0
PPP2R2B,0,0,0,0,0,4.732,8.648,1.468,0,0,0,3.162,0,0,0,0,0,0,0,0,0
C6orf89,0,0,0,0,0,0,0,0,0,0,0,0,0,2.59,0,0,-4.434,0,0,-8.648,3.058
ERMARD,0,0,0,0,0,0,0,0,0,0,0,0,0,0,0,0,-2.275,0,0,-8.646,0
PYHIN1,0,0,0,0,0,6.597,8.642,0,0,0,0,2.483,0,0,0,0,0,0,0,0,0
NIBAN2,0,0,0,0,0,0,0,0,0,0,0,0,0,0,0,8.642,0,0,8.172,1.61,0
MOSPD1,0,0,0,0,0,0,0,0,0,0,0,0,0,0,0,0,4.431,0,0,0,-8.64
DENND2C,0,0,0,0,0,0,0,0,0,0,0,0,0,0,0,0,-2.243,0,0,-8.639,0
WEE2-AS1,0,0,0,0,0,0,0,0,0,0,0,0,0,0,0,0,-1.413,0,0,-8.639,0
FHL2,0,0,0,0,0,0,0,0,0,0,0,1.727,0,0,0,0,2.125,-2.585,0,3.33,-8.635
ENSEMBL:ENSG00000279159,0,0,0,0,0,0,0,0,0,0,0,0,0,0,0,0,-8.633,0,0,-4.629,0
MMADHC,0,0,0,0,0,0,0,0,0,1.39,0,0,0,3.267,0,0,0,0,0,1.335,8.622
CTTN,0,0,0,0,0,0,0,0,1.428,0,0,0,2.689,0,0,2.523,0,0,8.62,5.803,6.937
SNX14,0,0,0,0,0,0,0,0,0,0,0,0,0,0,0,0,-3.245,0,0,-8.619,0
ZBTB14,0,0,0,0,0,0,0,0,0,0,0,0,0,0,0,0,-2.377,0,0,-8.619,0
ID2,0,0,0,0,0,2.233,2.062,0,0,0,0,1.951,0,0,0,8.615,0,0,7.506,-2.127,0
PCYT1A,0,0,0,0,0,0,0,0,0,1.852,0,0,1.697,4.116,0,2.735,0,0,8.614,0,0
EPS15,0,0,0,0,0,0,0,0,0,1.45,0,0,0,1.688,0,2.374,0,0,8.613,8.503,2.198
RPS10,0,0,0,0,0,0,0,0,0,-2.465,0,0,0,-3.518,0,-5.658,0,0,-8.609,0,0
KITLG,0,0,0,0,0,0,0,0,0,0,0,0,0,0,0,8.608,3.332,0,2.583,3.101,0
SPATA2L,0,0,0,0,0,0,0,0,2.96,2.271,0,2.703,6.147,3.594,0,8.601,0,0,4.859,0,0
MTHFSD,0,0,0,0,0,0,0,0,0,0,0,0,-2.296,0,0,0,-1.618,0,0,-8.598,0
SLC1A7,0,0,0,0,0,7.365,8.592,2.357,0,0,0,3.223,0,0,0,0,0,0,0,0,0
LINC02035,0,0,0,0,0,0,0,0,0,3.121,0,0,2.016,7.04,0,0,-1.559,0,0,-8.579,-2.354
ENSEMBL:ENSG00000269374,0,0,0,0,0,0,0,0,0,0,0,0,0,0,0,0,3.98,-1.683,0,8.579,-5.944
IWS1,0,0,0,0,0,0,0,0,0,0,0,0,0,0,0,1.668,1.355,0,-2.336,8.572,0
ZC3HC1,0,0,0,0,0,0,0,0,0,0,0,0,0,0,0,5.59,-2.138,0,8.564,-3.885,0
MEF2D,0,0,0,0,0,0,0,2.147,4.519,3.379,0,3.061,6.359,5.595,0,0,0,0,-8.563,0,-1.819
RBM25,0,0,0,0,0,-1.586,-1.363,0,0,0,0,0,0,0,0,-7.253,0,0,-8.563,1.356,0
RCAN3,0,0,0,0,0,-8.562,-5.355,-2.2,0,0,0,-5.838,-1.833,-1.754,0,0,1.557,0,0,0,0
PHKG1,0,0,0,0,0,0,0,0,0,0,0,0,0,0,0,0,-1.313,0,0,-8.505,-8.56
NANP,0,0,0,0,0,0,0,0,0,0,0,0,0,0,0,0,4.132,0,0,8.559,0
USP36,0,0,0,0,0,0,0,0,0,0,0,0,0,0,0,0,7.563,0,0,8.558,0
H3-3A,0,-1.885,0,0,0,0,0,0,0,2.904,0,0,3.821,5.542,0,0,0,0,8.552,0,-3.412
GBF1,0,0,0,0,0,0,0,0,0,0,0,0,0,0,0,8.551,0,0,-3.679,-3.177,0
USP24,0,0,0,0,0,0,0,0,0,0,0,0,0,0,0,2.058,0,0,8.543,1.402,0
TRRAP,0,0,0,0,0,0,0,0,0,0,0,-1.373,0,0,0,2.414,-1.988,0,8.538,0,0
CARD19,0,0,0,0,0,0,0,1.423,2.533,0,0,3.769,8.537,3.401,0,0,0,0,0,0,0
GPR27,0,0,0,0,0,0,0,0,1.447,5.731,0,0,4.331,8.529,0,0,0,0,0,0,0
LMNA,0,-1.342,0,0,0,0,0,0,0,0,0,0,2.295,0,0,1.752,0,0,8.527,2.728,0
RAB21,0,0,0,0,0,0,0,0,0,2.342,0,0,0,2.921,0,0,0,0,0,8.505,1.37
SLC16A3,0,0,0,0,0,0,0,0,1.524,1.809,0,0,3.845,4.638,0,8.505,0,1.511,4.029,0,0
RABEP1,0,0,0,0,0,0,0,0,0,0,0,0,0,0,0,2.49,0,0,8.505,0,1.653
ZNF618,0,0,0,0,0,0,0,0,0,0,0,0,0,0,0,1.468,-2.458,0,0,-8.502,0
GOLGA4-AS1,0,0,0,0,0,0,0,0,0,0,0,0,0,0,0,2.998,8.499,0,4.265,7.293,0
JPT1,0,0,0,0,0,0,0,0,0,0,0,0,1.621,3.415,0,0,0,0,8.491,3.112,4.271
ABHD16A,0,0,0,0,0,0,0,0,0,1.541,0,1.469,3.301,2.61,0,0,-2.146,0,0,-8.488,-4.908
COL4A1,0,0,0,0,0,0,0,0,0,0,0,0,0,0,0,0,8.486,0,0,6.691,0
UBXN2B,0,0,0,0,0,0,0,0,0,2.377,0,0,3.441,4.435,0,1.905,0,0,8.486,1.988,0
NQO2,0,0,0,0,0,0,0,0,1.525,2.398,0,0,1.925,4.473,0,0,0,0,0,1.687,8.475
HOMER2,0,0,0,0,0,0,0,0,0,0,0,0,0,0,0,0,0,0,0,5.654,8.467
PHF8,0,0,0,0,0,0,0,0,0,0,0,0,1.329,0,0,0,-4.968,0,1.884,-8.46,0
CLDND1,0,0,0,0,0,0,0,0,0,0,0,1.31,0,0,0,0,0,0,0,8.46,0
SCYL3,0,0,0,0,0,0,0,0,0,0,0,0,0,1.423,0,0,-1.836,0,0,-8.459,0
ART3,0,0,0,0,0,0,0,0,0,0,0,0,0,0,0,0,0,-1.897,0,0,-8.451
WIPI1,0,0,0,0,0,0,0,0,0,0,0,0,1.726,1.799,0,0,0,0,0,8.445,2.421
PPP3CA,0,0,0,0,0,0,0,0,0,1.409,0,0,0,0,0,0,0,-2.663,0,0,-8.443
PACSIN2,0,0,0,0,0,0,0,0,0,4.309,0,0,2.993,6.476,0,0,8.438,0,0,5.396,0
TMEM140,0,0,0,0,0,0,0,0,2.569,1.691,0,0,3.953,3.301,0,0,8.438,-2.09,0,2.248,-7.944
SIDT2,0,-1.303,0,0,1.484,0,0,0,0,0,0,0,0,0,0,0,0,-1.471,0,-1.549,-8.434
HOXC6,0,0,0,0,0,0,0,0,0,0,0,0,0,0,0,0,-1.35,0,0,-8.432,-1.443
CD22,0,0,0,0,0,-2.865,-8.426,-7.305,0,-1.385,0,-8.389,-7.562,-2.23,0,0,0,0,0,0,0
ANKMY1,0,0,0,0,0,0,0,0,0,0,0,0,0,-1.412,0,0,0,0,0,-8.425,0
TSEN34,0,0,0,0,0,0,0,0,1.687,3.598,0,1.47,4.37,8.423,0,0,0,-1.412,0,0,-1.415
AHDC1,0,0,0,0,0,0,0,0,0,0,0,0,0,0,0,0,-1.782,0,0,-8.422,0
ENSEMBL:ENSG00000260400,0,0,0,0,0,0,0,0,0,0,0,0,0,0,0,0,-1.895,0,0,-8.422,0
ACSBG1,0,0,0,0,0,0,0,0,0,0,0,0,0,0,0,0,2.602,0,0,8.422,0
TMEM209,0,0,0,0,0,0,0,0,0,0,0,0,0,0,0,0,-1.348,0,0,-8.421,0
ENSEMBL:ENSG00000248514,0,0,0,0,0,0,0,0,0,0,0,0,0,0,0,0,0,0,0,-2.71,-8.414
R3HCC1L,0,0,0,0,0,0,0,0,0,0,0,0,0,0,0,0,0,0,0,-8.412,0
TANK,0,0,0,0,0,0,0,0,0,0,0,0,1.657,1.938,0,-5.349,0,-2.396,-8.41,0,-4.591
ATG9A,0,0,0,0,0,0,0,0,1.697,0,0,1.893,4.004,0,0,-2.914,0,0,-8.406,0,-1.709
MAN1B1,0,0,0,0,0,1.372,0,0,0,0,0,0,0,0,0,0,0,0,0,-8.404,0
QRICH1,0,0,0,0,0,0,0,0,0,0,0,0,0,0,0,0,-1.996,-1.728,0,-8.399,-5.562
DDTL,0,0,0,0,0,0,0,0,0,0,0,0,0,0,0,0,3.744,0,0,8.391,0
LRIG2,0,0,0,0,0,0,0,0,0,0,0,0,-1.604,-1.384,0,0,0,0,0,-8.389,0
CASZ1,0,0,0,0,0,0,0,0,0,0,0,0,2.067,0,0,0,1.543,0,-2.26,-8.387,0
STRADA,0,0,0,0,0,0,0,0,0,0,0,0,0,2.485,0,0,0,0,0,-8.383,0
LRRC52,0,0,0,0,0,0,0,0,0,0,0,0,0,0,0,0,4.3,0,0,8.383,0
ELF2,0,0,0,0,0,0,0,0,0,1.663,0,0,0,3.03,0,0,-1.705,-1.549,1.549,-8.383,-7.145
NUPR1,0,0,0,0,0,0,0,0,0,0,0,0,0,0,0,0,8.38,0,1.383,0,-3.606
ASB14,0,0,0,0,0,0,0,0,0,0,0,0,0,0,0,0,0,0,0,0,-8.38
SCAF4,0,0,0,0,0,0,0,0,0,0,0,0,0,0,0,0,1.687,0,1.623,8.371,0
TRIM24,0,-1.687,0,0,0,0,0,0,0,0,0,0,0,1.487,0,0,-1.326,0,0,-8.371,-4.395
RRAGD,0,0,0,0,0,0,0,0,0,1.675,0,0,0,1.803,0,-5.115,5.586,0,-8.37,1.619,0
GLRX3,0,1.474,0,0,0,0,0,0,0,-1.428,0,0,0,-1.731,0,0,0,1.664,0,5.938,8.356
CYP2J2,0,0,0,0,0,0,0,0,0,0,0,0,0,0,0,0,0,0,0,2.002,8.348
MAX,0,0,0,0,0,0,0,1.764,2.799,0,0,3.784,8.346,0,0,1.466,0,0,0,0,-5.581
CASQ2,0,0,0,0,0,0,0,0,0,0,0,0,0,0,0,0,0,0,0,0,8.345
HLA-DOA,0,0,0,0,0,-2.292,-3.971,-8.345,-1.795,-2.208,0,-7.454,-4.949,-2.575,0,0,-1.401,0,0,0,0
HBP1,0,-1.823,0,0,0,0,0,0,0,5.018,0,0,2.887,7.552,0,0,0,-1.994,-2.226,2.69,-8.343
ANO5,0,0,0,0,0,0,0,0,0,0,0,0,0,0,0,0,0,0,0,0,-8.342
MIR600HG,0,0,0,0,0,0,-2.12,-2.149,0,0,0,-2.453,-3.304,0,0,0,0,0,0,-8.336,0
PLIN2,0,0,0,0,0,0,0,0,0,0,0,0,0,0,0,0,1.948,0,0,8.335,-3.971
ACOT8,0,0,0,0,0,0,0,0,0,0,0,0,0,0,0,0,0,0,0,-8.333,0
GOLPH3,0,0,0,0,0,0,0,0,0,0,0,0,0,1.696,0,2.541,6.692,0,2.267,8.329,0
IL18,0,0,0,0,0,0,0,0,0,0,0,0,0,0,0,0,0,0,0,6.383,8.325
PREX1,0,0,0,0,0,0,0,0,0,4.884,0,0,3.061,8.325,0,0,0,0,0,0,0
PPP1R10,0,0,0,0,0,0,0,0,-1.482,0,0,0,0,0,0,2.672,0,0,8.315,1.433,0
TAF1D,0,0,0,0,0,0,0,0,0,0,0,0,0,0,0,0,0,0,1.75,8.313,0
BRF1,0,0,0,0,0,2.144,1.701,0,0,0,0,0,-1.378,0,0,-1.83,0,0,-2.709,-8.312,0
S1PR2,0,0,0,0,0,0,0,0,0,0,0,0,0,0,0,8.307,0,0,3.768,0,0
HHATL-AS1,0,0,0,0,0,0,0,0,0,0,0,0,0,0,0,8.307,1.962,0,2.379,2.684,0
PAK1IP1,0,0,0,0,0,0,0,0,0,0,0,0,0,0,0,0,3.699,0,0,8.299,0
ARF4,0,0,0,0,0,0,0,0,0,0,0,0,0,0,0,1.985,3.126,0,1.978,8.298,0
AEN,0,0,0,0,0,0,0,0,0,0,0,0,0,-1.525,0,0,0,0,0,8.296,0
MAFB,0,0,0,0,0,-1.32,-3.985,-8.295,0,0,0,-4.313,0,0,0,0,0,0,0,0,0
MID1IP1,0,0,0,0,0,0,0,3.123,7.532,3.237,0,3.688,8.287,4.96,0,0,-2.958,0,0,-2.278,0
GSAP,0,0,0,0,0,3.827,5.023,0,0,0,0,0,0,0,0,0,-2.124,0,0,-8.285,0
HNRNPCP7,0,0,0,0,0,0,0,0,0,0,0,0,0,0,0,0,-1.31,0,0,-8.283,0
TOMM40L,0,0,0,0,0,0,0,0,0,0,0,0,0,0,0,0,0,8.276,0,0,6.299
ZNF586,0,0,0,0,0,0,0,0,0,2.144,0,0,0,1.672,0,0,2.013,0,1.746,8.275,0
BLOC1S6,0,0,0,0,0,-1.805,0,0,0,0,0,0,0,0,0,0,0,0,0,8.275,3.865
CYLD,0,0,0,0,0,-4.593,-2.279,0,0,0,0,0,1.375,0,0,0,0,0,5.176,8.275,0
MED23,0,0,0,0,0,0,0,0,0,0,0,0,0,0,0,0,-2.252,0,0,-8.274,0
PHF3,0,0,0,0,0,0,0,0,0,0,0,0,0,0,0,0,2.141,-2.871,2.201,0,-8.271
DNHD1,0,0,0,0,0,0,0,-1.378,0,-2.363,0,-1.582,-1.403,-3.353,0,0,0,0,0,-8.271,3.755
XKR8,0,0,0,0,0,0,0,1.754,4.727,3.823,0,3.466,8.268,8.168,0,0,0,0,-2.96,-2.499,0
CCDC85B,0,0,0,0,0,1.737,0,0,0,0,0,0,0,-1.399,0,0,0,0,0,0,8.264
ARHGEF2,0,0,0,0,0,0,0,0,3.307,0,0,2.62,8.264,1.847,0,2.226,-1.417,0,2.331,-3.03,0
GDNF-AS1,0,0,0,0,0,0,0,0,0,0,0,0,0,0,0,0,8.264,0,0,4.024,0
NFIA,0,0,0,0,0,0,0,0,0,0,0,0,-1.382,-1.401,0,4.865,0,0,8.263,0,0
PLEKHG3,0,0,0,0,0,0,0,0,0,5.47,0,0,3.394,8.261,0,0,0,0,0,0,0
MXI1,0,0,0,0,0,-4.738,-5.33,0,1.411,0,0,0,0,0,0,0,0,-8.261,0,0,-4.269
TIMM50,0,0,0,0,0,1.696,0,0,0,0,0,0,0,0,0,0,0,8.261,0,0,5.141
LITAF,0,0,0,0,0,0,0,0,1.658,3.332,0,1.768,6.09,8.254,0,0,0,0,0,2.388,0
GPD2,0,0,0,0,0,0,0,0,0,0,0,0,0,0,0,0,0,0,0,0,-8.254
SLC66A2,0,-1.338,0,0,0,0,0,0,1.591,0,0,0,1.879,0,0,0,8.25,0,1.327,4.79,-2.165
BACH2,0,0,0,0,0,-5.852,-8.246,-5.303,0,-1.787,0,-5.627,-3.494,-3.347,0,0,0,-1.781,0,2.524,0
SLC16A6,0,0,0,0,0,0,0,0,0,0,0,0,0,0,0,0,8.234,0,0,4.459,-1.744
MOCS1,0,0,0,0,0,0,0,0,0,0,0,0,0,0,0,0,8.231,0,0,0,-2.406
GTF2IP13,0,0,0,0,0,0,0,0,0,1.383,0,0,-1.509,0,0,0,0,0,0,-8.228,0
CFL2,0,0,0,0,0,0,0,0,0,0,0,0,0,0,0,0,0,0,0,4.244,8.226
MTUS1,0,0,0,0,-1.373,0,0,0,0,0,0,0,0,0,0,0,8.218,0,1.903,0,-1.554
SRPK1,0,0,0,0,0,0,0,0,1.361,4.989,0,0,3.137,8.216,0,0,0,0,0,0,0
PIK3CD,0,0,0,0,0,0,0,0,0,4.068,0,0,3.865,8.216,0,0,0,0,0,0,0
ALOX5,0,0,0,0,0,0,0,0,0,3.692,0,0,2.523,8.216,0,0,0,0,0,0,0
ENSEMBL:ENSG00000271254,0,0,0,0,0,0,0,0,0,0,0,0,0,0,0,0,-2.781,0,0,-8.21,1.564
ZNF204P,0,0,0,0,0,0,0,0,0,0,0,0,0,0,0,0,-2.824,0,0,-8.205,-1.515
CUL9,0,0,0,0,0,0,0,0,0,0,0,0,0,0,0,0,-4.297,0,0,-8.201,4.561
MGRN1,0,0,0,0,0,0,0,0,0,3.945,0,0,2.244,8.199,0,0,0,0,0,0,-1.988
SH3BP2,0,-1.359,0,0,0,1.89,1.788,1.498,1.819,1.913,0,2.502,6.396,4.828,0,0,4.426,0,0,-8.194,0
URB2,0,0,0,0,0,0,0,0,0,0,0,0,0,0,0,0,0,0,0,8.182,0
KCNE4,0,0,0,0,0,0,0,0,0,0,0,0,0,0,0,8.181,0,0,4.881,0,0
PIK3R3,0,0,0,0,0,0,1.368,0,0,0,0,0,0,0,0,4.723,0,0,8.18,0,0
CICP14,0,0,0,0,0,-1.547,0,0,0,0,0,0,-1.758,0,0,0,0,0,0,-8.179,0
OSBPL7,0,0,0,0,0,5.328,3.049,0,0,0,0,1.832,0,0,0,0,0,0,0,-8.178,0
THBD,0,0,0,0,0,0,0,0,0,0,0,0,1.992,3.418,0,0,0,0,0,8.175,0
PLA2G4C,0,0,0,0,0,0,0,0,0,0,0,0,0,0,0,0,0,0,0,2.688,8.172
MAPK1,0,0,0,0,0,0,0,0,0,4.034,0,0,2.961,8.17,0,0,0,0,0,0,0
STARD7,0,0,0,0,0,0,1.922,0,0,0,0,0,0,-1.85,0,0,0,0,0,-4.014,-8.168
TPPP,0,1.747,0,0,0,0,0,0,0,0,0,0,0,0,0,-2.784,8.163,0,-6.946,-2.977,-4.961
CERK,0,0,0,0,0,0,0,0,0,0,0,1.586,4.818,0,0,0,8.163,0,0,0,0
DYNC1LI1,0,0,0,0,0,0,0,0,1.486,3.153,0,0,2.095,5.476,0,-3.194,0,0,7.177,8.157,3.017
LCN6,0,0,0,0,0,0,0,0,0,0,0,0,0,0,0,0,8.153,0,0,4.796,1.474
ODC1,0,0,0,0,0,-2.607,-3.233,0,0,-1.592,0,0,1.726,0,0,0,2.606,0,0,8.152,0
DHCR24,0,0,0,0,0,5.946,5.628,0,0,0,0,0,0,0,0,0,0,0,0,3.756,8.151
ARHGAP1,0,0,0,0,0,0,0,0,0,0,0,0,0,2.854,0,1.377,0,0,8.149,3.59,0
BTG1,0,0,0,0,0,0,0,0,5.644,0,0,4.228,8.141,0,0,0,0,-1.497,0,0,-2.667
TEAD3,0,0,0,0,0,0,0,0,0,0,0,0,0,0,0,0,6.452,0,0,8.14,0
AOPEP,0,0,0,0,0,0,0,0,0,0,0,0,0,0,0,0,0,0,0,5.847,8.139
SLC25A34,0,0,0,0,0,0,0,0,0,0,0,0,0,0,0,0,8.138,3.155,0,-2.337,0
ENSEMBL:ENSG00000271533,0,0,0,0,0,0,0,0,0,0,0,0,0,0,0,0,0,0,2.395,8.138,0
FEZ1,0,0,0,0,0,6.168,8.134,1.683,0,0,0,0,0,0,0,0,0,0,0,0,0
ENSEMBL:ENSG00000286640,0,0,0,0,0,3.933,8.134,0,0,0,0,0,0,0,0,0,0,0,0,0,0
BANK1,0,0,0,0,0,-5.857,-8.134,-2.908,0,0,0,-3.066,0,-2.349,0,0,0,0,0,0,0
SLC18B1,0,0,0,0,0,0,0,0,0,0,0,0,0,-1.328,0,0,-3.143,0,0,-8.126,0
GLUL,0,0,0,0,1.346,-1.395,0,0,1.895,1.93,0,0,5.245,5.051,0,0,0,0,2.004,8.114,-3.067
COG1,0,0,0,0,0,0,0,0,0,0,0,0,0,0,0,0,0,3.155,2.558,8.108,3.728
FAM181A-AS1,0,0,0,0,0,0,0,0,0,0,0,0,0,0,0,0,8.108,0,0,0,-1.673
MPZL3,0,0,0,0,0,0,0,1.618,4.517,4.703,0,2.957,8.107,6.76,0,0,0,0,0,0,0
IGHD,0,0,0,0,0,0,-6.14,-8.046,-1.493,0,0,-7.713,-8.107,-2.245,0,0,0,0,0,0,0
MAFG,0,0,0,0,0,0,1.536,2.277,2.132,1.317,0,0,1.847,0,0,0,2.638,-1.411,0,7.35,-8.101
AKAP13,0,0,0,0,0,0,0,0,0,1.651,0,0,0,1.708,0,0,8.101,0,7.104,6.243,-1.588
LCN10,0,0,0,0,0,0,0,0,0,0,0,0,0,0,0,1.579,8.1,0,0,4.614,0
CSNK1D,0,0,0,0,0,0,0,0,2.162,3.184,0,3.105,8.091,5.41,0,0,3.567,0,-5.826,3.518,1.53
TMEM184B,0,0,0,0,0,0,0,0,1.899,4.972,0,1.559,4.556,8.085,0,0,1.962,0,0,2.527,0
ZNF200,0,0,0,0,0,0,0,0,0,3.369,0,1.49,3.465,8.085,0,0,0,0,0,1.582,0
DCUN1D3,0,0,0,0,0,0,0,0,1.303,0,0,0,2.714,0,0,8.085,0,0,2.613,4.647,0
PDE4A,0,0,0,0,0,4.624,8.083,1.935,0,0,0,4.858,1.718,0,0,1.845,0,0,4.704,3.167,0
COL6A2,0,-1.79,0,0,0,7.209,8.08,0,0,0,0,1.63,0,0,0,0,0,0,0,0,0
MYL4,0,0,0,0,0,-4.139,-8.08,0,0,0,0,0,0,0,0,0,0,0,0,0,0
KLC4,0,0,0,0,0,0,0,0,0,0,0,0,0,0,0,0,0,0,4.758,8.075,2.276
CD27-AS1,0,0,0,0,0,0,0,0,0,0,0,2.082,0,0,0,0,0,0,0,-8.073,0
VDR,0,0,0,0,0,0,0,0,1.521,2.074,0,0,3.118,2.052,0,0,0,0,0,8.072,1.919
ARSG,0,0,0,0,0,0,0,0,0,0,0,0,0,0,0,0,0,0,0,8.072,0
ZNF395,0,0,0,0,0,0,0,-1.625,-2.149,-1.905,0,0,-1.619,0,0,0,-2.01,-2.302,0,-8.072,-6.794
NPIPA1,0,0,0,0,0,0,0,0,0,0,0,0,0,0,0,0,0,-2.551,0,-6.019,-8.069
TOMM70,0,-2.234,0,0,-1.346,0,0,0,-1.523,0,0,0,-1.464,0,0,-3.716,0,0,-8.067,0,0
BMX,0,0,0,0,0,0,0,0,2.958,5.47,0,0,3.079,8.065,0,0,0,0,0,0,0
SLC36A1,0,0,0,0,0,0,0,0,0,3.527,0,0,0,5.434,0,0,0,0,0,8.065,0
SMIM14,0,0,0,0,0,0,0,0,0,0,0,0,0,0,0,0,-3.908,0,0,-8.063,0
SEMA6D,-1.49,0,0,0,0,0,0,0,0,0,0,0,0,0,0,0,-1.698,0,0,-8.059,0
VCL,0,0,0,0,0,0,0,0,0,0,0,0,3.275,0,0,0,0,0,-1.657,8.054,1.334
PHYKPL,0,2.477,0,0,0,0,0,0,0,0,0,0,0,0,0,0,1.514,0,0,8.054,0
AXIN1,0,0,0,0,0,7.915,8.054,2.545,0,0,0,0,0,0,0,0,0,0,0,3.736,0
GRSF1,0,0,0,0,0,0,0,0,0,-1.454,0,0,0,0,0,-4.349,0,1.702,-8.053,-1.947,0
CCT8,0,0,0,0,0,0,0,0,0,0,0,0,0,-1.333,0,0,0,0,0,2.731,8.047
INTS6,0,0,0,0,0,0,0,0,0,0,0,1.419,2.041,0,0,0,0,0,0,8.046,0
SLC26A11,0,0,0,0,0,0,0,0,0,-1.86,0,0,0,-3.497,0,0,8.045,0,0,0,0
ENSEMBL:ENSG00000244560,0,0,0,0,0,0,0,0,0,0,0,0,0,0,0,0,0,0,0,-8.038,0
CSNK1A1,0,0,0,0,0,0,0,0,0,0,0,0,1.709,0,0,-1.678,0,0,-3.489,8.036,0
SCN4A,0,0,0,0,0,0,0,0,0,0,0,0,0,0,0,0,0,0,0,-1.556,-8.034
GOLGA4,0,0,0,0,0,0,0,0,0,0,0,0,0,0,0,1.603,0,1.719,-2.933,8.03,3.769
TRO,0,0,0,0,0,0,0,0,0,0,0,0,0,0,0,0,-2.258,0,0,-8.029,0
BRAT1,0,0,0,0,0,1.539,0,0,0,0,0,0,0,0,0,0,-1.767,0,-1.499,-8.026,0
ENSEMBL:ENSG00000278934,0,0,0,0,0,0,0,0,0,0,0,0,0,0,0,0,-1.848,0,0,-8.026,1.691
METRNL,0,0,0,0,0,4.564,8.025,6.109,6.073,0,0,7.713,7.449,0,0,0,0,0,0,2.906,0
ITGAL,0,0,0,0,0,8.02,7.24,0,-1.614,0,0,0,0,0,0,0,0,0,0,0,0
MYLIP,0,0,0,0,0,0,0,0,0,1.489,0,0,2.522,1.914,0,0,0,0,0,-8.017,-1.455
ENSEMBL:ENSG00000263276,0,0,0,0,0,0,0,0,0,0,0,0,0,0,0,0,-6.075,0,0,-8.017,0
FKBP15,0,0,0,0,0,0,0,0,0,0,0,0,2.456,4.078,0,0,0,0,-3.887,-8.015,0
TRIP12,0,0,0,0,0,-1.912,0,0,0,0,0,0,0,0,0,0,0,0,8.007,0,1.901
CBR1,0,0,0,0,0,0,0,0,0,0,0,0,0,0,0,0,0,1.823,0,0,8.003
FAM177A1,0,0,0,0,0,0,0,0,0,0,0,0,0,1.495,0,0,0,0,0,4.939,8.003
CDC42SE1,0,0,0,0,0,0,0,0,1.367,3.464,0,0,6.79,7.988,0,5.24,0,0,2.997,1.931,0
POLG,0,0,0,0,0,7.325,7.985,1.815,0,0,0,0,0,0,0,0,0,0,0,3.601,0
FNDC3B,0,0,0,0,0,-1.408,0,0,0,0,0,0,0,0,0,0,2.259,-2.784,0,7.981,-2.475
CMBL,0,0,0,0,0,0,0,0,0,0,0,0,0,0,0,0,0,-2.317,0,0,-7.969
UXS1,0,0,0,0,0,0,0,0,0,-1.671,0,0,0,-1.818,0,0,0,0,0,2.421,7.969
TMEM63B,0,0,0,0,0,-4.36,-3.691,0,0,0,0,0,0,0,0,-1.791,-2.527,0,0,0,-7.966
SYNGR1,0,0,0,0,0,3.088,7.964,0,0,0,0,0,0,0,0,0,0,0,0,-4.319,0
CTTNBP2NL,0,0,0,0,0,0,0,0,0,0,0,0,0,0,0,3.908,0,0,7.963,0,0
TTC17,0,0,0,0,0,0,0,0,0,0,0,-1.586,0,0,0,-1.522,-2.184,0,0,-7.949,0
YBX3,0,0,0,0,0,-7.095,-7.948,0,0,0,0,0,0,0,0,0,0,0,0,2.158,0
SNHG17,0,0,0,0,0,0,0,0,0,-2.175,0,-2.607,-2.084,-1.74,0,0,1.396,0,0,7.948,0
ZNF619,0,0,0,0,0,0,0,0,0,0,0,0,0,0,0,0,0,0,0,-7.947,0
IRF2,0,0,0,0,0,-1.944,0,0,0,0,0,0,3.068,3.046,0,4.153,0,-1.896,7.947,-7.366,-2.843
PDZRN3,0,0,0,0,0,0,0,0,0,0,0,0,0,0,0,0,0,0,7.944,2.899,-1.526
TMEM38B,0,0,0,0,0,0,0,0,0,0,0,0,0,0,0,0,0,0,0,7.94,5.035
CTBP1,0,0,0,0,0,7.364,7.939,0,0,0,0,0,0,0,0,0,0,0,0,0,0
SH3GLB1,0,0,0,0,0,0,0,0,0,4.172,0,0,3.763,7.939,0,0,0,-4.026,0,0,-7.851
AGTRAP,0,0,0,0,0,0,0,0,0,0,0,1.323,2.057,1.97,0,0,0,0,0,0,7.923
ZBTB6,0,0,0,0,0,0,0,0,0,0,0,0,0,0,0,0,0,0,-1.754,-7.92,0
RAI1,0,0,0,0,0,0,0,0,-1.355,0,0,0,0,0,0,0,0,0,0,-7.919,0
RLF,0,0,0,0,0,0,0,0,0,0,0,0,1.51,0,0,4.294,3.277,0,2.633,7.917,0
ZNF558,0,0,0,0,0,0,-2.104,0,0,0,0,0,0,0,0,0,0,0,0,-7.917,0
HPCAL4,0,0,0,0,0,0,0,0,0,0,0,-1.676,0,0,0,0,0,0,0,1.778,7.917
CUEDC2,0,0,0,0,0,0,0,0,0,0,0,0,0,0,0,0,0,0,7.912,0,0
ARPC5L,0,0,0,0,0,3.741,2.14,0,0,0,0,0,0,0,0,0,0,2.348,0,0,7.91
REEP2,0,0,0,0,0,2.155,0,0,0,0,0,0,0,0,0,-1.753,-7.904,0,-1.543,-5.464,0
ZFP91,0,0,0,0,0,0,0,0,0,0,0,0,0,1.466,0,0,0,0,-7.902,1.838,0
DYNLL1,0,0,0,0,0,1.74,3.023,2.979,0,0,0,2.879,1.424,0,0,7.894,0,0,0,0,0
TNFRSF10A,0,0,0,0,0,-3.609,-1.984,0,0,0,0,0,0,0,0,7.889,0,0,5.738,0,0
GBX1,0,0,0,0,0,0,0,0,0,0,0,0,0,0,0,0,0,0,0,-7.889,0
ZNF12,0,0,0,0,0,0,0,0,0,0,0,0,0,0,0,2.255,0,0,0,7.876,0
HNRNPH3,0,0,0,0,0,0,0,0,2.174,0,0,1.838,5.819,3.199,0,0,2.328,0,0,7.874,0
YPEL3,0,0,0,0,0,0,0,0,1.819,1.917,0,0,3.64,3.179,0,0,0,-4.031,0,-2.906,-7.87
LCOR,0,0,0,0,0,0,0,0,0,0,0,0,0,0,0,0,-4.938,0,0,-7.867,0
CSRNP2,0,0,0,0,0,0,1.536,0,0,0,0,0,0,0,0,0,0,0,0,7.864,0
PLXNA2,0,0,0,0,0,0,0,0,0,3.44,0,0,1.579,3.784,0,0,3.284,0,0,7.864,0
RIT1,0,0,0,0,0,0,0,0,0,1.55,0,0,4.344,4.518,0,7.862,0,0,4.088,0,0
TSPAN9,0,-1.399,0,0,0,0,0,0,0,0,0,1.337,0,0,0,0,0,1.924,0,0,7.858
CTCF,0,0,0,0,0,0,0,0,0,0,0,0,0,0,0,0,0,0,0,-7.857,-1.913
CKAP5,0,0,0,0,0,0,0,0,0,0,0,0,0,0,0,0,0,0,0,2.531,7.853
UFD1,0,0,0,0,0,0,0,0,0,0,0,0,1.784,2.094,0,2.184,0,0,7.844,3.991,0
HMGXB3,0,0,0,0,0,0,0,0,0,0,0,0,0,-1.478,0,0,2.716,0,0,7.841,1.835
BLOC1S4,0,0,0,0,0,0,0,0,0,0,0,0,0,0,0,0,0,0,0,7.827,0
IRF1,0,0,0,0,0,0,0,3.607,3.484,2.861,0,5.242,7.616,7.825,0,0,0,0,0,0,0
CACNA2D2,0,0,0,0,0,6.621,7.824,1.388,0,0,0,1.374,0,0,0,0,0,0,0,-1.579,0
NUP155,0,0,0,0,0,0,0,0,-1.49,0,0,0,0,0,0,0,0,0,7.822,3.684,0
SNUPN,0,0,0,0,0,0,0,0,0,0,0,0,0,0,0,-1.724,0,0,-7.822,-1.482,0
CAPN3,0,0,0,0,0,0,0,0,0,0,0,0,0,0,0,1.323,0,0,7.817,6.774,1.981
BBS4,0,0,0,0,0,0,0,0,0,0,0,0,0,0,0,0,-1.659,0,0,-7.817,0
SIRT1,0,0,0,0,0,0,0,0,0,0,0,0,0,0,0,0,1.63,0,0,7.811,-4.144
MED18,0,1.457,0,0,0,0,0,0,0,0,0,0,0,0,0,0,0,0,0,-7.811,0
SERPINF1,0,0,0,0,0,2.64,2.171,0,0,0,0,0,0,-1.307,0,0,0,0,0,0,-7.807
ANXA3,0,0,0,0,0,0,0,0,0,2.104,0,0,1.833,6.299,0,0,7.8,0,0,7.618,0
MYOZ3,0,0,0,0,0,0,0,0,0,0,0,0,0,0,0,0,0,0,6.001,0,7.795
KCNC1,0,0,0,0,0,0,0,0,0,0,0,0,0,0,0,0,7.791,2.424,0,3.51,3.33
RAF1,0,0,0,0,0,0,0,0,2.012,4.842,0,0,3.953,7.789,0,-1.622,0,0,0,0,0
GLRX,0,0,0,0,0,0,0,0,0,0,0,2.141,3.077,0,0,0,0,0,0,-2.101,-7.783
CASP8,0,0,0,0,0,0,0,0,0,3.307,0,0,3.134,7.782,0,0,0,0,0,0,0
SF3A3,0,0,0,0,0,0,0,0,0,0,0,0,0,0,0,0,0,0,0,-7.782,0
MEF2C-AS1,0,0,0,0,0,0,0,0,0,0,0,0,0,0,0,0,0,0,0,7.78,7.621
PTRH2,0,0,0,0,0,0,0,0,0,0,0,0,0,0,0,0,1.9,0,0,7.78,0
ZNF33B,0,0,0,0,0,0,-1.404,0,0,0,0,0,0,0,0,0,0,-2.16,0,0,-7.769
ENSEMBL:ENSG00000262855,0,0,0,0,0,0,0,0,0,0,0,0,0,0,0,0,0,-2.252,0,0,-7.766
FBXO7,0,0,0,0,0,-6.204,-7.764,0,0,0,0,0,0,0,0,0,0,0,0,0,-1.836
XCL2,0,0,0,0,0,6.362,7.764,0,0,0,0,1.328,0,0,0,0,0,0,0,0,0
HEATR6,0,0,0,0,0,0,0,0,0,0,0,0,0,0,0,0,0,0,0,-7.757,0
MAP2K1,0,0,0,0,0,0,0,0,0,0,0,0,0,0,0,2.062,0,0,6.052,0,7.748
PIGZ,0,0,0,0,0,0,0,0,0,0,0,0,0,0,0,0,0,0,0,-7.747,0
STAT1,0,0,0,0,0,-1.931,0,0,0,0,0,0,0,0,0,0,0,0,7.745,1.336,0
SNX8,0,0,0,0,0,0,0,0,0,0,0,0,-2.917,0,0,0,7.743,0,0,0,0
ASCC2,0,0,0,0,0,-3.995,-5.754,0,0,0,0,0,0,0,0,0,0,3.212,0,0,7.742
SERPINE1,0,0,0,0,0,0,2.395,0,0,0,0,0,1.941,0,0,7.735,1.589,0,5.103,4.628,0
SMPD1,0,0,0,0,0,2.423,0,0,0,0,0,0,0,-1.344,0,0,1.443,7.72,0,3.12,2.82
MIR3936HG,0,0,0,0,0,0,0,0,0,0,0,0,0,0,0,0,3.275,0,0,7.717,0
DNM1L,0,0,0,0,0,0,0,0,0,0,0,0,0,0,0,0,0,4.34,7.716,2.888,2.119
BAG4,0,0,0,0,0,0,0,0,0,0,0,0,0,0,0,-4.486,0,0,-7.71,-5.4,-1.633
THEM6,0,0,0,0,0,0,0,0,0,0,0,0,0,0,0,0,0,0,7.709,-3.029,0
FBXW7,0,0,0,0,0,0,0,0,0,0,0,0,0,0,0,0,-1.835,0,0,7.705,0
SLAIN2,0,0,0,0,0,0,0,0,0,0,0,0,0,1.741,0,-5.714,0,0,-7.704,2.99,4.16
TOM1L2,0,0,0,0,0,0,-1.747,0,0,0,0,0,0,0,0,1.356,0,0,7.704,0,1.523
SFXN5,0,0,0,0,0,0,0,0,0,1.56,0,0,0,2.433,0,0,-1.47,0,0,-7.701,0
NUAK2,0,0,0,0,0,0,0,0,0,4.13,0,0,0,7.694,0,0,0,0,0,-1.387,0
NARF,0,0,0,0,0,0,0,0,0,2.9,0,0,3.251,7.692,0,0,0,0,0,0,0
ATP5F1C,0,0,0,0,0,0,0,0,0,0,0,0,0,0,0,0,0,5.316,-1.696,0,7.692
MUC20P1,0,0,0,0,0,0,0,0,0,0,0,0,0,0,0,0,0,0,0,-7.687,2.894
ATXN10,0,0,0,0,0,0,0,0,0,0,0,0,0,-1.675,0,0,0,0,0,0,7.682
PCM1,0,-1.74,0,0,0,0,0,0,0,0,0,0,0,0,0,-2.111,0,0,-7.682,0,0
STAU1,0,0,0,0,0,0,0,0,1.624,0,0,0,2.466,1.953,0,-3.863,0,0,-7.681,1.466,0
SCARF1,0,0,0,0,0,0,0,0,0,0,0,0,0,0,0,0,0,0,0,-7.681,0
DNAJC25,0,0,0,0,0,-1.508,0,0,0,0,0,0,0,0,0,0,0,0,0,7.68,1.432
IL1R1,0,0,0,0,0,0,1.654,0,1.56,4.884,0,0,2.598,7.678,0,0,0,0,0,6.978,0
TNFRSF1A,0,0,0,0,0,0,0,0,2.013,4.095,0,2.227,5.06,7.678,0,0,0,0,0,0,-3.13
STAG3L4,0,0,0,0,0,0,0,0,0,0,0,0,0,0,0,0,0,0,0,7.676,2.977
ZNF77,0,0,0,0,0,0,0,0,0,0,0,0,0,0,0,0,-1.303,0,0,-7.673,0
TNKS1BP1,0,0,0,0,0,0,0,0,0,0,0,-1.79,0,0,0,5.439,0,0,7.67,1.919,0
PROK2,0,0,0,0,0,0,0,0,0,5.196,0,0,3.617,7.67,0,0,0,0,0,0,0
ADIPOR1,0,0,0,0,0,-6.896,-7.668,0,0,0,0,0,2.094,0,0,0,0,0,0,0,0
PCDH12,0,0,0,0,0,0,0,0,0,0,0,0,0,0,0,-1.304,-7.668,0,0,-3.015,0
SLC38A7,0,0,0,0,0,0,0,0,0,0,0,0,0,0,0,0,7.668,2.031,0,3.42,0
CYREN,0,0,0,0,0,0,0,0,0,2.095,0,0,3.036,4.622,0,0,7.668,0,0,0,-2
RELCH,0,-1.382,0,0,0,0,0,0,0,1.393,0,0,0,1.518,0,0,0,0,2.578,-7.658,0
PUM3,0,-1.385,0,0,0,0,0,0,0,0,0,0,0,0,0,0,0,0,0,7.658,0
XPO6,0,0,0,0,0,0,0,0,0,4.264,0,0,3.161,7.651,0,0,0,0,0,0,0
APMAP,0,0,0,0,0,2.119,1.911,1.548,0,4.264,0,2.888,3.853,7.65,0,0,1.806,0,0,0,0
HBB,0,0,0,0,0,-3.735,-7.646,0,0,0,0,0,0,0,0,0,0,0,0,0,0
SZT2,0,0,0,0,0,0,0,0,0,0,0,-1.753,0,0,0,0,-2.186,0,0,-7.64,1.894
ZNF100,0,0,0,0,0,0,0,0,0,0,0,0,0,0,0,0,0,0,0,-7.64,0
STAT3,0,0,0,0,0,0,0,0,0,4.104,0,0,4.202,7.639,0,3.675,0,0,6.438,3.223,0
MINDY1,0,0,0,0,0,0,0,0,3.745,3.945,0,0,7.635,6.798,0,2.111,0,0,2.515,-3.13,0
LRRC4,0,0,0,0,0,0,0,0,2.064,2.784,0,0,2.803,2.531,0,0,0,0,0,7.635,3.055
RNF125,0,0,0,0,0,0,0,0,0,0,0,0,0,0,0,0,7.63,0,0,5.219,0
MGAT4A,0,0,0,0,0,0,0,0,0,0,0,0,0,0,0,0,-1.335,0,0,-7.63,0
FLII,0,0,0,0,0,0,0,0,0,1.962,0,0,2.183,4.435,0,-2.251,0,0,-2.085,2.202,7.628
TUBGCP3,0,0,0,0,0,0,0,0,0,0,0,0,0,1.555,0,0,-2.293,0,0,-7.628,0
MACROH2A2,0,0,0,0,0,0,0,0,0,0,0,0,-1.494,0,0,0,-1.716,0,0,-7.627,0
NAA15,0,0,0,0,0,0,0,0,0,0,0,0,0,0,0,0,0,0,0,7.626,0
RTN4,0,0,0,0,0,0,0,0,0,2.974,0,0,2.293,3.577,0,0,0,0,7.625,3.069,0
SH3RF1,0,0,0,0,0,0,0,0,0,0,0,0,0,0,0,0,0,0,0,7.624,0
UNKL,0,0,0,0,0,0,0,0,0,1.913,0,0,0,2.515,0,0,-1.745,-1.435,0,-3.256,-7.622
TRIP10,0,0,0,0,0,0,0,0,0,0,0,0,0,0,0,3.865,0,0,7.621,0,-1.565
SELENOP,0,0,0,0,0,0,0,0,0,0,0,0,0,0,0,0,-1.966,-1.389,0,-5.097,-7.617
KRT10,0,0,0,0,0,0,0,0,0,0,0,0,0,0,0,0,0,5.589,0,0,7.617
MRPL50,0,0,0,0,0,0,0,0,0,0,0,0,0,0,0,0,1.63,0,1.308,7.616,1.346
SERTAD3,0,0,0,0,0,0,2.276,2.93,1.328,0,0,7.616,6.486,0,0,5.201,0,0,0,0,0
BZW1,0,0,0,0,0,0,0,0,0,0,0,0,0,0,0,0,0,0,0,7.615,0
CBX8,0,0,0,0,0,0,0,0,0,0,0,0,0,0,0,0,0,0,0,-7.614,0
FAM20C,0,0,0,0,0,0,0,0,0,0,0,-2.309,-2.14,0,0,0,7.614,0,0,2.991,-2.079
CHD1,0,0,0,0,0,-1.702,0,0,0,0,0,0,1.907,0,0,0,0,0,1.492,7.613,0
MORC3,0,0,0,0,0,-2.478,0,0,0,0,0,0,0,0,0,3.918,0,-1.902,7.055,-3.541,-7.611
PPP4R2,0,0,0,0,0,-1.415,0,0,0,3.047,0,0,0,2.974,0,0,0,0,0,7.609,0
GCH1,0,0,0,0,0,0,0,0,0,0,0,0,0,0,0,7.609,0,0,2.969,0,0
HMGB2,0,0,0,0,0,0,0,0,0,3.527,0,0,2.084,7.607,0,0,0,0,0,1.391,-1.974
ENSEMBL:ENSG00000231628,0,0,0,0,0,0,0,0,0,0,0,0,0,0,0,0,-1.499,0,0,-7.606,-3.829
CTNNBIP1,0,0,0,0,0,0,0,0,0,0,0,0,0,0,0,0,-4.301,0,0,-7.604,0
DAZAP1,0,0,0,0,0,0,0,0,0,-2.519,0,0,0,-3.865,0,0,0,0,0,7.602,4.71
BRD3,0,0,0,0,0,0,0,0,0,0,0,0,0,0,0,0,-2.579,-3.149,-1.468,-7.601,-4.559
LCNL1,0,0,0,0,0,7.599,2.646,0,0,0,0,1.938,0,0,0,0,0,0,0,-1.472,0
NIP7,0,0,0,0,0,0,0,0,0,0,0,-2.38,-1.94,0,0,0,0,0,0,7.598,0
SRXN1,0,0,0,0,0,0,0,0,0,2.54,0,0,0,4.423,0,0,0,0,0,7.591,0
TP73-AS1,0,0,0,0,0,0,0,-1.848,0,0,0,-2.554,-1.657,0,0,0,0,0,0,-7.59,0
N4BP2L2,0,0,0,0,0,0,0,0,0,0,0,0,0,0,0,0,0,0,0,7.589,-1.645
VPS45,0,0,0,0,0,0,0,0,0,0,0,0,0,0,0,-1.821,-1.972,0,0,-7.589,0
NUP98,0,0,0,0,0,0,0,0,1.42,2.222,0,0,3.321,4.73,0,1.385,0,-3.222,7.587,6.279,-4.083
ZNF678,0,0,0,0,0,0,0,0,0,0,0,0,0,0,0,0,-1.636,0,0,-7.587,1.653
MTMR3,0,-1.325,0,0,0,0,0,0,0,2.928,0,0,3.135,5.502,0,0,0,0,-2.358,-7.577,-3.247
MBTD1,0,0,0,0,0,0,0,0,0,0,0,0,0,0,0,0,-1.553,0,0,-7.577,-1.933
DDX21,0,0,0,0,0,0,0,0,0,0,0,0,0,0,0,0,0,0,0,7.574,0
ZYX,0,0,0,0,0,0,0,0,0,1.942,0,0,1.923,5.062,0,5.019,0,0,7.574,3.241,0
CHD1-DT,0,0,0,0,0,0,0,0,0,0,0,0,0,0,0,7.574,0,0,3.219,0,0
ERCC5,0,0,0,0,0,0,0,0,-1.317,0,0,0,0,0,0,0,-1.569,0,-1.397,-7.568,0
TMX2,0,0,0,0,0,0,0,0,0,0,0,0,-1.585,0,0,0,0,7.558,0,0,3.155
ATP6AP1,0,0,0,0,0,0,0,0,0,2.277,0,0,2.522,3.854,0,0,0,7.558,0,0,5.599
CPT1B,0,0,0,0,0,1.912,1.395,0,0,0,0,0,0,0,0,0,0,7.558,0,0,1.419
GTPBP1,0,0,0,0,0,0,0,0,1.34,1.761,0,0,5.128,3.796,0,0,3.702,0,0,7.551,0
SERTAD2,0,0,0,0,0,0,0,0,3.383,4.842,0,0,3.572,7.545,0,0,0,0,0,0,-2.084
KLF11,0,0,0,0,0,0,0,0,0,0,0,0,0,0,0,0,0,0,0,7.543,0
CHD1L,0,0,0,0,0,0,0,0,0,0,0,0,0,0,0,0,0,0,0,7.542,1.784
SETD5,0,0,0,0,0,-1.809,-1.449,0,0,0,0,0,0,0,0,0,0,-1.91,0,-2.733,-7.541
SGF29,0,0,0,0,0,0,0,0,0,-2.168,0,0,0,-1.575,0,-1.499,0,0,0,0,-7.54
LASP1,0,0,0,0,0,0,0,0,2.265,3.379,0,2.348,7.54,6.08,0,1.333,0,0,0,0,0
FCER2,0,0,0,0,0,0,-6.051,-3.952,0,0,0,-6.052,-7.539,-1.491,0,0,0,0,0,0,0
NPHP1,0,0,0,0,0,0,0,0,0,0,0,0,0,0,0,0,-5.292,0,0,-7.538,0
LRRC2,0,0,0,0,0,0,0,0,0,0,0,0,0,0,0,0,3.096,0,0,7.538,0
B4GALT3,0,0,0,0,0,1.317,1.34,0,0,0,0,0,0,0,0,0,0,0,0,7.538,0
ENSEMBL:ENSG00000259351,0,0,0,0,0,0,0,0,0,0,0,0,0,0,0,0,0,0,0,-7.534,0
TMBIM1,0,0,0,0,0,0,0,0,1.678,1.79,0,3.427,7.534,3.391,0,0,0,0,0,0,0
FJX1,0,0,0,0,0,0,0,0,0,0,0,0,0,0,0,0,3.517,0,0,7.532,0
NOTUM,0,0,0,0,0,0,0,0,0,0,0,0,0,0,0,0,-1.464,0,0,-7.528,-2.377
KBTBD6,0,0,0,0,0,0,0,0,0,0,0,0,0,0,0,0,7.521,0,0,1.71,0
ADGRF5,0,0,0,0,0,0,0,0,0,0,0,0,0,0,0,0,4.155,0,0,7.521,0
LIMA1,0,0,0,0,0,0,0,0,0,0,0,0,0,0,0,7.518,-1.806,0,5.702,2.019,3.678
HOMER1,0,0,0,0,0,0,0,0,0,0,0,0,0,0,0,0,0,0,0,7.51,0
CBFA2T2,0,0,0,0,0,0,0,0,0,0,0,0,0,0,0,0,0,0,0,-7.51,0
LSMEM1,0,0,0,0,0,0,0,0,0,0,0,0,0,1.511,0,0,-2.123,0,0,-7.51,0
SRSF8,0,0,0,0,0,0,0,0,0,-1.338,0,0,0,-1.322,0,0,0,0,0,7.51,2.225
TOR1AIP2,0,0,0,0,0,0,0,0,1.714,0,0,0,2.665,2.183,0,0,0,0,0,7.509,0
SLC20A2,0,0,0,0,0,0,0,0,0,0,0,0,0,0,0,1.746,2.033,0,4.061,7.506,0
RDX,0,0,0,0,0,0,0,0,0,0,0,0,0,0,0,0,0,0,7.505,1.976,0
WSB1,0,0,0,0,0,0,0,0,0,2.108,0,0,0,4.789,0,-7.502,0,0,0,0,0
PPID,0,1.582,0,0,0,0,0,0,0,0,0,0,0,0,0,0,0,0,0,2.883,7.494
MASP2,0,0,0,0,0,0,0,0,0,0,0,0,0,0,0,-7.491,0,0,-7.26,-3.962,0
KMT2C,0,0,0,0,-1.471,-1.944,0,0,0,0,0,0,0,0,0,0,0,-1.796,0,0,-7.489
ASAP3,0,0,0,0,0,0,0,0,0,0,0,0,0,0,0,0,0,0,7.485,7.064,-1.81
PPP1R3A,0,0,0,0,0,0,0,0,0,0,0,0,0,0,0,1.358,0,0,4.625,7.484,2.223
ATXN2L,0,0,0,0,0,0,0,0,0,0,0,0,0,0,0,-1.324,0,0,-7.11,7.481,2.175
AP1S2,0,0,0,0,0,0,0,0,0,0,0,0,0,0,0,0,0,0,0,6.466,7.48
ARHGAP18,0,0,0,0,0,0,0,0,0,0,0,0,1.586,0,0,0,0,0,0,0,-7.479
RASA4B,0,0,0,0,0,0,0,0,0,0,0,0,0,0,0,-1.548,-1.889,0,0,-7.478,0
TAF7,0,0,0,0,0,0,0,0,0,1.494,0,0,1.641,3.179,0,0,0,0,7.476,5.141,0
BOK,0,0,0,0,0,6.369,7.467,0,-1.343,0,0,0,0,0,0,0,0,0,0,0,0
MICOS10,0,0,0,0,0,0,1.458,0,0,0,0,0,0,0,0,0,0,7.451,0,0,3.399
ENSEMBL:ENSG00000279456,0,0,0,0,0,0,0,0,0,0,0,0,0,0,0,0,-1.541,0,0,-7.451,0
POP1,0,0,0,0,0,0,0,0,0,-1.446,0,0,0,0,0,0,1.471,0,0,7.446,0
RB1CC1,0,0,0,0,0,-1.439,0,0,0,3.326,0,0,0,4.53,0,1.999,2.811,0,-3.403,7.446,-5.047
ZNF792,0,0,0,0,0,0,0,0,0,0,0,0,0,0,0,-7.446,0,0,-1.857,0,0
ACVR2B,0,0,0,0,0,0,0,0,0,0,0,0,0,0,0,0,-1.315,0,0,-7.44,0
KPNA2,0,0,0,0,0,0,0,0,0,0,0,0,0,0,0,0,0,0,2.206,7.439,0
RNF157-AS1,0,0,0,0,0,0,0,0,0,0,0,0,0,-1.424,0,0,0,0,0,-7.439,0
HIGD1A,0,0,0,0,0,0,0,0,0,0,0,0,0,0,0,0,0,7.439,0,3.084,7.185
SOD2,0,0,0,0,0,-1.534,0,0,0,4.323,0,0,3.622,7.439,0,0,0,0,0,2.498,0
ZKSCAN5,0,0,0,0,0,0,0,0,0,0,0,0,0,0,0,0,0,0,0,-7.438,0
LMTK2,0,0,0,0,0,0,0,0,2.428,4.278,0,0,2.252,6.476,0,0,1.318,-2.833,0,7.436,0
AGTPBP1,0,0,0,0,0,0,0,0,0,3.632,0,0,1.819,7.434,0,0,0,0,0,0,0
DHCR7,0,0,0,0,0,0,1.47,0,0,0,0,0,0,0,0,0,0,7.431,0,0,1.824
SLC25A20,0,0,0,0,0,5.187,3.659,0,0,0,0,0,0,2.993,0,0,0,7.431,-2.081,-1.423,3.156
EFNA1,-1.381,0,0,0,0,0,0,0,0,0,0,0,0,0,0,-7.429,-3.583,0,-1.918,0,0
DTX3,0,0,0,0,0,5.828,7.428,0,0,0,0,1.956,0,0,0,0,-2.447,0,0,-2.157,0
DEPDC7,0,0,0,0,0,0,0,0,0,0,0,0,0,0,0,0,-1.435,-1.367,0,-7.427,-1.721
LDHD,0,0,0,0,0,0,0,0,0,0,0,0,0,0,0,0,0,7.424,0,0,0
MRPL34,0,0,0,0,0,1.981,0,0,0,0,0,0,0,0,0,0,0,7.424,0,0,4.012
SYT11,0,0,0,0,0,3.527,7.422,0,0,0,0,1.624,0,0,0,0,0,0,0,1.448,0
ZNF551,0,0,0,0,0,0,0,0,0,0,0,0,0,0,0,0,3.032,0,0,7.42,0
IQSEC1,0,-1.437,0,0,0,0,0,0,0,3.823,0,0,3.054,7.411,0,0,0,1.449,0,0,0
CCDC51,0,0,0,0,0,0,0,0,0,0,0,0,0,0,0,0,0,0,0,-7.411,0
SRSF1,0,0,0,0,0,0,0,0,0,0,0,0,0,0,0,-1.402,0,0,-2.776,7.41,0
ZDHHC24,0,0,0,0,0,0,0,0,0,0,0,0,0,0,0,0,-1.549,0,0,-7.408,0
SH3D19,0,0,0,0,0,0,0,0,0,0,0,0,0,0,0,1.988,0,0,5.252,0,7.406
PTBP2,0,0,0,0,0,0,0,0,0,0,0,0,0,0,0,0,-4.687,0,1.51,-7.406,0
FCN3,0,0,0,0,0,0,0,0,0,0,0,0,0,0,0,0,7.405,2.125,0,4.253,2.915
ECE1,0,0,0,0,0,0,0,0,0,2.383,0,0,1.822,7.405,0,0,0,0,0,0,0
AQP9,0,0,0,0,0,0,0,0,0,3.968,0,0,3.763,7.405,0,0,0,0,0,0,0
TTPAL,0,0,0,0,0,0,0,0,0,0,0,0,0,0,0,0,0,0,0,7.405,0
MX1,0,0,0,0,0,0,0,0,0,0,0,0,0,0,0,0,-7.403,0,0,-4.837,0
GYG1,0,0,0,0,0,0,0,0,0,1.845,0,1.356,1.997,5.411,0,6.38,3.63,0,0,7.398,6.159
UBA7,0,0,0,0,0,1.453,0,0,0,0,0,0,0,0,0,0,-5.903,0,0,-7.398,0
CXCR6,0,0,0,0,0,0,0,0,0,0,0,2.221,1.392,0,0,0,0,0,0,0,-7.397
DYNLT3,0,0,0,0,0,0,0,0,0,0,0,0,0,0,0,0,0,0,0,7.396,2.81
SIRT4,0,0,0,0,0,0,0,0,0,0,0,0,0,0,0,0,0,0,0,-7.395,0
CERCAM,0,0,0,0,0,4.997,7.391,0,0,0,0,0,0,0,0,0,0,0,0,0,0
KLHL30,0,0,0,0,0,0,0,0,0,0,0,0,0,0,0,0,2.511,-2.296,0,0,-7.391
AFDN,0,-1.554,0,0,0,0,0,0,0,2.904,0,0,0,3.834,0,-7.388,-1.887,0,-6.774,0,0
MIEF1,0,0,0,0,0,0,0,0,0,-1.779,0,0,0,0,0,1.429,1.636,0,6.532,7.387,0
ALKBH5,0,1.869,0,0,0,0,1.797,0,0,0,0,2.665,1.808,0,0,-7.355,0,0,-7.387,-2.045,0
ETS1,0,0,0,0,0,0,0,0,0,-2.015,0,0,0,-3.61,0,0,7.386,0,0,7.332,0
PKD1,0,0,0,0,0,0,0,0,0,0,0,-1.301,-1.489,-1.805,0,0,0,-2.936,0,-2.013,-7.379
PSMC4,0,0,0,0,0,2.382,2.137,0,0,0,0,0,0,0,0,3.09,0,0,6.897,3.115,7.379
NUDCD3,0,0,0,0,0,0,0,0,0,0,0,0,0,0,0,0,0,3.49,0,0,7.379
BRWD3,0,0,0,0,0,-2.129,0,0,0,1.332,0,0,0,1.663,0,0,-4.957,0,0,-7.378,0
ZNF142,0,0,0,0,0,0,0,0,0,0,0,0,0,0,0,0,-2.641,-1.672,0,-7.376,-2.597
CRIM1,0,0,0,0,0,0,2.729,0,0,0,0,0,0,0,0,0,0,-1.318,0,7.37,-6.372
MCM4,0,0,0,0,0,0,0,0,0,0,0,0,0,0,0,0,0,7.369,0,0,0
TRIM33,0,0,0,0,0,-1.697,0,0,0,0,0,0,0,0,0,2.412,0,0,7.366,-1.787,0
LIPT2,0,0,0,0,0,0,0,0,0,0,0,0,0,0,0,0,0,0,0,-7.365,0
RNF145,0,0,0,0,0,0,0,0,3.946,3.575,0,1.63,7.364,5.372,0,0,0,0,1.466,2.292,0
LINC00115,0,0,0,0,0,0,0,0,0,0,0,0,0,0,0,7.363,0,0,1.956,1.728,0
SLC44A2,0,0,0,0,0,0,0,0,0,3.811,0,0,2.69,7.362,0,0,0,0,0,-6.093,-2.049
LPL,0,1.335,0,0,0,0,0,0,0,0,0,0,0,0,0,0,2.464,0,0,7.358,0
KBTBD8,0,0,0,0,0,0,0,0,0,0,0,0,0,0,0,0,0,0,0,7.358,0
ZFPM1,0,0,0,0,0,6.822,7.352,0,-1.58,0,0,0,0,0,0,0,0,1.579,0,0,3.411
UGGT1,0,0,0,0,0,0,0,0,0,2.626,0,0,0,3.342,0,0,0,0,0,7.348,2.867
ADGRG3,0,0,0,0,0,0,0,0,0,2.815,0,0,3.804,7.346,0,0,0,0,0,0,0
SP100,0,0,0,0,0,0,-1.361,0,0,0,0,0,0,2.44,0,-1.938,0,0,-7.342,-1.409,0
IFNAR1,0,0,0,0,0,-1.431,0,0,0,4.601,0,0,2.254,7.339,0,0,0,0,0,0,0
TPCN1,0,0,0,0,0,0,0,0,0,-2.583,0,0,0,-2.467,0,0,0,0,0,-7.339,0
ENSEMBL:ENSG00000272079,0,0,0,0,0,0,0,0,0,0,0,0,0,0,0,0,1.534,0,0,7.338,0
OPTN,0,0,0,0,0,-4.432,-7.336,0,0,0,0,0,0,-1.834,0,5.68,0,0,4.515,0,0
CORO1C,0,0,0,0,0,0,0,0,2.319,3.063,0,0,4.592,3.328,0,0,7.331,0,0,6.854,0
TBXAS1,0,0,0,0,0,0,0,0,0,3.341,0,0,1.535,7.328,0,0,0,0,0,0,0
EIF4G1,0,0,0,0,0,0,0,0,0,0,0,0,0,0,0,-3.954,0,0,-7.327,0,-2.07
TBC1D20,0,0,0,0,0,0,0,0,3.23,0,0,2.791,7.322,1.415,0,1.421,0,0,0,0,-2.837
KCNJ15,0,0,0,0,0,0,0,0,0,4.175,0,0,2.888,7.32,0,0,0,0,0,0,0
GAB1,0,1.445,0,0,0,-2.561,0,0,0,1.429,0,0,0,0,0,2.292,-1.348,0,-4.755,-7.318,-4.564
CCDC127,0,0,0,0,0,0,0,0,0,0,0,0,0,0,0,0,0,0,0,-7.313,0
ZNF462,0,0,0,0,0,0,0,0,0,0,0,0,0,0,0,0,4.012,0,-2.839,7.312,-2.379
IL13RA1,0,0,0,0,0,0,0,0,0,3.832,0,0,2.612,7.31,0,0,0,0,0,0,-2.795
ATG2A,0,0,0,0,0,0,0,0,0,3.531,0,0,3.52,7.31,0,0,0,0,0,-1.503,0
ANKRD35,0,0,0,0,0,0,0,0,0,0,0,0,0,0,0,0,0,0,7.307,1.864,-1.993
PNPO,0,0,0,0,0,0,0,0,0,0,0,0,0,-2.61,0,0,0,0,2.98,7.307,2.034
SYNCRIP,0,0,0,0,0,0,0,0,0,0,0,0,0,0,0,0,0,0,0,7.306,-2.901
SERPINB1,0,0,0,0,0,0,0,0,0,2.109,0,0,1.733,7.302,0,0,0,0,0,0,0
SNX19,0,0,0,0,0,0,0,0,0,0,0,0,0,0,0,0,0,0,0,0,7.301
ZNF37BP,0,0,0,0,0,0,0,0,0,0,0,0,0,0,0,-2.938,-3.272,0,-2.017,-7.3,0
IDS,0,0,0,0,0,0,0,0,1.46,4.192,0,0,4.592,7.294,0,0,0,0,0,0,0
CPD,0,-1.67,0,0,0,0,0,0,1.569,5.314,0,0,2.837,7.294,0,0,0,0,0,0,-1.401
VIM,0,0,0,0,0,0,0,0,0,3.537,0,0,3.714,7.294,0,0,0,0,2.095,0,0
MBOAT7,0,0,0,0,0,0,0,0,0,3.288,0,0,4.224,7.294,0,0,0,0,0,0,0
ADPRS,0,0,0,0,0,0,0,0,0,0,0,0,0,0,0,0,0,0,7.29,0,0
RCE1,0,0,0,0,0,0,0,0,0,0,0,0,0,0,0,1.314,2.887,0,0,7.289,0
RNF214,0,0,0,0,0,0,0,0,0,-1.458,0,0,0,0,0,0,0,0,-2.472,-7.287,0
TFE3,0,0,0,0,0,0,0,0,3.745,3.062,0,1.375,7.286,3.892,0,0,0,0,0,2.924,0
RGS9,0,0,0,0,0,7.285,6.734,0,0,0,0,1.967,0,0,0,0,-1.364,0,0,-2.727,-1.862
WDR44,0,0,0,0,0,0,0,0,0,0,0,0,0,0,0,-5.94,0,0,-7.285,-1.367,0
MROH7-TTC4,0,0,0,0,0,0,0,0,0,0,0,0,0,0,0,0,0,7.282,0,0,3.603
RTL6,0,0,0,0,0,0,0,0,0,0,0,0,0,0,0,0,0,0,0,7.281,0
FAM126B,0,-1.418,0,0,0,0,0,0,0,5.018,0,0,2.031,7.28,0,0,-1.545,0,0,-6.071,0
PRKAA2,0,0,0,0,0,0,0,0,0,0,0,0,0,0,0,-6.21,0,0,-7.277,0,2.758
PUM1,0,-1.314,0,0,0,0,0,0,0,0,0,0,0,0,0,-2.321,0,0,-7.277,0,-4.87
TBX6,0,0,0,0,0,0,0,0,0,0,0,0,0,0,0,0,0,0,0,-7.276,0
ITIH3,0,0,0,0,0,0,0,0,0,0,0,0,0,0,0,0,0,0,0,0,7.275
TUBA4A,0,0,0,0,0,0,0,1.789,2.035,0,0,3.38,5.85,0,0,0,1.334,0,2.327,2.192,7.275
STRN,0,0,0,0,0,0,0,0,0,1.407,0,0,0,2.002,0,0,0,0,-1.382,2.82,7.274
RAB7A,0,0,0,0,0,0,0,0,0,3.693,0,0,3.761,6.238,0,0,6.031,3.077,0,7.274,2.776
DEPTOR,0,0,0,0,0,0,0,0,0,0,0,0,0,0,0,-2.321,0,-4.714,-7.274,0,-3.316
TCEAL3,0,0,0,0,0,0,0,0,0,0,0,0,0,0,0,0,0,0,7.272,0,0
TBC1D1,0,0,0,0,0,0,0,0,1.97,3.787,0,0,2.633,4.744,0,7.271,0,1.478,5.399,1.307,0
MARCKS,0,1.35,0,0,0,0,0,0,0,4.295,0,0,0,3.376,0,7.03,-1.317,0,7.265,-2.091,0
NUMB,0,0,0,0,0,0,0,0,0,3.632,0,0,2.811,7.264,0,0,0,0,0,0,0
VNN1,0,0,0,0,0,0,0,0,2.381,5.47,0,0,2.605,7.264,0,0,0,0,0,0,0
PARG,0,0,0,0,0,0,0,0,0,0,0,0,0,0,0,0,0,0,4.634,7.262,4.565
DYNC1LI2,0,0,0,0,0,-2.125,0,0,0,0,0,0,0,0,0,-2.458,0,0,-7.259,2.63,-2.01
TTC39B,0,0,0,0,0,0,0,0,0,0,0,0,0,0,0,1.874,-3.257,-2.093,0,-2.985,-7.255
SH3BP5L,0,0,0,-2.117,0,0,0,0,0,3.082,0,0,1.978,4.026,0,-2.164,0,0,-7.252,-1.47,2.049
SPPL2A,0,0,0,0,0,0,0,0,0,0,0,0,0,0,0,0,0,0,0,7.251,-3.172
CDC40,0,0,0,0,0,0,0,0,0,0,0,0,0,1.634,0,0,0,0,0,-7.251,2.393
REEP5,0,0,0,0,0,0,1.481,0,0,2.349,0,0,0,2.506,0,0,0,0,0,0,7.249
RAB3D,0,0,0,0,0,0,0,0,1.961,3.222,0,0,3.974,6.289,0,0,-2.161,0,0,-7.247,0
SERTAD1,0,0,0,0,0,0,4.346,2.09,0,0,0,1.749,1.612,0,0,6.567,0,0,0,7.247,0
ZNF714,0,0,0,0,0,0,0,0,0,0,0,0,0,0,0,0,-5.428,0,0,-7.245,0
MFF-DT,0,0,0,0,0,0,0,0,0,0,0,0,0,0,0,0,-1.48,0,0,-7.241,0
MET,0,0,0,0,0,0,0,0,0,0,0,0,0,0,0,0,7.231,0,0,3.56,-1.673
USP4,0,0,0,0,0,0,0,0,0,3.699,0,0,3.224,7.227,0,0,0,0,0,0,0
FCGR2A,0,0,0,0,0,-1.371,0,0,0,3.737,0,0,2.954,7.227,0,0,0,0,0,0,0
KLRG1,0,0,0,0,0,4.324,7.226,1.489,0,0,0,2.243,0,0,0,0,0,0,0,0,0
ENSEMBL:ENSG00000289230,0,0,0,0,0,0,0,0,0,0,0,0,0,0,0,0,4.44,0,3.197,7.222,0
PTPN7,0,0,0,0,0,7.221,4.846,1.425,0,0,0,4.534,2.206,0,0,0,0,0,0,0,0
SMCR8,0,0,0,0,0,0,0,0,0,2.464,0,0,0,3.211,0,0,7.22,0,0,0,0
MID2,0,0,0,0,0,0,0,0,0,0,0,0,0,0,0,-3.91,0,0,-7.219,0,0
OAS3,0,0,0,0,-1.446,-1.465,0,0,0,0,0,0,0,0,0,0,-7.217,0,0,-5.198,0
FAM214B,0,0,0,0,0,0,0,0,1.997,1.672,0,2.804,6.954,4.024,0,0,0,0,0,0,7.215
PTPRE,0,0,0,0,0,-2.95,-1.642,0,1.328,4.119,0,0,4.013,7.212,0,0,0,0,0,2.481,0
ATP6V1FNB,0,0,0,0,0,0,0,0,0,0,0,0,0,0,0,0,0,0,0,7.21,4.774
RTEL1-TNFRSF6B,0,0,0,0,0,0,0,0,0,0,0,0,0,0,0,0,-2.534,0,0,-7.205,0
RPAP2,0,0,0,0,0,0,0,0,0,0,0,0,0,0,0,0,0,0,0,-7.205,0
DMRTA1,0,0,0,0,0,0,0,0,0,0,0,0,0,0,0,0,0,0,0,-7.205,0
TOP3B,0,0,0,0,0,0,1.956,0,0,0,0,0,0,0,0,0,0,0,0,-7.201,0
CTDSP1,0,0,0,0,0,2.95,1.393,0,0,0,0,1.983,2.312,2.682,0,0,-1.968,-4.743,0,-7.198,-4.158
MYOC,0,0,0,0,0,3.438,7.198,3.01,0,0,0,2.99,0,0,0,0,0,0,0,0,0
PRKCH,0,0,0,0,0,3.333,7.196,0,0,0,0,1.893,0,0,0,0,0,0,-2.167,0,0
BTNL8,0,0,0,0,0,0,0,0,0,3.896,0,0,2.707,7.194,0,0,0,0,0,0,0
ERC1,0,0,0,0,0,-1.652,0,0,0,-2.16,0,0,0,-1.462,0,-6.495,3.595,0,-7.193,3.61,0
FAM53C,0,0,0,0,0,0,0,0,2.154,2.726,0,0,7.061,4.757,0,0,0,-2.121,-1.974,2.132,-7.191
RAD51-AS1,0,0,0,0,0,0,0,0,0,0,0,0,0,0,0,0,-2.588,0,0,-7.182,0
MYBL1,0,0,0,0,0,3.759,7.179,1.666,0,0,0,3.8,0,0,0,0,1.394,0,0,0,0
USP3,0,0,0,0,0,0,0,0,0,2.78,0,0,2.298,4.126,0,0,-1.662,0,0,-7.177,0
PIK3IP1,0,0,0,0,0,-2.581,-6.319,-3.104,0,-1.693,0,-4.02,0,-3.472,0,0,-1.458,-1.553,0,-7.177,-3.857
TMEM260,0,0,0,0,0,0,0,0,0,2.551,0,0,0,3.366,0,0,-2.081,0,0,-7.174,0
LRG1,0,0,0,0,0,0,0,0,0,2.776,0,0,2.72,7.173,0,0,0,0,0,0,0
MXD1,0,0,0,0,0,0,0,0,4.519,3.041,0,1.456,7.167,5.433,0,4.77,0,0,0,6.871,0
RNF166,0,0,0,0,0,3.534,4.428,2.203,1.98,1.675,0,6.395,7.167,3.623,0,0,0,0,0,0,0
ENSEMBL:ENSG00000267724,0,0,0,0,0,0,0,0,0,0,0,0,0,0,0,0,0,0,0,-7.167,0
TUBB2A,0,0,0,0,0,-3.487,-3.389,0,0,0,0,0,1.308,0,0,2.032,7.165,0,1.98,2.518,0
UBXN6,0,0,0,0,0,-3.513,-7.159,0,0,0,0,0,0,-1.451,0,0,0,0,0,0,0
RALGAPA2,0,0,0,0,0,0,0,0,0,3.832,0,0,0,7.159,0,-2.753,0,0,-4.93,3.13,-4.943
DGAT2,0,0,0,0,0,0,0,0,0,3.142,0,0,1.736,7.158,0,0,0,0,0,0,0
IL18R1,0,0,0,0,0,0,3.054,0,1.338,4.045,0,1.548,2.218,7.158,0,0,0,0,0,0,0
NFE2,0,0,0,0,0,0,0,0,1.415,3.239,0,1.598,6.062,7.151,0,0,0,0,0,-1.9,0
HAL,0,0,0,0,0,0,0,0,0,4.115,0,0,2.769,7.148,0,0,0,0,0,0,0
LRSAM1,0,0,0,0,0,0,0,0,0,0,0,0,0,0,0,0,0,0,0,-1.507,7.147
H3-3B,0,0,0,0,0,0,0,0,0,2.898,0,0,2.902,7.147,0,0,0,0,0,2.157,0
TMEM71,0,0,0,0,0,0,0,0,0,3.769,0,0,3.322,7.147,0,0,0,0,0,0,0
POLH,0,0,0,0,0,0,0,0,0,0,0,0,0,0,0,0,0,0,0,-7.139,0
PARP11,0,0,0,0,0,-1.745,0,0,0,0,0,0,0,0,0,0,-5.004,0,0,-7.138,0
CANT1,0,0,0,0,0,0,0,0,0,4.655,0,0,2.101,7.134,0,0,0,0,0,-2.764,0
GCA,0,0,0,0,0,0,0,0,0,4.115,0,0,2.982,7.134,0,0,0,0,0,0,0
MMP25,0,0,0,0,0,0,0,0,0,3.486,0,0,2.204,7.134,0,0,0,0,0,0,0
TNFRSF10C,0,0,0,0,0,0,-1.392,0,0,3.503,0,0,2.752,7.134,0,0,0,0,0,0,0
SRGN,0,0,0,0,0,0,0,0,1.796,3.737,0,1.61,5.022,7.134,0,3.407,0,0,2.007,3.2,0
DNAJC8,0,0,0,0,0,0,0,0,0,0,0,0,0,0,0,0,3.573,0,0,7.133,0
CHMP1B,0,0,0,0,0,0,0,0,0,4.456,0,0,1.619,7.128,0,0,0,0,1.684,4.767,0
PIGW,0,0,0,0,0,0,0,0,0,0,0,0,0,0,0,0,3.805,0,0,7.128,0
SSH3,0,0,0,0,0,0,0,0,0,0,0,0,1.806,2.138,0,0,-2.571,0,0,-7.128,0
MARCHF3,0,0,0,0,0,0,0,0,0,0,0,0,0,0,0,0,1.659,0,0,7.125,-2.201
STYXL2,0,0,0,0,0,0,0,0,0,0,0,0,0,0,0,-7.124,0,0,-6.847,4.744,2.102
TRAM1,0,0,0,0,0,0,0,0,0,0,0,0,0,0,0,-4.503,0,0,-7.123,0,0
ZNF589,0,0,0,0,0,0,0,0,0,0,0,0,0,0,0,0,-2.602,0,0,-7.118,0
LINC01089,0,0,0,0,0,0,0,0,0,0,0,0,0,0,0,0,0,0,-7.117,-2.653,0
ENSEMBL:ENSG00000228327,0,0,0,0,0,0,0,0,0,2.827,0,0,2.175,7.117,0,0,-1.953,0,0,-4.771,0
C1RL,0,0,0,0,0,0,0,0,0,4.022,0,0,2.017,7.117,0,0,0,0,0,0,-1.524
SAT1,0,0,0,0,0,0,0,0,1.795,1.393,0,3.157,7.116,3.582,0,0,0,0,7.088,5.939,0
ZBTB16,0,0,0,0,0,2.676,4.687,2.333,0,0,0,2.341,0,0,0,0,3.492,0,-1.622,7.112,0
ZXDA,0,0,0,0,0,0,0,0,0,0,0,0,0,0,0,0,0,0,0,-7.112,-1.614
ALPL,0,0,0,0,0,0,0,0,0,2.449,0,0,2.24,7.11,0,0,0,0,0,0,0
C15orf39,0,0,0,0,0,0,0,0,0,3.044,0,0,1.522,7.11,0,4.534,0,0,0,0,0
LILRA6,0,0,0,0,0,0,0,0,1.408,3.221,0,0,3.6,7.107,0,0,0,0,0,0,0
LTV1,0,0,0,0,0,0,0,0,-1.963,0,0,-3.036,-7.104,-1.739,0,0,0,0,0,0,2.44
RNF24,0,0,0,0,0,0,0,0,0,4.407,0,0,3.913,7.103,0,0,0,0,0,0,0
RALB,0,0,0,0,0,0,0,0,0,3.71,0,0,2.49,7.1,0,0,0,0,0,0,0
RAP1A,0,0,0,0,0,0,0,0,0,0,0,0,3.408,2.962,0,0,0,0,0,0,7.099
ZAP70,0,0,0,0,0,7.095,6.765,0,0,0,0,0,0,0,0,0,0,0,0,0,0
H2AX,0,0,0,0,0,2.164,7.095,2.514,0,0,0,2.665,1.766,0,0,1.905,0,0,0,2.56,0
KDR,0,0,0,0,0,0,0,0,0,0,0,0,0,0,0,0,7.094,0,0,4.319,0
ACP6,0,0,0,0,0,0,0,0,0,0,0,0,0,0,0,0,0,0,0,-7.093,-1.673
VMP1,0,0,0,0,0,0,0,0,0,3.964,0,0,3.5,7.087,0,0,0,0,0,3.01,0
EOMES,0,0,0,0,0,3.179,7.083,0,0,0,0,2.607,0,0,0,0,0,0,0,0,0
ZC3H12C,0,0,0,0,0,0,0,0,0,0,0,0,0,0,0,0,0,0,-7.082,0,0
BDKRB2,0,0,0,0,0,0,0,0,0,0,0,0,0,0,0,7.079,0,0,1.328,0,0
PDCD4,0,0,0,0,0,0,0,0,0,0,0,1.341,1.89,0,0,4.215,0,0,7.079,0,-2.632
ANKRD9,0,0,0,0,0,0,0,0,0,0,0,0,0,0,0,0,7.077,0,2.36,3.328,0
MSL1,0,0,0,0,0,0,0,0,2.43,4.045,0,0,5.678,7.074,0,0,0,-4,0,0,-2.776
KANSL1,0,0,0,0,0,0,0,0,0,0,0,0,0,0,0,0,2.57,0,0,7.073,-2.259
MRPL41,0,0,0,0,0,0,0,0,0,0,0,0,-1.748,0,0,0,0,7.072,0,0,1.988
GAB2,0,0,0,0,0,0,0,0,1.474,3.641,0,0,3.032,7.07,0,0,0,0,0,0,0
SRSF11,0,0,0,0,0,0,0,0,0,0,0,0,0,0,0,-7.069,-3.259,0,6.263,0,0
SMURF1,0,0,0,1.581,0,0,0,0,0,1.798,0,0,0,1.709,0,0,0,0,1.506,7.068,0
TCEANC,0,0,0,0,0,0,0,0,0,0,0,0,0,0,0,0,0,0,0,-7.067,0
SPIN3,0,0,0,0,0,-1.448,0,0,0,0,0,0,0,0,0,0,-1.936,0,0,-7.067,0
FABP5,0,0,0,0,0,0,0,0,0,0,0,0,0,0,0,0,7.066,0,0,5.265,0
CCT5,0,0,0,0,0,0,0,0,0,0,0,0,0,0,0,0,0,0,0,2.299,7.064
MRPS18A,0,0,0,0,0,2.161,0,0,0,0,0,0,0,0,0,0,0,2.133,0,2.405,7.058
KREMEN1,0,0,0,0,0,0,0,0,0,3.823,0,0,2.228,7.056,0,0,0,0,0,0,0
ZFP36,0,0,0,0,0,-1.324,0,0,0,3.164,0,2.154,6.821,7.056,0,2.581,0,0,2.104,1.422,0
SAMD4B,0,0,0,0,0,0,0,0,0,3.116,0,0,0,7.056,0,0,0,0,0,7.011,0
RBM43,0,0,0,0,0,0,0,-2.264,-1.521,0,0,0,0,0,0,0,0,-1.577,0,-7.052,-2.291
LYSMD2,0,0,0,0,0,0,0,0,0,0,0,0,0,0,0,0,0,0,0,0,7.05
NFATC3,0,0,0,0,0,0,0,0,0,0,0,0,0,0,0,0,0,0,0,-7.045,-2.189
FLOT1,0,0,0,0,0,0,0,0,0,2.651,0,1.353,4.14,7.04,0,0,0,0,0,0,0
TLR8,0,0,0,0,0,-1.468,0,0,0,5.056,0,0,3.073,7.04,0,0,0,0,0,0,0
KDM6B,0,0,0,0,0,0,0,0,1.983,3.827,0,0,5.115,7.04,0,0,-1.673,0,0,0,0
ITGAM,0,0,0,0,0,0,0,0,0,3.771,0,0,3.117,7.04,0,0,0,0,0,0,0
PCBP1,0,0,0,0,0,0,0,0,2.188,2.088,0,0,5.556,3.916,0,-7.039,0,0,3.568,0,0
MSL3,0,0,0,0,0,0,0,0,0,1.883,0,0,0,5.228,0,0,0,0,-7.037,1.877,3.332
WASL,0,0,0,0,0,0,0,0,0,0,0,0,0,0,0,0,0,-2.102,0,2.425,-7.035
INTU,0,0,0,0,0,0,0,0,0,0,0,0,0,0,0,-1.639,-1.887,0,-1.483,-7.032,0
CCDC28B,0,0,0,0,0,1.907,0,0,0,0,0,0,0,0,0,-1.345,7.032,6.971,-2.622,0,0
CFAP44,0,0,0,0,0,0,0,0,0,0,0,-1.383,0,0,0,0,-1.858,0,0,-7.022,0
TENT4B,0,0,0,0,0,0,0,0,0,0,0,0,0,0,0,0,-1.787,0,0,-7.022,0
MAP3K4,0,0,0,0,0,0,0,0,0,0,0,0,0,0,0,2.111,0,0,7.021,-2.962,0
DNAJB9,0,0,0,0,0,0,0,0,0,0,0,0,0,0,0,0,1.582,0,0,7.021,0
BAAT,0,0,0,0,0,0,0,0,0,0,0,0,0,0,0,0,0,0,0,-7.02,0
CDK2AP2,0,0,0,0,0,5.59,7.02,2.605,0,0,0,3.676,0,0,0,0,0,1.625,0,2.378,3.759
SRSF7,0,0,0,0,0,0,0,0,0,0,0,0,0,0,0,0,0,0,0,7.019,0
INPP5J,0,0,0,0,0,0,0,0,0,0,0,0,0,0,0,0,0,0,0,0,7.018
ALOX5AP,0,0,0,0,0,0,0,0,0,3.288,0,1.788,3.121,7.018,0,0,0,0,0,0,0
KIAA0232,0,0,0,0,0,0,0,0,1.935,3.425,0,0,2.92,5.673,0,0,0,0,-1.663,7.016,0
FLT3LG,0,0,0,0,0,2.172,7.014,5.718,2.17,-3.204,0,6.761,3.623,-4.86,0,0,0,0,0,-1.349,0
BDH1,0,0,0,0,0,0,0,0,0,0,0,0,0,0,0,0,0,7.008,0,0,0
TXLNG,0,1.67,0,0,0,0,0,0,0,0,0,0,0,0,0,0,1.782,0,6.6,7.004,0
LGALS9C,0,0,0,0,0,6.519,7.003,1.388,0,0,0,2.329,0,0,0,0,0,0,0,0,0
MSRB3,0,0,0,0,0,0,0,0,0,0,0,0,1.816,1.601,0,0,0,-1.783,0,0,-7.001
ATRN,0,0,0,0,0,0,0,0,0,0,0,0,0,0,0,0,0,0,0,-7,0
B4GAT1,0,0,0,0,0,0,1.349,0,0,0,0,0,0,0,0,0,0,0,0,-6.998,0
SLC39A14,0,0,0,0,0,0,0,0,0,0,0,0,0,0,0,0,5.228,0,0,6.992,0
GTF2IRD2B,0,0,0,0,0,0,0,0,0,0,0,0,0,0,0,0,-3.611,0,0,-6.992,0
GNAL,0,0,0,0,0,0,0,0,0,0,0,0,0,0,0,0,0,0,0,-2.635,-6.99
CCDC115,0,0,0,0,0,0,0,0,-3.307,0,0,-2.067,-3.363,0,0,0,-5.314,0,0,-6.988,2.434
MIER1,0,0,0,0,0,-1.305,0,0,0,0,0,0,0,0,0,-3.289,0,0,-6.984,0,0
YBX1,0,0,0,0,0,-4.975,-6.982,0,0,0,0,0,0,0,0,0,0,0,0,1.909,0
KLHL2,0,0,0,0,0,0,0,0,1.408,4.02,0,0,2.522,6.981,0,1.688,0,0,2.471,0,0
P2RY13,0,0,0,0,0,-1.306,-1.476,0,0,3.551,0,0,4.224,6.981,0,0,0,0,0,0,0
CDC42EP3,0,0,0,1.507,0,0,0,0,0,4.972,0,0,0,6.981,0,0,0,0,0,1.875,0
TRIM8,0,0,0,0,0,0,0,0,0,2.465,0,0,3.068,6.981,0,0,0,-1.4,0,0,0
ZNF33A,0,0,0,0,0,0,0,0,1.779,4.469,0,0,2.551,6.981,0,0,0,0,0,-6.414,-1.814
CERS2,0,0,0,0,0,0,0,0,3,0,0,0,6.98,3.559,0,0,0,0,0,4.006,0
TIMM10B,0,0,0,0,0,0,0,0,0,0,0,0,-1.328,0,0,0,0,0,0,6.978,0
TMEM120B,0,0,0,0,0,0,2.503,0,0,0,0,0,0,0,0,0,0,0,0,-6.978,0
FXR2,0,0,0,0,0,1.54,1.653,1.602,0,0,0,1.348,0,0,0,0,0,2.647,-2.271,-1.512,6.977
CAMKK2,0,0,0,0,0,0,0,0,0,3.722,0,0,0,6.973,0,0,0,0,0,0,0
CRISPLD2,0,0,0,0,0,0,0,0,1.984,4.469,0,0,3.115,6.973,0,2.247,0,0,1.457,3.39,0
TIGD5,0,0,0,0,0,0,0,0,0,0,0,0,0,0,0,0,6.97,0,0,4.476,-2.053
CCNL2,0,0,0,0,0,0,0,0,0,0,0,0,0,0,0,-3.622,-6.97,0,-3.915,-5.927,0
CD164,0,0,0,0,0,0,0,0,0,0,0,0,0,0,0,0,1.771,0,0,6.967,0
MARCHF5,0,0,0,0,0,0,0,0,0,0,0,0,0,2.191,0,0,0,0,0,6.967,4.316
PIP4P1,0,0,0,0,0,0,0,0,0,0,0,0,0,0,0,6.966,5.631,0,0,0,0
PPM1B,0,0,0,0,0,0,0,0,0,0,0,0,0,0,0,0,0,0,0,6.966,0
RAP1GAP2,0,0,0,0,0,2.226,6.964,1.923,0,1.453,0,2.28,2.916,2.67,0,0,0,0,0,0,0
PLPPR2,0,0,0,0,0,0,0,0,1.983,3.306,0,0,4.449,6.96,0,0,0,0,0,0,0
VAPA,0,0,0,0,0,0,0,0,1.413,4.456,0,0,3.489,6.96,0,5.804,0,0,2.151,4.876,0
MYOZ2,0,0,0,0,0,0,0,0,0,0,0,0,0,0,0,-2.111,0,0,-6.958,2.674,1.757
ENSEMBL:ENSG00000273599,0,0,0,0,0,0,0,0,0,0,0,0,0,0,0,2.122,6.955,0,1.43,3.852,0
CAPN2,0,0,0,0,0,0,1.886,0,0,0,0,0,0,-1.467,0,0,0,0,0,1.592,6.948
SLC45A4,0,0,0,0,0,0,0,0,0,4.216,0,0,1.554,6.947,0,0,2.827,0,0,2.236,0
ZBTB49,0,0,0,0,0,0,0,0,0,0,0,0,0,0,0,0,0,0,0,6.942,0
ATXN1L,0,0,0,0,0,0,0,0,0,0,0,0,0,0,0,0,0,0,0,6.938,1.73
AMER1,0,0,0,0,0,0,0,0,0,0,0,-1.592,0,-2.095,0,0,0,0,6.935,4.379,0
RNF26,0,0,0,0,0,0,0,0,-1.349,0,0,0,0,-1.649,0,0,0,0,0,-6.934,0
GOLGA8R,0,0,0,0,0,0,0,0,0,0,0,0,0,0,0,0,-1.45,0,0,-6.93,0
RDH14,0,0,0,0,0,0,0,0,0,0,0,0,0,0,0,0,0,0,0,0,-6.93
BRI3,0,0,0,0,0,0,0,0,0,1.808,0,0,1.422,2.702,0,0,6.929,4.424,0,5.697,6.394
SLCO2B1,0,0,0,0,0,0,0,0,0,0,0,0,0,0,0,0,-6.929,0,0,-1.321,0
TNFSF14,0,0,0,0,0,0,0,0,0,3.374,0,0,0,6.923,0,0,3.219,0,0,2.397,0
ZRSR2,0,0,0,0,0,0,0,0,0,0,0,0,0,0,0,0,2.804,0,0,6.921,0
PPP1R18,0,0,0,0,0,0,0,1.683,3.324,2.477,0,2.425,6.919,4.121,0,4.709,0,0,5.101,0,0
RGMB,0,0,0,0,0,0,0,0,0,0,0,0,0,0,0,0,0,0,0,-6.919,-2.193
ELF4,0,0,0,0,0,0,1.456,0,0,0,0,1.438,6.918,2.871,0,3.495,0,0,2.39,0,0
CASP4,0,0,0,0,0,0,0,0,0,2.745,0,0,2.792,6.917,0,0,0,0,0,0,0
NCR3LG1,0,0,0,0,0,0,0,0,0,0,0,0,0,0,0,0,6.913,0,0,0,0
SHMT1,0,1.609,0,0,0,0,0,0,0,0,0,0,0,0,0,0,0,0,0,-1.362,-6.912
DBNDD1,0,0,0,0,0,-1.713,-2.366,-1.972,0,0,0,0,0,0,0,0,0,0,0,0,-6.912
SEPTIN7P2,0,0,0,0,0,0,0,0,0,0,0,0,-1.323,0,0,0,0,0,0,-6.911,0
MYO7B,0,0,0,0,0,0,0,0,0,0,0,0,0,0,0,0,6.91,0,0,1.402,0
KIAA0408,0,0,0,0,0,0,0,0,0,0,0,0,0,0,0,-2.894,-1.664,0,-6.362,-6.91,0
ENTPD1,0,0,0,0,0,0,0,0,0,4.035,0,0,1.378,6.905,0,0,0,0,0,0,0
TNFRSF18,0,0,0,0,0,6.904,5.945,0,0,0,0,2.362,0,0,0,0,0,0,0,0,0
SNAPC4,0,0,0,0,0,0,0,0,0,0,0,0,0,0,0,0,0,0,0,-6.902,0
TMX4,0,0,0,0,0,0,0,0,0,4.469,0,0,3.201,6.901,0,0,0,0,0,0,1.446
STAM,0,0,0,0,0,0,0,0,0,0,0,0,0,0,0,-3.369,0,-1.569,-2.545,6.9,-2.673
STAG3L5P,0,0,0,0,0,0,0,0,0,0,0,0,0,0,0,0,-1.401,0,-2.839,-6.896,0
JMJD7-PLA2G4B,0,0,0,0,0,0,0,0,0,-1.429,0,0,0,0,0,0,0,0,0,-6.896,0
ZMYM4,0,0,0,0,0,0,0,0,0,0,0,0,0,0,0,0,0,0,0,-6.896,0
CCR1,0,0,0,0,0,0,0,0,0,0,0,0,6.895,5.001,0,0,0,0,0,1.339,0
TOP1,0,0,0,0,0,-1.391,0,0,0,0,0,0,1.489,0,0,0,0,0,0,6.895,0
TNNT3,0,0,0,0,0,0,0,0,0,0,0,0,0,0,0,2.888,0,0,6.891,0,0
NBPF12,0,0,0,0,0,-1.556,0,0,0,0,0,0,0,0,0,0,0,0,0,-6.884,0
TMEM50A,0,0,0,0,0,0,0,0,0,2.559,0,2.082,4.685,6.883,0,0,0,0,0,0,0
NFKBIZ,1.376,0,0,1.776,0,-2.909,0,0,0,3.612,0,0,0,5.157,0,1.815,2.492,0,6.856,6.879,0
ADRM1,0,0,0,0,0,2.471,0,0,0,0,0,0,0,0,0,0,0,0,6.874,0,4.144
PANK1,0,0,0,0,0,0,0,0,0,0,0,0,0,0,0,0,6.869,2.669,0,3.9,0
RPRD2,0,0,0,0,0,0,0,0,0,0,0,0,0,0,0,-3.048,0,-2.115,-3.793,-6.865,-2.261
DYNC1I2,0,0,0,0,0,0,0,0,0,0,0,0,0,0,0,2.976,0,0,6.865,6.367,0
NINJ2-AS1,0,0,0,0,0,0,0,0,0,0,0,0,0,0,0,0,1.653,0,0,6.045,6.86
VDAC2,0,0,0,0,0,0,0,0,0,0,0,0,0,-1.372,0,0,0,6.86,0,0,5.564
FAM214A,0,0,0,0,0,0,0,0,0,0,0,0,0,0,0,0,-4.426,0,0,-3.612,-6.86
CNIH4,0,0,0,0,0,0,1.395,0,0,0,0,0,0,1.806,0,0,0,0,0,0,6.855
NCEH1,0,0,0,0,0,0,0,0,0,0,0,0,0,0,0,0,1.864,0,0,6.854,0
ENSEMBL:ENSG00000280332,0,0,0,0,0,0,0,0,0,1.722,0,0,0,0,0,-2.761,6.852,0,0,0,0
ENSEMBL:ENSG00000287955,0,0,0,0,0,0,0,0,0,0,0,0,0,0,0,0,6.852,0,0,3.378,0
GADD45B,0,0,0,0,0,0,-1.351,0,0,0,0,0,0,3.317,0,6.849,0,0,3.933,1.595,0
DENND3,0,0,0,0,0,0,0,0,0,4.104,0,0,1.966,6.849,0,0,0,0,1.884,0,0
NBEAL2,0,0,0,0,0,0,0,0,0,3.157,0,0,3.396,6.849,0,0,0,0,0,0,0
FBXL5,0,0,0,0,0,0,0,0,0,4.115,0,0,4.661,6.849,0,0,0,0,0,0,-2.563
MRPL4,0,0,0,0,0,2.249,0,0,0,0,0,0,0,0,0,0,0,6.205,0,0,6.846
HERC6,0,0,0,0,-1.972,0,0,0,0,-1.863,0,0,0,-2.065,0,0,-3.791,0,0,-6.845,-1.521
CBX7,0,0,0,0,0,0,0,0,0,2.045,0,0,0,6.844,0,-1.999,0,-1.348,0,0,-1.677
RAB18,0,0,0,0,0,0,0,0,0,1.737,0,0,2.38,2.098,0,0,0,0,0,6.839,0
PLEKHF2,0,0,0,0,0,-2.713,-1.819,0,0,0,0,0,0,0,0,1.435,0,0,2.621,6.839,-1.421
ARG1,0,0,0,0,0,0,0,0,1.343,4.186,0,0,1.76,6.837,0,0,0,0,0,0,0
GIMAP1,0,-1.516,0,0,0,0,0,0,0,-2.24,0,0,0,-4.936,0,-6.836,0,0,0,0,0
PMS2,0,0,0,0,0,0,0,0,0,0,0,0,-1.56,0,0,0,0,0,0,-6.834,0
SETD1B,0,0,0,0,0,-2.617,-2.008,0,0,0,0,0,2.842,0,0,0,-2.293,0,0,-6.833,-3.318
TFPI,0,0,0,0,0,0,0,0,0,0,0,0,0,0,0,0,0,0,0,6.833,0
PRPF38A,0,0,0,0,0,0,0,0,0,0,0,0,0,0,0,2.492,1.465,0,2.746,6.832,0
CPNE3,0,0,0,0,0,0,0,0,0,0,0,0,0,0,0,0,0,0,0,-3.247,-6.826
ENSEMBL:ENSG00000280287,0,0,0,0,0,0,0,0,0,0,0,0,0,0,0,6.824,2.303,0,2.729,0,0
ZEB1-AS1,0,0,0,0,0,0,0,0,0,0,0,0,0,0,0,0,0,0,1.355,6.822,0
NRP1,0,0,0,0,0,0,0,0,0,0,0,0,0,0,0,0,5.855,0,0,6.822,0
ENSEMBL:ENSG00000289485,0,0,0,0,0,6.822,5.115,0,0,0,0,1.438,0,0,0,0,0,0,0,0,0
IVNS1ABP,2.992,0,0,1.813,0,0,0,0,1.97,3.76,0,3.273,6.022,6.821,0,2.318,0,0,-2.341,5.456,0
CHD9,0,0,0,0,0,0,0,0,0,0,0,0,0,0,0,0,-1.569,0,0,-6.82,0
GRPEL2,0,0,0,0,0,0,0,0,0,0,0,0,0,0,0,0,0,0,0,-6.82,0
PWWP3B,0,0,0,0,0,0,0,0,0,0,0,0,0,0,0,0,-1.467,0,0,-6.82,-1.386
TMIGD2,0,0,0,0,0,6.82,4.287,1.354,0,0,0,1.675,0,0,0,0,0,0,0,0,0
MS4A1,0,0,0,0,0,-4.347,-6.818,-4.336,0,0,0,-1.972,-1.684,0,0,0,0,0,0,0,0
DENND5A,0,0,0,0,0,0,0,0,1.328,2.889,0,0,3.707,4.778,0,0,1.341,0,-1.692,6.818,2.197
STK35,0,0,0,0,0,0,0,0,0,2.556,0,0,1.749,6.197,0,1.305,3.698,1.976,0,6.816,0
SLC35E2B,0,0,0,0,0,0,0,0,0,0,0,0,0,1.979,0,0,0,0,0,-6.816,-2.165
PPIEL,0,0,0,0,0,1.378,0,0,0,0,0,0,0,0,0,0,0,0,0,-6.814,0
WDR5B-DT,0,0,0,0,0,0,0,0,0,0,0,0,0,0,0,0,0,0,0,5.002,6.814
WNK1,0,0,0,0,-1.437,-2.782,-1.351,0,0,0,0,0,0,0,0,-1.312,0,0,-1.821,5.505,6.814
TMEM106C,0,0,0,0,0,0,0,0,0,0,0,0,0,-2.903,0,0,-4.052,0,0,-6.805,0
RAB30,0,0,0,0,0,-1.862,-2.852,0,0,0,0,0,0,0,0,0,0,0,0,-6.801,-2.196
DTWD1,0,0,0,0,0,0,0,0,0,0,0,0,0,0,0,0,0,0,0,-6.801,0
ENSEMBL:ENSG00000262580,0,0,0,0,0,0,0,0,0,0,0,0,0,0,0,0,6.801,0,0,0,0
RUNDC3A,0,0,0,0,0,-4.21,-6.799,0,0,0,0,0,0,0,0,0,0,0,0,0,0
ENDOG,0,0,0,0,0,0,0,0,0,0,0,0,0,0,0,0,0,6.799,0,0,2.338
C3orf86,0,0,0,0,0,0,0,1.556,1.963,3.464,0,2.28,3.092,6.798,0,0,0,0,0,0,0
LYPLAL1,0,0,0,0,0,0,0,0,0,0,0,0,0,0,0,0,0,0,0,6.796,3.309
PACS2,0,0,0,0,0,0,0,0,0,0,0,0,-1.48,-1.702,0,1.402,0,0,6.796,4.845,3.919
ENSEMBL:ENSG00000214942,0,0,0,0,0,0,0,0,0,0,0,0,0,0,0,0,0,-3.586,0,0,-6.794
TIGIT,0,0,0,0,0,4.935,6.793,0,0,-1.444,0,1.813,0,-1.727,0,0,0,0,0,0,0
SIAE,0,0,0,0,0,0,0,0,0,0,0,0,0,0,0,0,0,6.791,0,0,0
FRAT2,0,0,0,0,0,0,0,0,0,3.667,0,0,1.828,6.79,0,0,0,0,0,0,-1.93
MED13,0,0,0,0,0,-1.601,0,0,0,0,0,0,0,0,0,0,-2.869,-1.633,0,0,-6.79
MRPL23-AS1,0,0,0,0,0,0,0,0,0,0,0,0,0,0,0,0,-1.312,0,0,-6.79,0
SLC25A39,0,0,0,0,0,-3.675,-6.782,0,0,0,0,0,0,-1.375,0,0,0,1.343,0,0,1.363
NXPH3,0,0,0,0,0,0,0,0,0,0,0,0,0,0,0,0,-6.78,0,0,-5.534,-1.615
ZNF436,0,0,0,0,0,0,0,0,0,0,0,0,0,0,0,0,6.779,0,0,0,0
CARMIL3,0,0,0,0,0,4.423,6.779,0,0,0,0,0,0,0,0,0,0,0,0,0,0
SESN2,0,0,0,0,0,5.032,6.778,3.826,3.401,1.476,0,3.976,4.537,2.422,0,0,-1.527,0,0,0,0
TIA1,0,1.528,0,0,0,0,0,0,0,0,0,0,0,0,0,-6.774,0,0,-3.431,-2.577,0
ENSEMBL:ENSG00000231881,0,0,0,0,0,0,0,0,0,0,0,0,0,0,0,0,6.773,0,4.111,1.518,0
MARCKSL1,0,0,0,0,0,0,0,0,0,0,0,0,0,0,0,2.692,0,0,6.77,0,0
KBTBD12,0,0,0,0,0,0,0,0,0,0,0,0,0,0,0,0,1.585,0,0,2.958,6.77
ACIN1,0,0,0,0,0,0,0,0,0,0,0,0,0,0,0,-5.494,0,0,-6.77,-4.554,-4.534
BMPR1A,0,0,0,0,0,0,0,0,0,0,0,0,0,-1.351,0,0,0,0,0,6.769,0
QPCT,0,0,0,0,0,0,0,0,0,4.186,0,0,2.647,6.765,0,0,0,0,0,0,0
TNFAIP1,0,0,0,0,0,0,0,0,0,0,0,0,0,0,0,5.488,3.157,0,6.763,4.69,0
ZFR,0,0,0,0,0,-2.072,0,0,0,0,0,0,0,0,0,3.163,0,0,6.761,1.755,0
PHLDB1,0,0,0,0,0,0,0,0,0,-1.51,0,0,0,0,0,-1.568,0,0,-6.76,-1.502,2.504
TBC1D14,0,0,0,0,0,0,0,0,0,3.925,0,0,1.493,6.76,0,0,2.872,0,0,0,0
GAN,0,0,0,0,0,0,0,0,0,0,0,0,0,0,0,0,6.758,0,0,0,0
ARG2,0,0,0,0,0,0,0,0,0,0,0,0,0,0,0,0,0,0,0,3.473,-6.758
MGAM,0,0,0,0,0,0,0,0,0,3.737,0,0,2.797,6.756,0,0,0,0,0,0,0
WTAP,0,0,0,0,0,0,0,0,1.447,3.677,0,1.603,3.321,6.552,0,0,0,0,0,6.756,-2.76
LPGAT1,0,0,0,0,0,0,0,0,1.342,3.096,0,0,2.455,4.356,0,0,0,0,0,6.756,0
CXorf38,0,0,0,0,0,0,0,0,0,0,0,0,0,0,0,0,-1.795,0,-6.534,-6.753,0
MAPK1IP1L,2.528,0,0,0,0,0,0,0,0,0,0,0,2.239,0,0,0,0,0,0,6.753,0
KCNB1,0,0,0,0,0,0,0,0,0,0,0,0,0,0,0,0,0,0,0,0,6.753
PIAS3,0,0,0,0,0,0,0,0,0,0,0,0,0,0,0,0,-1.492,0,0,-6.753,0
R3HDM2,0,1.518,0,0,0,0,0,0,0,1.361,0,0,1.944,2.597,0,0,0,0,-5.342,0,6.75
NORAD,0,0,0,0,0,0,0,0,0,0,0,0,2.014,0,0,0,0,0,0,0,-6.747
ZSWIM6,0,0,0,0,0,-2.243,-2.184,0,0,0,0,0,0,2.537,0,0,0,0,0,6.747,0
ARNTL,0,0,0,0,0,0,0,0,0,0,0,0,3.535,1.661,0,1.698,0,-2.786,0,0,-6.747
TAF15,0,0,0,0,0,0,0,0,0,0,0,0,0,0,0,0,0,0,6.747,0,0
UBXN4,0,0,0,0,0,-3.792,0,0,0,0,0,0,0,1.829,0,0,0,0,0,6.746,0
DDA1,0,1.595,0,0,0,2.953,0,0,0,0,0,0,0,0,0,0,0,2.2,6.742,0,4.003
DIMT1,0,0,0,0,0,0,0,0,0,0,0,0,0,0,0,0,0,0,0,6.742,0
PPP4R1,0,0,0,0,0,0,0,0,0,2.664,0,0,1.968,6.74,0,0,0,0,0,0,0
STEAP4,0,0,0,0,0,0,0,0,0,4.04,0,0,1.924,6.74,0,0,2.657,0,0,3.704,0
LINC01002,0,0,0,0,0,0,0,0,0,3.207,0,0,1.741,6.74,0,0,0,0,0,0,0
ATP1A1,0,-1.67,0,0,0,0,0,0,0,-1.729,0,0,0,-1.806,0,0,2.488,0,0,6.737,2.209
SLC25A46,0,-1.67,0,0,0,0,0,0,0,0,0,0,0,0,0,0,0,0,6.734,0,0
EML1,0,0,0,0,0,0,0,0,0,0,0,0,0,0,0,0,0,0,6.73,0,0
EXOC6B,0,0,0,0,0,0,0,0,0,0,0,0,0,0,0,0,0,0,0,0,6.73
IL1RAP,0,0,0,0,0,-1.434,0,0,0,4.491,0,0,0,6.729,0,0,0,0,0,2.291,0
ZNF839,0,0,0,0,0,0,0,0,0,0,0,0,0,2.046,0,1.845,0,0,6.723,0,0
BAG1,0,0,0,0,0,-3.416,-6.723,0,0,0,0,0,0,-1.341,0,0,0,0,0,2.189,0
KIR2DL3,0,0,0,0,0,5.838,6.723,0,0,0,0,2.61,0,0,0,0,0,0,0,0,0
SLC12A9,0,0,0,0,0,0,0,0,0,2.994,0,0,1.933,6.721,0,0,0,0,0,-1.996,0
ENSEMBL:ENSG00000272501,0,0,0,0,0,0,0,0,0,0,0,0,0,2.444,0,4.25,0,0,1.682,6.718,0
CLN8-AS1,0,0,0,0,0,-5.942,-6.718,0,0,-1.507,0,0,0,-1.423,0,0,0,0,0,0,0
MAMDC4,0,0,0,0,0,0,1.319,0,0,-1.531,0,0,0,0,0,0,3.127,4.107,0,0,6.714
BRD8,0,0,0,0,0,0,0,0,0,0,0,0,1.378,2.811,0,0,-1.788,0,0,-6.709,0
AKAP1,0,0,0,0,0,0,0,0,0,0,0,0,0,0,0,2.158,6.708,5.777,6.616,0,0
FBXO3,0,0,0,0,0,-1.494,0,0,0,0,0,0,0,0,0,0,0,0,0,6.704,2.352
BAZ2A,0,-1.401,0,0,0,-1.528,0,0,0,0,0,0,4.791,2.461,0,0,-6.704,0,0,-5.077,-1.342
CEACAM4,0,0,0,0,0,0,0,0,0,3.174,0,0,0,6.702,0,0,0,0,0,0,0
ADAM8,0,0,0,0,0,0,0,0,0,2.783,0,0,3.107,6.702,0,0,0,0,0,0,0
ACTN3,0,0,0,0,0,0,0,0,0,0,0,0,0,0,0,0,0,0,6.701,4.157,4.575
BASP1,0,0,0,0,0,0,0,0,0,3.662,0,0,2.342,6.699,0,0,0,0,0,0,0
ENSEMBL:ENSG00000273576,0,0,0,0,0,0,0,0,0,0,0,0,0,0,0,0,0,0,0,-6.698,0
PRKAA1,0,0,0,0,0,0,0,0,0,1.375,0,0,0,1.313,0,0,-1.996,0,6.698,0,0
B4GALT1,0,0,0,0,0,0,0,0,2.852,0,0,3.173,6.697,2.131,0,3.16,3.057,0,2.215,6.328,5.416
HCK,0,0,0,0,0,0,0,0,0,2.504,0,0,1.925,6.696,0,0,0,0,0,0,0
BTN3A2,0,0,0,0,0,6.694,5.569,1.63,0,0,0,3.238,0,0,0,0,0,0,0,0,0
ITGB1,0,0,0,0,0,0,0,0,0,0,0,0,0,0,0,0,0,0,6.692,3.319,3.053
FAM161A,0,0,0,0,0,0,0,0,0,0,0,0,0,0,0,0,0,0,0,0,-6.691
RAD54L2,0,0,0,0,0,0,0,0,0,0,0,0,-2.93,0,0,0,-6.687,0,0,-4.67,0
GHRL,0,0,0,0,0,0,0,0,0,0,0,-6.685,-4.58,-1.439,0,0,0,0,0,0,0
FZD3,0,0,0,0,0,0,0,0,0,0,0,0,0,0,0,0,-1.831,0,0,-6.685,0
OGFOD1,0,0,0,0,0,0,0,0,0,0,0,0,0,0,0,0,0,0,0,4.933,6.685
KAT7,0,0,0,0,0,0,0,0,0,0,0,0,0,0,0,-3.387,0,0,-6.684,-1.469,-1.412
LAG3,0,0,0,0,0,0,6.682,0,0,0,0,2.029,0,-1.592,0,0,0,0,0,0,0
USB1,0,0,0,0,0,0,0,0,0,0,0,0,2.203,6.681,0,0,0,0,0,0,3.086
CALM1,0,1.317,0,0,0,3.127,6.679,1.948,0,0,0,4.704,2.283,0,0,6.173,0,-2.104,1.782,-2.127,-3.674
TNRC6B,0,0,0,0,0,-2.565,0,0,0,0,0,0,0,0,0,1.598,0,0,-1.746,-6.678,-2.006
SRSF6,0,0,0,0,0,0,0,0,0,0,0,0,0,0,0,0,0,0,-3.945,6.676,0
ZNF491,0,0,0,0,0,0,0,0,0,0,0,0,0,0,0,0,-1.657,0,0,-6.674,0
SLC22A23,0,0,0,0,0,0,0,0,0,0,0,0,0,0,0,0,6.584,0,0,6.671,0
SLC26A9,0,0,0,0,0,0,0,0,0,0,0,0,0,0,0,0,6.67,0,0,0,0
MOAP1,0,0,0,0,0,0,0,0,0,0,0,0,0,0,0,0,2.81,0,0,6.668,0
PTPN14,0,0,0,0,0,0,0,0,0,0,0,0,0,0,0,-1.307,0,0,-6.667,3.087,2.066
HCFC1R1,0,0,0,0,0,3.624,0,0,0,0,0,0,0,-2.013,0,0,0,0,0,0,6.661
CEBPB,0,0,0,0,0,0,0,0,2.344,1.959,0,2.527,6.656,5.48,0,0,3.053,0,0,0,0
JAK1,0,0,0,0,0,0,0,0,0,1.853,0,0,2.639,3.273,0,0,0,0,0,6.65,2.369
ATF6B,0,0,0,0,0,0,0,0,0,0,0,0,0,2.111,0,0,-1.383,0,0,-6.648,0
KIF1C,0,0,0,0,0,0,0,0,0,0,0,0,0,0,0,-1.392,0,0,-6.648,0,0
HEYL,0,0,0,0,0,0,0,0,0,0,0,0,0,0,0,6.647,0,0,0,5.946,0
MANSC1,0,0,0,0,0,0,0,0,0,4.045,0,0,2.17,6.643,0,0,0,0,0,0,0
PCYT2,0,0,0,0,0,0,1.629,0,0,0,0,0,0,-1.839,0,0,0,6.641,0,0,0
ESRRA,0,0,0,0,0,0,0,0,0,0,0,0,0,0,0,0,0,6.641,0,0,3.572
IFI44,0,0,0,0,0,0,0,0,0,0,0,0,0,0,0,0,-6.639,0,0,-5.829,0
EDN1,0,0,0,0,0,0,0,0,0,0,0,0,0,0,0,6.637,0,0,0,0,0
GOLT1B,0,0,0,0,0,0,0,0,0,0,0,0,0,0,0,0,0,1.356,0,0,6.633
POR,0,0,0,0,0,0,0,0,0,1.429,0,0,2.114,6.197,0,0,6.405,0,0,6.633,0
ABCD4,0,0,0,0,0,2.495,1.693,0,0,0,0,0,0,0,0,0,0,0,0,-6.628,0
ENSEMBL:ENSG00000279278,0,0,0,0,0,0,0,0,0,0,0,0,0,0,0,0,0,0,0,-6.628,0
ART5,0,0,0,0,0,0,0,0,0,0,0,0,0,0,0,0,0,0,0,-1.679,-6.627
UBE4A,0,0,0,0,0,-1.885,0,0,0,0,0,0,0,0,0,0,0,-2.524,0,-1.695,-6.625
FXR1,0,0,0,0,0,0,0,0,0,0,0,0,0,0,0,-1.837,0,0,-3.907,-6.624,-1.529
TPRG1,0,0,0,0,0,0,0,0,0,0,0,0,0,0,0,0,0,0,0,0,-6.623
ARL8B,0,0,0,0,0,0,0,0,0,0,0,0,0,0,0,0,0,0,0,6.622,0
RHOC,0,0,0,0,0,6.621,6.576,0,0,0,0,1.925,0,0,0,3.607,3.028,0,4.085,3.153,0
CKAP4,0,0,0,0,0,0,0,0,0,3.772,0,0,2.76,6.621,0,0,0,0,0,1.418,0
CXCR1,0,0,0,0,0,0,0,0,1.47,3.104,0,0,5.288,6.619,0,0,0,0,0,0,0
SMAD3,0,0,0,0,0,0,0,0,0,-4.126,0,0,0,-5.445,0,0,3.053,0,0,6.619,0
RASGRP4,0,0,0,0,0,0,0,0,0,3.44,0,0,2.606,6.619,0,0,0,0,0,-2.366,0
TTLL11,0,0,0,0,0,0,0,0,0,0,0,0,0,0,0,-6.618,0,0,-2.69,0,4.287
PARP1,0,0,0,0,0,0,0,0,0,0,0,0,0,0,0,0,0,0,1.461,0,-6.617
MEFV,0,0,0,0,0,-2.361,-2.18,0,0,3.45,0,0,3.763,6.616,0,0,0,0,0,0,0
POLR3C,0,0,0,0,0,0,0,0,0,0,0,-1.391,0,0,0,0,0,0,-6.612,3.296,0
PPFIBP2,0,-2.76,0,0,-1.315,0,0,0,0,0,0,0,0,0,0,0,6.609,0,0,0,-3.248
PAN2,0,0,0,0,0,0,0,0,0,0,0,0,0,0,0,0,0,0,0,-6.604,0
ZNF646,0,0,0,0,0,0,0,0,0,2.143,0,0,0,2.754,0,0,0,0,0,-6.602,0
ARFGAP2,0,0,0,0,0,0,0,0,-1.398,0,0,0,-1.594,0,0,0,0,0,-1.516,6.601,0
RTN3,0,0,0,0,0,0,0,0,0,3.344,0,0,3.589,6.599,0,0,0,0,0,1.622,2.9
OSBPL11,0,0,0,0,0,0,0,0,0,2.783,0,0,0,4.033,0,4.835,0,1.368,-6.598,0,0
HSP90AA1,0,0,0,0,0,0,5.831,3.856,6.068,0,0,3.168,4.391,0,0,2.206,1.745,0,0,2.042,6.598
MTX2,0,0,0,0,0,0,0,0,0,0,0,0,0,0,0,0,0,6.596,0,0,4.64
FAM120A,0,0,0,0,0,-2.219,0,0,0,1.936,0,0,1.844,2.585,0,1.464,0,0,3.288,6.593,1.78
SPOP,0,0,0,0,0,0,0,0,0,0,0,0,0,0,0,0,-3.378,0,0,-6.593,0
NAT9,0,0,0,0,0,0,0,0,0,0,0,0,0,-1.805,0,0,0,0,0,6.592,0
BRD2,0,0,0,0,0,0,4.93,0,0,0,0,1.505,2.707,0,0,4.168,0,0,-2.837,6.585,0
PITPNM2,0,0,0,0,0,2.122,2.292,0,0,0,0,0,0,0,0,0,2.72,3.256,0,2.041,6.584
BMP1,0,0,0,0,0,1.696,1.395,0,0,0,0,0,0,0,0,0,0,0,0,0,6.581
OSBPL2,0,0,0,0,0,0,0,0,1.4,3.983,0,0,2.649,6.576,0,0,2.734,0,0,-1.411,0
IGSF9B,0,0,0,0,0,-1.783,-2.093,0,0,0,0,0,0,0,0,0,0,0,0,-6.576,0
SMG5,0,0,0,0,0,0,0,0,0,0,0,0,2.261,1.753,0,0,2.317,0,0,2.994,6.575
STRN3,0,0,0,0,0,0,0,0,0,0,0,0,0,0,0,1.424,0,0,2.282,6.575,0
IGF2BP2,0,0,0,0,0,-6.573,-4.548,0,0,0,0,0,0,0,0,0,0,0,0,0,0
CRACR2B,0,0,0,0,0,0,0,0,0,0,0,0,0,0,0,0,-6.57,0,0,-5.94,0
ANKS6,0,0,0,0,0,0,0,0,-1.474,0,0,0,0,0,0,0,0,0,0,-6.569,0
ATAD3B,0,0,0,0,0,0,0,0,0,0,0,0,0,-2.055,0,0,0,0,0,6.567,0
ENSEMBL:ENSG00000274220,0,0,0,0,0,0,0,0,0,0,0,0,0,0,0,0,0,0,0,-6.564,0
RAB11FIP1,0,0,0,0,0,-1.851,0,0,2.227,3.632,0,0,2.49,6.563,0,0,0,0,-1.351,-3.231,0
GPT,0,0,0,0,0,0,0,0,0,0,0,0,0,0,0,-1.698,0,6.561,0,0,0
TPST1,0,0,0,0,0,0,0,0,1.472,4.486,0,0,2.79,6.559,0,0,0,0,0,0,0
MEF2A,0,0,0,0,0,-1.95,0,0,0,0,0,0,0,0,0,0,2.888,-1.603,-6.558,1.397,-6.238
TTL,0,0,0,0,0,0,0,0,0,0,0,0,1.62,0,0,0,0,0,0,0,6.558
CSNK1E,0,0,0,0,0,0,1.418,0,0,0,0,1.605,0,0,0,1.839,5.753,0,-5.032,3.898,-6.558
TMEM158,0,0,0,0,0,0,0,0,0,0,0,0,0,0,0,0,0,0,0,3.31,6.558
FABP3,0,0,0,0,0,0,0,0,0,0,0,0,0,0,0,0,2.149,6.557,0,4.921,3.762
KLHDC4,0,0,0,0,0,6.333,6.557,0,0,0,0,0,0,0,0,0,0,0,0,0,0
VNN2,0,0,0,0,0,1.512,2.929,0,1.339,3.233,0,0,4.084,6.552,0,0,0,0,0,0,0
TRGC1,0,0,0,0,0,3.513,6.549,0,0,-2.09,0,4.689,0,-2.622,0,0,0,0,0,0,0
HSPD1,0,0,0,0,0,0,0,0,0,0,0,0,0,0,0,2.103,2.112,0,0,6.548,1.479
TOR3A,0,0,0,0,0,0,0,0,0,0,0,0,0,0,0,0,6.547,0,0,0,0
ACSL4,0,0,0,0,0,0,0,0,0,4.663,0,0,1.933,6.541,0,0,0,1.81,0,0,1.843
LRP10,0,0,0,0,0,0,0,0,1.471,3.739,0,0,3.635,6.541,0,0,0,0,0,0,0
F11R,0,0,0,0,0,0,0,0,2.591,0,0,0,6.541,0,0,0,0,0,0,0,0
MIRLET7BHG,0,0,0,0,0,0,0,0,0,0,0,0,0,0,0,-6.54,0,0,0,0,0
AASDH,0,0,0,0,0,0,0,0,0,0,0,0,0,0,0,0,0,0,0,-6.54,0
ARHGEF11,0,0,0,0,0,0,0,0,0,2.874,0,0,0,4.169,0,3.22,-2.113,0,5.061,-6.537,1.741
BCL2A1,0,0,0,0,0,0,0,0,1.613,3.186,0,2.368,5.431,6.534,0,0,0,0,0,0,0
MICAL2,0,0,0,0,0,-6.533,-5.222,0,0,0,0,0,0,0,0,0,0,0,0,1.413,0
FAM222A,0,0,0,0,0,0,0,0,0,0,0,0,0,0,0,0,-2,0,0,0,6.531
ARHGEF37,0,0,0,0,0,0,0,0,0,0,0,0,0,0,0,0,-1.532,0,0,-5.764,-6.525
PILRB,0,0,0,0,0,2.561,2.993,0,0,0,0,0,0,0,0,0,-1.702,0,-1.534,-6.525,0
SCN1B,0,0,0,0,0,0,0,0,0,0,0,0,0,0,0,0,0,0,0,0,-6.525
ENSEMBL:ENSG00000270504,0,0,0,0,0,0,0,0,0,0,0,0,0,0,0,0,4.134,0,0,6.522,0
METTL1,0,0,0,0,0,0,0,0,0,0,0,0,0,0,0,0,0,0,0,6.522,0
PYGL,0,0,0,0,0,0,0,0,0,3.551,0,0,3.27,6.522,0,0,0,0,0,0,0
CALD1,0,0,0,0,0,0,0,0,0,0,0,0,0,0,0,6.522,0,0,3.602,0,0
DENND2D,0,0,0,0,0,6.52,5.279,0,0,0,0,0,0,-1.991,0,0,0,0,0,0,0
SELPLG,0,0,0,0,0,0,0,0,0,3.348,0,1.819,3.869,6.516,0,0,0,0,0,0,0
MAST3,0,1.437,0,0,0,0,0,0,2.702,4.456,0,0,5.045,6.516,0,-3.283,0,0,-1.641,0,-3.322
ZNF48,0,0,0,0,0,0,1.377,0,0,0,0,0,0,0,0,0,-2.674,0,0,-6.515,0
HIF1A,0,0,0,0,0,0,0,0,0,0,0,0,5.035,2.612,0,0,2.981,0,0,6.515,0
METTL16,0,0,0,0,0,0,0,0,0,0,0,0,-3.793,-1.689,0,0,0,0,0,0,-6.513
CLEC2D,0,0,0,0,0,0,0,0,0,0,0,0,0,0,0,0,-1.618,0,0,-6.513,0
APBB1IP,0,0,0,0,0,0,2.465,1.434,0,2.376,0,1.674,2.877,6.512,0,0,0,0,0,0,0
C5AR1,0,0,0,0,0,0,0,0,0,3.08,0,0,4.685,6.512,0,0,0,0,0,0,0
BMPR2,0,-1.593,0,0,-1.373,0,0,0,0,0,0,0,0,0,0,0,3.165,0,0,3.17,6.512
ABHD5,0,0,0,0,0,0,0,0,2.149,4.842,0,0,2.926,6.511,0,0,0,0,0,2.224,0
MARCHF7,0,0,0,0,0,-1.386,0,0,0,2.848,0,0,0,2.767,0,0,0,0,-6.511,2.443,-1.889
ENSEMBL:ENSG00000272668,0,0,0,0,0,0,0,0,0,0,0,0,0,0,0,0,-2.2,0,0,-6.511,0
RNF103,0,0,0,0,0,0,0,0,0,2.465,0,0,0,2.897,0,0,5.593,-1.451,0,6.51,-3.987
ZNF790,0,0,0,0,0,0,0,0,0,0,0,0,0,0,0,0,-1.778,0,0,-6.509,0
CEP350,0,0,0,0,0,-1.928,0,0,0,0,0,0,0,0,0,-3.565,0,-3.239,-4.297,-3.576,-6.508
ABCC9,0,0,0,0,0,0,0,0,0,0,0,0,0,0,0,0,0,0,0,-1.463,-6.508
CSF3R,0,0,0,0,0,0,0,0,0,2.881,0,0,2.898,6.507,0,0,0,0,0,0,0
RBM47,0,0,0,0,0,-1.361,0,0,0,4.372,0,0,1.428,6.507,0,0,0,0,0,0,0
NUDC,0,0,0,0,0,2.267,1.88,0,0,0,0,0,0,0,0,0,0,1.666,2.477,6.503,2.186
NARS1,0,0,0,0,0,0,0,0,0,0,0,0,0,0,0,0,0,6.501,0,1.688,3.949
C9orf85,0,0,0,0,0,0,1.669,0,0,0,0,0,0,0,0,0,0,0,0,-6.5,0
IFT172,0,0,0,0,0,0,0,0,0,0,0,0,-1.812,0,0,0,-1.334,0,0,-6.496,0
NEK9,0,0,0,0,0,0,0,0,0,0,0,0,0,0,0,2.678,0,0,6.495,4.29,0
ZNF182,0,0,0,0,0,0,0,0,0,0,0,0,0,0,0,0,0,0,0,-6.492,0
FAM13C,0,0,0,0,0,0,0,0,0,0,0,0,0,0,0,0,0,-1.522,0,-4.637,-6.49
TPM3,0,1.445,0,0,0,0,0,0,0,3.167,0,0,3.73,6.49,0,0,0,0,-2.091,0,-1.843
NAP1L1,0,0,0,0,0,0,0,0,0,-1.788,0,0,0,-3.721,0,0,0,0,-3.294,6.489,0
DRAXIN,0,0,0,0,0,3.517,6.488,0,0,0,0,1.447,-1.45,0,0,0,0,0,0,0,0
SLC29A2,0,0,0,0,0,0,0,0,-2.091,0,0,-1.385,-3.865,-2.964,0,0,-1.354,0,0,-6.487,0
GLE1,0,0,0,0,0,0,0,0,0,0,0,0,0,0,0,0,0,0,0,-6.487,0
CXCR2,0,0,0,0,0,0,0,0,1.343,3.397,0,0,4.16,6.482,0,0,0,0,0,0,0
ADGRE3,0,0,0,0,0,0,0,0,1.397,3.883,0,0,3.591,6.482,0,0,0,0,0,0,0
RFTN1,0,-1.321,0,0,0,3.233,5.497,0,-1.313,-2.626,0,0,0,-4.671,0,0,4.684,3.039,3.145,6.481,0
MAPKAPK2,0,0,0,0,0,0,0,0,1.818,3.733,0,2.836,5.644,6.481,0,0,1.48,0,4.192,3.411,3.642
FAM193A,0,0,0,0,0,0,0,0,0,0,0,0,0,0,0,0,0,0,0,-6.48,0
ENSEMBL:ENSG00000278959,0,0,0,0,0,0,0,0,0,0,0,0,0,0,0,0,0,0,0,-6.48,0
CLTC,0,0,0,0,0,0,0,0,0,2.78,0,0,1.468,4.025,0,0,1.838,0,0,6.479,0
ATG3,0,0,0,0,0,0,0,0,0,1.377,0,0,2.396,2.579,0,0,0,2.115,0,0,6.476
METTL17,0,0,0,0,0,0,0,0,0,0,0,0,0,0,0,-3.025,-1.365,0,0,-6.472,0
FAM210B,0,0,0,0,0,-4.405,-6.468,0,0,0,0,0,0,0,0,0,0,3.547,0,0,0
TCP1,0,0,0,0,0,0,4.569,0,1.755,0,0,0,0,0,0,0,0,0,0,1.798,6.467
GATD1,0,0,0,0,0,0,0,0,0,0,0,0,-1.692,0,0,0,6.466,-1.653,0,6.099,-2.699
SLC25A44,0,0,0,0,0,0,0,0,0,2.989,0,0,1.647,6.459,0,0,0,0,0,0,3.187
YWHAZ,0,0,0,0,0,0,0,0,0,2.894,0,2.093,4.818,5.512,0,0,3.933,0,0,6.458,0
DTHD1,0,0,0,0,0,3.435,6.458,0,0,0,0,2.162,0,0,0,0,0,0,0,0,0
ORM1,0,0,0,0,0,0,0,0,0,4.884,0,0,1.837,6.456,0,0,0,0,0,0,0
KCNJ11,0,0,0,0,0,0,0,0,0,0,0,0,0,0,0,0,6.451,0,0,1.539,-1.667
F5,0,0,0,0,0,0,0,0,0,3.127,0,0,2.495,6.448,0,0,0,0,0,0,0
URAHP,0,0,0,0,0,0,0,0,0,0,0,0,0,0,0,0,0,0,0,-6.447,0
MEMO1,0,0,0,0,0,0,0,0,0,0,0,0,0,0,0,0,0,0,0,0,6.445
BPGM,0,0,0,0,0,-1.469,0,0,0,0,0,0,0,0,0,0,0,2.669,0,0,6.445
NIBAN3,0,0,0,0,0,-1.774,-6.442,-4.626,0,-1.306,0,-6.367,-2.723,-3.654,0,0,0,0,0,0,0
CAMK2G,0,0,0,0,0,0,0,0,1.474,1.897,0,0,3.53,2.764,0,-2.283,0,0,-6.441,-1.669,0
PATL1,0,0,0,0,0,0,0,0,0,0,0,0,4.412,1.782,0,-5.854,6.441,0,-4.877,5.583,0
VEZT,0,0,0,0,0,0,0,0,0,0,0,0,0,0,0,0,0,0,0,0,-6.436
EIF4ENIF1,0,0,0,0,0,0,0,0,0,0,0,0,0,0,0,0,0,0,0,-6.436,0
DPYSL3,0,0,0,0,0,0,0,0,0,0,0,0,0,0,0,-3.301,0,0,-6.436,0,0
PPP5C,0,0,0,0,0,2.432,1.469,0,0,0,0,0,0,0,0,0,0,5.316,0,0,6.434
SOX8,0,0,0,0,0,0,0,0,0,0,0,0,0,0,0,0,3.049,0,0,6.428,0
CYP2E1,0,0,0,0,0,0,0,0,0,0,0,0,0,0,0,0,-3.757,0,0,-6.424,5.163
H1-10,0,0,0,0,0,0,-4.123,-6.42,-3.239,-2.098,0,-4.627,-2.129,-2.129,0,0,0,0,0,0,0
POLR2M,0,1.707,0,0,0,0,0,0,0,0,0,0,0,0,0,-5.526,0,0,-6.418,4.528,4.221
TIMM21,0,0,0,0,0,0,0,0,0,0,0,0,0,0,0,0,0,6.417,0,0,2.19
PPP1R16A,0,0,0,0,0,0,0,0,-1.303,0,0,0,0,0,0,0,0,6.414,0,0,0
ENSEMBL:ENSG00000272114,0,0,0,0,0,0,0,0,0,0,0,0,0,0,0,0,6.413,0,0,4.66,0
ARL16,0,0,0,0,0,0,0,0,0,0,0,0,0,0,0,0,0,0,0,-6.413,0
SLC25A4,0,0,0,0,0,0,0,0,0,0,0,0,0,0,0,0,0,6.413,-2.02,0,1.694
ZNF605,0,0,0,0,0,0,0,0,0,0,0,0,0,0,0,0,0,0,0,-6.412,0
KRT23,0,0,0,0,0,0,0,0,1.769,3.455,0,0,3.134,6.407,0,0,0,0,0,0,0
CERT1,0,0,0,0,0,0,0,0,0,3.142,0,0,2.109,4.205,0,0,0,0,0,0,-6.407
NSMCE3,0,0,0,0,0,0,0,0,0,0,0,0,0,-1.42,0,0,3.475,0,0,6.407,0
LGALS4,0,0,0,0,0,0,0,0,0,-2.431,0,0,0,0,0,0,0,0,0,-6.405,0
FAHD2CP,0,0,0,0,0,1.728,0,0,0,0,0,0,0,0,0,0,0,2.321,0,-6.403,0
FTL,0,0,0,0,0,0,-1.819,0,0,0,0,0,0,0,0,0,0,0,0,6.398,0
PKD1P1,0,0,0,0,0,0,0,0,0,0,0,0,0,0,0,0,0,0,0,-6.398,-3.156
SLC24A3,0,0,0,0,0,0,0,0,0,0,0,0,0,0,0,0,0,0,0,0,-6.394
QSER1,0,0,0,0,0,0,0,0,0,0,0,0,0,0,0,0,0,0,0,-6.394,0
RHOBTB1,0,0,0,0,0,0,0,0,0,0,0,0,3.001,0,0,0,-2.648,0,0,-5.887,-6.394
SYT6,0,0,0,0,0,0,0,0,0,0,0,0,0,0,0,0,0,0,0,2.247,6.394
SMPDL3A,0,0,0,0,0,0,0,0,0,0,0,0,0,0,0,0,1.838,0,0,6.386,-2.415
ZNF830,0,0,0,0,0,0,0,0,0,0,0,0,0,0,0,0,0,0,6.385,0,-1.364
PLOD1,0,0,0,0,0,2.057,1.841,0,0,1.39,0,0,1.463,4.3,0,0,0,0,0,0,6.383
UPK3B,0,0,0,0,0,0,0,0,0,0,0,0,0,0,0,-2.33,0,0,0,-6.382,0
RGL2|ENSG00000206282,0,-1.758,0,0,0,0,0,0,0,0,0,0,0,0,0,1.88,0,0,6.382,0,0
ICA1,0,0,0,0,0,0,0,0,0,0,0,0,0,0,0,0,-6.376,0,0,-1.666,0
PROSER1,0,0,0,0,0,0,0,0,0,0,0,0,0,0,0,-3.449,0,0,-5.348,-6.376,0
KLHL41,0,0,0,0,0,0,0,0,0,0,0,0,0,0,0,0,0,0,-1.349,6.376,5.849
SLC41A1,0,0,0,0,0,0,0,0,0,0,0,0,0,0,0,0,6.375,0,0,0,0
SAMD3,0,0,0,0,0,5.957,6.374,0,0,0,0,1.454,0,0,0,0,0,0,0,0,0
ENSEMBL:ENSG00000289609,0,0,0,0,0,0,0,0,0,0,0,0,0,0,0,0,6.372,0,0,0,0
ENSEMBL:ENSG00000272908,0,0,0,0,0,4.253,6.372,0,0,0,0,0,0,0,0,0,0,0,0,0,0
SLC12A4,0,0,0,0,0,0,0,0,0,0,0,0,0,0,0,0,1.322,0,0,2.001,6.37
KDM8,0,0,0,0,0,0,0,0,0,0,0,0,0,0,0,0,0,0,0,-6.369,0
UCK1,0,0,0,0,0,0,0,0,0,0,0,0,0,0,0,3.887,0,0,6.365,-1.587,0
PTEN,0,0,0,0,0,0,0,0,1.97,4.486,0,0,2.139,6.364,0,0,0,0,0,1.437,1.707
DAPK2,0,0,0,0,0,0,0,0,0,3.722,0,1.556,2.836,6.364,0,0,0,0,0,0,-4.668
AARS1,0,0,0,0,0,0,0,0,0,-2.659,0,0,0,-6.364,0,0,0,0,0,0,0
ANKH,0,0,0,0,0,-6.364,-4.636,0,0,0,0,0,0,-2.289,0,0,2.05,0,0,2.141,0
H6PD,0,0,0,0,0,0,0,0,-2.154,0,0,-1.409,0,1.682,0,0,0,0,0,-6.362,-1.537
CASTOR2,0,0,0,0,0,0,0,0,0,0,0,0,1.621,0,0,0,0,-3.704,0,0,-6.36
BLVRB,0,0,0,0,0,-2.747,-6.36,0,0,0,0,0,0,-1.82,0,0,0,0,0,0,0
JMY,0,0,0,0,0,0,0,0,0,0,0,0,0,0,0,-2.505,5.128,-2.474,-6.358,5.329,-4.812
FRMD3,0,0,0,0,0,0,0,0,0,0,0,0,0,0,0,0,0,0,-1.777,6.356,1.337
SCN3B,0,0,0,0,0,0,0,0,0,0,0,0,0,0,0,0,0,0,0,5.882,6.352
CUL4B,0,0,0,0,0,0,0,0,0,2.222,0,0,0,0,0,0,-1.465,0,0,-6.351,0
CCDC66,0,0,0,0,0,0,0,0,0,-1.39,0,0,0,0,0,0,0,0,0,-6.351,0
CCL2,0,0,0,0,0,0,0,0,0,0,0,0,0,0,0,6.351,0,0,1.77,2.397,0
PPP1R7,0,0,0,0,0,0,0,0,0,0,0,0,0,0,0,0,0,0,6.346,0,3.127
SLC9A7,0,0,0,0,0,-6.036,-6.345,-2.949,0,0,0,-2.705,-2.426,-1.415,0,0,0,0,0,0,0
SLC38A2,0,0,0,0,0,0,3.915,4.579,6.344,1.7,0,3.381,4.344,0,0,0,-3.49,0,0,0,0
FGR,0,0,0,0,0,0,1.359,0,0,1.877,0,1.637,2.658,6.343,0,0,1.348,0,0,1.959,0
STAT6,0,0,0,0,0,0,0,0,1.539,3.629,0,1.402,3.927,6.343,0,0,0,0,0,0,0
BEST1,0,0,0,0,0,0,0,0,0,2.798,0,0,0,6.343,0,0,0,0,0,0,0
NAMPT,0,0,0,0,0,0,0,0,1.438,3.994,0,0,3.885,6.343,0,0,0,0,0,1.679,0
CYRIB,0,0,0,0,0,0,0,0,0,3.369,0,0,2.874,6.342,0,0,-1.378,0,0,0,1.925
ENSEMBL:ENSG00000257878,0,0,0,0,0,0,0,0,0,4.034,0,0,2,6.342,0,0,0,0,0,0,0
TEP1,0,-1.36,0,0,0,0,0,0,0,0,0,0,0,0,0,0,0,0,0,0,6.342
ITSN1,0,0,0,0,0,0,0,0,0,0,0,0,0,0,0,-6.341,0,0,-6.319,0,3.46
HECW2,0,0,0,0,0,0,0,0,0,2.898,0,0,1.442,2.897,0,0,5.42,2.317,0,6.341,2.152
RBM12B-AS1,0,0,0,0,0,0,0,0,0,0,0,0,0,0,0,5.661,0,0,6.34,3.28,0
LRRC41,0,-2.051,0,0,0,0,0,0,0,0,0,0,0,0,0,2.458,0,-1.841,6.339,5.321,-2.25
MLYCD,0,0,0,0,0,0,0,0,0,0,0,0,0,0,0,0,0,6.335,0,0,0
TMEM127,0,0,0,0,0,0,0,0,1.336,3.503,0,0,3.429,6.334,0,0,0,0,0,-4.486,0
NAMPTP1,0,0,0,0,0,0,0,0,0,3.291,0,0,3.447,6.331,0,0,0,0,0,0,0
MAPKAPK3,0,0,0,0,0,0,0,0,0,0,0,0,0,2.244,0,0,0,0,6.33,0,3.23
LILRB3,0,-1.507,0,0,0,0,0,0,0,2.923,0,0,2.417,6.328,0,0,0,0,0,0,0
USHBP1,0,0,0,0,0,0,0,0,0,0,0,0,0,0,0,-6.327,-2.698,0,-1.768,0,0
ZNF317,0,0,0,0,0,0,0,0,0,0,0,0,0,0,0,0,0,0,0,6.324,0
AKAP8,0,0,0,0,0,0,0,0,0,0,0,0,0,0,0,0,-1.424,0,0,-6.322,0
DIXDC1,0,0,0,0,0,0,0,0,0,0,0,0,0,0,0,0,0,0,0,-6.322,0
TRPM4,0,0,0,0,0,0,0,0,0,0,0,0,0,0,0,0,0,0,0,-5.619,6.32
GIT1,0,0,0,0,0,2.085,2.909,0,0,0,0,0,0,0,0,0,1.637,0,6.316,6.195,2.41
DDIT4L,0,0,0,0,0,0,0,0,0,0,0,0,0,0,0,0,0,0,0,-5.427,-6.313
HEY2,0,0,0,0,0,0,0,0,0,0,0,0,0,0,0,1.683,4.294,0,0,6.313,0
ENSEMBL:ENSG00000251143,0,0,0,0,0,0,0,0,0,0,0,0,0,0,0,0,0,0,0,-6.313,0
TMF1,0,0,0,0,0,0,0,0,0,1.691,0,0,2.265,2.348,0,-2.25,0,-1.676,-6.307,0,-2.802
SSH2,0,0,0,0,0,-1.667,0,0,0,3.018,0,0,0,5.157,0,0,0,-2.348,0,0,-6.306
HLX,0,0,0,0,0,0,0,0,3.395,5.018,0,1.753,6.306,4.703,0,0,0,-1.353,0,4.181,0
KDM5A,0,0,0,0,0,0,0,0,0,1.767,0,0,0,0,0,2.62,0,0,6.305,-4.194,0
AGO4,0,0,0,0,0,0,0,0,0,3.906,0,0,0,6.302,0,0,0,-1.498,0,0,0
CCPG1,0,0,0,0,0,0,0,0,0,2.854,0,0,2.584,4.318,0,0,0,0,2.961,6.298,-2.008
WBP4,1.564,0,0,0,0,0,0,0,0,0,0,0,0,0,0,0,0,0,0,0,6.297
CSGALNACT2,0,0,0,0,0,0,0,0,0,3.438,0,0,1.783,4.285,0,0,0,0,0,2.115,6.295
EXTL3,0,0,0,0,0,0,0,0,0,3.534,0,0,1.8,6.293,0,0,0,0,0,0,0
PKNOX1,0,0,0,0,0,0,0,0,0,0,0,0,0,0,0,0,0,0,0,6.292,1.835
CLSTN3,0,0,0,0,0,2.575,6.292,0,0,0,0,2.166,2.444,0,0,0,0,0,0,0,0
ENSEMBL:ENSG00000288849,0,0,0,0,0,0,1.513,0,0,0,0,0,0,0,0,0,0,6.292,0,0,1.471
ENSEMBL:ENSG00000287970,0,0,0,0,0,0,0,0,0,0,0,0,0,0,0,0,6.288,0,0,0,0
ARL8A,0,0,0,0,0,0,0,0,1.54,0,0,2.555,6.287,3.156,0,0,0,0,0,0,0
SEMA5B,0,0,0,0,0,0,0,0,0,0,0,0,0,0,0,0,-6.286,0,0,-3.115,0
ANKRD29,0,0,0,0,0,0,0,0,0,0,0,0,0,0,0,0,-6.282,0,0,-4.032,0
GEN1,0,0,0,0,0,0,0,0,0,0,0,0,0,0,0,0,-6.282,0,0,-3.78,0
HOXA5,0,0,0,0,0,0,0,0,0,0,0,0,0,0,0,0,0,0,0,-6.28,0
LIX1L,0,0,0,0,0,0,0,0,0,0,0,0,0,0,0,0,0,0,3.012,6.278,0
PCGF5,0,0,0,0,0,-4.114,-6.276,0,0,0,0,0,0,0,0,0,0,0,0,4.021,-1.657
PAN3,0,0,0,0,0,0,0,0,0,0,0,0,0,1.423,0,0,-3.739,0,0,-6.275,0
C3orf62,0,0,0,0,0,0,0,0,0,3.124,0,0,0,6.271,0,-1.953,0,0,0,-1.306,2.204
TRAF2,0,0,0,0,0,0,0,0,0,0,0,0,0,-2.04,0,0,6.269,0,0,0,3.669
MTX1,0,0,0,0,0,0,0,0,1.435,2.509,0,0,2.113,6.268,0,0,0,0,0,0,0
TRAPPC14,0,0,0,0,0,0,0,0,0,3.62,0,0,2.159,6.268,0,0,-2.871,0,0,-5.705,1.411
TXNRD1,0,0,0,0,0,0,0,0,0,1.73,0,0,1.532,1.965,0,0,0,0,0,0,-6.267
FAM30A,0,0,0,0,0,-3.115,-6.265,-2.148,0,0,0,-4.745,-4.818,-4.622,0,0,0,0,0,0,0
STAC3,0,0,0,0,0,0,0,0,0,0,0,0,0,0,0,0,0,-3.228,6.264,0,-2.948
RAB27A,0,0,0,0,0,0,0,0,0,3.945,0,1.919,3.522,6.262,0,0,0,0,0,0,0
AKT2,0,0,0,0,0,0,0,0,0,0,0,0,0,0,0,-1.636,1.437,0,5.591,6.259,-3.278
CCDC180,0,0,0,0,0,0,0,0,0,0,0,0,0,0,0,0,-2.639,0,0,-6.257,0
MARS1,0,0,0,0,0,0,0,0,0,0,0,0,2.563,3.751,0,0,0,0,0,0,6.256
MED9,0,0,0,0,0,0,0,0,0,0,0,0,0,0,0,0,1.408,0,0,6.253,2.596
FAM114A2,0,0,0,0,0,0,0,0,0,0,0,0,0,0,0,1.903,0,0,6.25,0,1.309
ADAM21,0,0,0,0,0,0,0,0,0,0,0,0,0,0,0,0,-1.621,0,0,-6.249,0
AREL1,0,0,0,0,0,0,0,0,0,2.898,0,0,2.895,6.247,0,0,0,0,0,1.577,0
DMTN,0,1.823,0,0,0,-4.585,-6.244,0,0,0,0,0,0,0,0,0,0,0,1.372,0,0
FKBP8,0,0,0,0,0,-2.573,-6.243,0,0,0,0,0,0,0,0,0,0,0,0,0,0
SPNS2,0,0,0,0,0,0,0,0,0,0,0,0,0,0,0,0,-6.243,0,0,-2.352,0
MAP1S,0,-1.747,0,0,0,0,0,0,0,0,0,0,0,0,0,1.469,0,0,6.243,2.258,-3.52
RPS6KA1,0,0,0,0,0,0,0,0,1.534,3.164,0,0,3.615,6.242,0,4.199,0,0,4.357,0,0
SLC46A3,0,0,0,0,0,0,0,0,0,0,0,0,0,0,0,0,0,0,0,-6.242,0
HEXIM1,0,0,0,0,0,0,0,1.475,0,0,0,1.347,0,0,0,0,0,-2.249,0,-2.314,-6.24
P2RY8,0,0,0,0,0,0,0,0,0,0,0,0,0,-1.773,0,0,-6.239,0,0,-4.256,0
CYB561D1,-1.381,0,0,-2.117,0,0,0,0,0,0,0,0,0,0,0,0,0,0,0,-6.238,0
MRTFA,0,0,0,0,0,0,0,0,0,1.359,0,0,0,0,0,0,0,0,0,-6.233,0
PBRM1,0,0,0,0,0,0,0,0,0,0,0,0,0,0,0,0,0,0,6.225,0,-1.979
KMT2D,0,0,0,0,0,-1.671,-1.325,0,0,0,0,0,0,0,0,0,-1.43,0,6.223,4.47,-2.977
RUBCNL,0,0,0,0,0,0,0,0,2.694,3.739,0,0,5.074,6.223,0,0,0,0,0,0,0
SELL,0,0,0,0,0,0,0,0,0,3.124,0,0,3.313,6.221,0,0,0,0,0,0,0
ABCF1,0,0,0,0,0,0,0,0,0,-2.138,0,0,0,-2.53,0,0,0,0,-6.221,5.506,3.041
ENSEMBL:ENSG00000277476,0,0,0,0,0,3.102,6.22,2.54,0,0,0,1.344,0,0,0,1.349,0,0,0,0,0
UBE2Q2P1,0,0,0,0,0,0,0,0,0,0,0,0,0,0,0,-1.387,-4.096,0,-1.978,-6.219,0
GPR107,0,0,0,0,0,0,0,0,0,3.504,0,0,2.252,4.211,0,0,0,0,0,-6.219,3.151
SIX4,0,0,0,0,0,0,0,0,0,0,0,0,0,0,0,1.614,0,0,1.583,-6.219,-1.479
SPN,0,1.325,0,0,0,3.723,6.218,0,0,0,0,0,0,0,0,0,0,0,0,0,0
TNIK,0,0,0,0,0,0,0,0,0,0,0,0,0,-2.087,0,-4.005,0,0,-6.218,-3.636,0
OTUD7B,0,-1.528,0,0,0,0,0,0,0,0,0,0,0,0,0,0,0,-1.764,-1.652,6.217,-1.632
KDM5D,0,0,0,0,0,0,0,0,0,0,0,0,0,-1.32,0,-3.02,0,-1.756,0,0,-6.215
STK17B,0,0,0,0,0,0,0,0,3.23,1.913,0,0,6.215,2.303,0,0,0,0,0,4.725,0
NELFE,0,0,0,0,0,1.318,0,0,0,0,0,0,0,0,0,0,0,0,6.213,0,4.417
MAEA,0,0,0,0,0,0,0,0,1.306,4.806,0,0,1.875,6.212,0,0,0,0,0,3.739,0
PPP1R3F,0,0,0,0,0,0,0,0,0,0,0,0,0,0,0,0,0,3.284,0,0,6.211
ALPK1,0,0,0,0,0,0,0,0,0,2.504,0,0,2.373,6.208,0,0,0,0,0,0,0
TRIM72,0,0,0,0,0,0,0,0,0,0,0,0,0,0,0,0,4.425,0,-2.348,6.203,1.964
MEAK7,0,0,0,0,0,0,0,0,0,0,0,0,0,0,0,0,0,0,0,-6.2,0
ENSEMBL:ENSG00000279602,0,0,0,0,0,0,0,0,0,0,0,0,0,0,0,2.357,0,0,6.2,1.753,0
PCDH1,0,0,0,0,0,4.808,6.199,0,0,0,0,1.947,0,0,0,0,0,0,-1.875,0,0
RGL2|ENSG00000237441,0,0,0,0,0,0,0,0,0,3.046,0,1.326,3.937,6.199,0,0,0,0,0,0,0
OSGIN2,0,0,0,0,0,0,0,0,1.864,5.396,0,0,2.706,6.197,0,0,0,0,0,0,0
GLT1D1,0,0,0,0,0,0,0,0,0,2.519,0,0,1.89,6.197,0,0,0,0,0,0,0
MCEMP1,0,0,0,0,0,0,0,1.356,1.724,2.166,0,0,2.456,6.197,0,0,0,0,0,0,0
MCTP2,0,0,0,0,0,0,0,0,0,2.732,0,0,0,6.195,0,0,0,0,0,0,0
LCP1,0,0,0,0,0,0,0,0,0,3.252,0,0,4.147,6.195,0,0,0,0,0,0,0
DHTKD1,0,0,0,0,0,0,0,0,0,3.328,0,0,0,6.195,0,0,0,1.435,0,0,-2.132
CAMK2A,0,0,0,0,0,0,0,0,0,0,0,0,0,0,0,0,0,0,3.915,0,6.193
EPB42,0,0,0,0,0,-4.956,-6.192,0,0,0,0,0,0,-1.476,0,0,0,0,0,0,0
HOXA11,0,0,0,0,0,0,0,0,0,0,0,0,0,0,0,0,0,0,0,-6.189,-2.789
CAVIN4,0,0,0,0,0,0,0,0,0,0,0,0,0,0,0,6.173,0,0,6.189,0,0
FAM131B,0,0,0,0,0,1.76,2.52,0,0,0,0,0,0,0,0,0,0,0,0,-6.189,0
TFAP4,-1.6,0,0,0,0,0,0,0,0,0,0,-1.616,-2.63,0,0,0,0,-1.823,0,-6.189,-3.687
RBBP9,0,0,0,0,0,0,0,0,0,0,0,0,0,0,0,0,0,0,0,-6.186,0
CCR7,0,0,0,0,0,-2.346,-5.062,-2.052,0,-2.999,0,-2.243,0,-6.186,0,0,0,0,0,0,0
MT1E,0,0,0,0,0,0,0,0,0,0,0,0,0,0,0,0,0,0,0,0,-6.184
MTX3,0,0,0,0,0,-1.723,0,0,0,0,0,0,-1.315,0,0,0,0,0,-1.329,-6.184,0
VPS26B,0,0,0,0,0,2.625,6.183,0,0,0,0,0,0,0,0,0,0,0,0,-4.747,0
DAAM2,0,0,0,0,0,0,0,0,0,4.469,0,0,0,6.182,0,0,3.303,1.874,0,3.207,0
NIPBL-DT,0,0,0,0,0,0,0,0,0,0,0,0,0,0,0,0,0,0,0,6.181,0
CCDC77,0,0,0,0,0,0,0,0,0,0,0,0,0,0,0,0,-1.404,0,0,-6.175,0
PDE4B,0,0,0,0,0,-1.888,0,0,6.174,0,0,1.476,4.755,0,0,0,0,0,0,0,0
WIPF1,0,1.459,0,0,0,0,0,0,2.242,2.313,0,0,6.174,4.22,0,0,0,0,0,0,0
ENSEMBL:ENSG00000279283,0,0,0,0,0,0,0,0,0,0,0,0,0,0,0,0,-1.348,0,0,-6.173,-2.252
MME,0,0,0,0,0,0,1.582,0,1.4,3.817,0,0,2.88,6.17,0,0,0,0,0,0,0
DYRK1B,0,0,0,0,0,0,0,0,0,0,0,0,0,0,0,0,0,0,-1.903,0,-6.167
ZSWIM5,0,0,0,0,0,0,0,0,0,0,0,0,0,0,0,0,-2.525,0,0,-6.164,3.1
MCRIP2,0,0,0,0,0,0,0,0,0,0,0,0,0,-2.255,0,0,2.962,1.909,6.163,3.806,0
CNOT3,0,0,0,0,0,0,0,0,0,1.477,0,0,3.136,3.528,0,0,-1.633,0,-1.752,-6.163,0
AKAP12,0,1.83,0,0,0,0,0,0,0,0,0,0,0,0,0,5.315,0,0,6.162,0,0
DCP2,0,0,0,0,0,0,0,0,1.515,3.817,0,0,0,3.211,0,0,0,0,0,-6.161,0
PPP2R5B,0,0,0,0,0,0,0,0,2.132,0,0,0,1.998,0,0,0,0,0,0,0,6.154
GPBP1L1,0,0,0,0,0,0,0,0,0,2.062,0,0,2.085,3.67,0,0,0,0,0,6.153,-1.632
LIMD1,0,0,0,0,0,0,0,0,0,0,0,0,0,-1.573,0,-1.389,6.148,0,2.702,0,0
IL6R,0,0,0,0,0,0,0,0,1.458,2.976,0,0,2.881,6.148,0,0,3.309,-2.23,0,5.766,-4.324
TP53BP2,0,0,0,0,0,0,0,0,0,0,0,0,0,0,0,3.008,0,0,2.782,6.147,0
FAAH,0,0,0,0,0,0,0,0,0,0,0,0,0,0,0,0,0,0,0,-6.141,0
KEAP1,0,0,0,0,0,3.243,2.441,0,0,0,0,0,0,0,0,0,0,0,0,0,-6.138
IRAG2,0,0,0,0,0,0,0,0,0,3.421,0,0,3.559,6.137,0,0,0,0,0,0,0
PSMD6-AS2,0,0,0,0,0,0,0,0,0,0,0,0,0,0,0,-1.69,-1.407,0,-1.763,-6.13,0
LMOD1,0,0,0,0,0,0,0,0,0,0,0,0,0,0,0,-4.689,-1.393,0,-6.129,-3.595,-6.061
OR2W3,0,0,0,0,0,-6.128,-3.308,0,0,0,0,0,0,0,0,0,0,0,0,0,0
NCKIPSD,0,0,0,0,0,0,0,0,0,0,0,0,0,0,0,0,-2.769,0,0,-6.128,0
TRA2A,0,0,0,0,0,0,0,0,2.177,0,0,0,1.835,1.509,0,2.419,-2.323,0,6.127,0,0
ENSEMBL:ENSG00000256028,0,0,0,0,0,0,0,0,0,0,0,0,0,0,0,0,0,0,0,-6.124,0
ATP5MC3,0,0,0,0,0,1.625,0,0,0,0,0,0,0,0,0,0,0,6.122,0,0,2.568
PSMD2,0,0,0,0,0,0,0,0,0,0,0,0,0,0,0,0,0,0,0,6.111,3.678
NCF4,0,0,0,0,0,0,0,0,0,3.151,0,0,2.374,6.111,0,0,0,0,0,0,0
SNHG26,0,0,0,0,0,0,0,0,0,0,0,0,0,0,0,6.108,0,0,0,0,0
TUBG1,0,0,0,0,0,0,0,0,0,0,0,0,0,0,0,0,0,0,0,0,6.105
CDV3,0,0,0,0,0,0,0,0,0,1.568,0,0,0,2.783,0,0,0,0,0,6.102,2.349
CHAD,0,0,0,0,0,0,0,0,0,0,0,0,0,0,0,0,0,0,0,-1.388,-6.102
NOTCH1,0,0,0,0,0,0,0,0,0,3.288,0,0,1.414,6.101,0,0,0,0,1.465,0,0
SLC22A4,0,0,0,0,0,0,0,0,0,2.579,0,0,2.555,6.099,0,0,0,0,0,2.129,0
C5AR2,0,0,0,0,0,0,0,0,0,3.102,0,0,0,6.098,0,0,0,0,0,0,0
CHST11,0,0,0,0,0,0,0,0,2.515,3.653,0,1.864,5.327,6.097,0,0,0,0,0,0,0
ZNF43,0,0,0,0,0,0,0,0,0,0,0,0,0,0,0,-1.43,0,0,0,-6.096,0
TOMM34,0,0,0,0,0,0,0,0,0,-1.388,0,0,0,-1.679,0,0,0,0,0,0,6.096
GOLGA2,0,0,0,0,0,0,0,0,0,1.761,0,0,0,2.713,0,0,0,2.176,0,0,6.092
NPSR1-AS1,0,0,0,0,0,0,0,0,0,0,0,0,0,0,0,0,0,-2.616,0,0,-6.092
FPR2,0,0,0,0,0,0,0,0,1.843,3.151,0,0,5.128,6.092,0,0,0,0,0,0,0
ARPC2,0,0,0,0,0,0,0,0,0,2.94,0,1.929,3.816,6.09,0,0,0,0,0,0,0
NBPF11,0,0,0,0,0,0,0,0,0,0,0,0,0,0,0,0,0,0,0,-6.089,0
AMMECR1,0,0,0,0,0,0,0,0,0,0,0,0,0,0,0,0,-1.889,0,0,-6.089,0
DDX24,0,0,0,0,0,0,0,-2.395,-2.447,-2.09,0,0,-1.622,-2.431,0,0,0,0,0,6.089,0
MAP3K3,0,0,0,0,0,0,0,0,1.439,3.455,0,0,2.735,6.089,0,1.415,-2.743,-3.341,-1.612,0,-5.416
MFN2,0,0,0,0,0,0,0,0,0,2.224,0,0,3.116,6.089,0,0,0,4.029,0,0,2.703
MBTPS1,0,0,0,0,0,0,0,0,0,0,0,0,0,-1.331,0,0,0,0,0,6.088,0
TLR4,0,0,0,0,0,0,0,0,0,3.906,0,0,2.182,6.088,0,0,1.885,0,0,2.207,0
ALDH1B1,0,0,0,0,0,0,0,0,0,0,0,0,0,0,0,0,0,0,0,1.805,6.087
RUSC2,0,0,0,0,0,0,0,-1.502,0,0,0,-1.876,0,0,0,0,0,0,0,0,6.085
HEXB,0,0,0,0,0,0,0,0,0,2.26,0,0,1.458,2.756,0,0,0,0,0,6.084,1.335
PREB,0,0,0,0,0,4.038,3.529,0,0,0,0,0,0,0,0,0,1.327,6.078,0,0,2.5
DNAH17,0,0,0,0,0,0,0,0,0,1.929,0,0,1.739,6.077,0,0,0,0,0,0,0
CENPN,0,0,0,0,0,0,0,0,0,0,0,0,0,0,0,0,0,0,0,6.077,0
ENSEMBL:ENSG00000256029,0,0,0,0,0,0,0,0,0,0,0,0,0,0,0,0,0,0,0,-6.076,0
CARD11,0,0,0,0,0,2.645,6.075,0,0,0,0,0,0,-1.512,0,0,0,0,0,0,0
ENSEMBL:ENSG00000286661,0,0,0,0,0,0,0,0,0,0,0,0,0,0,0,0,0,0,0,6.075,0
PHLPP2,0,0,0,0,0,0,0,0,0,0,0,0,0,0,0,0,0,-1.507,1.914,6.072,0
ZNF92,0,0,0,0,0,0,0,0,0,0,0,0,0,0,0,0,-3.679,-2.223,0,-6.072,0
APPBP2,0,0,0,0,0,0,0,0,0,0,0,0,0,0,0,1.587,0,0,0,-6.071,-1.532
TMEM240,0,0,0,0,0,0,0,0,0,0,0,0,0,0,0,0,0,0,0,-6.067,-1.334
SEMA3C,0,0,0,0,0,-1.63,0,0,0,0,0,0,0,0,0,0,0,0,0,0,6.065
ANAPC7,0,-1.627,0,0,0,0,0,0,0,0,0,0,0,0,0,0,0,0,0,0,6.065
ENSEMBL:ENSG00000269903,0,0,0,0,0,0,0,0,0,0,0,0,0,0,0,0,-1.532,0,0,-6.063,-2.009
ZMYND10,0,0,0,0,0,6.063,4.938,2.334,0,0,0,2.736,0,0,0,0,0,0,0,0,0
TWF2,0,0,0,0,0,0,0,0,0,0,0,0,2.449,1.527,0,0,0,0,0,2.821,6.061
MAP3K13,0,0,0,0,0,0,0,0,0,0,0,0,0,0,0,0,0,0,0,-6.06,0
NHSL2,0,0,0,0,0,-1.967,-1.417,0,0,2.929,0,0,2.236,6.058,0,0,0,0,1.978,0,0
LYN,0,0,0,0,0,-1.606,0,0,0,2.614,0,0,2.24,6.058,0,0,0,0,0,0,0
QSOX1,0,0,0,0,0,0,0,0,0,3.046,0,0,0,6.058,0,0,0,0,0,0,-3.323
CELF1,0,0,0,0,0,0,0,0,0,0,0,0,1.506,0,0,0,0,-1.887,0,2.823,-6.058
ZNF483,0,0,0,0,0,0,0,0,0,0,0,0,0,0,0,0,-4.45,0,0,-6.054,0
PTAFR,0,0,0,0,0,0,0,0,0,2.76,0,0,2.658,6.049,0,0,0,0,0,0,0
CRAMP1,0,0,0,0,0,0,0,0,0,0,0,0,0,0,0,0,0,0,0,-6.048,-1.522
KCTD10,0,0,0,0,0,5.819,6.046,0,0,0,0,1.586,0,0,0,1.935,0,0,0,0,0
NOPCHAP1,0,1.595,0,0,0,0,0,0,0,0,0,0,0,0,0,0,0,0,0,-2.057,6.044
OSBP2,0,0,0,0,0,-4.931,-6.044,0,0,0,0,0,0,-2.147,0,0,0,0,0,0,0
LEMD2,0,0,0,0,0,0,0,0,0,0,0,0,0,0,0,-1.678,0,0,-6.043,0,0
ENSEMBL:ENSG00000274292,0,0,0,0,0,0,0,0,0,0,0,0,0,0,0,0,0,0,-4.655,-6.04,0
SMARCA5,0,0,0,0,0,0,0,0,0,0,0,0,0,0,0,0,0,0,0,6.039,1.474
SLC37A4,0,0,0,0,0,0,0,0,0,0,0,0,0,0,0,0,0,0,0,-6.039,-3.067
ZNF213,0,0,0,0,0,0,0,0,0,0,0,0,0,3.788,0,6.035,0,0,4.694,-1.61,0
AP5M1,0,1.475,0,0,0,0,0,0,0,0,0,0,0,0,0,0,0,4.807,0,0,6.035
CAP1,0,0,0,0,0,0,0,0,0,3.204,0,0,3.953,6.034,0,0,0,0,0,0,0
ENSEMBL:ENSG00000289137,0,0,0,0,0,6.029,5.332,0,0,0,0,0,0,0,0,0,0,0,0,0,0
DCAF12,0,0,0,0,0,-5.894,-6.028,0,0,0,0,0,0,0,0,0,2.016,0,0,2.137,0
RHOF,0,0,0,0,0,2.292,1.399,0,0,0,0,3.236,0,0,0,0,0,0,-6.027,-1.665,0
COPG1,0,0,0,0,0,0,0,0,0,0,0,0,0,1.888,0,0,0,1.742,0,0,6.026
EEF2KMT,0,0,0,0,0,0,0,0,0,0,0,0,0,0,0,0,0,0,0,0,6.023
TRGC2,0,0,0,0,0,4.358,5.693,1.733,0,0,0,6.022,0,0,0,0,0,0,0,0,0
CEBPD,0,0,0,0,0,0,0,1.582,5.797,0,0,1.929,6.022,1.997,0,1.391,0,0,2.175,0,-2.436
KCNK6,0,0,0,0,0,0,0,0,0,0,0,0,0,0,0,6.019,0,0,5.379,0,0
AFG3L2,0,0,0,0,0,0,0,0,-2.623,0,0,0,-6.019,-1.797,0,0,0,1.785,0,0,0
CNBP,0,0,0,0,0,0,0,0,0,2.61,0,0,0,5.119,0,0,0,-1.4,0,6.017,0
HECTD4,0,0,0,0,0,0,0,0,0,0,0,0,0,0,0,0,0,-1.742,0,0,-6.017
GLI4,0,0,0,0,0,1.381,0,0,0,0,0,0,0,0,0,0,-1.962,0,0,-6.016,0
DOCK9,0,0,0,0,0,-3.197,-1.39,0,0,0,0,0,0,0,0,6.016,0,0,5.338,2.592,0
ST8SIA2,0,0,0,0,0,0,0,0,0,0,0,0,0,0,0,0,0,0,0,1.945,6.016
C1QTNF9,0,0,0,0,0,0,0,0,0,0,0,0,0,0,0,0,-6.016,0,0,-2.502,0
DSEL,0,0,0,0,0,0,0,0,0,0,0,0,0,-1.939,0,0,0,0,0,2.294,6.015
RNF139,0,0,0,0,0,0,0,0,0,0,0,0,0,0,0,0,0,0,0,6.015,0
ENSEMBL:ENSG00000273448,0,0,0,0,0,0,0,0,0,0,0,0,0,0,0,0,0,0,0,6.015,0
TENT4A,0,0,0,0,0,0,0,0,0,0,0,0,0,-1.427,0,0,0,0,0,6.015,-2.305
TAF5L,0,0,0,0,0,0,0,0,0,0,0,0,0,0,0,0,0,0,0,6.013,0
ARID5B,0,0,0,0,0,0,0,0,0,0,0,0,0,-1.469,0,3.36,0,0,2.521,6.01,-1.585
HSF2,0,0,0,0,0,0,0,0,0,0,0,0,0,0,0,0,0,0,0,6.008,0
ZNF512B,0,0,0,0,0,0,0,0,0,0,0,0,0,-2.412,0,0,0,0,0,-6.007,0
GRAMD4,0,0,0,0,0,0,0,0,0,0,0,0,0,0,0,0,6.005,0,0,0,-2.821
GANC,0,0,0,0,0,0,0,0,0,0,0,0,0,0,0,0,0,0,0,6.003,0
PEX14,0,0,0,0,0,1.383,0,0,0,0,0,0,0,0,0,0,0,0,0,-6.002,0
PSMD14,0,0,0,0,0,0,0,0,0,0,0,0,0,0,0,0,0,2.533,0,2.153,6
PTER,0,0,0,0,0,0,0,0,0,0,0,0,0,0,0,0,0,0,0,-6,0
ENSEMBL:ENSG00000237301,0,0,0,0,0,0,0,0,0,0,0,0,0,0,0,0,-2.293,0,0,-5.999,0
SIGIRR,0,0,0,0,0,5.998,4.636,0,0,0,0,0,0,0,0,0,0,0,0,0,0
ACTN4,0,0,0,0,0,0,1.433,0,0,1.887,0,1.773,3.314,3.874,0,0,2.109,0,0,5.996,0
CDH15,0,0,0,0,0,0,0,0,0,0,0,0,0,0,0,0,0,0,4.815,-5.995,-1.506
STRN4,0,0,0,0,0,0,0,0,0,0,0,1.345,3.14,2.317,0,1.548,0,0,0,5.993,1.832
RASAL3,0,0,0,0,0,5.993,5.171,0,0,0,0,1.34,0,0,0,0,0,0,0,0,0
PCNX1,0,0,0,0,0,0,0,0,1.35,4.186,0,0,1.561,5.992,0,0,0,0,0,0,0
JAK2,0,0,0,0,0,0,0,0,0,2.754,0,0,0,2.878,0,0,0,0,0,5.987,0
FKRP,0,0,0,0,0,0,0,0,0,0,0,0,0,0,0,0,0,0,0,5.986,0
ZNF30,0,0,0,0,0,0,0,0,0,0,0,0,0,0,0,0,0,0,-1.452,-5.982,0
ACACB,0,0,0,0,0,-1.763,-1.666,0,0,-1.588,0,-2.366,0,-2.013,0,5.978,0,0,3.887,-2.208,0
TRIM39,0,0,0,0,0,0,0,0,0,1.502,0,0,0,2.76,0,0,-1.953,0,0,-5.974,0
CTNNA3,0,0,0,0,0,0,0,0,0,0,0,0,0,0,0,0,0,0,-5.972,-1.429,0
FAM219B,0,0,0,0,0,1.447,0,0,0,0,0,0,0,0,0,0,0,0,0,5.971,0
CCDC90B,0,0,0,0,0,0,0,0,0,0,0,0,0,0,0,0,0,0,0,0,5.971
ARNT2,0,0,0,0,0,0,0,0,0,0,0,0,0,0,0,0,0,0,0,0,-5.971
IPO13,0,0,0,0,0,1.931,2.143,0,0,0,0,0,0,0,0,0,0,0,0,0,5.969
SYTL1,0,0,0,0,0,5.061,5.968,0,0,0,0,2.172,0,0,0,0,0,0,0,0,0
CLINT1,0,0,0,0,0,0,0,0,0,0,0,0,0,0,0,5.967,0,0,4.612,0,0
SIAH2,0,0,0,0,0,-2.276,0,0,0,0,0,0,0,0,0,5.965,0,0,1.971,0,-1.347
ACOX1,0,0,0,0,0,0,0,0,1.787,4.972,0,0,3.018,5.965,0,0,0,0,0,0,-1.671
PLBD1,0,0,0,0,0,0,0,0,0,2.489,0,0,1.859,5.965,0,0,0,0,0,0,2.029
YTHDC2,0,0,0,0,0,-1.429,0,0,0,0,0,0,0,0,0,2.402,0,0,-5.964,0,0
KLHL42,0,0,0,0,0,0,0,0,0,0,0,0,0,0,0,5.962,0,0,1.482,1.365,0
ENSEMBL:ENSG00000278126,0,0,0,0,0,0,0,0,0,0,0,0,0,0,0,0,0,0,0,5.962,0
MROH7,0,0,0,0,0,0,0,0,0,0,0,0,0,0,0,0,0,5.961,0,0,1.478
SUN2,0,0,0,0,0,3.223,4.003,0,0,0,0,0,0,0,0,1.731,0,0,5.96,3.215,0
MAP2K4,0,0,0,0,0,0,0,0,0,3.59,0,0,1.525,4.625,0,0,0,0,3.826,5.958,3.387
UVSSA,0,0,0,0,0,0,0,0,0,0,0,0,0,1.979,0,0,0,0,0,-5.958,0
TTC16,0,0,0,0,0,5.957,5.558,0,0,0,0,1.427,0,0,0,0,0,0,0,0,0
ENSEMBL:ENSG00000267423,0,0,0,0,0,0,0,0,0,0,0,0,0,0,0,0,-2.994,0,0,-5.953,-4.141
REEP4,0,0,0,0,0,1.554,5.949,0,0,0,0,0,2.091,0,0,0,0,0,0,-2.645,0
PLXNC1,0,0,0,0,0,0,0,0,0,3.822,0,0,2.879,5.946,0,0,-1.357,0,0,-3.468,-1.815
SLFN11,0,0,0,0,0,0,0,0,0,0,0,0,0,0,0,3.568,0,0,5.946,1.864,0
SCAMP5,0,0,0,0,0,5.946,2.72,0,0,0,0,0,0,0,0,0,0,0,0,0,0
HSPA1L,0,0,0,0,0,0,0,0,0,0,0,0,0,0,0,5.945,4.968,0,0,0,0
MRTFB,0,0,0,0,0,0,0,0,0,0,0,0,0,0,0,2.708,-2.566,0,2.276,-5.945,0
ZNF784,0,0,0,0,0,0,0,0,0,0,0,0,0,0,0,-1.705,0,0,-5.945,-3.069,-1.763
STK40,0,0,0,0,0,0,0,0,2.153,2.645,0,1.311,5.945,5.31,0,0,0,0,0,3.16,0
IL10RB,0,0,0,0,0,0,0,0,0,2.115,0,0,0,5.945,0,0,0,0,0,0,0
UBE2D1,0,0,0,0,0,0,0,0,0,4.267,0,0,1.705,5.943,0,0,2.272,0,0,5.491,-5.655
CCDC134,0,0,0,0,0,0,0,0,0,0,0,0,0,0,0,0,0,-1.49,0,-5.942,0
NCL,0,0,0,0,0,0,0,0,0,0,0,0,0,-1.904,0,0,0,0,5.939,1.889,-2.204
TESC,0,0,0,0,0,-2.954,-5.939,0,0,0,0,0,0,0,0,0,0,0,0,0,0
HS1BP3,0,0,0,0,0,0,0,0,0,1.908,0,0,0,2.652,0,0,5.937,0,0,0,0
MPIG6B,0,0,0,0,0,0,0,2.151,2.122,0,0,2.863,5.937,0,0,0,0,0,0,0,0
STT3B,0,0,0,0,0,0,0,0,0,0,0,0,0,0,0,0,0,2.557,0,0,5.936
TMEM237,0,0,0,0,0,0,0,0,0,0,0,0,0,0,0,-2.383,-1.392,-1.336,0,-1.657,-5.936
NYAP2,0,0,0,0,0,0,0,0,0,0,0,0,0,0,0,-1.436,0,-1.405,0,0,-5.936
CPEB3,0,0,0,0,0,-1.317,0,0,0,0,0,0,0,0,0,-5.931,0,0,-5.53,0,-3.602
FAM8A1,0,0,0,0,0,0,0,0,0,2.887,0,0,1.518,3.008,0,0,0,-1.728,0,0,-5.929
RALGDS,0,0,0,0,0,3.409,5.929,0,0,0,0,2.553,0,0,0,0,0,0,0,-2.261,0
ENSEMBL:ENSG00000270210,0,0,0,0,0,0,0,0,0,0,0,0,0,0,0,0,0,0,0,-5.927,0
FGFR1,0,0,0,0,0,0,0,0,0,0,0,0,0,0,0,0,0,0,0,5.927,0
PKD1P6,0,0,0,0,0,0,0,0,0,0,0,0,0,0,0,0,0,-1.868,0,-5.927,-2.998
STRADB,0,0,0,0,0,-5.836,-5.926,0,1.451,0,0,0,1.366,0,0,0,0,0,0,0,0
HSPE1,0,0,0,0,0,0,0,0,0,0,0,0,0,-1.575,0,0,1.827,0,0,5.284,5.925
MRPL47,0,0,0,0,0,0,0,0,0,0,0,0,0,0,0,0,0,4.804,0,2.295,5.925
ITM2B,0,0,0,0,0,0,0,0,0,3.356,0,0,3.545,5.925,0,0,0,0,0,0,-1.769
HOGA1,0,0,0,0,0,0,0,0,0,0,0,0,0,0,0,0,2.543,0,0,5.924,0
SYNPO2L-AS1,0,0,0,0,0,0,0,0,0,0,0,0,0,0,0,0,0,0,0,0,5.922
DHX34,0,0,0,0,0,0,0,0,1.593,3.273,0,0,3.819,5.922,0,0,0,0,0,0,0
MAN2A2,0,0,0,0,0,0,0,0,0,2.618,0,0,3.198,5.921,0,0,0,0,0,-1.925,0
CLEC4D,0,0,0,0,0,0,0,0,0,3.041,0,0,0,5.921,0,0,0,0,0,0,0
RASAL2,0,0,0,0,0,0,0,0,0,0,0,0,0,0,0,0,0,0,0,5.915,1.984
ENSEMBL:ENSG00000230551,0,0,0,0,0,0,0,0,0,0,0,0,0,0,0,5.663,0,0,5.294,5.915,0
ST3GAL4,0,0,0,0,0,0,0,0,0,1.497,0,0,2.655,5.915,0,0,0,1.479,0,0,1.761
GCLM,0,0,0,0,0,0,0,0,0,0,0,0,0,0,0,0,0,0,0,5.915,0
MYH14,0,0,0,0,0,0,0,0,0,0,0,0,0,0,0,0,0,0,5.914,3.194,0
TCF7,0,0,0,0,0,-3.293,-5.914,-3.139,0,-2.603,0,-3.96,-2.244,-5.167,0,0,0,0,0,0,0
TSHZ3,0,0,0,0,0,0,0,0,1.574,4.216,0,0,2.177,5.911,0,0,0,0,0,0,0
PTCD1,0,0,0,0,0,0,0,0,0,0,0,0,0,0,0,0,0,0,0,-5.911,0
MPZL1,0,0,0,0,0,0,0,0,0,3.926,0,0,2.713,5.911,0,0,0,0,0,0,0
PGD,0,0,0,0,0,0,0,0,0,2.321,0,0,2.522,5.909,0,0,0,0,0,0,0
AQP3,0,0,0,0,0,-2.866,-5.906,-2.27,0,-2.267,0,0,0,-3.691,0,0,1.916,0,0,5.005,0
SLFN13,0,0,0,0,0,3.941,5.903,0,-1.455,0,0,2.294,0,0,0,0,-2.146,0,0,0,0
ENSEMBL:ENSG00000230615,0,0,0,0,0,-3.346,-5.902,0,0,0,0,0,0,0,0,0,0,0,0,0,0
ALKBH3,0,0,0,0,0,0,0,0,-3.112,-1.375,0,-2.355,-5.901,-1.898,0,0,-1.518,0,0,-2.995,0
MGME1,0,0,0,0,0,0,0,0,0,0,0,0,0,0,0,0,0,-1.872,0,-4.169,-5.901
RSPH4A,0,0,0,0,0,0,0,0,0,0,0,0,0,0,0,0,0,0,0,-5.899,0
SLC4A1,0,0,0,0,0,-5.061,-5.898,0,1.35,0,0,0,0,-1.507,0,0,0,0,0,0,0
TMCC1,0,0,0,0,0,0,0,0,0,2.884,0,0,1.668,4.79,0,0,0,0,0,5.897,0
IL27RA,0,0,0,0,0,0,0,0,0,-1.529,0,0,0,-2.425,0,0,5.896,0,0,4.243,0
GDI1,0,0,0,0,0,0,0,0,1.435,2.924,0,1.513,4.632,5.894,0,0,0,0,0,0,2.286
LYNX1,0,0,0,0,0,0,0,0,-1.498,0,0,0,0,0,0,0,0,5.893,0,0,1.96
ADAMTSL4,0,0,0,0,0,0,0,0,0,0,0,0,0,4.054,0,0,0,0,0,0,-5.892
ABI3,0,0,0,0,0,5.891,5.146,0,0,0,0,0,0,0,0,0,1.779,0,1.36,0,0
HCST,0,0,0,0,0,5.891,4.455,0,0,0,0,1.451,0,0,0,0,0,0,0,0,0
NRF1,0,0,0,0,0,0,0,0,0,0,0,0,0,0,0,0,0,0,0,-1.459,5.888
IGF2R,0,0,0,0,0,0,0,0,0,4.068,0,0,2.568,5.885,0,0,1.848,0,0,3.15,0
GPA33,0,0,0,0,0,0,0,0,0,0,0,0,-1.357,0,0,0,0,0,0,0,5.882
VANGL2,0,0,0,0,0,0,0,0,0,0,0,0,0,0,0,0,-3.419,0,0,-5.882,0
DAXX,0,0,0,0,0,3.865,5.881,1.405,0,0,0,2.607,2.081,0,0,0,0,0,0,0,0
ZNF41,0,0,0,0,0,0,0,0,0,0,0,0,0,0,0,0,0,0,0,-5.881,0
VPS35,0,0,0,0,0,0,0,0,0,0,0,0,0,0,0,0,5.881,0,0,0,-1.808
ENSEMBL:ENSG00000254363,0,0,0,0,0,0,0,0,-1.37,0,0,0,-1.732,0,0,-3.155,-5.878,0,0,-4.128,0
ENSEMBL:ENSG00000273108,0,0,0,0,0,0,0,0,0,0,0,0,0,0,0,0,-2.489,0,0,-5.877,0
MKKS,0,0,0,0,0,0,0,0,0,0,0,0,0,0,0,0,0,2.322,-3.645,-5.876,1.979
MARK2,0,0,0,0,0,0,0,0,2.654,3.353,0,1.594,5.117,5.458,0,1.971,0,0,-5.875,0,0
SBF1,0,0,0,0,0,2.048,1.705,0,0,0,0,0,0,0,0,0,0,0,0,5.872,0
ATCAY,0,0,0,0,0,0,0,0,0,0,0,0,0,0,0,0,-1.365,0,0,-5.872,1.37
LOXL4,0,0,0,0,0,0,0,0,0,0,0,0,0,0,0,0,0,0,0,0,-5.863
SKAP2,0,0,0,0,0,0,0,0,0,3.3,0,0,2.886,5.86,0,0,0,0,0,0,0
MX2,0,0,0,0,0,0,0,0,0,1.925,0,0,1.333,5.86,0,0,-2.896,0,0,-3.405,0
MAK,0,0,0,0,0,0,0,0,0,1.574,0,0,0,5.86,0,0,0,0,0,0,0
RAB7B,0,0,0,0,0,0,0,0,0,0,0,0,0,0,0,0,5.858,0,0,0,0
ENSEMBL:ENSG00000283352,0,0,0,0,0,0,0,0,0,0,0,0,0,0,0,0,0,0,0,-5.857,0
HENMT1,0,0,0,0,0,5.729,5.857,0,0,0,0,0,0,0,0,0,0,0,0,0,0
SULT1A1,0,0,0,0,0,0,0,0,0,1.491,0,0,0,3.443,0,0,-1.396,0,0,-5.857,0
TMEM185A,0,0,0,0,0,0,0,1.864,0,0,0,2.264,0,0,0,0,0,0,0,-5.857,0
NAPA,0,0,0,0,0,0,0,0,0,0,0,0,0,0,0,0,3.127,5.856,0,1.72,1.346
REPS2,0,0,0,0,0,0,0,0,2.058,4.511,0,0,2.862,5.856,0,0,0,0,0,0,0
MINK1,0,0,0,0,0,0,0,0,0,0,0,0,2.723,0,0,0,0,0,0,-5.853,0
ZSWIM8,0,0,0,0,0,0,0,0,0,2.526,0,0,2.744,5.853,0,2.423,0,0,3.732,2.131,-1.976
SELENOS,0,-1.829,0,0,0,0,3.954,0,0,0,0,0,0,0,0,-3.388,0,2.068,-5.849,3.505,3.876
SMS,0,0,0,0,0,0,0,0,0,0,0,0,3.218,0,0,0,0,0,0,0,5.849
RBM15B,0,0,0,0,0,0,0,0,0,0,0,0,0,0,0,0,0,0,0,5.847,0
ENSEMBL:ENSG00000257497,0,0,0,0,0,0,0,0,0,0,0,0,0,0,0,0,-2.764,0,0,-5.846,0
DHX33,0,0,0,0,0,0,0,0,0,0,0,0,0,0,0,0,0,0,0,5.846,0
RAB29,0,0,0,0,0,1.395,2.729,0,0,0,0,0,0,0,0,0,5.845,0,0,0,0
NFRKB,0,0,0,0,0,0,-1.689,0,0,0,0,0,0,0,0,0,-1.371,0,0,-5.845,0
ZNF423,0,0,0,0,0,0,0,0,0,0,0,0,0,0,0,0,0,0,0,0,-5.843
CR1,0,0,0,0,0,0,0,0,0,3.328,0,0,2.167,5.842,0,0,0,0,0,0,0
AR,0,0,0,0,0,0,0,0,0,0,0,0,0,0,0,0,-2.051,0,0,-5.84,-1.948
CASP3,0,0,0,0,0,0,0,0,0,0,0,0,0,0,0,1.724,0,0,1.537,5.84,0
INCENP,0,0,0,0,0,0,0,0,0,0,0,0,0,0,0,0,0,0,0,-5.839,0
ENC1,0,0,0,0,0,0,1.583,0,1.337,0,0,0,2.009,0,0,0,-1.842,0,0,-5.838,0
CTSC,0,0,0,0,0,0,0,0,0,0,0,1.431,0,0,0,0,-2.189,0,0,-5.837,0
METTL7B,0,0,0,0,0,0,0,0,0,0,0,0,0,0,0,0,0,0,0,5.837,0
TNPO1,0,0,0,0,0,0,0,0,0,0,0,0,0,0,0,0,2.646,0,0,5.835,0
EPDR1,0,0,0,0,0,0,0,0,0,0,0,0,0,0,0,0,-1.384,0,0,-5.83,-2.467
WARS1,0,0,0,0,0,0,0,0,0,0,0,1.506,0,0,0,0,5.83,0,0,5.44,0
RHOA,0,0,0,0,0,0,0,0,0,3.057,0,0,3.107,5.829,0,0,0,0,0,0,0
MOB3A,0,0,0,0,0,0,0,0,2.761,2.671,0,1.883,5.828,5.571,0,0,0,0,0,0,0
GTF2E1,0,0,0,0,0,0,0,0,0,0,0,0,0,0,0,0,0,0,0,-5.828,2.72
MAPK14,0,0,0,0,0,0,0,0,0,3.239,0,0,2.917,5.823,0,0,0,-1.776,5.139,-5.815,-5.241
NXT1,0,0,0,0,0,0,1.325,0,0,0,0,0,0,0,0,3.215,1.453,0,3.807,5.822,0
ROS1,0,0,0,0,0,0,0,0,0,0,0,0,0,0,0,0,0,0,0,0,-5.821
RNF130,0,0,0,0,0,0,0,0,1.697,2.981,0,0,4.084,5.819,0,0,0,0,0,0,0
MRPL12,0,0,0,0,0,0,0,0,0,0,0,0,0,0,0,0,0,5.819,0,0,4.257
CANX,0,-1.947,0,0,-1.373,0,0,0,0,0,0,0,0,0,0,0,0,0,-5.817,2.057,0
LRRC8C-DT,0,0,0,0,0,0,0,0,0,0,0,0,0,0,0,0,0,0,0,5.815,0
HK2,0,0,0,0,0,0,0,0,0,2.076,0,0,0,3.656,0,0,2.258,0,0,5.809,0
YPEL5,0,0,0,0,0,0,0,0,1.558,3.503,0,2.458,4.557,5.807,0,0,0,-1.663,0,0,-2.654
UBA52,0,0,0,0,0,-2.376,-5.804,0,0,0,0,0,0,0,0,0,0,0,0,1.318,0
ENSEMBL:ENSG00000286481,0,0,0,0,0,4.074,5.803,0,0,0,0,0,0,0,0,0,0,0,0,0,0
NOS3,0,0,0,0,0,0,2.287,0,0,0,0,-2.107,0,0,0,5.793,0,0,5.668,0,0
ENSEMBL:ENSG00000236304,0,0,0,0,0,0,0,0,0,0,0,0,2.463,0,0,5.793,0,0,3.418,0,0
MLLT1,0,0,0,0,0,0,0,0,0,0,0,0,0,5.792,0,0,0,0,0,0,0
SYTL3,0,0,0,0,0,2.906,2.395,1.576,0,2.958,0,3.63,2.722,5.785,0,0,0,0,0,-2.533,0
ADAM19,0,0,0,0,0,0,0,0,1.705,3.632,0,0,2.831,5.785,0,0,-2.252,0,0,-2.615,1.763
STX18,0,0,0,0,0,2.052,0,0,0,0,0,0,0,0,0,1.618,0,0,5.783,-3.492,0
CLASP1,0,-1.934,0,0,0,0,0,0,0,0,0,0,1.439,3.044,0,-4.177,0,0,-5.78,0,0
STAT4,0,0,0,0,0,4.844,5.78,0,0,0,0,0,0,-1.47,0,0,0,0,0,0,0
ZBTB40,0,0,0,0,0,0,0,0,0,-1.86,0,0,0,-2.108,0,0,0,0,0,-5.78,0
NAA40,0,0,0,0,0,0,0,0,0,0,0,0,0,0,0,0,-1.639,0,0,-5.779,1.393
ALAS2,0,0,0,0,0,-4.087,-5.778,0,0,0,0,0,0,0,0,0,0,0,0,0,0
HDDC3,0,0,0,0,0,0,0,0,0,0,0,0,0,0,0,0,0,5.777,0,0,2.617
RTN4RL1,0,0,0,0,0,0,0,0,0,0,0,0,0,0,0,0,5.776,0,0,-3.555,0
TMED8,0,0,0,0,0,0,0,0,0,4.119,0,0,0,5.775,0,0,0,0,0,-4.267,0
MKRN1,0,0,0,0,0,-4.665,-3.938,0,0,0,0,0,0,0,0,0,-3.11,0,0,-5.774,0
ANKRD13A,0,0,0,0,0,0,0,0,0,3.307,0,0,1.735,5.774,0,0,0,0,0,0,0
NT5C2,0,0,0,0,0,0,0,0,0,2.712,0,0,3.309,5.774,0,-2.728,-2.452,-3.467,0,0,-5.438
SNAI3-AS1,0,0,0,0,0,0,0,1.467,0,0,0,1.926,1.726,0,0,0,5.773,0,0,0,0
SMC6,0,0,0,0,0,0,0,0,0,0,0,0,0,0,0,0,-1.716,0,0,-5.771,-1.867
FAM124B,0,0,0,0,0,-2.156,0,0,-2.78,0,0,0,-2.43,0,0,-5.766,0,0,-4.314,0,0
TGIF2,0,0,0,0,0,0,0,0,0,0,0,0,0,-1.563,0,5.766,0,0,2.511,0,0
BYSL,0,0,0,0,0,0,0,0,0,0,0,0,0,0,0,0,0,0,0,5.764,0
RNF170,0,0,0,0,0,0,0,0,0,0,0,0,0,0,0,0,0,0,0,-5.764,2.029
HNRNPH2,0,0,0,0,0,0,0,0,0,2.82,0,0,4.377,5.062,0,0,1.523,0,0,5.764,-1.81
LNX2,0,0,0,0,1.314,0,0,0,0,0,0,0,0,0,0,0,0,0,0,5.763,0
INMT,0,0,0,0,0,0,0,0,0,0,0,0,0,0,0,0,-5.761,2.728,0,-1.354,2.551
ENSEMBL:ENSG00000273906,0,0,0,0,0,0,0,0,0,0,0,0,0,0,0,0,0,0,0,-5.76,-1.51
CLC,0,1.402,0,0,0,0,-1.827,0,0,-2.989,0,0,0,-5.759,0,0,0,0,0,0,0
GPN1,0,0,0,0,0,0,1.71,0,0,0,0,0,0,0,0,0,0,0,5.758,1.842,2.09
TFRC,0,0,0,0,0,-1.56,0,0,0,0,0,-2.212,0,-2.878,0,0,0,3.195,0,0,5.758
FOXO6,0,0,0,0,0,0,0,0,0,0,0,0,0,0,0,0,0,0,0,0,5.756
CAPG,0,0,0,0,0,2.64,5.756,3.421,2.038,0,0,2.175,0,0,0,0,0,0,0,0,0
IL16,0,0,0,0,0,2.871,5.756,3.01,1.7,1.768,0,3.886,2.984,5.271,0,0,0,0,0,0,0
TREML2,0,0,0,0,0,0,0,0,2.66,3.142,0,0,5.546,5.756,0,0,0,0,0,0,0
STARD8,0,0,0,0,0,0,0,0,0,0,0,0,1.534,0,0,5.755,-1.747,0,4.125,0,3.676
SLC2A8,0,0,0,0,0,2.715,3.279,0,0,0,0,0,0,0,0,0,0,0,0,5.753,4.271
APH1B,0,0,0,0,0,0,0,0,0,3.775,0,0,2.213,4.51,0,0,0,0,0,-5.753,0
ENSEMBL:ENSG00000261584,0,0,0,0,0,0,0,0,0,0,0,0,0,0,0,0,-1.421,0,0,-5.753,0
SLX4,0,0,0,0,0,0,1.912,0,0,0,0,0,0,0,0,0,0,0,0,-5.748,0
SLC13A4,0,0,0,0,0,0,0,0,0,0,0,0,0,0,0,0,0,0,0,-5.746,0
SOX13,0,0,0,0,0,3.149,3.308,0,0,0,0,1.959,0,0,0,0,0,-2.152,0,-1.971,-5.745
ABHD10,0,0,0,0,0,0,0,0,0,0,0,0,0,0,0,0,0,0,0,-5.743,0
PBX2,0,0,0,0,0,0,0,0,1.658,2.674,0,1.317,5.49,5.742,0,0,0,0,0,-2.125,0
IL18RAP,0,0,0,0,0,3.51,4.411,1.972,0,2.003,0,4.002,2.935,5.742,0,0,0,0,0,0,0
FAM83G,0,0,0,0,0,0,0,0,0,0,0,0,0,0,0,0,0,0,0,5.742,1.907
ENSEMBL:ENSG00000289196,0,0,0,0,0,0,0,0,0,0,0,0,0,0,0,0,0,0,1.413,5.742,1.653
MSRB1,0,0,0,0,0,0,0,0,0,3.277,0,0,1.955,5.74,0,0,0,1.643,0,-5.402,0
GUK1,0,0,0,0,0,-2.469,-5.736,0,0,0,0,0,0,0,0,0,0,0,0,1.481,0
MUC4,0,0,0,0,0,0,0,0,0,0,0,0,0,0,0,0,0,0,0,-5.736,0
ZNF585B,0,0,0,0,0,0,0,0,0,0,0,-1.317,0,0,0,0,0,0,0,-5.735,0
SAR1A,0,0,0,0,0,0,0,0,0,0,0,0,0,0,0,0,0,0,0,2.429,-5.734
KANTR,0,0,0,0,0,0,0,0,0,0,0,0,0,0,0,0,0,0,0,-5.734,0
FBXO6,0,-1.581,0,0,0,1.894,1.973,0,0,0,0,0,0,0,0,0,0,0,5.731,0,0
DGKK,0,0,0,0,0,5.731,3.757,0,0,0,0,0,0,0,0,0,0,0,0,0,0
PLEKHG2,0,0,0,0,0,0,0,0,0,0,0,0,0,0,0,2.476,2.312,0,0,5.73,0
ZNF658B,0,0,0,0,0,0,0,0,0,0,0,0,0,0,0,0,0,0,0,-5.73,0
ZBTB38,0,0,0,0,0,-1.825,0,0,0,0,0,0,0,0,0,0,2.904,0,0,0,-5.729
VWA1,0,0,0,0,0,0,0,0,0,0,0,0,0,0,0,4.941,5.729,0,3.867,4.864,0
RNF122,0,0,0,0,0,0,0,0,0,0,0,0,0,3.178,0,3.924,0,0,5.727,0,0
BCAR1,0,0,0,0,0,0,0,0,0,0,0,0,0,0,0,0,0,-1.463,0,5.727,0
SLC43A1,0,0,0,0,0,0,0,0,0,0,0,0,0,-1.415,0,0,0,-2.103,0,-2.958,-5.726
NFAM1,0,0,0,0,0,0,0,0,0,3.314,0,0,2.276,5.726,0,0,0,0,0,0,0
MPC2,0,0,0,0,0,0,0,0,0,0,0,0,2.893,1.927,0,0,0,3.917,0,0,5.721
ENSEMBL:ENSG00000268119,0,0,0,0,0,0,0,0,0,0,0,0,0,0,0,0,-1.641,0,0,-5.718,0
SH2B2,0,0,0,0,0,0,0,0,0,0,0,0,2.568,1.749,0,-1.77,0,0,-5.718,-1.623,0
LINC00847,0,0,0,0,0,0,0,0,0,-1.449,0,0,0,0,0,0,5.716,0,0,0,0
TRAF4,0,0,0,0,0,0,0,0,0,-1.368,0,0,0,0,0,5.715,0,0,3.635,0,0
CEP295,0,0,0,0,0,0,0,0,0,0,0,0,0,0,0,0,0,0,0,-5.711,0
RALBP1,0,0,0,0,0,0,0,0,1.499,2.683,0,0,3.118,3.651,0,0,0,0,-4.77,-5.708,0
YARS1,0,0,0,0,0,2.733,5.707,0,0,0,0,0,0,0,0,0,2.264,0,0,2.817,1.646
FOXO3,0,0,0,0,0,-1.47,0,0,0,0,0,0,0,0,0,-1.723,4.452,0,5.706,3.228,-3.185
RASSF2,0,0,0,0,0,0,1.55,0,1.692,3.394,0,0,3.321,5.702,0,0,0,0,0,0,0
MYSM1,0,0,0,0,0,0,0,0,0,0,0,0,0,0,0,-5.698,-2.614,0,0,0,0
CYBC1,0,0,0,0,0,0,0,0,0,2.125,0,0,1.858,5.698,0,0,0,0,0,0,0
CCNJ,0,0,0,0,0,0,0,0,0,0,0,0,0,0,0,0,0,0,0,5.693,0
GTF2IP4,0,0,0,0,0,0,0,0,0,3.175,0,0,2.988,5.693,0,0,0,0,0,0,1.759
SLC6A6,0,0,0,0,0,-1.653,0,0,1.54,3.258,0,0,4.364,5.692,0,0,0,0,0,0,-3.653
KDM6A,0,0,0,0,0,-1.543,0,0,0,0,0,0,0,0,0,0,0,-2.192,0,0,-5.689
CLCN1,0,0,0,0,0,0,0,0,0,0,0,0,0,0,0,0,0,0,0,-5.686,0
NLRP12,0,0,0,0,0,0,0,0,0,3.256,0,0,0,5.685,0,0,0,0,0,0,0
MAP3K14,0,0,0,0,0,0,0,0,0,0,0,0,0,0,0,0,4.008,0,0,5.68,1.624
FEM1B,0,0,0,0,0,0,0,0,0,0,0,0,0,0,0,0,2.508,-1.485,0,5.676,-1.573
OSGEPL1,0,0,0,0,0,0,0,0,0,0,0,0,0,0,0,0,0,0,0,-5.676,0
PI4KA,0,-1.947,0,0,0,0,0,0,0,0,0,0,0,0,0,0,0,0,0,0,5.673
ENSEMBL:ENSG00000248738,0,0,0,0,0,0,0,0,0,0,0,0,0,0,0,5.671,2.791,0,1.605,0,0
TRPV2,0,0,0,0,0,5.671,2.082,0,0,0,0,0,0,0,0,0,0,0,0,1.361,0
NAA50,0,0,0,0,0,0,0,0,0,0,0,0,0,0,0,0,0,0,-1.47,2.389,5.666
KLF7,0,0,0,0,0,-2.198,-1.427,0,0,3.455,0,0,1.463,5.261,0,5.666,0,0,5.122,0,0
PYCR1,0,0,0,0,0,0,0,0,0,0,0,0,0,0,0,4.28,4.171,0,4.937,5.665,2.305
LEF1,0,0,0,0,0,-4.405,-5.146,-2.031,0,-1.799,0,-5.665,-1.85,-4.993,0,0,0,0,0,0,0
PDSS1,0,0,0,0,0,0,0,0,0,0,0,0,0,0,0,0,0,5.664,0,0,3.766
TBRG4,0,0,0,0,0,0,0,0,0,0,0,0,0,-1.438,0,0,0,5.664,0,2.212,4.358
YY1,0,0,0,0,0,0,0,0,1.861,0,0,0,1.734,0,0,0,0,-2.643,0,0,-5.663
KDM5B,0,0,0,0,0,0,0,0,1.999,3.326,0,0,4.847,5.661,0,2.701,0,0,2.055,2.678,0
TAOK2,0,-2.394,0,0,0,2.052,1.333,0,0,1.622,0,0,2.433,1.533,0,0,-4.729,0,2.524,-5.659,1.416
RBM5,0,0,0,0,0,0,0,0,0,1.867,0,0,2.763,4.4,0,-1.993,0,0,-5.658,-2.581,-2.779
BTBD10,0,0,0,0,0,0,0,0,0,3.527,0,0,0,5.658,0,0,0,0,0,0,0
SYT2,0,0,0,0,0,0,-1.354,0,0,0,0,0,0,0,0,3.572,-1.569,0,3.867,-5.657,0
RILPL1,0,0,0,0,0,0,0,0,0,2.002,0,0,0,1.941,0,-3.301,2.958,0,-5.657,0,0
PSME4,0,0,0,0,0,0,0,0,0,0,0,0,0,0,0,0,0,0,0,5.657,0
PHKA2,0,0,0,0,0,0,0,0,0,2.396,0,0,1.955,3.82,0,0,-3.445,2.427,0,-5.657,0
ATG14,0,0,0,0,0,0,0,0,0,0,0,0,-1.527,0,0,0,0,0,0,5.654,-1.867
MYD88,0,0,0,0,0,0,0,0,0,1.752,0,0,1.305,5.652,0,0,0,0,0,0,0
GAS8,0,0,0,0,0,0,0,0,0,0,0,0,0,0,0,0,-1.427,0,0,-2.481,-5.651
SPRY2,1.444,0,0,0,0,0,0,0,0,0,0,0,0,0,0,2.581,2.532,0,5.651,0,0
HCG11,0,0,0,0,0,0,0,0,-1.555,0,0,0,0,0,0,0,0,0,0,-5.65,0
FBXO42,0,0,0,0,0,0,0,0,0,0,0,0,1.46,0,0,0,0,0,-2.279,-5.649,-1.934
SPOCK2,0,0,0,0,0,0,0,0,0,-2.619,0,0,0,-5.649,0,0,0,0,0,0,0
STAG2,0,0,0,0,0,-2.411,0,0,0,1.385,0,0,0,1.817,0,0,2.96,-2.184,0,5.648,-4.861
LIME1,0,0,0,0,0,0,0,0,0,0,0,0,0,0,0,0,0,0,0,-5.647,0
CEP63,0,0,0,0,0,-1.855,-1.451,0,0,2.641,0,0,0,5.646,0,0,0,0,0,0,0
ZC3H14,0,0,0,0,0,0,0,0,0,0,0,0,0,0,0,0,0,0,5.645,-1.49,0
EPRS1,0,-1.325,0,0,0,0,0,0,0,0,0,0,0,0,0,0,0,1.326,5.644,0,0
SIPA1,0,0,0,0,0,2.115,2.095,0,0,1.372,0,2.307,3.127,2.62,0,5.644,0,0,4.391,0,0
RARG,0,0,0,0,0,0,1.77,0,0,0,0,0,0,-1.408,0,0,0,0,0,-5.643,0
CIAO2A,0,0,0,0,0,0,0,0,0,0,0,0,0,0,0,0,0,5.641,0,0,1.874
NAP1L5,0,1.67,0,0,0,0,0,0,0,0,0,0,0,0,0,0,2.221,0,1.308,5.641,0
CCNL1,1.381,0,0,1.74,0,-2.61,-1.984,0,0,1.726,0,0,2.791,4.901,0,1.683,0,0,1.804,5.639,0
TRAPPC4,0,0,0,0,0,0,0,0,0,0,0,0,0,0,0,0,0,1.336,0,0,5.639
PCNX3,0,0,0,0,0,0,0,0,0,0,0,0,0,0,0,0,0,0,0,-5.639,0
GBA2,0,0,0,0,0,0,0,0,0,1.607,0,0,2.44,4.385,0,0,0,1.635,0,5.639,3.111
FOXO4,0,0,0,0,0,-5.638,-3.742,0,1.758,0,0,0,2.895,0,0,0,0,0,3.163,0,0
MBLAC2,0,0,0,0,0,0,0,0,0,0,0,0,0,0,0,0,0,0,0,-5.638,0
ENAM,0,0,0,0,0,0,0,0,0,0,0,0,0,0,0,0,-5.636,0,0,-3.353,0
RNF10,0,0,0,0,0,-5.634,-5.339,0,0,0,0,0,2.476,0,0,0,0,0,0,2.917,2.757
ZNF669,0,0,0,0,0,0,0,0,0,0,0,0,0,0,0,0,2.611,0,0,5.634,0
RCBTB1,0,0,0,0,0,0,0,0,0,0,0,0,0,0,0,0,2.186,0,0,0,5.633
ZNF81,0,0,0,0,0,0,0,0,0,1.494,0,0,0,0,0,0,0,1.519,0,-2.253,5.633
ATP6V1F,0,0,0,0,0,0,0,0,0,0,0,0,0,0,0,0,0,0,0,5.632,1.533
ENSEMBL:ENSG00000288832,0,0,0,0,0,0,0,0,0,0,0,0,0,0,0,0,1.895,0,0,5.632,5.357
LRRC14B,0,0,0,0,0,0,0,0,0,0,0,0,0,0,0,0,5.63,0,0,-3.539,-2.577
MEF2C,0,0,0,0,0,-2.682,-2.315,-1.604,0,0,0,-1.682,0,0,0,0,0,0,-3.179,5.629,2.855
PPP1R12B,0,0,0,0,0,0,0,0,1.337,3.486,0,0,2.355,4.29,0,1.702,0,0,5.627,0,1.655
ADAT1,0,0,0,0,0,0,-2.725,0,-1.633,0,0,0,-3.065,0,0,0,0,1.919,0,0,5.627
WDTC1,0,-1.754,0,0,0,0,0,0,1.878,2.139,0,1.337,5.625,3.566,0,-1.312,0,0,0,2.082,0
CHSY1,0,0,0,0,0,0,0,0,0,2.377,0,0,2.308,5.623,0,3.563,0,0,2.364,4.01,0
ACTN1,0,0,0,0,0,0,0,0,1.411,2.959,0,0,4.036,5.434,0,0,0,0,5.623,3.259,0
TIPARP,0,0,0,0,0,0,0,0,3.239,0,0,0,5.29,2.002,0,5.622,0,0,0,0,0
SERPINB6,0,0,0,0,0,5.295,5.619,0,0,0,0,0,0,-1.478,0,0,0,0,0,0,0
GPR160,0,0,0,0,0,0,0,0,0,3.71,0,0,0,5.619,0,0,0,0,0,0,0
ENSEMBL:ENSG00000267002,0,0,0,0,0,0,0,0,0,0,0,0,0,0,0,0,0,0,0,-5.619,0
KBTBD7,0,0,0,0,0,0,0,0,0,3.428,0,0,0,3.499,0,0,0,0,0,-5.618,0
CPPED1,0,0,0,0,0,0,0,0,0,3.765,0,0,3.147,5.618,0,0,0,0,0,0,0
SNCB,0,0,0,0,0,0,0,0,0,0,0,0,0,0,0,0,4.514,5.618,0,0,0
RASSF5,0,0,0,0,0,0,0,0,0,3.213,0,0,4.537,5.618,0,0,0,0,0,2.115,0
KCNAB2,0,0,0,0,0,4.332,5.618,0,0,0,0,1.452,0,0,0,0,1.514,0,0,1.428,0
SIRPB1,0,0,0,0,0,0,0,0,0,2.507,0,0,3.434,5.616,0,0,0,0,0,0,0
SULT1B1,0,0,0,0,0,-1.36,0,0,0,4.154,0,0,0,5.616,0,0,0,0,0,0,0
LINC02887,0,0,0,0,0,0,0,0,0,1.789,0,0,2.223,5.616,0,0,0,0,0,0,0
ENSEMBL:ENSG00000287627,0,0,0,0,0,0,0,0,0,0,0,0,0,0,0,0,5.615,2.163,0,0,0
HELZ,0,0,0,0,0,0,0,0,0,0,0,0,0,0,0,0,0,-1.82,-1.731,0,-5.615
ATAD3A,0,-1.646,0,0,0,0,0,0,0,0,0,0,0,-1.722,0,0,0,2.479,0,0,5.615
BCL10,0,0,0,0,0,0,0,0,0,0,0,0,0,3.027,0,5.543,1.645,0,2.009,5.614,0
SNAP23,0,0,0,0,0,0,0,0,1.769,3.672,0,0,3.53,5.613,0,0,0,0,0,0,-4.174
SLN,0,0,0,0,0,0,0,0,0,0,0,0,0,0,0,0,0,0,0,1.533,5.613
SIX5,0,0,0,0,0,0,0,0,0,0,0,0,0,0,0,0,0,-3.09,0,-3.308,-5.612
JAG2,0,0,0,0,0,1.756,0,0,0,0,0,0,0,0,0,0,0,0,0,-5.609,0
GPR179,0,0,0,0,0,0,0,0,0,0,0,0,0,0,0,0,5.606,0,0,3.694,0
SETD1A,0,0,0,0,0,0,0,0,0,0,0,0,-1.357,0,0,0,-2.124,-2.263,0,-5.605,-4.091
HBA2,0,0,0,0,0,-1.796,-5.602,0,0,0,0,0,0,0,0,0,0,0,0,0,0
PRAG1,0,0,0,0,0,0,0,0,-1.697,0,0,-1.973,-4.661,-2.255,0,-2.138,0,0,-4.177,3.433,5.602
SNF8,0,0,0,0,0,1.628,0,0,0,0,0,0,0,0,0,0,0,2.2,0,0,5.6
MAP3K10,0,0,0,0,0,2.96,3.403,0,0,0,0,0,0,-2.188,0,0,0,0,0,0,5.6
IP6K2,0,0,0,0,0,0,0,0,0,0,0,0,0,1.911,0,0,-1.88,0,0,-5.6,0
CKMT2,0,0,0,0,0,0,0,0,0,0,0,0,0,0,0,0,1.575,5.599,-2.02,0,2.785
PANX2,0,0,0,0,0,0,0,0,0,3.172,0,0,2.108,5.594,0,0,0,0,0,0,0
ANO2,0,0,0,0,0,0,0,0,0,0,0,0,0,0,0,0,5.593,0,0,5.083,0
BIN2,0,0,0,0,0,0,0,0,0,2.82,0,1.805,4.592,5.592,0,0,0,0,0,0,0
LINC00702,0,0,0,0,0,0,0,0,0,0,0,0,0,0,0,0,0,0,0,4.082,5.59
MAPK3,0,0,0,0,0,0,0,0,0,2.574,0,0,2.985,5.589,0,0,0,0,0,0,0
CPSF7,0,0,0,0,0,0,0,0,0,2.354,0,0,3.137,5.589,0,3.63,0,0,3.875,-1.431,-1.528
UBTD1,0,0,0,0,0,0,0,0,0,3.204,0,0,1.594,5.589,0,0,0,-1.878,0,0,-5.342
ENSEMBL:ENSG00000269981,0,0,0,0,0,0,0,0,0,3.106,0,0,2.648,5.588,0,0,0,0,0,0,0
PNO1,0,0,0,0,0,0,0,0,0,0,0,0,0,0,0,0,0,0,0,5.587,3.009
CHI3L1,0,0,0,0,0,0,0,0,0,3.113,0,0,2.144,5.58,0,0,0,0,0,0,0
PLPBP,0,0,0,0,0,0,0,0,0,0,0,0,0,0,0,5.58,0,0,3.411,-2.201,3.766
CELF2,0,0,0,0,0,0,0,0,1.708,3.416,0,0,3.591,5.579,0,0,0,-1.476,0,0,0
NCOA4,0,0,0,0,0,-4.217,-3.077,0,0,2.574,0,0,1.722,2.549,0,0,0,4.012,0,2.741,5.577
MFSD10,0,0,0,0,0,5.576,3.816,0,0,0,0,2.259,0,0,0,0,0,0,0,0,0
RNASEH2B,0,0,0,0,0,0,0,0,-1.584,-3.171,0,0,-3.615,-5.574,0,0,0,0,0,0,1.391
EIF2B4,0,0,0,0,0,0,0,0,0,0,0,0,0,0,0,0,0,0,0,5.574,2.116
ZNF704,0,0,0,0,0,0,0,0,0,0,0,0,0,0,0,0,0,-3.078,0,0,-5.574
FBXO30,0,0,0,0,0,0,0,0,0,0,0,0,0,0,0,2.408,0,-1.665,1.587,0,-5.574
PVT1,0,0,0,0,0,0,0,0,0,0,0,0,0,0,0,0,0,0,0,5.572,0
PPP6R3,0,0,0,0,0,0,0,0,0,0,0,0,0,0,0,-1.758,-2.454,0,0,-5.572,-2.11
MAGEF1,0,0,0,0,0,0,0,0,0,0,0,0,0,0,0,0,0,0,0,-5.569,0
KLC2,0,1.707,0,0,0,0,0,0,0,-1.769,0,0,0,-1.74,0,-3.993,0,0,0,0,5.568
DISP1,0,0,0,0,0,0,0,0,0,0,0,0,0,0,0,0,-1.451,0,0,-5.567,1.393
STARD9,0,0,0,0,0,0,1.356,0,0,0,0,0,0,0,0,0,-5.566,0,0,-3.213,0
TMEM109,0,0,0,0,0,1.633,0,0,0,-1.403,0,0,0,-2.289,0,-2.728,-3.072,0,0,-5.566,0
IP6K3,0,0,0,0,0,0,0,0,0,0,0,0,0,0,0,0,5.564,0,0,0,0
GARS1-DT,0,0,0,0,0,0,0,0,0,0,0,0,0,0,0,0,-1.942,0,0,-5.564,0
LRRC45,0,0,0,0,0,2.361,1.304,0,0,0,0,0,0,-1.51,0,0,0,0,0,-5.561,0
LAMP1,0,0,0,0,0,0,0,0,0,2.784,0,0,2.588,5.56,0,0,0,0,0,1.441,0
DCAF15,0,0,0,0,0,0,0,0,0,0,0,0,0,1.597,0,0,0,0,0,-5.56,0
ERN1,0,0,0,0,0,0,0,0,0,2.158,0,0,1.674,2.774,0,0,-2.82,0,0,-5.559,0
ZNF415,0,0,0,0,0,0,0,0,0,0,0,0,0,0,0,0,0,0,0,-5.559,0
ISG15,0,0,0,0,0,0,0,0,0,0,0,0,0,0,0,0,-1.664,0,0,-5.557,0
ZNF668,0,0,0,0,0,0,0,0,0,0,0,0,0,0,0,0,0,0,0,-5.557,0
MAZ,0,0,0,0,0,4.349,5.553,2.27,0,0,0,2.389,0,0,0,0,2.099,0,0,0,0
GNS,0,0,0,0,0,0,0,0,0,2.966,0,0,1.667,5.551,0,0,0,0,0,0,0
ITPRIPL1,0,0,0,0,0,4.482,5.551,1.387,0,0,0,1.488,0,0,0,-2.117,0,0,-2.104,0,0
DMXL2,0,0,0,0,0,-5.55,-2.247,0,0,0,0,0,0,0,0,0,0,0,0,-1.986,0
FKBP4,0,0,0,0,0,0,2.183,2.317,3.264,0,0,1.333,0,-2.518,0,0,0,0,0,0,5.55
FAM20B,0,0,0,0,0,0,0,0,0,0,0,0,0,0,0,0,0,0,0,3.64,5.549
CNTNAP1,0,0,0,0,0,0,0,0,0,0,0,0,0,0,0,0,0,0,0,-5.549,0
NFATC2,0,0,0,0,0,3.855,5.549,0,0,0,0,0,0,0,0,0,-5.122,0,-2.383,0,0
IL12RB1,0,0,0,0,0,4.698,5.549,0,0,0,0,1.419,0,-1.422,0,0,0,0,0,0,0
RTN4IP1,0,0,0,0,0,0,0,0,0,0,0,0,0,0,0,0,0,5.547,0,0,0
MAPK13,0,0,0,0,0,0,0,0,1.377,3.164,0,0,2.809,5.546,0,0,0,0,0,0,0
LINC01270,0,0,0,0,0,0,0,0,0,2.317,0,0,1.614,5.546,0,0,0,0,0,0,0
CECR2,0,0,0,0,0,0,0,0,0,0,0,0,0,0,0,0,0,0,-1.839,-5.546,-2.256
RSRP1,0,0,0,0,0,0,1.843,3.551,4.191,2.02,0,3.061,5.546,3.391,0,0,0,0,0,0,-2.004
ARHGAP25,0,0,0,0,0,0,0,0,0,2.78,0,0,2.907,5.542,0,0,0,0,0,0,0
CAB39,0,0,0,0,0,0,0,0,1.973,3.099,0,0,3.587,5.542,0,0,0,0,0,0,2.665
PXK,0,0,0,0,0,0,0,0,1.73,3.793,0,0,3.619,5.542,0,0,0,0,0,0,0
MEGF9,0,0,0,0,0,0,0,0,1.878,4.298,0,0,3.211,5.542,0,0,0,0,0,0,-2.49
PSME3,0,0,0,0,0,0,0,0,0,1.65,0,0,2.752,2.084,0,0,0,1.49,0,0,5.542
LRRK2,0,0,0,0,0,-1.425,0,0,1.399,2.357,0,0,2.043,2.238,0,0,0,0,0,-4.624,-5.542
PRKCE,0,0,0,0,0,0,0,0,0,0,0,0,0,0,0,0,0,0,0,0,5.542
ZNF746,0,0,0,0,0,0,0,0,0,3.383,0,0,0,5.541,0,0,0,0,0,2.713,0
ZIC1,0,0,0,0,0,0,0,0,0,0,0,0,0,0,0,0,-1.779,0,0,-5.539,0
GGCT,0,0,0,0,0,0,0,0,0,0,0,0,0,0,0,0,2.457,5.538,0,0,0
LINC02541,0,0,0,0,0,0,0,0,0,0,0,0,0,0,0,0,1.453,1.697,0,5.537,0
AP5B1,0,0,0,0,0,0,0,0,0,3.135,0,0,0,5.536,0,0,0,0,0,0,0
BIN3,0,0,0,0,0,0,0,0,0,3.158,0,0,1.335,5.536,0,0,0,0,0,0,2.77
NUFIP1,0,0,0,0,0,0,0,0,0,0,0,0,0,0,0,0,5.536,0,-1.351,5.294,0
DOP1B,0,0,0,0,0,0,0,0,0,1.577,0,0,0,1.734,0,0,0,5.535,4.004,-2.802,0
CELSR2,0,0,0,0,0,0,0,0,0,0,0,0,0,0,0,0,0,0,0,0,-5.534
OBSL1,0,0,0,0,0,0,0,0,0,0,0,0,0,0,0,0,-1.499,0,0,-5.534,0
ACSS1,0,0,0,0,0,3.256,2.034,0,0,-1.612,0,0,0,-2.715,0,0,5.531,0,0,1.938,0
GH1,0,0,0,0,0,0,2.549,1.348,0,-2.631,0,5.53,3.342,0,0,0,0,0,0,0,0
CARS1,0,0,0,0,0,0,0,0,0,2.926,0,0,0,5.528,0,0,2.512,0,0,0,0
CLCF1,0,0,0,0,0,0,0,0,0,0,0,3.586,1.302,0,0,0,1.803,0,0,5.527,0
ACSF2,0,0,0,0,0,0,0,0,0,0,0,0,0,0,0,0,0,0,0,-4.667,-5.527
SCIRT,0,0,0,0,0,0,0,0,0,0,0,0,0,0,0,0,5.526,2.145,0,0,3.603
ATP6V1E1,0,0,0,0,0,0,0,0,0,0,0,1.79,1.874,1.854,0,0,0,5.525,0,0,3.796
PKD1P4,0,0,0,0,0,0,0,0,0,0,0,0,0,-1.49,0,0,0,-1.514,0,-4.931,-5.524
VMAC,0,0,0,0,0,0,0,0,0,0,0,0,0,0,0,0,-1.887,0,0,-5.524,0
CAMTA2,0,0,0,0,0,0,0,0,0,2.6,0,1.317,3.707,5.522,0,0,0,0,0,0,0
SEC24B,0,0,0,0,0,-1.639,-1.504,0,0,1.472,0,0,0,2.855,0,0,0,-1.487,0,0,-5.522
CHKB,0,0,0,0,0,0,0,0,0,0,0,0,0,0,0,-5.521,0,2.819,-1.753,-5.237,0
CCT3,0,0,0,0,0,0,0,0,0,-1.884,0,0,0,-1.677,0,0,0,0,0,3.086,5.52
UBE2A,0,1.36,0,0,0,0,0,0,0,0,0,0,3.233,0,0,0,0,0,0,1.954,5.52
IFT140,0,0,0,0,0,0,0,0,0,0,0,0,0,0,0,0,-1.751,0,0,-5.514,0
TOPORS,0,0,0,0,0,-1.909,0,0,2.139,5.196,0,0,1.831,5.513,0,0,0,0,0,2.073,0
NACC2,0,0,0,0,0,0,0,0,0,3.593,0,0,1.459,5.513,0,0,0,0,0,0,0
PTPN4,0,0,0,0,0,1.565,5.513,0,0,0,0,1.323,0,0,0,0,0,0,0,0,0
ARCN1,0,0,0,0,0,0,0,0,0,0,0,0,3.2,2.164,0,0,2.124,0,0,5.513,0
PLEKHB2,0,0,0,0,0,0,0,0,0,0,0,0,2.114,2.473,0,0,5.512,0,0,3.281,0
OGA,0,0,0,0,0,0,0,0,0,2.292,0,0,0,5.512,0,0,0,0,0,0,0
CNTNAP3,0,0,0,0,0,0,0,0,0,4.096,0,0,0,5.512,0,0,0,0,0,0,0
LILRB2,0,0,0,0,0,0,0,0,0,2.222,0,0,1.757,5.511,0,0,0,0,0,0,0
PPP2R1B,0,0,0,0,0,0,0,0,0,0,0,0,0,0,0,0,0,0,0,5.51,0
NCF2,0,0,0,0,0,3.438,3.687,2.158,0,3.186,0,0,2.625,5.509,0,0,0,0,0,0,0
EDC4,0,-1.401,0,0,0,0,0,0,0,0,0,0,0,0,0,-1.722,0,0,-5.508,1.505,0
ENSEMBL:ENSG00000236833,0,0,0,0,0,0,0,0,0,0,0,0,0,0,0,0,0,0,0,-5.507,0
FAM131A,0,0,0,0,0,0,0,0,0,1.913,0,1.526,1.501,2.293,0,3.422,5.507,0,5.25,5.277,0
ZNF101,0,0,0,0,0,-3.066,-4.474,-4.364,0,0,0,-5.506,-2.064,0,0,0,0,0,0,0,0
GNPTAB,0,0,0,0,0,3.068,5.503,0,0,0,0,0,0,0,0,0,0,0,0,0,0
AHCTF1,0,0,0,0,0,0,0,0,1.638,4.191,0,0,2.555,5.502,0,0,0,0,0,0,0
ITGAX,0,-1.355,0,0,0,0,0,0,0,2.684,0,0,2.705,5.502,0,0,0,0,0,0,0
SKP2,0,0,0,0,0,0,0,0,0,0,0,0,0,0,0,0,0,0,0,-5.5,0
TTF1,0,0,0,0,0,0,0,0,0,0,0,0,0,0,0,-1.444,0,0,-1.636,-5.496,0
FAM120AOS,0,0,0,0,0,0,0,0,0,0,0,0,0,3.363,0,0,0,0,0,0,5.496
BBX,0,0,0,0,0,0,0,0,0,0,0,0,0,0,0,2.026,0,0,5.495,0,0
HSPA13,0,0,0,0,0,0,0,0,0,0,0,0,0,0,0,0,0,0,0,5.495,1.461
TPP1,0,0,0,0,0,0,0,0,0,0,0,0,1.883,0,0,0,5.494,1.706,0,0,0
STK38,0,0,0,0,0,0,3.988,0,0,0,0,5.492,5.031,2.99,0,0,0,0,0,0,1.772
IFNLR1,0,0,0,0,0,0,0,0,0,0,0,0,0,0,0,0,-2.996,0,0,-5.488,0
ERBB4,0,0,0,0,0,0,0,0,0,0,0,0,0,0,0,0,0,-4.704,0,0,-5.487
CD59,0,0,0,0,0,0,0,0,0,0,0,0,0,1.823,0,0,1.962,0,0,5.485,1.694
PPP2R5D,0,1.359,0,0,0,0,0,0,0,0,0,0,0,1.841,0,-5.484,0,1.349,-2.642,-2.449,0
CIR1,0,0,0,0,0,0,0,0,0,0,0,0,1.414,1.766,0,0,0,0,0,-5.483,-1.685
POMT1,0,0,0,0,0,0,0,0,0,0,0,0,0,0,0,0,0,0,0,-5.482,-1.9
DBNL,0,0,0,0,0,0,0,0,0,3.037,0,0,0,5.482,0,2.357,0,0,0,0,3.305
FAM157A,0,0,0,0,0,0,0,0,0,3.049,0,0,1.514,5.482,0,0,0,0,0,0,0
WLS,0,0,0,0,0,0,0,0,0,3.305,0,0,2.748,5.481,0,0,0,0,0,0,0
TMEM203,0,0,0,0,0,0,0,0,0,0,0,0,0,-1.438,0,0,0,5.479,0,0,1.447
HIPK2,0,0,0,0,0,0,0,0,0,0,0,0,0,0,0,0,0,0,0,1.741,5.472
EPN1,0,0,0,0,0,0,0,0,0,0,0,0,0,0,0,-4.22,0,0,-5.471,-1.621,0
PISD,0,0,0,0,0,0,0,0,0,3.252,0,0,2.655,5.471,0,0,0,0,0,0,0
KMT2B,0,0,0,0,0,0,0,0,0,2.976,0,0,0,5.47,0,0,0,0,0,0,-1.71
MTMR10,0,0,0,0,0,0,0,0,0,2.67,0,0,0,3.782,0,0,0,0,0,0,-5.468
AKR1B15,0,0,0,0,0,0,0,0,0,0,0,0,0,0,0,0,0,0,0,2.132,5.467
PLEKHM1,0,0,0,0,0,0,0,0,0,3.102,0,0,3,5.466,0,0,0,0,0,3.514,0
VSIG10,0,0,0,0,0,0,0,0,0,0,0,0,0,0,0,0,0,0,0,-5.464,-4.857
POFUT1,0,0,0,0,0,0,0,0,-1.795,0,0,0,-1.859,0,0,0,0,1.53,0,-5.46,3.761
CD300A,0,0,0,0,0,5.455,4.896,2.514,0,1.598,0,1.866,0,2.774,0,0,0,0,0,0,0
ATR,0,0,0,0,0,0,0,0,0,0,0,0,0,0,0,0,0,0,0,-3.533,5.453
TIMM8A,0,0,0,0,0,0,0,0,0,0,0,0,0,0,0,0,1.757,0,0,5.452,2.644
HAT1,0,0,0,0,0,0,0,0,0,0,0,0,0,0,0,0,0,1.734,0,0,5.452
ENSEMBL:ENSG00000274460,0,0,0,0,0,0,0,0,0,0,0,0,0,0,0,0,0,0,-5.451,0,0
AP5Z1,0,0,0,0,0,1.4,0,0,0,0,0,0,0,0,0,0,0,0,0,-5.45,0
RPUSD3,0,0,0,0,0,5.446,2.664,0,0,0,0,0,0,0,0,0,0,0,0,-1.447,0
GOLGA5,0,0,0,0,0,0,0,0,0,0,0,0,0,0,0,0,0,0,0,-5.446,0
CAPN10-DT,0,0,0,0,0,0,0,0,0,0,0,0,0,0,0,0,0,0,-5.446,1.331,0
CHMP7,0,0,0,0,0,-2.46,-2.189,-2.938,0,-2.343,0,-5.444,-2.557,-4.093,0,0,0,0,0,0,0
LAMC1,0,0,0,0,0,0,0,0,0,0,0,0,0,0,0,0,0,0,0,5.443,0
FYN,0,-1.401,0,0,0,3.604,5.442,0,0,0,0,0,0,0,0,0,0,0,0,0,0
CUL3,0,0,0,0,0,0,0,0,0,3.082,0,0,2.455,5.122,0,0,0,0,-2.507,-5.442,0
ATP1B2,0,0,0,0,0,0,0,0,0,0,0,0,0,0,0,0,-4.795,0,0,-5.441,0
FIGNL1,0,0,0,0,0,0,0,0,0,0,0,0,0,0,0,0,0,0,0,-5.441,0
PELI2,0,0,0,0,0,0,0,0,0,4.486,0,0,0,5.439,0,0,0,0,0,0,0
CCDC92,0,1.543,0,0,0,1.857,2.954,0,0,0,0,0,0,0,0,-5.439,0,0,-4.688,0,0
ASB7,0,0,0,0,0,0,0,0,0,0,0,0,0,0,0,0,0,0,0,-5.439,0
HDAC4,0,0,0,0,0,0,0,0,0,3.391,0,0,0,5.434,0,0,0,0,-1.718,0,0
KRAS,0,0,0,0,0,-1.516,0,0,0,4.186,0,0,1.518,5.432,0,2.037,0,0,2.171,0,0
IFNGR2,0,0,0,0,0,0,0,0,0,3.446,0,0,2.332,5.432,0,0,0,0,0,0,0
SERINC2,0,0,0,0,0,0,0,0,0,0,0,0,0,0,0,0,0,5.432,0,0,2.104
FURIN,0,0,0,0,0,0,0,0,1.483,2.505,0,1.421,5.431,5.222,0,1.695,0,0,0,3.127,0
DOK2,0,0,0,0,0,4.665,5.43,0,0,0,0,0,0,0,0,0,0,0,0,0,0
ARHGAP19,0,0,0,0,0,0,0,0,0,2.697,0,0,3.019,5.429,0,0,-1.672,0,0,-4.1,0
TOR2A,0,0,0,0,0,5.429,4.303,0,0,0,0,0,0,0,0,0,0,0,0,0,0
ELMO1,0,0,0,0,0,0,0,0,0,2.494,0,0,2.598,5.429,0,0,-2.534,0,1.582,0,0
RAB31,0,0,0,0,0,0,0,0,0,3.222,0,0,2.102,5.428,0,0,0,0,0,1.433,0
FRMPD3,0,0,0,0,0,2.53,5.425,0,0,0,0,0,0,0,0,0,0,0,0,0,0
ARHGEF3,0,0,0,0,0,2.264,5.425,0,0,0,0,0,0,0,0,0,1.651,0,0,0,0
ENSEMBL:ENSG00000230479,0,0,0,0,0,0,0,0,0,0,0,0,0,0,0,2.07,0,0,0,5.421,3.629
CLCN4,0,0,0,0,0,0,0,0,0,1.924,0,0,0,1.849,0,0,5.42,0,0,1.992,0
ENSEMBL:ENSG00000277758,0,0,0,0,0,0,0,0,0,0,0,0,0,0,0,0,-5.418,0,0,-5.331,0
CHM,0,0,0,0,0,0,0,0,0,0,0,0,0,0,0,0,0,0,0,0,-5.418
VARS1,0,0,0,0,0,0,0,0,0,0,0,0,0,-1.842,0,0,0,0,0,2.247,5.418
ADAMTSL5,0,0,0,0,0,0,0,0,0,0,0,0,0,0,0,0,0,0,0,3.226,5.417
APC,0,0,0,0,0,-1.951,0,0,0,0,0,0,0,1.464,0,-4.198,0,0,-5.417,4.788,0
CROCCP3,0,0,0,0,0,0,0,0,0,0,0,0,0,0,0,0,0,0,0,-5.417,0
KDM2A,0,0,0,0,0,0,0,0,0,1.511,0,0,2.286,2.841,0,0,0,-3.328,-1.465,0,-5.416
NDUFAF2,0,0,0,0,0,0,0,0,0,0,0,0,0,0,0,0,0,0,0,0,5.415
PARN,0,0,0,0,0,0,0,0,0,0,0,0,0,0,0,0,-1.314,0,5.415,-2.423,0
CCDC154,0,0,0,0,0,0,0,0,0,0,0,0,0,0,0,0,5.415,0,0,0,0
NUP35,0,0,0,0,0,0,0,0,0,0,0,0,0,0,0,0,0,0,4.476,5.413,0
VPS16,0,0,0,0,0,5.354,5.413,0,0,0,0,0,0,0,0,0,0,0,0,0,0
TP53I11,0,-2.435,0,0,0,0,0,0,1.399,3.099,0,0,3.075,5.413,0,0,0,0,0,0,0
IMPA1,0,0,0,0,0,0,0,0,0,0,0,0,0,0,0,0,0,2.527,0,5.412,2.98
SLC2A9,0,0,0,0,0,0,0,0,0,0,0,0,0,0,0,0,0,0,0,0,5.412
LINC01127,0,0,0,0,0,0,0,0,0,3.332,0,0,1.944,5.411,0,0,0,0,0,0,0
BAD,0,0,0,0,0,0,0,0,0,0,0,0,0,0,0,5.41,0,0,3.094,0,0
QARS1,0,0,0,0,0,0,0,0,0,-1.936,0,0,0,-1.688,0,0,0,5.41,0,0,2.343
NRDC,0,0,0,0,0,0,0,0,0,3.428,0,0,2.703,5.409,0,0,0,0,0,0,0
TDP2,0,0,0,0,0,0,0,0,0,3.571,0,0,0,5.409,0,0,0,0,0,-1.499,0
SLC35A2,0,0,0,0,0,0,0,0,0,4.298,0,0,0,5.409,0,0,0,0,0,-1.338,0
ZNF680,0,0,0,0,0,-1.534,0,0,0,0,0,0,0,0,0,0,0,0,0,-5.409,0
AGAP12P,0,0,0,0,0,0,0,0,0,0,0,0,0,0,0,0,0,0,0,-5.409,0
RPF1,0,0,0,0,0,0,0,0,0,0,0,0,-1.714,0,0,0,0,1.307,0,0,5.409
LINC01128,0,0,0,0,0,0,0,0,0,-1.975,0,0,-1.495,-2.205,0,0,5.408,0,0,1.399,3.073
ENSEMBL:ENSG00000251615,0,0,0,0,0,0,0,0,0,0,0,0,0,0,0,0,0,0,0,-5.407,0
FHIP1A,0,0,0,0,0,0,0,0,0,0,0,0,0,0,0,0,0,-2.774,0,5.093,-5.407
ENSEMBL:ENSG00000226833,0,0,0,0,0,0,0,0,0,0,0,0,0,0,0,0,0,0,0,0,5.407
TICAM2,0,0,0,0,0,0,0,0,0,0,0,0,0,0,0,0,0,0,0,-5.406,0
SLC16A1,0,0,0,0,0,0,0,0,0,0,0,0,0,0,0,0,2.112,4.625,0,5.406,5.006
MAPK8IP1P2,0,0,0,0,0,0,0,0,0,0,0,0,0,0,-5.406,0,0,0,0,0,0
CHPT1,0,0,0,0,0,0,0,0,1.752,0,0,0,1.712,0,0,0,0,5.404,0,0,1.811
KLHL3,0,0,0,0,0,0,0,0,0,0,0,0,0,0,0,0,-5.404,0,0,0,1.608
ANKRD33B,0,0,0,0,0,0,0,0,1.709,0,0,0,2.206,0,0,0,4.186,0,0,5.402,0
HSD17B4,0,0,0,0,0,0,0,0,0,0,0,0,0,0,0,0,0,5.402,0,0,0
LIFR,0,0,0,0,0,0,0,0,0,0,0,0,0,0,0,0,1.353,0,2.499,5.402,0
DCTN2,0,0,0,0,0,0,0,0,0,0,0,0,0,0,0,0,0,2.357,-2,1.604,5.401
EXOSC10,0,0,0,0,0,0,0,0,0,0,0,0,0,0,0,-2.156,-4.236,0,0,-5.4,-1.473
ATF2,0,0,0,0,0,0,0,0,0,0,0,0,0,0,0,2.068,-2.293,-3.371,3.14,-2.719,-5.4
HAGH,0,0,0,0,0,-3.293,-5.399,0,0,0,0,0,0,0,0,0,0,0,0,0,0
NDUFA8,0,0,0,0,0,0,0,0,0,0,0,0,0,-2.183,0,0,0,5.399,0,0,2.595
ORAI1,0,0,0,0,0,2.411,0,1.822,0,0,0,5.399,3.105,0,0,0,0,0,0,1.309,2.24
YPEL1,0,0,0,0,0,2.477,5.397,0,0,0,0,0,0,0,0,0,0,0,0,0,-2.101
ZNF736,0,0,0,0,0,-2.633,0,-1.369,-1.322,0,0,-1.328,-3.15,0,0,0,0,0,0,-5.396,0
IFIT1,0,0,0,0,0,0,0,0,0,0,0,0,0,0,0,0,0,0,0,-5.396,-4.168
VPS26C,0,0,0,0,0,0,0,0,0,1.811,0,0,0,2.288,0,0,0,0,0,5.066,5.395
SREK1IP1,0,-1.359,0,0,0,0,0,0,0,0,0,0,-1.391,0,0,0,0,0,0,-5.393,-2.239
HSPBP1,0,0,0,0,0,0,0,0,0,0,0,0,0,0,0,0,0,5.393,0,2.228,2.543
SIRPA,0,0,0,0,0,0,0,0,0,2.511,0,0,2.438,5.391,0,0,0,-2.534,0,0,-4.723
MYO1F,0,0,0,0,0,0,0,0,0,2.731,0,0,2.381,5.391,0,0,0,0,0,0,0
HSF4,0,0,0,0,0,0,0,0,0,0,0,0,0,0,0,0,4.163,0,0,-2.275,-5.391
LRP2BP,0,0,0,0,0,0,0,0,0,0,0,0,0,0,0,0,0,0,0,0,5.391
CD19,0,0,0,0,0,0,-2.395,-2.277,0,-1.967,0,-5.391,-3.6,-2.867,0,0,0,0,0,0,0
ENSEMBL:ENSG00000251257,0,0,0,0,0,0,0,0,0,0,0,0,0,0,0,0,2.347,0,0,5.39,2.711
TPR,0,0,0,0,0,-3.114,-2.747,0,0,1.878,0,0,0,5.39,0,0,0,0,0,0,-2.808
BST1,0,0,0,0,0,0,0,0,1.819,2.442,0,0,2.784,5.39,0,0,0,0,0,0,0
ABCA11P,0,0,0,0,0,0,0,0,0,0,0,0,0,0,0,-4.333,-2.356,0,0,-5.39,0
ENG,0,0,0,0,0,0,0,0,0,0,0,0,0,0,0,0,5.388,0,0,1.67,0
TFIP11,0,-2.169,0,0,-1.437,0,0,0,0,0,0,0,0,0,0,0,4.185,0,0,0,-5.386
BUD13P1,0,0,0,0,0,0,0,0,0,0,0,0,0,0,0,0,0,0,0,1.302,5.386
PDE8A,0,0,0,0,0,0,0,0,0,0,0,0,0,0,0,0,0,0,0,0,5.386
PTPN18,0,0,0,0,0,4.33,5.384,1.353,0,0,0,1.605,0,0,0,0,0,0,0,0,0
CNP,0,0,0,0,0,0,0,0,0,0,0,0,0,-2.037,0,0,-2.541,0,0,-5.384,0
CYBRD1,0,0,0,0,0,0,0,0,0,2.516,0,0,3.374,5.381,0,0,0,0,0,0,0
ABHD4,0,0,0,0,0,0,0,0,2.743,2.167,0,1.917,5.38,4.815,0,0,1.618,-1.367,0,4.118,-3.435
MPZL2,0,0,0,0,0,0,0,0,0,0,0,0,0,0,0,5.378,1.704,0,3.99,3.178,0
HSH2D,0,0,0,0,0,0,0,0,0,2.305,0,2.986,4.245,5.377,0,0,0,0,0,0,0
AARSD1,0,0,0,0,0,0,0,0,0,0,0,0,-1.779,0,0,0,0,0,5.375,0,0
MIPEP,0,0,0,0,0,0,0,0,0,0,0,0,0,0,0,0,0,5.375,0,0,1.375
MACROH2A1,0,-1.593,0,0,0,0,0,0,0,2.685,0,0,1.452,5.375,0,0,0,0,0,2.046,0
PPP4R1L,0,0,0,0,0,0,0,1.321,2.021,4.69,0,1.593,2.495,5.375,0,0,-2.141,0,0,-3.701,0
ADGRL4,0,0,0,0,0,0,0,0,0,0,0,0,0,0,0,0,5.374,0,0,5.239,0
SLC9A3R1,0,1.5,0,0,0,5.372,4.11,0,0,0,0,2.031,0,1.982,0,0,0,0,0,0,0
NOD1,0,0,0,0,0,0,0,0,0,-1.663,0,0,0,0,0,0,5.367,0,0,1.515,0
BNC2,0,0,0,0,0,3.667,5.364,0,0,0,0,0,0,0,0,0,0,0,0,0,0
JAKMIP2,0,0,0,0,0,4.426,5.364,2.172,0,0,0,2.402,0,0,0,0,0,0,0,0,0
PARP10,0,0,0,0,0,2.534,2.06,0,0,0,0,0,0,0,0,4.681,-1.659,0,5.36,-5.28,-4.314
ENSEMBL:ENSG00000235070,0,0,0,0,0,0,0,0,0,0,0,0,0,0,0,0,0,0,0,0,-5.355
ARMCX4,0,0,0,0,0,0,0,0,0,0,0,0,0,0,0,0,0,0,0,5.353,2.09
HES4,0,0,0,0,0,0,0,0,0,0,0,0,0,-1.555,0,4,4.277,0,3.822,5.351,1.359
HOMEZ,0,0,0,0,0,0,0,0,0,0,0,0,0,0,0,0,0,0,0,-5.349,0
FUS,0,0,0,0,0,0,-3.059,-5.349,-4.154,0,0,-3.131,-2.413,0,0,0,0,0,0,0,0
MYF6,0,0,0,0,0,0,0,0,0,0,0,0,0,0,0,0,0,0,5.348,2.235,0
CRYBG3,0,0,0,0,0,-1.886,0,0,0,0,0,0,0,0,0,-3.348,0,0,-5.348,4.828,0
SERBP1,0,0,0,0,0,0,0,0,0,0,0,0,0,-1.358,0,2.735,0,0,5.348,2.765,0
GRK6,0,0,0,0,0,0,0,0,0,2.969,0,0,3.065,5.346,0,0,0,0,0,0,0
TRIM27,0,0,0,0,0,0,0,0,1.471,2.049,0,0,2.857,5.346,0,0,0,0,0,1.596,0
RGS12,0,0,0,0,0,0,0,0,0,0,0,0,0,0,0,-1.877,3.187,0,-1.652,0,-5.342
UBR1,0,0,0,0,0,0,0,0,0,0,0,0,0,0,0,0,0,0,0,0,5.342
SLC9A3R2,0,0,0,0,0,0,1.525,0,0,0,0,0,0,0,0,-2.49,3.109,2.317,-5.342,2.41,2.619
AATK,0,0,0,0,0,0,0,0,0,3.573,0,0,0,5.342,0,0,0,0,0,0,0
ENSEMBL:ENSG00000282416,0,0,0,0,0,0,0,0,0,2.943,0,0,1.489,5.337,0,0,0,0,0,0,0
GPR108,0,0,0,0,0,2.649,1.625,1.742,1.344,2.921,0,2.229,3.077,5.334,0,0,0,0,0,-3.255,0
NPL,0,0,0,0,0,0,0,0,1.78,3.492,0,0,3.313,5.334,0,0,0,0,0,0,0
USP40,0,0,0,0,0,0,0,0,0,0,0,0,0,0,0,0,0,0,0,-5.331,0
SUGP1,0,0,0,0,0,0,0,0,0,0,0,0,0,0,0,0,0,4.431,0,-1.649,5.328
TRIM10,0,0,0,0,0,-5.328,-2.789,0,0,0,0,0,0,0,0,0,0,0,0,0,0
SLC6A1,0,0,0,0,0,0,0,0,0,0,0,0,0,0,0,0,-4.959,0,0,-5.328,0
MRPL42,0,0,0,0,0,0,0,0,0,0,0,0,0,-1.423,0,0,-1.764,0,-1.708,-5.327,0
SRP14-DT,0,0,0,0,0,0,0,0,0,0,0,0,0,0,0,0,0,0,0,-5.326,0
GFOD2,0,0,0,0,0,0,0,0,3.107,1.657,0,0,2.926,2.359,0,0,0,0,0,5.326,0
GALNT15,0,0,0,0,0,0,0,0,0,0,0,0,0,0,0,0,-5.325,0,0,-1.739,0
NEURL1B,0,0,0,0,0,0,0,0,0,0,0,0,0,0,0,0,-5.322,0,0,-2.367,0
RBPJ,0,0,0,0,0,0,0,0,0,1.813,0,0,0,3.63,0,0,0,-2.484,0,0,-5.321
MMP15,0,0,0,0,0,0,0,0,0,0,0,0,0,0,0,0,-1.49,0,0,-5.319,0
KMT5A,0,0,0,0,0,1.574,2.33,0,2.301,1.478,0,1.485,2.931,3.425,0,0,2.49,0,0,0,-5.316
MRPS36,0,0,0,0,0,0,0,0,0,0,0,0,0,0,0,-2.441,0,5.316,-1.628,0,2.347
TMEM9B,0,-1.369,0,0,0,0,0,0,0,0,0,0,0,0,0,0,0,5.316,0,0,4.308
PSME3IP1,0,0,0,0,0,0,0,0,0,0,0,0,0,1.894,0,-1.36,-1.425,5.316,0,-3.176,4.999
NAGPA,0,0,0,0,0,0,0,0,0,-1.387,0,0,0,0,0,-1.417,0,0,0,-5.314,-1.964
BAIAP3,0,0,0,0,0,0,0,0,0,2.91,0,0,0,5.312,0,0,-2.571,0,0,-4.234,0
CEP250,0,0,0,0,0,2.185,3.436,0,0,0,0,0,0,-1.751,0,0,0,0,0,-5.311,-1.564
TPH1,0,0,0,0,0,0,0,0,0,0,0,0,0,0,0,0,0,0,0,-5.309,0
GDPD5,0,0,0,0,0,0,0,0,0,0,0,0,0,0,0,0,0,0,0,0,-5.309
ZNF561,0,0,0,0,0,0,0,0,0,0,0,0,0,0,0,0,0,0,-1.93,-5.307,0
GSTO1,0,0,0,0,0,0,0,0,0,0,0,0,0,0,0,0,0,3.406,0,3.073,5.307
EEA1,0,0,0,0,0,0,0,0,0,0,0,0,0,0,0,0,0,0,0,5.304,0
DHX58,0,0,0,0,0,0,0,-1.396,-1.631,0,0,0,0,0,0,0,-2.679,0,0,-5.303,0
MBNL1,0,0,0,0,0,-2.259,0,0,0,0,0,0,0,0,0,0,0,-1.584,0,0,-5.3
WAC-AS1,0,0,0,0,0,0,0,0,-1.313,0,0,0,0,0,0,0,0,0,0,-5.299,0
PPM1J,0,0,0,0,0,0,0,0,0,0,0,0,0,0,0,2.222,0,0,5.297,0,0
H2BC21,0,0,0,0,0,0,0,0,2.761,0,0,0,5.297,2.382,0,0,0,0,0,2.879,0
HNRNPK,0,0,0,0,0,0,0,0,0,1.695,0,0,5.297,4.355,0,1.422,0,0,3.912,5.23,-3.873
PLCXD2,0,0,0,0,0,0,2.814,0,0,0,0,0,0,0,0,0,0,0,0,0,5.297
RAB9B,0,0,0,0,0,0,0,0,0,0,0,0,0,0,0,0,0,0,0,0,5.297
HCCS,0,0,0,0,0,0,0,0,0,0,0,0,0,0,0,0,0,5.295,0,0,4.219
KAZN,0,0,0,0,0,0,0,0,0,3.912,0,0,0,5.294,0,0,0,0,0,0,0
SOAT1,0,0,0,0,0,0,0,0,0,1.846,0,0,0,1.367,0,0,2.414,0,0,5.292,0
PIP5K1A,0,0,0,0,0,0,0,0,0,0,0,0,0,0,0,0,0,0,0,5.292,0
C15orf62,0,0,0,0,0,0,0,0,0,0,0,0,0,0,0,0,-1.47,0,2.854,-5.288,0
GOLIM4,0,0,0,0,0,0,0,0,0,0,0,0,0,0,0,0,0,0,0,5.288,0
LINC00327,0,0,0,0,0,0,0,0,0,0,0,0,0,0,0,0,0,0,0,0,5.287
UCK2,0,0,0,0,0,0,0,0,0,-1.417,0,0,0,-2.722,0,0,0,0,0,5.287,0
SUOX,0,0,0,0,0,0,0,0,0,0,0,0,0,1.336,0,0,0,0,0,-5.286,0
TMEM63A,0,0,0,0,0,-2.433,-5.285,0,0,0,0,0,0,-2.002,0,0,-1.75,0,0,-4.151,0
DMPK,0,0,0,0,0,4.203,5.285,0,0,0,0,0,0,0,0,0,0,0,0,0,4.534
RGS3,0,0,0,0,0,5.283,5.015,0,0,0,0,1.821,0,0,0,0,0,0,-2.761,0,0
ZDHHC18,0,0,0,0,0,0,0,0,2.211,3.287,0,0,4.053,5.281,0,0,0,0,0,0,0
CAD,0,0,0,0,0,0,0,0,0,-1.543,0,0,0,0,0,0,0,0,0,-5.28,0
SH3BP5,0,0,0,0,0,0,0,0,0,1.551,0,0,0,4.268,0,0,0,0,0,5.279,0
SIPA1L1,0,0,0,0,0,0,0,0,0,3.552,0,0,2.378,5.279,0,0,0,0,0,0,0
PDIK1L,0,0,0,0,0,0,0,0,0,0,0,0,0,0,0,0,-4.599,0,0,-5.274,0
CASC3,0,0,0,0,0,0,0,0,2.644,3.629,0,0,5.274,5.053,0,-1.787,0,0,-1.639,-1.338,0
RHBDD2,0,0,0,0,0,0,0,0,0,0,0,0,0,1.794,0,0,0,1.815,0,0,5.273
ELAPOR1,0,0,0,0,0,0,0,0,0,2.61,0,0,3.136,5.271,0,0,0,0,0,0,0
RNF141,0,0,0,0,0,-1.759,-2.104,0,0,2.31,0,0,0,5.271,0,0,0,0,0,0,0
GRAMD1A,0,0,0,0,0,0,0,0,0,1.8,0,0,3.117,5.271,0,0,0,0,0,0,0
MYLK3,0,0,0,0,0,0,0,0,0,0,0,0,0,0,0,0,0,0,3.626,1.311,-5.266
ABCA1,0,0,0,0,0,-3.068,-2.372,0,0,0,0,0,0,0,0,0,0,0,0,-5.264,0
SESN3,0,0,0,0,0,-5.264,-4.796,0,0,0,0,0,0,0,0,0,0,0,0,0,-3.206
TBC1D3L,0,0,0,0,0,0,0,0,0,0,0,0,1.764,2.822,0,0,0,0,0,-5.264,-2.819
KLHL38,0,0,0,0,0,0,0,0,0,0,0,0,0,0,0,0,1.682,0,0,-3.373,-5.263
ORAI2,0,0,0,0,0,0,0,0,0,3.532,0,0,1.719,5.261,0,0,2.566,0,0,0,0
SLCO3A1,0,0,0,0,0,0,0,0,1.668,3.202,0,0,3.593,5.261,0,0,0,0,0,0,3.254
POLI,0,0,0,0,0,0,0,0,0,0,0,0,0,0,0,0,0,0,0,-5.258,0
FAM78A,0,0,0,0,0,1.486,5.257,0,0,-2.112,0,1.649,0,-2.912,0,0,0,0,0,-1.536,0
CNKSR2,0,0,0,0,0,0,0,0,0,0,0,0,0,-1.795,0,0,0,0,0,4.408,5.257
AQP4,0,0,0,0,0,0,0,0,0,0,0,0,0,0,0,1.779,0,0,2.161,-5.256,0
ADA,0,0,0,0,0,2.937,5.256,0,0,-2.045,0,0,0,-1.782,0,0,-1.367,0,0,-2.476,0
EIF4EP2,0,0,0,0,0,0,0,0,0,0,0,0,0,0,0,0,0,0,0,5.255,0
ARMCX2,0,0,0,0,0,0,0,0,0,0,0,0,0,0,0,0,0,0,1.724,0,5.254
AFF3,0,0,0,0,0,-3.604,-5.253,-1.693,0,0,0,-3.914,-2.932,-2.89,0,0,-1.776,0,0,-2.241,0
NCAPD2,0,0,0,0,0,0,0,0,0,0,0,0,0,0,0,0,0,0,0,-5.253,0
PTGS2,0,0,0,0,0,0,0,3.447,3.798,2.006,0,3.052,5.249,1.66,0,0,0,0,0,0,0
BOLA1,0,0,0,0,0,0,0,0,0,0,0,0,0,0,0,-2.307,0,0,-5.247,-2.66,0
CARD14,0,0,0,0,0,0,0,0,0,0,0,0,0,0,0,0,5.247,0,0,0,0
ENSEMBL:ENSG00000225313,0,0,0,0,0,0,0,0,1.785,0,0,0,2.377,1.617,0,0,0,0,5.246,3.891,0
PDP2,0,0,0,0,1.484,0,0,0,0,0,0,0,0,0,0,0,5.244,0,0,0,0
ARHGEF6,0,0,0,0,0,0,0,0,0,0,0,0,0,0,0,0,0,5.244,0,-2.359,5.233
CHD4,0,-1.382,0,0,0,0,0,0,0,0,0,0,5.242,0,0,0,0,0,0,0,0
PRSS57,0,0,0,0,0,5.241,3.483,0,0,0,0,0,0,0,0,0,0,0,0,0,0
KALRN,0,0,0,0,0,0,0,0,0,0,0,0,0,0,0,-2.985,0,0,-3.422,2.567,5.241
VPS25,0,0,0,0,0,0,0,0,0,0,0,0,0,0,0,0,0,2.212,0,0,5.241
ENSEMBL:ENSG00000288065,0,0,0,0,0,0,0,0,0,0,0,0,0,0,0,0,0,0,0,-5.241,0
KRBOX4,0,0,0,0,0,0,0,0,0,0,0,0,0,0,0,0,0,0,0,-5.24,0
KAT6A,0,0,0,0,0,-2.902,-1.418,0,0,1.595,0,0,0,2.183,0,3.472,1.376,0,2.768,5.239,0
SIK1,0,0,0,0,0,0,0,0,0,0,0,0,0,0,0,5.236,0,0,2.906,4.675,0
HAUS6,0,-1.306,0,0,-1.478,0,0,0,0,0,0,0,0,0,0,0,0,0,0,-5.235,0
PKIG,0,0,0,0,0,-1.546,-4.086,0,0,0,0,0,0,-1.802,0,0,0,0,0,5.235,0
GUSBP11,0,0,0,0,0,0,0,0,0,0,0,0,0,0,0,0,0,0,0,-5.235,0
ADAM10,0,0,0,0,0,0,0,0,0,1.611,0,0,0,1.97,0,0,5.234,0,0,0,0
ZDHHC8,0,0,0,0,0,1.861,0,0,0,0,0,0,0,0,0,0,0,0,0,-5.231,0
ANGPTL1,0,0,0,0,0,0,0,0,0,0,0,0,0,0,0,0,0,0,0,5.23,3.846
ENSEMBL:ENSG00000228748,0,0,0,0,0,0,0,0,0,0,0,0,0,0,0,0,0,0,0,5.229,0
ENSEMBL:ENSG00000269934,0,0,0,0,0,0,0,0,0,0,0,0,0,-1.429,0,-2.623,0,0,-4.981,5.229,2.014
PSEN1,0,-1.543,0,0,-1.926,0,0,0,0,3.158,0,0,1.593,5.148,0,0,0,0,0,-5.229,0
BRIX1,0,-1.327,0,0,0,0,0,0,0,0,0,0,-1.323,0,0,0,0,0,0,5.229,0
ENSEMBL:ENSG00000273729,0,0,0,0,0,0,0,0,0,0,0,0,0,0,0,0,0,0,0,-5.229,0
WDFY1,0,0,0,0,0,0,0,0,0,0,0,0,0,0,0,0,3.074,0,0,5.229,0
MACIR,0,0,0,0,0,0,0,0,0,0,0,0,0,0,0,0,0,-2.223,0,-4.71,-5.228
MTMR9LP,0,0,0,0,0,0,0,0,0,0,0,0,0,0,0,-2.174,-5.228,0,0,0,0
NKX3-1,0,0,0,0,0,0,0,0,0,0,0,0,0,2.937,0,0,0,0,0,5.225,0
FGD3,0,0,0,0,0,0,0,0,0,2.221,0,0,1.556,5.224,0,0,0,0,0,0,0
CENPC,0,0,0,0,0,0,0,0,0,0,0,0,0,0,0,1.468,0,0,5.222,0,-1.576
MYL12-AS1,0,0,0,0,0,0,0,0,0,0,0,0,0,0,0,0,0,0,5.222,0,5.065
SERPINA1,0,0,0,0,0,0,0,0,0,1.962,0,0,2.376,5.222,0,0,0,0,0,0,0
TASOR,0,0,0,0,0,0,0,0,0,0,0,0,0,0,0,0,0,0,0,-5.219,2.87
ACTR3,0,0,0,0,0,0,0,0,0,3.123,0,0,4.009,5.217,0,2.373,0,0,0,3.187,0
NUDT22,0,0,0,0,0,2.923,0,0,0,0,0,0,0,0,0,0,0,5.215,0,0,2.333
LRRC8C,0,0,0,0,0,0,0,0,-2.222,0,0,0,-1.413,-1.394,0,5.188,4.736,0,3.379,5.211,0
ZKSCAN4,0,0,0,0,0,0,0,0,0,0,0,0,0,0,0,-2.349,0,0,-4.169,-5.211,0
GAREM1,0,0,0,0,0,0,0,0,0,0,0,0,0,0,0,0,0,0,0,5.207,0
NAXE,0,0,0,0,0,0,0,0,0,0,0,0,-1.83,-2.485,0,0,0,4.396,0,0,5.205
FLNB-AS1,0,0,0,0,0,0,0,0,0,0,0,0,0,0,0,1.446,0,0,5.205,0,0
DAAM2-AS1,0,0,0,0,0,0,0,0,0,0,0,0,0,0,0,0,5.204,0,0,0,0
OCIAD1,0,0,0,0,0,0,0,0,0,0,0,0,0,0,0,0,0,5.204,0,0,2.227
NCOA3,0,1.401,0,0,0,-1.965,0,0,0,0,0,0,0,0,0,0,-2.067,0,0,-5.201,0
ALS2CL,0,0,0,0,0,0,0,0,0,0,0,0,0,-1.36,0,0,0,0,0,-5.201,0
ZNF721,0,0,0,0,0,0,0,0,0,0,0,0,-2.273,0,0,5.201,0,0,1.463,-4.351,0
SERINC3,0,0,0,0,0,0,0,0,0,2.982,0,0,2.528,5.2,0,0,0,0,0,0,-3.584
LDHB,0,0,0,0,0,0,-1.613,-1.47,0,-3.204,0,0,0,-5.2,0,0,0,0,0,0,0
RAB5B,0,0,0,0,0,0,0,0,0,2.108,0,0,2.824,5.2,0,0,0,0,0,0,0
HDAC9,0,0,0,0,0,0,0,0,0,0,0,0,0,0,0,0,0,0,0,5.198,0
C15orf40,0,0,0,0,0,0,-1.43,0,0,0,0,0,0,0,0,0,0,0,0,-5.198,0
POLR2A,0,0,0,0,0,0,0,0,0,0,0,0,1.54,3.585,0,0,0,0,0,5.198,-2.593
NLRC4,0,0,0,0,0,0,0,0,0,0,0,0,0,4.467,0,0,0,0,0,-5.197,0
EIF2AK2,0,0,0,0,0,-1.556,0,0,0,0,0,0,0,1.65,0,0,-1.705,0,0,-5.196,0
GTF2F1,0,0,0,0,0,0,0,0,0,0,0,0,0,0,0,-2.692,0,0,-5.196,-1.381,0
ZZEF1,0,0,0,0,0,0,0,0,0,1.322,0,0,0,1.761,0,0,-3.854,0,5.195,-4.578,0
FLOT2,0,0,0,0,0,0,0,0,0,2.466,0,0,2.42,5.195,0,0,0,0,0,0,0
WDR11,0,0,0,0,0,0,0,0,0,0,0,0,0,0,0,0,-1.979,0,0,-5.194,0
TBL2,0,0,0,0,0,0,0,0,0,0,0,0,0,0,0,0,0,0,0,5.192,0
CD2BP2,0,0,0,0,0,5.192,2.83,0,0,0,0,1.317,0,0,0,0,0,0,0,0,2.811
PCF11,0,0,0,0,0,-2.381,0,0,0,1.739,0,0,0,2.123,0,5.106,4.447,0,-1.874,-5.191,0
RPLP2,0,0,0,0,0,0,0,0,0,-2.294,0,0,0,-3.755,0,1.765,0,0,5.191,0,0
YBX1P1,0,0,0,0,0,-2.217,-5.191,0,0,0,0,0,0,0,0,0,0,0,0,0,0
ARL1,0,0,0,0,0,0,0,0,0,0,0,0,0,0,0,0,0,5.19,0,0,4.43
ZNF319,0,0,0,0,0,0,0,0,0,2.036,0,0,2.707,5.19,0,0,1.752,0,0,0,0
APOBEC3A,0,0,0,0,0,0,0,0,0,2.685,0,0,2.095,5.19,0,0,0,0,0,0,0
PITPNM1,0,0,0,0,0,0,0,0,1.818,0,0,0,5.188,1.439,0,0,0,2.001,0,2.075,3.898
CTNS,0,0,0,0,0,0,0,0,0,0,0,0,0,0,0,0,5.187,0,0,3.461,0
SLC49A4,0,0,0,0,0,0,0,0,0,2.646,0,0,0,5.186,0,0,0,0,0,0,-3.793
NEIL2,0,0,0,0,0,0,0,0,0,0,0,0,-1.963,0,0,0,0,0,0,0,5.184
FOXK1,0,0,0,0,0,0,0,0,0,0,0,0,0,-2.318,0,2.546,1.979,-5.183,1.482,0,-3.901
CISH,1.381,0,0,1.664,0,0,-1.33,0,0,-4.135,0,0,0,-5.183,0,0,0,0,0,0,-1.496
P2RY2,0,0,0,0,0,0,0,0,5.18,0,0,0,2.512,0,0,0,0,0,0,3.015,0
CDC42,0,0,0,0,0,0,0,0,0,2.56,0,0,2.869,5.18,0,0,0,0,0,1.413,0
TIMM17A,0,0,0,0,0,0,0,0,0,0,0,0,0,0,0,0,0,5.179,0,0,5.035
ABHD1,0,0,0,0,0,0,0,0,0,0,0,0,0,0,0,0,1.312,5.179,0,0,2.329
TMEM250,0,0,0,0,0,2.546,1.533,0,0,0,0,0,0,0,0,0,2.069,5.176,0,0,3.768
S100P,0,0,0,0,0,0,0,0,1.607,3.081,0,1.658,2.93,5.175,0,0,0,0,0,0,0
LINC00937,0,0,0,0,0,0,0,0,0,2.262,0,0,1.548,5.175,0,0,0,0,0,0,0
TMBIM6,0,0,0,0,0,0,0,0,0,2.36,0,0,4.859,5.175,0,0,0,0,0,0,0
HFE,0,0,0,0,0,0,0,0,0,0,0,0,0,0,0,0,-1.597,0,-1.606,-5.174,0
TCHP,0,0,0,0,0,0,0,0,0,0,0,0,0,0,0,0,5.174,0,0,0,3.653
SUPT20H,0,0,0,0,0,-1.423,0,0,0,2.115,0,0,1.759,5.173,0,0,0,0,0,-2.596,0
CYP4F3,0,0,0,0,0,0,0,0,1.499,3.552,0,0,2.095,5.172,0,0,0,0,0,0,0
PRICKLE1,0,0,0,0,0,0,0,0,0,0,0,0,0,0,0,0,0,3.175,0,0,5.171
SNHG12,0,0,0,0,0,0,0,0,0,0,0,0,0,0,0,0,0,0,0,5.17,0
CDADC1,0,0,0,0,0,0,0,0,0,0,0,0,0,0,0,0,0,0,0,-5.17,0
AGPAT1,0,0,0,0,0,0,0,0,1.97,0,0,1.79,5.169,1.339,0,0,0,0,0,0,0
ELF3-AS1,0,0,0,0,0,0,0,0,0,0,0,0,0,0,0,-4.486,0,0,-5.168,0,0
DCTN1,0,0,0,0,0,2.283,1.651,0,0,0,0,0,0,0,0,-1.466,0,0,0,5.167,0
ISOC2,0,0,0,0,0,0,0,0,0,0,0,0,0,0,0,0,0,3.514,0,0,5.166
SRF,4.234,0,0,0,0,0,0,0,0,1.577,0,0,0,5.166,0,1.728,0,0,-2.203,0,0
GNG5,0,0,0,0,0,0,0,0,0,1.5,0,0,2.795,3.772,0,0,0,0,0,3.645,5.166
ITPK1,0,0,0,0,0,0,0,0,0,3.534,0,0,1.902,5.165,0,0,0,0,0,0,0
GOLM1,0,-1.599,0,0,0,0,5.165,0,0,0,0,0,0,0,0,0,0,0,0,0,2.072
ADAMTS19,0,0,0,0,0,0,0,0,0,0,0,0,0,0,0,0,0,0,0,0,5.163
UBE2R2,0,0,0,0,0,0,0,0,0,3.488,0,0,2.469,5.163,0,0,0,0,0,0,-1.732
ENSEMBL:ENSG00000255946,0,0,0,0,0,0,0,0,0,0,0,0,0,0,0,4.229,0,0,5.162,0,0
STBD1,0,0,0,0,0,0,0,0,0,0,0,0,0,0,0,2.49,0,0,5.162,0,0
KBTBD2,0,0,0,0,0,0,0,0,0,2.555,0,0,0,5.16,0,0,0,0,0,-4.194,-4.772
THEMIS2,0,0,0,0,0,0,0,0,1.94,1.525,0,0,5.073,5.156,0,0,0,0,0,0,0
YWHAH,0,0,0,0,0,0,0,0,0,0,0,0,5.156,0,0,5.045,0,0,2.723,4.252,2.1
NLRX1,0,0,0,0,0,0,0,0,0,2.807,0,0,0,5.154,0,0,0,0,0,0,0
MYO1G,0,0,0,0,0,5.153,4.419,0,0,0,0,0,0,0,0,0,0,0,0,0,0
SUN1,0,0,0,0,0,-5.153,-1.841,-1.639,0,-2.115,0,-1.344,0,-1.893,0,0,0,0,1.313,0,-2.844
LINC01001,0,0,0,0,0,0,0,0,0,1.829,0,0,2.272,5.152,0,0,0,0,0,-2.71,0
TTC22,0,0,0,0,0,3.197,5.149,0,0,0,0,0,0,0,0,0,0,0,0,0,0
ZKSCAN2-DT,0,0,0,0,0,0,0,0,0,0,0,0,0,0,0,5.149,0,0,0,0,0
MB21D2,0,0,0,0,0,0,0,0,0,0,0,0,0,0,0,0,0,0,0,-5.148,0
SERINC5,0,0,0,0,0,-5.147,-4.924,0,0,0,0,-2.644,0,0,0,0,0,0,0,0,0
RBM23,0,0,0,0,0,0,0,0,0,2.306,0,0,2.443,5.146,0,0,0,0,0,0,0
TUBB,0,0,0,0,0,2.778,5.142,1.434,0,0,0,4.287,2.234,0,0,0,0,0,0,0,0
TGS1,0,0,0,0,0,0,0,0,0,0,0,0,-1.342,0,0,0,0,0,0,5.142,0
CDCA7L,0,0,0,0,0,-2.178,-2.191,-2.014,0,0,0,-2.32,0,0,0,0,0,0,0,-5.141,-3.304
ENSEMBL:ENSG00000272661,0,0,0,0,0,0,0,0,0,1.319,0,0,0,0,0,0,0,0,0,-5.141,0
WDR89,0,0,0,0,0,0,0,0,0,0,0,0,0,0,0,0,0,0,0,-5.141,0
OR10AB1P,0,0,0,0,0,0,0,0,0,0,0,0,0,0,0,0,0,0,0,-5.141,1.628
PKD1P3,0,0,0,0,0,0,0,0,0,0,0,0,0,0,0,0,0,-2.144,0,-2.303,-5.141
SHISA4,0,0,0,0,0,-3.382,-5.14,0,0,0,0,0,0,0,0,0,0,0,0,0,0
ARHGAP12,0,0,0,0,0,0,0,0,0,0,0,0,0,0,0,0,4.037,0,-5.14,-1.845,0
ENSEMBL:ENSG00000286215,0,0,0,0,0,0,0,0,0,0,0,0,0,0,0,0,0,0,0,5.139,0
HAS3,0,0,0,0,0,0,0,0,0,0,0,0,0,0,0,-5.138,-4.447,0,-3.219,-2.152,0
USP16,0,1.688,0,0,0,0,0,0,0,0,0,0,0,0,0,0,0,0,5.137,0,1.762
ENSEMBL:ENSG00000243302,0,0,0,0,0,0,0,0,0,0,0,0,0,0,0,-2.457,-1.308,-2.555,0,0,-5.136
CCDC68,0,0,0,0,0,0,0,0,0,0,0,0,0,0,0,0,4.592,0,0,5.134,0
RMDN3,0,0,0,0,0,5.04,5.134,0,0,0,0,0,0,0,0,0,0,0,0,0,0
ADIPOR2,0,0,0,0,0,2.726,2.948,0,0,0,0,1.79,3.021,1.532,0,0,0,0,0,-5.133,-3.712
L3MBTL2,0,0,0,0,0,1.4,0,0,0,0,0,0,-1.953,0,0,0,0,0,0,-5.133,0
DYSF,0,0,0,0,0,0,0,0,0,3.027,0,0,2.3,5.132,0,0,0,0,-1.603,0,0
CBARP,0,0,0,0,0,0,0,0,0,0,0,0,0,0,0,5.131,0,0,0,4.591,0
HELZ2,0,0,0,0,0,0,0,0,0,1.499,0,0,1.449,2.303,0,5.131,0,0,1.752,0,0
PLCG2,0,0,0,0,0,0,0,0,1.819,2.323,0,0,4.099,5.13,0,0,0,0,0,0,0
PFKFB4,0,0,0,0,0,0,0,0,0,2.755,0,0,2.845,5.13,0,0,0,0,0,-1.45,0
DPP9,0,0,0,0,0,0,1.642,0,0,0,0,0,0,0,0,0,0,0,0,1.456,5.128
FZR1,0,0,0,0,0,0,0,0,0,0,0,0,0,0,0,0,0,0,0,-5.127,-1.451
PER1,0,0,0,0,0,0,0,0,0,0,0,0,1.415,-1.843,0,5.126,0,0,4.607,-1.397,0
SULF2,0,0,0,0,0,0,0,0,0,3.672,0,0,2.026,5.123,0,0,0,0,0,0,0
CETN3,0,0,0,0,0,0,0,0,0,0,0,0,0,0,0,0,0,0,0,-5.123,0
ENPP5,0,0,0,0,0,3.842,5.123,0,0,0,0,1.323,0,0,0,0,0,1.439,0,0,0
AKIRIN1,0,0,0,0,0,0,0,0,1.694,3.21,0,0,3.945,5.121,0,0,0,0,0,3.922,1.58
TMEM131,0,0,0,0,0,-1.305,0,0,0,0,0,0,0,0,0,0,0,0,0,-5.118,0
NR2F2,0,0,0,0,0,0,0,0,0,0,0,0,0,0,0,0,-1.47,0,0,-5.118,0
ZNF226,0,0,0,0,0,-1.753,0,-3.856,-3.264,0,0,-3.302,-5.117,0,0,0,0,0,0,-1.399,0
FASTKD2,0,0,0,0,0,0,0,0,-2.414,0,0,-1.547,-3.821,0,0,0,0,0,0,5.116,0
CDC26,0,0,0,0,0,0,0,0,0,0,0,0,0,0,0,0,0,0,0,0,5.116
ZNF79,0,0,0,0,0,0,0,0,0,0,0,0,0,0,0,0,2.118,0,0,5.113,4.398
WDR46,0,0,0,0,0,2.241,1.676,0,0,0,0,0,0,-1.528,0,0,0,0,0,0,5.113
IAH1,0,0,0,0,0,0,0,0,0,0,0,0,0,0,0,0,0,0,0,5.112,2.726
INTS3,0,0,0,0,0,0,0,0,0,0,0,0,2.934,2.509,0,0,-1.952,0,0,-5.112,0
NFE2L1,0,0,0,0,0,0,0,0,0,0,0,0,0,1.989,0,0,0,-1.506,0,0,-5.111
AHSA1,0,0,0,0,0,0,3.335,2.767,3.23,0,0,1.767,1.722,0,0,0,0,0,0,0,5.111
THRB,0,0,0,0,0,0,0,0,0,0,0,0,0,0,0,0,0,-1.869,0,0,-5.109
EXOC2,0,0,0,0,0,0,0,0,0,0,0,0,0,0,0,0,0,0,0,0,5.108
ZNF334,0,0,0,0,0,0,0,0,0,0,0,0,0,0,0,0,0,0,0,-5.106,0
ZNF644,0,0,0,0,0,0,0,0,0,0,0,0,0,0,0,5.105,0,0,3.357,0,0
KATNAL2,0,0,0,0,0,0,0,0,0,0,0,0,0,0,0,0,0,0,0,-5.105,0
ENSEMBL:ENSG00000272688,0,0,0,0,0,0,0,0,0,0,0,0,0,0,0,0,0,0,0,5.105,4.946
ITGAE,0,0,0,0,0,0,0,0,0,0,0,0,0,0,0,0,0,0,0,0,5.105
COPG2,0,0,0,0,0,0,0,0,0,0,0,0,0,0,0,0,0,1.837,0,0,5.105
SAMD12,0,0,0,0,0,0,0,0,0,0,0,0,0,0,0,0,-4.826,0,0,-5.104,0
RNF13,0,0,0,0,0,0,0,0,0,3.44,0,0,1.914,5.102,0,0,0,0,0,0,0
LPAL2,0,0,0,0,0,1.886,5.102,0,0,0,0,1.769,0,0,0,0,0,0,0,0,0
MT-ND6,0,0,0,0,0,0,0,0,0,0,0,0,0,0,0,-3.715,-1.536,0,-5.101,0,0
ENSEMBL:ENSG00000287467,0,0,0,0,0,0,0,0,0,0,0,0,0,0,0,5.099,0,0,3.292,0,-1.353
UBB,0,0,0,0,0,-3.487,-5.098,0,0,0,0,0,0,-1.748,0,0,0,0,0,0,0
MDC1,0,-1.418,0,0,0,0,0,0,0,0,0,0,0,0,0,0,-1.392,0,0,-5.098,0
RNF19A,0,0,0,0,0,0,0,0,0,0,0,0,0,0,0,0,2.564,-2.119,2.201,3.431,-5.098
SYT7,0,0,0,0,0,0,0,0,0,0,0,0,0,0,0,0,0,0,0,2.043,5.097
PPP1R14B,0,0,0,0,0,0,0,0,0,0,0,0,0,0,0,0,0,0,0,0,5.097
KARS1,0,0,0,0,0,0,0,0,0,-3.598,0,0,-1.759,-5.096,0,0,0,0,0,0,0
CSF2RB,0,0,0,0,0,-2.555,-1.481,0,0,2.57,0,0,2.06,5.096,0,0,0,0,0,0,0
TRMT10B,0,0,0,0,0,0,0,0,0,-1.628,0,0,0,-1.911,0,0,0,0,0,-5.094,0
RGS9BP,0,0,0,0,0,0,0,0,0,0,0,0,0,0,0,0,0,0,0,0,-5.092
WASHC2A,0,0,0,0,0,0,0,0,0,0,0,0,0,0,0,3.265,4.061,0,4.26,5.092,0
ZNF34,0,0,0,0,0,0,0,0,0,0,0,0,-1.333,0,0,0,0,0,0,-5.092,0
CHAF1B,0,0,0,0,0,1.351,0,0,0,0,0,0,0,0,0,0,0,-1.567,0,0,-5.091
OSBP,0,0,0,0,0,0,0,0,0,0,0,0,0,0,0,0,0,-2.397,1.913,-4.528,-5.091
ZNF546,0,0,0,0,0,0,0,0,0,0,0,0,-1.357,0,0,0,0,0,0,-5.09,0
LINC00310,0,0,0,0,0,0,0,0,0,0,0,0,0,0,0,0,0,0,0,-2.975,-5.089
ZFP2,0,0,0,0,0,0,0,0,0,0,0,0,0,0,0,0,0,0,0,-5.089,0
COX18,0,0,0,0,0,0,0,0,0,0,0,0,0,0,0,0,0,0,0,-5.087,0
RNF6,0,0,0,0,0,0,0,0,0,0,0,0,0,1.331,0,0,0,0,0,2.214,5.085
SDHAP3,0,0,0,0,0,0,0,0,0,0,0,0,0,0,0,0,0,0,0,-5.083,0
TRAIP,0,0,0,0,0,0,0,0,0,0,0,0,0,0,0,0,0,0,0,-5.083,0
S1PR1,0,0,0,0,0,0,0,0,0,0,0,0,0,-1.509,0,0,0,0,5.081,0,0
ZNF276,0,0,0,0,0,5.078,3.816,0,0,0,0,0,0,0,0,0,0,0,0,0,-1.915
VPS4B,0,-2.478,0,0,0,0,0,0,0,2.846,0,0,0,5.076,0,0,-1.342,0,0,-2.599,0
PJVK,0,0,0,0,0,0,0,0,0,0,0,0,0,0,0,0,0,0,0,-5.075,-1.53
SUPT4H1,0,0,0,0,0,0,0,0,0,0,0,0,1.352,1.871,0,0,-2.002,0,0,-5.074,0
RAB35,0,0,0,0,0,0,0,0,0,1.524,0,0,1.444,3.752,0,0,1.727,0,0,5.074,0
FAM98A,0,0,0,0,0,0,0,0,0,0,0,0,0,0,0,0,0,0,0,4.718,5.07
ZBTB7A,0,0,0,0,0,1.481,5.069,0,0,0,0,1.476,1.663,0,0,0,0,-2.397,0,0,-1.32
DERL1,0,0,0,0,0,1.376,1.759,0,0,0,0,1.979,0,0,0,0,1.716,0,0,5.067,3.03
ENSEMBL:ENSG00000289138,0,0,0,0,0,0,0,0,0,0,0,0,0,0,0,0,0,0,0,5.065,0
FBXL19,0,0,0,0,0,0,0,0,0,0,0,0,0,-2.036,0,0,0,0,0,-5.064,0
CLIP4,0,0,0,0,0,0,0,0,0,0,0,0,0,0,0,0,3.864,0,-5.064,0,-1.997
PDLIM7,0,0,0,0,0,0,0,0,0,2.259,0,0,2.024,5.062,0,0,0,0,3.716,4.013,1.305
BCL7B,0,0,0,0,0,0,0,0,0,0,0,0,0,0,0,0,0,0,0,5.06,4.657
LINC01356,0,0,0,0,0,0,0,0,0,0,0,0,0,0,0,0,-1.889,0,0,-5.06,0
CCDC86,0,0,0,0,0,0,0,0,0,0,0,-1.36,-3.314,-2.415,0,0,1.411,0,0,5.059,0
ENSEMBL:ENSG00000272078,0,0,0,0,0,0,2.364,0,0,0,0,1.768,0,0,0,0,0,0,0,-5.059,0
ENSEMBL:ENSG00000285106,0,0,0,0,0,0,0,0,0,0,0,0,0,0,0,0,0,0,0,5.059,0
RELT,0,0,0,0,0,0,0,0,0,1.556,0,0,1.771,3.022,0,0,0,0,2.592,5.057,-1.422
MRI1,0,0,0,0,0,0,0,0,0,0,0,0,0,0,0,-2.052,-2.637,0,0,-5.057,0
MAGED2,0,0,0,0,0,1.617,0,0,0,0,0,0,0,0,0,0,0,0,0,0,5.057
PIAS4,0,0,0,0,0,0,0,0,0,1.942,0,0,0,0,0,0,5.055,0,0,0,0
HERPUD2,0,0,0,0,0,0,0,0,0,1.458,0,0,0,2.718,0,0,0,-2.05,0,0,-5.054
PDGFD,0,0,0,0,0,2.071,5.054,0,0,0,0,1.405,0,0,0,0,0,0,0,0,0
MPV17,0,0,0,0,0,0,0,0,0,-2.074,0,0,0,0,0,0,0,0,0,5.054,0
SMAP2,0,0,0,0,0,0,0,0,0,3.041,0,0,1.96,5.053,0,0,0,0,0,0,2.072
LPCAT3,0,0,0,0,0,0,0,0,0,0,0,0,0,5.052,0,0,0,1.359,0,0,0
TAP1,0,0,0,0,0,0,0,0,1.393,0,0,1.61,5.052,1.531,0,3.553,0,0,1.508,0,0
RTF1,0,0,0,0,0,0,0,0,0,0,0,0,0,1.506,0,0,0,0,5.051,0,-2.483
FSBP,0,0,0,0,0,0,0,0,0,0,0,0,0,0,0,0,0,0,0,-5.048,-1.922
MED22,0,0,0,0,0,0,0,0,0,0,0,0,0,0,0,0,0,0,0,-5.048,0
NELFA,0,0,0,0,0,0,0,0,0,0,0,0,0,0,0,2.1,0,0,5.047,0,-1.543
PPP1R3D,0,0,0,0,0,0,0,0,0,2.003,0,0,0,3.182,0,0,0,3.688,0,0,5.046
ENSEMBL:ENSG00000287671,0,0,0,0,0,0,0,0,0,0,0,0,0,0,0,0,-4.252,0,0,-5.038,0
RASL10B,0,0,0,0,0,0,0,0,0,0,0,0,0,0,0,0,0,-1.893,0,0,-5.036
ATP5MG,0,0,0,0,0,0,0,0,0,0,0,0,0,0,0,0,0,5.035,0,0,2.632
ZFP36L2,0,0,0,0,0,0,0,0,1.73,0,0,2.425,5.035,0,0,0,0,0,0,0,0
EDNRB,0,0,0,0,0,0,0,0,0,0,0,0,0,0,0,2.356,1.406,0,2.485,5.032,0
URGCP,0,0,0,0,0,0,0,0,0,0,0,0,-2.217,-2.054,0,0,1.53,0,0,5.032,0
TESK1,0,0,0,0,0,4.477,5.032,1.404,0,0,0,1.708,0,0,0,0,0,0,0,0,0
AKAP6,0,0,0,0,0,0,0,0,0,0,0,0,0,0,0,0,0,-2.606,-5.03,4.29,-4.489
SLC38A5,0,0,0,0,0,-2.682,-5.029,0,0,0,0,0,0,0,0,0,0,0,0,0,0
DENND10,0,0,0,0,0,0,0,0,0,2.676,0,0,0,5.029,0,0,0,0,0,0,0
NCBP1,0,0,0,0,0,0,0,0,0,0,0,0,0,0,0,5.029,0,0,4.372,0,0
ESPN,0,0,0,0,0,-2.207,-5.029,0,0,0,0,0,0,0,0,0,0,0,0,0,0
MED26,0,1.408,0,0,1.437,0,0,0,0,0,0,0,0,0,0,1.926,5.028,0,0,0,-1.403
DAZAP2,0,0,0,0,0,0,0,0,0,2.145,0,0,2.82,5.027,0,0,-1.685,0,0,-1.54,4.246
HNRNPL,0,0,0,0,0,2.283,5.023,0,0,0,0,0,0,0,0,0,0,0,0,3.064,0
TMEM254,0,0,0,0,0,0,0,0,0,0,0,0,0,0,0,0,0,0,0,-5.023,0
SCFD1,0,0,0,0,0,0,0,0,0,0,0,0,0,0,0,0,0,0,5.021,2.1,3.132
NFE2L2,0,0,0,0,0,0,0,0,3.007,1.892,0,1.454,5.021,4.707,0,4.333,0,0,2.123,4.436,-3.058
PKN1,0,0,0,0,0,5.017,3.821,0,0,0,0,0,0,0,0,0,0,0,0,0,0
HECTD2,0,0,0,0,0,0,0,0,0,0,0,0,0,0,0,0,0,0,0,5.016,0
MYRF,0,0,0,0,0,3.142,5.016,0,0,0,0,0,0,0,0,0,0,0,0,0,0
SLC27A1,0,0,0,0,0,1.904,0,0,0,-1.601,0,0,0,-3.383,0,0,1.387,0,0,-2.936,-5.015
REM2,0,0,0,0,0,0,0,0,0,2.676,0,0,0,5.014,0,0,0,0,0,0,0
PLEK,0,0,0,0,0,0,0,0,0,1.938,0,0,2.095,5.014,0,0,0,0,0,0,0
UTP3,0,0,0,0,0,0,0,0,0,0,0,0,0,0,0,0,0,0,0,5.012,0
NCOA5,0,0,0,0,0,0,0,0,0,0,0,0,0,0,0,0,0,0,5.011,2.079,0
CAMSAP1,0,0,0,0,0,0,0,0,0,0,0,0,0,0,0,-1.542,1.612,0,5.009,0,0
BRAP,0,0,0,0,0,0,0,0,0,0,0,0,0,0,0,0,0,0,5.006,3.771,2.295
SLC25A13,0,0,0,0,0,0,0,0,0,0,0,0,0,0,0,1.572,5.006,0,0,0,0
NDST1,0,0,0,0,0,0,0,0,1.652,2.832,0,0,2.96,5.006,0,0,-2.692,0,0,-3.971,2.689
SMPD3,0,0,0,0,0,0,0,0,0,-3.622,0,-1.929,0,-5.006,0,0,0,0,0,0,0
PIP4K2C,0,0,0,0,0,0,0,0,0,0,0,0,0,0,0,0,-2.492,0,0,-2.955,5.006
C9orf78,0,0,0,0,0,-3.8,-5.005,0,0,0,0,0,0,0,0,0,0,0,0,0,2.285
LGALS3,0,0,0,0,0,-2.682,-5.005,0,0,0,0,0,0,0,0,0,0,0,0,0,0
CTSB,0,0,0,0,0,0,0,0,0,0,0,0,2.238,0,0,0,0,0,0,4.353,5.005
VEZF1,0,0,0,0,0,0,0,0,0,0,0,0,0,0,0,0,0,0,0,-5.004,-2.339
RAC2,0,0,0,0,0,0,0,0,0,1.576,0,1.742,3.572,5.003,0,0,0,0,0,0,0
RTF2,0,0,0,0,0,0,0,0,1.482,2.861,0,0,3.02,5.001,0,0,0,0,0,0,0
HSPBAP1,0,0,0,0,0,0,0,0,0,1.85,0,0,0,4.999,0,0,4.287,0,0,0,0
WDR25,0,0,0,0,0,0,0,0,0,0,0,0,0,0,0,0,0,0,0,0,4.999
FCSK,0,0,0,0,0,0,0,0,0,0,0,0,0,0,0,-1.645,0,0,0,-4.998,0
NPRL3,0,0,0,0,0,-2.537,-4.997,0,0,0,0,0,0,0,0,0,0,0,0,0,0
KCNJ2,0,0,0,0,0,-2.065,-2.699,0,0,2.959,0,0,1.735,4.996,0,3.15,-2.822,0,2.561,-3.149,0
UBE2D3,0,0,0,0,0,0,0,0,1.648,1.83,0,0,4.318,2.831,0,0,0,0,0,4.991,0
B3GALT1,0,0,0,0,0,0,0,0,0,0,0,0,0,0,0,0,3.699,0,0,4.99,0
ADO,0,0,0,0,0,0,0,0,0,0,0,0,-1.62,0,0,0,3.577,0,0,4.988,-3.032
HERC1,0,0,0,0,0,0,0,0,0,0,0,0,0,0,0,1.87,0,0,4.987,0,0
BCL2L13,0,0,0,0,0,0,0,0,0,0,0,0,0,0,0,-4.152,0,0,4.987,2.076,0
ZNF717,0,0,0,0,0,0,0,0,0,0,0,0,0,0,0,0,0,0,0,-4.987,0
PELI1,0,0,0,1.813,0,0,0,0,0,1.528,0,0,3.239,1.978,0,0,0,0,0,4.986,0
OSTF1,0,0,0,0,0,0,0,0,1.439,2.119,0,1.592,4.724,4.984,0,0,0,0,0,0,0
SERINC1,0,0,0,0,0,0,0,0,0,3.037,0,0,2.811,4.983,0,0,0,0,0,0,-2.881
TLR6,0,0,0,0,0,0,0,0,0,2.834,0,0,1.464,4.983,0,0,0,0,0,0,0
FAM107A,0,0,0,0,0,0,0,0,0,0,0,0,0,0,0,0,0,0,0,4.982,0
RALGPS2,0,0,0,0,0,-3.64,-4.98,-2.507,0,0,0,-1.478,0,0,0,0,0,0,0,0,0
ITSN2,0,0,0,0,0,0,0,0,0,1.827,0,0,0,2.269,0,-3.804,4.979,0,-2.836,3.636,0
CROCC,0,0,0,0,0,0,0,0,0,0,0,0,0,0,0,0,0,0,0,-4.978,0
ENSEMBL:ENSG00000274776,0,0,0,0,0,0,0,0,0,0,0,0,0,0,0,0,0,0,0,-4.978,0
ATXN7L3,0,0,0,0,0,0,0,0,1.303,3.632,0,0,3.835,4.977,0,0,0,0,0,-1.691,0
DNAJC16,0,0,0,0,0,0,0,0,0,0,0,0,0,0,0,0,0,0,0,-4.976,-3.191
GSPT1,0,0,0,0,0,-4.975,-4.234,0,1.475,0,0,0,0,0,0,0,0,0,0,1.872,0
MAP1B,0,1.401,0,0,0,0,0,0,0,0,0,0,0,0,0,4.91,0,0,4.974,2.028,0
FAM104A,0,0,0,0,0,-4.974,-4.803,0,0,0,0,0,0,0,0,0,-1.755,0,0,-4.194,0
AREG,3.163,0,0,1.415,0,0,0,0,1.998,0,0,1.712,2.208,0,0,0,0,0,2.104,4.973,0
DVL2,0,0,0,0,0,1.435,0,0,0,0,0,0,0,0,0,0,4.972,-1.329,0,0,0
ZNF451,0,0,0,0,0,0,0,0,0,0,0,0,0,0,0,0,0,0,0,-4.972,-2.322
GIMAP2,0,0,0,0,0,0,0,0,0,0,0,0,0,-1.423,0,-4.97,0,0,-3.641,0,0
CMTM6,0,0,0,0,0,0,0,0,0,3.349,0,0,3.13,4.97,0,0,0,0,0,0,0
GLIPR2,0,0,0,0,0,0,0,0,0,2.264,0,0,2.057,4.97,0,0,0,0,0,0,0
SSH1,0,0,0,0,0,0,0,0,0,1.782,0,0,2.767,4.486,0,2.171,0,0,4.969,3.57,1.915
SSX2IP,0,0,0,0,0,0,0,0,0,0,0,0,0,0,0,0,0,0,0,0,4.969
LRCH3,0,0,0,0,0,0,0,0,0,0,0,0,-1.885,0,0,0,0,-1.937,0,3.43,-4.968
GTF2IRD1,0,0,0,0,0,0,0,0,0,0,0,0,0,0,0,0,2.288,0,0,3.427,-4.968
TRAFD1,0,0,0,0,0,0,0,0,0,1.576,0,0,0,2.705,0,0,0,0,2.104,0,4.968
ZGRF1,0,0,0,0,0,0,0,0,0,0,0,0,0,0,0,0,-3.111,0,0,-4.967,0
EMC3,0,0,0,0,0,-2.715,-4.967,0,0,0,0,0,0,0,0,0,0,0,0,0,0
ALOX12,0,0,0,0,0,0,0,1.468,1.319,0,0,1.984,4.966,0,0,0,0,0,0,0,0
MFSD8,0,0,0,0,0,0,0,0,0,0,0,0,0,0,0,0,0,0,0,-4.966,0
MAP1LC3B,0,0,0,0,0,0,0,0,0,1.99,0,1.446,3.418,4.677,0,0,0,0,0,4.964,0
TSC1,0,0,0,0,0,0,0,0,0,0,0,0,0,0,0,-1.667,0,0,-2.187,0,-4.964
LAMTOR1,0,0,0,0,0,0,0,0,0,0,0,0,0,0,0,0,0,4.963,0,0,0
TCOF1,0,0,0,0,0,0,0,0,0,-2.305,0,0,0,-3.65,0,0,0,0,4.962,2.202,0
TCF25,0,0,0,0,0,4.962,2.206,0,0,0,0,0,0,0,0,0,-1.562,0,0,0,0
RASSF4,0,0,0,0,0,3.804,4.961,0,0,0,0,0,0,0,0,0,0,0,0,0,0
KDM4B,0,0,0,0,0,0,0,0,1.307,3.496,0,0,1.837,4.96,0,0,0,0,1.55,-1.344,0
MMP25-AS1,0,0,0,0,0,0,0,0,0,2.143,0,0,0,4.96,0,0,0,0,0,0,0
ZNF213-AS1,0,0,0,0,0,0,0,0,0,0,0,0,0,-1.399,0,0,0,0,0,0,4.96
TOB2,0,0,0,0,0,0,3.839,2.071,2.747,0,0,3.116,4.959,0,0,0,0,0,0,-1.968,-3.074
EXOC6,0,0,0,0,0,0,0,0,0,3.535,0,0,0,4.954,0,0,0,0,0,0,0
FAM118A,0,0,0,0,0,0,0,0,0,-1.57,0,0,0,0,0,0,4.953,0,0,0,0
SLCO4A1,0,0,0,0,0,0,0,0,0,0,0,0,0,0,0,4.568,3.282,0,4.952,2.957,0
G0S2,0,0,0,0,0,0,0,4.31,3.112,0,0,1.497,0,0,0,0,-4.951,0,3.474,0,0
ANGPTL7,0,0,0,0,0,1.415,4.951,0,0,0,0,0,0,0,0,0,0,0,0,0,0
TLR3,0,0,0,0,0,2.172,4.951,0,0,0,0,1.596,0,0,0,0,0,0,0,0,0
PARD3,0,0,0,0,0,0,0,0,0,0,0,0,0,0,0,0,0,0,4.951,1.555,3.243
ZNF603P,0,0,0,0,0,0,0,0,0,0,0,0,0,0,0,0,0,0,0,-4.95,0
N4BP3,0,0,0,0,0,-1.366,-1.449,0,0,0,0,0,0,0,0,0,0,0,0,-4.95,0
TRIB1,0,0,0,0,0,0,0,0,0,2.289,0,0,3.297,4.949,0,0,0,0,0,0,0
CHMP1A,0,0,0,0,0,0,0,0,0,0,0,0,0,1.527,0,0,0,0,0,0,4.947
GRWD1,0,0,0,0,0,0,0,0,0,0,0,0,-2.765,-1.529,0,0,0,0,2.735,4.947,0
NCSTN,0,0,0,0,0,0,0,0,0,0,0,0,1.897,4.125,0,-2.246,-1.306,0,-1.688,-4.946,0
ADGRE2,0,0,0,0,0,-3.296,4.941,0,0,0,0,0,1.866,2.298,0,0,0,0,0,0,0
WAC,0,1.304,0,0,0,0,0,0,1.523,2.762,0,0,2.781,2.975,0,1.604,0,-3.117,0,0,-4.94
LINC01772,0,0,0,0,0,0,0,0,0,0,0,0,0,0,0,0,-1.871,0,0,-4.94,0
IER3,0,0,0,0,0,0,0,2.925,2.305,0,0,4.569,4.938,0,0,0,0,0,0,1.373,0
PLOD3,0,0,0,0,0,4.062,4.937,1.484,0,0,0,0,0,0,0,0,0,0,0,0,0
DAPK3,1.686,0,0,0,0,0,0,0,0,0,0,0,0,0,0,0,0,0,0,4.935,2.615
MFHAS1,0,0,0,0,0,0,0,0,0,0,0,0,0,0,0,0,4.935,0,0,3.232,0
FCGR3B,0,0,0,0,0,0,0,0,0,2.625,0,0,3.207,4.928,0,0,0,0,0,0,0
P2RX5,0,0,0,0,0,0,-4.297,-1.558,0,0,0,-3.572,0,-2.487,0,0,0,0,0,4.418,4.925
PHLDA3,0,0,0,0,0,0,0,0,0,0,0,0,0,0,0,0,0,0,0,2.431,4.925
FAM220A,0,0,0,0,0,0,0,0,0,0,0,0,0,0,0,0,0,0,0,-1.689,-4.925
CEL,0,0,0,0,0,0,0,0,0,0,0,0,0,0,0,0,0,0,0,-4.925,0
UBN1,0,0,0,0,0,0,0,0,0,3.288,0,0,1.847,4.924,0,0,0,0,0,0,0
MTHFR,0,0,0,0,0,0,0,0,0,0,0,-2.259,-1.8,0,0,0,0,0,-1.582,-4.923,0
ZSCAN31,0,0,0,0,0,0,0,0,0,0,0,0,0,0,0,0,-1.65,0,0,-4.923,0
DUSP10,0,0,0,0,0,0,0,0,0,0,0,0,0,0,0,0,-4.923,0,0,0,0
ECD,0,0,0,0,0,0,0,0,0,0,0,0,0,0,0,0,0,0,0,4.921,-2.387
STARD4-AS1,0,0,0,0,0,0,0,0,0,0,0,0,0,0,0,0,0,0,0,-4.921,0
ZNF425,0,0,0,0,0,0,0,0,0,0,0,0,0,0,0,0,0,0,0,-4.921,0
SKI,0,0,0,0,0,0,0,0,1.486,3.119,0,0,2.019,4.92,0,0,0,0,1.304,0,-1.812
TLE1,0,0,0,0,0,1.692,2.748,0,0,0,0,0,0,0,0,0,0,0,0,-1.862,-4.917
EPS15L1,0,1.421,0,0,0,0,0,0,1.492,4.216,0,0,3.451,4.916,0,1.445,0,0,-3.5,1.321,-3.669
U2AF1L4,0,0,0,0,0,0,0,0,0,0,0,0,0,0,0,-4.916,-3.707,0,-3.586,-1.458,0
DDX17,0,0,0,0,0,-2.048,0,0,0,0,0,0,1.395,2.043,0,-1.436,0,0,4.915,0,-1.686
NDE1,0,0,0,0,0,0,0,0,1.668,3.204,0,0,3.051,4.913,0,0,0,0,0,0,0
TNFSF10,0,0,0,0,0,0,2.063,0,0,2.107,0,0,0,2.998,0,-4.911,0,0,-4.308,0,0
PGAP4,0,0,0,0,0,0,0,0,0,0,0,0,0,0,0,0,0,0,0,-4.911,0
EIF3A,0,0,0,0,0,0,0,0,0,0,0,0,0,0,0,0,0,0,0,4.908,0
SF1,0,0,0,0,0,0,0,0,0,0,0,0,0,1.508,0,0,0,0,-1.323,4.906,0
PUS7,0,0,0,0,0,0,0,0,0,0,0,0,0,0,0,0,0,0,0,4.905,0
ENTPD7,0,0,0,0,0,0,0,0,0,0,0,0,0,0,0,0,0,0,0,0,4.905
CDA,0,0,0,0,0,0,0,0,0,2.78,0,1.301,2.498,4.905,0,0,0,0,0,0,0
ETV3,0,0,0,0,0,-1.382,0,0,0,0,0,0,0,0,0,4.904,0,0,0,0,0
RPL4,0,0,0,0,0,0,0,0,0,-3.008,0,0,0,-4.904,0,0,0,0,0,0,0
SH3GL1,0,0,0,0,0,0,0,0,1.544,0,0,0,1.483,0,0,0,4.902,0,1.794,0,0
MLLT10,0,0,0,0,0,0,0,0,0,0,0,0,0,0,0,0,0,0,0,-4.899,0
SNX18,0,0,0,0,0,0,0,0,0,3.17,0,0,0,4.898,0,0,0,0,0,-3.548,0
STXBP5,0,0,0,0,0,0,0,0,0,3.342,0,0,1.485,4.897,0,0,0,0,-1.531,0,0
ENSEMBL:ENSG00000248015,0,0,0,0,0,0,0,0,0,0,0,0,0,0,0,0,0,0,0,-4.896,0
UHRF2,0,0,0,0,0,0,0,0,0,0,0,0,0,0,0,0,0,-1.804,0,0,-4.896
PEAK3,0,0,0,0,0,0,0,0,0,2.721,0,0,0,4.895,0,0,0,0,0,0,0
NUDCD1,0,0,0,0,0,0,0,0,0,0,0,0,0,0,0,0,0,0,0,4.895,0
RPS20,0,0,0,0,0,0,0,0,0,-2.884,0,0,0,-4.894,0,0,0,0,0,0,0
HBA1,0,0,0,0,0,-1.659,-4.892,0,0,0,0,0,0,0,0,0,0,0,0,0,0
SMARCA1,0,0,0,0,0,0,0,0,0,0,0,0,0,0,0,0,0,-2.282,0,2.589,-4.891
ZNF7,0,0,0,0,0,0,0,-1.73,-1.692,0,0,0,0,0,0,0,0,0,0,0,-4.891
GNAI3,0,0,0,0,0,0,0,0,0,2.033,0,0,2.588,3.855,0,4.891,0,0,0,0,0
SEMA4D,0,0,0,0,0,0,0,0,1.879,2.988,0,0,3.313,4.89,0,0,0,0,0,0,0
AVPR1A,0,0,0,0,0,0,0,0,0,0,0,0,0,0,0,-4.89,0,0,0,0,0
RBM24,0,0,0,0,0,0,0,0,0,0,0,0,0,0,0,0,1.319,0,1.759,4.888,0
BIRC3,0,0,0,0,0,-4.482,-4.887,-3.189,0,-1.695,0,-2.823,0,-3.701,0,4.504,0,0,0,0,1.432
ENSEMBL:ENSG00000274330,0,0,0,0,0,0,0,0,0,0,0,0,0,0,0,0,0,0,0,-4.886,0
DBNDD2,0,0,0,0,0,0,0,0,0,0,0,0,0,0,0,0,0,0,0,0,4.886
DNAJC11,0,0,0,0,0,0,0,0,0,0,0,0,0,0,0,0,0,4.885,0,-1.773,0
FZD7,0,0,0,0,0,0,0,0,0,0,0,0,0,0,0,4.885,3.805,0,3.032,0,0
SLC26A6,0,0,0,0,0,2.832,2.457,0,0,0,0,0,0,0,0,0,0,0,0,-4.881,0
PTPN11,0,0,0,0,0,-1.332,0,0,0,0,0,0,0,0,0,0,0,0,0,4.881,3.519
KIF27,0,0,0,0,0,0,0,0,1.814,4.357,0,0,2.532,4.881,0,0,0,0,0,-3.155,0
CCDC71,0,0,0,0,0,0,0,0,0,0,0,0,0,0,0,-4.876,0,0,0,0,0
CRYZL2P-SEC16B,0,0,0,0,0,0,0,0,0,0,0,0,0,0,0,0,-3.054,0,0,-4.875,0
GRIN3A,0,0,0,0,0,0,0,0,0,0,0,0,0,0,0,0,-3.676,0,0,-4.872,0
GTPBP4,0,0,0,0,0,0,0,0,0,0,0,0,-1.317,0,0,0,0,0,0,4.872,2.458
POLE,0,0,0,0,0,0,0,0,0,0,0,0,0,0,0,0,0,0,0,0,-4.87
AZU1,0,0,0,0,0,3.438,4.868,0,0,0,0,0,0,0,0,0,0,0,0,0,0
PIGC,0,0,0,0,0,0,0,0,0,0,0,0,0,0,0,0,0,0,0,-4.867,0
TTC28-AS1,0,0,0,0,0,0,0,0,0,0,0,0,0,0,0,0,0,0,0,-4.865,0
UTP25,0,0,0,0,0,0,0,-1.74,-3.408,0,0,-2.383,-4.864,0,0,0,0,0,0,1.653,0
SNTB1,0,0,0,0,0,0,0,0,0,0,0,0,0,-1.402,0,0,0,0,4.565,-4.864,-3.411
EREG,0,0,0,0,0,0,1.446,2.891,4.863,0,0,1.777,2.182,0,0,0,0,0,0,0,0
ARHGAP27,0,0,0,0,0,0,0,0,0,1.731,0,0,2.522,4.863,0,0,0,0,0,0,0
CCDC191,0,0,0,0,0,0,0,0,0,0,0,0,0,0,0,0,-1.641,0,0,-4.863,0
RASSF3,0,0,0,0,0,0,0,0,1.474,3.477,0,0,2.089,4.862,0,0,0,0,0,-1.769,-3.028
ENSEMBL:ENSG00000274173,0,0,0,0,0,0,0,0,0,3.906,0,0,0,4.861,0,0,0,0,0,0,0
TPD52L2,0,1.446,0,0,0,0,0,0,0,2.529,0,0,0,4.86,0,0,1.475,0,0,1.444,0
NBPF26,0,0,0,0,0,-1.972,-1.71,0,0,0,0,0,0,0,0,0,4.857,0,0,2.988,0
KIF21B,0,0,0,0,0,0,0,0,0,2.564,0,0,1.759,4.856,0,0,0,0,0,0,0
CPQ,0,0,0,0,0,0,0,0,0,2.231,0,0,3.254,4.852,0,0,0,0,0,0,0
DIS3L2,0,0,0,0,0,0,0,0,-1.866,-2.856,0,0,0,-4.849,0,0,0,0,-4.258,0,0
AFG3L1P,0,0,0,0,0,0,0,0,0,0,0,0,0,0,0,-4.849,0,0,0,-2.486,0
HSPB3,0,0,0,0,0,0,0,0,0,0,0,0,0,0,0,0,0,0,3.057,4.848,0
GNB2,0,0,0,0,0,0,0,0,0,2.175,0,1.313,3.313,4.848,0,0,0,0,0,0,0
ENSEMBL:ENSG00000229618,0,0,0,0,0,0,0,0,0,0,0,0,0,0,0,0,0,-1.913,0,0,-4.847
CALML4,0,0,0,0,0,0,0,0,0,0,0,0,0,0,0,0,0,0,0,0,-4.847
RIC1,0,0,0,0,0,-2.495,0,0,0,0,0,0,0,0,0,0,-4.846,0,0,-4.416,0
CIPC,0,0,0,0,0,0,0,0,0,0,0,0,0,0,0,0,4.846,0,0,4.822,0
EIF2B2,0,0,0,0,0,2.789,4.845,0,0,0,0,0,0,0,0,0,0,0,0,0,2.368
SESN1,0,0,0,0,0,0,0,0,0,0,0,0,0,0,0,0,3.19,0,-1.745,4.844,0
MT-ND3,0,0,0,0,0,0,0,0,0,0,0,0,0,0,0,-4.844,-1.82,0,-2.84,0,0
S1PR4,0,0,0,0,0,0,0,0,0,2.776,0,0,1.454,4.844,0,0,0,0,0,0,0
KLF1,0,0,0,0,0,-3.786,-4.843,0,0,0,0,0,0,-1.676,0,0,0,0,0,0,0
IKBIP,0,0,0,0,0,0,0,0,2.811,4.842,0,0,2.703,4.546,0,0,0,0,0,0,0
SH3RF3-AS1,0,0,0,0,0,0,0,0,0,0,0,0,0,0,0,0,4.841,0,0,0,0
TLCD5,0,0,0,0,0,0,0,0,0,0,0,0,0,0,0,2.485,0,0,4.838,0,0
ITPA,0,0,0,0,0,0,0,0,-1.599,0,0,0,-2.14,0,0,0,0,1.414,0,0,4.837
TAB3,0,1.67,0,0,0,-3.715,-1.845,0,0,0,0,0,0,1.811,0,0,0,0,-4.836,0,0
STIMATE-MUSTN1,0,0,0,0,0,0,0,0,0,0,0,0,0,0,0,-2.023,0,0,0,-4.836,0
JCAD,0,1.609,0,0,0,0,0,0,0,0,0,0,0,0,0,4.836,-2.359,0,-3.622,0,-1.478
MPPE1,0,0,0,0,0,0,0,0,0,2.294,0,0,0,4.184,0,-2.128,-4.487,0,0,-4.835,0
SYNJ1,0,0,0,0,0,-3.104,0,0,0,1.826,0,0,0,2.723,0,0,-1.38,0,-1.739,-4.833,1.867
MTCH2,0,0,0,0,0,0,0,0,0,0,0,0,0,0,0,0,0,4.833,0,0,4.724
LPIN1,0,0,0,0,0,0,0,0,0,0,0,0,0,-2.408,0,0,3.87,4.833,3.944,1.438,0
RAD1,0,0,0,0,0,0,0,0,0,0,0,0,0,0,0,0,0,0,0,0,4.832
PTCH2,0,0,0,0,0,0,0,0,0,0,0,0,0,0,0,0,-1.504,0,0,-4.832,0
THRAP3,0,-1.519,0,0,0,0,0,0,0,2.719,0,0,0,4.831,0,0,-2.636,0,2.176,-4.064,-4.046
RCOR2,0,0,0,0,0,0,0,0,0,0,0,0,0,0,0,0,0,0,0,-4.83,3.807
MEX3C,0,0,0,0,0,0,4.83,1.577,0,0,0,0,0,0,0,2.439,1.685,0,0,4.636,-2.516
CD53,0,0,0,0,0,0,0,0,0,1.695,0,0,3.137,4.829,0,0,0,0,0,0,0
PELATON,0,0,0,0,0,0,0,0,0,0,0,0,0,4.829,0,0,0,0,0,0,0
ATG16L2,0,0,0,0,0,0,0,0,0,2.67,0,0,1.787,4.827,0,0,0,0,0,0,0
PNP,0,0,0,0,0,0,0,0,0,0,0,0,0,-1.469,0,4.827,3.094,0,2.997,2.686,0
DHRS13,0,0,0,0,0,0,0,0,0,0,0,0,0,4.826,0,0,0,0,0,0,1.302
PALM2AKAP2,0,0,0,0,0,0,0,0,0,0,0,0,0,0,0,4.327,0,0,4.826,2.62,0
PHLPP1,0,0,0,0,0,0,0,0,0,4.186,0,0,0,4.826,0,0,0,0,0,0,-1.349
ZSCAN30,0,0,0,0,0,0,0,0,0,0,0,0,0,0,0,0,0,0,0,-4.825,0
SAMD8,0,0,0,0,0,-1.498,0,0,0,2.683,0,0,0,2.962,0,0,0,0,0,0,-4.823
MTSS1,0,0,0,0,0,0,2.404,0,-1.517,0,0,0,0,0,0,0,-1.667,0,0,-4.823,-1.458
LAT2,0,0,0,0,0,0,0,0,0,2.417,0,0,2.066,4.823,0,0,0,0,0,0,0
ATF6,0,0,0,0,0,0,0,0,0,1.892,0,0,1.54,4.821,0,0,0,0,0,3.558,0
LGALS12,0,-1.609,0,0,0,0,0,1.468,3.496,0,0,2.53,4.818,0,0,0,0,0,0,0,0
SPARC,0,0,0,0,0,0,0,0,0,0,0,0,4.818,0,0,0,0,0,0,0,0
ARPC5,0,0,0,0,0,0,0,0,0,3.303,0,0,3.313,4.816,0,1.387,0,0,0,0,0
UBAP1,0,1.395,0,0,0,0,0,0,1.697,1.934,0,0,4.816,3.908,0,0,0,0,0,0,0
RANP4,0,0,0,0,0,0,0,0,0,0,0,0,0,0,0,0,0,0,0,-4.816,0
CAND2,0,0,0,0,0,0,0,0,0,0,0,0,0,0,0,0,0,0,0,4.814,1.325
FEN1,0,0,0,0,0,1.339,3.126,0,0,0,0,0,0,0,0,0,0,0,0,0,-4.814
EMG1,0,0,0,0,0,0,0,0,0,0,0,0,0,0,0,0,0,0,0,4.812,0
DEGS1,0,0,0,0,0,0,0,0,0,0,0,0,1.477,1.615,0,0,2.655,0,0,4.81,0
BPNT1,0,0,0,0,0,0,0,0,0,0,0,0,0,0,0,0,0,0,0,-4.808,0
KCNJ8,0,0,0,0,0,0,0,0,0,0,0,0,0,0,0,0,0,0,4.807,0,0
ZNF252P,0,0,0,0,0,0,0,0,0,0,0,0,0,0,0,0,0,0,-1.585,-4.805,0
TIMM29,0,0,0,0,0,0,0,0,0,0,0,0,0,0,0,0,0,0,0,-4.805,0
IL10RA,0,0,0,0,0,0,4.804,1.491,0,-2.811,0,3.63,2.445,-2.463,0,1.867,0,0,0,0,0
SCRIB,0,2.394,0,0,0,3.011,4.804,0,0,0,0,0,0,0,0,0,0,0,2.728,2.978,0
NUDT16,0,0,0,0,0,0,0,0,0,0,0,0,0,0,0,0,0,4.804,-1.393,0,0
NABP1,0,0,0,0,0,-1.929,0,0,0,2.092,0,0,0,3.058,0,0,3.352,0,0,4.803,0
HNRNPR,0,0,0,0,0,0,0,0,0,0,0,0,0,0,0,0,0,0,0,4.803,0
AHSP,0,0,0,0,0,-2.72,-4.803,0,0,0,0,0,0,0,0,0,0,0,0,0,0
APOBEC3C,0,0,0,0,0,2.535,4.802,0,0,0,0,0,0,-1.608,0,0,0,0,0,0,0
ZCCHC3,0,0,0,0,0,0,0,0,0,0,0,0,0,0,0,2.18,4.802,0,0,3.313,0
SEC14L5,0,0,0,0,0,0,0,0,0,0,0,0,0,0,0,0,0,0,0,-1.55,-4.801
TUG1,0,0,0,0,0,-1.547,0,0,0,1.952,0,0,0,1.931,0,0,0,0,0,-4.8,0
MAB21L1,0,0,0,0,0,0,0,0,0,0,0,0,0,0,0,0,0,0,0,-4.798,0
TBX3,0,0,0,0,0,0,0,0,0,0,0,0,0,0,0,0,2.981,0,3.952,4.797,0
CD28,0,0,0,0,0,-3.729,-4.796,-1.739,0,0,0,0,0,0,0,0,0,0,0,0,0
TMEM94,0,0,0,0,0,0,0,0,0,0,0,0,0,0,0,0,0,0,0,-4.795,-2.785
SERPINB8,0,0,0,0,0,2.901,4.795,1.345,0,0,0,1.498,0,0,0,0,2.024,0,0,4.249,0
AMOT,0,0,0,0,0,0,0,0,0,0,0,0,0,0,0,0,0,1.887,-4.795,3.332,1.336
WIPI2,0,0,0,0,0,0,0,0,0,1.326,0,0,0,3.039,0,3.038,0,0,4.795,0,-3.13
CHDH,0,0,0,0,0,0,0,0,0,0,0,0,0,-1.998,0,0,0,0,0,-4.793,0
APLP2,0,0,0,0,0,0,0,0,0,3.258,0,0,2.048,4.793,0,0,0,-1.454,0,0,-3.585
RAVER1,0,0,0,0,0,0,0,0,0,2.798,0,0,2.489,4.067,0,0,0,0,0,4.79,0
H2AZ1,0,0,0,0,0,0,0,0,0,1.97,0,2.377,4.499,4.79,0,0,0,0,0,0,0
VAMP1,0,0,0,0,0,0,0,0,0,0,0,0,0,0,0,0,4.79,0,0,2.312,0
ACTR1B,0,0,0,0,0,0,0,0,0,0,0,0,0,0,0,0,0,0,0,0,4.786
CXCL16,0,0,0,0,0,0,1.801,0,1.34,2.058,0,0,2.426,4.784,0,0,0,0,0,0,0
CPTP,0,0,0,0,0,0,1.777,0,0,0,0,0,0,0,0,0,0,4.783,0,0,0
FGFR1OP2,0,0,0,0,0,-4.783,-2.307,0,0,0,0,0,0,0,0,0,0,0,0,0,0
TCTN1,0,0,0,0,0,-1.861,-2.468,0,0,0,0,0,0,0,0,0,-2.781,0,0,-4.782,0
SPI1,0,0,0,0,0,0,0,0,0,2.245,0,0,1.643,4.782,0,0,0,0,0,0,0
PLD6,0,0,0,0,0,0,0,0,0,0,0,0,0,0,0,0,4.782,0,0,0,0
CYP46A1,0,0,0,0,0,0,0,0,0,0,0,0,0,0,0,0,0,1.419,0,-4.782,0
SLC7A1,0,0,0,0,0,0,0,0,0,0,0,0,0,0,0,0,1.665,0,0,4.782,1.823
BCLAF3,0,0,0,0,0,0,0,0,0,0,0,0,0,1.603,0,0,0,0,2.19,-4.78,0
KLRC1,0,0,0,0,0,2.749,4.779,0,0,0,0,2.075,0,0,0,0,0,0,0,0,0
IRAK4,0,0,0,0,0,0,0,0,0,0,0,0,0,4.775,0,0,0,0,0,0,0
FPR1,0,0,0,0,0,0,0,0,1.648,2.575,0,0,4.036,4.775,0,0,0,0,0,0,0
ACTB,0,0,0,0,0,0,0,0,0,0,0,0,1.861,2.99,0,4.774,1.627,0,1.311,0,0
GK,0,0,0,0,0,-2.5,-2.231,0,0,1.904,0,0,1.425,4.773,0,0,0,2.212,0,2.58,2.817
SLC16A12,0,0,0,0,0,0,0,0,0,0,0,0,0,0,0,0,2.297,0,2.286,4.771,0
CTDSPL2,0,0,0,0,0,0,0,0,0,0,0,0,0,0,0,1.762,-2.241,-1.745,3.246,-4.77,-1.555
ANO10,0,-1.488,0,0,0,0,0,0,0,3.522,0,0,0,4.769,0,0,0,0,0,0,0
ZNF256,0,0,0,0,0,0,0,0,0,0,0,0,0,0,0,0,1.772,0,0,4.767,0
BBS1,0,0,0,0,0,0,0,0,0,0,0,0,0,0,0,0,0,0,0,-4.767,0
USP11,0,0,0,0,0,2.283,2.758,0,0,0,0,0,0,0,0,0,0,0,0,0,4.767
GTF3A,0,0,0,0,0,0,0,0,0,-1.375,0,0,0,-2.022,0,0,0,0,0,1.313,4.765
NFX1,0,0,0,0,0,0,0,0,0,0,0,0,0,0,0,0,0,0,0,4.764,0
TIMP3,0,0,0,0,0,0,0,0,0,0,0,0,0,0,0,0,1.645,0,1.814,4.763,0
SLC16A10,0,0,0,0,0,-1.31,-1.637,0,0,0,0,0,-1.578,-1.578,0,0,1.602,0,0,2.303,-4.761
TLNRD1,2.003,0,0,0,0,0,0,0,0,0,0,0,0,0,0,4.761,0,0,4.594,1.754,0
COMMD4,0,0,0,0,0,2.782,1.715,0,0,0,0,0,-2.084,-1.484,0,-1.46,0,0,-1.868,-4.76,0
IDH2,0,0,0,0,0,2.074,1.427,0,0,-2.375,0,0,0,-4.76,0,0,0,0,0,0,0
KBTBD13,0,0,0,0,0,0,0,0,0,0,0,0,0,0,0,0,0,0,0,-4.759,0
MYL2,0,0,0,0,0,0,0,0,0,0,0,0,0,0,0,-1.746,0,0,-4.759,0,0
PPP1R2,0,0,0,0,0,0,0,0,0,0,0,0,1.813,0,0,0,0,0,-2.303,0,-4.759
ENPP1,0,0,0,0,0,0,0,0,0,0,0,0,0,0,0,0,0,0,0,4.759,0
DEF8,0,0,0,0,0,0,0,0,0,2.76,0,0,1.484,4.758,0,0,2.285,0,0,0,0
GREM1,0,0,0,0,0,0,0,0,0,0,0,0,0,0,0,0,1.802,0,0,4.758,4.303
ZNF569,0,0,0,0,0,0,0,0,0,0,0,0,0,0,0,0,0,0,0,-4.758,0
ACTBP8,0,0,0,0,0,0,0,0,0,2.807,0,0,1.627,4.757,0,0,0,0,0,0,0
MAPRE3,0,0,0,0,0,0,0,0,0,0,0,0,0,1.339,0,0,0,0,0,0,4.756
SCGB2B2,0,0,0,0,0,0,0,0,0,0,0,0,0,0,0,0,0,0,0,-4.755,0
BTG3,0,0,0,0,0,0,0,0,0,0,0,0,0,0,0,4.754,0,0,2.046,0,0
PLCE1,0,0,0,0,0,0,0,0,0,0,0,0,-1.651,0,0,0,0,0,0,0,-4.753
IKZF4,0,0,0,0,0,0,0,0,0,0,0,0,0,0,0,0,0,0,0,-4.753,-1.39
ECHDC2,0,0,0,0,0,0,0,0,0,-1.436,0,0,0,-1.418,0,0,0,0,0,-4.753,-2.163
ZNRF3,0,0,0,0,0,0,0,0,0,0,0,0,0,0,0,0,-1.722,0,0,-4.751,-1.921
RCL1,0,0,0,0,0,0,0,0,0,0,0,0,0,0,0,0,0,0,0,4.751,0
HMGN2,0,0,0,0,0,0,0,0,0,0,0,0,0,1.31,0,0,0,0,4.737,0,-4.749
NUP160,0,-1.543,0,0,0,0,0,0,0,0,0,0,0,0,0,0,0,-1.405,0,0,-4.749
ERLIN2,0,0,0,0,0,-1.701,0,0,0,0,0,-1.68,0,0,0,0,0,0,0,-4.747,0
CROCCP2,0,0,0,0,0,0,0,0,0,0,0,0,-2.748,-2.6,0,0,0,0,0,-4.747,0
EEFSEC,0,0,0,0,0,1.348,0,0,0,0,0,0,0,0,0,0,0,0,0,0,4.745
ENSEMBL:ENSG00000283236,0,0,0,0,0,0,0,0,0,0,0,0,0,0,0,0,0,0,0,-4.745,0
HDAC11,0,0,0,0,0,0,0,0,0,0,0,0,0,0,0,0,0,0,0,-1.578,-4.743
ZNF26,0,0,0,0,0,0,0,0,-3.424,0,0,-1.328,-4.742,0,0,0,0,0,0,0,0
GASK1B,0,0,0,0,0,-2.363,-4.741,-2.2,-2.557,0,0,-2.339,-2.15,0,0,0,0,0,0,1.971,0
PTPDC1,0,0,0,0,0,0,0,0,0,0,0,0,0,0,0,1.577,0,0,-4.741,0,0
MOSPD2,0,0,0,0,0,0,0,0,0,3.362,0,0,2.084,4.741,0,0,0,0,0,0,0
IGF1R,0,0,0,0,0,0,0,0,0,3.425,0,0,0,4.738,0,0,0,-2.881,0,0,-1.698
MXD3,0,0,0,0,0,0,0,0,0,2.43,0,0,2.136,4.738,0,0,0,0,0,0,0
APPL1,0,0,0,0,0,0,0,0,0,0,0,0,0,0,0,1.33,1.611,0,-2.642,0,-4.737
AMOTL1,0,0,0,0,0,0,0,0,0,0,0,0,0,0,0,0,0,0,4.734,0,0
IP6K1,0,0,0,0,0,0,0,0,0,2.569,0,0,2.37,4.734,0,0,0,0,0,-3.73,-1.596
ZGLP1,0,0,0,0,0,0,2.315,0,0,0,0,0,0,0,0,0,0,0,0,-4.733,0
LRCH4,0,-1.581,0,0,0,0,0,0,0,2.618,0,0,2.792,4.732,0,0,0,0,0,0,0
ZNF275,0,0,0,0,0,0,0,0,-2.713,0,0,0,-2.648,0,0,0,0,0,0,0,-4.731
CD46,0,0,0,0,0,-1.726,0,0,0,3.717,0,0,2.9,4.731,0,0,0,0,0,0,0
SRRM1,1.564,1.328,0,1.408,0,0,-1.305,0,0,0,0,0,0,0,0,3.519,0,0,4.731,-1.382,0
SEMA4B,0,0,0,0,0,0,0,0,1.787,2.287,0,0,4.253,4.73,0,0,0,0,0,-2.972,0
IKBKE,0,0,0,0,0,0,0,0,0,-2.026,0,0,0,-4.73,0,0,0,0,0,0,0
UBE2B,0,0,0,0,0,0,0,0,0,3.739,0,0,1.706,4.73,0,0,0,0,0,0,0
BMP2K,0,0,0,0,0,-4.727,-2.869,0,0,0,0,0,0,0,0,0,0,0,0,3.325,0
COQ8A,0,0,0,0,0,0,0,0,0,0,0,0,0,0,0,0,0,0,-1.581,0,-4.724
TTF2,0,0,0,0,0,0,0,0,0,0,0,0,0,0,0,0,0,0,0,0,4.724
EIF1AY,0,0,0,0,0,0,0,0,0,0,0,0,0,2.655,0,0,0,2.919,0,1.745,4.723
ARL5B,0,0,0,0,0,0,0,0,0,0,0,0,0,0,0,4.723,0,0,0,4.185,0
UBE2W,0,0,0,0,0,0,0,0,0,2.289,0,0,1.784,4.722,0,0,0,0,0,2.178,0
TRIM44,0,0,0,0,0,0,0,0,0,-3.082,0,0,0,-4.722,0,0,0,0,0,-1.39,0
ARFGAP3,0,0,0,0,0,0,0,0,0,1.705,0,0,0,4.722,0,0,0,0,0,0,0
FFAR2,0,0,0,0,0,0,0,0,0,2.232,0,0,0,4.721,0,0,0,0,0,0,0
PTPRB,0,0,0,0,0,0,2.954,0,0,0,0,0,0,0,0,0,0,0,1.35,4.72,1.388
GZMK,0,0,0,0,0,0,0,0,0,-2.565,0,0,0,-4.718,0,0,0,0,0,0,0
TIRAP,0,0,0,0,0,0,0,0,0,0,0,0,0,0,0,0,0,0,0,-4.718,0
SLA,0,0,0,0,0,0,0,0,0,0,0,0,2.78,4.718,0,0,0,0,0,0,0
WWC3,0,0,0,0,0,0,0,0,0,3.233,0,0,1.918,4.717,0,0,0,0,0,3.503,0
BOD1L1,0,0,0,0,0,-2.247,-1.448,0,0,1.609,0,0,0,2.123,0,0,0,0,4.717,-3.934,-2.87
TOMM40,0,0,0,0,0,0,0,0,0,0,0,0,0,0,0,0,0,3.913,0,0,4.714
EGFL8,0,0,0,0,0,0,0,0,0,-1.616,0,0,0,-2.764,0,0,-1.699,0,0,-4.714,0
WAS,0,0,0,0,0,0,0,0,0,2.222,0,0,2.057,4.713,0,0,0,0,0,0,0
CDC123,0,0,0,0,0,0,0,0,0,1.593,0,0,0,4.712,0,0,0,0,0,0,2.95
LAMTOR5,0,0,0,0,0,0,0,0,0,0,0,0,0,2.488,0,0,0,4.712,0,0,2.509
LRRC37A2,0,0,0,0,0,0,1.513,1.313,2.142,0,0,2.246,2.551,0,0,0,0,0,0,0,-4.712
LCN12,0,0,0,0,0,1.803,4.712,1.739,0,0,0,1.311,0,0,0,0,0,0,0,0,0
KPNA4,0,0,0,0,0,0,0,0,0,1.736,0,0,0,1.815,0,0,0,0,-4.709,0,2.903
ADM,0,0,0,0,0,0,0,0,0,3.078,0,0,3.126,4.707,0,0,2.222,0,0,2.87,0
FAM222A-AS1,0,0,0,0,0,0,0,0,0,0,0,0,0,0,0,0,0,2.076,0,0,4.707
BIRC6,0,0,0,0,0,-1.609,0,0,0,0,0,0,0,0,0,0,0,-1.398,0,0,-4.706
SIRPB2,0,0,0,0,0,0,0,0,1.341,2.058,0,0,3.15,4.705,0,0,0,0,0,0,0
FBXO38,0,0,0,0,0,0,0,0,0,2.289,0,0,0,4.705,0,0,0,0,0,0,0
XRN1,0,0,0,0,0,-2.41,0,0,0,0,0,0,0,0,0,0,0,-1.385,0,0,-4.705
NEIL1,0,0,0,0,0,2.622,4.704,0,0,0,0,0,0,0,0,0,0,0,0,-3.16,0
NUP153,0,0,0,0,0,-1.639,0,0,0,1.483,0,0,0,2.827,0,0,0,-1.963,2.183,4.703,-3.299
SLAMF6,0,0,0,0,0,4.702,4.598,0,0,0,0,0,0,-1.636,0,0,0,0,0,0,0
ANXA11,0,0,0,0,0,0,0,0,0,2.626,0,0,2.096,4.7,0,0,0,0,-2.696,0,1.913
KCNE3,0,0,0,0,0,0,0,0,2.223,2.376,0,0,3.189,4.7,0,0,0,0,0,0,0
KBTBD3,0,0,0,0,0,1.443,0,0,0,0,0,0,0,0,0,0,0,0,0,-4.7,0
JSRP1,0,0,0,0,0,0,0,0,0,0,0,0,0,0,0,0,0,0,4.698,0,0
TJP1,0,0,0,0,0,0,0,0,0,0,0,0,0,0,0,-2.684,-3.343,0,-4.697,0,0
ABTB1,0,0,0,0,0,0,0,0,0,2.891,0,0,1.457,4.696,0,0,-1.552,-1.88,0,-2.574,-2.88
USP48,0,0,0,0,0,0,0,0,0,0,0,0,0,1.334,0,0,0,0,0,-4.695,0
TYK2,0,0,0,0,0,0,0,0,0,2.939,0,0,1.804,4.694,0,0,0,0,0,-2.353,0
MRPS9,0,0,0,0,0,2.002,0,0,0,0,0,0,0,-1.422,0,0,0,4.693,0,0,0
ZNF516,0,0,0,0,0,0,0,0,1.307,2.603,0,0,1.619,2.503,0,0,0,-1.441,0,4.691,0
FERMT2,0,0,0,0,0,0,0,0,0,0,0,0,0,0,0,4.689,0,0,0,2.987,0
LINC01278,0,0,0,0,0,1.539,4.688,0,0,-1.478,0,1.885,0,0,0,0,0,0,0,0,0
MTHFD1,0,0,0,0,0,0,0,0,0,0,0,0,-1.558,-4.057,0,0,0,4.687,0,0,0
TBKBP1,0,0,0,0,0,1.694,3.031,0,0,1.478,0,2.607,3.379,4.685,0,0,0,0,0,0,0
NMT1,0,0,0,0,0,2.317,2.891,0,0,0,0,0,0,0,0,0,0,0,1.73,4.685,0
DNAJC18,0,0,0,0,0,0,0,0,0,0,0,0,0,0,0,0,-1.776,0,0,-4.684,0
DNAJC17,0,0,0,0,0,1.317,0,0,0,0,0,0,0,0,0,0,0,0,0,-4.683,0
IMPDH1,0,0,0,0,0,0,0,0,0,2.43,0,0,1.96,4.682,0,0,0,0,0,1.636,0
TFG,0,0,0,0,0,-2.024,0,0,0,0,0,0,0,0,0,0,0,0,0,4.681,0
CREBZF,0,0,0,0,0,-1.526,0,0,0,0,0,0,0,0,0,0,0,0,0,0,-4.681
COQ3,0,0,0,0,0,0,0,0,0,0,0,0,0,0,0,0,0,4.681,0,0,0
MICALL2,0,1.915,0,0,0,0,0,0,0,0,0,0,0,0,0,0,0,0,0,4.68,1.59
KIF17,0,0,0,0,0,0,0,0,0,0,0,0,0,0,0,0,-4.68,0,0,-3.325,0
CCNF,0,0,0,0,0,1.909,2.574,0,0,0,0,0,0,0,0,0,0,0,0,-4.679,0
KANK1,0,0,0,0,0,-1.493,-2.863,0,0,0,0,-1.467,0,0,0,0,4.679,0,-2.795,0,0
SLC31A2,0,0,0,0,0,0,0,0,1.498,2.064,0,0,3.878,4.678,0,0,0,0,0,0,0
LMBRD1,0,0,0,0,0,0,0,0,0,2.428,0,0,2.705,4.678,0,0,0,0,0,-1.411,0
GNGT2,0,0,0,0,0,0,4.675,0,0,0,0,0,0,0,0,0,0,0,0,0,0
LDLRAP1,0,1.54,0,0,0,0,0,0,0,-2.323,0,0,0,-4.674,0,0,3.079,0,0,0,2.602
DDX39A,0,0,0,0,0,0,0,0,0,0,0,0,0,0,0,0,3.897,0,0,4.672,0
RUSF1,0,0,0,0,0,0,0,0,0,0,0,0,0,0,0,0,0,0,-2.53,-4.672,0
GPR153,0,0,0,0,0,3.065,3.861,0,0,0,0,1.895,0,0,0,0,1.665,0,0,4.672,0
ENSEMBL:ENSG00000289444,0,0,0,0,0,0,0,0,0,0,0,0,0,0,0,0,-1.679,0,0,-4.671,0
NPEPPS,0,0,0,0,0,0,0,0,0,3.551,0,0,2.699,4.671,0,0,0,0,0,0,0
MAP3K8,0,0,0,0,0,0,0,0,0,0,0,0,0,1.546,0,0,0,0,0,4.669,0
DFFB,0,0,0,0,0,0,0,0,0,0,0,0,0,0,0,0,0,0,0,-4.669,0
EGFL7,0,0,0,0,0,0,0,0,0,0,0,0,0,0,0,0,0,0,4.669,-1.466,0
DCPS,0,0,0,0,0,0,1.398,0,0,0,0,0,0,0,0,0,0,0,0,-4.004,4.668
SLC16A5,0,0,0,0,0,0,0,0,0,2.641,0,0,1.711,3.079,0,0,0,0,0,0,4.668
NSFL1C,0,0,0,0,0,0,0,0,0,0,0,0,0,2.069,0,-4.667,0,0,-2.912,2.899,0
S100A11,0,0,0,0,0,1.856,3.026,0,0,1.822,0,0,2.689,4.667,0,0,0,0,0,0,0
SSBP4,0,0,0,0,0,4.665,4.584,0,0,0,0,0,0,0,0,0,0,0,0,0,0
TBL1X,0,0,0,0,0,0,0,0,0,1.586,0,0,1.525,3.766,0,0,0,-1.54,0,1.585,-4.665
CHUK,0,0,0,0,0,0,0,0,0,0,0,0,0,1.687,0,0,0,0,0,0,4.665
XPO7,0,0,0,0,0,0,-1.917,0,0,0,0,0,0,0,0,0,0,0,0,0,4.663
PGK1,0,0,0,0,0,0,0,0,0,2.158,0,0,2.51,4.662,0,0,0,0,0,0,0
SPSB3,0,0,0,0,0,2.84,1.44,0,0,0,0,0,0,0,0,-1.379,0,0,0,0,-4.662
EGLN2,0,0,0,0,0,0,0,0,2.048,2.036,0,1.878,4.661,2.329,0,0,0,0,0,0,0
ANK1,0,0,0,0,0,-4.66,-4.455,0,0,0,0,0,0,-1.667,0,0,0,1.844,1.31,0,1.989
SARS1,0,0,0,0,0,0,0,0,0,0,0,0,0,0,0,0,0,0,0,1.393,4.658
RARA-AS1,0,0,0,0,0,0,0,0,2.07,2.998,0,0,3.635,4.657,0,4.126,0,0,3.906,3.019,0
P4HB,0,0,0,0,0,4.657,3.665,0,0,0,0,0,0,0,0,0,0,0,0,0,0
IFI16,0,0,0,0,0,0,0,0,0,2.023,0,0,1.373,4.655,0,0,0,0,0,1.373,0
ARHGDIB,0,0,0,0,0,0,0,0,0,1.721,0,0,2.969,4.655,0,0,0,0,0,0,0
RNF185,0,0,0,0,0,0,0,0,0,1.767,0,0,0,4.655,0,0,1.634,0,0,0,0
ADAMTS19-AS1,0,0,0,0,0,0,0,0,0,0,0,0,0,0,0,0,0,0,0,4.654,4.366
AAGAB,0,0,0,0,0,0,1.976,0,0,0,0,0,0,0,0,0,0,0,0,1.471,4.654
KY,0,0,0,0,0,0,0,0,0,0,0,0,0,0,0,0,0,0,0,-4.652,0
AGPAT4,0,0,0,0,0,2.168,3.485,0,0,0,0,4.651,0,0,0,0,0,0,0,0,0
ZNF532,0,0,0,0,0,-2.245,-2.626,-1.95,0,0,0,-3.827,-1.988,0,0,0,0,0,0,4.651,0
CD63,0,0,0,0,0,2.82,1.427,1.556,0,1.379,0,2.046,1.8,2.591,0,0,0,0,0,3.595,4.65
POLR1C,0,0,0,0,0,0,0,0,0,0,0,0,-1.316,0,0,0,0,0,0,4.649,0
KMT5C,0,0,0,0,0,0,0,0,0,0,0,0,1.879,0,0,0,0,0,0,-4.648,0
USP22,0,0,0,0,0,0,0,0,0,0,0,0,3.109,1.488,0,0,1.425,0,0,4.647,-1.559
EBF3,0,0,0,0,0,0,0,0,0,0,0,0,0,0,0,0,0,0,0,-4.647,0
MIR4435-2HG,0,0,0,0,0,0,0,0,0,0,0,0,0,0,0,0,2.303,0,0,4.646,1.9
SLC25A29,0,0,0,0,0,0,0,0,0,0,0,1.301,1.723,0,0,0,4.646,0,0,0,-1.61
GMIP,0,0,0,0,0,0,0,0,0,2.854,0,0,1.507,4.643,0,0,0,0,0,0,0
ABCC2,0,0,0,0,0,0,0,0,0,0,0,0,0,0,0,0,0,0,0,-4.642,1.728
ARMC5,0,0,0,0,0,2.905,2.157,0,0,0,0,0,-1.498,0,0,0,0,0,0,-4.642,-2.446
TOGARAM1,0,0,0,0,0,0,0,0,0,0,0,0,0,0,0,0,0,0,0,-1.333,-4.641
GOLM2,0,0,0,0,0,0,0,0,0,2.332,0,0,2.093,4.641,0,0,-2.297,0,0,-1.322,0
E2F3,0,0,0,0,0,0,0,0,0,2.526,0,0,1.882,4.64,0,0,0,0,0,3.968,0
ENSEMBL:ENSG00000286786,0,0,0,0,0,0,0,0,0,0,0,0,0,0,0,0,0,0,0,-4.637,0
KLHL11,0,0,0,0,0,0,0,0,0,0,0,0,0,0,0,4.635,0,0,0,0,0
IRS1,0,-1.323,0,0,0,-1.47,0,0,0,0,0,0,0,-1.389,0,4.633,0,0,-3.153,1.503,-2.829
PADI4,0,0,0,0,0,0,0,0,0,2.741,0,0,2.388,4.633,0,0,0,0,0,0,0
STX17,0,0,0,0,0,0,0,0,0,0,0,0,0,0,0,4.631,0,0,0,-1.835,0
LBH,0,0,0,0,0,0,0,0,0,-1.928,0,0,0,-4.629,0,0,0,0,0,0,0
ENSEMBL:ENSG00000288861,0,0,0,0,0,3.245,4.628,0,0,0,0,0,0,0,0,0,0,0,0,0,0
SNX22,0,0,0,0,0,-1.926,-3.519,-3.07,0,-2.08,0,-4.627,-3.077,-3.635,0,0,0,0,0,0,0
COL4A6,0,0,0,0,0,0,0,0,0,0,0,0,0,0,0,0,0,0,0,0,-4.625
DEXI,0,0,0,0,0,0,0,0,0,0,0,0,0,0,0,0,4.624,0,0,1.9,0
GUCA1B,0,0,0,0,0,0,0,0,0,0,0,0,0,0,0,0,0,0,0,-4.623,1.328
AP3M2,0,0,0,0,0,-1.497,0,0,0,0,0,0,0,0,0,0,0,0,-4.622,-4.024,0
ORMDL1,0,0,0,0,0,0,0,0,0,0,0,0,0,0,0,0,0,-1.303,0,-1.349,-4.622
ST6GALNAC2,0,0,0,0,0,0,0,0,0,2.551,0,0,1.727,4.62,0,0,0,0,0,0,0
PIK3CG,0,0,0,0,0,0,0,0,0,3.076,0,0,1.463,4.619,0,0,0,0,0,0,0
METTL3,0,1.381,0,0,0,0,0,0,0,0,0,0,0,0,0,1.807,0,0,4.618,0,0
ZNF106,0,0,0,0,0,-1.338,0,0,0,1.898,0,0,1.631,2.001,0,0,0,0,0,4.384,4.617
PFDN2,0,0,0,0,0,0,0,0,0,0,0,0,0,0,0,0,0,1.961,0,3.562,4.617
SMARCAL1,0,0,0,0,0,0,0,0,0,0,0,0,0,0,0,0,0,0,0,-4.614,0
ZBTB3,0,0,0,0,0,0,0,0,0,0,0,0,0,0,0,-1.758,0,0,-4.614,-2.594,0
AKT1,0,0,0,0,0,0,0,0,2.162,3.816,0,0,3.806,4.139,0,0,0,0,0,1.441,4.614
TRIM52,0,0,0,0,0,0,0,0,0,0,0,0,0,0,0,3.166,0,0,0,4.613,0
STARD7-AS1,0,0,0,0,0,0,0,0,0,0,0,0,0,0,0,0,0,0,0,-4.612,0
CCR4,0,0,0,0,0,-4.611,-2.253,0,0,0,0,0,0,0,0,0,0,0,0,0,0
ENSEMBL:ENSG00000283294,0,0,0,0,0,0,0,0,0,0,0,0,0,0,0,0,-1.458,0,0,-4.611,0
DEDD2,0,0,0,0,0,0,0,3.447,4.517,1.356,0,1.848,4.607,3.68,0,4.61,0,0,0,0,-1.456
SCAI,0,0,0,0,0,0,0,0,0,0,0,0,0,0,0,0,0,0,0,-4.61,1.659
GPATCH1,0,0,0,0,0,0,0,0,0,0,0,0,0,0,0,0,0,0,0,-4.609,0
MT-ND5,0,0,0,0,0,0,0,0,0,0,0,0,0,0,0,-3.471,-1.645,0,-4.609,0,0
NFKB1,0,0,0,0,0,-2.345,0,0,0,0,0,0,0,0,0,0,4.608,-1.419,0,2.929,-3.086
IL2RG,0,0,0,0,0,3.263,2.768,0,0,0,0,4.605,2.025,0,0,0,0,0,0,0,0
SYMPK,0,0,0,0,0,0,2.484,0,0,0,0,0,0,0,0,-1.62,0,0,-4.604,-1.892,0
POLA2,0,0,0,0,0,0,0,0,0,0,0,0,0,0,0,0,-1.789,0,0,-4.602,0
FIGNL2,0,0,0,0,0,0,0,0,0,0,0,0,0,0,0,0,0,0,4.601,0,0
MTMR6,0,0,0,0,0,0,0,0,0,4.601,0,0,0,4.346,0,0,0,0,3.823,2.371,0
FBXL3,0,0,0,0,0,0,0,0,0,1.596,0,0,0,1.772,0,0,0,-1.775,0,2.971,-4.6
LINC00963,0,0,0,0,0,0,0,0,0,0,0,0,0,2.968,0,0,1.331,0,0,4.598,3.898
GAS7,0,1.463,0,0,0,0,0,0,0,2.088,0,0,0,4.598,0,0,0,0,1.953,0,0
P2RX1,0,0,0,0,0,0,0,0,0,2.027,0,0,2.358,4.598,0,0,0,0,0,0,0
LINC00707,0,0,0,0,0,0,0,0,0,0,0,0,0,0,0,0,0,0,0,-1.824,4.597
ENSEMBL:ENSG00000228801,0,0,0,0,0,0,0,0,0,0,0,0,0,0,0,0,0,0,0,-4.596,0
TDG,0,0,0,0,0,0,0,0,0,0,0,0,0,0,0,0,0,0,0,4.593,0
NFKBIA,0,0,0,0,0,0,0,0,2.492,0,0,0,3.032,0,0,1.417,0,0,0,-4.593,-1.49
SGTA,0,0,0,0,0,0,0,0,0,0,0,0,0,0,0,2.083,0,2.223,4.152,0,4.592
UBQLN2,0,1.356,0,0,0,0,0,0,0,0,0,0,2.762,1.683,0,0,0,0,0,0,-4.592
KRT8P12,0,0,0,0,0,0,0,0,0,0,0,0,-1.821,0,0,0,4.592,0,0,3.143,0
NIFK,0,0,0,0,0,0,0,0,-1.643,0,0,0,-2.917,0,0,0,0,0,0,4.592,1.335
AMPD1,0,0,0,0,0,0,0,0,0,0,0,0,0,0,0,0,0,-1.363,-2.524,3.002,-4.592
FSD2,0,0,0,0,0,0,0,0,0,0,0,0,0,0,0,0,4.591,0,-1.323,1.304,2.875
NFE4,0,0,0,0,0,0,0,0,1.486,1.689,0,2.615,4.59,3.535,0,0,0,0,0,0,0
ARHGAP9,0,0,0,0,0,0,0,0,1.505,2.879,0,1.311,3.659,4.59,0,0,0,0,0,0,0
ENSEMBL:ENSG00000289193,0,0,0,0,0,3.088,4.588,0,0,0,0,0,0,0,0,0,0,0,0,0,0
ENSEMBL:ENSG00000286067,0,0,0,0,0,0,0,0,0,0,0,0,0,0,0,0,0,0,0,2.41,4.587
HYOU1,0,0,0,0,0,1.953,4.585,0,0,0,0,0,0,0,0,0,2.43,0,0,2.411,0
PPP2R5C,0,0,0,0,0,1.321,1.597,0,0,0,0,4.585,1.713,0,0,0,0,0,0,0,-1.726
DCAF10,0,0,0,0,0,0,0,0,0,0,0,0,0,0,0,0,0,0,0,-4.584,0
MCMBP,0,0,0,0,0,0,0,0,0,2.418,0,0,2.17,4.583,0,0,0,0,0,1.72,-1.566
CHCHD3,0,0,0,0,0,0,0,0,0,-1.552,0,0,0,0,0,0,0,4.581,0,0,3.325
BAK1,0,0,0,0,0,0,0,0,0,0,0,0,0,0,0,0,0,4.581,0,0,3.895
TIMP2,0,0,0,0,0,0,0,0,1.303,2.039,0,0,2.661,4.58,0,0,0,0,0,0,0
IGIP,0,0,0,0,0,0,0,0,0,0,0,0,0,0,0,0,0,-1.728,0,-4.578,0
ENSEMBL:ENSG00000270127,0,0,0,0,0,0,-1.844,0,0,0,0,-2.066,0,0,0,0,0,0,0,-4.578,0
THBS1,0,0,0,0,0,0,0,0,2.024,0,0,0,2.522,0,0,1.531,0,0,0,4.575,0
DCAF8,0,0,0,0,0,0,0,0,0,0,0,0,0,0,0,0,0,0,0,0,-4.574
EIF4E3,0,0,0,0,0,0,0,0,1.536,2.776,0,0,3.91,4.571,0,0,0,0,0,0,0
TECPR1,0,0,0,0,0,0,0,0,0,0,0,0,0,0,0,0,-1.36,0,0,-4.571,2.8
TTC12,0,0,0,0,0,-1.77,0,0,-1.688,0,0,-4.163,-4.571,0,0,0,0,0,0,-1.845,0
CYP20A1,0,0,0,0,0,0,0,0,0,0,0,0,-4.571,-2.245,0,0,0,0,0,0,0
TAGLN2,0,0,0,0,0,0,0,0,1.569,2.532,0,1.365,4.571,4.537,0,0,1.615,0,0,3.766,0
RILP,0,0,0,0,0,-1.965,-4.57,0,0,0,0,0,0,0,0,0,0,4.388,-2.256,0,0
CYTH3,0,0,0,0,0,0,1.423,0,0,0,0,0,0,0,0,0,0,0,0,0,-4.569
ALG3,0,0,0,0,0,0,0,0,0,0,0,0,0,0,0,0,0,0,0,1.394,4.569
UBALD2,0,0,0,0,0,0,0,0,1.966,1.934,0,1.889,3.953,2.5,0,0,0,0,0,0,-4.569
BTN3A1,0,0,0,0,0,0,0,0,0,0,0,1.927,1.902,0,0,0,-4.059,0,0,-4.569,0
ENSEMBL:ENSG00000233818,0,0,0,0,0,0,0,0,0,0,0,0,0,0,0,0,0,0,0,4.568,0
NPTX2,0,0,0,0,0,0,0,0,0,0,0,0,0,0,0,0,2.456,0,0,4.567,0
TENT5C,0,0,0,0,0,0,0,0,0,0,0,0,0,0,0,0,2.256,0,0,-4.462,-4.567
COA4,0,0,0,0,0,0,0,0,0,0,0,0,-1.68,0,0,0,0,0,0,0,4.566
CABP4,0,0,0,0,0,0,0,0,0,0,0,0,0,0,0,0,-1.445,0,0,0,4.566
SNRPGP4,0,0,0,0,0,0,0,0,0,0,0,0,0,0,0,0,0,0,0,4.566,0
SLC39A9,0,0,0,0,0,0,0,0,0,0,0,0,0,1.976,0,0,0,0,0,-4.566,0
DNM2,0,0,0,0,0,0,0,0,0,2.543,0,0,2.681,4.565,0,0,0,1.919,0,0,0
PARM1,0,0,0,0,0,0,0,0,0,0,0,0,0,0,0,0,4.561,1.542,0,0,0
AGAP1,0,0,0,0,0,3.644,4.559,0,0,0,0,1.503,0,0,0,0,0,0,0,0,0
KLRA1P,0,0,0,0,0,0,0,0,0,0,0,0,0,0,0,0,0,0,0,-4.557,0
HBM,0,0,0,0,0,-1.914,-4.556,0,0,0,0,0,0,-1.569,0,0,0,0,0,0,0
ZFP92,0,0,0,0,0,0,4.556,0,0,0,0,0,0,0,0,0,0,0,0,0,0
TMEM79,0,0,0,0,0,0,0,0,0,0,0,0,0,0,0,0,0,0,0,-4.556,0
DNMT3B,0,0,0,0,0,0,0,0,0,0,0,0,0,0,0,0,-1.948,0,0,-4.556,0
GOSR1,0,-1.599,0,0,0,0,0,0,0,0,0,0,0,0,0,0,0,0,0,4.556,0
ENSEMBL:ENSG00000255330,0,0,0,0,0,0,0,0,0,0,0,0,0,0,0,0,0,0,0,-4.554,-2.37
HSDL2,0,0,0,0,0,0,0,0,0,2.399,0,0,1.307,4.554,0,0,0,0,0,0,-1.474
NSMCE4A,0,0,0,0,0,0,0,0,0,0,0,0,-1.573,-2.507,0,0,2.508,0,0,4.55,0
ENSEMBL:ENSG00000279382,0,0,0,0,0,0,0,0,0,0,0,0,0,0,0,0,0,0,0,-4.55,0
SOCS1,0,0,0,0,0,0,0,0,0,-4.024,0,0,0,-4.55,0,0,0,0,0,2.613,0
JDP2,0,0,0,0,0,0,0,1.504,2.453,0,0,0,2.523,0,0,3.099,0,0,4.548,-2.683,0
OSMR,0,0,0,0,0,0,0,0,0,0,0,0,0,0,0,0,2.782,0,0,4.547,0
NT5C3A,0,0,0,0,0,0,0,0,0,0,0,0,1.342,0,0,0,0,0,0,0,-4.545
PPME1,0,0,0,0,0,0,0,0,0,0,0,0,0,0,0,0,0,0,4.544,3.327,3.405
SIGLEC10-AS1,0,0,0,0,0,2.627,4.543,0,0,0,0,0,0,0,0,0,0,0,0,0,0
CD81,0,0,0,0,0,3.142,4.543,0,0,-2.022,0,0,0,-2.27,0,0,0,0,0,0,0
PRKD2,0,0,0,0,0,0,0,0,0,0,0,0,2.024,3.474,0,4.543,-3.074,0,2.957,-3.663,0
ZNF566,0,0,0,0,0,0,0,0,0,0,0,0,0,0,0,0,0,0,0,-4.542,0
HIC1,0,0,0,0,0,4.542,3.449,0,0,0,0,0,0,0,0,0,0,0,0,0,0
ELMOD1,0,0,0,0,0,0,0,0,0,0,0,0,0,0,0,0,0,0,0,0,4.542
PDK3,0,0,0,0,0,0,0,0,1.562,4.19,0,0,2.096,4.541,0,0,0,0,0,0,0
FCER1A,0,0,0,0,0,0,0,0,0,-2.886,0,0,0,-4.541,0,0,0,0,0,0,0
ENSEMBL:ENSG00000261596,0,0,0,0,0,0,0,0,0,3.082,0,0,0,4.541,0,0,0,0,0,0,0
ICAM1,0,0,0,0,0,0,0,0,0,0,0,0,0,4.541,0,3.917,2.351,0,2.935,1.916,0
PTPN12,0,0,0,0,0,0,0,0,0,2.247,0,0,3.313,4.541,0,0,0,0,-1.524,1.411,0
PHF24,0,0,0,0,0,0,0,0,0,2.109,0,0,2.482,4.541,0,0,0,0,0,0,0
RCC2,0,0,0,0,0,0,1.66,0,0,-1.502,0,0,0,-2.746,0,0,1.987,0,0,4.539,0
ENSEMBL:ENSG00000224163,0,0,0,0,0,0,0,0,0,0,0,0,0,0,0,0,0,0,0,4.372,4.539
MTURN,0,1.36,0,0,0,-1.484,0,0,1.697,0,0,0,4.537,0,0,0,0,0,0,2.32,0
ENSEMBL:ENSG00000268027,0,0,0,0,0,0,0,0,-1.59,0,0,-1.438,-4.537,0,0,0,0,0,0,0,0
NNAT,0,0,0,0,0,0,0,0,0,0,0,0,0,0,0,4.537,0,0,1.859,0,-3.559
UCHL3,0,0,0,0,0,0,0,0,0,0,0,0,0,0,0,0,0,0,0,0,4.536
TMEM59,0,-1.474,0,0,0,0,0,0,0,2.005,0,1.497,3.561,4.535,0,0,0,0,0,0,0
GNB1,0,0,0,0,0,0,0,0,0,2.529,0,0,3.46,4.535,0,0,0,0,0,0,0
ZNF805,0,0,0,0,0,0,0,0,0,0,0,0,0,0,0,0,0,0,0,4.535,0
CCT6A,0,0,0,0,0,0,0,0,0,0,0,0,0,0,0,0,0,0,0,1.556,4.534
MVK,0,0,0,0,0,0,0,0,0,0,0,0,0,0,0,0,0,0,0,-4.534,0
BICRA,0,0,0,0,0,0,0,0,0,0,0,0,0,0,0,0,4.533,0,0,0,0
ENSEMBL:ENSG00000269044,0,0,0,0,0,0,0,0,0,0,0,0,0,0,0,0,0,0,0,-4.533,0
LAPTM5,0,0,0,0,0,0,0,0,0,2.264,0,0,2.312,4.532,0,0,0,0,0,0,0
ARRDC3,0,0,0,0,0,-2.073,-4.531,0,0,0,0,0,1.589,2.643,0,1.532,-1.446,0,0,-1.633,0
APEX1,0,0,0,0,0,0,1.973,0,0,0,0,0,0,-1.43,0,0,0,0,0,4.531,0
NSL1,0,0,0,0,0,0,0,0,0,0,0,0,0,0,0,0,0,0,0,-4.529,0
KAT14,0,0,0,0,0,0,0,0,0,0,0,0,0,0,0,0,0,0,0,-4.524,0
NCK2,0,0,0,0,0,0,0,1.355,4.519,0,0,0,4.193,0,0,0,0,-1.452,-2.111,0,-3.663
KLRK1-AS1,0,0,0,0,0,1.334,4.517,0,0,0,0,0,0,0,0,0,0,0,0,0,0
TGFB1,0,0,0,0,0,2.571,3.183,1.793,0,0,0,4.332,4.517,0,0,0,3.054,0,0,1.496,0
FCAR,0,0,0,0,0,0,0,0,3.307,2.898,0,1.619,4.517,4.237,0,0,0,0,0,0,0
KLHL13,0,0,0,0,0,0,0,0,0,0,0,0,0,0,0,0,0,0,0,0,4.516
CLEC1A,0,0,0,0,0,0,0,0,0,0,0,0,0,0,0,4.515,-1.44,0,0,0,0
ADCY2,0,0,0,0,0,0,0,0,0,0,0,0,0,0,0,0,0,0,0,0,-4.514
FCHO2,0,0,0,0,0,-2.283,0,0,0,1.845,0,0,0,2.437,0,4.514,0,-1.319,2.057,0,-2.711
CDK17,0,0,0,0,0,0,0,0,0,0,0,0,0,0,0,0,0,0,4.514,0,0
LINC-PINT,0,0,0,0,0,0,0,0,0,0,0,0,0,0,0,2.013,0,0,4.514,3.364,0
CHD2,0,0,0,0,0,-4.513,-4.148,0,0,0,0,0,0,0,0,0,3.058,0,0,2.043,-1.31
LUCAT1,0,0,0,0,0,0,-1.399,0,0,2.18,0,0,0,3.025,0,0,0,0,0,4.512,0
ANPEP,0,0,0,0,0,0,0,0,0,2.67,0,0,2.463,4.512,0,0,0,0,0,0,0
NBR1,0,0,0,0,0,0,-1.483,0,0,2.501,0,0,1.836,4.511,0,0,0,0,0,0,0
ENSEMBL:ENSG00000224934,0,0,0,0,0,0,0,0,0,0,0,0,0,0,0,0,0,0,0,-4.511,0
ZNF107,0,0,0,0,0,0,0,0,0,3.858,0,0,0,3.57,0,0,-1.456,0,0,-4.511,0
PPP1R32,0,0,0,0,0,0,0,0,0,0,0,0,0,0,0,0,-2.465,0,0,-4.511,0
ALG1L13P,0,0,0,0,0,0,0,0,0,2.345,0,0,1.718,4.51,0,0,0,0,0,0,0
ZNF713,0,0,0,0,0,0,0,0,0,0,0,0,0,0,0,0,-2.225,0,0,-4.51,0
KTN1,0,-1.401,0,0,-1.346,0,0,0,0,0,0,0,0,0,0,0,0,0,-4.51,3.826,1.985
SOX6,0,0,0,0,0,0,0,0,0,0,0,0,0,0,0,0,0,0,-1.906,0,-4.51
ENSEMBL:ENSG00000276805,0,0,0,0,0,0,0,0,0,0,0,0,0,0,0,0,0,2.223,0,-4.508,1.329
QRICH2,0,0,0,0,0,0,0,0,0,0,0,0,0,0,0,0,0,0,0,-4.508,1.649
PAXX,0,0,0,0,0,4.506,3.944,0,0,0,0,0,0,0,0,0,0,0,3.175,0,0
TM6SF1,0,0,0,0,0,0,0,0,0,2.393,0,0,1.602,3.227,0,0,0,0,0,0,-4.505
SEMA4G,0,0,0,0,0,0,0,0,0,0,0,0,0,0,0,-1.595,0,-1.577,-2.2,-4.505,0
ST20-MTHFS,0,0,0,0,0,0,0,0,0,1.574,0,0,2.563,4.504,0,0,0,0,0,0,0
IL17RA,0,0,0,0,0,0,0,0,0,3.046,0,0,1.662,4.502,0,0,0,0,0,0,0
PRKDC,0,0,0,0,0,0,0,0,0,3.858,0,0,1.734,4.502,0,0,0,0,2.236,0,0
PAAF1,0,0,0,0,0,0,0,0,0,0,0,-1.784,-2.152,-2.388,0,0,0,0,0,-4.5,0
CHAMP1,0,0,0,0,0,0,0,0,0,0,0,0,0,0,0,0,0,0,4.5,-2.746,0
MNDA,0,0,0,0,0,0,2.553,0,0,3.024,0,1.327,2.922,4.499,0,0,0,0,0,0,0
TK2,0,0,0,0,0,0,0,0,0,2.087,0,0,0,4.499,0,0,-1.328,0,0,-2.17,0
SNCA,0,0,0,0,0,-3.146,-4.498,0,0,0,0,0,0,0,0,0,0,0,0,0,0
IFITM2,0,0,0,0,0,0,0,0,0,1.953,0,0,2.763,4.498,0,0,0,0,0,2.138,0
ARID3A,0,0,0,0,0,0,0,0,1.875,3.93,0,0,3.789,4.497,0,0,0,0,0,-2.261,0
HCAR2,0,0,0,0,0,0,0,0,0,3.71,0,0,2.451,4.497,0,0,0,0,0,0,0
PRSS33,0,0,0,0,0,0,0,0,0,-2.674,0,0,0,-4.497,0,0,0,0,0,0,0
MTRR,0,0,0,0,0,0,0,0,0,0,0,0,0,0,0,0,0,1.471,0,1.956,4.496
EIF5,0,0,0,0,0,-1.66,0,0,0,0,0,0,0,1.737,0,0,0,0,-4.161,1.51,4.496
PTGIR,0,0,0,0,0,0,0,0,0,0,0,0,0,0,0,0,2.78,0,0,4.494,0
ZNF791,0,0,0,0,0,0,0,0,0,0,0,0,0,0,0,0,0,0,0,-4.493,0
ZNF280D,0,0,0,0,0,0,0,0,0,0,0,0,0,0,0,0,0,0,0,-4.492,0
SUGT1P4-STRA6LP-CCDC180,0,0,0,0,0,0,0,0,0,0,0,0,0,0,0,0,-1.306,0,0,-4.491,0
ANGEL2,0,0,0,0,0,0,0,0,0,0,0,0,0,0,0,0,-1.563,0,0,-4.49,0
STK24,0,0,0,0,0,0,0,0,0,0,0,0,2.719,0,0,0,0,0,0,1.337,-4.49
USF2,0,0,0,0,0,0,0,0,0,0,0,0,1.349,0,0,-2.541,0,0,-4.489,-3.402,0
ADORA1,0,0,0,0,0,0,0,0,0,0,0,0,0,0,0,0,0,0,0,0,4.489
PODXL,0,0,0,0,0,0,0,0,0,0,0,0,0,0,0,0,4.096,0,1.788,4.487,2.834
LSM14B,0,0,0,0,0,0,0,0,0,0,0,0,0,0,0,-1.316,0,1.356,-4.486,0,2.095
GARRE1,0,0,0,0,0,-3.305,-1.891,0,0,0,0,0,0,0,0,4.481,0,0,4.186,0,-1.449
DIPK1A,0,0,0,0,0,0,0,0,0,0,0,0,0,0,0,0,-3.282,0,0,-4.479,0
GTPBP10,0,0,0,0,0,0,0,0,0,0,0,0,0,0,0,0,0,0,0,-4.479,0
OAS2,0,0,0,0,0,0,0,0,0,-4.214,0,0,0,-3.94,0,0,-4.479,0,0,-2.815,0
NUP50,0,1.681,0,0,0,0,0,0,0,2.268,0,0,1.378,3.271,0,0,0,0,2.463,4.478,0
NIPA2,0,0,0,0,0,0,0,0,0,0,0,0,0,0,0,0,0,0,0,0,4.478
EEF1G,0,0,0,0,0,0,0,0,0,-3.039,0,0,0,-4.477,0,0,0,0,0,0,0
INPPL1,0,0,0,0,0,0,2.276,0,0,0,0,0,4.477,0,0,0,0,0,0,-1.386,0
POLR2J4|ENSG00000214783,0,0,0,0,0,0,0,0,0,0,0,0,0,0,0,0,0,0,0,-4.477,0
ADAM17,0,0,0,0,0,-2.831,-1.395,0,0,0,0,0,0,1.482,0,0,0,0,0,4.476,0
GPANK1,0,0,0,0,0,0,0,0,0,1.879,0,0,0,1.66,0,0,0,0,0,-4.475,0
C11orf58,0,0,0,0,0,0,0,0,0,0,0,0,0,0,0,0,0,0,0,1.726,4.475
ADAT2,0,0,0,0,0,0,0,0,0,0,0,0,0,0,0,0,0,1.832,0,0,4.473
ZNF518A,0,0,0,0,0,-1.333,0,0,0,0,0,0,0,1.658,0,0,0,0,0,-4.473,0
PDZK1IP1,0,0,0,0,0,-2.308,-4.472,0,0,0,0,0,0,0,0,0,0,0,0,0,0
TINAGL1,0,0,0,0,0,0,0,0,0,0,0,0,0,0,0,1.308,1.865,0,4.467,1.785,0
ST8SIA4,0,0,0,0,0,-1.605,0,0,0,2.462,0,0,1.935,2.449,0,0,4.41,0,0,4.466,0
SNHG15,0,0,0,0,0,0,0,0,0,0,0,0,0,0,0,0,0,0,0,4.466,0
MIEN1,0,0,0,0,0,1.97,0,0,0,0,0,0,0,0,0,0,0,0,0,0,4.466
PSD4,0,0,0,0,0,0,0,0,0,2.459,0,0,2.213,4.465,0,0,0,0,0,0,0
PWWP2B,0,0,0,0,0,0,0,0,0,0,0,0,0,0,0,0,4.464,0,0,1.585,0
PJA1,0,0,0,0,0,0,0,0,0,0,0,0,0,0,0,0,0,0,0,0,4.464
VPS39,0,0,0,0,0,0,0,0,0,1.542,0,0,0,4.046,0,-1.625,-1.692,0,0,-4.463,0
LRFN1,0,0,0,0,0,0,0,0,0,2.047,0,0,1.703,4.463,0,0,0,0,0,0,0
RAN,0,0,0,0,0,0,0,0,0,-1.374,0,0,0,-1.802,0,0,0,0,0,4.462,2.148
KBTBD4,0,0,0,0,0,0,0,0,0,0,0,0,0,0,0,0,0,0,0,-4.462,0
PRR13,0,0,0,0,0,0,0,0,0,1.846,0,0,2.24,4.461,0,0,0,0,0,0,2.75
MPV17L2,0,0,0,0,0,0,0,0,0,0,0,0,0,0,0,0,1.86,1.362,0,2.197,4.461
CNKSR1,0,0,0,0,0,0,0,0,0,0,0,0,0,0,0,0,0,0,0,4.46,0
RFX1,0,0,0,0,0,0,0,0,0,2.464,0,0,2.473,4.459,0,0,0,0,0,0,0
MPLKIP,0,0,0,0,0,0,0,0,0,1.577,0,0,0,0,0,0,3.769,0,0,4.459,0
MICOS13,0,0,0,0,0,0,0,0,0,-1.464,0,0,0,-2.776,0,0,0,4.457,0,0,3.857
WRNIP1,0,0,0,0,0,0,0,0,0,0,0,0,0,0,0,2.307,0,1.733,0,0,4.457
FBXO9,0,0,0,0,0,-3.865,-4.455,0,0,0,0,0,1.619,0,0,0,0,0,-1.524,0,0
PSMD11,0,0,0,0,0,0,0,0,0,0,0,0,0,0,0,0,0,0,2.548,4.455,0
PLA2G6,0,0,0,0,0,4.454,2.466,0,0,0,0,1.311,0,0,0,0,0,0,0,0,0
MCM2,0,0,0,0,0,0,0,0,0,0,0,0,0,0,0,0,0,0,0,-1.439,-4.454
CLUHP3,0,0,0,0,0,0,0,0,0,-1.649,0,0,0,-4.453,0,0,0,0,0,0,0
SNX1,0,0,0,0,0,0,0,0,0,1.65,0,0,0,4.453,0,-1.466,0,-1.455,0,0,-3.028
TMEM161B-DT,0,0,0,0,0,0,0,0,0,0,0,0,0,0,0,2.646,0,0,4.453,1.618,0
CEP85L,0,0,0,0,0,0,0,0,0,0,0,0,0,0,0,0,0,0,4.453,-2.425,-2.798
KIR2DL4,0,0,0,0,0,2.529,4.452,1.51,0,0,0,2.491,1.487,0,0,0,0,0,0,0,0
PTPRS,0,0,0,0,0,1.575,4.452,0,0,0,0,0,0,0,0,0,0,0,0,-1.729,0
ENSEMBL:ENSG00000257176,0,0,0,0,0,0,0,0,0,0,0,0,1.525,1.467,0,0,0,0,0,-4.451,0
ELOVL5,0,0,0,0,0,-1.328,0,0,0,2.174,0,0,3.109,4.451,0,0,0,0,0,0,0
PGM2,0,0,0,0,0,0,0,0,0,2.651,0,0,0,3.261,0,2.692,4.45,0,0,0,0
SPHK2,0,0,0,0,0,0,0,0,0,0,0,0,0,0,0,0,0,0,0,-4.45,0
SH2D3C,0,0,0,0,0,0,0,0,0,2.252,0,0,2.046,4.079,0,0,0,0,4.45,0,0
PSD3,0,0,0,0,0,0,0,0,0,0,0,0,0,0,0,0,4.449,0,0,0,0
CHST10,0,0,0,0,0,0,1.856,0,0,0,0,0,0,0,0,0,0,-1.371,0,-4.449,0
CLCN5,0,0,0,0,0,0,0,0,0,0,0,0,0,0,0,0,0,0,0,1.615,4.448
HOXA-AS3,0,0,0,0,0,0,0,0,0,0,0,0,0,0,0,0,0,0,0,-4.448,0
FKBP5,0,0,0,0,0,0,0,0,0,1.705,0,0,0,4.446,0,0,0,0,0,3.833,0
HSPA6,0,0,0,0,0,0,0,0,0,2.697,0,0,2.752,4.443,0,0,0,0,0,0,0
DDX54,0,-1.738,0,0,0,0,0,0,0,0,0,0,0,-1.315,0,0,0,0,0,0,4.443
MAML3,0,0,0,0,-2.242,-1.848,-1.58,0,0,0,0,0,0,2.962,0,0,-4.442,0,0,-4.383,0
SACS,0,0,0,0,0,0,0,0,0,0,0,0,0,0,0,0,4.442,0,3.888,0,0
NSUN4,0,0,0,0,0,0,0,0,0,0,0,0,0,0,0,0,0,0,0,4.44,0
DNAL1,0,0,0,0,0,0,0,0,0,0,0,0,0,0,0,0,0,0,0,-4.439,0
POPDC2,0,0,0,0,0,0,0,0,0,0,0,0,0,0,0,0,0,0,0,0,-4.438
PDXP,0,0,0,0,0,0,0,0,0,-1.307,0,0,-2.282,0,0,0,0,0,0,-2.316,4.437
SORL1,0,0,0,0,0,-2.06,-1.496,0,0,3.127,0,0,1.709,4.435,0,0,0,0,0,0,0
SPIRE1,0,0,0,0,0,0,0,0,0,0,0,0,0,0,0,0,0,0,0,1.378,4.435
CCER2,0,0,0,0,0,3.305,0,0,0,0,0,0,0,0,0,0,0,0,0,-4.434,0
MYOM1,0,0,0,0,0,0,0,0,0,0,0,0,0,0,0,2.326,2.2,0,-4.433,3.34,1.781
GADD45G,0,0,0,0,0,0,0,0,0,0,0,0,0,0,0,0,-1.939,0,-2.69,-4.432,0
KCNC4,0,0,0,0,0,0,0,0,0,0,0,0,0,0,0,0,0,0,0,1.755,4.432
IDUA,0,0,0,0,0,2.074,2.162,0,0,0,0,4.431,0,-1.882,0,0,0,0,0,0,0
HCLS1,0,0,0,0,0,0,0,0,0,2.473,0,0,1.918,4.431,0,0,0,0,0,0,0
SNX9,0,0,0,0,0,-3.055,0,-2.196,0,0,0,-2.227,0,0,0,0,1.315,-1.834,1.33,2.979,-4.43
NMD3,0,0,0,0,0,0,0,0,0,0,0,0,0,0,0,0,0,0,0,4.429,0
GIMAP4,0,0,0,0,0,0,0,0,0,0,0,0,2.057,0,0,-4.429,0,0,0,0,0
SLC35A4,0,0,0,0,0,0,0,0,0,0,0,0,0,0,0,0,0,4.427,0,0,3.465
ASCL2,0,0,0,0,0,4.426,3.821,0,0,0,0,0,0,0,0,0,0,0,0,0,0
PPM1A,0,0,0,0,0,-4.425,-4.385,0,1.581,0,0,0,2.455,0,0,0,0,0,1.529,0,-1.812
ZBTB42,0,0,0,0,0,0,0,0,0,0,0,0,0,0,0,0,0,0,0,0,4.424
AACS,0,0,0,0,0,0,0,0,0,0,0,0,0,0,0,0,0,4.424,0,0,0
COQ10A,0,0,0,0,0,0,0,0,0,-1.338,0,0,0,-2.02,0,0,0,4.424,0,0,0
PARP8,0,0,0,0,0,0,0,0,0,3.138,0,1.659,4.327,4.423,0,0,0,0,0,0,0
TNK1,0,0,0,0,0,0,0,0,0,0,0,0,0,0,0,0,-1.368,-1.556,0,-4.423,-2.156
EAPP,0,0,0,0,0,0,0,0,0,2.215,0,0,0,3.042,0,0,-1.51,0,0,-4.423,-2.475
LEMD3,0,0,0,0,0,0,0,0,0,1.437,0,0,0,0,0,0,0,0,0,4.423,0
ACSS3,0,0,0,0,0,0,0,0,0,0,0,0,0,0,0,0,0,0,0,0,4.422
ARFIP1,0,0,0,0,0,0,0,0,0,2.641,0,0,0,2.831,0,2.766,0,0,2.276,-4.419,0
ZNF658,0,0,0,0,0,0,0,0,0,0,0,0,0,0,0,0,0,0,-2.046,-4.418,0
NSMAF,0,0,0,0,0,0,0,0,0,3.964,0,0,0,4.417,0,0,0,0,0,0,0
KCTD3,0,0,0,0,0,0,0,0,0,0,0,0,0,0,0,0,0,0,0,0,-4.417
CDCA7,0,0,0,0,0,0,0,0,0,0,0,0,0,0,0,0,0,0,0,0,-4.417
BMP4,0,0,0,0,0,0,0,0,0,0,0,0,0,0,0,0,-1.318,0,4.415,0,0
CLSTN1,0,0,0,0,0,0,0,0,0,-2.776,0,0,0,-3.329,0,0,-1.835,0,0,-4.414,0
CLCN3,0,0,0,0,0,0,0,0,0,0,0,0,0,0,0,0,0,0,0,0,-4.411
RTTN,0,0,0,0,0,0,0,0,0,0,0,0,0,0,0,0,-4.411,0,0,0,0
RAPGEFL1,0,0,0,0,0,0,0,0,0,0,0,0,0,0,0,0,0,0,0,-4.411,4.011
RPL17-C18orf32,0,0,0,0,0,0,0,0,0,0,0,0,0,0,0,0,0,2.09,0,0,4.41
EI24,0,0,0,0,0,0,0,0,0,0,0,0,0,0,0,0,0,0,0,1.578,4.41
PCSK6,0,0,0,0,0,0,0,0,0,0,0,0,4.409,0,0,0,0,0,0,1.482,0
ZNF638,0,0,0,0,0,-1.874,-1.598,0,0,0,0,0,0,0,0,0,1.312,0,0,4.409,0
MYL12B,0,0,0,0,0,0,0,0,0,0,0,1.328,2.325,2.118,0,0,0,0,0,4.408,3.013
CD3D,0,0,0,0,0,0,0,0,0,-2.291,0,0,0,-4.408,0,0,0,0,0,0,0
CC2D2A,0,0,0,0,0,0,0,0,0,0,0,0,0,0,0,0,-4.024,0,0,-4.407,0
ENSEMBL:ENSG00000258768,0,0,0,0,0,0,0,0,0,0,0,0,0,0,0,0,-2.124,0,0,-4.407,0
ENSEMBL:ENSG00000288634,0,0,0,0,0,0,0,0,0,0,0,0,0,0,0,0,0,0,0,4.406,0
CCDC47,0,0,0,0,0,0,0,0,0,1.959,0,0,0,4.332,0,0,0,4.404,0,2.271,1.746
HEBP2,0,0,0,0,0,0,0,0,2.506,2.417,0,0,2.832,4.404,0,0,0,0,0,0,0
AGO1,0,0,0,0,0,0,0,0,0,0,0,0,0,0,0,0,-2.043,0,0,-4.403,0
SHCBP1,0,0,0,0,0,0,0,0,0,0,0,0,0,0,0,0,0,1.365,0,-4.403,2.005
ENSEMBL:ENSG00000250575,0,0,0,0,0,0,0,0,0,2.43,0,0,0,4.402,0,0,0,0,0,-1.889,0
SEC24A,0,0,0,0,0,0,0,0,0,0,0,0,0,0,0,0,0,0,0,4.402,0
ST13,0,1.305,0,0,0,-4.401,-3.931,0,0,0,0,0,0,-2.562,0,0,0,0,0,0,0
ELK3,0,0,0,0,0,-4.4,0,0,0,0,0,0,0,0,0,0,0,0,0,0,0
C12orf75,0,0,0,0,0,0,4.396,0,0,0,0,0,0,0,0,0,0,0,0,0,0
NDNF,0,0,0,0,0,0,0,0,0,0,0,0,0,0,0,0,-4.395,0,0,-1.465,0
ZKSCAN8,0,0,0,0,0,0,0,0,0,0,0,0,0,0,0,0,-2.546,0,0,-4.395,0
GLIPR1,0,0,0,0,0,0,0,0,0,3.027,0,0,2.097,4.395,0,0,0,0,0,0,0
RNF167,0,0,0,0,0,1.706,0,0,0,0,0,2.978,2.316,2.654,0,-1.535,0,0,0,0,4.395
YKT6,0,0,0,0,0,0,0,0,0,0,0,0,0,0,0,0,0,0,0,0,4.395
ASXL2,0,0,0,0,0,-2.409,0,0,0,0,0,0,0,0,0,0,0,0,0,-2.526,-4.392
BANP,0,0,0,0,0,0,0,0,0,0,0,0,1.924,0,0,0,4.392,0,0,0,-2.35
ENSEMBL:ENSG00000288538,0,0,0,0,0,0,0,0,0,0,0,0,0,0,0,0,0,0,0,-4.392,0
PPARGC1B,0,0,0,0,0,0,0,0,0,0,0,0,-1.841,0,0,0,0,1.396,0,-4.392,2.367
RRP9,0,0,0,0,0,0,0,0,0,0,0,0,-4.391,0,0,0,2.698,0,0,0,2.225
COPS4,0,0,0,0,0,0,0,0,0,0,0,0,0,0,0,0,0,0,0,0,4.389
STPG1,0,0,0,0,0,-1.445,0,-1.346,0,0,0,0,0,0,0,0,0,0,0,-4.389,0
CPLX1,0,0,0,0,0,0,0,0,0,0,0,0,0,0,0,0,-4.388,0,0,-1.69,0
C9orf72,0,0,0,0,0,-2.435,-1.62,0,0,1.942,0,0,0,3.891,0,0,0,0,0,4.387,-3.255
PRRC2A,0,1.795,0,0,0,0,0,0,0,0,0,0,3.517,3.008,0,1.749,0,1.514,2.873,0,4.387
SNU13,0,0,0,0,0,0,0,0,0,0,0,0,0,0,0,0,0,4.386,0,0,3.814
ZEB2,0,0,0,0,0,0,0,0,0,0,0,0,0,0,0,0,0,0,0,4.385,2.918
ENSEMBL:ENSG00000267385,0,0,0,0,0,0,0,0,0,1.954,0,0,1.322,4.318,0,0,0,4.385,0,3.114,0
YBX1P10,0,0,0,0,0,-3.821,-4.385,0,0,0,0,0,0,0,0,0,0,0,0,0,0
LBR,0,0,0,0,0,0,0,0,0,3.186,0,0,1.978,4.384,0,0,0,-4.13,0,0,-2.109
HERPUD1,0,0,0,0,0,0,0,0,0,0,0,0,0,2.437,0,0,0,0,0,0,-4.383
ENSEMBL:ENSG00000279133,0,0,0,0,0,0,0,0,0,0,0,0,0,0,0,0,0,0,0,4.383,-1.663
NR1D2,0,0,0,0,0,0,0,0,0,0,0,0,0,-1.333,0,0,0,0,0,-4.381,-2.351
LSP1,0,0,0,0,0,1.856,4.379,3.522,0,1.572,0,1.674,0,2.377,0,0,0,0,0,0,0
OPA3,0,0,0,0,0,0,0,0,0,0,0,0,-1.652,0,0,0,0,0,0,-3.005,4.379
SPDYE18,0,0,0,0,0,0,0,0,0,0,0,0,0,0,0,0,0,0,0,-4.377,-1.954
ZNF571-AS1,0,0,0,0,0,0,0,0,0,0,0,0,0,0,0,0,0,0,0,-4.376,0
PECAM1,0,0,0,0,0,0,0,0,0,1.448,0,0,1.764,4.375,0,0,1.97,0,0,3.259,0
PCDH9,0,0,0,0,0,-2.696,-2.444,-1.766,0,0,0,-2.905,-1.759,-1.392,0,0,0,0,0,4.374,0
PCIF1,0,0,0,0,0,0,0,0,0,0,0,0,0,0,0,1.412,0,0,4.373,-2.855,-1.756
HOTAIRM1,0,0,0,0,0,0,0,0,0,0,0,0,1.598,4.372,0,0,0,0,0,0,0
RABL2A,0,0,0,0,0,0,0,0,0,0,0,0,-2.156,0,0,0,-2.383,0,0,-4.372,0
CEP57,0,0,0,0,0,0,0,0,0,0,0,0,0,0,0,0,0,0,0,-4.371,0
ZCCHC17,0,0,0,0,0,2.52,1.71,0,0,0,0,1.453,0,0,0,0,4.371,0,0,3.691,0
FASTKD3,0,0,0,0,0,0,0,0,0,0,0,0,0,0,0,0,0,0,0,-4.371,0
GAA,0,0,0,0,0,0,0,0,0,1.633,0,0,0,4.37,0,0,0,1.925,0,0,0
FAAP20,0,0,0,0,0,4.369,0,0,0,0,0,0,0,0,0,0,0,0,0,-1.614,0
GPR146,0,0,0,0,0,-3.759,-4.369,0,0,0,0,0,0,0,0,-1.828,0,0,0,0,0
UGCG,0,0,0,0,0,0,0,0,0,0,0,0,0,0,0,0,0,0,0,4.368,0
FADD,0,0,0,0,0,0,0,0,0,2.245,0,0,0,3.564,0,0,0,0,0,-4.367,0
MTSS2,0,0,0,0,0,0,0,0,0,0,0,0,0,0,0,1.673,0,0,4.367,0,-2.466
PTPN21,0,0,0,0,0,0,0,0,0,0,0,0,0,0,0,0,0,0,-1.937,2.018,4.365
TRIP11,0,0,0,0,0,0,0,0,0,0,0,0,0,0,0,-1.493,0,0,-4.363,0,0
BRD4,0,0,0,0,0,-1.536,-2.048,0,0,0,0,0,1.305,0,0,0,0,0,0,4.362,0
CALR,0,0,0,0,0,4.36,4.019,0,0,0,0,0,0,-1.892,0,0,1.42,1.386,0,0,0
TBRG1,0,0,0,0,0,0,0,0,0,0,0,0,0,0,0,0,0,0,0,0,4.36
CD151,0,0,0,0,0,3.395,0,1.321,0,0,0,1.777,0,0,0,0,0,0,0,0,4.36
GMEB2,0,0,0,0,0,0,0,0,0,0,0,0,0,0,0,0,0,0,0,4.359,0
DPH3,0,0,0,0,0,0,0,0,0,2.393,0,0,1.359,2.643,0,0,1.302,0,0,2.002,4.359
HCP5,0,0,0,0,0,0,0,0,2.848,0,0,1.778,4.359,0,0,4.242,-1.42,0,1.494,0,0
HSD3B7,0,0,0,0,0,2.514,0,0,0,0,0,0,0,0,0,0,4.357,0,0,1.763,0
CEP170,0,0,0,0,0,-2.215,0,0,0,1.732,0,0,0,1.427,0,2.083,0,0,-4.357,-2.513,-1.367
LNPK,0,0,0,0,0,0,0,0,0,0,0,0,0,0,0,0,0,0,1.947,0,-4.356
PAIP2,0,0,0,0,0,0,0,0,0,1.376,0,0,3.128,4.356,0,0,0,0,0,1.502,0
DNAJC5,0,0,0,0,0,0,0,0,2.171,3.021,0,0,4.177,4.355,0,0,2.429,0,0,0,0
NSMF,0,0,0,0,0,1.902,3.28,0,0,0,0,0,0,0,0,0,0,0,0,0,-4.352
ATP2B1,0,0,0,0,0,-4.349,-2.681,0,0,0,0,0,0,2.115,0,0,0,0,-1.49,4.314,0
COL28A1,0,0,0,0,0,0,0,0,0,0,0,0,0,0,0,0,0,-2.222,0,0,-4.349
PYROXD1,0,0,0,0,0,0,0,0,0,0,0,0,0,0,0,0,0,0,0,0,4.349
DDX18,0,0,0,0,0,0,0,0,0,0,0,0,0,0,0,0,0,0,0,4.349,0
RMND5A,0,0,0,0,0,-1.779,0,0,0,0,0,0,0,0,0,0,0,-1.663,0,1.397,-4.348
HLA-C,0,0,0,0,0,0,0,0,0,1.97,0,0,2.6,4.346,0,0,0,0,0,0,0
PRKAR2A,0,0,0,0,0,0,0,0,0,1.855,0,0,0,2.576,0,0,0,0,-2.548,4.346,0
UBC,0,0,0,0,0,0,0,0,0,1.972,0,0,1.651,4.346,0,-1.815,0,0,0,0,-1.347
PAFAH1B1,0,0,0,0,0,0,0,0,0,2.657,0,0,1.641,4.345,0,0,0,0,0,0,0
LRRC32,0,0,0,0,0,0,0,0,0,0,0,0,0,0,0,3.177,-1.987,0,4.345,0,0
ZNF91,0,0,0,0,0,0,0,0,0,0,0,0,0,0,0,0,0,0,0,-4.343,0
HOXC9,0,0,0,0,0,0,0,0,0,0,0,0,0,0,0,0,0,0,0,-4.343,0
CAMKK1,0,0,0,0,0,0,0,0,0,0,0,1.305,0,2.767,0,0,0,0,0,0,4.342
CAMSAP2,0,0,0,0,0,0,0,0,0,0,0,0,0,0,0,0,2.131,0,0,4.341,0
CCNG2,0,0,0,0,0,-1.502,0,0,0,3.495,0,0,0,4.116,0,0,0,0,0,0,-4.341
FAM217B,0,0,0,0,0,0,0,0,0,0,0,0,0,2.405,0,-1.883,0,4.006,-2.019,-4.34,3.814
RFX2,0,0,0,0,0,0,0,0,0,1.501,0,0,0,4.337,0,0,0,0,0,0,0
CYTOR,0,0,0,0,0,0,0,0,0,0,0,0,0,0,0,0,2.505,0,0,4.333,0
TAOK1,0,0,0,0,0,-1.311,0,0,0,0,0,0,0,0,0,0,0,0,-4.333,0,0
CNR2,0,0,0,0,0,-1.751,-3.895,-1.88,0,-2.095,0,-4.332,-3.707,-3.133,0,0,0,0,0,0,0
ADAR,0,0,0,0,0,0,0,0,0,2.482,0,0,2.744,4.332,0,0,0,0,0,-2.893,0
FKBP1A,0,-1.315,0,0,0,0,0,0,0,2.304,0,0,3.757,4.331,0,0,0,0,0,1.991,0
ENSEMBL:ENSG00000265399,0,0,0,0,0,0,0,0,0,0,0,0,0,0,0,0,0,0,0,4.33,0
MAL,0,0,0,0,0,0,-4.329,-2.171,0,-1.704,0,-2.959,-2.028,-4.213,0,0,0,0,0,0,0
SLC25A18,0,0,0,0,0,0,0,0,0,0,0,0,0,0,0,0,4.328,2.353,0,0,0
DENND4A,0,0,0,0,0,-1.923,-1.426,0,0,0,0,0,0,-1.508,0,0,0,-2.976,0,0,-4.328
RPL23A,0,0,0,0,0,0,0,0,0,-3.062,0,0,0,-4.328,0,0,0,0,0,1.548,0
SERPINB9P1,0,0,0,0,0,-3.371,-4.327,-3.856,0,-1.568,0,-4.085,-1.655,-2.947,0,0,0,0,0,-3.93,0
CDKN2D,0,0,0,0,0,0,0,0,0,0,0,2.212,4.327,3.209,0,0,0,0,0,0,0
ENSEMBL:ENSG00000262370,0,0,0,0,0,0,0,0,0,3.198,0,0,0,4.326,0,0,-2.32,0,0,0,0
SURF4,0,0,0,0,0,4.326,1.432,0,0,0,0,0,1.421,0,0,0,0,0,0,0,0
SMIM12,0,0,0,0,0,0,0,0,0,0,0,0,0,0,0,0,0,1.868,0,4.326,2.192
RN7SKP23,0,0,0,0,0,0,0,0,0,0,0,0,0,0,0,0,0,0,0,-4.326,0
GNL3,0,0,0,0,0,0,0,0,0,0,0,-1.472,-3.029,-1.441,0,0,0,0,0,4.326,0
TRAPPC9,0,0,0,0,0,0,0,0,0,0,0,0,0,0,0,0,0,0,4.324,4.029,0
PGM1,0,0,0,0,0,0,0,0,0,2.529,0,0,1.819,4.324,0,0,0,0,1.315,0,-1.661
RPTOR,0,0,0,0,0,0,0,0,0,0,0,0,-1.306,-3.163,0,-3.522,0,1.697,-4.323,1.449,0
CHKB-CPT1B,0,0,0,0,0,0,0,0,0,0,0,0,0,0,0,0,0,4.322,0,0,1.527
HNRNPA1,0,-1.935,0,0,0,0,0,0,0,-1.557,0,0,0,-2.655,0,0,0,0,-1.303,4.321,0
TRIOBP,0,0,0,0,0,0,0,0,0,2.119,0,0,0,1.589,0,4.321,0,0,2.408,0,0
SLC9B2,0,0,0,0,0,0,0,0,0,0,0,0,0,0,0,0,2.692,0,0,4.32,0
NAALAD2,0,0,0,0,0,0,0,0,0,0,0,0,0,0,0,0,-4.186,0,0,-4.32,0
PIK3C2B,0,0,0,0,0,-3.039,-2.661,0,0,0,0,0,0,-1.384,0,0,0,0,0,-4.32,0
FAM215B,0,0,0,0,0,0,0,0,0,0,0,0,0,0,0,0,0,0,0,-4.316,0
SMCO4,0,0,0,0,0,0,0,0,0,0,0,0,0,0,0,0,0,0,0,0,4.315
CENPBD1,0,0,0,0,0,0,0,0,0,0,0,0,0,0,0,0,0,0,-4.313,0,0
MARK3,0,0,0,0,0,-1.487,0,0,2.456,0,0,0,3.211,0,0,0,1.513,0,-4.312,0,-2.253
PALB2,0,0,0,0,0,0,0,0,0,0,0,0,0,0,0,0,4.312,0,0,0,0
GNG2,0,0,0,0,0,0,2.909,0,0,2.87,0,2.553,2.888,4.311,0,0,0,0,0,0,0
ZFAND3,0,0,0,0,0,0,0,0,1.776,2.222,0,0,3.953,4.311,0,0,0,0,0,0,0
DOC2B,0,0,0,0,0,0,0,0,0,0,0,0,0,0,0,4.309,0,0,3.781,3.532,0
TLR1,0,0,0,0,0,-2.192,-2.141,0,0,2.899,0,0,1.391,4.309,0,0,0,0,0,0,0
ZNF487,0,0,0,0,0,0,0,0,0,1.939,0,0,1.354,4.309,0,0,0,0,0,0,0
YAF2,0,0,0,0,0,0,0,0,0,0,0,0,0,0,0,-1.386,0,0,0,4.309,4.083
CSRP1,0,0,0,0,0,0,0,0,0,0,0,0,0,0,0,4.307,0,0,3.659,0,0
FMNL2,0,0,0,0,0,0,0,0,0,0,0,0,0,0,0,0,0,0,0,4.307,0
COQ7,0,0,0,0,0,0,0,0,0,0,0,0,0,0,0,0,0,0,-1.692,0,-4.307
FANCE,0,0,0,0,0,0,0,0,0,0,0,0,0,0,0,0,4.306,0,0,2.687,0
IL7R,0,0,0,0,0,-3.498,-3.449,0,0,-2.172,0,0,0,-4.306,0,0,0,0,0,0,0
ADAM28,0,0,0,0,0,-2.134,-4.305,-1.786,0,0,0,-1.63,0,0,0,0,0,0,0,0,0
BLOC1S2,0,0,0,0,0,0,0,0,0,0,0,0,0,0,0,0,0,0,0,0,4.304
HS6ST1,0,0,0,0,0,1.52,4.302,0,0,0,0,0,0,0,0,0,0,0,0,0,0
EPC2,0,0,0,0,0,0,-1.303,0,0,0,0,0,0,0,0,0,-4.3,-1.73,0,0,-3.176
PDC-AS1,0,0,0,0,0,0,0,0,0,0,0,0,0,0,0,0,0,0,0,-4.299,0
ENSEMBL:ENSG00000267127,0,0,0,0,0,0,0,0,0,0,0,0,0,0,0,0,0,0,0,-4.298,1.806
GPER1,0,0,0,0,0,0,0,-1.313,0,0,0,0,0,0,0,0,-4.297,0,0,-3.609,0
CCDC93,0,0,0,0,0,0,0,0,0,0,0,0,0,0,0,0,4.297,0,0,-1.444,0
HABP2,0,0,0,0,0,0,0,0,0,0,0,0,0,0,0,0,0,0,0,4.297,0
JKAMP,0,0,0,0,0,0,0,0,0,3.343,0,0,0,2.492,0,0,0,0,0,-4.297,0
TBC1D31,0,0,0,0,0,0,0,0,0,0,0,0,0,0,0,0,-1.813,0,0,-4.297,0
PREPL,0,0,0,0,0,-2.129,0,0,0,0,0,0,0,0,0,0,0,0,0,4.287,4.296
MLPH,0,0,0,0,0,0,0,0,0,0,0,0,0,0,0,0,4.295,0,0,0,0
ZNF577,0,0,0,0,0,0,0,0,0,0,0,0,0,0,0,0,0,0,0,-4.294,0
INTS9,0,0,0,0,0,0,0,0,0,0,0,0,0,-1.439,0,0,0,0,0,-4.294,0
ENSEMBL:ENSG00000259495,0,0,0,0,0,0,0,0,0,0,0,0,0,0,0,0,0,0,0,-4.294,-1.407
B3GNTL1,0,0,0,0,0,0,0,0,0,1.315,0,0,0,4.29,0,0,0,2.23,0,-3.254,1.835
HSD17B11,0,0,0,0,0,0,0,0,1.685,3.537,0,0,3.233,4.29,0,0,-1.451,0,0,0,0
DESI2,0,0,0,0,0,0,0,0,0,0,0,0,0,0,0,0,0,0,0,0,-4.29
ZCCHC9,0,0,0,0,0,0,0,0,0,0,0,0,0,0,0,0,4.289,0,0,0,0
ACSM5,0,0,0,0,0,0,0,0,0,0,0,0,0,0,0,0,0,-1.584,0,-1.585,-4.288
PPM1F,0,0,0,0,0,0,0,0,1.345,3.44,0,0,2.422,4.288,0,0,0,0,0,-3.28,0
MEN1,0,0,0,0,0,1.49,2.88,0,0,0,0,0,0,-1.594,0,0,0,0,0,-4.288,0
ENSEMBL:ENSG00000237094,0,0,0,0,0,0,0,0,0,2.083,0,0,1.542,4.288,0,0,0,0,0,-2.081,0
ZNF420,0,0,0,0,0,0,0,0,0,0,0,0,0,0,0,0,0,0,0,-4.286,0
ABHD11,0,0,0,0,0,0,0,0,0,0,0,0,0,0,0,0,0,4.283,0,0,2.918
GEMIN7,0,0,0,0,0,4.282,0,0,0,0,0,0,0,0,0,0,0,0,0,0,0
ENSEMBL:ENSG00000283662,0,0,0,0,0,0,0,0,0,0,0,0,0,0,0,0,0,0,0,-4.282,1.836
RPS12,0,0,0,0,0,-1.537,-4.282,0,0,-1.921,0,0,0,-2.833,0,0,0,0,0,0,0
FBH1,0,0,0,0,0,0,0,0,0,0,0,0,0,0,0,0,0,0,0,4.282,0
PLCL2,0,0,0,0,0,0,0,0,0,0,0,0,0,0,0,-4.281,0,0,-3.827,-3.814,0
TMEM154,0,0,0,0,0,-1.972,0,0,0,2.994,0,0,2.316,4.28,0,0,0,0,0,0,0
AKNA,0,0,0,0,0,0,1.73,0,0,1.348,0,1.569,4.28,1.904,0,0,0,0,0,0,0
MAP3K6,0,0,0,0,0,0,0,0,0,0,0,0,0,0,0,0,4.037,0,0,4.28,0
PYGO1,0,0,0,0,0,0,0,0,0,0,0,0,0,0,0,0,2.973,0,-2.16,3.928,-4.28
RPS3,0,0,0,0,0,0,0,0,0,-2.505,0,0,0,-4.28,0,0,0,0,0,3.402,0
TMEM167B,0,0,0,0,0,0,0,0,0,2.546,0,0,2.036,4.279,0,0,0,-1.348,0,0,0
AHI1,0,0,0,0,0,0,0,0,0,0,0,0,0,0,0,0,0,-1.754,0,0,-4.278
SVBP,0,0,0,0,0,0,0,0,0,0,0,0,0,0,0,0,-4.278,0,0,-3.448,0
ERMAP,0,0,0,0,0,0,0,0,0,0,0,0,0,0,0,0,-2.26,0,0,-4.278,0
PTOV1-AS2,0,0,0,0,0,0,2.14,0,0,0,0,0,0,0,0,0,-2.57,0,0,-4.278,0
JPH1,0,0,0,0,0,0,0,0,0,0,0,0,0,0,0,2.392,0,-4.277,3.778,-2.14,-2.383
ABCC6,0,0,0,0,0,0,0,0,0,0,0,0,0,0,0,0,0,0,0,-4.277,0
ICMT,0,-1.946,0,0,0,0,0,0,0,0,0,0,0,0,0,0,0,0,0,0,4.276
OSTM1,0,0,0,0,0,0,0,0,0,0,0,0,0,1.597,0,0,0,0,0,0,4.275
CPNE2,0,0,0,0,0,0,0,0,0,1.982,0,0,3.008,4.275,0,0,0,0,0,0,0
NCBP2AS2,0,0,0,0,0,0,0,0,0,0,0,0,0,0,0,0,0,4.275,0,0,3.417
C1orf216,0,0,0,0,0,1.64,3.629,0,0,0,0,0,0,0,0,0,4.274,0,0,2.563,0
NUP188,0,1.314,0,0,0,0,0,0,0,-1.379,0,0,0,-1.835,0,0,0,0,4.273,2.411,0
SORBS3,0,0,0,0,0,0,0,0,0,-2.354,0,0,-3.223,-2.553,0,-2.36,0,0,-3.36,-2.39,-4.272
TRAF1,0,0,0,0,0,0,0,0,0,-2.834,0,0,0,-4.272,0,0,0,0,0,-2.733,0
LINC01359,0,0,0,0,0,0,0,0,0,0,0,0,0,0,0,0,-1.751,0,0,-4.271,0
FMNL1,0,0,0,0,0,0,1.386,2.264,0,1.903,0,2.484,3.53,4.27,0,0,0,0,0,0,0
ANTXR2,0,0,0,0,0,0,0,0,1.42,3.18,0,0,2.881,4.27,0,0,0,0,0,0,0
SAMHD1,0,0,0,0,0,0,0,0,0,-3.952,0,0,0,-4.269,0,0,0,0,0,0,0
CCNDBP1,0,0,0,0,0,0,0,0,0,3.078,0,0,2.427,4.269,0,0,-1.995,0,0,0,0
PRKCD,0,-1.578,0,0,0,0,0,0,2.05,2.222,0,0,4.269,3.887,0,0,0,0,0,0,0
PTK2B,0,0,0,0,0,0,0,0,0,1.87,0,0,3.052,4.268,0,0,0,0,0,0,0
STAG3,0,0,0,0,0,0,0,0,0,0,0,0,0,0,0,0,0,-1.76,0,4.267,-2.278
CLIC4,0,0,0,0,0,-1.394,0,0,0,0,0,0,0,0,0,1.563,3.962,0,1.563,4.267,0
DHRS7,0,0,0,0,0,1.321,0,2.067,1.716,2.538,0,2.241,2.9,4.267,0,0,0,0,0,0,-1.414
MPP3,0,0,0,0,0,0,0,0,0,0,0,0,0,0,0,0,2.441,0,0,4.267,0
POLM,0,0,0,0,0,0,0,0,0,0,0,0,0,0,0,0,0,0,-2.402,-4.265,0
DNAJB2,0,0,0,0,0,0,-2.381,0,0,0,0,0,0,0,0,0,0,0,0,0,4.264
ARAP1,0,0,0,0,0,0,0,0,0,2.815,0,0,2.738,4.264,0,0,0,0,0,-2.741,0
TACO1,0,0,0,0,0,0,0,0,-1.308,0,0,-1.5,-1.692,-1.342,0,0,0,4.264,0,0,1.73
ENSEMBL:ENSG00000279738,0,0,0,0,0,0,0,0,-1.474,-1.338,0,0,-3.101,-4.263,0,0,0,0,0,1.919,0
MYO9A,0,0,0,0,0,0,0,0,0,0,0,0,0,0,0,-1.464,0,0,-4.263,0,0
ENSEMBL:ENSG00000238035,0,0,0,0,0,0,0,0,0,1.935,0,0,0,4.263,0,0,0,0,0,-1.704,0
CISD1,0,0,0,0,0,0,0,0,0,0,0,0,0,0,0,0,0,4.261,0,0,3.871
PHF13,0,0,0,0,0,0,0,0,1.551,0,0,1.421,4.261,0,0,0,0,0,0,0,0
TLN1,0,-1.83,0,0,0,0,0,0,0,1.997,0,0,4.261,3.741,0,0,0,0,2.224,1.659,0
LYL1,0,2.76,0,0,0,-1.886,-4.261,0,0,0,0,0,0,0,0,0,0,0,0,0,0
ENSEMBL:ENSG00000248538,0,0,0,0,0,0,0,0,0,0,0,0,0,0,0,0,1.614,0,0,0,4.26
RPL3,0,0,0,0,0,0,0,0,0,-2.43,0,0,0,-4.26,0,0,0,0,0,0,0
CHRNA10,0,0,0,0,0,0,0,0,0,0,0,0,0,0,0,0,0,0,0,-4.181,-4.259
WDR12,0,0,0,0,0,0,0,0,0,0,0,0,-1.334,0,0,0,2.268,0,0,4.258,0
S100A12,0,0,0,0,0,1.856,3.026,2.328,1.351,2.221,0,0,1.564,4.257,0,0,0,0,0,0,0
VNN3,0,0,0,0,0,0,0,0,3.14,2.672,0,0,3.866,4.257,0,0,0,0,0,0,0
ZFYVE28,0,0,0,0,0,4.127,4.256,0,0,0,0,0,0,0,0,0,0,0,0,0,0
ARHGAP21,0,0,0,0,0,0,0,0,0,0,0,0,1.416,0,0,0,0,0,1.531,0,-4.256
MZF1,0,0,0,0,0,0,0,0,0,0,0,0,0,0,0,0,0,0,0,-4.252,0
C11orf96,0,1.303,0,0,0,0,0,0,0,0,0,0,0,0,0,4.249,0,0,2.925,2.561,0
IST1,0,0,0,0,0,0,0,0,0,0,0,0,3.485,4.108,0,-4.248,0,0,0,0,0
EMP1,0,0,0,0,0,0,0,0,0,0,0,0,0,0,0,2.798,1.509,0,4.248,3.206,0
RAB11FIP5,0,0,0,0,0,1.424,0,0,0,0,0,0,0,0,0,-4.22,0,0,-4.247,1.486,0
ANKRD39,0,0,0,0,0,0,0,0,0,0,0,0,0,0,0,0,0,1.68,3.255,3.156,4.246
GRHL1,0,0,0,0,0,0,0,0,0,0,0,0,0,0,0,0,0,0,0,4.246,2.276
FOXJ2,0,0,0,0,0,0,0,0,0,0,0,0,1.542,0,0,0,0,0,0,0,-4.245
NKAIN2,0,0,0,0,0,0,0,0,0,0,0,0,0,0,0,0,0,0,0,0,-4.245
KLHL12,0,0,0,0,0,0,0,0,0,0,0,0,0,0,0,0,0,0,0,-4.244,0
ASPA,0,0,0,0,0,0,0,0,0,0,0,0,0,0,0,0,0,4.244,0,0,1.571
FBXO31,0,0,0,0,0,0,0,0,0,-2.109,0,0,0,-2.334,0,0,2.19,0,0,0,-4.243
CCDC117,0,0,0,0,0,0,2.111,2.289,1.555,0,0,0,0,0,0,1.556,0,0,1.681,4.243,0
EIF3D,0,0,0,0,0,0,0,0,0,0,0,0,0,0,0,0,0,0,0,0,4.24
UPP1,0,0,0,0,0,1.879,1.973,0,0,0,0,0,0,1.58,0,0,1.364,2.115,0,3.931,4.239
BMP6,0,0,0,0,0,0,0,0,0,0,0,0,2.472,0,0,0,4.238,0,0,2.119,0
DCBLD1,0,0,0,0,0,0,0,0,0,0,0,0,0,0,0,2.579,4.236,0,1.729,0,0
HMGCR,0,0,0,0,0,0,0,0,1.593,2.599,0,0,2.795,4.235,0,0,0,0,0,2.94,0
MMP9,0,0,0,0,0,0,1.704,0,0,2.798,0,0,1.526,4.234,0,0,0,0,0,0,0
LINC00174,0,0,0,0,0,0,0,0,0,0,0,0,0,0,0,0,0,0,0,-4.231,0
GTF2H1,0,0,0,0,0,0,0,0,0,0,0,0,0,0,0,0,4.231,0,0,0,0
LIMD1-AS1,0,0,0,0,0,0,0,0,0,0,0,0,0,0,0,0,4.231,0,0,0,0
TPGS2,0,0,0,0,0,-3.594,-4.23,0,0,0,0,0,1.393,0,0,0,0,0,0,0,0
SPTBN4,0,0,0,0,0,0,0,0,0,0,0,0,0,0,0,0,4.229,3.167,0,0,1.619
USF1,0,0,0,0,0,0,0,0,0,0,0,1.442,1.966,0,0,0,0,0,0,-4.226,0
PSMD4,0,0,0,0,0,0,0,0,0,0,0,0,0,0,0,2.486,0,0,4.226,0,0
ENSEMBL:ENSG00000272037,0,0,0,0,0,0,0,0,0,0,0,0,0,0,0,1.621,0,0,4.226,0,0
MEGF8,0,0,0,0,0,0,0,0,0,0,0,0,0,-1.394,0,0,0,0,0,-4.225,0
LINC02256,0,0,0,0,0,3.296,4.225,0,0,0,0,0,0,0,0,0,0,0,0,0,0
POC5,0,0,0,0,0,0,0,0,0,0,0,0,0,0,0,0,0,0,0,-4.225,0
DPM2,0,0,0,0,0,0,-4.224,0,0,0,0,0,0,-1.803,0,0,0,0,0,1.728,1.445
ZNF75A,0,0,0,0,0,0,0,-3.525,-2.099,-1.729,0,-2.448,-2.705,0,0,-1.885,0,0,-4.224,-3.554,0
ENSEMBL:ENSG00000272941,0,0,0,0,0,0,0,0,0,0,0,0,0,0,0,0,4.224,0,0,0,-2.258
FAS,0,0,0,0,0,-1.495,0,0,0,3.076,0,0,0,4.222,0,0,0,0,0,0,0
LAD1,0,0,0,0,0,0,0,0,0,0,0,0,0,0,0,-1.812,-2.849,0,0,-4.222,1.645
NSUN5,0,0,0,0,0,0,0,0,0,0,0,0,0,0,0,0,0,0,0,0,4.222
RGS10,0,0,0,0,0,-3.396,-4.221,0,0,-1.432,0,0,0,0,0,0,0,0,0,0,0
RPL22,0,0,0,0,0,0,0,0,0,-2.483,0,0,0,-4.219,0,0,0,0,0,0,0
LSM8,0,0,0,0,0,0,0,0,0,0,0,0,0,0,0,0,0,0,0,-4.219,2.349
DENND1C,0,0,0,0,0,4.218,4.214,0,0,0,0,2.141,0,0,0,0,0,0,0,0,0
ZNF528,0,0,0,0,0,0,0,0,0,0,0,0,-1.512,0,0,0,0,0,0,-4.218,0
ENSEMBL:ENSG00000264490,0,0,0,0,0,0,0,0,0,0,0,0,0,0,0,0,0,0,0,0,4.218
ZNF217,0,0,0,0,0,-4.217,-2.989,0,0,2.072,0,0,0,2.07,0,0,0,0,0,0,0
PLGLB2,0,0,0,0,0,0,0,0,0,0,0,0,0,0,0,0,0,0,0,-4.217,0
CLEC16A,0,0,0,0,0,0,0,0,0,0,0,0,0,0,0,0,0,0,1.719,4.216,3.519
ATP6V0D1,0,0,0,0,0,0,0,0,0,2.018,0,0,1.972,3.092,0,0,0,1.986,0,0,4.215
BBC3,0,0,0,0,0,0,0,0,0,2.684,0,0,0,4.213,0,1.422,0,0,0,0,-1.389
FOXD2-AS1,0,0,0,0,0,0,4.213,0,0,0,0,0,0,0,0,0,0,0,0,0,0
COG2,0,0,0,0,0,0,0,0,-1.643,0,0,0,-3.074,0,0,0,0,0,0,-4.212,0
FOXM1,0,0,0,0,0,0,0,0,0,0,0,0,0,0,0,0,0,0,0,-4.207,0
COX10,0,0,0,0,0,0,0,0,0,0,0,0,0,0,0,0,0,4.207,0,0,3.652
HOXC4,0,0,0,0,0,0,0,0,0,0,0,0,0,0,0,-1.743,-2.256,0,-2.174,-4.206,0
TKT,0,0,0,0,0,0,0,0,0,2.389,0,0,2.314,4.205,0,0,0,0,0,0,0
RPL5,0,0,0,0,0,0,0,0,0,-2.731,0,0,0,-4.205,0,0,0,0,0,0,0
HPS4,0,0,0,0,0,0,0,0,0,0,0,0,0,0,0,-1.524,4.205,0,0,-2.131,-1.511
ADRA2B,0,0,0,0,0,0,0,0,0,0,0,0,0,0,0,0,-4.204,0,0,-3.373,0
AMACR,0,0,0,0,0,0,0,0,0,0,0,0,0,0,0,0,-1.334,0,0,-4.203,0
NPIPP1,0,0,0,0,0,0,1.53,0,0,0,0,0,0,0,0,0,0,-1.86,0,-4.203,-3.663
CHRM3-AS2,0,0,0,0,0,-4.202,-4.025,-1.695,0,0,0,0,0,0,0,0,0,0,0,0,0
LTO1,0,0,0,0,0,0,0,0,0,0,0,0,0,0,0,0,0,0,0,-4.201,0
RBL1,0,0,0,0,0,0,0,0,0,0,0,0,0,0,0,0,0,1.816,0,-4.2,0
CD79A,0,0,0,0,0,0,-4.2,-2.3,0,0,0,-2.046,-2.49,-1.921,0,0,0,0,0,0,0
ENSEMBL:ENSG00000167912,0,0,0,0,0,0,4.196,0,0,0,0,0,0,0,0,0,0,0,0,0,0
PPFIA1,0,-1.587,0,0,0,0,0,0,1.835,2.959,0,0,1.924,4.195,0,0,0,0,-2.538,0,-2.566
ETFDH,0,0,0,0,0,0,0,0,0,1.865,0,0,0,1.597,0,0,0,4.195,0,0,0
FAM135A,0,0,0,0,0,0,0,0,0,0,0,0,0,0,0,0,-1.671,0,0,-4.194,0
FERMT3,0,0,0,0,0,1.433,0,1.732,1.397,0,0,1.73,4.193,0,0,0,0,0,0,0,0
ZBED4,0,0,0,0,0,0,0,0,0,0,0,0,0,0,0,0,2.06,0,0,4.193,0
REPS1,0,0,0,0,0,0,0,0,0,0,0,0,0,0,0,2.115,0,0,-4.193,0,0
HBQ1,0,0,0,0,0,-2.689,-4.192,0,0,0,0,0,0,0,0,0,0,0,0,0,0
GNAZ,0,0,0,0,0,0,0,0,0,0,0,0,4.192,0,0,0,0,0,0,0,0
ZNF777,0,0,0,0,0,0,0,0,0,-1.43,0,0,-1.769,-1.961,0,0,0,0,0,0,-4.191
PEA15,0,0,0,0,0,0,0,0,0,0,0,0,0,-2.727,0,0,0,0,0,2.473,4.191
CAMK4,0,0,0,0,0,-4.191,-3.045,0,0,0,0,0,0,0,0,0,0,0,0,0,0
ENPP4,0,0,0,0,0,0,2.137,0,0,0,0,0,0,0,0,0,0,4.19,0,0,0
DDX11,0,0,0,0,0,0,0,0,0,0,0,0,0,0,0,0,0,0,0,4.189,3.774
MORF4L1,0,0,0,0,0,0,0,0,0,1.867,0,0,4.189,3.319,0,0,0,0,0,0,0
LILRA2,0,0,0,0,0,0,0,0,1.34,2.57,0,0,2.273,4.189,0,0,0,0,0,0,0
NAA25,0,0,0,0,0,-1.484,0,0,0,0,0,0,-1.607,0,0,0,0,0,0,4.188,0
FBXW8,0,0,0,0,0,0,0,0,0,0,0,0,0,0,0,0,0,0,0,-4.188,0
PHOSPHO1,0,0,0,0,0,-2.339,-4.187,0,1.337,1.462,0,0,2.106,2.309,0,0,0,0,0,0,0
NIBAN1,0,0,0,0,0,-1.937,0,0,0,2.013,0,0,2.097,4.186,0,0,0,0,0,0,0
ERLIN1,0,0,0,0,0,0,0,0,0,2.296,0,0,0,4.184,0,0,0,0,0,0,0
PSTPIP2,0,0,0,0,0,0,0,0,0,0,0,0,2.913,4.184,0,0,0,0,0,0,-2.982
FAM110A,0,0,0,0,0,0,1.887,1.313,0,0,0,1.593,0,0,0,0,0,-1.937,0,-4.183,-3.301
PCED1B-AS1,0,0,0,0,0,0,0,0,0,-2.145,0,0,-1.495,-4.181,0,0,0,0,0,0,0
GIT2,0,0,0,0,0,0,0,0,1.368,1.68,0,0,4.181,3.86,0,0,2.419,0,0,-1.916,0
ZNF593,0,0,0,0,0,0,0,0,0,0,0,0,0,0,0,0,0,0,0,1.955,4.18
TMEM214,0,0,0,0,0,0,4.179,0,0,0,0,0,0,0,0,0,0,0,0,2.439,3.556
ACAP2,0,0,0,0,0,-1.868,0,0,0,1.841,0,0,0,2.065,0,0,0,0,0,-4.174,0
PLAAT4,0,0,0,0,0,4.172,3.791,0,0,-2.039,0,0,0,-2.309,0,0,0,0,0,0,0
LOXL2,0,0,0,0,0,0,0,0,0,0,0,0,0,0,0,0,2.701,0,0,4.172,0
ENSEMBL:ENSG00000284946,0,0,0,0,0,0,0,0,0,0,0,0,0,0,0,0,0,0,0,-4.171,0
ZFYVE16,0,0,0,0,0,-1.727,0,0,0,2.874,0,0,0,4.17,0,0,0,0,0,0,0
H3P6,0,0,0,0,0,0,0,0,0,1.589,0,0,3.092,4.169,0,0,0,0,0,0,0
HCAR3,0,0,0,0,0,0,0,0,0,3.616,0,0,2.727,4.168,0,0,0,0,0,0,0
KLHL23,0,0,0,0,0,0,0,0,0,0,0,0,0,0,0,0,0,0,0,0,-4.168
SBDSP1,0,0,0,0,0,0,0,0,0,0,0,0,0,0,0,0,0,0,0,4.168,0
LIN9,0,0,0,0,0,0,0,0,0,0,0,0,0,0,0,0,0,0,0,-4.168,-1.982
ORAI3,0,0,0,0,0,0,0,0,0,0,0,0,0,0,0,0,0,0,0,-4.166,-1.565
ZNF76,0,0,0,0,0,0,0,0,0,0,0,0,0,-1.552,0,0,0,0,0,-4.166,0
C1orf35,0,0,0,0,0,0,0,0,0,0,0,0,0,0,0,0,0,0,0,-4.165,0
TNNI2,0,0,0,0,0,0,0,0,0,0,0,0,0,0,0,3.076,0,0,4.165,1.809,0
AMY2B,0,0,0,0,0,0,0,0,0,0,0,0,0,0,0,0,0,0,0,-4.162,-2.203
ZMAT5,0,0,0,0,0,0,0,0,0,0,0,0,0,0,0,0,0,0,0,-4.162,0
XK,0,0,0,0,0,-1.85,0,0,0,0,0,0,0,0,0,0,0,0,0,-4.162,0
APPL2,0,0,0,0,0,0,0,0,0,2.268,0,0,0,4.16,0,0,0,0,0,-1.454,0
GLTP,0,0,0,0,0,0,0,0,0,1.508,0,1.394,0,4.158,0,0,0,0,0,0,4.073
SRGAP1,0,0,0,0,0,0,0,0,0,0,0,0,0,0,0,0,1.825,0,0,4.157,0
LAIR1,0,0,0,0,0,2.061,0,0,-4.157,0,0,0,-2.614,-2.276,0,0,0,0,0,0,0
ARHGAP35,0,0,0,0,0,0,0,0,0,0,0,0,0,0,0,-2.283,0,0,-4.157,0,0
DDX19A,0,0,0,0,0,0,0,0,0,-2.161,0,0,0,-4.156,0,0,0,0,0,0,0
CDC23,0,0,0,0,0,0,0,0,0,0,0,0,0,0,0,0,0,0,0,-4.155,-1.373
REV3L,0,0,0,0,0,-1.95,0,0,0,0,0,0,0,0,0,0,4.154,0,0,0,0
ITGB7,0,0,0,0,0,4.153,3.123,0,0,-1.914,0,0,0,-3.267,0,0,0,0,0,0,0
IL6ST,0,0,0,0,0,-4.153,-1.506,0,0,0,0,0,0,0,0,0,0,0,0,0,-1.583
PRUNE1,0,0,0,0,0,0,0,0,1.339,0,0,1.73,4.152,1.65,0,0,0,0,0,0,0
ATG2B,0,0,0,0,0,-2.134,0,0,0,0,0,0,0,0,0,0,0,0,-4.152,2.529,-1.904
EXOC1,0,-2.477,0,0,-1.373,-1.61,0,0,0,0,0,0,0,0,0,0,0,0,-4.152,-2.584,2.203
PDLIM1,0,0,0,0,0,0,0,0,0,0,0,0,0,0,0,-4.152,0,0,-1.65,0,-1.404
ZNF431,0,0,0,0,0,0,0,0,0,0,0,0,0,0,0,0,-2.443,0,0,-4.151,0
RRP7A,0,0,0,0,0,0,0,0,0,0,0,0,0,-1.448,0,0,0,0,0,0,4.151
ARMCX6,0,0,0,0,0,0,0,0,0,0,0,0,0,0,0,0,0,0,0,2.819,4.151
RAB37,0,0,0,0,0,0,0,0,0,0,0,1.947,2.498,4.151,0,0,0,0,0,0,0
LTBP4,0,0,0,0,0,4.149,2.775,0,0,0,0,0,0,0,0,0,0,0,0,0,0
ESYT3,0,0,0,0,0,0,0,0,0,0,0,0,0,0,0,0,0,0,0,4.149,1.727
PLCG1,0,0,0,0,0,0,0,0,0,-1.811,0,0,0,-4.148,0,0,0,0,-1.724,0,0
SPATA13,0,0,0,0,0,0,0,0,0,1.382,0,0,0,2.467,0,0,1.6,0,0,4.148,0
PPIL1,0,0,0,0,0,0,0,0,0,0,0,0,0,0,0,0,0,0,0,0,4.147
NDUFB3,0,0,0,0,0,0,0,0,0,1.34,0,0,2.312,4.147,0,0,0,0,0,0,0
MAN1C1,0,0,0,0,0,-4.145,-3.957,-1.972,0,-3.45,0,-2.434,-1.7,-3.402,0,0,0,0,0,-1.475,1.751
ENSEMBL:ENSG00000240219,0,0,0,0,0,0,0,0,0,0,0,0,0,0,0,0,0,0,0,0,4.145
ENSEMBL:ENSG00000289466,0,0,0,0,0,0,0,0,0,0,0,0,0,0,0,0,0,0,4.143,1.755,0
SDF4,0,0,0,0,0,4.143,1.721,0,0,0,0,0,0,0,0,0,0,2.093,0,1.62,1.656
ABCC5,0,0,0,0,0,0,0,0,0,2.067,0,0,1.845,4.142,0,0,0,0,0,-2.374,-3.652
HFM1,0,0,0,0,0,0,0,0,0,0,0,0,0,0,0,0,0,0,0,-4.141,0
IDH3B,0,0,0,0,0,4.141,0,0,0,0,0,0,0,0,0,0,0,1.647,0,0,0
PTP4A2,0,1.412,0,0,0,0,0,0,0,0,0,2.301,4.14,0,0,0,0,0,0,0,0
ABHD3,0,0,0,0,0,-1.976,0,0,0,2.147,0,0,0,4.14,0,0,0,0,0,2.99,2.301
MRPL20-AS1,0,0,0,0,0,0,0,0,-2.479,0,0,-1.864,-4.14,0,0,0,0,0,0,0,0
ZDHHC3,0,0,0,0,0,0,0,0,0,0,0,1.328,1.735,4.139,0,0,0,0,0,1.883,1.661
TBC1D2B,0,0,0,0,0,0,0,0,0,0,0,0,4.138,0,0,0,-1.86,0,0,-1.851,0
HERC2P9,0,0,0,0,0,0,0,0,0,0,0,0,0,0,0,0,-4.112,0,0,-4.137,0
ENOX1,0,0,0,0,0,0,0,0,0,0,0,0,0,0,0,0,0,-1.601,0,0,-4.136
CA3,0,0,0,0,0,0,0,0,0,0,0,0,0,0,0,0,0,0,2.495,4.136,-1.386
NFYC,0,0,0,0,0,0,0,0,0,1.385,0,0,0,4.134,0,0,0,1.6,0,0,0
GMPR2,0,0,0,0,0,0,0,0,0,1.566,0,0,2.028,4.133,0,0,0,0,0,-2.232,0
SC5D,0,0,0,0,0,0,0,0,0,0,0,0,0,0,0,0,0,1.569,0,-4.132,1.863
POLD3,0,0,0,0,0,0,0,0,0,0,0,0,1.61,3.169,0,0,0,0,0,-4.131,0
CCT4,0,0,0,0,0,0,0,0,0,0,0,0,0,-2.108,0,0,0,0,0,2.22,4.13
DNAJC2,0,-1.83,0,0,0,0,0,0,0,0,0,0,-1.338,0,0,2.174,0,0,4.13,0,2.175
CES2,0,0,0,0,0,0,0,-2.434,-3.23,0,0,-1.618,0,0,0,0,0,4.13,0,2.421,3.066
GAL3ST3,0,0,0,0,0,0,0,0,0,0,0,0,0,0,0,0,0,4.13,0,0,3.269
PFN1,0,1.36,0,0,0,4.13,2.736,0,0,0,0,2.5,1.402,0,0,0,0,0,0,0,1.361
DOCK4,0,0,0,0,0,-2.01,-1.655,0,0,0,0,0,0,0,0,-4.129,0,0,-3.264,0,-3.593
NOP2,0,0,0,0,0,0,0,0,0,0,0,0,0,0,0,0,0,0,0,4.129,0
SEPSECS,0,0,0,0,0,0,0,0,0,0,0,0,0,0,0,0,0,0,0,-4.128,0
SNX21,0,1.479,0,0,0,0,0,0,0,0,0,0,0,0,0,0,-1.481,0,0,-4.125,0
ENSEMBL:ENSG00000234338,0,0,0,0,0,0,0,0,0,0,0,0,0,0,0,0,0,0,0,-4.124,0
CWF19L2,0,0,0,0,0,0,0,0,0,0,0,0,0,0,0,2.589,0,0,4.123,0,0
DARS1,0,0,0,0,0,0,0,0,0,0,0,0,0,0,0,0,0,0,0,0,4.122
WIPF2,0,0,0,0,0,0,0,0,0,1.975,0,0,1.799,4.121,0,0,0,0,0,0,0
CEP170B,0,0,0,0,0,0,0,0,0,0,0,0,0,0,0,0,0,0,0,4.12,0
NXPE3,0,0,0,0,0,0,0,0,0,0,0,0,0,0,0,0,0,0,0,0,-4.12
GPRC5B,0,0,0,0,0,0,0,0,0,0,0,0,0,0,0,0,4.12,1.56,0,1.893,0
ZC3H7B,0,0,0,0,0,0,0,0,0,0,0,0,0,-1.841,0,-1.753,4.12,0,0,2.504,0
COG3,0,0,0,0,0,0,0,0,0,0,0,0,0,0,0,3.627,0,0,4.118,0,0
NUP93,0,0,0,0,0,0,0,0,0,0,0,0,0,0,0,0,0,3.604,4.118,-2.05,2.161
HSP90AB1,0,0,0,0,0,0,0,0,0,-1.864,0,0,0,-3.583,0,-1.583,0,0,-1.597,4.118,3.88
JPT2,0,0,0,0,0,0,0,0,0,0,0,0,0,-1.326,0,-4.117,0,0,-1.494,0,1.62
IL15,0,0,0,0,0,0,0,0,0,0,0,-1.357,0,0,0,0,0,0,0,-4.116,0
GLYR1,0,0,0,0,0,0,0,0,0,0,0,0,1.389,2.447,0,0,0,0,0,-4.116,0
PIGL,0,0,0,0,0,0,0,0,0,0,0,0,0,0,0,0,-2.112,0,0,-4.115,0
YRDC,0,0,0,0,0,1.573,0,0,0,0,0,0,0,0,0,0,0,0,0,4.115,0
KLHL7,0,0,0,0,0,0,0,0,0,0,0,0,0,0,0,0,0,0,0,-3.032,-4.115
TBC1D9,0,0,0,0,0,-1.484,-1.375,-1.326,0,0,0,-2.38,-1.34,0,0,4.114,1.302,0,3.219,0,0
HMG20B,0,0,0,0,0,4.113,1.709,0,0,0,0,1.834,0,0,0,0,0,0,0,0,0
POLR3D,0,0,0,0,0,0,0,0,0,0,0,0,0,0,0,0,0,0,0,4.113,0
IRAK3,0,0,0,0,0,0,0,0,0,2.3,0,0,1.476,4.111,0,1.434,0,0,1.671,1.767,0
MIR9-3HG,0,0,0,0,0,3.741,4.111,0,0,0,0,0,0,0,0,0,0,0,0,0,0
ZNF471,0,0,0,0,0,0,0,0,0,0,0,0,0,0,0,0,0,0,0,-4.109,0
ZNF37A,0,0,0,0,0,0,0,0,-1.702,0,0,0,-4.108,0,0,0,0,0,0,-3.627,0
VPS72,0,0,0,0,0,2.621,0,0,0,0,0,0,0,0,0,0,0,0,0,0,4.108
XPC-AS1,0,0,0,0,0,0,-1.441,0,0,1.672,0,0,0,4.108,0,0,0,0,0,0,0
ZNF469,0,0,0,0,0,0,0,0,0,0,0,0,-1.741,0,0,0,0,0,0,-4.107,0
SLC25A3,0,0,0,0,0,0,0,0,0,0,0,0,0,0,0,0,0,4.107,0,0,1.552
DCXR,0,0,0,0,0,1.659,3.24,0,0,0,0,0,0,0,0,0,0,4.107,0,0,0
ENSEMBL:ENSG00000268205,0,0,0,0,0,0,0,0,0,0,0,0,0,0,0,0,0,0,0,-4.106,0
STK36,0,0,0,0,0,0,0,0,0,0,0,0,0,0,0,0,0,0,0,-4.105,0
HES6,0,0,0,0,0,4.104,2.511,0,0,0,0,1.317,0,0,0,0,0,0,0,0,-1.807
ENSEMBL:ENSG00000273270,0,0,0,0,0,0,0,-1.775,-2.707,0,0,-2.339,-1.978,0,0,0,0,0,0,4.104,2.283
ZIC4,0,0,0,0,0,0,0,0,0,0,0,0,0,0,0,0,0,0,0,-4.102,0
DUSP3,0,0,0,0,0,0,0,0,1.619,0,0,0,3.322,0,0,0,3.256,0,0,4.102,3.208
NOC2L,0,-1.446,0,0,0,0,0,0,0,0,0,0,-4.1,-1.87,0,0,0,0,1.436,1.814,0
PRR14,0,0,0,0,0,0,0,0,0,0,0,2.259,3.858,4.1,0,1.554,0,0,3.645,0,0
SCML4,0,0,0,0,0,0,0,0,0,0,0,0,0,-4.1,0,0,0,0,0,0,0
PLAT,0,0,0,0,0,1.643,4.098,0,0,0,0,0,0,0,0,0,0,0,0,0,0
ABHD12,0,0,0,0,0,0,2.452,0,0,0,0,0,0,0,0,0,0,0,0,0,4.098
MUC20-OT1,0,0,0,0,0,0,0,0,0,0,0,0,0,0,0,0,0,0,4.098,0,0
CD36,0,0,0,0,0,0,0,0,-1.801,0,0,-2.527,-1.622,0,0,0,0,3.784,0,0,4.096
TSC22D4,0,0,0,0,0,0,0,0,1.416,1.48,0,2.502,4.096,2.429,0,0,0,0,0,-1.517,0
LAMA3,0,0,0,0,0,0,0,0,0,0,0,0,0,0,0,0,-4.095,0,0,-1.384,0
ENSEMBL:ENSG00000279500,0,0,0,0,0,0,0,0,0,0,0,0,0,0,0,0,0,0,4.095,3.438,0
PRKACA,0,0,0,0,0,0,0,0,0,1.789,0,0,2.864,4.094,0,0,0,0,0,0,0
PEAR1,0,0,0,0,0,0,0,0,0,0,0,0,0,0,0,0,-4.093,0,0,-2.462,0
CCDC121,0,0,0,0,0,0,0,0,0,0,0,0,0,0,0,0,0,0,0,-4.092,0
PRKACB,0,0,0,0,0,0,0,0,0,0,0,0,0,-1.606,0,1.955,-1.585,0,0,-4.092,0
FHIP1B,0,0,0,0,0,0,0,0,0,1.44,0,0,0,2.432,0,0,0,0,0,-2.209,-4.091
RCBTB2,0,0,0,0,0,0,0,0,0,0,0,0,1.856,1.32,0,0,0,0,0,0,-4.091
NPTN,0,0,0,0,0,0,0,0,0,2.556,0,0,1.891,3.707,0,0,0,0,0,0,4.091
OTX1,0,0,0,0,0,0,0,0,0,4.09,0,0,1.558,3.455,0,0,0,0,0,0,0
NNMT,0,0,0,0,0,0,0,0,0,0,0,0,0,0,0,0,0,0,0,4.09,0
ZMYM1,0,0,0,0,0,0,0,0,0,0,0,0,0,0,0,0,0,0,0,-4.09,0
PTP4A1,0,0,0,0,0,0,0,0,0,0,0,0,0,2.215,0,0,0,0,0,4.09,2.19
FRMD8,0,0,0,0,0,0,0,0,0,2.294,0,0,1.46,4.089,0,0,0,0,0,2.875,0
TNRC18,0,0,0,0,0,0,0,0,0,1.812,0,0,0,3.286,0,0,0,0,0,-4.088,-1.762
TRAF6,0,0,0,0,0,0,0,0,0,0,0,0,0,0,0,0,0,0,0,4.088,0
PLPP5,0,0,0,0,0,-1.651,-4.088,0,0,0,0,-1.653,0,0,0,0,0,0,0,0,-1.645
ACTA2-AS1,2.778,0,0,1.813,0,0,0,0,0,0,0,0,0,0,0,0,0,0,4.088,0,0
ENSEMBL:ENSG00000285979,0,0,0,0,0,0,0,0,0,0,0,0,0,0,0,0,0,0,0,-4.088,0
ENSEMBL:ENSG00000260279,0,0,0,0,0,0,0,0,0,0,0,0,0,0,0,-1.42,0,0,-4.087,0,0
ITGB3,0,0,0,0,0,0,0,0,1.678,0,0,0,4.084,0,0,0,2.18,0,0,2.238,0
MRPS31,0,0,0,0,0,0,0,0,0,0,0,0,0,0,0,0,0,4.083,0,0,2.71
PCMTD2,0,0,0,0,0,-2.185,-2.008,0,0,0,0,-1.855,0,0,0,0,0,0,0,0,-4.082
ADAMTS17,0,0,0,0,0,0,0,0,0,0,0,0,0,0,0,0,0,-1.345,0,0,-4.082
RPUSD1,0,0,0,0,0,0,0,0,0,0,0,0,-1.417,0,0,0,0,0,0,-2.718,4.082
MTARC1,0,0,0,0,0,0,0,1.779,3.394,3.233,0,1.337,3.489,4.08,0,0,0,0,0,0,0
RPL10A,0,0,0,0,0,0,0,0,0,-2.915,0,0,-1.367,-4.079,0,0,0,0,0,0,0
VPS37C,0,0,0,0,0,0,0,0,0,3.088,0,0,0,4.079,0,0,0,0,0,0,2.47
LINC00861,0,0,0,0,0,0,0,0,0,-2.088,0,0,0,-4.079,0,0,0,0,0,0,0
L2HGDH,0,0,0,0,0,0,0,0,0,0,0,0,0,0,0,0,0,0,0,0,-4.079
SENP2,0,0,0,0,0,0,0,0,0,2.866,0,0,1.554,4.078,0,0,0,0,0,0,0
ATP6V1A,0,0,0,0,0,0,0,0,0,3.537,0,0,1.905,4.076,0,0,0,0,0,0,0
ERCC6L2,0,0,0,0,0,0,0,0,0,0,0,0,0,0,0,0,-2.101,0,0,-4.076,0
RALY,0,0,0,0,0,2.423,0,0,0,0,0,0,0,0,0,0,0,3.687,0,0,4.075
HIVEP3,0,0,0,0,0,0,0,0,0,0,0,0,-1.569,-2.07,0,0,0,0,0,0,4.075
RFX7,0,0,0,0,0,-1.729,0,0,0,0,0,0,0,0,0,1.585,2.259,0,0,-4.075,-3.287
RPS6KA3,0,-1.83,0,0,0,-2.503,0,0,0,2.062,0,0,0,2.926,0,3.38,0,0,3.014,1.358,-4.071
MFSD14B,0,0,0,0,0,0,0,0,0,2.464,0,0,2.433,4.07,0,0,0,0,0,0,0
CD300LF,0,0,0,0,0,1.757,4.068,1.808,0,0,0,0,0,0,0,0,0,0,0,0,0
GOLGA6L9,0,0,0,0,0,0,0,0,0,0,0,0,0,0,0,0,0,0,0,-4.067,0
TMEM199,0,0,0,0,0,0,0,0,0,0,0,0,0,0,0,0,0,0,0,0,4.067
MIA2,0,0,0,0,0,0,0,0,0,2.165,0,0,0,4.067,0,0,0,0,2.004,-1.489,0
IL1B,0,0,0,0,0,0,0,0,0,0,0,0,2.512,4.067,0,0,0,0,0,0,0
RAD21,0,0,0,0,0,0,0,0,0,2.987,0,0,3.136,4.067,0,0,0,0,0,0,0
NMI,0,1.395,0,0,0,0,0,0,0,1.972,0,0,1.704,4.066,0,0,0,0,0,0,0
FBRS,0,0,0,0,0,0,0,0,1.486,2.402,0,0,3.137,4.066,0,0,0,0,0,-2.696,0
OAT,0,0,0,0,0,0,0,0,0,1.326,0,0,0,3.319,0,0,0,0,0,-2.025,-4.066
CARD8,0,0,0,0,0,-1.415,0,0,1.611,2.834,0,0,3.422,4.066,0,0,0,0,0,0,0
HERC2P3,0,0,0,0,0,0,0,0,0,0,0,0,0,0,0,0,-2.715,0,0,-4.064,-3.389
ZNF71,0,0,0,0,0,0,0,0,0,0,0,0,0,0,0,0,0,-1.581,0,-4.064,-3.417
ICAM3,0,0,0,0,0,0,0,0,0,2.555,0,0,2.041,4.062,0,0,0,0,0,0,0
RAP2C,0,0,0,0,0,0,0,0,0,2.671,0,0,2.371,4.062,0,0,0,0,0,0,0
SHKBP1,0,0,0,0,0,0,0,0,0,2.023,0,0,1.365,4.061,0,0,0,0,0,0,3.032
ATXN1,0,0,0,0,0,0,0,0,1.736,2.576,0,0,2.431,4.061,0,0,0,-2.124,-1.49,0,0
CD6,0,0,0,0,0,1.643,2.851,0,0,-2.055,0,0,0,-4.061,0,0,0,0,0,0,0
COL4A2,0,0,0,0,0,0,0,0,0,0,0,0,0,0,0,0,4.06,0,0,3.792,0
LRWD1,0,-1.602,0,0,0,0,0,0,0,2.294,0,0,0,4.06,0,0,0,0,0,0,0
ARX,0,0,0,0,0,0,0,0,0,0,0,0,0,0,0,0,4.059,1.396,0,0,0
CTSA,0,0,0,0,0,0,0,0,0,0,0,0,3.517,0,0,0,4.059,3.588,0,0,0
CCDC14,0,0,0,0,0,0,0,0,0,0,0,0,0,0,0,0,-2.444,0,0,-4.058,0
ZNF563,0,0,0,0,0,0,0,0,0,0,0,0,0,0,0,0,0,0,0,-4.057,0
CRKL,0,0,0,0,0,0,0,0,0,0,0,0,0,0,0,0,0,0,0,0,-4.055
NLRP6,0,0,0,0,0,0,0,0,0,2.234,0,0,0,4.054,0,0,0,0,0,0,0
FBXO33,0,0,0,0,0,0,0,0,0,3.176,0,0,1.658,4.054,0,0,0,0,0,0,0
ZNF683,0,0,0,0,0,4.053,4.051,0,-1.697,0,0,0,0,0,0,0,0,0,0,0,0
BCL11B,0,0,0,0,0,0,0,0,0,0,0,-2.983,-2.114,-4.053,0,0,0,0,0,0,0
C11orf98,0,0,0,0,0,1.455,2.783,0,0,0,0,0,0,0,0,0,0,0,0,0,4.052
NUDCD2,0,0,0,0,0,0,0,0,0,0,0,0,0,0,0,0,0,0,0,-3.115,-4.052
SCNM1,0,0,0,0,0,0,0,0,0,0,0,0,0,0,0,-1.367,-2.07,0,-1.606,-2.94,4.051
FAM126A,0,0,0,0,0,-1.598,0,0,0,0,0,-2.017,0,0,0,0,0,0,0,1.312,-4.051
PSMA1,0,0,0,0,0,0,0,0,0,0,0,0,0,0,0,0,0,0,0,4.05,2.559
ENTPD5,0,0,0,0,0,0,-1.304,0,0,0,0,0,0,0,0,0,0,1.712,0,-4.05,0
ZMAT1,0,0,0,0,0,-3.071,-4.049,0,0,0,0,0,0,0,0,0,-1.564,0,0,-3.013,0
KRT1,0,1.643,0,0,0,-3.183,-4.048,0,0,0,0,0,0,0,0,0,0,0,0,0,0
CYTH4,0,0,0,0,0,0,0,0,0,1.319,0,0,0,4.046,0,0,0,0,0,0,0
S100A8,0,0,0,0,0,0,0,0,0,1.724,0,0,1.589,4.046,0,0,0,0,0,0,0
DLG3,0,0,0,0,0,0,4.045,0,0,0,0,0,0,0,0,0,0,0,0,0,0
CEBPZ,0,0,0,0,0,0,0,0,0,0,0,0,0,0,0,0,0,0,0,4.045,0
RPL13A,0,0,0,0,0,0,0,0,0,-2.523,0,0,0,-4.044,0,0,0,0,0,0,0
ENSEMBL:ENSG00000289273,0,0,0,0,0,0,0,0,0,0,0,0,0,4.042,0,0,0,0,0,0,0
ENSEMBL:ENSG00000262420,0,0,0,0,0,0,0,0,0,0,0,0,0,0,0,0,3.882,0,0,3.868,4.041
NFAT5,0,0,0,0,0,-2.039,0,0,0,0,0,0,0,0,0,0,-1.987,0,0,4.04,0
KCTD20,0,0,0,0,0,0,0,0,1.551,2.165,0,0,4.039,2.356,0,0,0,0,0,0,0
MLXIPL,0,0,0,0,0,0,0,0,0,0,0,0,0,0,0,0,0,4.039,0,0,0
SNX11,0,0,0,0,0,0,0,0,0,3.039,0,0,0,4.037,0,0,0,0,2.949,-2.168,2.03
PILRA,0,0,0,0,0,0,0,0,0,2.161,0,0,3.008,4.036,0,0,0,0,0,-1.798,0
TM9SF2,0,0,0,0,0,0,0,0,0,2.699,0,0,1.845,4.036,0,0,0,0,0,0,2.415
RPS29,0,0,0,0,0,0,0,0,0,-2.527,0,0,0,-4.036,0,0,0,0,0,0,0
POU2F1,0,0,0,0,0,0,0,0,0,0,0,0,0,0,0,0,-2.324,-1.896,0,-4.034,0
TOE1,0,0,0,0,0,0,0,0,-1.885,0,0,-1.956,-4.034,0,0,0,-1.511,0,-2.436,0,0
FUT7,0,0,0,0,0,0,0,0,0,2.843,0,1.499,2.872,4.033,0,0,0,0,0,0,0
ASB4,0,0,0,0,0,0,0,0,0,0,0,0,0,0,0,0,0,0,0,0,-4.032
P2RY6,0,0,0,0,0,0,0,0,0,-1.51,0,0,0,0,0,0,0,0,0,-4.031,2.877
SDHD,0,0,0,0,0,0,0,0,0,0,0,0,0,0,0,0,0,4.031,0,0,2.75
FAF1,0,0,0,0,0,0,0,0,0,0,0,0,-1.342,0,0,0,0,4.031,0,0,0
NLRP2,0,0,0,0,0,2.837,4.031,0,0,0,0,0,0,0,0,0,0,0,0,0,0
HSBP1,0,0,0,0,0,0,0,0,0,0,0,0,1.629,1.925,0,0,0,2.031,0,0,4.029
TAF9,0,1.79,0,0,0,0,0,0,0,0,0,0,0,0,0,0,0,0,0,4.027,0
PIGB,0,0,0,0,0,0,0,0,0,1.592,0,0,0,4.027,0,0,0,0,0,0,0
ERBIN,0,0,0,0,0,-2.875,-2.236,0,0,0,0,0,0,0,0,0,0,0,-1.849,0,-4.025
TSG101,0,0,0,0,0,0,0,0,0,1.734,0,0,0,1.555,0,0,0,0,0,0,4.024
MORC2,0,0,0,0,0,0,0,0,-1.313,-4.024,0,0,-1.802,-3.793,0,0,0,0,0,-1.321,-1.504
RGN,0,0,0,0,0,0,0,0,0,0,0,0,0,0,0,0,0,4.023,0,0,0
ZNF727,0,0,0,0,0,0,0,0,0,0,0,0,0,0,0,0,0,0,0,-4.021,0
TERF2IP,0,0,0,0,0,1.415,0,0,0,0,0,4.02,2.673,0,0,-2.096,0,0,-3.203,2.605,0
ENSEMBL:ENSG00000278993,0,0,0,0,0,0,0,0,0,0,0,0,0,0,0,0,0,0,0,4.02,0
DLST,0,0,0,0,0,0,0,0,0,0,0,0,0,0,0,0,0,4.02,-2.068,0,2.05
BZW1P2,0,0,0,0,0,0,0,0,0,0,0,0,0,0,0,0,0,0,0,4.019,0
CMTM2,0,0,0,0,0,0,0,0,0,1.729,0,0,1.637,4.019,0,0,0,0,0,0,0
MECP2,0,0,0,0,0,0,0,0,0,0,0,0,1.847,0,0,0,0,0,4.016,0,0
ENSEMBL:ENSG00000285847,0,0,0,0,0,0,0,0,0,0,0,0,0,0,0,0,0,0,0,4.014,0
ZNF268,0,0,0,0,0,-1.347,-1.409,-1.417,-2.761,0,0,-2.325,-4.013,0,0,0,0,0,0,-1.604,0
ZNF93,0,0,0,0,0,0,0,0,0,1.325,0,0,0,1.364,0,0,0,0,0,-4.013,0
SUPT16H,0,0,0,0,0,0,0,0,0,0,0,0,0,0,0,0,0,0,0,-2.735,-4.013
CSPG4P13,0,0,0,0,0,0,0,0,0,0,0,0,0,0,0,-2.292,-4.012,0,0,-3.349,0
KIF22,0,0,0,0,0,0,0,0,0,0,0,0,0,0,0,0,0,0,0,-3.692,-4.009
POLB,0,0,0,0,0,0,0,1.729,1.997,0,0,2.339,4.009,0,0,0,0,0,0,0,1.728
TGOLN2,0,0,0,0,0,0,0,0,0,2.107,0,0,1.859,4.007,0,0,0,0,0,0,0
RPL18,0,0,0,0,0,0,0,0,0,-2.051,0,0,0,-4.007,0,0,0,0,0,0,0
SYDE2,0,0,0,0,0,0,0,0,0,0,0,0,-1.406,0,0,0,2.492,0,0,4.007,0
MAK16,0,0,0,0,0,0,0,0,0,0,0,-2.256,-3.157,0,0,0,0,0,0,4.006,0
FNBP1,0,0,0,0,0,0,0,0,0,1.592,0,0,3.334,1.956,0,0,0,0,-2.537,1.976,4.005
SLC25A11,0,0,0,0,0,1.689,0,0,0,0,0,0,0,0,0,0,0,4.005,0,0,0
ZNF318,0,-1.357,0,0,0,0,0,0,0,0,0,0,0,0,0,0,0,0,0,-4.005,0
TEX2,0,0,0,0,0,0,0,0,0,0,0,0,0,0,0,2.164,0,0,3.917,-4.004,0
ENSEMBL:ENSG00000279164,0,0,0,0,0,0,0,0,0,0,0,0,0,0,0,0,0,0,0,4.004,1.462
FCGR1B,0,0,0,0,0,0,-4.003,0,0,0,0,0,0,2.821,0,0,0,0,0,0,0
GLB1L2,0,0,0,0,0,0,4.003,0,0,0,0,0,0,0,0,0,0,0,0,0,0
PARP15,0,0,0,0,0,0,0,0,0,0,0,0,0,0,0,0,0,0,0,0,-4.002
OAS1,0,0,0,0,0,0,0,0,0,-1.605,0,0,0,0,0,0,-2.447,0,0,-4.001,0
TMTC1,0,0,0,0,1.446,0,0,0,0,0,0,0,0,1.431,0,0,1.612,-1.929,0,4.001,0
C1QTNF3,0,0,0,0,0,0,0,0,0,0,0,0,0,0,0,0,-2.271,0,0,-4.001,0
ENSEMBL:ENSG00000272505,0,0,0,0,0,0,0,0,0,0,0,0,0,0,0,0,0,0,0,0,4.001
GGPS1,0,0,0,0,0,0,0,0,0,0,0,0,0,0,0,0,0,0,0,0,4
MEX3B,0,0,0,0,0,0,0,0,0,0,0,0,0,0,0,4,0,0,0,0,0
ZXDC,0,0,0,0,0,0,0,0,0,2.133,0,0,0,2.624,0,0,2.293,0,0,4,0
SLC35C2,0,0,0,0,0,0,0,0,-1.499,0,0,0,0,0,0,0,-1.354,0,0,-3.998,0
PLCXD1,0,0,0,0,0,0,0,0,0,0,0,0,-1.706,-1.981,0,0,0,0,0,-3.998,-2.048
ALG1,0,0,0,0,0,0,0,0,0,0,0,0,0,0,0,0,0,0,0,-3.997,0
SLC12A6,0,0,0,0,0,-1.903,0,0,0,3.142,0,0,1.387,3.577,0,0,0,-2.48,0,-2.54,-3.994
MANF,0,0,0,0,0,3.507,3.994,0,0,0,0,1.312,0,0,0,0,0,0,0,0,0
TMEM129,0,0,0,0,0,2.048,3.994,0,0,0,0,0,0,0,0,0,0,0,0,0,0
SMARCA2,0,0,0,0,0,0,0,0,0,0,0,0,0,0,0,0,0,0,0,0,-3.993
RHOU,0,0,0,0,0,0,0,0,0,-1.375,0,0,0,0,0,0,0,0,0,0,-3.992
EBNA1BP2,0,0,0,0,0,0,0,0,0,0,0,0,-1.596,0,0,0,0,0,0,0,3.991
CWC25,0,0,0,0,0,0,0,0,0,1.574,0,0,2.709,3.991,0,0,0,0,0,0,0
FBL,0,0,0,0,0,0,0,0,0,-2.41,0,0,-1.493,-3.991,0,0,0,0,0,0,0
RPS4X,0,0,0,0,0,0,0,0,0,-2.912,0,0,0,-3.991,0,0,0,0,0,0,0
ALYREF,0,0,0,0,0,0,0,0,0,0,0,0,0,0,0,0,0,0,0,2.957,3.99
RPSA,0,0,0,0,0,0,0,0,0,-2.287,0,0,0,-3.99,0,0,0,0,0,0,0
ENSEMBL:ENSG00000269982,0,0,0,0,0,0,0,0,0,0,0,0,0,0,0,0,0,0,0,-3.989,0
CIART,0,0,0,0,0,0,0,0,0,0,0,0,0,0,0,3.616,3.989,1.649,0,0,0
RANGAP1,0,0,0,0,0,1.871,1.44,0,0,-1.541,0,0,0,-3.988,0,0,0,0,2.336,0,1.426
KLF9,0,0,0,0,0,0,0,0,0,0,0,0,0,0,0,0,1.415,0,0,0,-3.986
TRIM45,0,0,0,0,0,0,0,0,0,0,0,0,0,0,0,0,0,0,0,-3.986,0
IRF2BP1,0,0,0,0,0,0,0,0,0,0,0,0,0,0,0,-1.355,0,0,-3.986,-2.018,0
LINC02185,0,0,0,0,0,0,0,0,0,0,0,0,0,0,0,-3.986,2.547,0,-2.686,2.257,0
NELL2,0,0,0,0,0,-2.444,-3.985,-1.378,0,-1.433,0,-3.63,-1.735,-2.369,0,0,0,0,0,0,0
ACKR3,0,0,0,0,0,0,0,0,0,0,0,0,0,0,0,0,3.984,0,0,-1.656,0
ATP6V1B2,0,0,0,0,0,0,0,0,1.593,1.88,0,0,3.374,3.984,0,0,0,0,0,0,-2.931
LRRC75B,0,0,0,0,0,0,0,0,0,0,0,0,0,0,0,0,0,0,0,-3.984,-1.607
PEBP4,0,0,0,0,0,0,0,0,0,0,0,0,0,0,0,0,0,0,0,0,-3.983
PEBP1,0,0,0,0,0,0,0,0,0,-2.775,0,0,0,-3.983,0,0,0,0,-3.218,0,0
CPT2,0,0,0,0,0,0,0,-2.252,0,0,0,0,0,1.904,0,0,0,3.982,0,0,0
RHOH,0,0,0,0,0,0,0,0,0,-2.988,0,0,0,-3.981,0,0,0,0,0,0,0
ZBTB5,0,0,0,0,0,0,0,0,0,0,0,0,0,-1.58,0,3.247,0,0,3.979,0,0
BACE1,0,0,0,0,0,0,0,0,0,0,0,0,0,0,0,0,0,0,0,-3.978,0
CYTH1,0,0,0,0,0,0,0,0,0,2.272,0,0,3.081,3.977,0,0,0,0,0,0,0
RNF40,0,0,0,0,0,0,0,0,0,1.838,0,0,0,3.976,0,0,0,0,0,0,0
PSIP1,0,0,0,0,0,-3.976,-2.116,0,0,0,0,0,0,0,0,0,0,0,0,0,-3.42
LILRA4,0,0,0,0,0,3.976,2.11,0,0,0,0,0,0,0,0,0,0,0,0,0,0
OARD1,0,0,0,0,0,0,0,0,0,0,0,0,0,0,0,-1.547,0,1.526,-2.313,-3.976,0
FAM184B,0,0,0,0,0,0,0,0,0,0,0,0,0,0,0,0,0,0,-3.976,0,-3.238
ARHGAP5,0,0,0,0,0,0,0,0,0,0,0,0,0,0,0,0,-1.657,0,-3.976,0,0
LRRC47,0,0,0,0,0,0,0,0,0,0,0,0,0,0,0,0,0,0,-3.974,0,0
KCNG1,0,0,0,0,0,0,0,-1.693,0,-1.732,0,-3.787,-3.974,-2.59,0,0,0,0,0,0,0
LMO4,0,0,0,0,0,1.42,3.973,1.336,0,0,0,1.569,1.633,1.376,0,0,-2.294,0,0,-2.071,-1.558
RPL7A,0,0,0,0,0,0,0,0,0,-2.857,0,0,0,-3.972,0,0,0,0,0,0,0
ST8SIA6,0,0,0,0,0,2.456,3.971,0,0,0,0,2.209,0,0,0,0,0,0,0,0,0
SEC16A,0,1.947,0,0,1.478,0,0,0,0,2.039,0,0,0,2.703,0,0,0,0,1.605,3.97,0
PKP2,0,0,0,0,0,0,0,0,0,0,0,0,0,0,0,0,0,0,-3.97,0,0
ENSEMBL:ENSG00000225889,0,0,0,0,0,0,0,0,0,1.448,0,0,2.278,3.97,0,0,0,0,0,0,0
TMOD2,0,0,0,0,0,-2.38,-1.634,0,0,0,0,0,2.165,0,0,0,-2.212,0,0,-3.97,0
ERLEC1,0,0,0,0,0,0,0,0,0,0,0,0,0,0,0,0,0,0,0,0,3.969
ENSEMBL:ENSG00000289281,0,0,0,0,0,0,0,0,3.166,2.003,0,0,3.969,2.304,0,0,0,0,0,0,0
ALKBH6,0,0,0,0,0,0,0,0,0,0,0,0,0,0,0,0,0,0,0,-3.969,0
PTPRJ,0,0,0,0,0,0,0,0,0,2.357,0,0,2.761,3.968,0,0,0,0,0,0,0
PIP4P2,0,0,0,0,0,0,0,0,2.27,2.513,0,0,3.73,3.968,0,0,0,0,0,0,0
GATA3,0,0,0,0,0,0,0,0,0,0,0,0,0,0,0,3.967,0,0,0,0,0
IRAK1,0,0,0,0,0,0,0,0,0,0,0,0,0,0,0,0,0,0,0,2.281,3.967
CSF2RA,0,0,0,0,0,0,0,0,0,1.889,0,0,1.466,3.966,0,0,0,0,0,0,0
NMNAT3,0,0,0,0,0,0,0,0,0,0,0,0,0,0,0,0,0,0,0,-3.965,0
ANKFY1,0,0,0,0,0,-1.509,0,0,0,0,0,0,0,0,0,0,0,-1.312,0,-3.123,-3.965
SF3A1,0,0,0,0,0,0,0,0,0,0,0,0,2.055,2.757,0,0,0,0,-1.614,1.514,-3.965
RHBDF1,0,0,0,0,0,0,0,0,0,0,0,0,0,0,0,0,2.098,0,0,3.428,3.964
SH3GL1P1,0,0,0,0,0,0,0,0,0,0,0,0,0,0,0,3.964,0,0,2.272,0,0
KIAA1217,0,0,0,0,0,0,0,0,0,0,0,0,0,0,0,0,0,0,-2.893,3.963,1.636
ASXL1,0,0,0,0,0,0,0,0,0,0,0,0,0,0,0,0,0,-3.634,0,0,-3.962
PAX7,0,0,0,0,0,0,0,0,0,0,0,0,0,0,0,0,3.962,0,0,2.895,1.474
CCND3,0,0,0,0,0,3.848,3.961,2.642,1.379,0,0,3.2,2.954,0,0,0,0,0,0,0,0
LINC00623,0,0,0,0,0,2.176,1.619,2.821,0,0,0,3.96,2.067,0,0,0,0,0,0,0,0
IFIT2,0,0,0,0,0,-1.352,0,0,0,0,0,0,0,2.323,0,-1.654,-1.389,0,-2.535,-3.96,0
CD99,0,0,0,0,0,3.675,3.959,0,0,0,0,1.834,0,-1.915,0,0,0,0,0,0,0
KLC3,0,0,0,0,0,-1.781,-3.959,0,0,0,0,0,0,0,0,0,0,0,0,0,0
TLR2,0,0,0,0,0,0,0,0,0,3.414,0,0,1.364,3.958,0,0,0,0,0,0,0
RPS15A,0,0,0,0,0,0,-1.658,0,0,-2.904,0,0,0,-3.958,0,0,0,0,0,0,0
NAALADL1,0,0,0,0,0,1.894,3.957,0,0,0,0,0,0,0,0,0,0,0,0,0,0
ENSEMBL:ENSG00000234389,0,0,0,0,0,0,0,0,0,1.791,0,3.024,1.721,3.957,0,0,0,0,0,0,0
UBE2N,0,0,0,0,0,0,0,0,0,0,0,0,0,0,0,0,0,0,0,3.957,2.985
RPL36,0,0,0,0,0,0,0,0,0,-2.223,0,0,0,-3.954,0,0,0,0,0,1.315,0
EVI2B,0,0,0,0,0,0,0,0,0,2.382,0,0,3.032,3.954,0,0,0,0,0,0,0
RPGR,0,0,0,0,0,0,0,0,0,2.033,0,0,0,3.954,0,0,0,0,0,1.685,0
CAND1,0,0,0,0,0,0,0,0,0,0,0,0,0,0,0,0,-2.497,0,0,-3.954,0
CMTM3,0,0,0,0,0,1.875,1.528,0,0,0,0,1.49,3.953,0,0,0,0,0,0,0,0
NR2C1,0,0,0,0,0,0,0,0,0,0,0,0,0,0,0,-1.561,-2.447,0,0,-3.953,0
TNFRSF1B,0,0,0,0,0,0,0,0,0,0,0,0,3.952,2.245,0,0,0,0,0,2.782,0
PEAK1,0,-1.738,0,0,0,0,0,0,0,0,0,0,0,0,0,1.703,0,0,3.951,0,0
MDH2,0,0,0,0,0,1.44,0,0,-1.551,0,0,0,-1.904,0,0,0,0,0,3.951,0,0
PATZ1,0,0,0,0,0,0,0,0,0,0,0,0,-1.617,0,0,0,0,-2.4,0,-3.951,-2.458
LSMEM2,0,0,0,0,0,0,0,0,0,0,0,0,0,0,0,0,0,0,0,0,3.95
PRDX6,0,0,0,0,0,-1.909,-3.95,0,0,0,0,0,0,0,0,0,0,0,0,0,-3.603
KPNB1,0,0,0,0,0,0,0,0,0,1.989,0,0,2.843,3.95,0,0,0,0,0,0,0
SNAP47,0,0,0,0,0,0,0,0,0,0,0,0,0,0,0,0,0,0,0,0,3.949
MFSD9,0,0,0,0,0,0,0,0,0,0,0,0,0,0,0,0,0,0,0,-3.949,0
STEAP3,0,0,0,0,0,0,0,0,0,0,0,0,0,0,0,0,0,0,0,-3.949,0
RPS4Y1,0,0,0,0,0,0,0,0,0,0,0,0,0,0,0,0,0,0,1.402,3.947,0
ENSEMBL:ENSG00000288980,0,0,0,0,0,0,0,0,0,0,0,0,0,0,0,0,3.944,0,0,0,-2.139
CACNB1,0,0,0,0,0,0,0,0,0,0,0,0,0,0,0,2.374,0,0,-3.944,-3.562,0
THUMPD1,0,0,0,0,0,0,0,0,0,0,0,0,0,0,0,0,0,0,-1.674,-1.566,-3.944
ACBD4,0,0,0,0,0,0,0,0,0,0,0,0,0,0,0,0,0,0,0,-3.944,0
IPO5P1,0,0,0,0,0,0,0,0,-1.666,0,0,0,-3.943,0,0,-1.395,-1.529,0,0,-1.78,0
TBC1D10C,0,0,0,0,0,3.943,1.347,0,0,0,0,0,0,0,0,0,0,0,0,0,0
FLYWCH1,0,0,0,0,0,0,0,0,0,-1.475,0,0,0,-1.583,0,0,0,0,0,-3.942,0
COMMD7,0,0,0,0,0,3.942,2.989,0,0,0,0,0,0,0,0,0,0,0,0,0,0
SERPINB9,0,0,0,0,0,0,0,0,0,0,0,0,0,-2.267,0,3.941,0,0,2.857,2.421,0
ILVBL,0,0,0,0,0,0,0,0,0,0,0,0,-1.474,0,0,0,1.823,3.941,0,0,0
FBXL18,0,0,0,0,0,0,2.922,0,0,0,0,0,0,0,0,0,0,0,0,-3.94,0
GOLGA7,0,-1.72,0,0,0,0,0,0,0,2.245,0,1.337,2.342,3.94,0,0,0,0,0,0,0
AMPD2,0,0,0,0,0,0,0,0,0,0,0,0,3.939,2.836,0,0,0,0,0,0,2.475
ENSEMBL:ENSG00000284024,0,0,0,0,0,0,0,0,0,0,0,0,0,0,0,1.551,3.939,0,3.767,1.821,0
RHOT1,0,0,0,0,0,0,0,0,0,0,0,0,0,2.643,0,0,0,0,0,-3.939,-1.463
BCLAF1,0,0,0,0,0,-3.774,-3.938,0,0,0,0,0,0,0,0,0,0,0,0,0,0
MLXIP,0,0,0,0,0,0,0,0,0,0,0,0,0,0,0,0,0,0,0,0,-3.938
MT-CO2,0,0,0,0,0,0,0,0,0,0,0,0,0,0,0,-3.937,-1.677,0,-3.648,0,0
SLC25A32,0,0,0,0,0,0,0,0,0,0,0,0,0,0,0,0,2.4,0,0,3.935,0
ATAD5,0,0,0,0,0,0,0,0,0,0,0,0,-1.718,0,0,0,0,0,0,-3.934,0
H1-0,0,0,0,0,0,-2.467,-3.934,-1.764,0,0,0,-3.173,0,0,0,1.882,0,0,0,0,0
RRP8,0,0,0,0,0,0,0,0,0,0,0,0,-1.797,0,0,0,3.933,0,0,0,0
LCORL,0,0,0,0,0,0,0,0,0,0,0,0,0,0,0,0,3.933,0,1.516,0,0
ARID3B,0,0,0,0,0,0,0,0,1.508,2.222,0,1.442,3.635,3.931,0,0,0,0,0,-3.273,0
SLC52A2,0,0,0,0,0,0,3.931,0,0,0,0,0,0,0,0,0,0,0,0,0,0
SNX20,0,0,0,0,0,0,0,0,0,0,0,0,2.909,3.93,0,0,0,0,0,0,0
ZBTB4,0,0,0,0,0,0,0,0,0,-1.371,0,0,0,-3.294,0,0,3.929,0,0,-1.548,0
RPS7,0,0,0,0,0,0,0,0,0,-2.831,0,0,0,-3.928,0,0,0,0,0,0,0
ASAP1,0,0,0,0,0,-1.81,0,0,0,0,0,0,1.862,1.575,0,0,2.523,0,0,3.928,0
SF3B3,0,0,0,0,0,0,0,0,0,-2.626,0,0,0,-3.927,0,0,0,0,0,0,0
SKIV2L,0,0,0,0,0,0,0,0,0,0,0,0,0,1.698,0,0,0,0,0,3.926,0
PTPRO,0,0,0,0,0,-1.386,0,0,-2.243,0,0,-2.082,-3.925,0,0,0,0,0,0,0,0
MAP1LC3A,0,0,0,0,0,0,0,0,0,2.645,0,0,2.01,3.924,0,0,0,1.554,0,3.125,1.767
UBXN11,0,0,0,0,0,0,0,0,0,0,0,0,0,0,0,0,0,0,0,-3.924,0
CLK2,0,0,0,0,0,0,0,0,0,0,0,0,0,0,0,-3.493,-3.922,0,0,0,0
NPRL2,0,0,0,0,0,1.751,2.216,0,0,0,0,0,0,0,0,-1.685,0,0,0,0,3.921
INO80C,0,0,0,0,0,1.543,0,0,0,0,0,0,0,0,0,0,0,-1.717,0,-1.622,-3.92
CKMT2-AS1,0,0,0,0,0,0,0,1.532,0,0,0,0,0,0,0,1.546,3.919,0,2.321,2.221,0
RBM10,0,0,0,0,0,0,0,0,0,0,0,0,0,0,0,0,0,0,0,3.918,0
S100A9,0,0,0,0,0,0,0,0,0,1.937,0,0,1.522,3.917,0,0,0,0,0,0,0
MXRA7,0,0,0,0,0,3.916,3.699,1.325,0,0,0,3.179,1.592,0,0,0,0,0,-3.01,1.533,0
CCDC107,0,0,0,0,0,3.916,2.798,0,0,0,0,0,0,0,0,0,0,0,0,0,0
CKAP2,0,0,0,0,0,0,0,0,0,0,0,0,0,0,0,0,0,0,0,-3.915,0
TMEM175,0,0,0,0,0,3.914,0,0,0,0,0,0,0,0,0,0,-1.624,0,0,-2.741,0
FKBP11,0,0,0,0,0,3.914,2.506,0,0,0,0,2.082,0,0,0,0,0,0,0,0,0
INPP5D,0,0,0,0,0,0,0,0,0,1.726,0,1.592,3.735,3.913,0,0,-3.835,0,0,-2.297,0
LANCL2,0,1.359,0,0,0,0,0,0,0,0,0,0,0,0,0,0,-3.912,0,-1.397,-2.259,-3.006
GNL2,0,0,0,0,0,0,0,0,0,0,0,0,0,0,0,0,0,0,0,3.912,0
ABCB4,0,0,0,0,0,0,-1.868,0,0,0,0,0,0,0,0,0,0,0,0,3.911,0
DPH1,0,0,0,0,0,0,0,0,0,0,0,0,0,0,0,0,0,0,0,-1.729,-3.909
SPATA25,0,0,0,0,0,0,0,0,0,0,0,0,0,0,0,0,0,0,0,-3.909,0
TXN,0,0,0,0,0,0,0,0,0,1.685,0,0,1.401,3.909,0,0,0,0,0,0,0
SUGP2,0,0,0,0,0,0,3.909,0,0,0,0,0,0,0,0,-2.005,0,0,0,0,0
ZKSCAN3,0,0,0,0,0,0,0,0,0,0,0,0,0,0,0,0,0,0,0,-3.907,0
EEF2,0,0,0,0,0,0,0,0,0,-2.158,0,-1.382,0,-3.907,0,0,0,0,0,2.1,0
CLCN7,0,0,0,0,0,0,0,0,0,0,0,0,0,0,0,0,3.906,0,0,1.551,0
MRM1,0,0,0,0,0,0,0,0,0,-1.428,0,0,0,0,0,0,0,2.162,0,0,3.906
MIR29B2CHG,0,0,0,0,0,0,0,0,1.678,0,0,0,1.735,0,0,2.037,0,0,3.906,0,0
DBN1,0,0,0,0,0,0,0,0,1.785,2.683,0,0,3.757,3.905,0,0,0,0,1.69,0,0
MADD,0,0,0,0,0,0,2.34,0,0,0,0,0,0,0,0,0,0,0,0,-3.904,0
MYO1B,0,0,0,0,0,0,0,0,0,0,0,0,0,0,0,0,2.66,0,0,3.904,0
LIN52,0,0,0,0,0,0,0,0,0,0,0,0,0,0,0,0,0,0,0,-3.903,0
ING1,0,0,0,0,0,0,0,0,0,3.116,0,0,0,3.903,0,1.432,1.886,0,0,1.685,-1.716
RPS23,0,0,0,0,0,0,0,0,0,-2.59,0,0,-1.442,-3.903,0,0,0,0,0,0,0
PIK3R5,0,0,0,0,0,0,0,0,0,1.75,0,0,3.903,3.324,0,0,0,0,0,0,0
BOP1,0,0,0,0,0,1.466,0,0,0,0,0,0,0,-1.489,0,0,0,0,0,0,3.902
APTX,0,0,0,0,0,0,0,0,0,0,0,0,0,0,0,0,0,0,0,0,3.899
CDK5R1,0,0,0,0,0,0,0,0,0,1.999,0,0,0,1.798,0,0,0,0,0,-2.308,3.899
HNRNPUL2,0,-1.48,0,0,0,0,0,0,0,0,0,0,0,0,0,-3.898,0,0,-2.658,0,-3.465
PAXBP1,0,0,0,0,0,0,0,0,0,0,0,0,0,0,0,0,3.343,0,0,3.898,0
ENSEMBL:ENSG00000250377,0,0,0,0,0,0,0,0,0,0,0,0,0,0,0,0,0,0,0,0,3.897
COL4A5,0,0,0,0,0,0,0,0,0,0,0,0,0,0,0,0,-2.185,0,0,-3.897,-2.174
FZD1,0,0,0,0,0,0,0,0,0,0,0,-1.889,0,0,0,0,-3.805,0,0,-3.897,0
NAF1,0,0,0,0,0,0,0,0,0,0,0,0,0,0,0,0,0,-1.742,0,1.498,-3.896
ARRB2,0,0,0,0,0,0,0,0,0,1.587,0,0,2.78,3.895,0,0,0,0,0,0,0
ABHD15,0,0,0,0,0,2.697,3.895,0,0,0,0,0,0,0,0,0,0,0,0,0,0
HRK,0,0,0,0,0,0,0,0,0,0,0,0,0,0,0,0,0,0,0,0,-3.894
FDX1,0,0,0,0,0,0,0,0,0,0,0,0,0,0,0,0,0,3.144,0,0,3.894
ENSEMBL:ENSG00000270110,0,0,0,0,0,0,0,0,0,0,0,0,0,0,0,0,-1.404,0,0,3.892,2.047
CLUH,0,0,0,0,0,0,1.305,0,0,0,0,0,0,-1.622,0,0,0,3.891,0,0,0
MRS2,0,0,0,0,0,0,0,0,0,0,0,0,0,0,0,0,0,3.891,0,0,0
KIF24,0,0,0,0,0,0,0,0,0,0,0,0,0,0,0,0,0,0,0,0,3.889
KIF19,0,0,0,0,0,3.889,3.477,0,0,0,0,0,0,0,0,0,0,0,0,0,0
GBP2,0,0,0,0,0,0,0,0,0,1.674,0,0,3.559,3.887,0,0,0,0,0,2.423,0
PRKAR2B,0,0,0,0,0,-1.523,0,0,1.53,0,0,0,3.887,0,0,0,0,0,0,0,0
HSPA9,0,0,0,0,0,0,0,0,0,0,0,0,0,0,0,0,0,2.507,0,3.886,3.636
RPS2,0,0,0,0,0,0,0,0,0,-2.287,0,0,0,-3.885,0,0,0,0,-1.459,0,0
FADS2,0,0,0,0,0,3.885,3.051,0,0,0,0,0,0,0,0,0,0,0,0,0,0
EPHB4,0,0,0,0,0,0,0,0,0,2.552,0,0,2.177,3.885,0,0,0,0,3.333,0,0
RPS8,0,0,0,0,0,0,0,0,0,-2.403,0,0,0,-3.885,0,0,0,0,0,0,0
RNF157,0,0,0,0,0,0,-2.607,-1.779,0,-2.232,0,-2.481,0,-3.883,0,0,0,0,0,0,0
FOLR3,0,0,0,0,0,0,0,0,0,1.432,0,0,0,3.883,0,0,0,0,0,0,0
PVRIG,0,0,0,0,0,1.567,0,0,0,0,0,0,0,-1.632,0,0,0,-1.601,0,3.882,-2.257
ENSEMBL:ENSG00000183889,0,0,0,0,0,0,0,0,0,0,0,0,0,0,0,0,0,0,0,-2.363,-3.882
NFKBIB,0,0,0,0,0,3.197,3.882,0,0,0,0,0,0,0,0,0,0,0,0,0,3.338
BDH2,0,0,0,0,0,0,0,0,0,0,0,0,0,0,0,0,-2.523,0,0,-3.882,0
ATXN7L1,0,0,0,0,0,0,0,0,0,0,0,0,0,0,0,0,-1.864,0,0,-3.881,0
FAM162A,0,0,0,0,0,0,0,0,0,0,0,0,0,0,0,0,0,3.788,0,0,3.88
NSUN2,0,0,0,0,0,0,0,0,0,0,0,-1.639,-2.699,0,0,0,0,0,-1.323,0,3.88
MCCC1,0,0,0,0,0,0,0,0,0,0,0,0,0,0,0,0,0,0,0,0,-3.88
RAB2A,0,0,0,0,0,0,0,0,0,2.866,0,0,0,3.879,0,0,0,0,0,0,0
ARHGAP33,0,0,0,0,0,0,0,0,0,0,0,0,0,0,0,0,-1.48,0,0,-3.878,0
THRSP,0,0,0,0,0,0,0,0,0,0,0,0,0,0,0,0,0,0,0,-3.257,-3.877
PEPD,0,0,0,0,0,0,0,0,0,0,0,0,0,-1.505,0,0,0,2.449,0,0,3.877
PEMT,0,0,0,0,0,0,0,0,0,0,0,0,0,0,0,0,0,2.125,0,0,3.874
RPS6,0,0,0,0,0,0,0,0,0,-2.492,0,0,0,-3.874,0,0,0,0,0,1.477,0
SCART1,0,0,0,0,0,0,0,0,0,0,0,0,0,0,0,0,0,1.35,0,-3.873,2.494
WASF2,0,0,0,0,0,-2.271,0,0,0,0,0,0,2.942,1.521,0,0,0,0,0,3.873,0
CRYM,0,0,0,0,0,0,0,0,0,0,0,0,0,0,0,0,0,0,0,0,-3.871
AKAP11,0,0,0,0,0,-1.791,0,0,0,0,0,0,0,0,0,-1.705,0,0,-3.87,0,0
TMUB2,0,1.654,0,0,0,0,0,0,0,1.533,0,0,2.21,3.869,0,0,0,0,0,-3.331,0
MRFAP1,0,0,0,0,0,0,0,0,0,0,0,0,0,0,0,0,0,0,0,0,3.868
MCRIP1,0,0,0,0,0,3.868,2.132,0,0,0,0,0,0,0,0,0,0,0,0,0,0
GPIHBP1,0,0,0,0,0,0,0,0,0,0,0,0,0,0,0,0,-3.868,-1.303,0,-2.421,-1.787
IGDCC4,0,0,0,0,0,0,0,0,0,0,0,0,0,0,0,0,0,0,-2.927,-1.551,3.868
HEMK1,0,0,0,0,0,0,0,0,0,0,0,0,0,-2.033,0,0,0,0,0,-2.191,3.867
ANP32A,0,0,0,0,0,0,0,0,0,2.006,0,0,2.043,3.866,0,0,1.524,0,0,0,1.626
WDR62,0,0,0,0,0,0,0,0,0,0,0,0,0,0,0,0,0,0,3.866,2.529,0
SMIM3,0,0,0,0,0,0,0,0,0,0,0,1.497,3.865,0,0,0,0,0,0,0,0
SARAF,0,0,0,0,0,-1.539,0,0,0,1.446,0,0,3.865,2.736,0,0,0,0,0,0,0
WBP1L,0,0,0,0,0,0,0,0,0,2.529,0,1.477,0,3.865,0,1.985,3.057,0,3.598,-2.475,0
ETNPPL,0,0,0,0,0,0,0,0,0,0,0,0,0,0,0,0,0,1.37,0,0,3.863
UBR2,0,0,0,0,0,-2.031,-2.539,0,0,2.575,0,0,1.564,3.863,0,0,0,0,0,-1.972,1.452
C19orf47,0,0,0,0,0,3.807,0,0,0,0,0,0,0,0,0,-3.653,0,0,2.288,-3.862,3.289
EMX2,0,0,0,0,0,0,0,0,0,0,0,0,0,0,0,0,-3.862,0,0,-2.976,0
LARP1B,0,0,0,0,0,0,0,0,0,0,0,0,0,0,0,0,0,0,-2.325,3.861,0
HAPLN3,0,0,0,0,0,-1.879,-3.86,0,0,-3.221,0,0,0,-3.825,0,0,0,0,0,1.539,0
B2M,0,0,0,0,0,0,0,0,0,0,0,2.348,3.858,2.809,0,0,0,0,0,0,0
MPHOSPH9,0,0,0,0,0,0,0,0,0,0,0,0,0,0,0,0,0,0,0,-3.858,0
PRRG1,0,0,0,0,0,0,0,0,0,0,0,0,0,0,0,0,0,0,0,0,-3.857
ZNF141,0,0,0,0,0,0,0,0,0,0,0,0,0,0,0,0,0,0,0,-3.857,0
RPS14,0,0,0,0,0,0,0,0,0,-2.383,0,0,0,-3.857,0,0,0,0,0,0,0
MAP3K1,0,0,0,0,0,-3.856,-2.162,0,0,1.361,0,0,0,1.97,0,0,0,0,0,0,0
TGIF1,0,0,0,0,0,0,0,0,0,0,0,0,0,0,0,2.787,0,0,3.856,0,0
ENSEMBL:ENSG00000289039,0,0,0,0,0,0,0,0,0,2.201,0,0,0,3.855,0,0,0,0,0,0,0
ABCG1,0,0,0,0,0,0,0,0,0,2.739,0,0,2.982,3.853,0,0,0,0,0,0,0
NOS1,0,0,0,0,0,0,0,0,0,0,0,0,0,0,0,3.853,0,0,2.267,-1.401,1.713
ENSEMBL:ENSG00000289182,0,0,0,0,0,0,0,0,0,0,0,0,0,0,0,3.852,0,0,0,0,0
TASOR2,0,0,0,0,0,-1.666,0,0,0,0,0,0,0,0,0,0,0,-2.295,0,2.411,-3.851
TARS2,0,0,0,0,0,0,0,0,0,0,0,0,0,0,0,0,0,0,0,-3.85,0
FAM185A,0,1.368,0,0,0,0,0,0,0,0,0,0,0,0,0,0,0,0,0,0,-3.85
ARL4A,0,0,0,0,0,-3.85,-2.3,0,0,-1.881,0,0,0,-3.585,0,0,0,0,0,0,0
RPL13,0,0,0,0,0,0,0,0,0,-2.226,0,0,0,-3.848,0,0,0,0,0,0,0
AAAS,0,0,0,0,0,0,0,0,0,0,0,0,0,0,0,-1.626,0,0,0,-3.846,0
KIF25,0,0,0,0,0,0,0,0,0,0,0,0,0,0,0,0,-3.846,0,0,0,0
ZNF202,0,0,0,0,0,0,0,0,0,0,0,0,0,0,0,0,1.556,0,0,3.845,0
HTR7,0,0,0,0,0,0,0,0,0,0,0,0,0,0,0,0,0,0,0,0,3.843
COL13A1,0,0,0,0,0,3.842,3.684,2.035,0,0,0,0,0,0,0,0,0,0,0,0,0
SASH3,0,0,0,0,0,3.842,3.274,0,0,0,0,2.739,0,0,0,0,0,0,0,0,0
ARHGEF35-AS1,0,0,0,0,0,-3.841,-2.246,0,0,0,0,0,0,-2.042,0,0,0,0,0,0,0
CACNG1,0,0,0,0,0,0,0,0,0,0,0,0,0,0,0,0,0,0,0,-3.841,0
GPR180,0,0,0,0,0,0,0,0,0,0,0,0,0,0,0,0,0,0,0,-3.841,0
TPPP2,0,0,0,0,0,0,0,0,0,0,0,0,0,0,0,0,-1.444,0,0,-3.84,-1.942
C20orf204,0,0,0,0,0,0,0,0,0,0,0,0,0,0,0,0,0,0,0,-3.839,0
GLRX5,0,0,0,0,0,-3.839,-2.685,0,1.337,0,0,0,0,-1.717,0,0,0,1.321,0,0,0
LAMP3,0,0,0,0,0,0,1.488,0,0,-3.488,0,0,0,-3.838,0,0,0,0,0,0,0
NTNG2,0,0,0,0,0,0,0,0,0,2.227,0,0,0,3.836,0,0,0,0,0,0,0
SNHG21,0,0,0,0,0,0,0,0,0,0,0,0,0,0,0,0,0,0,0,3.834,0
PIAS1,0,-1.757,0,0,0,0,0,0,1.811,2.43,0,0,3.572,3.832,0,0,0,0,0,0,-1.656
METTL13,0,0,0,0,0,0,0,0,0,0,0,0,0,0,0,0,0,0,0,-3.83,0
RBM34,0,0,0,0,0,0,0,0,0,0,0,0,0,0,0,0,0,0,0,0,3.829
CSPP1,0,0,0,0,0,0,-1.546,0,0,0,0,0,0,0,0,0,0,-3.057,0,-1.533,-3.828
ENSEMBL:ENSG00000215068,0,0,0,0,0,0,0,0,0,0,0,0,-2.874,0,0,0,0,0,0,-3.827,0
CTDP1,0,0,0,0,0,0,0,0,0,1.356,0,0,0,3.827,0,0,0,0,0,0,0
HLA-E,0,0,0,0,0,0,0,0,0,1.797,0,1.571,3.826,3.816,0,0,0,0,0,0,0
SIGLEC1,0,0,0,0,0,0,0,-1.63,0,-3.815,0,-1.821,0,-3.825,0,0,0,0,0,0,0
SLC38A4,0,0,0,0,0,0,0,0,0,0,0,0,0,0,0,0,-3.211,0,0,-3.59,-3.824
PAXIP1-DT,0,0,0,0,0,0,0,0,0,0,0,0,0,0,0,0,0,0,0,0,-3.824
ENSEMBL:ENSG00000177788,0,0,0,0,0,0,0,0,0,0,0,0,0,0,0,0,0,0,0,3.823,0
GTF3C5,0,0,0,0,0,0,0,0,0,0,0,0,0,0,0,-1.728,0,0,0,-3.822,0
PRIMPOL,0,0,0,0,0,0,0,0,0,0,0,0,0,0,0,0,0,0,0,-3.822,0
METTL22,0,0,0,0,0,0,0,0,0,0,0,0,0,0,0,0,0,0,0,0,3.822
ITIH4-AS1,0,0,0,0,0,0,0,0,0,0,0,0,0,0,0,0,0,0,0,3.461,3.822
PODN,0,0,0,0,0,3.498,3.821,0,0,0,0,0,0,0,0,0,0,0,0,0,0
MAP2,0,0,0,0,0,0,0,0,0,0,0,0,0,0,0,-3.821,0,0,-2.73,0,0
TMEM53,0,0,0,0,0,0,0,0,0,0,0,0,0,0,0,0,0,3.821,0,0,3.525
CACNA1I,0,0,0,0,0,0,0,0,0,0,0,-3.82,-3.57,-1.383,0,0,0,0,0,0,0
GAB3,0,0,0,0,0,3.651,3.505,0,0,0,0,3.82,1.709,0,0,-2.049,0,0,0,0,0
GAS2L1,0,0,0,0,0,0,0,1.628,2.149,0,0,1.938,3.819,0,0,0,0,0,0,0,0
NIPBL,0,-1.595,0,0,0,-2.565,0,0,0,1.319,0,0,0,0,0,0,0,-3.198,-1.361,3.819,-2.053
ZBTB18,0,0,0,0,0,-2.181,-1.824,0,1.411,2.751,0,0,1.716,3.817,0,0,0,0,0,-3.6,-2.248
ENSEMBL:ENSG00000255468,0,0,0,0,0,0,0,0,0,0,0,0,0,0,0,0,0,0,0,-3.817,0
RAB43,0,0,0,0,0,0,0,0,0,1.826,0,0,2.824,3.815,0,0,0,0,0,0,0
RXRG,0,0,0,0,0,0,0,0,0,0,0,0,0,0,0,0,0,0,0,0,3.815
LYRM2,0,0,0,0,0,0,0,0,-1.591,-3.815,0,0,0,-2.322,0,0,0,0,0,0,0
ICE2,0,0,0,0,0,0,0,0,0,0,0,0,0,0,0,0,0,0,0,3.814,0
ENSEMBL:ENSG00000260078,0,0,0,0,0,0,0,0,0,3.021,0,0,2.2,3.813,0,0,0,0,0,0,0
WDR73,0,0,0,0,0,0,0,0,0,0,0,0,0,0,0,-1.676,0,0,0,-3.813,-1.958
VSIR,0,0,0,0,0,0,0,0,0,1.609,0,0,2.585,3.813,0,0,0,0,0,0,0
ENSEMBL:ENSG00000177359,0,0,0,0,0,0,0,0,0,0,0,0,0,0,0,0,0,0,0,1.826,3.812
PARP3,0,0,0,0,0,0,0,0,0,0,0,0,0,0,0,0,0,3.812,0,-3.45,0
DMAP1,0,0,0,0,0,0,0,0,-1.877,0,0,0,-1.955,0,0,0,0,1.452,0,-3.81,1.447
BICDL1,0,0,0,0,0,0,0,0,0,-1.731,0,0,0,-3.809,0,0,0,0,0,0,0
IL32,0,0,0,0,0,1.405,0,0,0,-2.15,0,0,0,-3.807,0,0,0,0,0,0,0
NME2,0,0,0,0,0,0,0,0,0,-1.977,0,0,0,-3.807,0,0,0,0,0,0,0
ARHGDIA,0,0,0,0,0,3.806,2.436,0,0,0,0,0,0,0,0,1.633,0,0,2.41,3.158,0
IL3RA,0,0,0,0,0,0,0,0,0,0,0,0,0,0,0,0,3.805,0,0,1.355,0
TRIO,0,0,0,0,0,-1.605,0,-1.577,0,0,0,-3.63,-2.522,0,0,0,3.805,0,0,0,3.082
MRPL16,0,0,0,0,0,0,0,0,0,0,0,0,0,0,0,0,0,3.804,0,0,0
TAFAZZIN,0,0,0,0,0,0,0,0,0,0,0,0,0,0,0,0,0,3.804,0,0,0
RBM8A,0,0,0,0,0,0,0,0,0,0,0,1.832,3.129,0,0,0,0,0,0,3.803,2.318
ADAP2,0,0,0,0,0,0,0,0,-3.239,0,0,0,-3.803,-1.555,0,0,0,0,0,0,0
ABCB8,0,0,0,0,0,1.328,0,0,0,0,0,0,0,0,0,0,0,2.448,0,-3.802,0
CDR2L,0,0,0,0,0,0,0,0,0,0,0,0,0,0,0,3.802,2.955,0,3.309,2.1,0
COLGALT2,0,0,0,0,0,3.801,3.436,0,0,0,0,1.456,0,0,0,0,0,0,0,0,0
CD63-AS1,0,0,0,0,0,0,1.448,0,0,0,0,0,0,0,0,0,1.349,0,0,2.813,3.801
RBM19,0,0,0,0,0,0,0,0,0,-1.905,0,0,0,-3.801,0,0,0,0,0,0,0
DRD4,0,0,0,0,0,0,0,0,0,0,0,0,0,0,0,0,0,0,0,-3.8,0
PKDCC,0,0,0,0,0,0,0,0,0,0,0,0,0,0,0,1.342,3.157,0,3.8,2.299,-2.105
DHRS12,0,0,0,0,0,0,0,0,0,1.465,0,0,0,3.798,0,0,0,0,0,0,0
GAS6-AS1,0,0,0,0,0,0,-3.798,0,-1.51,-1.838,0,-2.335,-3.717,-2.562,0,0,0,0,0,0,0
IFI27,0,0,0,0,0,0,-3.798,0,0,0,0,0,0,0,0,0,0,0,0,0,0
IFIT1B,0,0,0,0,0,-3.796,-3.455,0,1.859,0,0,0,1.532,0,0,0,0,0,0,0,0
PLAUR,0,0,0,0,0,0,0,1.81,3.745,0,0,1.626,3.795,0,0,2.561,0,0,0,0,0
TMEM19,0,0,0,0,0,0,0,0,0,0,0,0,0,0,0,0,0,0,0,-1.785,3.795
HIVEP1,0,0,0,0,0,-2.973,-3.795,0,0,0,0,-1.344,0,0,0,0,0,0,0,0,0
ABCA9,0,0,0,0,0,0,0,0,0,0,0,0,0,0,0,0,-2.58,0,0,-3.794,0
SEC23B,0,0,0,0,0,0,0,0,0,2.039,0,0,0,3.793,0,0,0,0,0,0,0
FCGR3A,0,0,0,0,0,1.574,2.133,0,0,0,0,2.24,2.639,3.793,0,0,0,0,0,0,0
PLAAT3,0,1.689,0,0,0,3.337,3.792,0,0,0,0,0,0,0,0,0,0,0,0,0,0
RPIA,0,0,0,0,0,0,0,0,0,0,0,0,0,0,0,0,2.428,3.792,0,2.568,1.824
RPL26P6,0,0,0,0,0,0,0,0,0,0,0,0,0,0,0,0,0,0,0,0,3.792
FBXO45,0,0,0,0,0,0,0,0,0,0,0,0,0,0,0,0,0,0,0,3.792,0
UBR4,0,0,0,0,0,0,0,0,0,0,0,0,0,0,0,3.791,0,0,3.38,2.602,-2.13
NUDT5,0,1.447,0,0,0,0,0,0,0,0,0,0,0,3.132,0,0,0,0,0,-3.791,0
G6PD,0,0,0,0,0,0,0,0,0,2.039,0,0,2.98,3.791,0,0,0,0,0,0,0
LRRFIP2,0,0,0,0,0,0,0,0,0,0,0,0,0,2.608,0,-1.822,0,0,-3.789,1.685,3.26
SFXN1,0,0,0,0,0,0,0,0,0,-1.391,0,0,0,-3.197,0,0,0,0,0,-3.788,0
BTBD6,0,0,0,0,0,3.788,2.756,0,0,0,0,0,0,0,0,0,0,0,0,0,0
VPS52,0,0,0,0,0,0,0,0,0,0,0,0,0,0,0,-2.019,0,0,0,-3.787,0
HNRNPA2B1,0,0,0,0,0,0,0,0,0,0,0,0,1.389,0,0,0,0,0,-1.383,3.786,0
RALGAPB,0,0,0,0,0,0,0,0,0,2.161,0,0,0,3.121,0,0,0,0,3.785,-1.808,0
UBIAD1,0,0,0,0,0,0,0,0,-1.819,0,0,0,-2.211,0,0,0,0,0,0,3.784,0
KIAA0753,0,0,0,0,0,0,0,0,0,0,0,0,0,0,0,0,-1.552,-1.386,0,-3.784,0
OAZ2,0,0,0,0,0,0,0,0,1.983,1.846,0,0,3.784,2.742,0,0,0,0,0,0,-3.382
FBXL16,0,0,0,0,0,0,-3.328,-2.009,0,-2.232,0,-3.784,-2.764,-2.244,0,0,0,0,0,0,0
TRPV3,0,0,0,0,0,0,0,0,0,0,0,0,0,0,0,0,0,0,0,2.183,3.783
ENSEMBL:ENSG00000273812,0,0,0,0,0,0,0,0,0,0,0,0,0,0,0,0,0,0,0,0,3.783
DNAJC7,0,1.721,0,0,0,0,0,0,0,0,0,0,0,0,0,0,0,2.397,0,0,3.782
SLC25A28,0,0,0,0,0,0,1.315,0,0,0,0,0,0,0,0,0,0,0,0,0,-3.78
ALG14,0,0,0,0,0,0,0,0,0,0,0,0,0,0,0,0,-1.624,0,0,-2.782,3.78
TRPC4AP,0,0,0,0,0,0,0,0,0,1.624,0,0,1.525,3.779,0,0,0,0,0,0,-1.348
JADE1,0,0,0,0,0,0,0,0,0,0,0,0,0,2.384,0,0,0,0,0,-3.779,0
BBOF1,0,0,0,0,0,-2.838,-3.778,0,0,0,0,0,0,-1.528,0,0,0,0,0,-2.659,0
CCDC6,0,0,0,0,0,0,0,0,0,0,0,0,0,0,0,2.215,0,0,3.778,1.947,2.578
TGFB1I1,0,0,0,0,0,0,0,0,0,0,0,1.331,2.888,0,0,3.52,0,0,3.778,0,0
PFN2,0,0,0,0,0,0,0,0,0,0,0,0,0,0,0,0,0,0,0,3.777,1.985
SLC8B1,0,0,0,0,0,0,0,0,0,0,0,0,0,0,0,0,-1.522,0,0,-3.777,-1.59
TESPA1,0,0,0,0,0,0,0,0,0,-1.735,0,-1.403,0,-3.777,0,0,0,0,0,0,0
ZFAS1,0,0,0,0,0,0,0,0,0,0,0,0,1.451,0,0,3.774,0,0,1.344,0,0
BCKDK,0,0,0,0,0,0,0,0,0,1.577,0,0,0,3.773,0,0,0,0,0,0,0
ZBTB9,0,0,0,0,0,0,0,0,0,0,0,0,0,0,0,0,0,0,0,3.772,0
ZNF674-AS1,0,0,0,0,0,0,0,0,0,0,0,0,0,0,0,0,0,0,0,3.772,0
EVL,0,0,0,0,0,1.317,0,0,0,-2.462,0,0,0,-3.772,0,0,0,0,0,0,0
PPP1R21,0,0,0,0,0,0,0,0,2.473,2.335,0,0,3.137,3.771,0,0,0,0,0,-1.302,0
CRIP2,0,0,0,0,0,0,-1.411,0,0,-2.57,0,2.236,0,-3.77,0,0,0,0,0,0,0
LINC02772,0,0,0,0,0,-2.894,-3.769,0,0,0,0,0,0,0,0,0,0,0,0,0,0
SIK3,0,0,0,0,0,-2.91,-2.291,0,0,0,0,0,0,0,0,0,0,-1.566,-3.769,0,0
SPCS1,0,0,0,0,0,0,0,0,0,0,0,0,0,0,0,-1.323,0,0,3.768,0,1.322
ANXA6,0,0,0,0,0,3.646,3.768,0,0,-1.632,0,0,0,-2.468,0,0,0,1.569,0,0,0
SF3B1,0,-1.546,0,0,0,-2.257,-1.447,0,0,1.437,0,0,2.222,3.089,0,0,0,0,1.38,0,-3.767
PRTN3,0,0,0,0,0,1.512,3.767,0,0,0,0,0,0,0,0,0,0,0,0,0,0
ENSEMBL:ENSG00000259953,0,0,0,0,0,1.611,3.767,0,0,0,0,0,0,0,0,0,0,0,0,0,0
CLPB,0,0,0,0,0,0,0,0,0,0,0,0,0,0,0,0,0,2.288,0,0,3.766
MYORG,0,0,0,0,0,0,0,0,0,0,0,0,0,-1.479,0,0,0,3.766,0,0,0
TNFRSF8,0,0,0,0,0,0,0,0,0,0,0,0,0,-2.324,0,-3.765,0,0,-1.873,0,0
EXOSC9,0,0,0,0,0,0,0,0,-1.97,-3.765,0,0,-2.481,-1.79,0,0,0,0,0,-1.566,1.617
GIN1,0,0,0,0,0,0,0,0,0,0,0,0,0,0,0,0,0,0,0,-3.765,0
SPRYD4,0,0,0,0,0,0,0,0,0,0,0,-2.372,-3.763,0,0,0,0,0,0,0,0
AGAP6,0,0,0,0,0,0,0,0,0,0,0,0,0,0,0,0,0,0,0,-3.762,0
INPP5A,0,0,0,0,0,0,0,0,0,0,0,0,2.37,3.762,0,0,0,0,0,0,0
DTX3L,0,0,0,0,0,0,0,0,0,1.519,0,0,2.037,2.267,0,0,0,0,0,0,-3.759
NT5C,0,0,0,0,0,1.875,0,0,0,0,0,0,0,0,0,0,0,0,0,0,3.759
TRAPPC2B,0,0,0,0,0,0,0,0,0,0,0,0,0,0,0,0,0,0,1.445,3.758,0
TUBB1,0,0,0,0,0,-1.417,0,0,0,0,0,0,3.757,0,0,0,0,0,0,0,0
SLK,0,1.749,0,0,0,-2.225,0,0,0,1.894,0,0,0,2.719,0,0,0,0,0,3.756,0
FBXO36,0,0,0,0,0,0,0,0,0,0,0,0,0,0,0,0,0,0,0,-3.755,0
TRIB2,0,0,0,0,0,0,0,0,0,0,0,0,0,-2.274,0,0,0,0,2.329,3.753,0
MTRNR2L1,0,0,0,0,0,0,-1.816,0,0,0,0,0,0,-3.753,0,0,0,0,0,0,0
KCTD9,0,0,0,0,0,0,0,0,0,0,0,0,0,0,0,0,0,3.751,0,0,2.737
ATP5PB,0,0,0,0,0,0,0,0,0,0,0,0,0,0,0,0,0,3.751,0,0,0
LCK,0,0,0,0,0,1.375,0,0,0,-1.376,0,0,0,-3.749,0,0,0,0,0,0,0
NMRK2,0,0,0,0,0,0,0,0,0,0,0,0,0,0,0,0,3.749,2.911,0,1.628,1.878
RPL11,0,0,0,0,0,0,0,0,0,-2.529,0,0,0,-3.749,0,0,0,0,0,0,0
HEXIM2,0,0,0,0,0,0,0,0,0,0,0,0,0,0,0,1.717,0,0,-3.749,0,0
ARID1A,0,0,0,0,0,-1.322,0,0,0,0,0,0,0,0,0,0,-2.102,0,3.749,-1.616,0
RPS2P5,0,0,0,0,0,0,0,0,0,-2.843,0,0,0,-3.749,0,0,0,0,0,0,0
CBWD1,0,0,0,0,0,-2.345,-3.747,0,-1.474,0,0,-1.409,-2.03,0,0,0,0,0,0,0,0
NMNAT1,0,0,0,0,0,3.154,3.687,3.375,0,0,0,2.175,0,0,0,0,0,0,2.782,3.747,1.454
SACM1L,0,0,0,0,0,0,0,0,0,0,0,0,0,0,0,0,0,0,0,3.747,1.461
DACT1,0,0,0,0,0,0,0,0,0,0,0,0,0,0,0,0,0,-1.357,0,0,-3.745
TCEAL4,0,0,0,0,0,0,0,0,0,0,0,0,0,0,0,0,0,3.744,0,0,0
S1PR3,0,0,0,0,0,0,-1.548,-1.526,0,0,0,-2.506,0,0,0,0,2.081,0,0,3.741,0
ASB1,0,0,0,0,0,3.739,2.369,0,0,0,0,0,-1.437,0,0,0,0,0,0,0,0
GATAD2A,0,0,0,0,0,0,0,0,0,1.695,0,0,3.739,3.425,0,0,0,0,0,2.268,0
KIAA1958,0,0,0,0,0,-1.838,0,0,0,0,0,0,0,0,0,0,0,0,0,-3.738,0
MYADML2,0,0,0,0,0,0,0,0,0,0,0,0,0,0,0,0,0,0,0,3.736,1.954
CYB5R4,0,0,0,0,0,0,0,0,0,2.452,0,0,0,3.735,0,0,0,0,0,0,0
USP19,0,0,0,0,0,0,0,0,0,0,0,0,0,3.179,0,0,0,0,3.734,-2.975,0
PPA1,0,0,0,0,0,0,0,0,0,0,0,0,0,-2.087,0,0,1.407,0,0,3.733,0
SELENBP1,0,0,0,0,0,-3.733,-2.849,0,2.115,0,0,0,1.667,-1.321,0,0,-1.621,0,0,-2.242,-3.109
DOCK7,0,-1.832,0,0,0,0,0,0,0,0,0,0,0,0,0,2.017,0,0,3.732,0,0
SCAMP3,0,0,0,0,0,1.441,0,0,0,0,0,0,0,-1.727,0,0,0,3.083,0,-1.652,3.732
VEGFD,0,0,0,0,0,0,1.645,0,0,0,0,0,0,0,0,0,0,0,0,-3.732,0
VAV3,0,0,0,0,0,0,0,0,0,1.446,0,0,0,3.732,0,0,0,0,0,0,0
PARP12,0,0,0,0,0,0,0,0,0,-2.035,0,0,0,-3.73,0,0,0,0,0,0,0
C22orf46,0,0,0,0,0,0,0,0,-2.32,0,0,0,-3.73,0,0,0,0,0,0,-2.168,0
MACF1,0,0,0,0,0,0,0,0,0,0,0,0,0,-2.459,0,0,0,0,3.73,1.991,2.391
ENSEMBL:ENSG00000229425,0,0,0,0,0,0,0,0,0,0,0,0,0,0,0,0,0,0,0,0,-3.728
DCAF4,0,0,0,0,0,0,0,0,0,-1.87,0,-1.343,-2.459,-1.686,0,0,0,0,0,0,3.726
ENSEMBL:ENSG00000259948,0,0,0,0,0,0,0,0,0,0,0,0,0,1.588,0,0,0,0,0,3.726,0
SARS2,0,0,0,0,0,0,0,0,-1.811,0,0,0,-1.694,-1.778,0,-2.213,-3.239,0,0,-3.725,0
AKAP10,0,0,0,0,0,0,0,0,0,1.589,0,0,0,3.724,0,0,0,0,1.48,-1.78,0
TLR5,0,0,0,0,0,0,0,0,0,0,0,0,0,3.723,0,0,-3.445,0,0,-2.489,0
HK3,0,0,0,0,0,0,0,0,0,1.445,0,0,0,3.723,0,0,0,0,0,0,0
ARHGAP30,0,0,0,0,0,0,0,0,0,2.21,0,0,1.968,3.723,0,0,0,0,0,0,0
TLCD3A,0,0,0,0,0,0,0,0,0,0,0,0,0,0,0,1.699,3.342,0,0,3.722,0
PPIP5K2,0,0,0,0,0,-1.311,0,0,0,0,0,0,0,0,0,0,0,0,0,-3.722,0
DMAC2,0,0,0,0,0,0,0,0,0,0,0,0,0,0,0,0,0,3.722,0,0,0
CLEC12B,0,0,0,0,0,0,0,0,0,1.748,0,0,0,3.72,0,0,0,0,0,0,0
ENSEMBL:ENSG00000273373,0,0,0,0,0,0,0,0,0,0,0,0,0,0,0,1.699,0,0,3.72,0,0
C1QL3,0,0,0,0,0,0,0,0,0,0,0,0,0,0,0,0,-1.615,0,0,-3.72,0
MUC6,0,0,0,0,0,0,0,0,0,0,0,0,0,0,0,0,0,0,-3.718,0,0
ARL5A,0,0,0,0,0,0,0,0,0,0,0,0,0,0,0,0,0,0,0,0,3.718
LILRA5,0,0,0,0,0,0,0,0,0,0,0,0,2.413,3.717,0,0,0,0,0,0,0
TADA2B,0,0,0,0,0,0,0,0,0,2.143,0,0,0,3.717,0,0,0,0,0,0,-3.677
CFAP418,0,0,0,0,0,0,0,0,0,0,0,0,0,0,0,0,0,0,0,-3.717,0
TNFAIP3,0,0,0,0,0,0,0,0,2.447,0,0,1.768,3.716,0,0,0,1.684,0,0,2.235,0
RRM2B,0,0,0,0,0,0,0,0,0,3.252,0,0,0,3.716,0,0,0,0,0,0,0
ARSB,0,0,0,0,0,-3.715,0,0,0,0,0,-1.351,0,0,0,0,0,0,0,2.508,2.491
TUBGCP2,0,0,0,0,0,0,0,0,0,0,0,0,0,0,0,-3.715,0,0,0,0,0
WFIKKN2,0,0,0,0,0,0,0,0,0,0,0,0,0,0,0,0,3.713,0,0,0,0
ZNF766,0,0,0,0,0,0,0,-1.748,-3.711,0,0,0,0,0,0,0,2.076,0,-1.838,-2.366,0
NCBP3,0,0,0,0,0,0,0,0,0,2.345,0,0,0,3.711,0,0,0,0,0,2.136,0
RAP1GDS1,0,0,0,0,0,0,3.709,0,0,0,0,0,0,0,0,0,0,0,0,0,0
CSPG4,0,0,0,0,0,0,0,0,0,0,0,0,0,0,0,0,0,0,0,1.663,3.709
TAF6L,0,0,0,0,0,0,0,0,0,0,0,0,0,0,0,0,0,0,0,-3.708,0
NUP210,0,0,0,0,0,0,1.734,0,0,-1.437,0,0,0,-2.28,0,0,0,0,0,-3.707,0
GPAT4,0,0,0,0,0,0,1.516,0,0,0,0,0,0,0,0,0,3.707,0,0,0,0
IL34,0,0,0,0,0,0,0,0,0,0,0,0,0,0,0,0,-3.706,0,0,-2.081,0
NDUFB2,0,0,0,0,0,3.705,3.63,0,0,0,0,0,0,0,0,0,0,0,0,0,0
ASL,0,0,0,0,0,3.705,3.211,0,0,0,0,0,0,0,0,0,0,0,0,0,0
SLC27A3,0,0,0,0,0,3.196,3.702,0,-2.058,0,0,0,0,0,0,0,-2.985,0,0,-2.98,0
DUSP11,0,0,0,0,0,0,0,0,0,0,0,0,0,1.692,0,0,0,-1.696,0,-2.075,-3.701
EXOC7,0,0,0,0,0,0,0,0,0,0,0,0,0,0,0,0,-1.994,0,-3.701,-2.299,2.446
PFDN6,0,0,0,0,0,0,0,0,0,0,0,0,0,0,0,0,0,0,0,0,3.7
SAMSN1,0,0,0,0,0,0,0,0,1.681,0,0,1.423,3.7,1.766,0,0,0,0,0,0,0
CCND2,0,0,0,0,0,0,1.604,0,0,0,0,3.7,1.734,0,0,0,0,0,0,0,0
ALOX15,0,0,0,0,0,0,0,0,0,-1.987,0,-1.484,0,-3.699,0,0,0,0,0,0,0
SGMS1-AS1,0,0,0,0,0,0,0,0,0,0,0,0,0,0,0,0,-1.896,0,0,-3.699,0
CLU,0,0,0,0,0,0,0,0,0,0,0,1.638,3.698,0,0,0,0,0,0,0,0
MARCHF8,0,0,0,0,0,-3.391,-2.487,0,0,0,0,0,0,0,0,0,0,-1.846,0,-2.413,-3.698
SLC25A15,0,0,0,0,0,0,0,0,0,0,0,0,0,0,0,0,0,2.488,0,0,3.698
ZNF414,0,0,0,0,0,0,0,0,-1.319,0,0,0,-3.698,-1.488,0,0,0,0,0,-2.521,0
MTHFS,0,0,0,0,0,0,0,0,0,2.659,0,0,1.439,3.698,0,0,0,0,0,0,0
SOS2,0,0,0,0,0,0,0,0,0,2.564,0,0,1.323,3.698,0,0,0,0,-1.542,0,-1.841
ENSEMBL:ENSG00000289353,0,0,0,0,0,0,0,0,1.627,3.014,0,1.619,3.272,3.697,0,0,0,0,0,0,0
NODAL,0,0,0,0,0,0,0,0,0,0,0,0,0,0,0,0,0,0,0,-3.697,0
CARM1,0,0,0,0,0,-2.982,-3.697,0,0,0,0,0,0,0,0,0,0,-3.106,0,0,0
KIFAP3,0,0,0,0,0,0,3.696,0,0,0,0,0,0,0,0,0,0,0,0,0,0
RFXAP,0,3.696,0,0,0,0,0,0,0,0,0,0,0,0,0,0,0,0,0,0,0
ZNRF2,0,3.696,0,0,0,0,0,0,0,0,0,0,0,0,0,0,0,0,0,2.961,0
ELP5,0,3.696,0,0,0,1.32,1.569,0,0,0,0,0,0,0,0,0,0,0,0,0,2.553
ZNF230,0,0,0,0,0,0,0,0,0,1.541,0,0,1.782,3.695,0,0,0,0,0,0,0
PTPRCAP,0,0,0,0,0,3.693,1.812,0,0,0,0,0,0,-2.749,0,0,0,0,0,0,0
ZDHHC5,0,0,0,0,0,0,0,0,0,0,0,0,2.078,3.693,0,0,0,0,1.894,2.261,0
HLA-DMB,0,0,0,0,0,0,0,0,0,-2.104,0,0,0,-2.952,0,0,-3.693,0,0,-2.896,0
KCTD21,0,0,0,0,0,0,0,0,1.486,2.34,0,0,3.163,2.924,0,0,0,0,0,-3.693,0
NR6A1,0,0,0,0,0,0,0,0,2.454,2.198,0,0,3.692,2.098,0,0,0,0,0,0,0
SORD,0,0,0,0,0,0,0,0,0,0,0,0,0,0,0,0,0,3.692,0,-1.426,0
ATP13A3,0,0,0,0,0,0,0,0,0,0,0,0,0,0,0,0,0,0,0,3.692,0
ABR,0,0,0,0,0,0,0,0,0,1.423,0,0,0,3.69,0,0,0,0,0,0,0
MRPL15,0,0,0,0,0,0,0,0,0,0,0,0,0,0,0,0,0,3.688,0,0,0
PUF60,0,0,0,0,0,3.688,0,0,0,0,0,0,0,0,0,0,0,0,0,1.678,2.329
TMEM242,0,0,0,0,0,0,0,0,0,0,0,0,0,0,0,0,0,0,0,-3.687,0
ANGPT2,0,0,0,0,0,0,3.687,0,0,0,0,0,0,0,0,0,3.006,0,0,1.552,0
VCPKMT,0,0,0,0,0,0,0,0,0,3.127,0,0,0,3.687,0,0,0,0,0,-1.625,0
HSD17B10,0,0,0,0,0,1.306,0,0,0,0,0,0,0,0,0,0,0,3.301,0,2.018,3.687
FOXJ3,0,0,0,0,0,0,0,0,0,0,0,0,0,1.549,0,-2.334,0,0,-2.951,-2.618,-3.687
SECISBP2L,0,0,0,0,0,-2.696,0,0,0,0,0,0,0,0,0,0,0,0,0,0,-3.687
ANXA9,0,0,0,0,0,0,0,0,1.492,2.659,0,0,2.06,3.686,0,0,0,0,0,0,0
SERP1,0,0,0,0,0,0,0,0,0,0,0,0,0,0,0,3.685,0,0,1.684,0,0
PKD1P5,0,0,0,0,0,0,0,0,0,0,0,0,0,0,0,0,0,0,0,-1.525,-3.684
NINL,0,0,0,0,0,0,0,0,0,0,0,0,0,0,0,0,0,0,0,-3.683,0
TFDP2,0,0,0,0,0,3.683,3.629,0,0,0,0,0,0,0,0,0,0,0,0,-2.066,-3.638
NUTM2B-AS1,0,0,0,0,0,0,0,0,0,0,0,0,0,0,0,0,0,0,3.683,1.811,0
ENSEMBL:ENSG00000272144,0,0,0,0,0,0,0,0,0,0,0,0,0,0,0,0,0,0,0,-3.681,0
TMEM72-AS1,0,0,0,0,0,0,0,0,0,0,0,0,0,0,0,0,-2.163,0,0,-3.679,0
SLC30A6,0,0,0,0,0,0,0,0,0,0,0,0,0,0,0,0,0,0,0,-3.678,0
CAPZA2,0,0,0,0,0,0,0,0,0,2.964,0,0,3.211,3.677,0,0,0,0,0,0,-2.308
PAQR9,0,0,0,0,0,0,0,0,0,0,0,0,0,0,0,0,0,1.511,0,3.222,3.673
MCUB,0,0,0,0,0,0,0,0,-1.308,-3.672,0,-1.44,-1.764,-2.989,0,0,0,0,0,0,0
ARID1B,0,0,0,0,-1.471,0,0,0,0,0,0,0,0,0,0,0,0,-1.349,0,0,-3.672
M6PR,0,0,0,0,0,0,0,0,0,0,0,0,0,0,0,0,3.671,0,0,2.295,1.535
TPCN2,0,0,0,0,0,0,0,0,0,3.099,0,0,1.741,3.671,0,0,0,0,0,0,0
RPF2,0,0,0,0,0,0,0,0,0,0,0,0,0,0,0,0,0,0,0,0,3.671
RBM26-AS1,0,0,0,0,0,0,0,0,0,0,0,0,0,0,0,0,0,0,0,-3.67,0
ENSEMBL:ENSG00000233461,0,0,0,0,0,0,0,0,0,0,0,0,3.036,3.669,0,0,0,0,0,0,0
MSL2,0,0,0,0,0,0,0,0,0,1.707,0,0,0,1.798,0,3.668,0,0,2.195,-2.788,-1.576
ENSEMBL:ENSG00000262691,0,0,0,0,0,0,0,0,0,0,0,0,0,0,0,0,0,0,0,-3.668,0
ENSEMBL:ENSG00000249456,0,0,0,0,0,0,0,0,0,0,0,0,0,0,0,0,2.902,0,0,3.668,0
SKAP1,0,0,0,0,0,3.111,3.667,0,0,-1.519,0,0,0,-2.372,0,0,0,0,0,0,0
WWP1-AS1,0,0,0,0,0,0,0,0,0,0,0,0,0,0,0,0,-1.398,0,0,-3.667,0
YIPF2,0,0,0,0,0,0,0,0,0,0,0,0,0,0,0,0,-3.109,0,0,-3.667,0
ASCC1,0,0,0,0,0,0,0,0,0,0,0,0,0,0,0,0,0,0,0,0,3.667
IFT81,0,0,0,0,0,0,0,0,0,0,0,0,0,0,0,0,0,0,0,0,-3.667
RNF19B,0,0,0,0,0,0,0,0,0,0,0,0,2.246,2.936,0,0,0,0,0,0,-3.666
PRKG1-AS1,0,0,0,0,0,0,0,0,0,0,0,0,0,0,0,0,0,0,0,3.665,0
APOBEC3F,0,0,0,0,0,1.604,0,0,0,0,0,0,0,-1.822,0,0,-3.665,0,0,-3.595,0
EOLA1,0,0,0,0,0,0,0,0,0,0,0,0,0,0,0,0,0,3.663,0,0,0
KLHL20,0,0,0,0,0,0,0,0,0,0,0,0,0,0,0,0,0,0,0,-3.663,0
ATP11A,0,0,0,0,0,-2.472,0,0,0,2.868,0,0,0,3.663,0,0,0,0,0,0,0
SMIM7,0,0,0,0,0,0,0,0,0,0,0,0,0,0,0,0,0,0,0,-3.663,0
STX12,0,0,0,0,0,0,0,0,0,0,0,0,0,2.19,0,3.085,3.395,0,1.684,3.662,0
CDK9,0,0,0,0,0,2.905,2.381,0,0,0,0,0,0,0,0,0,-3.662,0,0,-2.933,0
RASA3,0,0,0,0,0,0,0,0,0,-1.954,0,0,0,-3.661,0,0,0,0,0,0,-2.936
USF3,0,0,0,0,0,-2.779,-2.091,0,0,0,0,0,0,0,0,0,0,0,0,-3.66,0
FAM216A,0,0,0,0,0,0,0,0,0,0,0,0,0,0,0,0,0,0,0,0,3.659
KNOP1,0,0,0,0,0,0,0,0,0,0,0,-1.537,-3.659,-1.965,0,0,0,0,0,0,0
ENSEMBL:ENSG00000280138,0,0,0,0,0,0,0,0,0,0,0,0,0,0,0,2.756,0,0,3.659,-1.768,0
AGAP2,0,0,0,0,0,0,0,0,0,2.396,0,0,3.626,3.495,0,0,-3.658,0,0,-2.297,0
RNA5-8SN2,0,0,0,0,0,0,0,0,0,0,0,0,0,0,0,-3.658,0,0,0,0,0
RNA5-8SN1,0,0,0,0,0,0,0,0,0,0,0,0,0,0,0,-3.658,0,0,0,0,0
RNA5-8SN4,0,0,0,0,0,0,0,0,0,0,0,0,0,0,0,-3.658,0,0,0,0,0
RN7SK,0,0,0,0,0,0,0,0,0,0,0,0,0,0,0,-3.658,0,0,0,0,0
RNA5-8SN5,0,0,0,0,0,0,0,0,0,0,0,0,0,0,0,-3.658,0,0,0,0,0
5_8S_rRNA|ENSG00000277739,0,0,0,0,0,0,0,0,0,0,0,0,0,0,0,-3.658,0,0,0,0,0
5_8S_rRNA|ENSG00000275757,0,0,0,0,0,0,0,0,0,0,0,0,0,0,0,-3.658,0,0,0,0,0
RNA5-8SN3,0,0,0,0,0,0,0,0,0,0,0,0,0,0,0,-3.658,0,0,0,0,0
5_8S_rRNA|ENSG00000273730,0,0,0,0,0,0,0,0,0,0,0,0,0,0,0,-3.658,0,0,0,0,0
GPSM1,0,0,0,0,0,0,0,0,0,0,0,0,0,0,0,0,1.779,0,0,3.654,0
BCR,0,-1.334,0,0,0,1.953,3.654,0,0,0,0,0,1.405,0,0,0,0,0,0,1.481,0
PMS1,0,0,0,0,0,0,0,0,0,0,0,0,0,0,0,0,0,0,0,-3.654,0
PARP9,0,0,0,0,0,-1.846,0,0,0,0,0,0,0,3.654,0,0,0,0,0,0,-1.68
LINC02649,0,0,0,0,0,0,0,0,0,0,0,0,0,3.654,0,0,0,0,0,0,0
MYH7B,0,0,0,0,0,0,0,0,0,0,0,0,0,0,0,0,3.654,0,0,2.112,0
C4orf3,0,0,0,0,0,0,0,0,0,0,0,0,0,3.654,0,0,0,0,0,0,0
NECAB3,0,0,0,0,0,0,0,0,0,0,0,0,-1.307,0,0,0,0,3.652,0,0,3.358
RNF5,0,0,0,0,0,0,2.192,0,0,0,0,1.423,0,0,0,0,0,3.65,0,0,1.735
C10orf105,0,0,0,0,0,0,0,0,0,1.531,0,0,0,3.65,0,0,0,0,0,0,0
LIN7A,0,0,0,0,0,0,0,0,0,2.198,0,0,1.539,3.648,0,0,0,0,0,0,0
CNTROB,0,0,0,0,0,3.245,3.299,0,0,0,0,0,0,0,0,0,0,0,0,-1.793,3.648
REST,0,0,0,0,0,0,0,0,0,0,0,0,0,0,0,1.588,0,-1.732,0,-3.647,-2.283
CCDC112,0,0,0,0,0,0,0,0,0,0,0,0,0,0,0,0,-1.955,0,0,-3.647,0
CAMK2B,0,0,0,0,0,0,0,0,0,0,0,0,0,0,0,1.951,0,0,3.647,0,0
GSDMC,0,0,0,0,0,0,0,0,0,0,0,0,0,0,0,0,0,0,0,0,-3.646
GCDH,0,0,0,0,0,1.447,0,0,0,0,0,0,0,-1.372,0,0,0,3.645,0,0,0
STX6,0,0,0,0,0,0,0,0,0,2.249,0,0,2.795,2.409,0,0,0,0,3.645,2.728,0
CAPZA1,0,1.459,0,0,0,0,0,0,0,2.108,0,0,2.336,3.645,0,0,0,0,0,0,0
SP1,0,0,0,0,0,-1.565,0,0,0,2.175,0,0,2.201,3.645,0,0,0,-3.492,0,-3.489,-1.931
MPI,0,0,0,0,0,0,0,0,0,0,0,0,-2.373,-1.481,0,0,0,3.644,0,0,2.18
NHS,0,0,0,0,0,-3.644,-1.673,0,0,0,0,0,0,0,0,0,0,0,0,0,0
SLC25A5-AS1,0,0,0,0,0,0,0,0,0,0,0,0,0,0,0,0,0,0,0,3.644,0
ISG20L2,0,0,0,0,0,0,0,0,0,0,0,0,0,0,0,3.642,0,0,0,0,0
ABCF2-H2BE1,0,0,0,0,0,0,0,0,0,0,0,0,0,0,0,0,0,0,0,0,3.642
UPF3A,0,0,0,0,0,0,0,0,0,-1.386,0,0,-2.375,-3.088,0,0,-1.377,0,0,-3.642,0
CERS4,0,0,0,0,0,2.397,3.642,0,0,0,0,1.415,0,0,0,0,0,0,0,0,0
SNX16,0,0,0,0,0,0,0,0,0,0,0,0,0,0,0,-2.887,0,0,-3.642,0,0
PIEZO1,0,0,0,0,0,0,0,0,0,-2.232,0,0,0,-3.642,0,0,1.639,0,0,2.148,0
DTX2P1-UPK3BP1-PMS2P11,0,0,0,0,0,0,0,0,0,0,0,0,0,0,0,0,0,0,0,-3.642,0
PCYOX1,0,0,0,0,0,0,0,0,0,0,0,0,0,0,0,0,0,0,0,-3.642,-2.448
CTSS,0,0,0,0,0,-1.36,0,0,0,2.45,0,0,2.62,3.642,0,0,0,0,0,0,0
ZNF513,0,0,0,0,0,0,0,0,0,0,0,0,0,0,0,0,0,0,0,3.641,0
C16orf72,0,0,0,0,0,0,0,0,0,2.154,0,0,0,2.481,0,0,0,0,0,1.934,-3.641
DDX60L,0,0,0,0,0,0,0,0,0,2.487,0,0,0,3.64,0,0,-2.499,0,0,0,0
PPP1CA,0,0,0,0,0,3.64,1.834,0,0,0,0,0,0,0,0,0,0,0,0,0,0
LINGO2,0,0,0,0,0,3.64,3.624,1.789,0,0,0,2.348,0,0,0,0,0,0,0,0,0
MIR223HG,0,0,0,0,0,0,0,0,0,1.349,0,0,3.64,3.607,0,0,0,0,0,0,0
CLIC1,0,0,0,0,0,0,0,0,0,0,0,1.897,3.64,2.978,0,1.468,0,0,0,1.527,0
PLCB1,0,0,0,0,0,0,0,0,0,0,0,0,0,0,0,0,0,0,-3.639,0,0
MAP3K20,0,1.347,0,0,0,0,0,0,0,0,0,0,0,0,0,1.657,0,0,3.638,3.525,3.603
NDUFAB1,0,0,0,0,0,0,0,0,0,0,0,0,0,0,0,0,0,3.638,0,0,0
PTGR1,0,0,0,0,0,0,0,0,0,0,0,0,0,0,0,0,0,3.638,0,0,0
APEH,0,0,0,0,0,0,0,0,0,0,0,0,0,0,0,0,0,3.638,0,0,1.898
DDRGK1,0,0,0,0,0,1.577,3.637,0,0,0,0,0,0,0,0,0,0,0,0,-1.708,0
GPATCH2,0,0,0,0,0,0,0,0,0,0,0,0,0,0,0,1.999,-1.308,0,3.637,0,1.667
EP300,0,0,0,0,0,-2.881,-1.802,0,0,0,0,0,0,0,0,0,0,-2.424,0,-2.76,-3.635
TIMM23,0,0,0,0,0,0,0,0,0,0,0,0,0,0,0,0,0,3.634,0,0,0
SPTBN1,0,-2.466,0,0,-1.478,-1.561,-1.438,-1.302,0,0,0,-2.415,0,0,0,2.423,0,0,3.634,0,0
SNRPD2,0,0,0,0,0,0,0,0,0,-1.934,0,0,0,-3.634,0,0,0,0,0,0,0
THAP10,0,0,0,0,0,0,0,0,0,0,0,0,0,0,0,0,0,0,0,-3.633,0
TMCO1,0,0,0,0,0,0,0,0,0,0,0,0,0,0,0,0,0,0,0,-2.959,3.631
PLD2,0,0,0,0,0,0,0,0,0,0,0,0,0,0,0,0,0,0,0,-3.631,0
VAMP2,0,0,0,0,0,2.65,2.157,0,0,0,0,3.63,1.383,0,0,0,0,0,0,0,1.371
HSPA12B,0,0,0,0,0,0,0,0,0,0,0,0,0,0,0,-3.63,0,0,-2.133,0,0
CCAR2,0,0,0,0,0,3.63,2.274,0,0,0,0,0,0,0,0,0,0,0,0,-1.747,2.111
PATJ,0,0,0,0,0,-2.957,-3.63,-2.111,0,0,0,-1.611,0,0,0,0,0,0,0,0,0
GOLGA3,0,0,0,0,0,0,0,0,0,0,0,-1.537,-2.719,-2.938,0,0,0,0,3.629,0,0
ENSEMBL:ENSG00000093100,0,0,0,0,0,0,0,0,0,0,0,0,0,0,0,0,0,0,0,-3.628,0
PDCD11,0,0,0,0,0,0,0,0,0,-2.172,0,0,-2.56,-2.815,0,0,0,0,0,3.628,0
MOCS2-DT,0,0,0,0,0,0,0,0,0,0,0,0,-1.644,-1.973,0,0,0,0,0,-3.626,0
PGBD1,0,0,0,0,0,0,0,0,0,0,0,0,0,0,0,0,0,0,0,-3.626,0
POLL,0,0,0,0,0,-3.058,-3.503,0,0,0,0,0,0,-1.892,0,0,0,0,0,0,-3.626
LYRM7,0,0,0,0,0,0,0,0,0,0,0,0,0,0,0,0,0,3.625,0,0,0
MSANTD4,0,0,0,0,0,0,0,0,0,0,0,0,0,0,0,0,0,0,0,3.625,1.869
QSOX2,0,0,0,0,0,-2.023,-2.139,0,0,0,0,-1.759,0,0,0,0,0,0,0,3.624,1.573
STK25,0,0,0,0,0,3.624,0,0,0,0,0,0,0,0,0,0,0,0,0,0,0
DGKZP1,0,0,0,0,0,0,0,0,0,0,0,0,0,0,0,0,3.624,0,0,3.185,0
ENSEMBL:ENSG00000261840,0,0,0,0,0,0,0,0,0,0,0,0,0,0,0,0,-3.624,0,0,0,0
BRCA1,0,0,0,0,0,0,0,0,0,0,0,0,0,1.415,0,0,0,0,0,-3.623,0
COLEC12,0,0,0,0,0,0,0,0,0,0,0,-1.327,-3.623,0,0,0,0,0,0,0,0
SMOC2,0,0,0,0,0,0,0,0,0,0,0,-2.288,-3.623,0,0,0,0,0,0,0,1.494
TNFRSF6B,0,0,0,0,0,0,0,0,0,0,0,0,-3.623,0,0,0,0,0,0,0,0
GALT,0,0,0,0,0,0,0,0,-1.614,-3.147,0,0,0,-3.623,0,0,0,0,0,-3.525,0
TGFBR2,0,0,0,0,0,0,0,0,0,2.184,0,0,3.042,3.623,0,0,0,0,0,0,0
RHOG,0,0,0,0,0,0,0,0,0,1.531,0,0,3.092,3.623,0,0,0,0,0,0,1.722
ENSEMBL:ENSG00000277687,0,0,0,0,0,-1.58,0,0,0,0,0,0,0,0,0,-3.623,0,0,0,0,0
BTBD7,0,0,0,0,0,0,-2.355,0,0,0,0,0,0,0,0,0,0,-3.311,0,-2.105,-3.623
MANBA,0,0,0,0,0,0,0,0,0,1.833,0,0,0,1.426,0,0,0,0,0,-3.622,0
SYK,0,0,0,0,0,0,0,0,0,1.879,0,0,0,3.622,0,0,0,0,0,0,0
ENSEMBL:ENSG00000267174,0,0,0,0,0,0,0,0,0,2.421,0,0,1.855,3.622,0,0,0,0,0,0,0
ITK,0,0,0,0,0,0,0,0,0,-2.003,0,0,0,-3.621,0,0,0,0,0,0,0
PAQR4,0,0,0,0,0,0,0,0,0,0,0,0,0,0,0,0,0,3.62,0,0,3.145
FHIP2A,0,0,0,0,0,0,-1.478,0,0,3.104,0,0,0,3.62,0,0,-1.376,0,0,0,-2.982
ENSEMBL:ENSG00000273295,0,0,0,0,0,-2.787,-1.395,0,0,0,0,0,-1.626,0,0,0,-2.49,0,0,-3.62,0
CITED4,0,0,0,0,0,0,0,0,0,0,0,0,0,0,0,0,0,0,0,-3.619,-2.893
LINC01215,0,0,0,0,0,-3.618,-2.38,-1.981,0,0,0,-2.508,0,0,0,0,0,0,0,0,0
LAIR2,0,0,0,0,0,3.618,3.16,0,0,0,0,0,0,0,0,0,0,0,0,0,0
TALDO1,0,0,0,0,0,0,0,0,0,1.859,0,0,2.345,3.618,0,0,0,2.5,0,0,0
CALCOCO2,0,0,0,0,0,0,0,0,1.306,0,0,0,3.618,2.145,0,0,0,0,0,0,0
JAK3,0,0,0,0,0,0,0,0,0,1.359,0,0,1.842,3.618,0,0,0,0,0,0,0
KIAA0513,0,0,0,0,0,0,0,0,1.592,1.827,0,0,2.223,3.617,0,0,0,0,0,0,1.385
ENSEMBL:ENSG00000258634,0,0,0,0,0,0,0,0,0,1.561,0,0,0,0,0,0,0,0,0,-3.617,0
PADI2,0,0,0,0,0,0,0,0,0,1.905,0,0,2.705,3.615,0,0,0,0,2.355,0,0
TNFRSF25,0,0,0,0,0,0,0,0,0,-1.409,0,0,0,-3.613,0,0,-1.541,0,0,0,0
TECTA,0,0,0,0,0,0,0,0,0,0,0,0,0,0,0,0,0,0,0,0,3.613
ENSEMBL:ENSG00000264151,0,0,0,0,0,0,0,0,0,0,0,0,0,0,0,0,0,-1.435,0,0,-3.613
MAP3K11,0,0,0,0,0,0,0,0,1.431,0,0,0,2.705,2.064,0,1.752,-1.34,0,0,-3.613,0
SNHG29,0,0,0,0,0,0,0,0,0,-2.088,0,0,0,-3.612,0,0,0,0,0,0,0
RACK1,0,-2.027,0,0,0,0,0,0,0,-2.389,0,0,0,-3.612,0,0,0,0,0,0,0
LPCAT2,0,0,0,0,0,0,0,0,1.438,2.576,0,0,3.374,3.611,0,0,0,0,0,0,0
RCOR1,0,0,0,0,0,0,0,0,0,2.011,0,0,2.576,3.611,0,0,0,0,0,0,-2.846
TJAP1,0,0,0,0,0,0,0,0,0,0,0,0,0,0,0,0,0,-3.61,-2.006,-3.477,-3.009
RPH3A,0,0,0,0,0,0,0,0,0,0,0,0,2.083,3.609,0,0,0,0,0,0,0
G3BP2,0,0,0,0,0,0,0,0,0,0,0,0,0,0,0,0,0,0,0,3.609,0
KIF1B,0,0,0,0,0,0,0,0,0,2.058,0,0,0,3.608,0,0,0,0,0,3.057,0
CTH,0,0,0,0,0,0,0,0,0,0,0,0,0,0,0,0,0,0,0,0,-3.608
PHF19,0,0,0,0,0,0,0,0,0,0,0,0,0,0,0,0,2.492,0,0,1.723,3.608
TCAF1,0,0,0,0,0,0,0,0,0,0,0,0,0,0,0,0,-1.466,0,0,0,3.608
CTDSPL,0,0,0,0,0,0,0,0,0,0,0,0,3.608,0,0,0,0,0,0,0,0
HLA-DQA1,0,0,0,0,0,0,-3.039,-3.607,-1.472,0,0,-2.348,-2.182,0,0,0,0,0,0,0,0
PTK2,0,-1.321,0,0,0,0,0,0,0,0,0,0,0,0,0,0,0,0,3.607,2.02,0
ZNF594,0,0,0,0,0,0,0,0,0,0,0,0,0,0,0,0,0,0,0,-3.606,0
SRA1,0,0,0,0,0,0,0,0,0,0,0,0,0,0,0,0,0,0,0,2.138,3.606
ZNF224,0,0,0,0,0,0,0,0,0,0,0,0,0,0,0,0,0,0,0,-3.604,0
EHD1,0,0,0,0,0,0,0,0,0,0,0,1.422,3.604,3.413,0,0,0,0,0,0,0
RNF44,0,0,0,0,0,0,0,0,0,1.996,0,0,2.334,3.603,0,0,0,0,0,0,0
DEPDC5,0,0,0,0,0,0,0,0,0,0,0,0,0,0,0,0,0,0,-2.542,-3.603,1.813
UPF1,0,0,0,0,0,0,0,0,0,2.158,0,0,1.411,3.602,0,0,0,0,0,-1.561,0
SSR3,0,0,0,0,0,0,0,0,0,0,0,0,0,-1.772,0,0,0,0,3.601,3.447,3.602
LPAR2,0,0,0,0,0,0,0,0,0,1.564,0,0,2.242,3.601,0,0,0,0,0,0,0
DEDD,0,0,0,0,0,0,0,0,0,0,0,2.052,3.6,0,0,0,0,0,0,0,0
ARF1,0,0,0,0,0,0,0,0,0,1.366,0,1.526,3.6,2.999,0,0,0,0,0,2.932,1.49
ENSEMBL:ENSG00000259881,0,0,0,0,0,0,0,0,0,0,0,0,0,0,0,0,3.599,0,0,0,1.523
PNISR,0,0,0,0,0,-2.515,-3.599,0,0,0,0,0,0,0,0,0,0,0,2.377,1.324,0
GRK4,0,0,0,0,0,0,0,0,0,0,0,0,0,0,0,0,0,1.474,0,3.598,2.785
ENSEMBL:ENSG00000245156,0,0,0,0,0,2.048,1.845,3.598,0,0,0,0,0,0,0,0,0,0,0,0,0
CD84,0,0,0,0,0,-3.597,-1.883,0,0,0,0,0,0,0,0,0,0,0,0,0,0
TRMT5,0,0,0,0,0,0,0,0,0,0,0,0,0,0,0,0,3.596,0,0,2.475,0
ICOSLG,0,0,0,0,0,-1.737,-2.72,0,0,0,0,0,0,-2.164,0,0,3.596,0,0,3.166,0
PDIA3,0,0,0,0,0,3.095,3.596,0,0,0,0,0,0,0,0,0,0,0,0,0,0
MEGF10,0,0,0,0,0,0,0,0,0,0,0,0,0,0,0,0,0,-1.382,0,0,-3.594
PTGDR2,0,0,0,0,0,0,0,0,0,-1.767,0,0,0,-3.594,0,0,0,0,0,0,0
IPO9,0,0,0,0,0,0,0,0,0,0,0,0,0,-1.875,0,0,0,0,0,0,3.593
NPLOC4,0,1.357,0,0,0,0,0,0,0,0,0,0,0,2.387,0,0,0,0,0,3.593,2.569
ADCY9,0,0,0,0,0,0,1.835,0,0,0,0,0,0,0,0,0,2.419,0,0,0,-3.593
ZNF564,0,0,0,0,0,0,0,0,0,0,0,0,0,0,0,-3.591,2.977,0,-2.569,0,0
GMFG,0,0,0,0,0,0,0,0,0,0,0,0,1.345,3.59,0,0,0,0,0,0,0
GET4,0,0,0,0,0,0,0,0,0,0,0,0,0,0,0,0,0,0,0,0,3.59
MAGT1,0,0,0,0,0,0,0,0,0,0,0,0,0,0,0,0,0,0,0,3.59,0
RRP1,0,0,0,0,0,0,0,0,0,-1.576,0,0,-2.772,-1.868,0,0,3.053,0,0,3.59,0
RUFY1-AS1,0,0,0,0,0,0,0,0,0,0,0,0,0,0,0,-2.581,0,0,0,-3.589,0
UQCRFS1,0,0,0,0,0,0,0,0,0,0,0,0,0,0,0,0,0,3.588,0,0,0
PM20D2,0,0,0,0,0,0,0,0,0,0,0,0,0,0,0,0,0,-3.588,0,0,-1.788
DDHD2,0,0,0,0,0,0,0,0,0,0,0,0,0,0,0,0,-3.588,0,0,-3.353,-3.007
MMRN2,0,0,0,0,0,0,0,0,0,0,0,0,0,0,0,1.632,0,0,3.587,2.042,0
COX6C,0,0,0,0,0,0,0,0,0,-1.71,0,0,-1.798,-3.585,0,0,0,0,0,0,0
CLEC7A,0,0,0,0,0,-2.383,-1.701,0,0,1.732,0,0,1.769,3.585,0,0,0,0,0,0,0
TRPM6,0,0,0,0,0,0,0,0,1.418,2.935,0,0,1.906,3.585,0,0,0,0,0,0,0
CTPS1,0,0,0,0,0,0,0,0,0,0,0,0,0,0,0,0,0,0,-2.573,1.584,3.585
TBC1D23,0,0,0,0,0,0,0,0,0,0,0,0,0,0,0,0,0,0,0,0,-3.585
TUBE1,0,0,0,0,0,0,0,0,0,0,0,0,0,0,0,0,0,0,0,-3.585,0
RGS18,0,0,0,0,0,-1.536,0,0,1.439,1.39,0,0,3.585,2.033,0,0,0,0,0,0,0
ACVRL1,0,0,0,0,0,0,1.671,1.41,0,0,0,2.03,0,0,0,0,0,0,0,3.584,0
IPMK,0,0,0,0,0,-2.167,-1.43,0,0,2.358,0,0,0,2.795,0,1.514,0,0,0,3.583,0
BNIP3L,0,0,0,0,0,-2.14,-1.783,0,0,0,0,0,0,0,0,3.583,0,0,2.958,0,0
POLR1F,0,0,0,0,0,0,0,0,0,0,0,0,-3.583,0,0,0,0,0,-1.319,2.42,0
LATS1,0,0,0,0,0,-2.248,0,0,0,0,0,0,0,0,0,0,0,0,-2.017,3.581,0
OSBPL6,0,0,0,0,0,0,0,0,0,0,0,0,0,1.393,0,1.891,0,0,3.581,0,0
PPM1K,0,0,0,0,0,0,0,0,0,-2.559,0,0,0,-3.581,0,0,0,0,-1.483,0,-2.312
TRIM38,0,0,0,0,0,0,0,0,0,0,0,0,0,0,0,0,0,0,0,3.58,0
PPP1R13L,0,0,0,0,0,0,0,0,0,0,0,0,0,0,0,0,1.412,0,0,1.736,3.58
MED13L,0,0,0,0,0,-3.579,-1.435,0,0,0,0,0,0,0,0,0,0,-2.272,0,0,-2.016
COP1,0,0,0,0,0,0,0,0,0,2.143,0,0,1.848,3.578,0,0,0,0,0,0,0
RSBN1,0,-1.357,0,0,0,0,0,0,0,0,0,0,0,0,0,0,0,-1.804,0,3.578,-2.448
ATP8B2,0,0,0,0,0,-2.865,-3.577,-1.909,0,-1.808,0,0,0,-3.115,0,0,0,0,0,0,0
HRC,0,0,0,0,0,0,0,0,0,0,0,0,0,0,0,0,0,3.576,-1.892,0,0
ZNF696,-1.337,0,0,-3.576,0,0,0,0,0,0,0,-1.405,0,0,0,0,1.532,0,0,0,0
REXO1,0,0,0,0,0,0,0,0,0,0,0,0,0,0,0,0,0,0,0,3.576,0
POLR3E,0,-1.381,0,0,0,0,0,0,0,0,0,0,-1.402,-1.757,0,0,0,0,0,3.573,0
NECTIN1,0,0,0,0,0,0,0,0,1.455,2.049,0,0,1.714,3.573,0,0,0,0,0,0,0
GNAI2,0,0,0,0,0,0,0,0,0,1.883,0,0,2.473,3.572,0,0,0,0,0,0,0
SSBP3,0,0,0,0,0,0,2.101,0,0,-2.193,0,0,0,-2.479,0,0,0,0,0,-2.303,-3.572
RPL38,0,0,0,0,0,0,0,0,0,-2.159,0,0,0,-3.571,0,0,0,0,0,0,0
HOXA7,0,0,0,0,0,0,0,0,0,0,0,0,0,0,0,0,0,0,0,-3.571,0
TAF4B,0,0,0,0,0,0,0,0,0,0,0,0,0,0,0,0,3.569,0,0,3.314,0
RAB5IF,0,0,0,0,0,0,0,0,1.649,1.601,0,1.315,2.915,3.569,0,0,0,0,0,0,0
ENSEMBL:ENSG00000268903,0,0,0,0,0,0,0,0,0,1.35,0,0,1.826,3.569,0,0,0,0,0,0,0
PDS5B,0,-1.738,0,0,0,0,0,0,0,0,0,0,0,0,0,0,-1.926,0,0,-3.568,0
CCDC28A,0,0,0,0,0,0,0,0,0,2.674,0,0,0,2.448,0,0,0,0,0,-3.567,-1.755
TGFBR1,0,0,0,0,0,0,0,0,0,2.944,0,0,1.844,2.142,0,0,0,0,0,3.566,0
ENSEMBL:ENSG00000283633,0,0,0,0,0,0,0,0,1.701,0,0,1.885,3.565,0,0,0,0,0,0,0,0
GJC1,0,0,0,0,0,0,0,0,0,0,0,0,0,0,0,-3.565,0,0,0,0,0
DOHH,0,0,0,0,0,0,0,0,0,0,0,0,-3.564,0,0,0,0,0,0,0,0
CYTH2,0,0,0,0,0,0,0,0,1.819,0,0,0,3.564,2.031,0,1.732,0,0,0,0,0
CCR2,0,0,0,0,0,0,-3.563,0,0,0,0,0,1.47,-1.679,0,0,0,0,0,0,0
EXO5,0,0,0,0,0,0,0,0,0,0,0,0,0,0,0,0,-1.318,0,0,-3.562,0
ENSEMBL:ENSG00000266993,0,0,0,0,0,0,0,0,0,0,0,0,0,0,0,0,0,0,0,3.562,0
CDK14,0,-1.321,0,0,0,0,0,0,1.348,3.186,0,0,1.524,3.562,0,0,0,0,0,0,0
HIP1,0,0,0,0,0,0,0,0,1.658,2.201,0,0,2.98,3.562,0,0,0,0,0,0,0
RBL2,0,0,0,0,0,-1.361,0,0,0,0,0,0,0,1.766,0,0,0,0,0,0,-3.562
VIPR1,0,0,0,0,0,0,0,0,0,0,0,0,0,-1.755,0,0,-3.561,0,0,-2.463,0
KRT72,0,0,0,0,0,1.747,3.561,0,0,0,0,0,0,0,0,0,0,0,0,0,0
ENSEMBL:ENSG00000283175,0,0,0,0,0,0,0,0,0,0,0,0,0,0,0,0,0,0,0,-3.56,0
ELL2,0,0,0,0,0,0,0,0,0,0,0,0,0,0,0,0,0,0,0,3.56,0
ZNF555,0,0,0,0,0,0,0,0,0,0,0,0,0,0,0,0,0,0,0,-3.56,0
NBPF15,0,0,0,0,0,-3.559,-2.247,-1.388,0,0,0,0,0,-1.32,0,0,0,0,0,0,0
SNX10,0,0,0,0,0,-1.339,0,0,0,3.326,0,0,1.437,3.558,0,0,0,0,0,0,0
DNAJB14,0,0,0,0,0,-1.598,0,0,0,0,0,0,0,0,0,0,0,0,0,-3.558,0
TMEM205,0,0,0,0,0,0,0,0,0,0,0,0,0,0,0,0,-1.712,0,0,-3.558,-1.857
CDHR5,0,0,0,0,0,0,0,0,0,0,0,0,0,0,0,0,0,0,0,-3.558,0
TRIM26,0,0,0,0,0,0,0,0,0,0,0,0,0,0,0,3.558,0,0,0,0,0
SLC13A3,0,0,0,0,0,0,0,0,0,0,0,0,0,0,0,0,-1.377,0,0,-3.556,2.917
RPLP1,0,0,0,0,0,0,0,0,0,-1.837,0,0,0,-3.555,0,0,0,0,0,1.379,0
ANKRD24,0,0,0,0,0,0,0,0,0,0,0,0,0,0,0,0,0,0,0,0,-3.555
FCGR2B,0,0,0,0,0,2.871,3.555,1.556,0,0,0,0,0,0,0,0,-1.653,0,0,0,0
PIGT,0,0,0,0,0,2.381,0,0,0,0,0,0,0,0,0,0,0,0,0,0,3.555
PAPOLA,0,0,0,0,0,-1.854,0,0,0,0,0,0,0,0,0,0,0,0,0,3.554,1.432
KHNYN,0,0,0,0,0,0,0,0,1.657,2.449,0,0,3.447,3.554,0,0,0,0,0,0,0
NAP1L4,0,0,0,0,0,0,0,0,0,-1.934,0,0,0,-2.548,0,0,0,0,3.554,-1.985,0
OGFR,0,0,0,0,0,0,0,0,0,0,0,0,0,0,0,1.812,0,0,3.303,0,-3.554
TCTN2,0,0,0,0,0,0,0,0,0,0,0,0,0,0,0,0,-1.75,0,0,-3.554,0
RPL9,0,0,0,0,0,0,0,0,0,-2.492,0,0,0,-3.554,0,0,0,0,0,0,0
RPS25,0,0,0,0,0,0,0,0,0,-2.483,0,0,0,-3.553,0,0,0,0,0,0,0
ENSEMBL:ENSG00000288818,0,0,0,0,0,0,0,0,0,0,0,0,0,0,0,0,0,0,0,3.552,0
S100B,0,0,0,0,0,3.551,0,0,0,0,0,0,0,0,0,0,0,0,0,0,0
CXXC4,0,0,0,0,0,0,3.551,0,0,0,0,0,0,0,0,0,0,0,0,0,0
DDX52,0,0,0,0,0,0,0,0,-1.692,0,0,-1.534,-3.55,-1.826,0,0,0,0,0,0,0
HNRNPUL1,0,0,0,0,0,0,0,0,0,0,0,0,2.143,1.546,0,0,-2.543,0,0,-1.301,-3.549
C1orf127,0,0,0,0,0,0,0,0,0,0,0,0,0,0,0,0,0,0,0,-3.549,0
FCMR,0,0,0,0,0,0,0,0,0,0,0,0,-1.627,-3.549,0,0,0,0,0,0,0
RPL21,0,0,0,0,0,0,-3.549,0,0,-1.936,0,0,0,-2.512,0,0,0,0,0,0,0
ADAT3,0,0,0,0,0,1.668,3.549,0,0,0,0,0,0,0,0,1.319,0,0,0,2.436,0
THOC5,0,0,0,0,0,0,0,0,0,1.904,0,0,1.761,3.519,0,0,0,1.664,3.548,0,0
TRMT10C,0,0,0,0,0,0,0,0,0,0,0,0,0,0,0,0,0,0,-3.546,0,0
GIMAP5,0,-1.459,0,0,0,0,0,0,0,-1.848,0,0,0,-3.374,0,3.546,0,0,0,0,0
SCAF11,0,0,0,0,-1.437,-1.944,0,0,0,0,0,0,0,0,0,0,0,0,0,3.544,1.34
POLR3H,0,0,0,0,0,0,0,0,0,0,0,0,-2.427,-3.543,0,0,0,0,0,0,0
DDX28,0,0,0,0,0,0,0,0,0,0,0,0,0,0,0,0,0,0,0,3.543,0
ATG12,0,0,0,0,0,0,0,0,0,0,0,0,0,0,0,0,0,0,0,-3.542,0
CA14,0,0,0,0,0,0,0,0,0,0,0,0,-1.332,0,0,0,0,3.542,0,0,0
BNIP3,0,0,0,0,0,0,0,0,0,0,0,0,0,0,0,0,0,0,-3.541,0,0
STYX,0,0,0,0,0,0,0,0,0,0,0,0,0,0,0,0,0,0,3.541,-1.37,0
ZNF440,0,0,0,0,0,0,0,0,0,0,0,0,0,0,0,0,0,0,0,-3.539,0
DNA2,0,0,0,0,0,0,0,0,0,0,0,0,0,0,0,0,0,0,0,-3.539,1.74
RPL8,0,0,0,0,0,0,0,0,0,-2.23,0,0,0,-3.539,0,0,0,0,0,0,0
ARHGEF10L,0,0,0,0,0,0,0,0,0,0,0,0,0,0,0,0,0,1.412,0,-3.538,0
EDRF1-DT,0,0,0,0,0,0,0,0,0,0,0,0,0,0,0,0,0,0,0,-3.538,1.491
ZNF552,0,0,0,0,0,0,0,0,0,0,0,0,0,2.55,0,0,0,0,0,3.538,0
KLHL30-AS1,0,0,0,0,0,0,0,0,0,0,0,0,0,0,0,0,2.93,0,0,0,-3.538
RPS5,0,0,0,0,0,0,0,0,0,-1.739,0,0,0,-3.538,0,0,0,0,0,0,0
NOTCH2,0,0,0,0,0,-3.538,-1.907,0,0,0,0,0,0,0,0,0,1.937,0,0,0,0
SHISA5,0,0,0,0,0,0,0,0,0,1.461,0,0,2.191,3.538,0,0,0,0,0,0,0
ADAMTS15,0,0,0,0,0,0,0,0,0,0,0,0,-1.425,0,0,0,0,0,-3.538,0,0
EIF4G3,0,0,0,0,0,0,0,0,0,0,0,0,0,0,0,-1.571,0,0,-3.537,3.177,1.584
CENATAC,0,0,0,0,0,0,0,0,0,0,0,0,0,0,0,-2.517,-3.536,0,-2.07,-2.507,0
NUP58,0,0,0,0,0,0,0,0,0,2.519,0,0,1.964,3.535,0,0,0,0,0,0,0
LINC00173,0,0,0,0,0,0,0,0,0,1.838,0,0,0,3.535,0,0,0,0,0,0,0
PPT1,0,0,0,0,0,0,0,0,0,2.051,0,0,3.172,3.534,0,0,0,0,0,0,2.708
OLAH,0,0,0,0,0,0,0,0,0,1.827,0,0,0,3.534,0,0,0,0,0,0,0
HYKK,0,0,0,0,0,0,0,0,0,0,0,0,0,0,0,0,-3.533,0,0,-1.901,0
PRKCQ-AS1,0,0,0,0,0,0,0,0,0,-1.317,0,0,0,-2.224,0,0,0,0,0,0,-3.532
CRNKL1,0,0,0,0,0,0,0,0,0,2.074,0,0,0,3.532,0,0,0,0,0,0,0
TGFB2-AS1,0,0,0,0,0,0,0,0,0,0,0,0,0,0,0,0,0,0,0,3.531,2.149
GID4,0,0,0,0,0,-3.531,-3.241,0,0,0,0,0,0,0,0,0,0,0,0,0,0
ACE,0,0,0,0,0,-1.633,-3.39,-3.531,-1.417,0,0,-1.5,0,0,0,0,0,0,0,0,0
ZNRD1ASP,0,0,0,0,0,-1.523,0,0,0,0,0,0,0,0,0,0,1.321,0,0,-3.53,0
LY6G5B,0,0,0,0,0,0,0,0,0,0,0,0,0,0,0,-2.872,0,0,0,-3.53,0
GAS2,0,0,0,0,0,0,0,0,0,-1.361,0,0,0,0,0,0,0,0,0,3.529,0
E2F6,0,0,0,0,0,0,1.385,0,0,0,0,0,0,0,0,0,0,0,0,3.529,-1.341
CC2D1A,0,0,0,0,0,0,0,0,0,0,0,0,0,0,0,0,0,0,0,-3.529,1.756
IGHM,0,0,0,0,0,0,-3.529,-3.199,0,0,0,-2.569,-2.067,-2.057,0,0,0,0,0,0,0
ZNF354A,0,0,0,0,0,0,0,0,0,3.527,0,0,0,3.231,0,0,0,0,0,0,0
TEX264,0,0,0,0,0,3.527,1.787,0,0,0,0,0,0,0,0,0,0,2.706,1.689,-1.593,0
FANCG,0,0,0,0,0,0,1.427,0,0,0,0,0,0,0,0,0,-1.332,0,0,-3.527,0
SLC38A9,0,0,0,0,0,0,0,0,0,0,0,0,0,0,0,0,0,0,0,-3.524,0
H2BC12,0,0,0,0,0,0,0,0,1.521,0,0,0,3.522,0,0,0,0,0,0,0,0
ALKBH8,0,0,0,0,0,0,0,0,0,0,0,0,0,0,0,0,0,0,0,0,3.522
PA2G4,0,0,0,0,0,0,0,0,0,-2.393,0,0,0,-3.522,0,0,0,0,0,0,0
ATP13A1,0,0,0,0,0,0,1.433,0,0,0,0,0,0,0,0,-3.522,0,0,-3.389,-1.313,0
RGS19,0,0,0,0,0,0,0,0,0,1.372,0,0,2.528,3.522,0,0,0,0,0,0,0
ZNF573,0,0,0,0,0,0,0,0,0,0,0,0,0,0,0,0,0,0,0,-3.521,0
ZNF607,0,0,0,0,0,0,0,0,0,0,0,0,0,0,0,0,0,0,0,-3.521,0
DSC2,0,0,0,0,0,-1.445,0,0,0,2.765,0,0,1.759,3.521,0,0,0,0,0,0,0
LINC00482,0,0,0,0,0,0,0,0,0,0,0,0,0,0,0,0,0,0,0,3.52,0
ARAP3,0,0,0,0,0,0,0,0,1.43,2.04,0,0,3.313,3.52,0,0,0,0,2.104,0,0
HERC2,0,0,0,0,0,0,0,0,0,-1.598,0,0,0,-3.519,0,0,0,2.234,0,0,0
ZFY,0,0,3.519,0,0,0,0,0,0,0,0,0,0,0,0,0,0,0,0,0,0
PINK1,0,0,0,0,0,0,0,0,2.694,1.415,0,0,3.519,1.641,0,0,0,0,0,0,0
RPLP0,0,0,0,0,0,0,0,0,0,-2.593,0,0,0,-3.519,0,0,0,0,0,0,0
FLI1,0,0,0,0,0,0,0,0,0,1.601,0,0,3.065,3.519,0,0,0,0,0,0,0
ANKRD6,0,0,0,0,0,0,0,0,0,0,0,0,0,0,0,0,0,0,0,0,-3.519
DPP4,0,1.357,0,0,0,-3.407,-3.519,0,0,-1.609,0,0,0,-2.466,0,0,0,0,0,0,0
LINC02084,0,0,0,0,0,3.518,2.716,0,0,0,0,0,0,0,0,0,0,0,0,0,0
NDUFV1,0,0,0,0,0,3.518,3.319,0,0,0,0,0,0,0,0,0,0,1.643,0,0,0
CBX1,0,0,0,0,0,0,0,0,0,1.822,0,0,3.517,3.346,0,0,0,0,0,0,0
ITGA2B,0,0,0,0,0,0,0,0,0,0,0,0,3.517,0,0,0,0,0,0,0,0
NIPAL1,0,0,0,0,0,0,0,0,0,0,0,0,0,0,0,0,-2.995,0,0,-3.517,0
EXTL2,0,0,0,0,0,0,0,0,0,0,0,0,0,0,0,0,0,0,0,-3.517,0
ZNF326,0,0,0,0,0,0,0,0,0,0,0,0,0,0,0,0,0,0,0,3.517,0
CCAR1,0,-1.519,0,0,0,0,0,0,0,0,0,0,0,0,0,0,0,0,0,3.516,0
SGSM2,0,0,0,0,0,0,0,0,0,0,0,0,0,0,0,0,0,0,0,-2.259,-3.516
HIVEP2,0,0,0,0,0,-2.862,-2.818,0,0,0,0,0,0,0,0,0,1.714,0,-3.397,3.515,-2.542
BCCIP,0,0,0,0,0,0,0,0,0,0,0,0,-1.486,0,0,0,0,0,0,3.514,0
BTBD8,0,0,0,0,0,0,0,0,0,0,0,0,0,0,0,0,0,-1.471,0,0,-3.514
YTHDC1,0,0,0,0,0,-2.838,0,0,0,0,0,0,0,3.514,0,0,0,0,0,0,0
VRK3,0,0,0,0,0,0,0,0,0,0,0,0,1.813,3.514,0,0,0,0,0,0,2.805
MTIF2,0,0,0,0,0,0,0,0,0,0,0,0,0,0,0,0,0,3.514,0,0,0
EHBP1,0,0,0,0,0,0,0,0,0,0,0,0,0,0,0,2.384,0,0,3.513,0,0
ENSEMBL:ENSG00000284526,0,0,0,0,0,0,0,0,0,3.184,0,0,1.603,3.512,0,0,0,0,0,0,0
TSEN15,0,0,0,0,0,2.107,3.51,0,0,0,0,0,0,0,0,0,0,0,0,0,2.577
SPRYD3,0,0,0,0,0,1.576,0,0,0,0,0,0,0,0,0,0,0,0,0,0,3.508
RMI1,0,0,0,0,0,0,0,0,0,0,0,0,0,0,0,0,0,0,0,-2.481,-3.507
PGM5,0,0,0,0,0,0,0,0,0,0,0,0,0,0,0,0,0,0,0,0,3.507
KRCC1,0,0,0,0,0,0,0,0,0,0,0,0,0,1.396,0,0,0,0,0,-3.506,0
LEXM,0,0,0,0,0,2.992,3.506,0,0,0,0,1.912,0,0,0,0,0,0,0,0,0
BTF3,0,0,0,0,0,-1.379,-3.506,0,0,0,0,0,0,-1.399,0,0,0,0,0,1.939,0
ESAM,0,0,0,0,0,0,0,0,0,0,0,1.671,3.336,0,0,2.03,0,0,3.505,0,0
ENSEMBL:ENSG00000272195,0,0,0,0,0,0,0,0,0,0,0,0,0,0,0,0,0,0,3.505,0,0
KCNQ5,0,0,0,0,0,0,0,0,0,0,0,0,0,0,0,0,0,-1.745,0,0,-3.504
FUT10,0,0,0,0,0,0,0,0,0,0,0,0,0,0,0,0,0,0,0,-3.504,0
BET1,0,0,0,0,0,0,0,0,0,0,0,0,0,0,0,0,0,0,0,-3.504,0
ATP5MC1,0,0,0,0,0,0,0,0,0,0,0,0,0,0,0,0,0,3.503,0,0,1.818
LTB4R2,0,0,0,0,0,0,0,0,0,0,0,0,0,0,0,0,0,0,0,-3.503,0
LONRF1,0,0,0,0,0,-1.699,0,0,0,2.868,0,0,0,3.503,0,0,0,0,0,0,0
ENSEMBL:ENSG00000286657,0,0,0,0,0,0,0,0,0,0,0,0,0,0,0,2.805,0,0,3.503,2.789,0
MAPK8,0,0,0,0,0,0,0,0,0,0,0,0,0,0,0,0,0,0,3.502,0,0
ENSEMBL:ENSG00000229821,0,0,0,0,0,0,0,0,0,0,0,0,0,0,0,0,3.502,0,0,3.31,0
LARGE2,0,0,0,0,0,0,-3.502,0,0,0,0,0,0,0,0,0,0,0,-1.499,0,0
SLC37A1,0,0,0,0,0,0,0,0,0,0,0,0,0,0,0,0,1.758,0,0,3.501,0
CMTR1,0,0,0,0,0,0,0,0,0,0,0,0,0,0,0,0,-1.405,0,0,-3.501,0
NLRP1,0,0,0,0,0,0,0,0,0,1.651,0,0,0,3.5,0,0,-3.435,0,0,-2.511,0
PTGS1,0,0,0,0,0,0,0,0,0,0,0,0,3.5,0,0,0,0,0,0,0,0
ENSEMBL:ENSG00000273015,0,0,0,0,0,0,0,0,0,0,0,0,0,0,0,0,0,0,0,3.5,0
ZNF282,0,0,0,0,0,1.726,0,0,0,0,0,0,0,0,0,0,0,0,0,-3.113,-3.499
PLCB3,0,0,0,0,1.344,0,0,0,0,0,0,0,2.196,0,0,0,0,0,3.498,0,0
ENSEMBL:ENSG00000285728,0,0,0,0,0,0,0,0,0,0,0,0,0,0,0,0,0,0,0,-3.498,0
RPL10,0,0,0,0,0,0,0,0,0,-2.264,0,0,0,-3.497,0,0,0,0,0,0,0
TREML1,0,0,0,0,0,0,0,0,0,0,0,0,3.497,0,0,0,0,0,0,0,0
L3MBTL2-AS1,0,0,0,0,0,0,0,0,0,0,0,0,0,0,0,0,0,0,0,-3.497,0
ERI2,0,0,0,0,0,0,0,0,0,0,0,0,-1.605,0,0,0,0,0,0,-3.496,-1.491
METTL23,0,0,0,0,0,0,0,0,0,0,0,0,0,0,0,0,3.496,0,0,0,0
SIRT5,0,0,0,0,0,0,0,0,0,0,0,0,0,0,0,0,0,3.495,0,-2.299,0
VOPP1,0,0,0,0,0,2.859,2.635,1.54,0,0,0,3.495,1.947,0,0,0,0,0,0,0,0
DUS3L,0,0,0,0,0,1.415,0,0,0,0,0,0,-2.047,0,0,0,0,0,0,3.495,0
CPNE1,0,0,0,0,0,0,0,0,0,0,0,0,0,0,0,0,0,0,0,-3.495,0
PCAT19,0,0,0,0,0,0,0,0,0,0,0,0,0,0,0,0,2.837,0,0,3.494,0
WDSUB1,0,0,0,0,0,0,0,0,0,0,0,0,0,0,0,0,3.493,0,0,0,0
XXYLT1,0,0,0,0,0,0,0,0,0,0,0,0,0,0,0,0,0,0,0,-3.493,0
FAM50A,0,0,0,0,0,3.492,3.289,0,0,0,0,0,0,0,0,0,1.338,0,0,2.911,0
ZC3H4,0,0,0,0,0,0,-1.613,-1.462,-1.381,0,0,-3.186,-1.514,1.548,0,3.455,2.683,0,3.49,0,-1.335
AP1G1,0,0,0,0,0,-1.333,0,0,0,1.662,0,0,0,3.49,0,0,0,0,0,0,0
TIMM44,0,0,0,0,0,1.438,0,0,0,0,0,0,0,0,0,0,3.49,1.937,0,1.991,0
SRCAP,0,0,0,0,0,-1.555,0,0,0,0,0,0,0,0,0,0,-3.49,0,0,0,0
CD38,0,0,0,0,0,3.486,3.404,0,0,0,0,1.419,0,0,0,0,-1.454,0,0,-2.498,0
ENSEMBL:ENSG00000284691,0,0,0,0,0,0,0,0,0,-1.568,0,0,0,-3.484,0,0,0,0,0,-2.271,0
ITGB2,0,0,0,0,0,0,0,0,0,2.15,0,0,1.718,3.483,0,0,0,0,0,0,0
WASH8P,0,0,0,0,0,1.716,0,0,0,0,0,0,0,0,0,0,0,0,0,-3.482,0
PKD1P6-NPIPP1,0,0,0,0,0,0,0,0,0,0,0,0,0,0,0,0,0,-1.601,0,-3.482,-2.348
ASIC3,0,0,0,0,0,0,0,0,0,0,0,0,0,0,0,0,0,2.596,0,-3.481,2.168
DST,0,0,0,0,0,0,0,0,0,0,0,0,0,0,0,-3.48,0,0,-2.26,2.581,2.366
RFFL,0,0,0,0,0,0,0,0,1.491,2.91,0,0,2.837,3.48,0,0,0,-1.331,0,0,0
SNX12,0,0,0,0,0,0,0,0,0,0,0,0,0,0,0,0,0,1.601,0,0,3.479
ACTR10,0,0,0,0,0,0,0,0,0,0,0,0,0,3.478,0,0,0,0,0,0,0
ATP6V0E1,0,0,0,0,0,0,0,0,0,1.674,0,0,2.497,3.478,0,0,1.47,0,0,2.324,2.995
ENSEMBL:ENSG00000237550,0,0,0,0,0,0,0,0,0,-1.855,0,0,0,-3.478,0,0,0,0,0,0,0
ACTR2,0,0,0,0,0,0,0,0,0,2.776,0,0,1.804,3.478,0,0,0,0,0,0,2.611
DDX60,0,0,0,0,0,-1.886,0,0,0,0,0,0,0,0,0,0,-3.478,0,0,-1.986,0
BHLHE41,0,0,0,0,0,0,0,0,0,0,0,0,0,0,0,0,3.477,0,0,0,0
HDAC10,0,0,0,0,0,2.943,0,0,0,0,0,0,0,0,0,0,0,0,0,-3.477,0
EEF1B2,0,0,0,0,0,0,0,0,0,-1.957,0,0,0,-3.476,0,0,0,0,1.699,0,0
ATP5F1A,0,0,0,0,0,0,0,0,-1.607,-3.32,0,0,0,-3.403,0,0,0,3.476,-1.457,0,0
ABL1,0,0,0,0,0,0,0,0,0,0,0,0,0,0,0,0,0,-3.071,-3.474,0,-2.728
ZDHHC1,0,0,0,0,0,0,0,0,0,0,0,0,0,0,0,0,0,0,0,0,3.472
MRPL17,0,0,0,0,0,0,0,0,0,0,0,0,0,-2.499,0,0,0,0,0,0,3.469
LRRC37A7P,0,0,0,0,0,0,0,0,0,0,0,0,0,0,0,0,0,0,0,0,-3.469
CDK11B,0,-1.431,0,0,0,0,0,0,0,0,0,0,0,1.343,0,0,0,0,3.469,0,0
SLC9A1,0,0,0,0,0,0,0,0,0,1.44,0,0,1.305,3.421,0,0,0,0,-3.469,0,2.323
DAGLB,0,0,0,0,0,0,1.413,0,0,0,0,0,0,0,0,0,3.468,0,0,0,0
CCT2,0,0,0,0,0,0,0,0,0,0,0,0,0,0,0,0,0,0,0,3.468,1.794
NHLRC3,0,0,0,0,0,0,0,0,0,0,0,0,0,0,0,0,0,0,0,-3.468,0
DHX16,0,0,0,0,0,0,0,0,0,0,0,0,0,0,0,0,0,1.356,-1.495,0,3.465
PTGER4,0,-1.48,0,0,-1.437,0,0,0,0,0,0,0,1.31,0,0,3.465,0,0,1.428,1.854,0
ENSEMBL:ENSG00000289586,0,0,0,0,0,0,0,0,0,0,0,0,0,0,0,0,2.739,0,0,3.464,0
LRIG3,0,0,0,0,0,0,0,0,0,0,0,0,0,0,0,-2.037,0,0,0,-3.464,-1.901
CLEC2B,0,0,0,0,0,0,0,0,0,0,0,3.314,2.909,1.464,0,0,0,0,0,3.464,0
ENSEMBL:ENSG00000244480,0,0,0,0,0,0,0,0,0,0,0,0,0,0,0,0,-1.84,0,0,-3.464,0
PLB1,0,0,0,0,0,0,0,0,0,1.835,0,0,0,3.464,0,0,0,0,0,1.975,0
ZNF592,0,0,0,0,0,0,0,0,2.099,2.7,0,0,2.916,3.463,0,0,1.919,0,1.671,1.805,0
CBFB,0,0,0,0,0,0,0,0,0,0,0,0,0,0,0,0,0,0,0,3.463,0
TMSB10,0,0,0,0,0,0,0,0,0,-2.601,0,1.327,1.396,-3.462,0,0,0,0,0,2.516,0
RAB36,0,0,0,0,0,0,0,0,0,1.465,0,0,0,3.462,0,0,0,0,0,0,0
ATG101,0,0,0,0,0,3.462,3.336,0,0,0,0,0,0,0,0,1.823,0,0,1.452,0,1.334
RABEP2,0,0,0,0,0,1.48,0,0,0,0,0,0,-1.379,0,0,0,0,3.462,0,0,0
GATB,0,0,0,0,0,0,0,0,0,0,0,0,0,0,0,0,0,3.462,0,0,0
RNF169,0,0,0,0,0,0,0,0,1.408,1.335,0,0,0,0,0,-3.462,0,0,-3.337,-2.672,-2.02
ATP6V0D1-DT,0,0,0,0,0,0,0,0,0,0,0,0,0,0,0,0,0,0,0,-3.461,0
CACNG6,0,0,0,0,0,0,0,0,0,0,0,0,0,0,0,0,0,-1.742,0,0,-3.461
TOLLIP,0,0,0,0,0,0,0,0,0,0,0,0,1.325,2.273,0,0,3.46,0,0,0,-2.443
TPX2,0,0,0,0,0,0,0,0,0,0,0,0,0,0,0,0,0,0,0,0,-3.46
PPHLN1,0,0,0,0,0,0,0,0,0,0,0,0,0,0,0,1.361,0,0,-2.952,0,3.46
ATP10A,0,0,0,0,0,0,1.88,0,-1.35,-1.859,0,0,-1.848,-3.46,0,0,0,0,0,0,0
NOP53,0,0,0,0,0,0,0,0,0,-1.614,0,0,-1.487,-3.46,0,0,0,0,0,0,0
RGL4,0,0,0,0,0,0,0,0,0,1.325,0,0,0,3.46,0,0,0,0,0,0,0
SLC25A6,0,0,0,0,0,0,0,0,0,-1.927,0,0,0,-3.459,0,0,0,0,0,2.295,0
STK4,0,0,0,0,0,0,0,0,0,2.118,0,0,2.796,2.493,0,0,0,0,0,-3.458,0
CSTB,0,0,0,0,0,0,0,0,0,0,0,0,0,1.327,0,0,1.608,3.457,0,0,0
TRAF3,0,0,0,0,0,0,0,0,0,0,0,0,0,-1.369,0,0,0,0,0,0,3.457
GRIK4,0,0,0,0,0,3.456,2.574,0,0,0,0,0,0,0,0,0,0,0,0,0,0
TP53I13,0,0,0,0,0,3.456,2.758,0,0,0,0,0,0,-1.55,0,0,0,1.476,0,0,3.325
CREBL2,0,0,0,0,0,-3.456,0,0,0,-1.728,0,0,0,-2.303,0,0,0,0,0,-1.389,-1.348
HIPK3,0,0,0,0,0,-2.858,-1.524,0,0,0,0,0,0,0,0,0,0,-3.454,-1.352,1.902,-3.398
CEP85,0,0,0,0,0,0,0,0,0,0,0,0,0,0,0,0,3.454,2.209,0,0,0
GPRIN3,0,0,0,0,0,0,0,0,0,0,0,0,0,0,0,-1.57,0,0,-3.453,0,0
METTL25B,0,0,0,0,0,0,0,0,0,0,0,0,0,0,0,0,0,0,0,0,3.453
NAT10,0,0,0,0,0,0,0,0,0,-1.528,0,0,-2.244,-3.452,0,0,0,0,0,2.283,0
RPS21,0,0,0,0,0,0,0,0,0,-2.829,0,0,0,-3.452,0,0,0,0,0,0,0
YWHAE,0,0,0,0,0,0,0,0,0,0,0,0,3.451,0,0,0,0,0,-1.659,0,0
ERP29,0,0,0,0,0,0,0,0,0,-3.046,0,0,0,-3.45,0,0,2.615,0,0,0,0
DOCK5,0,0,0,0,0,-1.687,-1.327,0,0,1.945,0,0,0,3.45,0,0,0,0,0,0,-1.907
OR2S1P,0,0,0,0,0,0,0,0,0,0,0,0,0,0,0,0,-2.438,0,0,-3.449,0
ENSEMBL:ENSG00000229961,0,0,0,0,0,3.448,3.39,0,1.449,0,0,0,0,0,0,0,0,0,0,0,0
GTF2IRD2,0,0,0,0,0,0,0,0,0,0,0,0,0,0,0,0,-1.357,0,0,-3.448,0
CCNY,0,0,0,0,0,0,0,0,1.4,0,0,0,3.446,1.372,0,0,0,0,0,0,0
ABLIM1,0,0,0,0,0,-2.897,-1.425,0,0,0,0,-1.481,0,-2.448,0,-3.394,0,0,-3.445,-1.78,0
MCTS1,0,0,0,0,0,0,0,0,0,0,0,0,0,0,0,-3.443,0,0,0,-2.121,0
RPPH1,0,0,0,0,0,0,0,0,0,0,0,0,0,0,0,-3.443,0,0,0,0,0
SLC22A15,0,0,0,0,0,0,0,0,0,0,0,0,0,3.443,0,0,0,0,0,0,0
YPEL3-DT,0,0,0,0,0,0,0,0,0,1.378,0,0,1.337,3.443,0,0,0,0,0,0,0
UTY,0,0,0,0,0,0,-2.206,0,0,0,0,0,0,0,0,0,0,-2.214,0,0,-3.443
MMP28,0,0,0,0,0,0,0,0,0,0,0,0,0,0,0,0,-3.441,0,0,0,0
ZNF596,0,0,0,0,0,0,0,0,0,0,0,0,0,0,0,0,0,0,0,-3.441,0
PSMA7,0,0,0,0,0,0,0,0,0,0,0,0,0,0,0,0,0,0,0,3.113,3.441
R3HDM4,0,0,0,0,0,-1.823,-3.441,0,1.313,0,0,0,2.592,0,0,0,0,0,0,0,0
MRPS23,0,0,0,0,0,0,0,0,0,-1.609,0,0,-2.06,-1.309,0,0,0,0,0,-3.441,0
ZNF749,0,0,0,0,0,0,0,0,0,0,0,0,0,0,0,0,1.615,0,0,3.44,0
ISCA2,0,1.599,0,0,0,0,0,0,0,0,0,0,0,0,0,0,0,3.44,0,0,0
SLC25A12,0,0,0,0,0,0,0,0,0,0,0,0,0,0,0,0,0,3.439,0,0,0
TNFAIP2,0,0,0,0,0,0,0,0,0,1.576,0,0,2.147,3.438,0,0,0,0,0,0,0
ENSEMBL:ENSG00000261884,0,0,0,0,0,3.437,2.574,0,0,0,0,0,0,0,0,0,0,0,0,0,0
BEGAIN,0,0,0,0,0,0,0,0,0,0,0,0,0,0,0,0,0,0,0,1.511,3.437
METTL21C,0,0,0,0,0,0,0,0,0,0,0,0,0,0,0,0,0,-1.872,0,0,-3.436
B3GAT3,0,0,0,0,0,3.435,1.335,0,0,0,0,0,0,0,0,0,0,0,0,0,0
ATP8A1,0,0,0,0,0,0,0,0,0,0,0,0,0,0,0,2.358,0,0,2.872,0,-3.435
CPEB2,0,0,0,0,0,0,0,0,0,1.54,0,0,0,1.617,0,0,-1.562,-2.145,-2.92,0,-3.435
TOP3A,0,0,0,0,0,0,0,0,0,2.108,0,0,1.904,3.435,0,0,0,0,0,0,0
OCRL,0,0,0,0,0,0,0,0,0,0,0,0,0,0,0,0,0,0,0,3.434,0
FDFT1,0,0,0,0,0,0,0,0,0,0,0,0,0,0,0,0,0,0,0,-2.371,-3.433
ATIC,0,0,0,0,0,0,0,0,0,0,0,0,0,-2.674,0,0,0,0,0,0,3.432
WAPL,0,0,0,0,0,-2.019,0,0,0,2.225,0,0,0,2.271,0,0,0,0,0,1.91,-3.431
VHL,0,0,0,0,0,0,0,0,0,0,0,0,0,0,0,0,0,-3.43,0,0,-2.118
TUBG2,0,0,0,0,0,0,0,0,0,0,0,0,0,-1.638,0,0,-2.107,0,0,-2.32,3.43
PCBP1-AS1,0,0,0,0,0,0,0,0,0,0,0,0,0,1.58,0,0,0,0,0,-3.43,0
ME1,0,0,0,0,0,0,0,0,0,0,0,0,0,0,0,-3.429,0,0,0,0,0
HPCAL1,0,0,0,0,0,0,0,0,1.614,0,0,1.337,3.429,2.648,0,0,0,0,0,0,0
LYPLA2,0,1.36,0,0,0,2.576,0,0,0,0,0,0,0,0,0,0,0,0,0,0,3.429
NAPB,0,0,0,0,0,0,0,0,0,0,0,0,0,0,0,0,0,0,0,-3.428,0
SLC4A2,0,0,0,0,0,0,1.614,0,0,0,0,0,0,0,0,0,0,0,0,-3.428,-1.307
GGA2,0,0,0,0,0,0,0,0,0,-2.538,0,0,0,-3.428,0,0,0,0,0,0,0
CARD6,0,0,0,0,0,0,0,0,0,2.399,0,0,0,3.428,0,0,0,0,0,0,0
APOL3,0,0,0,0,0,0,0,0,0,-1.528,0,0,0,-3.426,0,0,0,0,0,0,0
KRI1,0,0,0,0,0,0,0,0,0,0,0,0,0,-2.276,0,0,0,0,0,-3.426,0
LPCAT4,0,0,0,0,0,0,0,0,0,0,0,1.437,0,0,0,0,0,0,0,-3.426,0
PGAP6,0,0,0,0,0,0,0,0,1.345,1.809,0,0,1.587,3.425,0,0,1.373,0,0,1.893,1.927
POU2AF1,0,0,0,0,0,0,-3.422,-1.668,0,0,0,0,0,-1.903,0,0,0,0,0,0,0
B4GALT7,0,0,0,0,0,0,0,0,0,-3.421,0,0,0,-2.653,0,0,0,0,0,0,0
LSM14A,0,0,0,0,0,0,0,0,0,0,0,0,0,0,0,0,0,0,-3.421,0,0
C7orf50,0,0,0,0,0,0,0,0,-2.981,0,0,0,-3.42,0,0,0,0,1.733,0,0,0
OLIG1,0,0,0,0,0,0,0,0,0,0,0,0,0,-1.573,0,0,0,3.42,0,0,2.233
RPS6KA5,0,0,0,0,0,0,0,0,0,2.573,0,0,0,1.887,0,0,0,0,3.42,0,-2.711
GBE1,0,0,0,0,0,0,0,0,0,2.107,0,0,0,3.418,0,0,0,0,0,1.775,0
SLC26A8,0,0,0,0,0,0,0,0,0,0,0,0,1.667,3.418,0,0,0,0,0,0,0
DGKA,0,0,0,0,0,0,-3.416,0,0,-1.381,0,0,0,-3.403,0,0,0,0,0,0,0
IDH1,0,0,0,0,0,0,0,0,0,0,0,0,0,0,0,0,0,0,0,-3.415,0
RPL34,0,0,0,0,0,0,0,0,0,-2.509,0,0,0,-3.415,0,0,0,0,0,0,0
NUP37,0,0,0,0,0,0,0,0,0,0,0,0,0,0,0,0,0,0,0,-3.415,0
GXYLT1,0,0,0,0,0,0,0,0,0,0,0,0,0,0,0,0,0,0,0,3.415,0
PCYOX1L,0,0,0,0,0,0,-1.776,0,-1.319,0,0,-2.275,0,0,0,0,-1.782,0,0,-3.415,0
NME1,0,0,0,0,0,0,0,0,0,0,0,0,-1.429,0,0,0,0,0,0,3.414,0
MOB3C,0,0,0,0,0,0,0,0,0,-3.414,0,0,0,-2.273,0,2.156,1.917,0,0,1.51,0
RCCD1,0,0,0,0,0,0,0,0,0,0,0,-1.337,-2.593,-3.413,0,0,0,0,0,0,0
METAP2,0,0,0,0,0,0,0,0,-1.672,0,0,-1.702,-3.413,0,0,0,0,0,0,0,0
SLC9A2,0,0,0,0,0,0,0,0,0,0,0,0,0,0,0,0,0,0,0,0,-3.411
FBXL8,0,0,0,0,0,0,0,0,0,0,0,0,0,0,0,0,0,0,0,-3.409,-1.824
TMEM223,0,0,0,0,0,0,0,0,0,0,0,0,0,0,0,0,0,3.408,0,-1.447,3.149
SIN3B,0,0,0,0,0,0,0,0,0,0,0,0,0,0,0,0,0,0,0,-3.407,0
RNF121,0,0,0,0,0,0,0,0,0,0,0,0,0,0,0,0,0,0,0,-3.407,0
GPR137C,0,0,0,0,0,0,0,0,0,0,0,0,0,0,0,0,3.406,0,0,0,0
EFHD2,0,0,0,0,0,3.134,2.478,0,0,0,0,2.329,2.251,3.406,0,0,0,0,0,0,0
DDX19B,0,0,0,0,0,0,0,0,-2.381,0,0,0,-3.406,0,0,0,-2.191,0,0,-1.889,0
LINC00624,0,0,0,0,0,0,0,0,0,0,0,0,0,0,0,0,0,0,2.175,3.405,0
LUZP1,0,0,0,0,0,0,0,0,0,0,0,0,0,0,0,3.405,0,0,3.389,0,0
STXBP3,0,0,0,0,0,-1.84,0,0,0,2.223,0,0,0,3.404,0,0,0,0,0,-1.811,0
LRPAP1,0,0,0,0,0,0,0,0,0,0,0,0,0,1.526,0,0,1.536,2.776,0,3.403,3.112
HMGA1,0,0,0,0,0,0,0,0,0,0,0,0,0,-1.441,0,0,0,0,2.419,1.785,3.402
GATA1,0,0,0,0,0,-1.914,-3.401,0,1.643,0,0,0,0,-1.475,0,0,0,0,0,0,0
EXOC8,0,0,0,0,0,-2.403,-3.401,0,0,2.664,0,0,0,2.273,0,0,1.685,0,0,2.551,0
RIOK1,0,0,0,0,0,0,0,0,0,0,0,0,0,0,0,0,0,0,0,3.401,0
RPL35,0,0,0,0,0,0,0,0,0,-1.446,0,0,0,-3.397,0,0,0,0,0,0,0
CKLF,0,0,0,0,0,0,0,0,0,0,0,0,1.484,3.397,0,0,0,0,0,0,0
SIGLEC5|ENSG00000268500,0,0,0,0,0,0,0,0,1.426,1.708,0,0,2.725,3.397,0,0,0,0,0,0,0
WFS1,0,0,0,0,0,0,0,0,0,0,0,0,0,0,0,0,-2.171,0,0,-3.396,0
ZNF613,0,0,0,0,0,0,0,0,0,0,0,0,0,0,0,0,0,0,0,-3.396,0
BATF,0,0,0,0,0,3.395,1.969,0,0,0,0,1.546,0,0,0,0,0,0,0,0,0
IARS1,0,0,0,0,0,0,0,0,0,0,0,0,-1.494,0,0,0,0,0,0,3.395,0
CNOT10,0,-1.479,0,0,0,0,0,0,0,0,0,0,0,0,0,0,0,0,0,-3.393,2.004
SNHG22,0,0,0,0,0,0,0,0,0,-1.744,0,0,-1.579,-3.392,0,0,0,0,0,0,0
SRRD,0,0,0,0,0,-3.39,-2.022,0,0,-1.844,0,0,0,0,0,0,0,0,0,0,0
RPS19,0,0,0,0,0,0,0,0,0,-1.767,0,0,0,-3.39,0,0,0,0,0,0,0
CDC25B,0,0,0,0,0,0,0,0,0,-2.67,0,0,0,-3.39,0,0,0,0,0,0,0
NCOR2,0,0,0,0,0,0,0,0,0,0,0,-1.424,0,0,0,0,3.047,0,-1.46,0,3.389
CLK4,0,0,0,0,0,0,0,0,0,0,0,1.61,0,0,0,0,0,0,0,-1.722,-3.389
UACA,0,0,0,0,0,0,0,0,0,0,0,0,0,0,0,0,0,0,0,0,-3.389
TTC30B,0,0,0,0,0,0,0,0,0,0,0,0,0,0,0,-1.872,0,0,-2.055,-3.389,0
MED15,0,0,0,0,0,3.389,2.526,0,0,0,0,0,0,0,0,0,0,0,0,0,0
FOXN2,0,0,0,0,0,0,0,0,0,0,0,0,0,0,0,0,-2.385,0,0,-3.389,0
HPS6,0,0,0,0,0,0,0,0,0,0,0,0,0,0,0,0,0,0,0,-3.388,0
TRMT2A,0,0,0,0,0,0,0,0,0,0,0,0,0,0,0,0,0,0,0,-3.388,0
ENSEMBL:ENSG00000288915,0,0,0,0,0,0,3.387,0,0,0,0,1.345,0,0,0,0,0,0,0,0,0
CD58,0,0,0,0,0,0,0,0,0,1.954,0,0,0,3.387,0,0,1.823,0,0,0,0
SYNE1,0,-1.739,0,0,0,1.605,2.3,0,0,0,0,0,0,0,0,0,0,0,-3.384,2.278,0
EPB41L2,0,0,0,0,0,-1.314,0,0,0,0,0,-1.659,0,0,0,3.384,0,0,2.14,0,0
PDCD7,0,0,0,0,0,0,0,0,0,-1.505,0,0,0,-2.906,0,0,0,0,1.77,3.383,-1.919
NCKAP1,0,0,0,0,0,0,0,0,0,0,0,0,0,0,0,0,0,0,0,3.383,0
POMK,0,0,0,0,0,0,0,0,0,0,0,0,0,0,0,0,0,0,0,-3.383,0
SH3YL1,0,0,0,0,0,-1.888,0,0,0,-1.34,0,-1.518,-1.409,-2.75,0,0,0,0,0,-3.381,2.958
GNL3L,0,0,0,0,0,-2.276,-1.416,0,0,0,0,0,0,0,0,0,0,0,0,0,3.38
NOL4L,0,0,0,0,0,0,0,0,0,0,0,0,0,0,0,2.659,0,0,3.38,0,0
OR52K3P,0,0,0,0,0,0,0,1.312,1.656,0,0,0,3.378,0,0,0,0,0,0,0,0
TST,0,0,0,0,0,0,0,0,0,0,0,0,0,0,0,-1.871,0,3.378,0,0,0
C6orf47|ENSG00000203623,0,0,0,0,0,0,0,0,0,0,0,0,0,0,0,0,0,0,3.378,0,0
DHRS7B,0,0,0,0,0,0,0,0,0,0,0,0,0,1.849,0,0,0,0,0,-3.377,0
TMEM52,0,0,0,0,0,0,0,0,0,0,0,0,0,0,0,0,0,0,0,0,-3.377
RNF217-AS1,0,0,0,0,0,0,0,0,0,0,0,0,0,0,0,0,0,0,0,1.703,3.377
NAA30,0,0,0,0,0,0,0,0,0,0,0,0,0,0,0,0,0,0,3.377,2.239,-1.458
ODF3B,0,0,0,0,0,0,0,0,0,0,0,0,0,0,0,-1.735,-3.376,0,0,-1.974,-1.448
DPEP2,0,0,0,0,0,0,0,0,0,2.142,0,0,0,3.376,0,0,0,0,0,0,0
ENSEMBL:ENSG00000232533,0,0,0,0,0,1.333,0,0,0,0,0,0,0,0,0,2.749,0,0,0,0,3.374
TMEM164,0,0,0,0,0,0,0,0,0,3.332,0,0,2.563,3.374,0,0,2.331,0,0,0,-1.463
RUFY1,0,0,0,0,0,0,0,0,1.498,0,0,0,3.374,0,0,0,0,0,0,-1.421,0
SHLD3,0,0,0,0,0,0,0,0,0,0,0,0,0,0,0,0,0,0,0,3.373,0
ANXA2,0,0,0,0,0,0,0,0,0,-1.721,0,0,0,0,0,0,0,0,0,3.373,0
KLKB1,0,0,0,0,0,2.125,0,0,0,0,0,0,0,0,0,0,0,0,0,-3.372,0
TMBIM4,0,0,0,0,0,0,0,0,0,0,0,0,0,3.371,0,0,0,0,0,0,0
RABGGTA,0,0,0,0,0,1.927,2.253,0,0,0,0,0,0,0,0,0,-2.683,0,0,-3.369,-1.987
USP18,0,0,0,0,0,0,0,0,0,-3.369,0,0,0,-2.147,0,0,0,0,0,-1.306,0
SIGLEC6,0,0,0,0,0,0,3.368,0,0,0,0,0,0,0,0,0,0,0,0,0,0
KANK3,0,-2.394,0,0,-1.344,2.345,3.368,0,0,0,0,0,0,0,0,-1.883,-2.187,0,-2.173,0,0
THOC3,0,0,0,0,0,0,0,0,0,0,0,0,0,0,0,0,0,0,0,0,-3.367
MIRLET7IHG,0,0,0,0,0,0,0,0,0,0,0,0,0,0,0,-3.367,0,0,-1.383,-2.518,0
MYL6,0,0,0,0,0,0,0,0,0,0,0,0,1.797,1.334,0,3.367,0,0,0,0,-1.341
CAPN1,0,0,0,0,0,1.671,1.305,0,0,1.453,0,0,3.366,2.233,0,0,0,0,0,-1.863,0
PTGER2,0,0,0,0,0,0,3.365,0,0,0,0,1.323,0,0,0,0,0,0,0,0,0
HIC2,0,0,0,0,0,0,0,0,0,0,0,0,0,0,0,0,0,0,0,3.365,0
BCAT2,0,0,0,0,0,0,0,0,0,-1.371,0,0,0,0,0,-2.122,0,0,0,0,-3.365
CLEC12A,0,0,0,0,0,0,0,0,0,0,0,0,0,3.364,0,0,0,0,0,0,0
TCF12,0,0,0,0,0,0,0,0,0,0,0,0,0,0,0,0,2.243,0,0,3.364,0
RBMS1,0,0,0,0,0,0,0,0,1.593,2.751,0,0,2.325,3.364,0,0,0,0,0,0,0
STARD3,0,0,0,0,0,1.744,1.675,0,0,0,0,1.445,0,0,0,0,-3.364,0,0,-2.427,0
KDM3AP1,0,0,0,0,0,0,0,0,0,0,0,0,0,0,0,3.363,0,0,1.421,0,1.309
TMEM245,0,0,0,0,0,0,0,0,0,0,0,0,-1.493,-3.363,0,0,0,0,-1.479,-1.497,-2.621
PPIC,0,0,0,0,0,0,0,0,0,0,0,0,0,0,0,0,0,3.361,0,0,3.176
CENPV,0,0,0,0,0,0,0,0,0,0,0,0,0,0,0,0,0,0,3.36,2.82,0
AMZ2,0,0,0,0,0,0,3.36,0,0,0,0,0,0,0,0,0,0,0,0,0,0
BTNL3,0,0,0,0,0,0,3.204,2.391,2.35,1.385,0,0,0,3.359,0,0,0,0,0,0,0
ACY1,0,0,0,0,0,0,0,0,0,0,0,0,0,0,0,0,0,3.359,0,0,1.556
MAPK8IP3,0,0,0,0,0,0,0,0,0,0,0,0,0,0,0,0,0,0,0,3.358,0
DNTTIP1,0,0,0,0,0,0,0,0,0,0,0,0,0,3.356,0,0,0,0,-1.601,0,0
DUSP23,0,0,0,0,0,1.339,0,0,0,0,0,0,0,0,0,0,0,3.355,0,0,3.237
RNASET2,0,0,0,0,0,0,0,0,0,1.444,0,0,1.452,3.355,0,0,0,0,0,-1.548,0
MRPS33,0,0,0,0,0,0,0,0,0,-1.432,0,0,0,0,0,0,0,3.354,0,0,1.302
TADA2A,0,0,0,0,0,0,0,0,0,0,0,0,0,0,0,-1.371,-2.214,-1.549,0,-3.354,0
DHRS4-AS1,0,0,0,0,0,0,0,0,0,0,0,0,0,0,0,0,0,0,0,-3.353,0
SFRP2,0,0,0,0,0,0,-3.353,0,0,0,0,0,0,0,0,0,0,0,0,0,0
CEACAM3,0,0,0,0,0,0,0,0,1.36,1.387,0,0,2.567,3.353,0,0,0,0,0,0,0
MAP4K1,0,0,0,0,0,0,0,0,0,-2.148,0,0,0,-3.353,0,0,0,0,0,0,0
RPL19,0,0,0,0,0,0,0,0,0,-2.387,0,0,0,-3.353,0,0,0,0,0,0,0
PLAG1,0,0,0,0,0,0,0,0,0,0,0,0,0,0,0,0,0,0,0,-3.353,0
CHGB,0,0,0,0,0,0,0,0,0,0,0,0,0,0,0,0,0,0,1.456,3.353,0
CISD3,0,0,0,0,0,2.621,3.259,0,0,0,0,0,0,-2.333,0,0,0,3.353,0,0,2.627
ECSIT,0,0,0,0,0,0,0,0,0,0,0,0,0,0,0,0,0,3.353,0,0,2.246
GNG11,0,0,0,0,0,0,0,0,2.07,0,0,1.491,3.352,0,0,0,0,0,0,0,0
MIR646HG,0,0,0,0,0,0,0,0,0,1.36,0,0,0,3.351,0,0,0,0,0,0,0
GRB2,0,0,0,0,0,0,0,0,0,1.933,0,0,3.065,3.35,0,0,0,0,0,0,2.696
GPR68,0,0,0,0,0,3.35,3.236,0,0,0,0,0,0,0,0,0,0,0,0,0,1.732
DNAJB11,0,0,0,0,0,3.35,3.126,0,0,0,0,0,0,0,0,0,0,0,0,0,0
SNX29P2,0,0,0,0,0,-3.35,-1.526,-1.548,0,0,0,-1.773,-1.42,0,0,0,0,0,0,0,0
PIK3CB,0,0,0,0,0,0,0,0,0,1.543,0,0,1.315,3.35,0,0,2.861,0,0,2.573,-3.155
BCAP29,0,0,0,0,0,0,0,0,0,0,0,0,0,0,0,0,0,0,0,0,3.349
SMG7,0,0,0,0,0,0,0,0,3.068,2.108,0,0,3.348,2.373,0,0,0,0,0,-2.929,0
PIM2,0,0,0,0,0,0,0,0,0,0,0,0,3.348,1.937,0,0,0,0,0,0,0
FHIT,0,0,0,0,0,-1.971,-1.885,0,0,0,0,0,0,-3.348,0,0,0,0,0,0,0
CDK10,0,0,0,0,0,2.061,1.446,0,0,0,0,0,0,0,0,0,-2.636,0,0,-3.347,0
PASK,0,0,0,0,0,-1.465,0,-1.848,0,-1.744,0,-2.382,-2.142,-3.347,0,0,0,0,0,0,0
ITCH,0,0,0,0,0,0,0,0,0,0,0,0,0,0,0,-3.347,0,0,-3.285,0,-1.632
HDAC5,0,0,0,0,0,0,0,0,0,3.184,0,0,0,2.699,0,0,0,-1.781,0,3.347,0
ENSEMBL:ENSG00000281181,0,0,0,0,-1.484,0,0,0,0,0,0,0,0,0,0,-3.346,0,0,0,0,0
ENSEMBL:ENSG00000280800,0,0,0,0,-1.484,0,0,0,0,0,0,0,0,0,0,-3.346,0,0,0,0,0
ENSEMBL:ENSG00000280614,0,0,0,0,-1.484,0,0,0,0,0,0,0,0,0,0,-3.346,0,0,0,0,0
FLRT3,0,0,0,0,0,0,0,0,0,0,0,0,0,0,0,0,0,0,0,3.345,1.314
SNHG16,0,0,0,0,0,0,0,0,0,1.489,0,0,0,1.784,0,0,0,0,0,3.345,0
ENSEMBL:ENSG00000278464,0,0,0,0,0,0,0,0,0,0,0,0,0,0,0,0,0,0,0,3.345,0
NOP56,0,0,0,0,0,1.611,3.28,0,0,0,0,0,0,0,0,0,1.57,0,0,3.345,0
CFP,0,0,0,0,0,0,0,0,0,2.113,0,0,0,3.344,0,0,0,0,0,0,0
EEPD1,0,0,0,0,-1.314,0,0,0,0,0,0,0,2.895,1.391,0,0,2.223,-3.344,0,0,-1.301
RPL41,0,0,0,0,0,0,-1.586,0,0,-2.307,0,0,0,-3.343,0,0,0,0,0,0,0
SLC7A8,0,0,0,0,0,0,0,0,0,0,0,0,0,0,0,0,3.343,0,0,0,0
TCEA3,0,0,0,0,0,0,-2.688,0,0,-1.452,0,0,0,-2.362,0,0,0,0,-3.342,0,0
GTF2IP1,0,0,0,0,0,0,0,0,0,1.986,0,0,0,3.342,0,0,0,0,0,0,0
LRRC27,0,0,0,0,0,0,1.398,0,0,0,0,0,0,0,0,0,-2.46,0,0,-3.342,0
RPS15,0,0,0,0,0,0,0,0,0,-1.932,0,0,0,-3.342,0,0,0,0,0,0,0
ZBED1,0,0,0,0,0,0,0,0,0,2.42,0,0,0,3.342,0,0,2.097,2.093,0,1.509,0
AGRN,0,0,0,0,0,0,0,0,0,0,0,0,0,-3.342,0,0,-1.393,0,0,0,0
NEDD4L,0,0,0,0,0,-1.317,-1.744,0,1.54,0,0,0,0,0,0,0,0,0,0,0,-3.342
GRAMD1C,0,0,0,0,0,0,0,0,0,1.493,0,0,0,2.109,0,0,0,0,0,0,-3.342
UBE2G2,0,0,0,0,0,0,0,0,0,-1.34,0,0,0,-2.835,0,0,0,0,0,1.863,3.342
MDH1,0,0,0,0,0,0,0,0,0,0,0,0,0,-2.291,0,0,0,3.341,-2.256,0,0
POGZ,0,0,0,0,0,0,0,0,0,0,0,0,1.355,0,0,0,0,0,0,-3.341,0
YJEFN3,0,0,0,0,0,0,0,0,0,0,0,0,0,0,0,0,0,0,0,-3.34,0
DDX42,0,0,0,0,0,0,0,0,0,0,0,0,0,1.731,0,0,0,-1.685,-2.059,0,-3.34
NUBPL,0,0,0,0,0,0,0,0,0,0,0,0,0,0,0,0,0,0,0,0,-3.34
ERVK13-1,0,0,0,0,0,0,0,0,0,0,0,0,-1.7,0,0,0,-3.34,0,0,0,2.229
SNRNP70,0,0,0,0,0,0,0,0,0,0,0,0,0,0,0,0,0,0,0,0,-3.338
PDCD2,0,0,0,0,0,0,0,0,0,0,0,0,0,0,0,0,0,0,0,0,3.337
LEPROT,0,0,0,0,0,0,0,0,0,0,0,0,3.336,1.687,0,0,0,0,0,0,0
TOR4A,0,0,0,0,0,1.886,3.335,0,0,0,0,0,0,0,0,0,0,0,1.499,0,0
TIMM22,0,0,0,0,0,0,0,0,0,0,0,0,0,0,0,0,3.335,0,0,0,0
NCOA6,0,0,0,0,0,0,0,0,0,1.543,0,0,0,2.67,0,0,0,0,0,-3.334,0
ENSEMBL:ENSG00000286885,0,0,0,0,0,3.333,2.69,0,0,0,0,0,0,0,0,0,0,0,0,0,0
AFAP1L1,0,0,0,0,0,0,0,0,0,0,0,0,0,0,0,0,0,0,0,-3.333,-3.295
DAB2,0,1.313,0,0,0,1.5,2.1,1.369,0,0,0,2.301,1.922,0,0,-2.425,2.225,0,-2.26,3.332,0
IDI2,0,0,0,0,0,0,0,0,0,0,0,0,0,0,0,0,0,0,0,3.331,0
C1orf198,0,0,0,0,0,0,0,0,0,0,0,0,0,0,0,0,0,-1.7,0,3.329,0
ZFAT,0,0,0,0,0,0,0,0,0,0,0,0,0,0,0,0,0,0,0,0,3.328
MIS12,0,0,0,0,0,0,0,0,0,0,0,0,0,0,0,0,0,0,0,3.328,0
PSMD12,0,0,0,0,0,0,0,0,0,0,0,0,0,0,0,0,0,0,0,3.327,0
LINC00689,0,0,0,0,0,0,0,0,0,0,0,0,0,0,0,0,1.786,0,0,3.327,1.432
RPL17,0,0,0,0,0,0,0,0,0,-2.393,0,0,0,-3.327,0,0,0,0,0,0,0
WASHC2C,0,1.519,0,0,0,-1.425,0,0,0,0,0,0,0,3.327,0,0,0,0,0,0,-1.669
UBALD1,0,0,0,0,0,0,0,1.903,1.426,0,0,0,0,0,0,0,0,-1.707,0,3.325,0
TIMM10,0,0,0,0,0,0,0,0,0,0,0,0,0,-1.732,0,0,0,0,0,0,3.325
GRAMD1B,0,0,0,0,0,0,0,0,0,0,0,0,0,0,0,0,0,0,0,-3.325,0
RAB4B,0,0,0,0,0,3.325,1.305,0,0,0,0,0,0,0,0,0,-1.644,0,0,0,1.45
TRBC2,0,0,0,0,0,0,0,0,0,-2.047,0,0,0,-3.324,0,0,0,0,0,0,0
TLE5,0,1.599,0,0,0,2.913,0,0,0,-2.215,0,0,0,-3.324,0,0,0,0,0,0,0
DLAT,0,0,0,0,0,0,0,0,0,0,0,0,0,0,0,0,0,3.324,0,0,0
GRK5,0,0,0,0,0,0,1.335,0,1.487,0,0,0,3.323,0,0,0,2.104,0,0,0,0
MFNG,0,0,0,0,0,0,0,0,0,0,0,0,0,0,0,0,-3.323,0,0,0,0
DMXL1,0,0,0,0,0,-1.702,0,0,0,0,0,0,0,0,0,1.776,0,0,3.322,0,0
CITED2,0,0,0,0,0,0,0,0,0,0,0,0,0,0,0,0,-3.322,0,1.355,-3.283,0
PRRX1,0,0,0,0,0,0,0,0,0,0,0,0,0,0,0,0,0,0,1.449,3.322,0
PES1,0,0,0,0,0,0,0,0,0,0,0,0,-3.321,0,0,0,0,0,0,0,0
PSMD7,0,0,0,0,0,0,0,0,0,0,0,0,0,0,0,0,0,1.303,0,0,3.321
PRXL2C,0,0,0,0,0,0,0,0,0,0,0,0,0,0,0,0,3.267,0,1.94,3.32,0
ENSEMBL:ENSG00000286360,0,0,0,0,0,0,3.32,0,0,0,0,0,0,0,0,0,0,0,0,0,0
RPL7,0,0,0,0,0,0,0,0,0,-2.315,0,0,0,-3.319,0,0,0,0,0,1.912,0
NINJ1,0,0,0,0,0,0,0,0,0,0,1.36,1.33,3.319,2.639,0,0,0,0,0,0,0
RNASEL,0,0,0,0,0,0,0,0,1.672,0,0,0,2.523,3.319,0,0,0,0,0,-1.76,0
FUNDC2,0,0,0,0,0,-2.257,-2.776,0,0,-1.882,0,0,0,-2.898,0,0,0,0,0,3.318,2.724
CCDC59,0,0,0,0,0,0,0,0,0,0,0,0,-1.358,0,0,0,0,0,0,3.317,0
WDCP,0,0,0,0,0,0,0,0,0,0,0,0,0,0,0,0,0,0,0,-3.317,0
PRDM5,0,0,0,0,0,0,0,0,0,2.528,0,0,0,3.317,0,0,0,0,0,0,0
ACACA,0,0,0,0,0,0,0,0,0,-1.811,0,0,0,-3.316,0,0,0,0,0,0,0
RALGPS1,0,0,0,0,0,0,0,0,0,0,0,0,0,0,0,0,0,2.144,0,0,3.316
CEACAM1,0,0,0,0,0,0,0,0,0,0,0,0,3.315,3.272,0,0,0,0,0,0,0
UNC5C,0,0,0,0,0,0,0,0,0,0,0,0,0,0,0,0,-3.315,0,0,-1.723,0
ENSEMBL:ENSG00000272918,0,0,0,0,0,0,0,0,0,0,0,0,0,0,0,0,0,0,-3.315,2.388,0
APAF1,0,0,0,0,0,-1.684,0,0,0,2.805,0,0,2.08,3.314,0,0,0,0,0,0,0
C4A,0,0,0,0,0,-2.729,-3.313,0,0,0,0,0,0,0,0,0,0,0,0,0,0
GP9,0,0,0,0,0,0,0,1.948,1.811,0,0,2.32,3.313,0,0,0,0,0,0,0,0
VMA21,0,0,0,0,0,0,0,0,0,0,0,0,0,0,0,0,0,0,0,3.313,0
ENTPD6,0,0,0,0,0,0,0,0,0,-2.283,0,0,0,-3.312,0,0,2.065,0,0,0,1.362
SMC3,0,0,0,0,0,0,0,0,0,0,0,0,0,0,0,0,1.321,0,-2.333,-2.683,-3.31
DCAF11,0,0,0,0,0,0,0,0,0,0,0,0,0,0,0,0,0,3.309,0,0,0
TLCD4,0,0,0,0,0,0,0,0,0,0,0,0,0,0,0,0,0,0,0,0,3.308
KLHL6,0,0,0,0,0,-3.065,-3.308,0,0,0,0,0,0,0,0,0,0,0,0,0,0
RHBDD3,0,0,0,0,0,2.104,3.308,0,0,0,0,0,0,0,0,0,0,0,0,-1.958,0
WDR82,0,0,0,0,0,0,0,0,0,0,0,0,2.421,0,0,0,0,0,0,3.306,0
WDR45,0,0,0,0,0,0,0,0,0,0,0,0,1.868,0,0,0,0,0,0,1.585,3.306
TRAPPC2L,0,0,0,0,0,0,0,0,0,-1.87,0,0,0,0,0,0,0,0,0,-3.305,0
G3BP1,0,0,0,0,0,0,0,0,0,0,0,0,0,-1.451,0,0,0,0,0,3.305,-1.768
EGLN3,0,0,0,0,0,0,0,0,0,0,0,0,0,0,0,0,0,0,0,3.239,3.305
ATP5IF1,0,0,0,0,0,3.305,1.632,0,0,0,0,1.871,0,0,0,0,0,0,0,0,-2.515
NOL9,0,0,0,0,0,0,0,-1.31,-1.345,0,0,-1.419,-3.304,0,0,0,0,0,0,-2.414,0
PICART1,0,0,0,0,0,0,0,0,0,0,0,0,0,0,0,0,-3.191,0,0,-3.304,-1.845
STX16,0,0,0,0,0,0,0,0,1.607,1.73,0,0,3.302,2.955,0,0,0,0,0,-1.349,0
ST20,0,0,0,0,0,0,0,0,1.42,2.055,0,1.358,3.302,3.204,0,0,0,0,0,0,0
TULP3,0,0,0,0,0,0,0,0,0,0,0,0,0,0,0,0,0,-2.549,0,-2.881,-3.301
PPIF,0,0,0,0,0,0,0,0,0,0,0,0,0,1.435,0,0,0,3.301,0,0,2.066
ENSEMBL:ENSG00000285564,0,0,0,0,0,0,0,0,0,0,0,0,0,0,0,0,0,0,0,3.3,0
ETV7,0,0,0,0,0,0,0,0,0,0,0,0,0,0,3.3,0,0,0,0,0,0
MRPL38,0,0,0,0,0,0,0,0,0,-1.757,0,0,0,-3.3,0,0,0,0,0,0,0
DUS4L-BCAP29,0,0,0,0,0,0,0,0,0,0,0,0,0,0,0,0,-1.349,0,0,0,3.3
SNRPN,0,0,0,0,0,0,0,0,0,-2.305,0,0,0,-3.299,0,0,0,0,0,1.303,0
VAV1,0,0,0,0,0,0,0,0,1.317,0,0,0,3.298,2.243,0,0,0,0,0,0,0
PPIE,0,0,0,0,0,0,0,0,-2.248,-2.329,0,0,-3.298,-3.155,0,0,0,0,-1.469,-1.805,0
ILK,0,0,0,0,0,0,0,1.667,0,0,0,2.361,3.298,1.462,0,2.816,0,0,1.699,0,0
CALM3,0,0,0,0,0,0,0,0,1.543,0,0,0,3.298,0,0,0,0,0,0,0,-2.135
MAT2B,0,1.425,0,0,0,0,0,0,0,0,0,0,0,0,0,0,0,0,0,-2.494,-3.297
DTNBP1,0,0,0,0,0,1.751,1.531,0,0,0,0,0,0,0,0,3.296,0,0,1.605,-2.205,0
CNPY4,0,0,0,0,0,0,0,0,0,0,0,0,0,-1.383,0,0,-2.235,0,0,-3.296,0
MED29,0,0,0,0,0,0,0,0,0,0,0,0,0,0,0,0,0,0,0,-3.295,0
EIPR1,0,0,0,0,0,0,0,0,0,0,0,0,0,0,0,0,0,3.294,0,0,0
ASB16-AS1,0,0,0,0,0,0,0,0,0,0,0,0,0,0,0,0,0,0,0,-3.293,-2.617
ALG9,0,0,0,0,0,0,0,0,0,0,0,0,0,0,0,0,-2.479,0,0,-3.293,0
BRAF,0,0,0,0,0,0,0,0,0,1.405,0,0,0,1.547,0,1.625,0,0,3.292,0,0
TTLL4,0,0,0,0,0,0,0,0,0,0,0,0,0,1.442,0,0,0,0,0,3.291,0
MYH7,0,0,0,0,0,0,0,0,0,0,0,0,0,0,0,-1.792,0,0,-3.291,0,-2.186
ERVW-1,0,0,0,0,0,0,0,0,0,0,0,0,0,0,0,0,0,0,0,-3.291,0
ENSEMBL:ENSG00000289621,0,0,0,0,0,0,0,0,1.477,0,0,0,3.291,0,0,0,0,0,0,0,0
RBM18,0,0,0,0,0,0,0,0,0,0,0,0,0,0,0,0,0,0,0,0,3.29
HADH,0,0,0,0,0,0,0,0,0,0,0,0,0,0,0,0,0,0,3.288,0,0
SMARCD3,0,0,0,0,0,0,0,0,0,0,0,0,0,1.513,0,0,0,0,0,-3.288,0
TMED2-DT,0,0,0,0,0,0,0,0,0,0,0,0,0,0,0,0,0,0,0,-3.288,0
HM13,0,0,0,0,0,0,0,0,0,0,0,0,0,0,0,0,0,0,0,0,3.288
ASB15-AS1,0,0,0,0,0,0,0,0,0,0,0,0,0,0,0,0,-2.393,0,0,-3.288,0
MAOB,0,0,0,0,0,0,0,0,0,0,0,0,0,0,0,0,0,3.287,0,0,0
CYP3A5,0,0,0,0,0,0,0,0,0,0,0,0,-1.484,0,0,0,0,0,0,0,-3.286
MTRNR2L8,0,0,0,0,0,0,0,0,0,0,0,0,0,0,0,0,0,0,0,3.286,0
DHRS1,0,0,0,0,0,0,0,0,0,0,0,0,0,0,0,0,-1.559,0,0,-3.284,0
GPX3,0,0,0,0,0,0,0,0,1.779,0,0,0,1.484,0,0,0,0,0,0,3.284,0
CAPNS1,0,0,0,0,0,3.283,2.685,0,0,0,0,1.88,0,0,0,0,0,0,0,0,0
MED27,0,0,0,0,0,0,0,0,0,-1.39,0,0,-2.703,-3.283,0,0,0,0,0,0,0
CCDC138,0,0,0,0,0,0,0,0,0,0,0,0,0,0,0,0,0,0,0,-3.283,0
PPIA,0,0,0,0,0,0,0,0,0,-2.434,0,0,0,-3.283,0,0,0,0,0,0,0
CLDN5,0,0,0,0,0,0,0,1.455,0,0,0,0,2.609,0,0,0,-3.282,0,0,-1.716,0
PDCL,0,0,0,0,0,0,0,0,0,0,0,-1.553,0,0,0,0,0,0,0,-3.281,0
LY6G5C,0,0,0,0,0,0,1.335,0,0,0,0,1.957,0,0,0,0,0,0,0,-3.28,0
DPH7,0,0,0,0,0,0,0,0,0,0,0,0,0,0,0,-3.28,0,0,0,-2.024,0
DHX30,0,-3.279,0,0,-1.373,0,1.469,0,0,0,0,0,-2.525,0,0,0,0,1.457,0,1.685,0
DTNB,0,-3.279,0,0,-1.478,0,0,0,0,0,0,0,0,-1.961,0,1.815,0,0,1.374,0,1.639
SLC39A11,0,0,0,0,0,0,0,0,0,0,0,0,0,0,0,0,0,2.074,0,-1.704,3.279
HASPIN,0,0,0,0,0,0,0,0,0,0,0,0,0,0,0,0,0,0,0,0,3.279
NBAS,0,0,0,0,0,0,0,0,0,-1.309,0,0,0,-3.277,0,0,0,0,0,0,0
ENSEMBL:ENSG00000272848,0,0,0,0,0,0,0,0,0,0,0,0,0,0,0,0,-1.716,0,0,-3.277,0
SLITRK2,0,0,0,0,0,0,3.277,0,0,0,0,0,0,0,0,0,0,0,0,0,0
YWHAB,0,0,0,0,0,0,0,0,0,0,0,0,2.821,2.143,0,0,0,1.641,0,0,3.276
SUB1,0,0,0,0,0,0,0,0,0,0,0,1.537,0,0,0,0,0,0,0,3.276,0
MRM2,0,0,0,0,0,0,0,0,-1.643,0,0,0,0,0,0,0,0,0,0,-3.276,0
NOP10,0,0,0,0,0,0,0,0,0,1.729,0,1.425,2.905,3.274,0,0,0,0,0,0,0
RAB5C,0,0,0,0,0,0,0,0,0,1.601,0,0,3.2,3.274,0,0,0,0,0,0,1.549
ZNF169,0,0,0,0,0,0,0,0,0,0,0,0,-2.149,0,0,0,-1.517,0,0,-3.273,0
LINC00278,0,0,0,0,0,0,0,0,0,0,0,0,-3.273,0,0,0,0,0,0,0,0
NACC1,0,0,0,0,0,0,0,0,0,0,0,0,3.273,1.397,0,0,0,0,0,0,0
CCDC69,0,0,0,0,0,2.902,2.842,2.49,2.482,1.519,0,2.126,3.273,0,0,0,0,0,0,-2.076,0
ZCCHC4,0,0,0,0,0,0,0,0,0,0,0,0,0,0,0,0,0,0,0,-3.272,0
RAD51C,0,0,0,0,0,0,0,0,0,0,0,0,0,0,0,0,0,2.455,0,-1.487,3.272
NFIB,0,1.935,0,0,1.437,0,0,0,0,0,0,0,0,0,0,0,0,0,3.272,0,1.395
MAILR,0,0,0,0,0,0,0,0,0,0,0,0,0,3.272,0,0,0,0,0,0,1.373
ENSEMBL:ENSG00000247903,0,0,0,0,0,0,0,0,0,0,0,0,0,0,0,0,0,0,0,-3.272,0
IFT122,0,0,0,0,0,0,0,0,0,0,0,0,0,0,0,0,-1.79,0,0,-1.744,-3.271
ENSEMBL:ENSG00000228434,0,0,0,0,0,0,0,0,0,0,0,0,-3.271,-2.034,0,0,0,0,-1.315,-2.505,0
STAM2,0,0,0,0,0,0,0,0,0,0,0,0,0,3.271,0,0,0,0,0,0,0
MIF4GD,0,0,0,0,0,3.27,2.027,0,0,0,0,0,0,0,0,0,0,0,0,-1.319,0
ZFAND2A-DT,0,0,0,0,0,0,0,0,0,0,0,0,0,0,0,0,0,0,0,-3.269,0
PINX1,0,0,0,0,0,0,1.361,0,0,0,0,0,0,0,0,0,0,0,0,3.269,0
P2RX5-TAX1BP3,0,0,0,0,0,0,0,0,0,0,0,0,0,0,0,0,0,0,0,2.723,3.269
TMCO3,0,0,0,0,0,0,0,0,0,2.79,0,0,0,3.268,0,0,0,0,0,0,0
C19orf38,0,0,0,0,0,0,0,0,0,0,0,0,0,3.268,0,0,0,0,1.456,0,0
GEMIN4,0,0,0,0,0,0,0,0,0,0,0,0,0,0,0,0,0,-2.549,0,0,-3.268
CDAN1,0,0,0,0,0,0,3.268,0,0,0,0,0,0,0,0,0,0,0,0,-3.015,0
USP21,0,0,0,0,0,0,0,0,0,0,0,0,0,0,0,0,0,0,0,-3.267,0
FAM157C,0,0,0,0,0,-1.89,-1.497,0,0,0,0,0,0,3.267,0,0,0,0,0,-1.612,0
LMTK3,0,0,0,0,0,-2.057,0,0,0,-1.705,0,-1.427,0,-3.266,0,0,0,0,0,0,0
THUMPD2,0,0,0,0,0,0,0,0,0,0,0,0,0,0,0,0,0,0,0,3.266,0
AUP1,0,0,0,0,0,3.265,2.663,0,0,0,0,0,0,0,0,0,0,0,0,0,0
FAM53B,0,0,0,0,0,1.696,2.545,0,0,0,0,0,0,0,0,0,0,0,-2.749,-3.264,0
C2CD3,0,0,0,0,0,0,0,0,0,0,0,0,0,0,0,0,0,0,0,-3.264,0
ENSEMBL:ENSG00000259244,0,0,0,0,0,0,0,0,0,0,0,0,0,0,0,-3.04,-1.302,0,0,-3.264,0
MALT1,0,0,0,0,0,0,0,0,0,0,0,0,0,0,0,0,0,0,0,-3.264,-1.457
SHROOM4,0,0,0,0,0,0,0,0,0,0,0,0,0,0,0,0,3.263,0,0,2.78,0
CIBAR1,0,0,0,0,0,0,0,0,0,0,0,0,0,0,0,0,0,3.263,0,0,1.337
TSPAN32,0,0,0,0,0,3.263,2.636,0,0,0,0,0,0,0,0,0,0,0,0,0,0
ROPN1L,0,0,0,0,0,0,0,0,0,2.232,0,0,0,3.263,0,0,0,0,0,0,0
POLR2L,0,0,0,0,0,3.262,0,0,0,0,0,0,0,0,0,0,0,0,0,1.534,0
CD8B,0,0,0,0,0,0,0,0,0,0,0,0,0,-3.261,0,0,0,0,0,0,0
CHMP2A,0,0,0,0,0,0,0,0,0,0,0,0,1.305,3.261,0,0,0,0,0,0,0
SGK1,0,0,0,0,0,-2.36,-1.899,0,0,2.334,0,0,0,3.261,0,0,0,0,0,0,2.987
ZBTB26,0,0,0,0,0,0,0,0,0,0,0,0,0,0,0,0,3.261,0,0,0,0
ILF2,0,-1.46,0,0,0,0,0,0,0,-1.93,0,0,0,-2.01,0,0,0,0,0,3.259,1.624
ARID4B,0,0,0,0,0,-3.259,-1.504,0,0,0,0,0,0,0,0,0,0,0,0,0,0
SMC2,0,0,0,0,0,0,0,0,0,0,0,0,0,0,0,0,-1.796,0,0,-3.259,0
TMEM272,0,0,0,0,0,0,0,0,0,0,0,0,0,1.323,0,0,0,0,0,-3.259,0
POP4,0,0,0,0,0,0,0,0,0,0,0,0,0,0,0,0,0,0,0,-3.259,2.375
PITX3,0,0,0,0,0,0,0,0,0,0,0,0,0,0,0,0,0,0,0,-3.257,-2.225
ENSEMBL:ENSG00000272008,0,0,0,0,0,0,0,0,0,0,0,0,0,0,0,0,0,0,0,-3.257,0
DIRC3-AS1,0,0,0,0,0,0,0,0,0,0,0,0,0,0,0,0,0,0,0,-3.256,0
CXCR5,0,0,0,0,0,0,-3.256,-2.517,0,-1.534,0,0,0,-1.796,0,0,0,0,0,0,0
PDHX,0,0,0,0,0,0,0,0,0,0,0,0,0,0,0,-2.997,0,0,-3.256,0,0
PLXDC2,0,0,0,0,0,0,0,0,1.409,3.17,0,0,2.512,3.256,0,0,-3.161,0,0,0,0
NXN,0,0,0,0,0,0,0,0,0,0,0,0,0,0,0,0,0,0,0,1.835,3.256
PAK6,0,0,0,0,0,2.867,3.255,0,0,0,0,0,0,0,0,0,0,1.99,0,0,0
CLEC4E,0,0,0,0,0,0,0,0,2.264,2.263,0,0,3.14,3.254,0,0,0,0,0,0,0
CCDC88C,0,0,0,0,0,1.456,2.35,0,-1.494,-1.577,0,0,0,-3.254,0,0,0,0,0,0,0
PWP1,0,0,0,0,0,0,0,0,-2.43,0,0,0,-3.254,0,0,0,0,0,0,0,-1.673
ENSEMBL:ENSG00000280120,0,0,0,0,0,0,0,0,0,0,0,0,0,0,0,-3.252,0,0,0,-1.907,0
PTDSS1,0,0,0,0,0,0,0,0,0,0,0,0,0,0,0,0,0,0,0,0,3.252
GJA4,0,0,0,0,0,0,0,0,0,0,0,0,0,0,0,3.251,0,0,2.898,0,0
WASH2P,0,0,0,0,0,0,0,0,0,0,0,0,0,0,0,0,0,0,0,-3.25,0
MAP2K7,0,0,0,0,0,0,0,0,0,0,0,0,1.385,1.766,0,0,0,0,0,-1.863,-3.249
PRKCB,0,0,0,0,0,0,0,0,0,2.848,0,0,3.249,3.245,0,0,0,0,0,0,0
HEG1,0,0,0,0,0,1.915,3.249,0,0,0,0,0,0,0,0,0,0,0,0,0,0
RBFADN,0,0,0,0,0,0,0,0,0,0,0,0,0,-2.624,0,0,0,0,0,-3.249,0
SMYD5,0,1.325,0,0,0,0,0,0,0,0,0,-1.565,-3.248,-1.359,0,0,0,0,0,0,1.68
ZC3H15,0,1.595,0,0,0,0,0,0,0,0,0,0,0,0,0,0,0,0,0,3.247,0
ENSEMBL:ENSG00000280339,0,0,0,0,0,0,0,0,0,0,0,0,0,0,0,0,-1.507,0,0,-3.247,-2.284
SCARNA7,0,0,0,0,0,0,0,0,0,0,0,0,0,0,0,-3.246,0,0,0,0,0
KRTAP5-AS1,0,0,0,0,0,0,0,0,0,0,0,0,0,0,0,0,0,0,0,3.244,2.457
TPI1,0,0,0,0,0,2.626,1.416,0,0,0,0,0,0,0,0,0,0,2.775,-1.516,1.371,3.243
ADH5,0,0,0,0,0,0,0,0,-1.538,0,0,0,-1.718,0,0,0,0,0,0,0,-3.243
ZFYVE26,0,0,0,0,0,0,0,0,0,0,0,-1.403,0,-1.623,0,0,0,0,0,0,-3.243
RSL1D1,0,-1.401,0,0,0,0,0,0,0,-1.525,0,0,-2.49,-2.895,0,-1.385,0,0,0,3.241,0
TPRN,0,0,0,0,0,0,1.675,0,0,0,0,0,0,-1.334,0,0,3.239,0,0,0,0
ADNP,0,0,0,0,0,0,0,0,0,0,0,0,0,0,0,0,0,0,0,-3.239,0
PPM1G,0,0,0,0,0,3.239,1.561,0,0,0,0,0,0,0,0,0,0,0,0,0,1.859
RBM3,0,0,0,0,0,0,0,0,-3.239,0,0,0,-2.448,0,0,0,0,0,0,0,0
TIGAR,0,0,0,0,0,0,0,0,0,0,0,0,0,0,0,0,0,0,0,0,3.239
ENSEMBL:ENSG00000260228,0,0,0,0,0,0,0,0,0,0,0,0,0,0,0,0,0,0,0,0,-3.239
CSPG4P12,0,0,0,0,0,0,0,0,0,0,0,0,0,0,0,0,0,0,0,-3.239,0
MTERF1,0,0,0,0,0,0,0,0,0,0,0,0,0,0,0,0,0,0,0,-3.237,0
ENSEMBL:ENSG00000280206,0,0,0,0,0,0,0,3.115,1.859,0,0,3.236,1.648,0,0,0,0,0,0,0,0
VPS37B,0,0,0,0,0,2.301,0,2.298,1.584,1.88,0,3.236,2.351,2.22,0,1.545,0,0,0,-1.39,0
EEF1A1,0,0,0,0,0,0,0,0,0,-2.682,0,0,0,-3.236,0,0,0,0,0,0,0
SDHA,0,0,0,0,0,0,0,0,0,0,0,0,0,-3.236,0,0,0,0,0,0,0
LMO1,0,0,0,0,0,0,0,0,0,0,0,0,0,0,0,0,0,0,0,0,-3.235
DDAH1,0,0,0,0,0,0,0,0,0,0,0,0,0,0,0,0,0,0,0,0,3.235
DIPK2B,0,0,0,0,0,0,0,0,0,0,0,0,0,0,0,0,-3.235,0,0,0,0
ZNF23,0,0,0,0,0,-2.245,-2.33,0,0,0,0,0,0,0,0,0,0,0,0,-3.235,0
SNX15,0,0,0,0,0,0,0,0,0,0,0,0,0,0,0,0,-1.665,0,-2.055,-3.234,0
CENPT,0,0,0,0,0,3.233,1.824,0,0,0,0,0,0,0,0,-1.984,-2.585,0,0,-2.821,0
MRC2,0,0,0,0,0,-3.233,-2.831,0,1.35,0,0,0,1.493,0,0,0,0,0,0,0,0
RAB30-DT,0,0,0,0,0,0,-2.075,0,0,0,0,-1.84,-3.232,0,0,0,0,0,0,2.067,0
P2RY11,0,0,0,0,0,3.232,2.914,0,0,0,0,0,0,0,0,0,0,0,0,0,0
MALAT1,0,0,0,0,0,0,0,0,0,0,0,0,0,0,0,0,0,0,0,3.231,0
C8orf33,0,0,0,0,0,0,0,0,0,0,0,0,0,0,0,-2.283,0,0,-1.997,3.231,0
ZNF670,0,0,0,0,0,0,0,0,0,0,0,0,0,0,0,0,0,0,0,-3.23,0
UBXN2A,0,0,0,0,0,0,0,0,0,0,0,0,0,0,0,0,0,0,0,0,3.23
TAF12,0,0,0,0,0,0,0,0,0,1.434,0,0,1.538,3.229,0,0,0,0,0,0,0
TMEM80,0,0,0,0,0,0,0,0,0,0,0,0,0,0,0,-3.229,0,0,-2.47,-1.702,0
ANKS1B,0,0,0,0,0,0,0,0,0,0,0,0,0,0,0,0,0,0,0,3.228,0
GHDC,0,0,0,0,0,0,0,0,0,0,0,0,0,0,0,0,0,0,0,-3.227,0
BOLA3,0,0,0,0,0,0,0,0,0,0,0,0,0,0,0,0,0,3.225,0,0,0
ENSEMBL:ENSG00000259959,0,0,0,0,0,0,0,0,0,0,0,0,0,0,0,0,0,0,0,-3.224,0
SENP6,0,-1.364,0,0,0,0,-1.734,0,0,0,0,0,0,0,0,0,0,0,0,3.224,0
FAM228B,0,0,0,0,0,0,0,0,0,0,0,0,0,0,0,0,0,0,0,-3.224,0
ST6GALNAC6,0,0,0,0,0,0,0,0,0,0,0,0,0,0,0,0,0,-1.406,0,-3.223,-2.582
PKIA,0,0,0,0,0,-2.11,0,0,0,0,0,0,0,0,0,0,0,0,0,3.223,0
TBK1,0,0,0,0,0,0,0,0,0,3.222,0,0,0,2.046,0,0,0,0,0,-2.657,0
RAP1B,0,0,0,0,0,0,2.172,0,0,0,0,2.239,1.526,0,0,0,0,0,0,3.221,0
ZNF517,0,0,0,0,0,0,0,0,0,0,0,0,0,0,0,0,0,0,0,-3.22,-1.393
TMEM40,0,0,0,0,0,0,0,0,1.407,0,0,2.099,3.22,0,0,0,0,0,0,0,0
RIN3,0,0,0,0,0,0,0,0,0,0,0,1.329,2.464,2.361,0,-3.22,0,0,0,0,0
NCKAP5L,0,0,0,0,0,0,0,0,0,0,0,0,3.219,0,0,0,-2.312,0,-1.323,0,0
ERI3,0,0,0,0,0,0,0,0,0,-1.995,0,0,0,-3.219,0,0,0,0,0,0,0
ENSEMBL:ENSG00000259868,0,0,0,0,0,0,0,0,0,0,0,0,0,0,0,0,1.474,0,0,0,3.219
NLN,0,0,0,0,0,0,0,0,0,0,0,0,0,0,0,0,0,0,0,0,-3.219
IMPA2,0,0,0,0,0,0,0,0,0,2.485,0,0,1.7,3.217,0,0,0,0,0,0,-2.789
ARHGAP6,0,0,0,0,0,0,0,0,0,0,0,0,0,0,0,0,0,0,-3.216,0,1.582
ATP2A3,0,0,0,0,0,0,0,0,0,0,0,0,1.708,3.216,0,0,0,0,0,0,0
RPS24,0,1.462,0,0,0,0,0,0,0,-2.229,0,0,0,-3.215,0,0,0,0,0,0,0
TUBB4B,0,0,0,0,0,0,0,0,0,0,0,0,1.85,0,0,0,0,0,0,3.215,2.585
PARP4,0,0,0,0,0,0,0,0,0,0,0,0,1.585,3.215,0,0,0,0,0,0,0
TSPAN5,0,0,0,0,0,-3.215,-2.92,0,0,0,0,0,0,0,0,0,0,0,0,1.334,0
MFSD12,0,0,0,0,0,0,0,0,0,0,0,0,0,0,0,0,0,0,0,3.214,0
ENSEMBL:ENSG00000280152,0,0,0,0,0,0,0,0,0,0,0,0,0,0,0,0,0,0,0,0,-3.214
TBC1D22A-DT,0,0,0,0,0,0,0,0,0,0,0,0,0,0,0,0,3.213,0,0,2.352,-1.975
ZNF461,0,0,0,0,0,0,0,0,0,0,0,0,0,0,0,0,0,0,0,-3.213,0
SFXN4,0,0,0,0,0,0,0,0,0,0,0,0,0,0,0,0,0,2.555,0,0,3.212
RPS17,0,0,0,0,0,0,0,0,0,-2.062,0,0,0,-3.212,0,0,0,0,0,0,0
ENSEMBL:ENSG00000280214,0,0,0,0,0,0,0,0,0,0,0,0,0,0,0,0,0,0,0,-3.212,0
SEMA3B,0,0,0,0,0,0,0,0,0,0,0,0,0,0,0,0,-1.499,0,0,-3.212,0
PCSK7,0,0,0,0,0,0,0,0,0,-2.028,0,0,0,-3.211,0,0,0,0,0,0,0
MDH1B,0,0,0,0,0,0,0,0,0,0,0,0,0,0,0,0,0,0,0,0,-3.209
COPA,0,0,0,0,0,0,0,0,0,0,0,0,2.154,2.187,0,0,0,0,0,0,3.208
MRPS31P5,0,0,0,0,0,0,0,0,0,0,0,0,0,0,0,0,0,0,-1.347,-3.207,0
USP53,0,0,0,0,0,-1.796,0,0,0,0,0,0,0,0,0,0,0,0,0,0,-3.206
PKN2-AS1,0,0,0,0,0,0,0,0,0,0,0,0,0,0,0,0,0,0,0,-3.206,-1.482
SYNE3,0,-1.395,0,0,0,-3.205,-1.537,0,0,0,0,-1.688,0,0,0,0,0,0,0,0,0
GPR141,0,0,0,0,0,0,0,0,0,1.609,0,0,0,3.205,0,0,0,0,0,0,0
TM4SF1,0,0,0,0,0,0,0,0,0,0,0,0,0,0,0,0,3.204,0,1.341,2.838,0
FRG1HP,0,0,0,0,0,0,0,0,0,0,0,0,0,0,0,0,-1.916,0,0,-3.204,0
MIGA2,0,0,0,0,0,1.463,1.462,0,0,0,0,0,0,0,0,0,0,3.204,0,0,0
QRSL1,0,0,0,0,0,0,-1.656,0,0,0,0,0,-1.944,0,0,0,0,3.204,0,0,1.522
WDR3,0,0,0,0,0,0,0,0,0,0,0,0,0,0,0,0,0,0,0,3.204,0
SEC61B,0,0,0,0,0,0,0,0,0,0,0,0,0,0,0,0,0,0,-2.024,3.204,0
RPL32P3,0,0,0,0,0,0,0,0,0,0,0,0,0,0,0,0,0,0,0,-3.204,0
RAD51D,0,0,0,0,0,0,0,0,0,0,0,0,-3.203,-1.511,0,0,0,0,0,0,0
SRPRA,0,0,0,0,0,0,0,0,0,0,0,0,1.947,3.201,0,0,0,0,0,0,0
KIAA1614,0,0,0,0,0,0,0,0,0,0,0,0,0,0,0,0,0,0,0,-3.201,0
SELENOT,0,0,0,0,0,0,0,0,0,0,0,0,1.568,1.922,0,0,0,0,0,3.2,0
SCRN2,0,0,0,0,0,1.74,0,0,0,0,0,0,-1.334,0,0,-1.403,0,0,-2.097,-3.2,0
LETM1,0,0,0,0,0,0,0,0,0,0,0,0,0,-1.404,0,0,0,0,0,3.2,0
TGM2,0,0,0,0,0,-1.391,-3.2,0,0,0,0,0,0,0,0,0,0,0,0,0,0
RAD17,0,0,0,0,0,0,0,0,0,0,0,0,0,0,0,0,-1.348,0,-1.784,-3.199,0
CMTR2,0,0,0,0,0,0,0,0,0,0,0,0,0,0,0,0,0,0,0,-3.199,0
CNOT6L,0,0,0,0,0,0,0,0,0,0,0,0,0,0,0,0,0,0,0,0,-3.197
TPTEP1,0,0,0,0,0,0,0,0,0,0,0,0,0,0,0,0,0,0,0,-3.197,0
TRIM11,0,0,0,0,0,2.397,3.197,0,0,0,0,0,0,0,0,0,0,0,0,0,0
PEF1,0,0,0,0,0,2.147,0,0,0,0,0,0,0,0,0,0,2.227,0,0,3.197,0
REXO2,0,1.715,0,0,0,0,0,0,0,-1.622,0,0,0,-2.639,0,0,0,0,0,3.197,0
TTC13,0,0,0,0,0,0,0,0,0,0,0,1.419,0,0,0,0,0,0,0,-3.197,0
RPL24,0,0,0,0,0,0,0,0,0,-2.181,0,0,0,-3.196,0,0,0,0,0,1.7,0
ZNF333,0,0,0,0,0,-1.591,-2.802,0,0,0,0,0,0,2.644,0,0,0,0,0,-3.196,0
EIF4H,0,0,0,0,0,0,0,0,0,0,0,0,1.922,1.336,0,0,0,0,0,1.548,-3.196
TSSC4,0,0,0,0,0,3.196,1.565,0,0,0,0,0,0,0,0,0,0,0,0,0,0
FCGRT,0,0,0,0,0,0,0,0,0,2.003,0,0,1.311,3.196,0,0,0,0,0,0,0
AKTIP,0,0,0,0,0,0,0,0,0,1.936,0,0,1.558,3.196,0,0,0,0,0,0,0
FSTL1,0,0,0,0,0,0,0,0,1.892,0,0,0,3.196,0,0,0,0,0,0,0,0
SNX30,0,0,0,0,0,0,0,0,0,0,0,0,0,0,0,0,3.183,0,0,-3.006,-3.195
ZC3H12D,0,0,0,0,0,-3.195,-2.376,-2.542,0,0,0,-1.592,0,0,0,0,0,0,0,0,0
RCN1,0,0,0,0,0,0,3.195,0,0,0,0,0,0,0,0,0,0,0,0,2.414,0
FAHD1,0,0,0,0,0,0,0,0,0,0,0,0,0,0,0,0,0,3.195,0,0,0
CDIP1,0,0,0,0,0,3.194,0,0,0,0,0,0,0,0,0,0,0,0,0,0,0
ZSCAN32,0,0,0,0,0,0,0,0,0,2.042,0,0,0,3.193,0,0,0,0,0,0,0
TRIQK,0,0,0,0,0,0,0,0,0,2.676,0,0,0,3.192,0,0,0,0,0,-1.351,0
ENSEMBL:ENSG00000262728,0,0,0,0,0,0,0,0,0,0,0,0,0,0,0,0,0,0,0,-3.192,0
RPL15,0,0,0,0,0,0,0,0,0,-2.719,0,0,0,-3.191,0,0,0,0,0,0,0
MTA2,0,0,0,0,0,1.425,3.191,0,0,0,0,0,0,-1.57,0,2.585,0,0,1.671,0,0
AMT,0,0,0,0,0,0,0,0,0,0,0,0,0,0,0,0,0,0,0,-3.19,-1.533
ACOT7,0,0,0,0,0,2.206,3.19,0,0,0,0,0,0,0,0,0,0,0,0,0,0
ASTE1,0,0,0,0,0,0,0,0,0,0,0,0,0,0,0,0,0,0,0,-3.189,0
PSENEN,0,0,0,0,0,0,0,0,0,0,0,2.127,2.681,3.189,0,0,0,0,0,0,0
GNG10,0,0,0,0,0,0,0,0,0,1.7,0,0,0,3.188,0,0,0,0,0,0,0
THAP4,0,0,0,0,0,0,0,0,0,-2.42,0,0,0,-3.188,0,0,0,0,0,0,0
HCG27,0,0,0,0,0,0,0,0,1.309,1.839,0,0,2.535,3.187,0,0,0,0,0,0,0
ANO9,0,0,0,0,0,0,0,0,0,-2.201,0,0,0,-3.187,0,0,0,0,0,0,0
BBS2,0,-3.186,0,0,0,0,0,0,0,0,0,0,0,0,0,0,0,0,0,-2.5,-1.396
OXSR1,0,0,0,0,0,0,0,0,0,3.186,0,0,0,2.236,0,0,0,0,0,0,0
LMAN1,0,0,0,0,0,0,0,0,0,0,0,0,0,0,0,0,0,0,0,0,-3.185
F13A1,0,0,0,0,0,-2.125,0,0,0,0,0,0,3.185,0,0,0,0,0,0,0,0
FTH1,0,0,0,0,0,0,0,0,0,0,0,0,3.184,2.636,0,0,0,0,0,0,0
ENSEMBL:ENSG00000288819,0,0,0,0,0,0,0,1.321,0,1.524,0,2.233,2.188,3.184,0,0,0,0,0,0,0
LIPN,0,0,0,0,0,0,0,0,0,2.506,0,0,0,3.184,0,0,0,0,0,0,0
ALMS1,0,0,0,0,0,0,0,0,0,-2.175,0,0,0,-3.183,0,0,0,0,0,0,0
RTL10,0,0,0,0,0,0,0,0,0,0,0,-3.001,-3.126,0,0,0,3.183,0,0,-2.568,0
CNTNAP3B,0,0,0,0,0,0,0,0,0,0,0,0,0,0,0,0,-3.183,0,0,0,0
RBM22,0,0,0,0,0,0,0,0,0,0,0,0,1.622,3.183,0,0,0,0,0,0,0
TAPBP,0,0,0,0,0,0,0,0,0,1.589,0,0,1.992,3.183,0,0,0,1.5,0,0,0
BRWD1,0,0,0,0,0,-1.38,0,0,0,0,0,0,0,0,0,0,0,0,0,-3.182,0
ETFB,0,0,0,0,0,1.324,0,0,0,0,0,0,0,0,0,0,0,3.181,0,0,0
C12orf57,0,0,0,0,0,0,0,0,0,-1.694,0,0,0,-3.181,0,0,0,0,0,0,0
PLD4,0,0,0,0,0,0,1.913,0,0,-2.399,0,0,0,-3.181,0,0,0,0,0,0,0
NBPF19,0,0,0,0,0,0,0,0,0,0,0,0,0,0,0,0,3.18,0,0,0,0
CDK16,0,0,0,0,0,0,1.484,0,0,0,0,1.526,3.172,0,0,2.781,0,0,-3.179,0,0
GDPD3,0,0,0,0,0,0,1.429,3.178,1.716,2.261,0,2.61,2.247,2.477,0,0,0,0,0,0,0
RABGAP1L,0,0,0,0,0,-1.759,0,0,0,0,0,0,1.515,0,0,0,0,0,0,0,3.178
ZNF641,0,0,0,0,0,0,0,0,0,0,0,0,0,3.178,0,0,-1.383,0,0,-2.934,-1.842
KIF3B,0,-1.36,0,0,0,0,0,0,0,0,0,0,0,0,0,0,0,0,0,-3.177,0
ENSEMBL:ENSG00000286681,0,0,0,0,0,0,0,0,0,0,0,0,0,0,0,0,-1.63,0,0,-3.177,0
SEC22B,0,-1.594,0,0,0,0,0,0,0,0,0,0,0,1.707,0,0,0,0,0,3.177,0
COG8,0,0,0,0,0,0,0,0,0,-1.476,0,0,0,0,0,0,0,0,0,-3.177,0
SCYL2,0,0,0,0,0,-1.766,0,0,0,0,0,0,0,0,0,0,0,0,0,0,3.176
SNW1,0,0,0,0,0,0,0,0,0,0,0,0,0,2.255,0,0,0,0,0,0,-3.176
HMOX2,0,0,0,0,0,2.926,1.916,0,0,0,0,0,0,0,0,0,0,3.001,0,0,3.176
BTBD19,0,0,0,0,0,0,0,0,0,0,0,0,0,2.352,0,3.176,0,0,0,0,0
ENSEMBL:ENSG00000283341,0,0,0,0,0,0,0,0,0,0,0,0,0,0,0,3.176,0,0,0,0,0
CCDC142,0,0,0,0,0,0,0,0,-1.469,0,0,0,-3.176,0,0,0,0,0,0,0,1.4
TCP11L2,0,0,0,0,0,-2.986,-3.175,0,0,0,0,0,0,0,0,0,0,-1.963,0,2.53,-3
GMDS-DT,0,0,0,0,0,0,0,0,0,0,0,0,0,0,0,0,-3.175,0,0,-3.106,0
ZDHHC7,0,0,0,0,0,0,0,0,0,1.576,0,0,2.244,3.175,0,0,0,0,0,0,0
BORCS8,0,0,0,0,0,0,0,0,0,0,0,0,0,0,0,0,0,1.908,0,0,3.171
PEX1,0,0,0,0,0,0,0,0,0,0,0,0,0,0,0,-1.543,0,0,2.273,-3.171,0
MT-ND2,0,0,0,0,0,0,0,0,0,0,0,0,0,0,0,-3.171,-2.668,0,-2.082,0,0
LENG1,0,0,0,0,0,0,0,0,0,0,0,0,0,0,0,0,0,0,0,-1.767,3.171
PHACTR1,0,0,0,0,0,0,0,0,2.935,1.551,0,0,0,0,0,0,0,0,0,-3.17,0
ENSEMBL:ENSG00000284977,0,0,0,0,0,0,0,0,0,0,0,0,0,3.17,0,0,0,0,0,0,0
CLCNKA,0,0,0,0,0,0,0,0,0,0,0,0,0,0,0,0,0,0,0,3.169,0
SMARCD2,0,0,0,0,0,0,0,0,0,0,0,0,0,0,0,0,0,0,0,-3.169,0
PALS1,0,0,0,0,0,0,0,0,0,0,0,0,0,0,0,0,0,0,0,-3.167,0
NTMT1,0,0,0,0,0,0,0,0,0,0,0,0,0,0,0,0,0,3.167,0,0,0
IL1RN,0,0,0,0,0,0,0,0,0,1.352,0,0,0,3.167,0,0,0,0,0,0,0
ZNF486,0,0,0,0,0,0,0,0,3.166,2.102,0,0,1.992,0,0,0,0,0,0,0,0
GALNT12,0,0,0,0,0,0,0,0,0,0,0,0,0,0,0,0,-2.696,0,0,-3.166,0
UBAC2,0,0,0,0,0,0,0,0,0,0,0,0,0,0,0,0,0,0,0,3.166,0
ALDH2,0,0,0,0,0,0,0,0,0,0,0,0,0,0,0,0,0,0,0,0,-3.165
ADAP1,0,0,0,0,0,3.111,3.165,0,0,0,0,0,0,0,0,0,0,0,0,0,0
ZNF467,0,0,0,0,0,0,0,0,1.785,2.208,0,0,3.042,3.164,0,0,0,0,0,0,0
NDOR1,0,0,0,0,0,0,0,0,0,0,0,0,0,0,0,0,0,0,0,-3.164,1.459
PLEKHJ1,0,0,0,0,0,3.163,2.003,0,0,0,0,0,0,0,0,0,0,1.536,0,0,1.59
ZNF835,-3.163,0,0,-2.117,0,0,0,0,0,0,0,0,0,0,0,0,0,0,-2.336,-1.685,0
THAP5,0,0,0,0,0,0,0,0,0,3.163,0,0,0,3.027,0,0,0,0,0,0,0
LAT,0,0,0,0,0,0,0,0,0,-1.737,0,0,0,-3.162,0,0,0,0,0,0,0
SMG1P4,0,0,0,0,0,0,0,0,0,0,0,0,0,0,0,0,0,-1.559,0,3.162,-1.504
ZNF500,0,0,0,0,0,0,0,-2.092,0,0,0,0,0,0,0,0,0,0,0,-3.162,0
GCN1,0,0,0,0,0,0,0,0,0,0,0,0,0,-3.162,0,0,0,0,0,0,0
AP5S1,0,0,0,0,0,0,0,0,0,0,0,0,0,0,0,0,0,0,0,-3.162,0
ENSEMBL:ENSG00000242588,0,0,0,0,0,-1.529,0,0,0,0,0,0,0,0,0,0,0,-1.514,0,0,-3.162
ZNF263,0,0,0,0,0,0,0,0,-1.411,0,0,0,-2.608,0,0,2.853,3.162,0,0,2.204,0
WWP1,0,0,0,0,0,0,0,0,0,0,0,0,0,0,0,0,0,0,-3.16,-2.046,0
ENSEMBL:ENSG00000285413,0,0,0,0,0,0,0,0,0,0,0,0,0,0,0,0,-1.932,0,0,-3.16,0
MTND2P28,0,0,0,0,0,-1.675,0,0,0,0,0,0,0,0,0,-3.16,-2.87,0,-2.259,0,0
MYBPC2,0,0,0,0,0,0,0,0,0,0,0,0,0,0,0,3.159,0,0,2.995,0,1.981
ZC3H3,0,0,0,0,0,0,0,0,0,0,0,0,0,1.341,0,0,0,0,0,2.827,3.159
TSPAN7,0,0,0,0,0,0,0,0,0,0,0,0,0,0,0,0,0,-1.507,0,3.159,0
DCAF5,0,0,0,0,0,0,1.933,0,0,0,0,0,0,0,0,0,0,0,2.256,0,-3.158
PAG1,0,0,0,0,0,-3.157,-2.042,0,0,0,0,0,0,0,0,0,0,0,0,1.829,0
NUDT19,0,0,0,0,0,0,0,0,0,0,0,0,0,0,0,0,0,0,0,-2.436,-3.157
ENSEMBL:ENSG00000258987,0,0,0,0,0,0,0,0,0,0,0,0,0,0,0,0,0,0,1.923,0,-3.157
POGK,0,0,0,0,0,0,0,0,0,0,0,0,0,0,0,0,0,0,0,3.156,0
SCAF8,0,0,0,0,0,-1.35,0,0,0,0,0,0,0,0,0,0,0,0,0,0,-3.155
SEC31A,0,0,0,0,0,0,0,0,0,0,0,0,0,0,0,0,0,0,-2.402,3.155,0
RC3H1,0,0,0,0,0,0,0,0,1.474,0,0,0,0,0,0,0,0,0,0,0,-3.155
ADGRF4,0,0,0,0,0,0,0,0,0,0,0,0,0,0,0,0,0,2.43,0,0,3.155
ERVK3-1,0,0,0,0,0,0,0,0,0,0,0,0,0,0,0,0,0,0,0,2.291,3.154
MATN3,0,0,0,0,0,3.154,3.054,0,0,0,0,0,0,0,0,0,0,0,0,0,0
DGAT1,0,0,0,0,0,0,0,0,0,1.463,0,0,1.659,1.925,0,0,0,1.989,0,0,3.154
KCMF1,0,0,0,0,0,0,0,0,0,0,0,1.753,2.228,3.154,0,0,0,0,0,0,0
ADARB2,0,0,0,0,0,0,0,0,0,1.541,0,0,0,3.153,0,0,0,0,0,0,0
LHFPL5,0,0,0,0,0,0,0,0,0,3.153,0,0,0,2.947,0,0,0,0,0,0,0
CEP57L1,0,0,0,0,0,0,0,0,0,0,0,0,0,0,0,0,0,0,0,-3.153,0
ARPC3,0,0,0,0,0,0,0,0,0,0,0,0,1.904,3.152,0,0,0,0,0,0,0
SEPTIN7,0,0,0,0,0,0,0,0,0,0,0,0,0,0,0,0,0,-1.413,0,0,-3.15
CD9,0,0,0,0,0,0,0,0,0,0,0,0,3.15,0,0,0,0,0,0,0,0
RASA2,0,0,0,0,0,0,0,0,0,2.169,0,0,1.416,1.996,0,0,0,0,0,-3.149,0
ENSEMBL:ENSG00000289164,0,0,0,0,0,0,0,0,0,0,0,0,0,0,0,0,0,0,0,3.149,0
UBE2G1,0,0,0,0,0,0,0,0,0,0,0,0,0,0,0,0,0,-3.149,0,0,-2.719
LINC01560,0,0,0,0,0,0,0,0,0,0,0,0,0,0,0,0,0,0,0,3.148,0
LDB2,0,0,0,0,0,0,0,0,0,0,0,0,0,0,0,0,-3.148,0,0,0,0
PSKH1,0,0,0,0,0,0,0,0,0,0,0,0,-1.411,0,0,0,0,1.41,0,0,3.146
MCCC2,0,0,0,0,0,0,0,0,0,0,0,0,0,0,0,-3.146,0,0,0,-2.059,0
TMOD1,0,0,0,0,0,-3.146,-2.158,0,0,0,0,0,0,0,0,0,0,0,0,0,1.398
GDNF,0,0,0,0,0,0,0,0,0,0,0,0,0,0,0,0,0,0,3.146,0,1.964
ADARB1,0,0,0,0,0,-1.751,0,0,0,-1.451,0,0,0,-3.145,0,0,0,0,0,0,2.504
MPZ,0,0,0,0,0,0,0,0,0,2.143,0,0,0,3.144,0,0,0,0,0,0,0
PDE3B,0,0,0,0,0,-1.649,-1.343,0,0,3.143,0,0,0,2.91,0,0,0,0,0,0,0
ARSK,0,0,0,0,0,0,0,0,0,0,0,0,0,0,0,0,0,0,0,-3.143,0
NIN,0,0,0,0,0,0,0,0,0,2.67,0,0,1.384,2.101,0,0,0,0,0,-3.143,0
CEP112,0,0,0,0,0,0,0,0,0,0,0,0,0,0,0,0,0,3.142,0,0,0
OPLAH,0,0,0,0,0,0,0,0,0,1.934,0,0,0,3.142,0,0,0,1.771,0,0,0
TRIM14,0,0,0,0,0,0,0,0,0,-2.914,0,0,0,-3.142,0,0,0,0,0,0,0
ATP1A1-AS1,0,0,0,0,0,0,0,0,0,0,0,0,0,0,0,2.647,0,0,3.142,1.454,1.66
NCF1,0,0,0,0,0,0,0,0,0,1.961,0,0,0,3.141,0,0,0,0,0,0,0
MRPL49,0,0,0,0,0,0,0,0,0,0,0,0,0,0,0,0,0,0,0,-3.141,1.894
FN3KRP,0,0,0,0,0,0,0,0,-1.609,0,0,0,-3.14,0,0,0,0,0,0,0,0
CD14,0,0,0,0,0,0,0,0,0,0,0,0,3.14,3.116,0,0,0,0,0,0,0
CCNH,0,0,0,0,0,0,0,0,0,0,0,0,0,0,0,0,0,1.331,0,3.14,1.574
LINC00211,0,0,0,0,0,0,0,0,0,2.294,0,0,0,3.139,0,0,0,0,0,0,0
RPS27A,0,0,0,0,0,0,0,0,0,-2.198,0,0,0,-3.137,0,0,0,0,0,1.409,0
CREBRF,0,0,0,0,0,-1.479,0,0,0,2.215,0,0,0,1.757,0,0,2.215,-1.535,0,0,-3.136
AK5,0,0,0,0,0,0,0,0,0,0,0,0,-3.136,-2.922,0,0,0,0,0,0,0
TAMM41,0,0,0,0,0,0,0,0,0,0,0,0,0,0,0,0,0,3.135,0,-2.027,0
MOV10,0,0,0,0,0,0,0,0,0,-3.135,0,0,0,-2.232,0,0,-1.35,0,0,0,0
MON1A,0,0,0,0,0,0,3.135,0,0,0,0,0,0,0,0,0,0,0,0,0,0
ERFE,0,0,0,0,0,0,0,0,-1.487,0,0,0,0,0,0,0,2.516,0,0,3.135,0
SDHB,0,0,0,0,0,0,0,0,0,0,0,0,0,1.418,0,0,0,3.132,0,0,1.645
FAM83B,0,0,0,0,0,0,0,0,0,0,0,0,0,0,0,0,-3.132,0,0,0,0
CSF3,0,0,0,0,0,0,0,0,0,0,0,0,0,0,0,-2.085,0,0,-3.13,0,-2.576
PCTP,0,0,0,0,0,0,0,0,0,1.395,0,0,1.579,0,0,0,0,0,0,0,3.13
GPATCH4,0,0,0,0,0,0,0,0,0,0,0,0,-3.13,-1.397,0,0,0,0,0,2.484,1.941
DBP,0,0,0,0,0,0,0,0,0,-1.377,0,0,0,0,0,0,3.129,1.682,0,0,0
ABAT,0,0,0,0,0,0,0,0,0,0,0,0,1.486,1.385,0,0,-1.923,0,0,-3.129,1.399
ENO1,0,1.401,0,0,0,1.566,0,0,0,0,0,0,0,0,0,0,0,0,0,3.129,0
HOOK3,0,0,0,0,0,-1.639,0,0,0,0,0,0,0,0,0,0,0,0,0,3.128,0
RIPOR1,0,0,0,0,0,0,0,0,0,0,0,0,3.128,0,0,1.547,2.225,0,-1.882,0,0
KCTD18,0,0,0,0,0,0,-1.448,-1.317,0,0,0,-1.715,0,0,0,0,0,0,0,-3.128,0
MRPL13,0,0,0,0,0,0,0,0,0,0,0,0,0,0,0,0,0,3.128,0,0,2.885
ZNHIT1,0,0,0,0,0,3.127,0,0,0,0,0,0,0,0,0,0,0,0,0,0,0
NOP14,0,0,0,0,0,0,0,0,0,0,0,0,0,-1.517,0,0,0,0,0,3.126,1.329
NEK11,0,0,0,0,0,0,0,0,0,0,0,0,0,0,0,0,0,0,0,0,3.126
TIGD1,0,0,0,0,0,0,0,0,0,0,0,0,0,0,0,0,3.126,0,0,0,0
DOP1A,0,0,0,0,0,-1.485,0,0,0,0,0,-1.393,0,0,0,0,-3.126,0,0,0,0
FBXO44,0,0,0,0,0,2.259,0,0,0,-1.592,0,0,0,0,0,0,0,0,0,-3.126,0
GUCD1,0,0,0,0,0,-2.036,-3.045,0,0,0,0,0,0,0,0,0,0,0,0,0,-3.126
RASA4CP,0,0,0,0,0,0,0,0,0,0,0,0,0,0,0,0,0,0,0,-3.125,-1.363
GSN,0,0,0,0,0,0,0,0,0,1.754,0,0,1.716,3.124,0,0,0,0,0,0,0
ABI1,0,0,0,0,1.478,0,0,0,0,1.608,0,0,2.084,3.123,0,1.313,0,0,-2.07,0,2.001
SWAP70,0,0,0,0,0,-1.446,-2.404,-3.123,0,0,0,-2.348,0,0,0,0,0,0,0,0,0
CDON,0,0,0,0,0,0,0,0,0,0,0,0,0,0,0,0,-2.268,0,0,-3.121,0
DVL3,0,0,0,0,0,0,0,0,0,0,0,0,3.118,2.95,0,0,0,-1.517,0,0,-2.317
MRPL35,0,0,0,0,0,0,0,0,0,0,0,0,0,0,0,0,0,2.549,0,3.118,2.709
ATXN2,0,0,0,0,0,0,0,0,0,0,0,0,0,0,0,0,0,0,-3.118,-3.096,0
PDPK1,0,0,0,0,0,0,0,0,1.569,2.639,0,0,2.179,3.117,0,0,0,0,0,0,0
CCDC186,0,0,0,0,0,0,0,0,0,1.437,0,0,1.835,2.298,0,2.338,0,0,0,-3.116,0
STX8,0,0,0,0,0,3.116,2.318,0,0,0,0,0,0,0,0,0,0,1.706,0,0,0
SFRP5,0,0,0,0,0,0,-3.115,0,0,-2.021,0,-1.431,0,-2.077,0,0,0,0,0,0,0
USP32,0,0,0,0,0,-3.115,-2.181,0,0,2.08,0,0,1.712,2.694,0,0,0,0,0,0,-2.498
NPY,0,0,0,0,0,0,3.114,0,0,0,0,0,0,0,0,0,0,0,0,0,0
TPT1,0,0,0,0,0,-1.428,-3.114,0,0,0,0,0,0,0,0,0,0,0,0,0,0
PSMC6,0,0,0,0,0,0,0,0,0,0,0,0,0,2.135,0,0,0,0,0,3.113,0
LRP5,0,0,0,0,0,0,0,0,0,0,0,0,0,0,0,0,-2.671,0,0,-3.112,0
AP2A2,0,0,0,0,0,0,0,0,0,0,0,0,0,0,0,0,0,0,0,-3.112,0
MRPL32,0,0,0,0,0,0,0,0,0,0,0,0,0,0,0,-1.957,0,0,0,3.112,0
CHKA,0,0,0,0,0,1.322,0,0,0,0,0,0,0,1.473,0,0,3.111,0,0,0,0
GSTP1,0,0,0,0,0,3.111,2.071,0,0,0,0,0,0,0,0,0,0,0,0,0,0
ABCA10,0,0,0,0,0,0,0,0,0,0,0,0,0,0,0,0,-2.519,0,0,-3.11,0
ENSEMBL:ENSG00000205959,0,0,0,0,0,0,0,0,0,0,0,0,0,0,0,0,-2.061,0,0,-3.11,0
COBL,0,0,0,0,0,0,0,0,0,0,0,0,0,0,0,1.662,0,0,-2.202,-3.11,0
SYTL2,0,0,0,0,0,2.117,3.109,0,0,0,0,0,0,0,0,0,0,0,0,0,0
ENSEMBL:ENSG00000285781,0,0,0,0,0,0,0,0,0,0,0,0,0,0,0,0,0,0,0,-3.109,0
ENDOV,0,0,0,0,0,0,0,0,0,0,0,0,0,0,0,0,3.109,0,0,0,0
HIKESHI,0,0,0,0,0,0,0,0,0,0,0,0,0,0,0,0,0,0,0,0,3.109
WDR90,0,0,0,0,0,0,0,0,0,0,0,0,0,0,0,0,0,0,0,-2.483,-3.109
UTP20,0,0,0,0,0,0,0,0,0,0,0,0,-3.108,0,0,0,0,0,0,0,0
ADD3,0,0,0,0,0,0,0,0,0,1.447,0,0,0,2.355,0,0,0,0,3.107,0,0
USP35,0,0,0,0,0,0,0,0,0,0,0,0,0,0,0,0,0,0,0,-2.434,3.107
PPT2,0,0,0,0,0,0,0,0,0,0,0,0,0,0,0,0,0,0,0,-3.106,-2.602
ZNF587B,0,0,0,0,0,0,-1.795,0,0,0,0,-1.803,-1.755,0,0,0,1.764,0,0,3.105,0
PDE7B,0,0,0,0,0,0,0,0,0,0,0,0,0,0,0,-1.821,0,0,-3.104,-2.773,0
HSPA4L,0,0,0,0,0,0,-1.663,0,0,0,0,0,0,0,0,0,3.104,0,0,0,0
RAC1,0,0,0,0,0,0,0,0,0,0,0,1.353,2.065,3.103,0,0,0,0,0,0,-2.079
TIGD3,0,0,0,0,0,0,0,0,1.515,1.845,0,0,2.078,3.102,0,0,0,0,0,0,0
DESI1,0,0,0,0,0,0,0,0,0,0,0,0,0,0,0,0,1.871,0,0,1.505,3.102
RP2,0,0,0,0,0,0,0,0,0,1.496,0,0,2.134,3.101,0,0,0,0,0,0,0
MLX,0,0,0,0,0,0,0,0,0,1.307,0,0,0,3.101,0,0,0,2.901,-1.413,0,0
SP110,0,0,0,0,0,0,-2.064,0,0,0,0,0,0,3.101,0,0,0,0,0,0,0
ITM2A,0,0,0,0,0,0,0,0,0,-2.123,0,0,0,-3.101,0,0,0,1.583,0,0,0
ENSEMBL:ENSG00000286367,0,0,0,0,0,0,0,0,0,0,0,0,0,0,0,0,-3.099,0,0,0,0
FAM222B,0,0,0,0,0,0,0,0,0,0,0,0,0,0,0,0,0,0,0,0,3.098
IRAK2,0,0,0,0,0,0,3.097,0,0,0,0,0,0,0,0,0,0,-2.506,0,0,0
RPL37A,0,0,0,0,0,0,0,0,0,-2.237,0,0,0,-3.096,0,0,0,0,0,0,0
SPG7,0,-1.391,0,0,0,0,0,0,0,0,0,0,-1.447,0,0,0,0,0,0,-3.096,0
ITPKB,0,0,0,0,0,0,0,0,0,0,0,0,1.369,0,0,0,0,0,0,3.096,0
CEP19,0,0,0,0,0,0,0,0,0,2.487,0,0,2.97,3.095,0,0,0,0,0,-1.411,0
ENSEMBL:ENSG00000267317,0,0,0,0,0,0,0,0,0,0,0,0,0,0,0,0,0,0,0,-3.095,0
ANKRD28,0,0,0,0,0,0,0,0,0,0,0,0,0,0,0,0,0,0,-2.144,3.095,0
SHC2,0,0,0,0,0,0,0,0,0,0,0,0,0,0,0,0,0,0,0,3.095,0
RPL36A,0,0,0,0,0,0,0,0,0,-1.897,0,0,0,-3.095,0,0,0,0,0,0,0
ENSEMBL:ENSG00000288531,0,0,0,0,0,-1.795,0,0,0,0,0,0,0,0,0,0,3.095,0,0,0,2.602
TBC1D9B,0,0,0,0,0,0,0,0,0,0,0,0,0,-1.562,0,-1.959,0,0,-2.832,0,-3.094
RNPEPL1,0,0,0,0,0,3.094,1.968,0,0,0,0,0,0,0,0,0,0,0,0,0,0
ENSEMBL:ENSG00000286658,0,0,0,0,0,0,0,0,0,0,0,0,0,0,0,0,0,0,-1.69,-3.093,0
VIPAS39,0,0,0,0,0,0,0,0,0,0,0,0,0,0,0,0,0,0,0,-3.092,0
PNPLA1,0,0,0,0,0,0,0,0,1.581,2.058,0,0,0,3.091,0,0,0,0,0,0,0
MYL9,0,0,0,0,0,0,0,1.416,0,0,0,0,3.091,0,0,0,0,0,0,0,0
MLEC,0,0,0,0,0,0,3.09,0,0,0,0,0,0,-1.398,0,0,0,0,0,-1.994,0
RPS16,0,0,0,0,0,0,0,0,0,-1.813,0,0,0,-3.09,0,0,0,0,0,0,0
PI4K2A,0,0,0,0,0,0,1.897,0,0,0,0,0,0,0,0,0,0,0,3.09,0,0
ZNF783,0,0,0,0,0,0,0,0,0,0,0,0,-1.528,-2.232,0,0,3.089,0,0,2.68,0
PTPN6,0,0,0,0,0,0,0,0,0,0,0,0,0,3.089,0,0,0,0,0,0,0
TRIM58,0,0,0,0,0,-3.088,-2.956,0,0,0,0,0,0,-1.362,0,0,0,0,0,0,0
ZNF608,0,0,0,0,0,0,0,0,0,3.088,0,0,0,1.88,0,0,0,0,0,0,0
SENP8,0,0,0,0,0,0,0,0,0,0,0,0,0,0,0,0,0,0,0,-3.087,0
EBP,0,0,0,0,0,3.033,3.087,0,0,0,0,0,0,0,0,0,0,2.974,0,-2.27,0
FCHSD2,0,0,0,0,0,-2.21,-3.087,0,0,0,0,0,0,0,0,0,0,0,0,1.854,1.812
MT2A,0,0,0,0,0,0,0,0,0,-3.087,0,0,0,-2.244,0,0,0,0,0,0,-2.937
ZFPL1,0,0,0,0,0,0,0,0,0,0,0,0,0,0,0,0,-1.82,0,0,-3.087,2.76
ENSEMBL:ENSG00000279833,0,0,0,0,0,0,0,0,0,0,0,0,0,0,0,0,0,0,0,-3.085,0
C8orf82,0,0,0,0,0,0,0,0,0,0,0,0,0,0,0,0,0,3.085,0,0,0
ABCC1,0,0,0,0,0,0,0,0,0,0,0,-1.957,0,0,0,1.34,0,0,-2.166,-3.084,0
ARHGAP42,0,0,0,0,0,0,0,0,0,0,0,0,0,0,0,0,0,0,0,1.412,-3.084
LGR4,0,0,0,0,0,0,0,0,0,0,0,0,0,0,0,0,0,0,0,-2.61,-3.084
RRP36,0,0,0,0,0,0,0,0,0,0,0,0,0,0,0,0,0,0,0,-1.917,3.084
SRSF5,0,0,0,0,0,0,-1.98,0,0,0,0,0,0,0,0,0,0,0,0,3.084,-1.883
GDAP1,0,0,0,0,0,0,0,0,0,0,0,0,0,0,0,0,0,0,0,3.084,-1.378
CNDP2,0,0,0,0,0,0,0,0,-1.563,0,0,0,0,0,0,0,0,0,0,0,3.083
ARSA,0,0,0,0,0,0,1.334,0,0,1.831,0,0,1.397,3.083,0,0,-1.585,0,0,-1.759,0
SEPHS1,0,0,0,0,0,0,0,0,0,0,0,0,0,0,0,0,-1.908,0,0,-3.081,0
DAPP1,0,0,0,0,0,-3.002,-3.081,0,0,0,0,0,0,0,0,0,0,0,0,0,0
PTCH1,0,0,0,0,0,0,2.643,0,0,0,0,0,0,0,0,0,0,-1.953,0,0,-3.08
KLC1,0,0,0,0,0,0,0,0,0,0,0,0,0,0,0,0,0,0,0,3.08,0
GUSBP1,0,0,0,0,0,0,0,0,0,0,0,0,0,0,0,0,0,0,0,-3.079,0
GPAA1,0,0,0,0,0,2.755,3.079,0,0,0,0,0,0,0,0,0,0,1.388,0,0,1.891
CNTRL,0,0,0,0,0,-2.875,-3.079,-1.775,0,-2.114,0,-1.556,0,-2.001,0,0,0,0,0,0,0
MRPL27,0,0,0,0,0,0,0,0,0,0,0,0,-1.558,0,0,0,0,3.035,0,0,3.078
TIAM1,0,0,0,0,0,0,0,0,0,0,0,-2.924,-3.078,0,0,0,0,0,0,1.942,0
ATAD1,0,0,0,0,0,0,1.648,0,0,0,0,0,0,0,0,0,0,3.077,0,0,0
ZNF185,0,0,0,0,0,0,0,0,0,0,0,0,3.077,2.023,0,0,0,0,0,0,0
NPIPB13,0,0,0,0,0,0,0,0,0,0,0,0,0,0,0,0,0,0,0,3.076,0
NTHL1,0,0,0,0,0,0,0,0,0,0,0,0,0,0,0,0,0,3.075,0,-1.624,0
TRIM3,0,0,0,0,0,3.075,2.109,0,0,0,0,0,0,0,0,0,0,0,0,0,0
TRAF7,0,0,0,0,0,0,0,0,0,0,0,0,0,0,0,0,0,0,0,0,3.075
PHAF1,0,0,0,0,0,0,0,0,0,0,0,0,0,0,0,0,3.074,0,0,0,0
SOD1,0,0,0,0,0,0,0,0,0,-1.356,0,0,0,-3.074,0,0,0,0,0,2.096,0
ENTR1,0,0,0,0,0,0,0,0,0,-1.899,0,0,0,-3.074,0,0,0,0,0,0,0
PITPNB,0,0,0,0,0,0,0,0,0,0,0,0,0,0,0,0,0,0,0,3.073,0
CARS2,0,0,0,0,0,0,0,0,0,0,0,0,0,3.072,0,0,0,0,0,-1.367,0
ART1,0,0,0,0,0,0,0,0,0,0,0,0,0,0,0,0,0,0,0,-2.548,-3.072
TUBB6,0,0,0,0,0,0,0,0,0,0,0,0,0,0,0,3.072,2.07,0,1.736,2.453,0
ZNF787,0,0,0,0,0,0,0,0,0,0,0,0,0,0,0,0,0,2.502,0,0,3.071
LRRC25,0,0,0,0,0,0,0,0,0,1.935,0,0,0,3.071,0,0,0,2.664,0,0,0
PDGFA,0,0,0,0,0,0,0,0,1.598,0,0,0,2.705,0,0,0,1.698,0,0,3.07,0
CCT7,0,0,0,0,0,0,0,0,0,-1.489,0,0,0,-3.07,0,0,0,0,0,0,2.101
ZNF675,0,0,0,0,0,0,0,0,0,0,0,0,0,0,0,0,-1.552,0,0,-3.069,0
ESR2,0,0,0,0,0,0,0,0,0,0,0,0,0,0,0,0,0,0,0,-3.069,0
SUPT6H,0,0,0,0,0,0,0,0,0,0,0,0,0,0,0,0,0,0,0,0,-3.069
CLK1,0,0,0,0,0,0,0,2.054,1.44,0,0,3.069,1.96,1.638,0,0,0,0,0,0,0
FBXL4,0,0,0,0,0,-2.922,0,0,0,0,0,0,0,0,0,0,0,0,0,0,-3.068
TBC1D7,0,0,0,0,0,0,0,0,0,0,0,1.47,3.068,1.46,0,0,0,0,0,0,0
CHD6,0,0,0,0,0,0,0,0,0,-1.507,0,0,0,-2.903,0,0,-1.664,0,0,-3.067,-2.506
HSDL1,0,0,0,0,0,0,0,0,0,0,0,0,0,0,0,0,1.664,2.472,0,0,3.067
SLC44A5,0,0,0,0,0,0,0,0,0,0,0,0,0,0,0,0,0,0,0,0,-3.067
RBM4,0,0,0,0,0,1.421,3.066,2.181,0,0,0,2.836,1.4,0,0,0,0,0,0,1.85,-2.564
RAB17,0,0,0,0,0,0,0,0,0,0,0,0,0,0,0,0,0,0,0,1.832,3.066
RPS28,0,1.301,0,0,0,0,0,0,0,-1.801,0,0,0,-3.065,0,0,0,0,0,0,0
ENSEMBL:ENSG00000274712,0,0,0,0,0,0,3.064,0,0,0,0,0,0,-1.425,0,0,0,0,0,0,0
ICE1,0,0,0,0,0,0,0,0,0,0,0,0,0,0,0,0,0,-2.103,0,0,-3.064
MAFA,0,0,0,0,0,0,0,0,0,0,0,0,0,0,0,0,0,0,0,2.122,3.064
ENSEMBL:ENSG00000238273,0,0,0,0,0,0,0,0,0,0,0,0,0,0,0,0,0,0,2.068,0,-3.064
AP1M1,0,0,0,0,0,0,0,0,0,0,0,0,0,1.346,0,0,0,0,0,0,3.063
MLF1,0,0,0,0,0,0,0,0,0,0,0,0,0,0,0,1.592,0,0,-3.062,0,0
PPP1R14A,0,0,0,0,0,0,0,0,0,0,0,0,0,0,0,-3.062,0,0,-2.391,0,0
PLXNA1,0,0,0,0,0,0,0,0,0,0,0,0,0,0,0,0,0,0,1.605,1.393,3.06
SRBD1,0,0,0,0,0,0,0,0,0,3.027,0,0,0,3.059,0,0,0,0,0,-1.946,0
RRBP1,0,0,0,0,0,2.311,2.733,0,0,0,0,0,0,0,0,0,2.782,0,0,3.059,0
FBXW2,0,0,0,0,0,0,0,0,0,2.31,0,0,0,3.059,0,0,0,0,0,-2.105,0
PCDH19,0,0,0,0,0,0,0,0,0,0,0,0,0,0,0,0,-3.059,0,0,0,0
CACNA2D3,0,0,0,0,0,0,0,0,0,0,0,0,0,0,0,0,0,0,0,0,-3.059
LRRC75A,0,0,0,0,0,0,0,0,1.963,0,0,0,3.057,1.309,0,0,0,0,0,0,0
PRDM4,0,0,0,0,0,0,0,0,0,0,0,-1.812,-3.057,0,0,0,0,0,0,0,0
MRPS5,0,0,0,0,0,0,0,0,0,0,0,0,0,0,0,0,0,3.057,0,0,0
HGH1,0,0,0,0,0,1.5,0,0,0,0,0,0,0,-2.55,0,0,0,1.312,-1.853,-3.057,1.715
YIPF3,0,0,0,0,0,0,0,0,0,0,0,0,0,2.512,0,-3.056,0,0,0,0,0
SLC8A3,0,0,0,0,0,0,0,0,0,0,0,0,0,0,0,0,0,-2.76,-3.056,0,0
EBF4,0,0,0,0,0,0,3.056,0,-1.478,0,0,0,0,0,0,0,2.057,0,0,0,0
ENSEMBL:ENSG00000279119,0,0,0,0,0,0,0,0,0,0,0,0,0,0,0,0,0,-1.883,0,0,-3.055
C2orf68,0,0,0,0,0,0,0,0,0,2.4,0,0,1.443,3.055,0,0,0,0,0,-2.651,0
OLMALINC,0,0,0,0,0,0,0,0,0,0,0,0,0,0,0,0,3.055,0,0,0,0
RARS1,0,0,0,0,0,0,0,0,0,0,0,0,-1.423,0,0,0,0,0,0,0,3.054
AGPS,0,0,0,0,0,0,0,0,0,0,0,0,0,0,0,0,0,0,0,0,3.054
ENSEMBL:ENSG00000272447,0,0,0,0,0,0,0,0,0,0,0,0,0,0,0,0,0,0,0,3.054,0
HACD1,0,0,0,0,0,0,0,0,0,0,0,0,0,0,0,0,0,0,0,3.054,2.09
MPO,0,0,0,0,0,1.575,3.054,0,0,0,0,0,0,0,0,0,0,0,0,0,0
SFT2D1,0,0,0,0,0,0,0,0,1.525,1.715,0,1.636,3.053,2.519,0,0,0,0,0,0,0
NFKBIE,0,0,0,0,0,0,0,0,0,0,0,0,0,0,0,3.053,0,0,0,0,0
LYRM4-AS1,0,0,0,0,0,0,0,0,0,0,0,0,0,0,0,0,-1.889,0,0,-3.051,0
SPATS2L,0,0,0,0,0,0,0,0,0,-3.049,0,0,0,-2.449,0,0,0,0,0,1.531,0
PRRG4,0,0,0,0,0,0,0,0,1.963,3.049,0,0,2.203,2.272,0,0,0,0,0,0,0
RNASE3,0,0,0,0,0,0,3.048,0,0,0,0,0,0,0,0,0,0,0,0,0,0
SH3RF3,0,0,0,0,1.495,0,0,0,0,3.047,0,0,0,1.973,0,0,0,0,0,0,0
PHB,0,0,0,0,0,3.047,1.513,0,0,0,0,0,0,0,0,0,0,2.86,0,0,1.663
SPNS1,0,0,0,0,0,0,0,0,0,0,0,0,0,0,0,0,0,0,0,-3.047,0
CELSR3,0,0,0,0,0,0,0,0,0,0,0,0,0,-1.417,0,0,0,0,0,-3.047,0
STK39,0,0,0,0,0,0,3.046,0,0,0,0,0,0,0,0,0,0,0,0,0,0
SCAF1,0,0,0,0,0,0,0,0,0,0,0,0,0,0,0,0,0,0,-3.046,0,0
BAG6|ENSG00000096155,0,0,0,0,0,0,0,0,0,0,0,0,0,0,0,0,0,0,-3.045,0,0
ZNF780A,0,0,0,0,0,0,0,0,0,0,0,0,0,0,0,0,0,0,0,-3.045,0
CTNND1,0,-1.823,0,0,0,0,0,0,0,0,0,0,0,0,0,-2.817,-3.044,0,0,0,0
GPSM3,0,0,0,0,0,0,0,0,0,1.519,0,0,1.882,3.044,0,0,0,0,0,0,0
ZNF267,0,0,0,0,0,-1.673,0,0,0,3.043,0,0,0,3.031,0,0,0,0,0,-2.456,0
CBLN4,0,0,0,0,0,0,0,0,0,0,0,0,0,0,0,0,-2.009,0,0,-3.042,-1.65
SLC16A7,0,0,0,0,0,0,0,0,0,0,0,0,0,0,0,0,1.635,0,0,1.412,-3.042
IFT43,0,0,0,0,0,0,0,0,0,0,0,0,0,0,0,0,0,0,0,0,3.042
CNOT4,0,0,0,0,0,0,0,0,0,0,0,0,0,0,0,0,0,0,0,0,-3.042
TATDN3,0,0,0,0,0,0,0,0,0,1.999,0,0,0,1.86,0,0,0,3.042,0,0,0
TRMT11,0,0,0,0,0,0,0,0,0,0,0,0,0,0,0,0,0,0,0,3.041,0
SVIP,0,0,0,0,0,-3.04,-1.939,0,0,0,0,0,0,0,0,0,0,0,0,0,0
OGFOD2,0,0,0,0,0,0,0,0,0,0,0,0,0,0,0,-1.461,0,0,0,-3.04,0
ENSEMBL:ENSG00000279608,0,0,0,0,0,0,0,0,0,0,0,0,0,0,0,-3.04,0,0,-1.665,0,0
TMEM39B,0,0,0,0,0,0,0,0,0,0,0,0,0,0,0,0,0,0,-1.46,-3.039,0
FUCA1,0,0,0,0,0,0,0,0,0,0,0,0,0,0,0,0,0,2.615,0,-3.039,0
MEPCE,0,0,0,0,0,0,0,0,0,0,0,0,0,0,0,3.039,0,-2.249,0,-1.303,-3.015
PSMD13,0,0,0,0,0,2.027,0,0,0,0,0,0,0,0,0,0,0,3.039,0,0,2.66
HADHA,0,0,0,0,0,0,0,0,0,0,0,0,0,0,0,0,0,3.039,0,0,0
BCAS4,0,0,0,0,0,0,0,0,0,-3.039,0,0,0,-2.223,0,0,0,0,0,0,0
FAM219A,0,0,0,0,0,0,0,0,0,2.288,0,0,0,3.038,0,0,0,-1.476,0,1.763,0
RAD9A,0,0,0,0,0,2.536,2.914,0,0,0,0,0,0,0,0,0,1.35,0,0,-3.037,0
BNIP2,0,0,0,0,0,-1.69,0,0,0,2.774,0,0,0,3.037,0,0,0,0,0,-1.619,-2.494
GNAS,0,0,0,0,0,-2.575,-2.917,0,1.343,0,0,0,3.036,0,0,0,0,0,0,2.065,0
UNC45B,0,0,0,0,0,0,0,0,0,0,0,0,0,0,0,0,0,0,0,0,-3.036
DPF2,0,0,0,0,0,0,0,0,0,2.167,0,0,3.036,2.605,0,0,0,0,0,0,0
MAPK7,0,0,0,0,0,1.883,3.035,0,0,0,0,0,0,0,0,0,0,0,0,0,0
ADGRA3,0,0,0,0,0,1.522,1.783,0,0,0,0,0,0,0,0,0,0,0,0,0,-3.035
TPI1P1,0,0,0,0,0,0,0,0,0,0,0,0,0,0,0,0,0,3.035,0,0,2.296
GLB1,0,0,0,0,0,0,0,0,0,0,0,0,0,0,0,0,0,0,0,-3.035,0
TUBD1,0,0,0,0,0,0,0,0,0,0,0,0,0,0,0,0,0,0,0,-3.034,0
NDUFB7,0,0,0,0,0,3.032,1.543,0,0,0,0,0,0,0,0,0,0,1.678,0,0,0
SATB1,0,0,0,0,0,-3.032,0,0,0,0,0,0,0,0,0,0,0,0,0,0,0
TMEM181,0,0,0,0,0,1.309,3.031,0,0,0,0,0,0,0,0,0,0,0,0,0,1.455
SIRPG,0,0,0,0,0,-1.898,-3.031,-1.387,0,-1.39,0,0,0,-1.918,0,0,0,0,0,0,0
TNFRSF10B,0,0,0,0,0,-1.563,0,0,0,0,0,0,0,0,0,0,0,0,1.376,3.03,0
EYA3,0,0,0,0,0,0,0,0,0,1.496,0,0,2.308,2.663,0,0,0,0,0,-3.029,0
ASH2L,0,0,0,0,0,0,0,0,0,0,0,0,0,0,0,0,0,0,0,-3.029,0
AZIN2,0,0,0,0,0,0,0,0,0,0,0,0,0,-1.302,0,0,-2.014,0,0,-3.029,0
FRMD6,0,0,0,0,0,0,0,0,0,0,0,0,0,0,0,0,0,0,0,3.029,0
SLC19A1,0,0,0,0,0,0,0,0,0,3.028,0,0,0,2.872,0,0,0,0,0,0,0
CD27,0,0,0,0,0,0,-2.321,0,0,0,0,0,0,-3.027,0,0,0,0,0,0,0
SNX2,0,0,0,0,0,-2.178,-3.027,-1.927,0,0,0,0,0,0,0,0,1.886,0,0,0,0
DOLPP1,0,0,0,0,0,0,0,0,0,0,0,0,0,0,0,0,3.026,0,0,2.437,0
DGCR8,0,0,0,0,0,0,0,0,0,-3.026,0,0,0,-2.377,0,0,0,0,0,0,1.405
ZNF620,0,0,0,0,0,0,0,0,0,0,0,0,0,0,0,0,0,0,0,-3.026,0
EIF4EBP1,0,0,0,0,0,0,0,0,0,0,0,0,0,0,0,-2.374,0,0,-2.217,0,-3.025
MTM1,0,1.488,0,0,0,-3.025,0,0,0,0,0,0,0,0,0,0,0,0,2.049,0,2.108
EIF3M,0,0,0,0,0,0,0,0,0,-1.71,0,0,0,-3.025,0,0,0,0,0,1.424,2.776
FBXL6,0,0,0,0,0,0,3.025,0,0,0,0,0,0,0,0,-1.614,0,0,-2.781,-1.564,0
BTLA,0,0,0,0,0,0,-3.025,0,0,0,0,0,-2.081,0,0,0,0,0,0,0,0
TLR10,0,0,0,0,0,-2.541,-3.024,-2.357,0,0,0,0,0,1.402,0,0,0,0,0,0,0
GLDC,0,0,0,0,0,0,0,0,0,0,0,0,0,0,0,0,0,0,0,0,-3.023
PPP1R9A,0,0,0,0,0,0,0,0,0,0,0,0,0,0,0,0,0,0,3.023,1.378,1.417
FUZ,0,0,0,0,0,0,0,0,0,0,0,0,0,0,0,0,0,0,0,0,-3.022
SUSD3,0,0,0,0,0,0,-3.022,0,0,0,0,0,0,0,0,0,0,0,0,0,0
CEP68,0,0,0,0,0,-1.616,0,0,0,0,0,0,0,0,0,-1.924,0,0,-3.022,0,0
TCIRG1,0,0,0,0,0,0,0,0,0,1.766,0,0,0,3.021,0,0,0,0,0,0,0
KANSL2,0,0,0,0,0,0,0,0,0,0,0,0,0,0,0,0,0,0,0,3.02,0
GTF2B,0,0,0,0,0,0,0,0,0,1.588,0,0,3.019,2.705,0,0,0,0,0,0,0
LINC02604,0,0,0,0,0,0,0,0,0,0,0,0,0,0,0,0,-1.978,0,0,-3.019,0
ANKRD40,0,0,0,0,0,0,0,0,-1.678,0,0,0,-3.019,0,0,0,0,0,0,1.84,0
RABGEF1,0,0,0,0,0,0,0,0,0,0,0,0,0,0,0,-2.392,0,0,-3.018,2.109,0
YES1,0,0,0,0,0,2.129,3.018,0,0,0,0,0,0,0,0,2.247,2.477,0,1.322,2.833,0
LINC01237,0,0,0,0,0,0,0,0,0,0,0,-1.73,-2.352,-3.017,0,0,0,0,0,0,0
MMP3,0,0,0,0,0,0,3.017,0,0,0,0,2.581,1.542,0,0,0,0,0,0,0,0
EIF4EBP2,0,0,0,0,0,0,0,0,0,1.84,0,0,3.017,2.447,0,-3.007,0,0,-2.431,0,-1.447
MVP,0,0,0,0,0,0,0,0,0,1.405,0,0,0,3.017,0,0,0,0,0,0,0
RSAD1,0,0,0,0,0,0,0,0,0,0,0,0,0,-3.017,0,0,0,0,0,0,0
MYCBP2,0,0,0,0,0,-1.802,0,0,0,0,0,0,0,0,0,1.598,0,0,3.017,0,0
ENSEMBL:ENSG00000278576,0,0,0,0,0,0,0,0,0,0,0,0,0,0,0,0,1.796,0,0,3.016,-1.726
PAXIP1,0,0,0,0,0,0,0,0,0,0,0,0,0,0,0,0,0,0,0,-3.015,-2.345
HDAC6,0,0,0,0,0,0,0,0,0,0,0,0,0,0,0,-2.04,0,0,0,-3.015,0
MYO9B,0,-2.496,0,0,0,0,0,0,0,2.234,0,0,1.95,2.924,0,1.572,0,0,3.014,0,1.663
GSK3B,0,0,0,0,0,0,0,0,0,1.945,0,0,1.645,1.371,0,0,0,0,3.014,1.568,0
ACAA2,0,0,0,0,0,1.494,0,0,-2.301,0,0,0,-2.123,0,0,0,0,3.014,0,0,0
TCF7L2,0,0,0,0,0,0,0,0,0,0,0,0,0,0,0,0,0,0,0,-3.014,0
ASB15,0,0,0,0,0,0,0,0,0,0,0,0,0,0,0,0,0,0,0,0,-3.01
CCDC159,0,0,0,0,0,3.01,0,0,0,0,0,0,0,0,0,0,0,0,0,0,0
ANKHD1-EIF4EBP3,0,0,0,0,0,0,0,0,0,0,0,0,0,0,0,0,0,0,0,-3.01,0
EDC3,0,0,0,0,0,0,0,0,0,0,0,0,-1.714,0,0,-1.705,0,0,-3.01,0,0
ZNF343,0,0,0,0,0,0,0,0,0,0,0,0,0,0,0,0,2.05,0,0,3.008,0
ZNF703,0,0,0,0,0,0,0,-2.052,-3.007,0,0,-2.527,-2.169,0,0,0,0,0,0,-2.003,0
DCUN1D1,0,0,0,0,0,-2.26,0,0,0,0,0,0,0,0,0,0,0,0,0,-2.075,-3.007
IRF9,0,1.46,0,0,0,0,0,0,0,0,0,0,0,3.006,0,0,0,0,0,0,0
SLC15A2,0,0,0,0,0,0,0,0,0,0,0,0,1.904,0,0,0,0,0,0,-3.006,0
PCGF1,0,0,0,0,0,0,2.072,0,0,0,0,0,0,0,0,0,0,1.405,0,0,3.006
PALD1,0,0,0,0,0,0,0,0,0,0,0,0,0,0,0,0,-2.446,1.37,0,-3.006,0
ZNF117,0,0,0,0,0,-3.004,0,0,0,2.683,0,0,0,2.407,0,0,0,0,0,0,0
PPIB,0,0,0,0,0,3.004,0,0,0,0,0,0,0,0,0,0,0,0,0,1.507,0
KCTD11,0,0,0,0,0,0,0,0,0,0,0,0,0,0,0,0,0,0,0,-3.003,0
PGAM5,0,0,0,0,0,0,0,0,0,0,0,0,0,0,0,0,0,0,0,0,3.003
WDR48,0,0,0,0,0,0,0,0,0,0,0,0,0,0,0,0,0,0,0,0,-3.003
CDK5RAP3,0,0,0,0,0,1.31,0,0,0,0,0,0,0,0,0,0,0,0,0,-3.002,0
EIF2B1,0,0,0,0,0,0,0,0,0,0,0,-1.328,-2.778,-3.002,0,0,0,0,0,0,2.455
ELMOD2,0,0,0,0,0,0,0,0,0,1.336,0,0,0,1.871,0,0,0,0,0,-3.002,0
EIF3B,0,0,0,0,0,0,0,0,0,-2.221,0,0,-2.275,-3.001,0,0,0,0,0,1.366,0
KDM7A-DT,0,0,0,0,0,0,-2.519,0,0,0,0,0,0,0,0,0,0,3.001,0,0,2.192
AP3S2,0,0,0,0,0,0,0,0,0,0,0,0,0,1.547,0,0,0,0,0,-3,0
FBXO40,0,0,0,0,0,0,0,0,0,0,0,0,0,0,0,0,2.46,0,0,3,0
EPN2,0,1.401,0,0,0,0,0,0,0,0,0,0,1.692,1.505,0,-2.307,0,0,-2.999,0,0
FAM78B,0,0,0,0,0,0,0,0,0,0,0,0,0,0,0,0,0,0,0,-2.999,1.715
POLR3F,0,0,0,0,0,0,0,0,0,0,0,0,0,0,0,0,0,0,0,0,-2.999
GCHFR,0,0,0,0,0,1.546,2.999,0,0,0,0,0,0,0,0,0,0,0,0,0,0
KLHL29,0,0,0,0,0,0,0,0,0,0,0,0,0,0,0,0,0,0,0,2.998,1.931
C4orf33,0,0,0,0,0,0,0,0,0,0,0,0,0,0,0,0,0,0,0,-2.998,0
TNKS2,0,0,0,0,0,0,0,0,0,0,0,0,0,0,0,0,0,0,0,2.998,0
ABCA6,0,0,0,0,0,0,0,0,0,0,0,0,0,0,0,0,-2.053,0,0,0,-2.998
LCAT,0,0,0,0,0,0,0,0,0,0,0,0,0,0,0,0,1.641,0,0,2.997,2.826
BBS5,0,0,0,0,0,0,0,0,0,0,0,0,0,0,0,0,0,0,0,2.618,-2.996
ENSEMBL:ENSG00000231324,0,0,0,0,0,0,0,0,0,0,0,0,0,0,0,0,-2.112,0,0,-2.995,0
ASNSD1,0,0,0,0,0,0,0,0,0,2.145,0,0,0,2.986,0,0,0,0,0,0,-2.995
NUP50-DT,0,0,0,0,0,0,0,0,0,1.354,0,0,0,1.439,0,0,0,2.4,0,0,2.995
HSPA8P5,0,0,0,0,0,-1.681,-1.701,0,0,-2.995,0,0,-1.306,-1.841,0,0,0,0,0,0,0
KCNS3,0,0,0,0,0,0,0,0,0,0,0,0,0,0,0,0,0,0,0,-1.832,-2.994
ADAMTS8,0,0,0,0,0,0,0,0,0,0,0,0,0,0,0,0,2.779,0,0,2.993,2.304
ATP1A3,0,0,0,0,0,1.997,2.993,0,0,0,0,0,0,0,0,0,0,0,0,0,0
SLA2,0,0,0,0,0,0,0,0,0,0,0,2.993,2.069,0,0,0,0,0,0,0,0
EPSTI1,0,0,0,0,0,0,0,0,0,-1.414,0,0,0,-1.333,0,0,-2.992,0,0,-1.829,0
KCTD7,0,0,0,0,0,0,0,0,0,0,0,0,0,0,0,2.224,1.737,0,0,2.991,0
INF2,0,-1.347,0,0,0,0,-1.561,0,0,0,0,0,0,-2.99,0,0,-1.415,0,0,0,0
PLP2,0,0,0,0,0,0,0,0,0,0,0,0,2.267,2.99,0,0,0,-1.469,0,0,0
CIAO3,0,0,0,0,0,1.4,0,0,0,0,0,0,0,0,0,0,0,2.484,0,-1.565,2.99
LINC00298,0,0,0,0,0,2.755,2.99,2.035,0,0,0,2.922,0,0,0,0,0,0,0,0,0
UIMC1,0,0,0,0,0,0,0,0,0,1.514,0,0,2.653,2.989,0,0,0,0,1.665,0,0
LINC00957,0,0,0,0,0,0,0,0,0,0,0,0,0,0,0,0,0,-1.424,0,0,-2.988
PIK3R1,0,0,0,0,0,0,0,0,0,0,0,0,0,0,0,0,0,-1.333,0,-2.988,0
CAPS,0,0,0,0,0,1.857,0,0,0,0,0,0,-1.406,0,0,0,0,0,0,-2.988,0
GDE1,0,-1.479,0,0,0,0,0,0,0,2.012,0,0,2.211,2.987,0,0,0,0,0,0,0
MON1B,0,0,0,0,0,0,0,0,0,0,0,0,0,2.987,0,0,0,0,0,0,0
SDCBP2-AS1,0,0,0,0,0,0,0,0,0,0,0,0,0,0,0,0,0,0,0,0,2.986
ASB10,0,0,0,0,0,0,0,0,0,0,0,0,0,0,0,0,0,0,0,-2.303,-2.986
ITM2C,0,0,0,0,0,0,0,0,0,-2.132,0,0,0,-2.984,0,0,0,0,0,0,0
SHOC2,0,0,0,0,0,0,0,0,0,2.806,0,0,0,2.984,0,0,0,0,0,0,0
WDR75,0,0,0,0,0,0,0,0,0,0,0,0,0,0,0,0,0,0,0,2.984,-1.407
LILRA1,0,0,0,0,0,0,0,0,0,1.913,0,0,0,2.983,0,0,0,0,0,0,0
SH2D1A,0,0,0,0,0,1.361,2.141,0,0,0,0,2.983,0,0,0,0,0,0,0,0,0
CYBB,0,0,0,0,0,-2.257,-1.594,-2.709,-1.438,0,0,-2.983,0,0,0,0,0,0,0,0,0
ANAPC2,0,0,0,0,0,2.983,0,0,0,0,0,0,0,0,0,0,0,0,0,-2.565,0
RNF182,0,0,0,0,0,-2.983,-2.083,0,0,0,0,0,0,0,0,0,0,0,0,0,0
RBM38,0,0,0,0,0,-2.981,-2.929,0,1.306,0,0,0,0,-1.542,0,0,0,0,0,0,0
KLK8,0,0,0,0,0,0,0,0,0,0,0,-1.464,-2.614,-2.978,0,0,0,0,0,0,0
OXT,0,0,0,0,0,0,0,0,0,0,0,0,0,-2.978,0,0,0,0,0,0,0
STX18-AS1,0,0,0,0,0,0,0,0,0,0,0,0,-1.598,0,0,0,0,0,0,-2.978,0
CSAD,0,0,0,0,0,0,0,0,0,2.216,0,0,0,2.978,0,0,0,0,0,-2.252,0
PNMA3,0,0,0,0,0,0,0,0,0,0,0,0,0,-2.978,0,0,0,0,0,0,0
UBFD1,0,0,0,0,0,0,0,0,0,-1.888,0,0,0,-1.31,0,0,0,0,0,0,-2.977
NAIP,0,0,0,0,0,0,0,0,0,0,0,0,0,2.977,0,0,-1.733,0,0,-2.946,0
TSPAN5-DT,0,0,0,0,0,0,0,0,0,0,0,0,0,0,0,0,0,0,0,2.145,2.977
MRPS7,0,0,0,0,0,0,0,0,0,0,0,0,0,-1.417,0,0,0,2.976,0,0,0
MTARC2,0,0,0,0,0,0,0,0,0,0,0,0,0,0,0,0,0,2.976,0,0,0
NDUFAF5,0,0,0,0,0,0,0,0,0,0,0,0,0,0,0,0,0,2.976,0,0,1.841
CDK5RAP1,0,0,0,0,0,0,0,0,0,0,0,0,0,-2.975,0,0,0,0,0,0,0
LRRC30,0,0,0,0,0,0,0,0,0,0,0,0,0,0,0,0,0,0,0,-2.975,-2.333
TGM1,0,0,0,0,0,0,0,0,0,0,0,0,0,0,0,0,0,0,0,-2.975,0
KATNIP,0,0,0,0,0,0,0,0,0,0,0,0,1.417,2.975,0,0,0,0,0,0,2.073
ENSEMBL:ENSG00000279633,0,0,0,0,0,0,0,0,0,0,0,0,0,0,0,0,0,0,0,-2.974,0
EMB,0,0,0,0,0,0,0,0,0,1.576,0,0,0,2.974,0,0,0,0,0,0,0
CTSF,0,1.747,0,0,0,0,0,0,0,-1.545,0,0,-2.654,-2.959,0,0,0,0,0,0,-2.974
TPRG1L,0,0,0,0,0,0,0,0,0,1.606,0,0,0,2.974,0,0,0,0,0,0,-1.54
ANKLE2,0,0,0,0,0,0,0,0,0,0,0,0,0,0,0,0,0,0,0,0,-2.973
ENSEMBL:ENSG00000288597,0,0,0,0,0,0,0,0,0,0,0,0,0,0,0,0,0,0,0,-2.961,2.973
DCTPP1,0,0,0,0,0,0,0,0,0,0,0,0,0,0,0,0,0,2.973,0,0,0
GATM,0,0,0,0,0,0,0,0,0,0,0,0,0,0,0,0,0,0,0,0,-2.973
SPOPL,0,0,0,0,0,0,0,0,1.611,2.972,0,0,2.312,1.979,0,0,0,0,0,-2.263,0
PHKG2,0,0,0,0,0,2.118,2.116,0,0,0,0,0,0,0,0,0,0,1.992,0,-2.972,1.655
PLIN1,0,0,0,0,0,0,0,0,0,0,0,0,2.146,0,0,2.971,0,0,0,0,0
CDC42EP4,0,1.976,0,0,0,0,0,0,0,1.667,0,0,2.97,1.527,0,-1.799,0,0,-2.657,0,0
SREK1,0,0,0,0,0,0,0,0,0,0,0,0,0,0,0,-2.392,0,0,0,2.969,0
DOCK11,0,0,0,0,0,-1.321,0,0,0,2.089,0,0,0,2.969,0,0,0,0,0,0,0
HSPB6,0,0,0,0,0,0,0,0,0,1.661,0,0,0,0,0,-2.31,0,0,2.969,0,0
P2RY10,0,0,0,0,0,-2.967,0,0,0,0,0,0,1.718,0,0,0,0,0,0,0,0
TMIE,0,0,0,0,0,0,-1.734,0,0,0,0,0,0,0,0,0,2.967,0,0,0,0
LTBR,0,-1.314,0,0,0,0,0,0,0,0,0,0,0,2.967,0,0,0,0,0,1.937,0
CCRL2,0,0,0,0,0,0,0,0,0,0,0,0,0,0,0,2.901,0,0,1.63,2.967,0
LMOD3,0,0,0,0,0,0,0,0,0,0,0,0,0,0,0,0,0,0,0,0,-2.967
RPL35A,0,0,0,0,0,0,0,0,0,-2.051,0,0,0,-2.966,0,0,0,0,0,1.333,0
GNPTG,0,0,0,0,0,0,0,0,0,0,0,0,0,0,0,0,0,0,0,-2.255,-2.965
TMPO,0,-1.595,0,0,0,-2.963,0,0,0,0,0,-1.556,0,0,0,0,0,0,0,0,-1.479
SENP5,0,0,0,0,0,0,0,0,0,0,0,0,0,0,0,0,-1.916,0,2.963,0,0
SAMD9L,0,0,0,0,0,-1.58,0,0,0,0,0,0,0,0,0,0,-2.962,0,0,-2.45,-1.405
CST3,0,0,0,0,0,0,0,0,0,0,0,0,0,0,0,0,0,0,0,0,-2.962
EIF1B-AS1,0,0,0,0,0,0,0,0,0,0,0,0,0,0,0,0,0,0,0,-2.962,0
RPL6,0,0,0,0,0,0,0,0,0,-2.209,0,0,0,-2.962,0,0,0,0,0,0,0
LY6E,0,0,0,0,0,1.637,0,0,0,-2.455,0,0,0,-2.917,0,0,-2.961,0,0,0,0
FOXK2,0,0,0,0,0,0,0,0,0,0,0,0,0,0,0,0,0,0,0,2.96,0
ENSEMBL:ENSG00000228366,0,0,0,0,0,0,0,0,0,0,0,0,0,0,0,0,-1.857,0,0,-2.96,0
IFFO2,0,0,0,0,0,0,0,0,0,0,0,2.843,0,0,0,1.402,0,0,2.96,0,0
DBI,0,0,0,0,0,2.96,2.396,0,0,0,0,0,0,0,0,0,0,0,0,0,0
APBB1,0,0,0,0,0,0,0,0,0,-1.585,0,0,0,-2.959,0,0,0,0,0,0,2.112
ARPP21,0,0,0,0,0,0,0,0,0,0,0,0,0,0,0,0,0,0,-2.959,0,0
ATP6V0A1,0,0,0,0,0,0,0,0,0,0,0,0,1.907,0,0,0,0,0,0,0,-2.959
OGDH,0,0,0,0,0,0,0,0,0,0,0,0,2.563,0,0,0,0,2.958,0,0,0
TWNK,0,0,0,0,0,0,0,0,0,0,0,0,-1.569,0,0,0,0,0,0,2.958,0
USP1,0,0,0,0,0,0,0,0,0,1.442,0,0,0,2.658,0,0,0,-1.474,0,0,-2.958
IFRD2,0,0,0,0,0,0,0,0,0,0,0,0,0,0,0,0,0,0,0,2.957,0
IFFO1,0,0,0,0,0,1.478,0,0,0,0,0,0,0,0,0,0,0,0,0,-2.955,1.383
CHIC2,0,0,0,0,0,0,1.364,0,0,1.887,0,0,2.593,2.743,0,2.953,0,0,2.482,0,0
ARHGAP10,0,0,0,0,0,0,2.144,0,0,0,0,0,0,0,0,1.984,0,0,2.952,0,0
IKZF3,0,0,0,0,0,0,0,0,0,-1.423,0,0,0,-2.952,0,0,0,0,0,0,0
RPL14,0,0,0,0,0,0,0,0,0,-1.823,0,0,0,-2.952,0,0,0,0,0,0,0
ARHGAP29,1.607,0,0,2.049,0,0,0,0,0,0,0,0,0,0,0,0,0,0,2.951,0,0
NOL3,0,1.645,0,0,0,0,0,0,0,0,0,0,0,0,0,-1.811,0,0,2.495,-2.95,0
CDC5L,0,0,0,0,0,0,0,0,0,0,0,0,0,2.949,0,0,0,0,0,0,0
OGFRL1,0,0,0,0,0,0,0,0,1.789,2.949,0,0,2.792,2.147,0,0,0,0,0,0,0
UNK,0,0,0,0,0,0,0,0,0,0,0,0,0,0,0,-2.079,2.949,0,0,0,0
CD2,0,0,0,0,0,0,0,0,0,-1.659,0,0,0,-2.947,0,0,0,0,0,0,0
GTPBP6,0,0,0,0,0,0,0,0,0,-1.954,0,0,-1.948,-2.947,0,0,0,0,0,0,0
LYRM9,0,0,0,0,0,0,0,0,0,0,0,0,0,0,0,0,0,0,0,-2.947,0
MBD4,0,0,0,0,0,0,0,0,0,1.471,0,0,0,2.946,0,0,0,0,0,-1.452,0
FANCM,0,0,0,0,0,0,0,0,0,0,0,0,0,0,0,1.441,0,0,2.807,-2.945,0
SMIM10L2A,0,0,0,0,0,0,0,0,0,0,0,0,0,0,0,0,-2.944,0,0,0,0
SLC39A13,0,0,0,0,0,0,0,0,0,0,0,0,0,0,0,0,0,0,0,0,2.943
IMP3,0,0,0,0,0,1.727,0,0,0,0,0,0,-1.782,0,0,-2.943,0,1.412,-2.687,-1.989,1.39
ZNF776,0,0,0,0,0,-1.425,-1.377,0,0,1.686,0,0,0,2.943,0,0,0,0,0,0,0
ENSEMBL:ENSG00000238005,0,0,0,0,0,0,0,0,0,1.896,0,0,0,2.943,0,0,0,0,0,0,0
CD3E,0,0,0,0,0,0,0,0,0,-1.844,0,0,0,-2.942,0,0,0,0,0,0,0
PRELID1,0,0,0,0,0,0,0,0,0,0,0,0,0,0,0,0,0,0,0,2.942,0
CDK19,0,0,0,0,0,0,0,0,0,2.941,0,0,0,2.937,0,0,0,0,0,-1.926,0
SLC4A7,0,0,0,0,0,0,0,0,0,0,0,0,0,0,0,-1.867,0,0,-2.941,2.616,0
SPAST,0,0,0,0,0,0,0,0,0,1.914,0,0,0,1.681,0,0,0,0,-2.941,0,0
ENSEMBL:ENSG00000266918,0,0,0,0,0,0,0,0,0,0,0,0,0,0,0,0,0,0,0,-2.94,0
LINC01871,0,0,0,0,0,0,0,0,0,-1.723,0,0,0,-2.94,0,0,0,0,0,0,0
ADGRL1,0,0,0,0,0,0,0,0,0,-2.174,0,0,0,-2.94,0,0,0,0,0,0,0
SERPINF2,0,0,0,0,0,0,0,0,0,0,0,0,0,0,0,0,2.939,0,0,0,0
RPS18,0,0,0,0,0,0,0,0,0,-2.37,0,0,0,-2.939,0,0,0,0,0,0,0
STX10,0,0,0,0,0,0,0,0,0,0,0,0,1.527,2.939,0,0,0,0,0,-2.236,0
ENSEMBL:ENSG00000235288,0,0,0,0,0,0,0,0,0,0,0,0,0,0,0,0,0,2.939,0,1.428,2.88
PHF20L1,0,0,0,0,0,-1.715,0,0,0,2.386,0,0,0,2.938,0,0,0,0,0,0,0
PWWP2A,0,0,0,0,0,0,0,0,0,0,0,0,0,0,0,0,0,0,0,-2.938,0
RHNO1,0,0,0,0,0,0,0,0,0,0,0,0,0,0,0,0,-2.133,0,0,-2.938,0
ZFAND6,0,0,0,0,0,0,0,0,0,2.109,0,0,0,2.937,0,0,0,0,0,0,0
UPB1,0,0,0,0,0,0,0,0,0,0,0,0,0,0,0,0,-2.937,0,0,-2.753,0
KDM3A,0,0,0,0,0,0,0,0,0,2.051,0,0,1.44,2.936,0,0,0,0,0,-2.617,-1.907
CIAPIN1,0,0,0,0,0,0,0,0,0,0,0,0,0,0,0,-2.069,0,1.34,-2.936,-2.417,2.053
NPHP4,0,0,0,0,0,0,0,0,0,0,0,0,0,0,0,0,0,0,0,2.936,0
RAB11A,0,0,0,0,0,0,0,0,0,0,0,0,2.936,1.698,0,0,0,0,0,2.166,1.671
RBMXL1,0,0,0,0,0,0,0,0,0,2.935,0,0,0,2.075,0,0,2.133,0,0,2.423,0
PACS1,0,0,0,0,0,0,0,0,0,1.702,0,0,2.935,2.888,0,1.852,0,0,-2.461,0,1.765
RABIF,0,0,0,0,0,0,0,0,0,1.755,0,0,0,2.935,0,0,0,0,0,0,0
RNF41,0,0,0,0,0,0,0,0,0,0,0,0,2.596,1.31,0,0,0,0,0,0,-2.934
TUBA1C,0,0,0,0,0,0,0,0,0,0,0,0,1.377,0,0,0,0,0,0,2.934,1.41
ALG10B,0,0,0,0,0,0,0,0,0,0,0,0,0,0,0,0,0,0,0,-2.933,0
IHO1,0,0,0,0,0,0,0,0,0,0,0,0,0,0,0,0,0,0,0,0,2.933
GABARAPL2,0,0,0,0,0,0,0,0,0,0,0,0,1.348,0,0,0,0,0,-2.932,0,0
BAZ1A,0,0,0,0,0,-2.156,-2.18,0,0,0,0,0,0,1.892,0,0,0,0,0,2.932,0
CRYL1,0,0,0,0,0,0,0,0,0,0,0,0,0,0,0,0,-2.918,0,0,-2.932,0
CD44,0,0,0,0,0,-2.307,0,0,0,0,0,0,2.351,0,0,0,0,0,1.452,2.931,0
ENSEMBL:ENSG00000287131,0,0,0,0,0,0,0,0,0,1.904,0,0,2.168,2.93,0,0,0,0,0,0,0
FKBP9,0,0,0,0,0,0,0,0,0,1.833,0,0,0,2.463,0,0,-2.24,0,0,-2.93,0
IL1R2,0,0,0,0,0,0,0,0,2.051,1.489,0,0,2.93,2.596,0,0,0,0,0,0,0
STAG3L3,0,0,0,0,0,0,0,0,0,0,0,0,0,0,0,-2.929,-1.333,0,-1.839,-2.003,0
CCDC152,0,0,0,0,0,0,0,0,0,0,0,0,0,0,0,0,-2.11,-1.498,0,-2.929,-2.598
ENSEMBL:ENSG00000261512,0,0,0,0,0,0,0,0,0,0,0,0,0,1.974,0,0,0,0,0,-2.929,0
ENSEMBL:ENSG00000269825,0,0,0,0,0,0,0,0,0,0,0,0,0,0,0,2.928,0,0,0,1.921,0
SDCCAG8,0,0,0,0,0,0,0,0,0,0,0,0,0,0,0,0,0,0,0,0,-2.927
SDK2,0,0,0,0,0,-1.976,-2.311,-1.698,0,0,0,-2.927,-1.675,-1.418,0,0,0,0,0,0,0
SP3,0,0,0,0,0,0,0,0,0,2.588,0,0,1.342,2.927,0,0,-1.751,-1.585,0,0,0
FGF9,0,0,0,0,0,0,0,0,0,0,0,0,0,0,0,0,0,0,0,2.926,0
ZNF614,0,0,0,0,0,0,0,0,0,0,0,0,0,0,0,0,0,0,0,2.926,0
ARHGEF9,0,0,0,0,0,1.719,1.998,0,0,0,0,0,0,0,0,0,0,0,0,-2.926,0
ACADVL,0,0,0,0,0,2.755,2.926,0,0,0,0,0,0,0,0,0,0,2.376,0,0,0
HDGFL2,0,0,0,0,0,0,0,0,0,0,0,0,0,0,0,2.325,0,0,2.926,0,0
PPP6C,0,0,0,0,0,0,0,0,0,1.6,0,0,1.322,2.925,0,0,0,0,0,2.132,0
F2RL1,0,0,0,0,0,0,0,0,0,1.307,0,0,0,2.925,0,0,0,0,0,0,0
SELENOK,0,0,0,0,0,0,0,0,1.317,0,0,0,1.712,0,0,0,0,0,0,2.925,0
SNX33,0,0,0,0,0,0,2.925,0,0,0,0,0,0,0,0,0,0,0,0,0,0
RPL12P16,0,0,0,0,0,0,-2.925,0,0,0,0,0,0,0,0,0,0,0,0,0,0
PRKCQ,0,0,0,0,0,2.238,2.925,0,0,-1.779,0,0,0,0,0,0,0,0,0,-1.941,-1.695
DANCR,0,0,0,0,0,0,0,0,0,0,0,0,0,0,0,0,1.63,2.13,0,2.924,0
ENSEMBL:ENSG00000288836,0,0,0,0,0,0,0,0,0,1.826,0,0,0,2.924,0,0,0,0,0,0,0
ULK3,0,0,0,0,0,2.638,2.924,0,0,0,0,0,0,0,0,0,0,2.043,0,0,0
ENSEMBL:ENSG00000279453,0,0,0,0,0,0,0,0,0,0,0,0,0,0,0,0,0,0,0,-2.924,0
SCARB2,0,0,0,0,0,0,0,0,0,-1.448,0,0,0,0,0,0,-1.307,-2.924,0,-1.349,0
THAP2,0,0,0,0,0,0,0,0,0,0,0,0,0,0,0,0,0,0,0,-2.901,2.923
ZNF160,0,0,0,0,0,0,0,0,0,0,0,0,0,0,0,2.842,0,0,0,-2.923,0
TMEM91,0,0,0,0,0,0,0,0,0,1.837,0,0,1.837,2.921,0,0,0,0,0,0,0
EXOC4,0,0,0,0,0,0,0,0,0,0,0,0,0,0,0,2.577,0,0,2.921,0,-2.322
RBBP8,0,0,0,0,0,0,0,0,0,0,0,0,0,0,0,0,0,0,0,2.921,0
KXD1,0,0,0,0,0,0,0,0,0,0,0,0,0,1.888,0,0,0,0,0,0,2.92
RNF8,0,0,0,0,0,0,0,0,0,-1.867,0,0,0,-2.92,0,0,0,0,0,0,0
PGAM1,0,0,0,0,0,0,0,0,0,1.605,0,0,2.243,2.92,0,0,0,0,0,0,0
AGBL1,0,0,0,0,0,0,0,0,0,0,0,0,0,0,0,0,0,1.866,0,0,2.92
HDLBP,0,0,0,0,0,0,0,0,0,0,0,0,2.106,0,0,0,0,0,2.091,2.919,0
HEIH,0,0,0,0,0,2.918,0,0,0,0,0,0,0,0,0,0,0,0,-2.104,0,0
PAM,0,0,0,0,0,1.62,2.192,0,0,0,0,1.814,2.917,2.273,0,0,0,0,0,1.671,0
IMMT,0,0,0,0,0,0,0,0,0,0,0,0,0,0,0,-1.929,0,2.916,-1.925,0,0
POLR3G,0,0,0,0,0,-2.915,0,0,0,0,0,0,0,0,0,0,0,0,0,0,0
ENSEMBL:ENSG00000215493,0,0,0,0,0,0,0,0,0,0,0,0,0,0,0,2.213,0,0,2.914,0,0
CCDC184,0,0,0,0,0,0,0,0,0,0,0,0,0,0,0,1.626,0,0,2.914,0,0
TRAK2,0,0,0,0,0,-2.913,-2.152,0,0,0,0,0,0,-1.992,0,0,0,0,0,1.691,0
AGAP3,0,0,0,0,0,0,0,0,0,-1.656,0,0,0,-2.913,0,0,0,0,0,0,0
HLA-B,0,0,0,0,0,0,0,0,0,1.381,0,0,2.239,2.912,0,0,0,0,0,0,0
GPR135,0,0,0,0,0,0,0,0,0,0,0,0,0,0,0,0,0,0,0,0,2.912
RIN1,0,0,0,0,0,0,0,0,0,0,0,0,0,0,0,2.911,0,0,2.088,0,0
ZNF266,0,0,0,0,0,1.845,2.91,0,0,0,0,0,0,0,0,-2.667,-2.125,0,0,-1.53,0
LINC01882,0,0,0,0,0,2.361,2.91,0,0,0,0,0,0,0,0,0,0,0,0,0,0
NLRP3,0,0,0,0,0,0,-2.91,-1.734,0,0,0,-2.448,0,0,0,0,-1.415,0,0,-1.49,0
SPIDR,0,0,0,0,0,0,2.245,0,1.494,0,0,0,2.91,0,0,0,0,0,0,0,0
TAFA5,0,0,0,0,0,0,0,0,0,0,0,-2.909,-1.748,0,0,0,0,0,0,0,0
HMBOX1,0,0,0,0,0,0,0,0,0,0,0,0,0,0,0,0,0,-1.925,0,-1.812,-2.909
WBP1,0,0,0,0,0,1.915,0,0,0,0,0,0,0,0,0,-2.909,0,0,-1.38,-2.747,0
DEF6,0,0,0,0,0,2.909,1.519,0,0,0,0,0,0,0,0,0,0,0,0,0,0
PRR13P5,0,0,0,0,0,0,0,0,1.35,1.317,0,0,2.635,2.908,0,0,0,0,0,0,0
TRBC1,0,0,0,0,0,0,0,0,0,-1.736,0,0,0,-2.908,0,0,0,0,0,0,0
GTPBP3,0,0,0,0,0,0,0,-1.385,-1.569,0,0,0,-1.378,0,0,0,0,0,0,-2.908,0
ENSEMBL:ENSG00000271810,0,0,0,0,0,0,0,0,0,0,0,0,0,0,0,-1.573,1.5,0,-2.908,1.437,0
INO80D,0,0,0,0,0,0,0,0,0,0,0,0,0,0,0,0,0,0,2.908,0,0
SMG1P7,0,0,0,0,0,0,0,0,0,-1.528,0,0,0,0,0,0,0,0,0,-2.907,0
NBPF14,0,0,0,0,0,-2.907,0,0,0,0,0,0,0,0,0,0,0,0,0,0,0
PKP4,0,-2.907,0,0,0,0,0,0,0,1.524,0,0,2.515,1.918,0,0,0,0,0,0,0
NKTR,0,0,0,0,0,-2.906,-2.83,0,0,0,0,0,0,0,0,0,0,0,0,0,0
RPL10P16,0,0,0,0,0,0,0,0,0,0,0,0,0,-2.906,0,0,0,0,0,0,0
CD69,0,0,0,0,0,0,2.446,1.848,0,0,0,2.905,0,-2.782,0,0,0,0,0,0,0
TTC30A,0,0,0,0,0,0,0,0,0,0,0,0,0,1.473,0,0,0,0,0,-2.905,0
RN7SL2,0,0,0,0,0,0,0,0,0,0,0,0,0,0,0,-2.904,0,0,0,0,0
GGTA1,0,0,0,0,0,0,0,0,1.345,0,0,0,2.81,0,0,0,-2.904,0,0,-2.049,0
TMEM252,0,0,0,0,0,0,0,0,0,0,0,0,2.902,0,0,0,0,0,0,0,0
ATXN7,0,0,0,0,0,-2.354,0,0,0,1.631,0,0,0,1.372,0,0,0,0,0,2.902,-2.371
CD320,0,0,0,0,0,2.902,0,0,0,0,0,0,0,-1.552,0,0,0,0,0,0,2.469
RTCB,0,0,0,0,0,0,0,0,0,-1.891,0,0,0,-1.376,0,0,0,0,0,0,2.901
DNAJC30,0,0,0,0,0,0,-1.602,-2.033,-2.398,0,0,-2.863,-2.901,-1.584,0,0,0,0,0,0,0
RFC1,0,0,0,0,0,0,0,0,0,0,0,0,0,0,0,0,0,0,0,-2.901,0
SCAP,0,0,0,0,0,0,0,0,0,1.912,0,0,2.129,2.676,0,0,0,0,0,-2.901,0
C12orf76,0,0,0,0,0,0,0,0,0,0,0,0,0,0,0,0,0,0,0,-2.901,0
LINC02767,0,0,0,0,0,0,0,0,0,0,0,0,0,0,0,-2.901,0,0,-2.19,-1.631,0
LSM7,0,0,0,0,0,0,0,0,0,0,0,0,0,-2.9,0,0,0,0,0,0,1.386
STK10,0,0,0,0,0,0,0,0,0,0,0,0,1.352,2.9,0,0,0,0,0,0,0
ZNF775,0,0,0,0,0,0,0,0,0,0,0,0,0,0,0,0,0,0,0,-2.9,0
ZBTB22,0,0,0,0,0,0,0,0,0,0,0,0,0,0,0,0,0,0,0,-2.9,0
KIF5C,0,0,0,0,0,0,0,0,0,0,0,0,0,0,0,0,1.35,0,0,2.9,0
NSUN7,0,0,0,0,0,0,0,0,0,1.639,0,0,0,2.897,0,0,0,0,0,0,0
DSTN,0,0,0,0,0,2.897,2.414,0,0,0,0,2.445,0,0,0,0,0,0,0,0,0
LRRC59,0,0,0,0,0,0,0,0,0,0,0,0,0,0,0,0,0,0,0,2.897,1.794
PHC3,0,0,0,0,0,-2.897,-1.86,0,0,0,0,0,0,0,0,0,0,-1.653,-1.433,0,0
SLC17A5,0,0,0,0,0,0,0,0,0,0,0,0,0,0,0,0,0,0,0,2.896,0
RFXANK,0,0,0,0,0,0,0,0,0,0,0,0,0,0,0,0,-1.376,0,0,-2.896,1.553
XRN2,0,0,0,0,0,0,0,0,0,0,0,0,0,0,0,0,0,0,-2.033,2.895,0
ORC5,0,0,0,0,0,0,0,0,0,0,0,0,-1.835,0,0,0,0,0,0,-2.895,0
WASH5P,0,0,0,0,0,0,0,0,0,0,0,0,0,0,0,0,0,0,0,-2.895,0
SSTR2,0,0,0,0,0,0,0,0,0,0,0,0,0,0,0,2.894,0,0,0,0,0
VANGL1,0,0,0,0,0,0,2.894,0,0,0,0,0,0,0,0,0,0,0,0,0,0
HOXA10,0,0,0,0,0,0,0,0,0,0,0,0,0,0,0,0,0,0,-1.34,-2.892,0
ATP13A2,0,0,0,0,0,1.567,2.892,0,0,0,0,0,0,0,0,0,0,0,0,0,0
B3GALT6,0,0,0,0,0,1.367,0,0,0,0,0,0,0,0,0,0,0,0,0,1.498,2.89
RPL27A,0,0,0,0,0,0,0,0,0,-2.245,0,0,0,-2.89,0,0,0,0,0,0,0
SPIRE2,0,0,0,0,0,2.889,2.543,0,0,0,0,0,0,0,0,0,0,0,0,0,0
PPIG,0,0,0,0,0,0,0,0,0,0,0,0,0,0,0,0,0,0,-1.418,0,-2.889
IFT46,0,0,0,0,0,0,0,0,0,0,0,0,0,0,0,0,0,0,0,-2.889,0
ENSEMBL:ENSG00000233987,0,0,0,0,0,0,0,0,0,0,0,0,0,0,0,0,2.889,0,0,1.395,0
CHCHD6,0,0,0,0,0,0,0,0,0,0,0,0,0,0,0,0,0,2.01,0,0,2.888
ISOC1,0,0,0,0,0,0,0,0,0,0,0,0,0,0,0,0,0,0,-1.702,0,2.887
NUDT4P2,0,0,0,0,0,0,0,0,0,0,0,0,0,0,0,0,0,0,0,2.887,0
TTC4,0,0,0,0,0,0,0,0,-2.885,-1.595,0,0,-2.397,0,0,0,0,0,0,0,0
ENSEMBL:ENSG00000282034,0,0,0,0,0,0,2.885,0,0,0,0,0,0,0,0,0,0,0,0,-2.387,0
CLSTN2,0,0,0,0,0,0,0,0,0,0,0,0,-2.884,0,0,0,0,0,0,0,0
ENSEMBL:ENSG00000254343,0,0,0,0,0,0,0,0,0,0,0,0,0,0,0,0,0,-2.504,0,0,-2.883
CRBN,0,0,0,0,0,0,0,0,0,0,0,0,0,0,0,0,0,0,0,0,-2.883
SECTM1,0,0,0,0,0,0,0,0,0,0,0,0,0,2.882,0,0,0,0,0,0,0
NF2,0,0,0,0,0,0,0,0,0,-2.881,0,0,0,-2.563,0,0,0,0,0,0,0
ADAM20P1,0,0,0,0,0,0,0,0,0,0,0,0,0,0,0,0,0,0,0,-2.881,0
LSM11,0,0,0,0,0,0,0,0,0,0,0,0,0,0,0,0,0,0,0,-2.881,0
CNPY2,0,0,0,0,0,0,0,0,0,-1.587,0,0,0,-2.881,0,0,0,0,0,0,0
GPR183,0,0,0,0,0,-2.881,0,0,0,0,0,0,0,-1.533,0,0,0,0,0,0,0
GLG1,0,0,0,0,0,0,0,0,0,0,0,0,0,0,0,0,0,-2.881,0,0,0
PANK4,0,0,0,0,0,1.337,0,0,1.35,0,0,0,2.881,0,0,0,0,0,-2.398,0,0
KANSL3,0,0,0,0,0,0,2.88,0,0,0,0,0,0,0,0,0,0,0,0,0,1.705
GATC,0,0,0,0,0,0,0,0,0,0,0,0,0,0,0,0,0,0,0,2.88,0
RAB33B,0,0,0,0,0,0,0,0,0,1.887,0,0,0,2.88,0,1.688,0,0,0,2.766,0
ENSEMBL:ENSG00000286190,0,0,0,0,0,0,0,0,0,0,0,0,0,0,0,0,-2.88,0,0,0,0
SGSM1,0,0,0,0,0,1.374,1.66,0,0,0,0,0,0,0,0,0,0,0,0,0,-2.88
TRMT112,0,2.88,0,0,0,1.328,0,0,0,0,0,0,0,0,0,0,0,-1.402,0,0,0
LLGL1,0,0,0,0,0,0,0,0,-2.879,0,0,0,0,0,0,0,0,0,0,0,0
SSR4P1,0,0,0,0,0,0,0,0,0,0,0,0,0,0,0,0,0,0,0,0,2.878
ENSEMBL:ENSG00000279168,0,0,0,0,0,0,0,0,0,0,0,0,0,0,0,0,0,0,0,-2.878,0
USP47,0,0,0,0,0,0,0,0,0,0,0,0,0,0,0,0,0,0,1.953,2.878,2.703
BCL7A,0,0,0,0,0,-1.691,0,-1.869,0,0,0,-2.141,0,0,0,0,0,-1.319,1.359,-1.75,-2.877
CDC42SE2,0,0,0,0,0,0,0,0,0,0,0,0,1.637,0,0,0,0,0,0,-2.877,0
UBXN7,0,0,0,0,0,0,0,0,0,1.503,0,0,0,0,0,2.244,0,0,0,-2.876,-2.069
ENSEMBL:ENSG00000282393,0,0,0,0,0,0,0,0,0,0,0,0,0,0,0,0,0,0,0,2.876,0
BZW2,0,0,0,0,0,0,0,0,0,0,0,0,0,0,0,0,0,0,0,2.876,1.785
ENSEMBL:ENSG00000272789,0,0,0,0,0,0,0,0,0,0,0,0,0,0,0,0,2.875,0,0,0,1.437
MTOR,0,0,0,0,0,-2.875,-1.346,-1.516,0,0,0,-1.773,0,0,0,0,0,1.411,1.601,0,2.006
EVA1C,0,0,0,0,0,2.875,1.8,0,0,0,0,0,0,0,0,0,0,0,0,0,0
MAML2,0,0,0,0,0,-2.682,-2.874,0,0,0,0,0,0,0,0,0,0,0,0,0,0
KIAA1109,0,0,0,0,0,-1.808,0,0,0,0,0,0,0,0,0,1.302,0,0,0,0,-2.873
ENSEMBL:ENSG00000288162,0,0,0,0,0,0,0,0,0,0,0,0,0,0,0,0,0,0,0,-2.872,0
PFN1P2,0,0,0,0,0,0,0,0,0,0,0,0,0,0,0,0,0,0,0,-2.871,0
ANGPTL4,0,0,0,0,0,0,0,0,0,0,0,0,0,0,0,-1.913,2.871,0,0,1.94,0
ATP5PF,0,0,0,0,0,0,0,0,0,0,0,0,0,0,0,0,0,2.87,0,0,2.266
CHPF2,0,0,0,0,0,0,0,0,0,0,0,0,0,2.87,0,0,0,0,0,1.401,0
KRT31,0,0,0,0,0,0,0,0,0,0,0,0,0,0,0,0,0,0,0,0,2.87
ENSEMBL:ENSG00000274828,0,0,0,0,0,0,0,0,0,0,0,0,0,0,0,0,2.869,0,0,0,0
RFLNB,0,0,0,0,0,0,0,0,0,2.003,0,0,1.692,1.818,0,2.868,0,0,1.508,0,0
VPS9D1,0,0,0,0,0,0,0,0,0,0,0,0,0,1.343,0,2.868,0,1.88,1.409,-2.568,0
THAP7,0,0,0,0,0,0,0,0,0,-1.344,0,0,-1.485,-2.867,0,-1.579,0,0,0,0,0
P3H4,0,0,0,0,0,2.866,1.88,0,0,0,0,0,0,0,0,0,0,0,0,-2.182,-1.644
C14orf119,0,0,0,0,0,0,1.962,0,0,0,0,0,0,0,0,0,2.717,0,0,1.504,2.866
RELA,0,0,0,0,0,0,0,0,0,0,0,0,2.303,2.866,0,0,0,0,0,0,0
WDR27,0,0,0,0,0,-2.308,-2.866,0,0,0,0,0,-1.837,-1.448,0,0,0,0,0,0,0
FGD5-AS1,0,0,0,0,0,0,-2.008,0,0,1.578,0,0,0,2.865,0,0,0,0,0,0,0
FILIP1L,1.729,1.431,0,2.865,0,0,0,0,0,0,0,0,0,0,0,-1.566,0,0,2.208,0,0
ECH1,0,0,0,0,0,2.865,0,0,0,0,0,0,0,0,0,0,0,1.603,0,0,0
GCC1,0,0,0,0,0,1.494,0,1.343,1.524,1.723,0,0,0,2.864,0,0,0,0,0,-2.828,0
C11orf54,0,0,0,0,0,0,0,0,0,1.526,0,0,1.373,2.864,0,0,0,0,0,0,-1.749
RNF123,0,0,0,0,0,-1.591,0,0,0,0,0,0,0,0,0,0,0,0,-2.863,0,0
CIT,0,0,0,0,0,0,0,0,0,0,0,0,0,0,0,0,2.862,0,0,0,0
ENSEMBL:ENSG00000285628,0,0,0,0,0,0,0,0,0,0,0,0,0,0,0,0,0,0,0,-2.859,-1.657
MMS22L,0,0,0,0,0,0,0,0,0,0,0,0,0,0,0,0,0,0,0,-2.857,0
RPL26,0,0,0,0,0,0,0,0,0,-2.347,0,0,0,-2.857,0,0,0,0,0,0,0
KCNQ1,0,0,0,0,0,0,0,0,0,1.839,0,0,0,2.857,0,0,0,0,0,0,0
HNRNPDL,0,0,0,0,0,0,0,0,0,0,0,0,0,0,0,0,0,0,-2.857,1.378,0
NDUFA11,0,0,0,0,0,2.856,0,0,0,0,0,0,0,0,0,-1.323,0,0,0,0,0
HOXB5,-2.856,0,0,0,0,0,0,0,0,0,0,0,0,0,0,0,0,0,0,0,0
SLC12A2,0,0,0,0,0,0,0,0,0,0,0,0,0,0,0,0,0,0,0,0,-2.855
TUFT1,0,0,0,0,0,0,0,0,0,0,0,0,0,0,0,0,0,0,0,-2.854,0
ATP6V1H,0,0,0,0,0,0,0,0,0,0,0,0,0,0,0,0,0,2.854,0,0,0
ST20-AS1,0,0,0,0,0,0,0,0,0,2.854,0,0,0,1.843,0,0,0,0,0,0,1.556
C3,0,0,0,0,0,0,0,0,0,0,0,0,0,0,0,0,0,0,2.854,0,0
AVPR2,-1.679,0,0,0,0,0,0,0,0,0,0,0,0,0,0,-2.852,0,0,0,0,0
PANK2,0,0,0,0,0,0,0,0,0,0,0,0,0,0,0,0,0,0,-2.852,0,0
LINC01145,0,0,0,0,0,1.707,2.852,0,0,0,0,1.441,0,0,0,0,0,0,0,0,0
LIMK1,0,0,0,0,0,1.509,2.852,0,0,0,0,1.771,2.351,0,0,0,0,0,0,0,0
PPP4C,0,0,0,0,0,0,0,0,0,0,0,0,0,1.508,0,0,0,0,0,0,2.851
PRTG,0,0,0,0,0,1.856,2.851,0,0,0,0,0,0,0,0,0,0,0,0,0,0
FGF7,0,0,0,0,0,0,0,0,0,0,0,0,0,0,0,0,0,0,0,0,-2.851
MBD2,0,0,0,0,0,0,0,0,0,2.222,0,0,0,2.851,0,0,0,0,0,0,0
SCAMP2,0,0,0,0,0,1.923,0,0,0,0,0,0,0,0,0,0,0,0,0,-2.849,2.718
MTAP,0,0,0,0,0,0,0,0,0,0,0,0,0,0,0,0,0,0,0,-2.849,0
GNAQ,0,0,0,0,0,0,0,0,0,2.848,0,0,0,2.05,0,0,0,0,0,0,0
FLRT1,0,0,0,0,0,0,0,0,0,0,0,0,0,0,0,2.847,0,0,1.587,0,0
UNC119,0,0,0,0,0,0,0,0,0,1.904,0,0,1.379,2.846,0,0,0,0,0,0,0
UQCC3,0,0,0,0,0,0,0,0,0,0,0,0,0,0,0,0,0,2.846,0,0,0
ZMYND19,0,0,0,0,0,0,0,0,0,0,0,0,0,-1.499,0,0,1.919,0,0,2.846,0
CLN5,0,0,0,0,0,-1.579,-2.354,0,0,0,0,-2.846,-1.708,0,0,0,0,0,0,0,1.447
GRHPR,0,0,0,0,0,0,1.464,0,0,0,0,0,0,0,0,0,0,2.844,0,0,0
DDR1|ENSG00000204580,0,0,0,0,0,0,-2.844,0,0,-2.041,0,-2.308,0,-1.919,0,0,0,0,0,1.472,0
FYB1,0,0,0,0,0,-2.844,-1.883,0,0,0,0,0,0,0,0,0,0,0,0,0,0
YAE1,0,0,0,0,0,0,0,0,0,0,0,0,0,0,0,0,0,0,0,-2.843,0
CHMP4A,0,0,0,0,0,1.755,0,0,0,0,0,0,0,0,0,0,0,0,0,0,2.842
EXOSC2,0,0,0,0,0,0,0,0,-1.584,-1.914,0,0,-2.842,-1.847,0,0,0,0,0,0,1.72
ENSEMBL:ENSG00000286388,0,0,0,0,0,0,0,0,0,0,0,0,0,0,0,0,0,2.842,0,0,0
EXOSC5,0,0,0,0,0,0,0,0,0,0,0,0,-2.792,-2.841,0,0,0,0,0,0,1.998
SLU7,0,0,0,0,0,0,0,0,0,0,0,0,2.84,2.585,0,0,-1.925,0,-1.311,-1.45,0
GPR155,0,0,0,0,0,0,-2.067,0,0,0,0,0,0,1.563,0,0,0,0,0,-2.839,0
CREG1,0,2.792,0,0,0,-2.838,0,0,0,0,0,0,0,0,0,0,0,0,0,1.426,0
WDR19,0,0,0,0,0,0,0,0,0,0,0,0,0,0,0,0,0,0,0,0,-2.838
SGTB,0,0,0,0,0,0,0,0,0,0,0,0,0,0,0,0,0,0,0,-1.463,-2.838
CYB5RL,0,0,0,0,0,0,0,0,0,0,0,0,0,0,0,0,0,0,0,-2.837,-1.549
HIP1R,0,0,0,0,0,0,0,0,0,0,0,0,0,-2.812,0,0,1.427,0,0,0,2.836
YIF1A,0,0,0,0,0,0,0,0,0,0,0,0,0,0,0,0,0,0,0,0,2.835
STOML1,0,0,0,0,0,0,0,0,0,0,0,0,-1.483,0,0,0,0,0,0,-2.835,2.378
PSMA5,0,0,0,0,0,2.834,2.376,0,0,0,0,0,0,0,0,0,0,0,-1.568,2.221,2.744
ENSEMBL:ENSG00000288838,0,0,0,0,0,0,0,-1.362,0,1.546,0,0,0,2.833,0,0,0,0,0,0,0
ABCB1,0,0,0,0,0,0,1.71,0,-1.337,-1.422,0,0,0,0,0,0,0,0,0,2.833,0
ENSEMBL:ENSG00000245552,0,0,0,0,0,-2.833,0,0,0,0,0,0,0,0,0,0,0,0,0,0,0
IFNAR2,0,0,0,0,0,0,0,0,0,0,0,0,2.833,0,0,0,0,0,0,0,0
HIPK1,0,0,0,0,0,-1.699,0,0,0,1.424,0,0,2.244,2.114,0,0,0,-1.394,0,2.833,0
CCR5,0,0,0,0,0,0,0,0,0,0,0,0,0,-2.832,0,0,0,0,0,0,0
MOB1A,0,0,0,0,0,0,0,0,0,1.319,0,0,1.421,2.832,0,0,0,0,0,0,0
UQCC1,0,0,0,0,0,0,0,0,0,-1.996,0,0,0,-2.553,0,0,0,2.832,0,0,1.685
ENSEMBL:ENSG00000205890,0,0,0,0,0,0,0,0,0,0,0,0,0,2.831,0,0,0,0,0,0,0
PCED1B,0,0,0,0,0,0,0,0,0,-1.757,0,0,-1.686,-2.831,0,0,0,0,0,0,0
SH3TC2,0,0,0,0,0,0,0,0,0,0,0,0,0,0,0,0,-2.83,0,0,0,0
RNF111,0,0,0,0,0,-2.83,0,0,0,0,0,0,0,1.468,0,0,0,0,1.706,0,0
HOXA11-AS,0,0,0,0,0,0,0,0,0,0,0,0,0,0,0,0,0,0,0,-2.83,0
BORCS6,0,0,0,0,0,1.445,0,0,0,0,0,0,0,0,0,0,0,0,0,-2.829,0
MED10,0,0,0,0,0,0,0,0,0,0,0,0,0,0,0,0,0,0,0,-2.829,0
PHKB,0,0,0,0,0,0,0,0,0,0,0,0,0,0,0,0,0,0,2.829,0,0
SSBP2,0,0,0,0,0,0,0,0,0,0,0,0,0,0,0,0,0,-1.49,0,0,-2.828
ZFX,0,0,0,0,0,-1.648,0,0,0,0,0,0,0,0,0,0,0,0,0,0,-2.828
PTMA,0,0,0,0,0,0,0,0,0,-1.395,0,0,0,-2.217,0,1.659,1.513,0,0,2.828,0
SMG9,0,0,0,0,0,0,0,0,0,-1.587,0,0,0,-1.551,0,2.827,0,0,-1.787,0,2.035
RPS3A,0,0,0,0,0,0,0,0,0,-2.018,0,0,0,-2.827,0,0,0,0,-1.67,0,0
SFXN3,0,-1.829,0,0,0,2.827,1.812,0,0,0,0,2.448,2.719,0,0,0,0,0,0,0,0
FAM168A,0,0,0,0,0,0,-1.351,0,0,0,0,0,0,0,0,0,-1.878,0,0,-2.827,-1.49
F2RL3,0,0,0,1.513,0,0,2.001,0,0,0,0,1.642,2.825,0,0,0,0,0,0,0,0
SP140L,0,0,0,0,0,0,0,0,0,-2.394,0,0,0,-2.824,0,0,0,0,0,0,0
AVL9,0,0,0,0,0,0,0,0,0,2.323,0,0,0,2.824,0,0,0,-1.507,0,0,0
ZNF189,0,0,0,0,0,0,0,0,0,0,0,0,0,0,0,0,0,-2.353,0,0,-2.824
ZNF771,0,0,0,0,0,0,0,0,0,0,0,0,0,0,0,0,0,0,0,0,-2.824
ENSEMBL:ENSG00000283078,0,0,0,0,0,0,0,0,0,0,0,0,0,0,0,0,0,0,0,2.824,0
BOC,0,0,0,0,0,0,0,0,0,0,0,0,0,0,0,0,-2.824,0,0,0,0
ENSEMBL:ENSG00000269937,0,0,0,0,0,0,0,0,0,0,0,0,0,0,0,0,0,0,0,-2.823,1.708
RPS6KA4,0,0,0,0,0,1.487,0,0,0,0,0,0,0,-1.914,0,0,0,0,0,0,2.822
MTG2,0,0,0,0,0,0,0,0,0,1.384,0,0,0,2.821,0,0,0,0,0,-1.725,0
LINC00570,0,0,0,0,0,-1.575,0,0,2.821,0,0,0,2.252,0,0,0,0,0,0,0,0
CNRIP1,0,0,0,0,0,0,0,0,0,0,0,0,0,0,0,0,0,0,0,2.821,0
PDP1,0,0,0,0,0,-1.869,0,0,0,0,0,0,0,0,0,0,0,0,0,-2.821,0
ENY2,0,0,0,0,0,0,0,0,0,0,0,0,0,0,0,0,0,2.821,0,0,1.559
STIM2,0,0,0,0,0,0,1.645,0,0,0,0,0,0,0,0,0,0,0,-1.724,-2.821,0
ARPIN,0,0,0,0,0,-2.176,0,0,-1.553,0,0,-2.781,-1.883,0,0,0,-1.474,0,0,-2.821,-1.857
MLKL,0,1.607,0,0,0,0,0,0,0,0,0,0,1.861,2.821,0,0,0,0,0,0,0
EDEM1,0,0,0,0,0,-2.82,-1.732,0,0,0,0,0,0,0,0,0,0,0,0,0,0
USP12,0,0,0,0,0,-1.988,0,0,0,0,0,0,0,0,0,0,0,0,0,2.82,0
SNRPD1,0,0,0,0,0,0,0,0,0,0,0,0,0,0,0,0,0,0,0,2.82,0
ENSEMBL:ENSG00000250461,0,0,0,0,0,2.107,2.819,0,0,0,0,0,0,0,0,0,0,0,0,0,0
FEZ2,0,0,0,0,0,0,0,0,0,0,0,0,0,0,0,0,0,0,0,2.035,-2.819
ZSWIM1,0,0,0,0,0,0,-1.311,-2.219,0,0,0,-1.885,0,0,0,0,0,0,-1.543,-2.819,0
EIF1,0,0,0,0,0,0,0,0,0,0,0,0,0,0,0,0,0,0,0,2.818,0
ZMIZ1,0,0,0,0,0,-2.072,0,0,0,1.928,0,0,0,2.387,0,0,0,0,0,2.818,0
DUOX1,0,0,0,0,0,0,0,0,0,0,0,0,0,0,0,0,0,0,0,-2.818,0
ENSEMBL:ENSG00000249626,0,0,0,0,0,0,0,0,0,0,0,0,0,0,0,0,0,0,0,-2.817,0
STN1,0,0,0,0,0,0,0,0,0,0,0,0,0,0,0,0,0,0,0,-1.755,2.817
RBM44,0,0,0,0,0,-1.569,0,0,0,0,0,0,0,0,0,0,0,0,0,0,2.816
ENSEMBL:ENSG00000280064,0,0,0,0,0,0,1.699,0,0,0,0,2.815,2.291,1.36,0,0,0,0,0,0,0
RBM6,0,0,0,0,0,0,0,0,0,0,0,0,0,0,0,0,0,0,0,0,-2.814
SMAD4,0,0,0,0,0,0,0,0,0,0,0,0,0,0,0,0,0,-2.814,0,0,-1.775
NDUFB8,0,0,0,0,0,0,0,0,0,0,0,0,0,0,0,0,0,2.814,0,0,0
SLC39A10,0,0,0,0,0,0,0,0,0,0,0,0,0,0,0,0,0,0,0,0,2.814
ZNF446,0,0,0,0,0,0,0,0,0,0,0,0,0,0,0,0,0,0,0,-2.814,0
DNAL4,0,0,0,0,0,0,0,0,0,0,0,0,0,0,0,0,0,0,0,-2.814,0
CCNK,0,0,0,0,0,0,0,0,0,0,0,0,2.455,2.813,0,0,0,-2.163,0,1.398,-1.394
PIK3CA,0,0,0,0,0,0,0,0,0,2.591,0,0,0,2.812,0,0,0,0,0,1.997,0
LRP12,0,0,0,0,0,0,0,0,0,0,0,0,0,0,0,0,0,0,0,0,2.812
SIGLEC9,0,0,0,0,0,0,2.39,0,0,1.465,0,0,0,2.812,0,0,0,0,0,0,0
GRK2,0,0,0,0,0,1.327,0,0,0,1.448,0,1.5,2.582,2.812,0,0,0,0,0,0,1.957
C1GALT1C1,0,0,0,0,0,0,0,0,0,0,0,0,0,0,0,0,0,0,0,-2.811,0
ENSEMBL:ENSG00000262714,0,0,0,0,0,0,0,0,0,2.811,0,0,0,2.185,0,0,0,0,0,0,0
CCDC62,0,0,0,0,0,-1.648,0,0,0,0,0,0,0,0,0,0,0,0,0,-1.526,2.811
C14orf180,0,0,0,0,0,0,0,0,0,0,0,0,0,0,0,0,0,0,0,0,-2.811
PHF5A,0,0,0,0,0,0,0,0,0,0,0,0,0,1.741,0,0,0,0,0,0,2.81
DOCK2,0,0,0,0,0,-1.356,0,0,0,1.73,0,0,1.779,2.808,0,0,0,0,0,0,0
DPP6,0,0,0,0,0,0,0,0,0,0,0,0,0,0,0,0,-2.807,0,0,0,-1.439
CCR10,0,0,0,0,0,0,0,0,0,0,0,0,0,0,0,0,0,0,0,-2.807,0
QTRT1,0,0,0,0,0,0,0,0,0,0,0,0,-2.455,-2.806,0,0,0,0,0,0,-1.584
RAB1B,0,0,0,0,0,0,0,0,0,1.541,0,2.038,2.736,2.806,0,0,0,0,0,0,0
MTRF1L,0,0,0,0,0,0,0,0,0,0,0,0,0,0,0,0,0,0,0,0,2.805
COL18A1,0,0,0,0,0,0,1.876,0,0,1.735,0,0,0,2.805,0,0,0,0,0,0,0
SLCO4C1,0,0,0,0,0,0,0,0,0,2.805,0,0,1.365,2.579,0,0,0,0,0,0,0
ZNF346,0,0,0,0,0,0,0,0,0,-1.775,0,0,0,-1.487,0,0,0,0,0,-2.804,0
ACTA1,0,0,-2.804,0,0,0,2.606,0,0,1.538,0,0,0,0,0,0,0,0,-1.714,0,0
SAMD14,0,0,0,0,0,0,0,0,0,0,0,0,2.804,0,0,0,0,0,0,0,0
C12orf73,0,0,0,0,0,0,0,0,0,0,0,0,0,0,0,0,0,2.33,0,0,2.803
UBE2V1,0,0,0,0,0,0,0,0,0,0,0,0,0,0,0,0,0,1.653,0,0,2.803
TICAM1,0,0,0,0,0,0,0,0,0,0,0,0,0,0,0,0,0,0,0,2.802,0
AKAP5,0,0,0,0,0,2.184,2.802,0,0,0,0,0,0,0,0,0,0,0,0,0,0
KAT2A,0,0,0,0,0,0,0,0,0,0,0,0,0,-1.731,0,-2.802,0,0,-1.562,-1.949,0
ELP6,0,0,0,0,0,0,0,0,0,0,0,0,0,0,0,0,0,2.186,0,-2.801,0
SMIM24,0,0,0,0,0,0,-2.801,0,0,0,0,0,0,0,0,0,0,0,0,0,0
ING5,0,0,0,0,0,0,0,0,0,0,0,0,0,0,0,0,0,0,0,0,-2.801
MPHOSPH10,0,0,0,0,0,0,0,0,0,0,0,0,-1.724,0,0,0,0,0,0,2.8,-2.564
RPS13,0,0,0,0,0,0,0,0,0,-1.446,0,0,0,-2.799,0,0,0,0,0,0,0
ARF3,0,0,0,0,0,0,0,0,0,0,0,0,1.879,2.798,0,0,0,0,0,0,0
LINC01634,0,0,0,0,0,0,0,0,0,0,0,0,0,0,0,0,2.797,0,0,1.873,0
RNASE1,0,0,0,0,0,0,0,0,0,0,0,0,0,0,0,0,-2.797,0,0,0,0
IQSEC3,0,0,0,0,0,0,0,0,0,0,0,0,0,0,0,0,-2.797,0,0,-2.424,0
ASB11,0,0,0,0,0,0,0,0,0,0,0,0,0,0,0,0,2.797,0,0,1.563,0
ENSEMBL:ENSG00000241772,0,0,0,0,0,0,0,1.775,0,0,0,2.797,0,0,0,0,0,0,0,0,0
TRIM2,0,0,0,0,0,0,0,0,0,0,0,0,0,0,0,0,-2.688,0,0,-2.797,0
MICAL3,0,0,0,0,0,-2.796,-1.443,0,0,0,0,-1.41,0,0,0,2.563,0,0,-1.469,0,0
NDUFS3,0,0,0,0,0,0,0,0,0,0,0,0,0,0,0,0,0,2.795,0,0,0
ENSEMBL:ENSG00000241860,0,0,0,0,0,-2.084,0,0,0,1.976,0,0,0,2.795,0,0,0,0,0,-2.034,0
CNNM4,0,0,0,0,0,0,0,0,0,0,0,0,0,0,0,0,0,0,0,0,2.795
CZIB,0,0,0,0,0,0,0,0,0,0,0,0,0,0,0,0,0,0,2.795,-1.504,0
SMARCC2,0,0,0,0,0,0,0,0,0,0,0,0,0,0,0,0,0,0,0,-2.681,-2.794
ZDHHC23,0,0,0,0,0,0,0,0,0,0,0,0,0,0,0,2.794,0,0,0,0,0
PDE9A,0,0,0,0,0,0,0,0,0,0,0,0,0,0,0,0,-2.794,0,0,0,0
PAX1,0,0,0,0,0,0,0,0,0,0,0,0,0,0,0,0,0,0,0,2.794,0
ACSM3,0,0,0,0,0,0,0,0,0,-2.793,0,0,0,-1.847,0,0,0,0,0,0,0
ABCB9,0,0,0,0,0,0,0,0,0,0,0,0,0,0,0,0,0,0,0,-2.793,0
COPB2,0,0,0,0,0,0,0,0,0,0,0,0,1.811,2.793,0,0,0,0,0,0,0
SRSF4,0,0,0,0,0,0,0,0,0,0,0,0,2.792,1.425,0,1.468,0,0,2.45,0,-2.526
ENSEMBL:ENSG00000285774,0,0,0,0,0,0,0,0,0,0,0,0,2.792,0,0,0,2.293,1.698,0,2.27,0
NPAT,0,0,0,0,0,-1.669,0,0,0,0,0,0,0,0,0,0,2.791,0,0,0,0
CDC73,0,0,0,0,0,0,0,0,0,0,0,0,0,0,0,1.937,-2.791,0,0,0,0
CORO1B,0,0,0,0,0,0,0,0,0,0,0,0,0,0,0,0,0,0,0,-2.791,0
FARSA,0,0,0,0,0,1.381,0,0,0,0,0,0,0,-1.787,0,0,0,0,0,1.925,2.79
YJU2,0,0,0,0,0,0,0,0,0,0,0,0,-1.437,0,0,0,0,0,0,-2.789,0
GPI,0,0,0,0,0,0,0,0,0,0,0,0,0,-2.789,0,0,0,0,0,0,0
GGCX,0,0,0,0,0,0,0,0,0,0,0,0,0,0,0,-2.789,0,0,0,0,0
ENSEMBL:ENSG00000240859,0,0,0,0,0,0,0,0,0,0,0,0,0,0,0,0,0,0,0,0,-2.789
ERCC3,0,0,0,0,0,0,2.514,0,0,0,0,0,0,0,0,0,0,0,0,-2.789,0
SCNN1D,0,0,0,0,0,0,0,0,0,0,0,0,0,0,0,0,0,1.464,0,-2.789,0
PLEKHG1,0,0,0,0,0,0,0,0,0,0,0,0,0,0,0,0,2.316,0,1.543,2.788,0
MINDY2,0,0,0,0,0,0,0,0,0,0,0,0,0,1.738,0,0,2.787,0,0,0,0
ZNF865,0,0,0,0,0,1.723,1.619,0,0,2.227,0,0,0,2.539,0,0,0,0,0,-2.787,0
HSPA2,0,0,0,0,0,0,0,0,0,0,0,0,0,0,0,0,0,0,-1.448,2.787,0
ENSEMBL:ENSG00000261098,0,0,0,0,0,0,0,0,0,0,0,0,0,0,0,0,0,0,0,-2.787,0
TUBB4A,0,0,0,0,0,0,2.786,0,0,0,0,0,0,0,0,0,0,0,0,0,-1.725
KLHL22,0,0,0,0,0,0,0,0,0,0,0,0,0,0,0,0,0,0,0,-2.786,0
MRO,0,0,0,0,0,0,0,0,0,0,0,0,0,0,0,0,0,0,0,-1.581,-2.785
RANBP9,0,1.595,0,0,0,0,0,0,0,0,0,0,0,0,0,0,2.785,0,0,1.713,-2.52
COA3,0,0,0,0,0,0,0,0,0,0,0,0,-1.389,0,0,0,0,2.16,0,0,2.785
HACD4,0,0,0,0,0,0,0,0,0,1.802,0,0,2.784,2.467,0,0,0,0,0,0,0
IFI6,0,0,0,0,0,0,0,0,0,0,0,0,0,0,0,0,-2.336,0,0,-2.784,0
NRGN,0,0,0,0,0,0,0,0,0,0,0,1.747,2.783,0,0,0,0,0,0,0,0
CCDC190,0,0,0,0,0,0,0,0,0,0,0,0,0,0,0,0,0,0,0,-2.783,0
USP34-DT,0,0,0,0,0,0,0,0,0,0,0,0,0,0,0,0,2.782,0,0,1.389,0
RBM38-AS1,0,0,0,0,0,0,0,0,0,-1.815,0,0,0,-2.782,0,1.766,0,0,0,-2.754,0
CRHR2,0,0,0,0,0,0,0,0,0,0,0,0,0,0,0,0,0,0,0,-2.781,0
APEX2,0,0,0,0,0,0,0,0,-1.953,0,0,0,-2.781,0,0,0,0,0,0,0,0
ABCF3,0,0,0,0,0,1.914,2.781,0,0,0,0,0,0,0,0,0,0,0,0,0,0
BRF2,0,0,0,0,0,0,0,0,0,0,0,0,0,0,0,0,0,0,-1.691,-2.781,0
POU6F1,0,0,0,0,0,0,-2.652,0,-1.471,-2.144,0,-2.291,-2.78,-2.456,0,0,0,0,0,0,0
DNAJC14,0,0,0,0,0,0,0,0,0,0,0,0,0,0,0,0,0,0,0,-2.779,0
CRTC1,0,0,0,0,0,0,0,0,0,0,0,0,0,-1.336,0,0,0,0,0,-2.778,0
APLNR,0,0,0,0,0,0,0,0,0,0,0,0,0,0,0,0,-2.778,0,0,-1.791,0
B3GALNT2,0,0,0,0,0,0,0,0,0,0,0,0,0,0,0,0,0,0,0,2.778,0
POLDIP3,0,0,0,0,0,0,0,0,0,0,0,0,2.235,2.776,0,0,0,0,0,0,0
SLC26A2,0,0,0,0,0,0,0,0,0,0,0,0,0,0,0,0,0,0,0,0,2.776
ENSEMBL:ENSG00000287077,0,0,0,0,0,0,0,0,0,0,0,0,0,0,0,0,0,0,0,-2.776,0
CCR6,0,0,0,0,0,-2.358,-2.773,-2.067,0,-1.319,0,0,0,-2.003,0,0,0,0,0,0,0
H2AB3,0,0,0,0,0,1.961,0,1.484,0,2.771,0,0,0,1.486,0,0,0,0,0,0,0
DDX59,0,0,0,0,0,0,0,0,0,1.668,0,0,0,2.77,0,0,0,0,0,0,0
COTL1,0,0,0,0,0,0,0,0,0,1.371,0,0,1.379,2.77,0,2.409,0,0,0,0,0
HEATR3,0,0,0,0,0,0,0,0,0,0,0,0,0,0,0,0,0,0,0,0,2.77
ZDHHC2,0,0,0,0,0,0,0,0,0,0,0,0,0,0,0,0,0,0,0,2.018,2.77
GRAPL,0,0,0,0,0,-2.048,-2.769,0,0,0,0,0,-1.302,-2.165,0,0,0,0,0,0,0
APLF,0,0,0,0,0,0,0,0,0,0,0,0,0,0,0,0,0,0,2.768,1.534,0
SPTA1,0,0,0,0,0,-2.768,-2.188,0,0,0,0,0,0,0,0,0,0,0,0,0,0
DMAC2L,0,0,0,0,0,0,0,0,-2.768,0,0,0,-2.208,0,0,0,0,0,0,0,0
TTC9,0,0,0,0,0,0,0,0,0,0,0,0,2.767,0,0,0,0,0,0,0,0
IQCE,0,0,0,0,0,0,0,0,0,1.891,0,0,0,0,0,0,0,0,0,-2.766,0
RNF138,0,0,0,0,0,0,0,0,0,0,0,0,0,0,0,0,0,0,0,0,-2.766
ENSEMBL:ENSG00000165121,0,0,0,0,0,0,0,0,0,0,0,0,0,0,0,0,0,0,2.766,0,0
GDA,0,0,0,0,0,0,0,0,0,0,0,0,0,0,0,0,0,0,0,0,-2.765
ACOT2,0,0,0,0,0,0,0,0,0,0,0,0,0,0,0,0,0,0,0,0,-2.765
ZMYM2,0,0,0,0,0,-2.765,-1.327,0,0,0,0,0,0,1.688,0,0,-1.641,0,0,-1.99,0
LINC02421,0,0,0,0,0,0,0,0,0,0,0,0,0,0,0,0,-1.608,0,0,-2.764,0
RANBP1,0,0,0,0,0,0,1.483,0,0,-1.624,0,0,-1.539,-2.764,0,0,0,0,0,0,0
RPL23,0,0,0,0,0,0,0,0,0,-1.96,0,0,0,-2.763,0,0,0,0,0,0,0
RPL18A,0,0,0,0,0,0,0,0,0,-1.794,0,0,0,-2.763,0,0,0,0,0,0,0
RPS27,0,0,0,0,0,0,0,0,0,-2.414,0,0,0,-2.763,0,0,0,0,0,0,0
DET1,0,0,0,0,0,0,0,0,0,0,0,0,0,0,0,0,0,1.645,0,0,2.763
SLAMF1,0,0,0,0,0,-2.264,-2.762,-1.881,0,0,0,0,0,-1.531,0,0,0,0,0,0,0
DICER1,0,0,0,0,0,-2.449,-1.689,0,0,2.049,0,0,0,2.001,0,0,0,0,0,0,-2.762
CDH13,0,0,0,0,0,0,0,0,0,0,0,0,0,0,0,0,0,0,0,0,-2.76
TMUB1,0,0,0,0,0,2.567,0,0,0,0,0,0,0,0,0,0,0,0,-2.76,0,0
DCBLD2,0,-2.76,0,0,0,0,0,0,0,0,0,0,0,0,0,0,0,0,0,0,0
AKAP9,0,0,0,0,0,-1.995,0,0,0,0,0,0,0,0,0,0,0,0,0,0,-2.759
SUCLG1,0,0,0,0,0,1.739,0,0,0,0,0,0,0,0,0,0,0,2.759,0,0,2.257
RANBP3,0,0,0,0,0,0,0,0,0,0,0,0,0,0,0,0,0,0,-1.393,-2.759,0
PPP3R1,0,0,0,0,0,-1.909,0,0,0,0,0,0,0,0,0,0,0,0,0,2.759,1.315
ZSCAN2,0,0,0,0,0,0,0,0,0,0,0,0,0,0,0,0,0,0,0,-2.759,0
DDB1,0,0,0,0,0,0,0,0,0,-2.021,0,0,0,-2.757,0,0,0,0,0,0,0
INPP5K,0,0,0,0,0,0,0,0,0,0,0,0,0,2.757,0,0,0,0,0,0,0
RPL31,0,0,0,0,0,0,0,0,0,-2.039,0,0,0,-2.757,0,0,0,0,0,0,0
CHRNE,0,0,0,0,0,0,2.756,0,0,0,0,0,0,0,0,0,0,0,0,0,0
ATAD2B,0,0,0,0,0,-1.455,0,0,0,0,0,0,0,0,0,0,0,0,2.756,-1.661,0
CD300LG,0,0,0,0,0,0,2.755,0,0,0,0,0,0,0,0,0,2.421,0,0,0,0
NYNRIN,0,0,0,0,0,0,0,0,0,0,0,0,0,0,0,0,-2.755,0,0,0,0
FAN1,0,0,0,0,0,0,0,0,0,0,0,0,0,0,0,0,0,0,0,-2.755,0
ZNF74,0,0,0,0,0,0,2.246,0,0,0,0,0,0,0,0,0,0,0,0,-2.755,0
GADD45A,0,0,0,0,0,0,0,0,0,0,0,0,0,0,0,0,0,0,0,2.754,0
ENSEMBL:ENSG00000215022,0,0,0,0,0,0,0,0,0,0,0,0,0,0,0,0,0,0,0,-2.754,0
NIPA1,0,0,0,0,0,0,0,0,0,0,0,0,0,0,0,0,0,0,0,-2.754,0
CCDC81,0,0,0,0,0,0,0,0,0,0,0,0,0,0,0,0,0,0,0,-1.496,-2.754
PPP2R2A,0,0,0,0,0,0,0,0,0,0,0,2.473,2.754,0,0,0,0,0,0,0,0
SYNGAP1,0,0,0,0,0,-2.101,-2.193,0,0,0,0,0,0,-2.754,0,0,0,0,0,0,0
ZNF460,0,0,0,0,0,0,0,0,0,0,0,0,0,0,0,0,0,0,0,2.753,0
ENSEMBL:ENSG00000279762,0,0,0,0,0,0,0,0,0,0,0,0,0,0,0,0,0,0,0,-2.753,2.055
GRAP,0,0,0,0,0,0,0,0,0,-1.662,0,0,0,-2.753,0,0,0,0,0,0,0
KMT2E,0,0,0,0,0,-2.675,0,0,0,0,0,0,2.464,2.073,0,0,-2.753,0,0,1.879,0
PARD6B,0,0,0,0,0,0,0,0,0,0,0,0,0,0,0,0,0,0,0,-2.752,0
NOSIP,0,0,0,0,0,0,-1.354,0,0,-1.532,0,0,0,-2.752,0,0,0,0,1.483,0,0
RAB9A,0,0,0,0,0,0,1.434,0,0,0,0,0,0,0,0,0,2.106,0,0,2.751,0
SNRNP48,0,0,0,0,0,0,0,0,0,0,0,0,0,0,0,0,0,0,0,0,-2.751
ENSEMBL:ENSG00000264007,0,0,0,0,0,0,0,0,0,0,0,0,0,0,0,-2.751,0,0,-1.847,1.705,0
ARV1,0,0,0,0,0,0,0,0,0,0,0,0,0,0,0,0,0,2.75,0,0,1.829
CACYBP,0,0,0,0,0,0,2.19,1.728,2.749,0,0,0,0,0,0,0,0,0,0,0,0
HOXB4,0,0,0,0,0,0,1.455,0,0,0,0,0,0,0,0,0,0,0,0,-2.748,0
SHARPIN,0,0,0,0,0,0,-2.748,0,0,0,0,0,0,0,0,0,0,0,0,0,0
UBA1,0,0,0,0,0,0,0,0,0,1.339,0,0,2.463,2.748,0,0,0,0,0,1.357,2.142
RBM14-RBM4,0,0,0,0,0,0,0,0,0,0,0,0,0,0,0,0,0,0,0,-2.748,0
CKM,0,0,0,0,0,0,0,0,0,0,0,0,0,0,0,0,0,0,-2.748,0,0
ZNF764,0,0,0,0,0,0,0,0,0,0,0,0,0,0,0,0,0,0,0,2.748,1.325
LINC00402,0,0,0,0,0,0,-2.748,0,0,0,0,0,-1.431,-1.991,0,0,0,0,0,0,0
DSTYK,0,0,0,0,0,0,0,0,0,0,0,0,0,0,0,0,-1.984,-1.382,0,-2.748,-1.642
PHPT1,0,0,0,0,0,1.598,2.747,0,0,0,0,0,0,0,0,0,0,0,0,1.638,0
LGALS3BP,0,0,0,0,0,0,-2.747,-1.692,0,-2.611,0,-2.27,0,-2.659,0,0,0,0,0,0,0
MBOAT2,0,0,0,0,0,0,0,0,0,0,0,0,1.825,2.747,0,0,0,0,0,0,0
KLF8,0,0,0,0,0,0,0,0,0,0,0,0,0,0,0,0,0,0,0,-2.747,0
CD34,0,0,0,0,0,0,0,0,0,0,0,0,0,0,0,-1.302,-2.744,0,-2.746,0,0
MRTO4,0,0,0,0,0,0,0,0,0,0,0,0,-2.745,0,0,0,0,0,0,1.66,0
ENSEMBL:ENSG00000276728,0,0,0,0,0,0,0,0,0,0,0,0,0,0,0,0,0,0,0,-2.745,0
ENSEMBL:ENSG00000247679,0,0,0,0,0,0,0,0,0,0,0,0,0,0,0,0,0,0,0,-2.744,-1.469
ENSEMBL:ENSG00000225936,0,0,0,0,0,0,0,1.468,0,0,0,1.659,2.744,0,0,0,0,0,0,0,0
ENSEMBL:ENSG00000275527,0,0,0,0,0,0,-2.744,0,0,0,0,0,0,0,0,0,0,0,0,0,0
ABHD13,0,0,0,0,0,0,0,0,0,2.039,0,0,0,2.744,0,0,0,0,0,0,0
VWA7,0,0,0,0,0,0,0,0,0,1.776,0,0,0,2.744,0,0,0,0,0,1.471,1.322
TTYH3,0,0,0,0,0,0,0,0,0,0,0,0,0,0,0,1.466,2.175,0,2.744,2.132,0
MRPL46,0,0,0,0,0,0,0,0,0,0,0,0,0,0,0,0,0,2.743,0,0,0
IGSF6,0,0,0,0,0,0,0,0,1.302,2.526,0,0,2.218,2.743,0,0,0,0,0,0,0
KHDC1-AS1,0,0,0,0,0,0,0,0,0,0,0,0,0,0,0,0,0,0,0,-2.742,0
RAB2B,0,0,0,0,0,0,0,0,0,0,0,0,0,0,0,0,-1.481,0,0,-2.741,0
CHURC1,0,0,0,0,0,0,-1.305,0,0,0,0,0,0,2.74,0,0,0,0,0,0,0
LSM1,0,-1.369,0,0,0,0,0,0,0,-1.609,0,0,0,-1.456,0,0,0,0,0,0,2.74
CPT1A,0,-1.349,0,0,0,0,2.739,0,0,1.709,0,0,0,2.151,0,0,0,0,0,0,0
ANKRD11,0,0,0,0,0,0,0,0,0,1.428,0,0,0,2.207,0,0,0,0,0,0,-2.739
MRPL20-DT,0,0,0,0,0,0,0,0,0,0,0,0,0,0,0,0,0,0,-2.738,0,0
DDX58,0,0,0,0,0,-2.738,-1.549,0,0,0,0,0,0,0,0,0,-1.317,0,0,-2.261,0
SH3RF2,0,0,0,0,0,0,0,0,0,0,0,0,0,0,0,0,0,0,0,0,-2.737
CD52,0,0,0,0,0,0,0,0,0,-2.15,0,0,0,-2.737,0,0,0,0,0,0,0
SEMA3F,0,0,0,0,0,0,0,0,0,0,0,0,0,-1.439,0,0,0,0,2.735,0,0
ZNF274,0,0,0,0,0,0,0,0,0,1.782,0,0,0,2.734,0,0,0,0,0,1.846,0
TES,0,0,0,0,0,0,2.574,0,0,0,0,1.422,1.302,0,0,2.734,0,0,1.895,0,0
HVCN1,0,0,0,0,0,0,0,0,0,0,0,0,0,0,0,0,-2.734,0,0,-1.31,0
MS4A6A,0,0,0,0,0,0,0,0,1.551,0,0,0,2.734,0,0,0,0,0,0,0,0
MAP4K2,0,0,0,0,0,0,0,0,0,0,0,0,2.734,0,0,0,-2.035,0,0,0,0
NHEJ1,0,0,0,0,0,0,0,0,0,0,0,0,0,-1.406,0,0,0,0,0,-2.732,0
DYRK3,0,0,0,0,0,0,0,0,0,0,0,0,0,0,0,1.368,2.731,0,1.772,0,0
EPM2AIP1,0,0,0,0,0,0,0,0,0,0,0,0,0,0,0,0,0,0,0,2.731,0
PDAP1,0,0,0,0,0,0,0,0,0,0,0,0,0,0,0,0,0,0,0,2.731,0
DSCC1,0,0,0,0,0,0,0,0,0,0,0,0,0,0,0,0,0,0,0,0,2.73
ANKRD44,0,0,0,0,0,-2.73,-1.505,0,0,0,0,0,0,0,0,0,0,0,0,0,0
TTC23,0,0,0,0,0,0,0,0,0,0,0,0,0,0,0,0,-2.729,0,0,0,0
NECTIN2,0,0,0,0,0,0,0,0,0,0,0,0,0,0,0,2.27,0,0,2.729,0,0
MRPL2,0,0,0,0,0,0,0,0,0,0,0,0,0,0,0,0,0,2.729,0,0,1.777
ANKRD54,0,0,0,0,0,0,0,0,0,0,0,0,0,0,0,0,0,0,0,0,2.728
NHLRC1,0,0,0,0,0,0,0,0,0,0,0,-2.728,0,0,0,0,0,0,-1.502,-2.478,2.197
ACTR1A,0,0,0,0,0,1.748,2.142,0,0,0,0,2.575,2.728,0,0,0,0,0,0,0,0
ENSEMBL:ENSG00000205740,0,0,0,0,0,0,0,0,0,0,0,0,0,0,0,2.728,1.866,0,2.459,1.484,0
SPHK1,0,0,0,0,0,1.978,2.157,0,0,0,0,0,0,0,0,1.429,1.563,0,0,2.727,0
APOL5,0,0,0,0,0,0,0,0,0,0,0,0,0,0,0,0,0,0,0,-2.727,0
ZBED8,0,0,0,0,0,0,0,0,0,0,0,0,0,0,0,2.726,0,0,0,0,0
USP42,0,0,0,0,0,0,0,0,0,0,0,0,0,0,0,1.724,0,0,1.466,2.726,0
C5orf51,0,0,0,0,0,0,0,0,0,0,0,0,0,0,0,2.725,0,0,0,2.049,0
RNF126,0,0,0,0,0,2.725,0,0,0,0,0,0,0,-1.521,0,0,0,0,0,0,2.626
SLF2,0,0,0,0,0,0,0,0,0,0,0,0,0,0,0,0,1.436,-1.583,0,-2.724,-2.203
GOLGA8Q,0,0,0,0,0,0,0,0,0,0,0,0,0,0,0,0,0,0,0,-2.724,0
AIFM1,0,0,0,0,0,0,0,0,0,0,0,0,0,0,0,0,0,2.724,-1.996,0,0
PPP4R3B,0,0,0,0,0,-1.468,0,0,0,0,0,0,0,0,0,0,0,0,0,-2.724,0
KIAA1143,0,0,0,0,0,-2.06,0,0,0,0,0,0,0,0,0,0,-1.833,0,0,0,-2.724
CYC1,0,0,0,0,0,0,0,0,0,0,0,0,0,0,0,0,0,2.724,0,0,0
EHD3,0,0,0,0,0,0,0,0,0,0,0,0,2.723,0,0,0,0,0,0,0,0
RPL32,0,0,0,0,0,0,0,0,0,-1.996,0,0,0,-2.723,0,0,0,0,0,0,0
SGPL1,0,0,0,0,0,0,0,0,0,2.099,0,0,0,2.723,0,0,0,0,0,0,0
GMPR,0,0,0,0,0,-2.514,-2.723,0,1.411,0,0,0,1.505,-1.888,0,0,0,0,0,0,0
JAML,0,0,0,0,0,0,0,0,0,1.826,0,0,1.331,2.721,0,0,0,0,0,0,0
ENSEMBL:ENSG00000261613,0,0,0,0,0,0,0,0,0,0,0,0,0,0,0,0,0,0,0,-2.721,0
MGAT2,0,0,0,0,0,0,0,0,0,0,0,0,0,0,0,0,0,0,0,2.721,0
ROCK1,0,0,0,0,0,-1.428,0,0,0,1.893,0,0,1.512,2.72,0,0,-1.462,0,0,0,0
RAB20,0,0,0,0,0,0,0,0,2.242,0,0,0,2.72,2.291,0,2.526,2.113,0,0,0,0
TMEM255B,0,0,0,0,0,0,0,0,0,0,0,0,0,0,0,0,-2.72,0,0,0,0
TSPAN2,0,0,0,0,0,0,0,0,0,2.396,0,0,0,2.719,0,0,0,0,0,2.673,0
RESF1,0,0,0,0,0,-1.465,0,0,0,2.601,0,0,0,2.719,0,0,0,0,0,0,0
RTN2,0,0,0,0,0,0,0,0,0,0,0,0,1.523,0,0,0,0,0,0,-2.718,0
SPTLC2,0,0,0,0,0,0,0,0,0,2.059,0,0,1.977,2.718,0,0,0,0,0,0,0
CEP76,0,0,0,0,0,0,0,0,0,0,0,0,0,0,0,0,0,-2.718,0,0,0
POLR1A,0,-1.401,0,0,0,0,0,0,0,-1.395,0,-1.427,-1.531,-2.717,0,0,0,0,0,0,0
LIG3,0,0,0,0,0,0,0,0,0,0,0,0,0,0,0,0,0,0,0,-2.716,0
ENSEMBL:ENSG00000286970,0,0,0,0,0,0,0,0,0,0,0,0,0,-1.393,0,0,2.716,0,0,0,0
TUSC3,0,0,0,0,0,0,0,0,0,0,0,0,0,0,0,0,2.716,0,0,1.697,0
PDZD8,0,0,0,0,0,0,0,0,0,2.222,0,0,0,2.716,0,0,0,0,0,1.637,0
SLC23A2,0,0,0,0,0,0,0,0,0,0,0,0,0,0,0,0,-2.715,0,0,-2.551,0
GABPB2,0,0,0,0,0,0,0,0,0,0,0,0,-1.538,0,0,0,0,0,0,0,2.715
ANKRD36,0,0,0,0,0,0,0,0,0,0,0,0,-2.403,-2.715,0,0,-2.123,0,0,0,0
IGKV4-1,0,0,0,0,0,0,0,0,0,0,0,-2.715,0,-1.425,0,0,0,0,0,0,0
SLC2A4RG,0,0,0,0,0,2.713,0,0,0,0,0,0,0,0,0,0,0,0,0,0,0
GLYCTK,0,0,0,0,0,0,2.713,0,0,0,0,0,0,0,0,0,0,0,0,0,0
HMGN1,0,0,0,0,0,0,0,0,0,0,0,0,0,0,0,2.712,0,0,2.422,0,0
CLN8,0,0,0,0,0,0,0,0,0,0,0,0,0,0,0,2.712,0,2.092,0,0,0
SECISBP2,0,0,0,0,0,-2.712,-1.72,0,0,0,0,0,0,0,0,0,0,0,0,0,1.709
SPATA5,0,0,0,0,0,0,0,0,0,0,0,0,0,-2.711,0,0,0,0,0,0,0
KPNA6,0,0,0,0,0,0,0,0,0,0,0,0,0,0,0,0,2.711,0,0,1.786,0
LCA5L,0,0,0,0,0,0,0,0,0,0,0,0,0,0,0,0,0,0,0,-2.71,0
CDIPT,0,0,0,0,0,0,0,0,0,0,0,0,0,2.204,0,0,0,0,0,-2.71,0
VARS2,0,0,0,0,0,2.71,0,0,0,0,0,0,-1.373,-1.45,0,0,0,0,0,0,0
TOMM20,0,0,0,0,0,0,0,0,0,-2.71,0,0,0,-1.967,0,0,0,0,0,0,0
CCP110,0,0,0,0,0,-2.71,0,0,0,0,0,0,0,0,0,0,0,0,0,-2.29,0
OSBPL3,0,0,0,0,0,0,0,0,0,0,0,0,0,0,0,0,0,0,0,1.633,-2.71
MTR,0,0,0,0,0,0,0,0,0,0,0,0,0,0,0,0,0,0,0,0,-2.709
YTHDF1,0,0,0,0,0,0,0,0,0,0,0,0,0,0,0,0,0,0,0,0,-2.709
SEPTIN4,0,0,0,0,0,0,0,0,0,0,0,0,0,0,0,0,-2.709,0,0,-1.998,0
ZNF623,0,0,0,0,0,-2.433,-2.322,-1.434,0,0,0,0,0,0,0,0,2.709,0,0,-1.947,-2.188
KATNB1,0,0,0,0,0,0,0,0,0,0,0,0,0,2.708,0,0,0,0,0,0,0
TIMP1,0,0,0,0,0,2.243,0,1.943,0,1.423,0,2.644,2.388,2.707,0,0,0,0,0,0,0
ZBTB34,0,0,0,0,0,0,-1.435,0,0,2.463,0,0,1.466,2.707,0,0,0,0,0,0,-1.469
GPT2,0,0,0,0,0,0,0,0,0,0,0,0,0,0,0,0,0,0,0,0,-2.707
ALKBH2,0,0,0,0,0,0,0,0,0,0,0,0,-2.706,0,0,0,0,0,0,0,0
ENSEMBL:ENSG00000272341,0,0,0,0,0,0,1.742,0,1.593,0,0,0,2.706,0,0,1.691,0,0,0,0,0
CACTIN,0,0,0,0,0,0,2.705,0,0,0,0,0,-1.463,0,0,0,0,0,0,1.885,0
GLUD1P3,0,0,0,0,0,0,0,0,0,0,0,0,-2.705,0,0,0,0,0,0,0,0
ASF1B,0,0,0,0,0,0,0,0,0,0,0,0,2.438,2.705,0,0,0,0,0,0,0
CIAO1,0,0,0,0,0,0,0,0,0,0,0,0,0,0,0,0,0,1.591,0,-1.805,2.705
ENSEMBL:ENSG00000287218,0,0,0,0,0,1.468,2.704,0,0,0,0,0,0,0,0,0,0,0,0,0,0
APBA2,0,0,0,0,0,2.346,2.704,0,0,0,0,0,0,0,0,0,0,0,0,0,0
PARVA,0,0,0,0,0,0,0,0,0,0,0,0,0,0,0,0,0,0,2.704,0,0
PDCD1,0,0,0,0,0,0,0,0,0,0,0,0,0,-2.703,0,0,0,0,0,0,0
GAK,0,0,0,0,0,2.26,2.484,0,0,0,0,0,0,2.703,0,0,0,0,0,0,0
RAB40B,0,0,0,0,0,0,0,0,0,0,0,0,-1.892,0,0,0,0,-2.058,0,0,-2.703
TNIP1,0,0,0,0,0,0,0,0,1.409,0,0,0,2.703,0,0,0,0,0,1.5,0,0
LINC01894,0,0,0,0,0,0,0,0,0,0,0,0,0,0,0,0,0,0,0,-2.703,0
ISCU,0,0,0,0,0,0,0,0,0,0,0,0,2.702,1.351,0,0,0,0,0,0,0
NSF,0,0,0,0,0,0,0,0,0,0,0,0,0,0,0,0,0,0,0,-2.702,-2.083
FBXO48,0,0,0,0,0,0,0,0,0,0,0,0,0,0,0,0,0,0,0,-2.702,0
MIR133A1HG,0,0,0,0,0,0,0,0,0,0,0,0,0,0,0,0,0,0,2.702,2.296,1.691
ENSEMBL:ENSG00000287878,0,0,0,0,0,0,0,0,0,0,0,0,0,0,0,0,0,0,0,-2.702,0
EPB41,0,0,0,0,0,-2.701,-1.655,0,0,0,0,0,0,0,0,0,0,0,0,0,0
PLS3,0,0,0,0,0,0,0,0,0,0,0,0,0,0,0,0,2.701,0,0,1.496,0
SGCA,0,0,0,0,0,0,0,0,0,0,0,0,0,0,0,2.7,0,0,0,0,0
ENSEMBL:ENSG00000235859,0,0,0,0,0,0,0,0,0,0,0,0,0,0,0,0,0,0,0,0,2.7
TTC3P1,0,0,0,0,0,0,0,0,0,0,0,0,0,0,0,0,0,0,0,-2.699,0
PHTF1,0,0,0,0,0,0,0,0,0,1.326,0,0,1.657,2.699,0,0,0,0,0,0,0
YJU2B,0,0,0,0,0,0,0,0,0,0,0,0,-1.767,0,0,0,0,0,0,-2.698,1.399
ZFYVE1,0,0,0,0,0,0,0,0,0,1.546,0,0,0,2.484,0,0,2.698,0,0,0,-2.634
PLA2G12A,0,0,0,0,0,0,0,0,0,0,0,0,0,0,0,0,0,2.697,0,0,0
AFAP1,0,-1.321,0,0,0,0,1.59,0,0,0,0,0,0,0,0,0,2.696,0,0,2.312,0
TRAT1,0,0,0,0,0,-2.696,0,0,0,0,0,0,0,0,0,0,0,0,0,0,0
ENSEMBL:ENSG00000279365,0,0,0,0,0,0,0,0,0,0,0,0,0,0,0,0,0,0,0,1.954,2.696
ALPK2,0,0,0,0,0,0,0,0,0,0,0,0,0,0,0,0,0,0,0,0,-2.696
C19orf48,0,0,0,0,0,0,0,0,0,0,0,0,-2.696,0,0,0,0,0,0,0,0
MFSD2A,0,0,0,0,0,0,2.129,2.695,2.026,0,0,1.68,0,0,0,0,0,0,0,0,0
TIMMDC1,0,-2.485,0,0,0,0,0,0,0,0,0,0,0,0,0,0,0,2.695,0,0,0
CASP2,0,0,0,0,0,0,0,0,0,0,0,0,0,1.798,0,0,0,0,0,-2.693,0
AATF,0,0,0,0,0,0,0,0,0,0,0,0,0,0,0,0,0,0,0,0,2.693
ZDHHC13,0,0,0,0,0,0,0,0,0,0,0,0,0,0,0,0,0,0,0,0,2.693
TCF3,0,0,0,0,0,0,0,0,0,-1.39,0,0,0,-2.692,0,0,0,0,0,0,0
SRRM3,0,0,0,0,0,0,0,0,0,0,0,0,0,0,0,0,0,0,0,2.692,1.865
CASS4,0,0,0,0,0,-1.609,-1.438,0,0,0,0,0,1.759,2.692,0,0,0,0,0,0,0
LINC02863,0,0,0,0,0,0,0,0,0,1.509,0,0,0,2.692,0,0,0,0,0,0,0
METAP1D,0,0,0,0,0,-1.311,-1.493,0,0,0,0,-1.328,-1.711,-2.033,0,0,0,2.692,0,-1.527,2.545
ENSEMBL:ENSG00000182021,0,0,0,0,0,0,0,0,0,0,0,0,0,0,0,0,2.692,0,0,2.023,0
FES,0,0,0,0,0,0,0,0,0,0,0,0,0,1.996,0,2.692,0,0,2.313,1.533,0
IRF3,0,0,0,0,0,1.648,0,0,0,0,0,0,0,0,0,0,0,0,0,-2.692,0
GFI1,0,0,0,0,0,1.97,2.691,0,0,0,0,2.186,0,0,0,0,0,0,0,0,0
WIF1,0,0,0,0,0,0,2.691,0,0,0,0,0,0,0,0,0,0,0,0,0,0
THUMPD3-AS1,0,0,0,0,0,0,0,0,0,0,0,0,0,0,0,2.689,0,0,0,0,0
ENSEMBL:ENSG00000286488,0,0,0,0,0,0,0,0,1.592,1.718,0,0,1.738,2.689,0,0,0,0,0,0,0
TBCA,0,0,0,0,0,1.502,2.689,0,0,0,0,0,0,0,0,0,0,0,0,1.447,1.329
PSMC1,0,0,0,0,0,0,0,0,0,1.372,0,0,0,2.687,0,0,0,0,0,0,0
LINC02312,0,0,0,0,0,0,0,0,0,0,0,0,0,-2.687,0,0,0,0,0,0,0
FTLP3,0,0,0,0,0,0,-1.305,0,0,0,0,0,0,0,0,0,0,0,0,2.687,0
EIF1B,0,0,0,0,0,-2.179,0,0,0,0,0,0,1.5,0,0,0,0,0,0,2.686,0
AZI2,0,0,0,0,0,0,0,0,0,0,0,0,0,0,0,0,0,0,-2.686,0,0
ARL17B,0,0,0,0,0,0,0,0,0,0,0,0,0,0,0,0,0,0,0,-2.685,-1.622
EIF2AK1,0,0,0,0,0,-2.198,-2.685,0,0,0,0,0,0,0,0,0,0,0,0,0,0
APRT,0,0,0,0,0,0,0,0,0,0,0,0,0,-1.701,0,0,0,0,0,0,2.684
AKT1S1,0,0,0,0,0,0,-1.335,0,0,0,0,0,0,0,0,1.534,0,0,-1.895,2.683,0
TSPAN18,0,0,0,0,0,-2.682,-1.939,0,0,0,0,0,0,0,0,0,0,0,0,0,0
CHID1,0,0,0,0,0,0,0,0,0,0,0,0,0,0,0,0,0,0,0,0,2.682
EVI5L,0,0,0,0,0,2.681,0,0,0,0,0,0,0,0,0,0,0,1.414,0,0,0
POLN,0,0,0,0,0,0,0,0,0,0,0,0,0,0,0,0,0,0,0,-2.68,0
BPHL,0,0,0,0,0,0,0,0,-1.521,0,0,0,-1.521,0,0,-2.68,0,0,0,-1.609,0
DUS2,0,0,0,0,0,0,0,0,0,0,0,0,0,0,0,0,0,0,0,-2.68,1.335
CUEDC1,0,0,0,0,0,0,0,0,0,0,0,0,0,1.831,0,0,-1.436,0,0,-2.679,-1.706
CRLS1,0,0,0,0,0,0,0,0,0,0,0,0,-1.89,0,0,0,0,0,0,2.679,0
SNRPA,0,0,0,0,0,0,0,0,0,-2.327,0,0,0,-2.679,0,0,0,0,0,0,0
ABHD8,0,0,0,0,0,0,0,0,0,0,0,0,0,0,0,0,0,0,0,-2.679,0
ADCK5,0,0,0,0,0,1.506,0,0,0,0,0,0,0,0,0,0,0,0,0,-2.445,-2.679
C11orf21,0,0,0,0,0,1.722,2.679,0,0,0,0,0,0,0,0,0,0,0,0,0,0
GRINA,0,0,0,0,0,0,0,0,0,0,0,0,1.855,1.426,0,0,0,0,0,1.72,2.678
ENSEMBL:ENSG00000286905,0,0,0,0,0,0,0,0,0,0,0,0,0,0,0,0,0,0,0,0,2.678
MYLK,0,0,0,0,0,0,0,0,0,0,0,0,2.472,0,0,1.361,0,0,2.678,0,0
SYBU,0,2.063,0,0,0,0,0,0,0,0,0,0,0,0,0,0,2.316,0,0,2.678,0
PCNX2,0,0,0,0,0,-1.331,0,0,0,-1.924,0,0,0,-2.677,0,0,0,0,0,0,0
ZNF287,0,0,0,0,0,0,0,0,0,0,0,0,0,0,0,0,0,0,0,-2.676,1.335
FAF2,0,0,0,0,0,0,0,0,0,0,0,0,0,2.676,0,0,0,0,0,1.799,0
TUT7,0,0,0,0,0,-1.58,0,0,0,2.676,0,0,0,2.649,0,0,0,0,0,0,1.793
BBIP1,0,0,0,0,0,-2.675,0,0,0,0,0,0,0,1.442,0,0,0,0,0,0,0
ENSEMBL:ENSG00000288156,0,0,0,0,0,0,0,0,0,1.326,0,0,0,2.675,0,0,0,0,0,0,0
CASP1,0,0,0,0,0,0,0,0,0,0,0,0,2.643,2.675,0,0,0,0,0,0,0
NTAQ1,0,0,0,0,0,0,0,0,0,0,0,0,0,0,0,0,0,0,0,0,2.674
XAB2,0,0,0,0,0,2.674,0,0,0,0,0,0,0,0,0,0,0,0,0,0,0
PI4KAP1,0,0,0,0,0,0,0,0,0,0,0,0,0,0,0,0,0,0,0,2.674,0
GPR65,0,0,0,0,0,0,0,0,0,0,0,2.672,1.389,0,0,0,0,0,0,0,0
PARS2,0,0,0,0,0,0,0,0,0,0,0,0,-1.878,0,0,0,0,0,0,-2.671,0
ENSEMBL:ENSG00000267576,0,0,0,0,0,1.902,1.8,0,0,1.889,0,0,1.662,2.67,0,0,0,0,0,0,0
GSS,0,1.459,0,0,0,2.017,2.315,0,0,0,0,0,0,0,0,0,0,0,0,0,2.67
SPATA2,0,0,0,0,0,0,0,0,0,0,0,0,0,0,0,0,0,0,0,-2.67,0
ALKBH1,0,0,0,0,0,0,0,0,0,0,0,0,0,0,0,0,2.67,0,0,1.548,0
RPA1,0,0,0,0,0,0,0,0,0,0,0,0,0,0,0,0,0,0,0,0,-2.669
EXOC3L2,0,0,0,0,0,0,0,0,0,0,0,0,0,0,0,0,-2.669,0,1.849,-1.526,0
ENSEMBL:ENSG00000278817,0,0,0,0,0,0,0,0,0,0,0,0,0,0,0,0,0,2.669,0,0,0
PHLDB3,0,0,0,0,0,0,0,0,0,0,0,0,0,-2.003,0,0,0,0,0,-2.668,0
DHODH,0,0,0,0,0,0,0,0,0,0,0,0,-2.17,0,0,0,0,0,0,-2.668,0
RALGAPA1P1,0,0,0,0,0,0,0,0,0,0,0,0,0,0,0,0,0,0,0,2.668,0
ENSEMBL:ENSG00000273209,0,0,0,0,0,0,0,0,0,0,0,0,0,0,0,0,0,0,0,2.666,0
SEH1L,0,0,0,0,0,0,0,0,0,0,0,0,0,0,0,0,0,0,0,2.666,0
SLC9A5,0,0,0,0,0,0,0,0,0,0,0,0,0,0,0,0,0,0,0,-2.597,2.665
ENSEMBL:ENSG00000275371,0,0,0,0,0,0,0,1.629,0,0,0,2.665,1.766,1.529,0,0,0,0,0,0,0
GRAP2,0,0,0,0,0,0,0,0,0,0,0,0,2.665,-2.101,0,0,0,0,0,0,0
HERC2P2,0,0,0,0,0,0,0,0,0,0,0,0,1.463,0,0,0,-2.58,0,0,-2.664,-2.567
ENSEMBL:ENSG00000232346,0,0,0,0,0,0,0,0,0,0,0,0,-1.703,-1.832,0,0,0,0,0,2.663,0
HDDC2,0,0,0,0,0,0,0,0,-2.663,0,0,0,-2.07,-2.634,0,0,0,1.326,0,0,2.467
LINC01506,0,0,0,0,0,0,0,0,2.663,0,0,0,2.578,1.317,0,0,0,0,0,0,0
PLEK2,0,0,0,0,0,0,-1.743,0,2.663,0,0,0,1.925,0,0,0,0,0,0,0,0
TMEM268,0,0,0,0,0,0,0,0,0,-1.39,0,0,0,-1.423,0,0,0,0,0,-2.661,0
TSPOAP1-AS1,0,0,0,0,0,0,2.661,0,0,0,0,0,0,-2.539,0,0,0,0,0,0,0
S100A6,0,0,0,0,0,0,0,0,0,1.339,0,0,0,2.66,0,0,0,0,0,0,0
DUSP13,0,0,0,0,0,0,0,0,0,0,0,0,0,0,0,0,0,0,0,0,2.66
PLAGL1,0,0,0,0,0,-1.71,-1.703,0,0,1.717,0,0,1.46,2.065,0,0,-2.66,-2.152,0,0,0
PAK4,0,0,0,0,0,0,0,0,0,0,0,0,-1.996,0,0,0,-2.309,0,0,-2.659,2.073
AKAP8L,0,0,0,0,0,2.158,0,0,0,0,0,0,0,0,0,-2.659,0,0,-1.349,-1.6,-1.892
CCDC102A,0,0,0,0,0,2.432,2.659,0,0,0,0,0,0,0,0,0,0,0,0,0,0
RPL23P8,0,0,0,0,0,0,0,0,0,-1.483,0,0,0,-2.658,0,0,0,0,0,0,0
ODAD4,0,0,0,0,0,-2.073,-2.658,0,0,0,0,0,0,0,0,0,0,0,0,-2.45,0
ENSEMBL:ENSG00000272106,0,0,0,0,0,0,0,0,0,0,0,0,0,0,0,0,0,0,0,0,-2.658
RBP7,0,0,0,0,0,0,0,0,0,1.432,0,0,1.804,2.657,0,0,0,0,0,0,0
IL11RA,0,0,0,0,0,0,0,0,0,-2.416,0,0,0,-2.657,0,0,0,1.354,0,-2.553,0
ENSEMBL:ENSG00000273711,0,0,0,0,0,0,0,0,0,0,0,0,0,0,0,0,0,0,0,-2.656,0
SLC35F5,0,0,0,0,0,0,0,0,0,0,0,0,0,0,0,0,0,0,0,2.654,1.429
VAMP3,0,0,0,0,0,0,0,0,0,1.709,0,0,0,2.654,0,0,-1.692,0,0,0,0
SNHG6,0,0,0,0,0,0,0,0,0,-1.752,0,0,-1.466,-2.654,0,0,0,0,0,0,0
CSNK1G2,0,0,0,0,0,0,0,0,0,0,0,0,1.492,2.652,0,0,0,0,0,0,0
ENSEMBL:ENSG00000214708,0,0,0,0,0,0,0,0,0,0,0,0,0,0,0,0,0,0,0,0,-2.652
TRIM13,0,0,0,0,0,0,0,0,0,0,0,0,0,0,0,0,-2.651,0,0,-1.581,0
MAN2B2,0,0,0,0,0,0,0,0,0,2.028,0,0,1.823,2.65,0,0,0,0,0,0,0
STEEP1,0,0,0,0,0,0,0,0,0,0,0,0,0,0,0,0,-2.65,0,0,0,0
SLC35G5,0,0,0,0,0,2.65,2.001,0,0,0,0,0,0,0,0,0,0,0,0,0,0
PDLIM4,0,0,0,0,0,0,0,0,0,0,0,0,0,0,0,0,2.649,0,0,2.376,0
MDGA1,0,0,0,0,0,0,0,0,0,0,0,0,0,-2.303,0,0,0,0,0,2.649,0
MRPS11,0,0,0,0,0,2.649,0,0,0,0,0,0,0,0,0,0,0,0,0,0,0
SELP,0,0,0,0,0,0,0,0,0,0,0,0,2.648,0,0,0,0,0,0,0,0
KANSL1L,0,0,0,0,0,0,0,0,0,0,0,0,0,0,0,0,0,-1.331,0,-2.583,-2.647
RAD23A,0,1.678,0,0,0,0,0,0,0,-1.568,0,0,0,-2.647,0,0,0,0,1.327,0,0
NUDT17,0,0,0,0,0,0,0,0,0,0,0,0,0,0,0,0,0,1.673,0,-2.647,0
HERC5,0,0,0,0,0,0,0,0,0,0,0,0,0,0,0,0,-2.278,0,0,-2.647,0
PLEKHA7,0,0,0,0,0,0,0,0,0,0,0,0,0,0,0,0,-2.646,0,0,0,0
STX5,0,0,0,0,0,0,0,0,0,0,0,0,2.646,0,0,0,0,0,0,0,0
ZNF821,0,0,0,0,0,0,0,0,0,0,0,0,0,0,0,0,0,0,0,0,2.646
ZNF407-AS1,0,0,0,0,0,0,0,0,0,0,0,0,0,0,0,0,0,0,-2.646,0,0
KDM5C,0,0,0,0,0,0,0,0,0,0,0,0,0,2.645,0,0,0,0,-1.452,2.397,-2
ALDH3A2,0,0,0,0,0,0,0,0,0,-2.117,0,0,-1.706,-2.645,0,0,0,2.186,0,0,0
ALDOA,0,1.321,0,0,0,0,0,0,0,1.519,0,0,0,2.644,0,0,0,0,-1.489,0,0
MROH1,0,0,0,0,0,0,0,0,0,0,0,0,0,0,0,0,0,2.644,0,0,0
PSMA2,0,0,0,0,0,0,0,0,0,0,0,0,0,0,0,0,0,0,0,2.644,0
FNDC10,0,0,0,0,0,0,0,0,0,0,0,0,-2.644,0,0,0,0,0,0,0,0
TBL1XR1,0,0,0,0,0,-1.646,0,0,0,0,0,0,0,0,0,0,1.366,-2.074,0,1.32,-2.643
OBI1,0,0,0,0,0,0,0,0,0,0,0,0,0,0,0,0,0,0,0,-2.643,0
GPR35,0,0,0,0,0,0,0,0,0,0,0,0,0,0,0,0,0,0,0,-2.643,0
COPZ2,0,0,0,0,0,0,0,0,0,-1.693,0,0,0,0,0,0,0,0,0,1.406,2.643
CNN1,0,0,0,0,0,0,0,0,0,0,0,0,0,0,0,0,0,0,0,2.642,0
ENSEMBL:ENSG00000279488,0,0,0,0,0,0,0,0,0,0,0,0,0,0,0,0,-1.369,0,0,-2.642,0
ETAA1,0,0,0,0,0,0,0,0,0,0,0,0,0,0,0,0,0,0,0,-2.642,0
TJP2,0,1.314,0,0,0,-1.332,0,0,0,0,0,0,0,0,0,0,0,0,2.642,0,0
ZSCAN16,0,0,0,0,0,-1.639,-1.906,0,-1.787,0,0,0,0,0,0,0,0,0,0,-2.64,0
LY6D,0,0,0,0,0,-2.64,0,0,0,0,0,-1.911,-2.614,-2.324,0,0,0,0,0,0,0
SLC39A1,0,0,0,0,0,0,0,0,0,0,0,0,2.639,2.047,0,0,0,0,0,0,0
RNASEH1,0,0,0,0,0,0,0,0,-1.904,0,0,0,-2.639,0,0,0,0,0,0,0,0
DMTF1,0,0,0,0,0,0,0,0,0,0,0,0,0,0,0,-2.639,0,0,0,0,0
LGALSL-DT,0,0,0,0,0,0,0,0,0,1.866,0,0,0,2.639,0,0,0,0,0,0,0
FAM120B,0,0,0,0,0,0,0,0,0,0,0,0,0,2.639,0,0,0,0,0,-1.497,0
ENSEMBL:ENSG00000224152,0,0,0,0,0,0,0,0,1.553,1.456,0,0,2.639,1.364,0,0,0,0,0,0,0
ITGB5,0,0,0,0,0,0,0,1.548,1.499,0,0,0,2.639,0,0,0,0,0,0,0,0
PDCD6IP,0,0,0,0,0,0,0,0,0,1.372,0,0,1.667,2.639,0,0,0,0,0,0,0
MARK4,0,0,0,0,0,0,0,0,0,0,0,0,1.567,2.639,0,0,0,0,0,0,-2.39
KCTD2,0,0,0,0,0,0,0,0,0,0,0,0,0,2.639,0,0,0,0,0,0,0
ENSEMBL:ENSG00000287356,0,0,0,0,0,0,0,0,0,0,0,0,0,0,0,0,0,0,0,-2.638,0
RBBP6,0,0,0,0,0,-1.594,0,0,0,0,0,0,0,0,0,0,0,0,-1.525,-2.638,0
ALDH1L1-AS2,0,0,0,0,0,0,0,0,0,0,0,0,0,0,0,0,0,2.638,0,0,0
BICD2,0,0,0,0,0,0,0,0,1.631,1.989,0,0,2.523,2.638,0,0,0,0,1.951,0,-2.11
FOCAD,0,0,0,0,0,0,0,0,0,0,0,0,0,0,0,0,0,0,0,0,2.638
ENSEMBL:ENSG00000257524,0,0,0,0,0,2.262,2.638,0,0,0,0,0,0,0,0,0,0,0,0,0,0
AMFR,0,-1.309,0,0,0,0,0,0,0,0,0,0,0,0,0,0,0,0,0,1.869,2.638
EFR3A,0,0,0,0,0,-1.607,0,0,0,0,0,0,0,0,0,0,0,0,0,2.608,-2.638
SLC6A10P,0,0,0,0,0,0,0,0,0,0,0,0,0,0,0,0,2.638,0,2.082,0,0
SQLE,0,0,0,0,0,0,0,0,0,0,0,0,0,0,0,0,2.498,0,1.401,2.638,0
STXBP1,0,0,0,0,0,0,0,0,0,0,0,0,0,0,0,0,0,0,2.636,0,0
ENSEMBL:ENSG00000279689,0,0,0,0,0,0,0,0,0,0,0,0,0,0,0,0,0,0,-2.636,0,0
DKK2,0,0,0,0,0,0,0,0,0,0,0,0,0,0,0,0,0,0,0,0,-2.636
PLAGL2,0,0,0,0,0,0,0,0,0,0,0,0,0,0,0,0,0,0,0,-2.635,0
POLR3K,0,0,0,0,0,0,0,0,0,0,0,0,0,0,0,0,0,2.635,0,0,2.328
NPM1,0,0,0,0,0,0,0,0,0,-1.508,0,0,0,-2.623,0,0,0,0,0,2.634,0
FASTK,0,0,0,0,0,2.633,0,0,0,0,0,0,0,-1.614,0,0,0,0,0,0,0
HOXA4,0,0,0,0,0,0,0,0,0,0,0,0,0,0,0,-1.516,0,2.009,0,-2.632,0
CNN3,0,1.412,0,0,0,0,0,0,0,0,0,0,0,0,0,0,0,0,0,2.632,0
COMMD6,0,0,0,0,0,0,0,0,0,0,0,0,0,0,0,0,0,0,0,0,2.632
DHX37,0,0,0,0,0,0,0,0,0,0,0,-1.585,-2.631,-1.673,0,0,0,0,0,0,1.378
HPF1,0,0,0,0,0,0,0,0,0,0,0,0,0,0,0,0,0,0,0,0,2.631
FAM182B,0,0,0,0,0,0,0,0,0,0,0,0,0,0,0,0,0,0,0,-2.63,0
FRY,0,0,0,0,0,-1.634,0,0,1.343,1.959,0,0,1.511,2.539,0,0,0,-1.364,-2.63,0,-2.203
PDE6D,0,0,0,0,0,0,0,0,0,0,0,0,0,0,0,0,0,0,0,0,2.629
BID,0,0,0,0,0,0,0,0,0,0,0,0,2.629,2.275,0,0,0,0,0,0,0
PLCD4,0,0,0,0,0,0,0,0,0,0,0,0,0,0,0,0,0,0,0,0,-2.629
FOXP4,0,0,0,0,0,1.849,2.305,0,0,0,0,0,0,0,0,0,0,0,0,-2.627,0
ENSEMBL:ENSG00000250138,0,0,0,0,0,0,0,0,0,0,0,0,1.378,2.627,0,0,0,0,0,0,0
SCAND1,0,0,0,0,0,0,0,0,0,0,0,0,0,0,0,0,0,0,0,2.626,0
PSMA6,0,0,0,0,0,0,0,0,0,0,0,0,0,0,0,0,0,0,-2.626,0,1.559
MBNL3,0,0,0,0,0,-2.625,-2.233,0,0,0,0,0,0,0,0,0,0,0,0,-1.327,0
KIF21A,0,0,0,0,0,0,0,0,0,0,0,0,0,0,0,0,0,0,0,2.625,0
TTC4P1,0,0,0,0,0,0,0,0,0,0,0,0,0,0,0,0,0,0,0,-2.625,0
ADCY4,0,0,0,0,0,0,0,0,0,0,0,0,1.893,2.624,0,0,0,0,0,0,0
SMU1,0,0,0,0,0,0,0,0,0,0,0,0,0,0,0,0,0,0,0,2.423,-2.624
ENSEMBL:ENSG00000262223,0,0,0,0,0,0,0,0,0,0,0,0,0,0,0,0,0,0,0,-2.623,0
ATP9B,0,0,0,0,0,0,0,0,0,0,0,0,0,0,0,0,0,0,0,0,-2.623
CCDC61,0,0,0,0,0,0,0,0,0,0,0,0,0,0,0,0,-1.468,0,0,-2.622,0
MEGF6,0,0,0,0,0,0,0,0,0,1.727,0,0,0,2.622,0,0,0,0,0,0,0
EIF4EBP3,0,0,0,0,0,0,0,0,0,0,0,0,0,0,0,-1.888,2.622,0,-1.574,1.361,0
ENTPD4,0,0,0,0,0,-2.247,0,0,0,0,0,0,1.525,0,0,0,0,0,0,2.621,2.383
PTOV1-AS1,0,0,0,0,0,0,0,0,0,0,0,0,0,0,0,2.621,0,0,0,0,0
USP8,0,0,0,0,0,-2.108,0,0,0,0,0,0,0,0,0,1.313,0,0,2.621,0,0
RAMP3,0,0,0,0,0,0,0,0,0,0,0,0,0,0,0,0,0,0,0,2.62,0
CRYZL2P,0,0,0,0,0,0,0,0,0,0,0,0,-1.38,0,0,0,-2.377,0,0,-2.62,0
ADGRE4P,0,0,0,0,0,-2.318,-1.687,0,0,0,0,0,0,-2.62,0,0,0,0,0,0,0
EIF6,0,0,0,0,0,2.62,2.59,0,0,0,0,0,0,0,0,0,0,0,0,0,2.2
PEG10,0,0,0,0,0,0,0,0,0,0,0,0,0,0,0,0,0,0,0,2.619,2.496
D2HGDH,0,0,0,0,0,0,0,0,0,0,0,0,0,-1.881,0,0,0,0,0,-2.619,-1.561
ENSEMBL:ENSG00000249592,0,0,0,0,0,0,0,0,0,0,0,0,0,0,0,2.619,0,0,2.431,0,0
H4-16,0,0,0,0,0,0,0,0,0,0,0,0,0,0,0,0,0,0,0,-2.619,0
PUS1,0,0,0,0,0,0,0,0,0,0,0,0,0,0,0,0,0,0,0,2.618,0
ASPSCR1,0,0,0,0,0,0,0,0,0,0,0,0,-1.541,-2.052,0,-2.618,0,0,-1.851,-1.593,0
GP1BA,0,0,0,0,0,0,0,2.096,1.58,0,0,1.419,2.574,0,0,0,0,0,0,-2.617,0
PPP6R1,0,0,0,0,0,0,0,0,0,0,0,0,2.617,0,0,0,0,0,-1.717,0,0
RNFT1,0,0,0,0,0,0,0,0,0,0,0,0,0,0,0,0,0,0,0,2.617,0
SIRT7,0,0,0,0,0,0,0,0,0,0,0,0,0,0,0,0,0,0,0,-2.617,0
PRNP,0,0,0,0,0,0,0,0,0,0,0,0,0,0,0,0,0,-1.891,0,2.617,-2.119
ENSEMBL:ENSG00000262050,0,0,0,0,0,0,0,0,0,0,0,0,0,0,0,2.617,0,0,1.361,1.536,0
MREG,0,0,0,0,0,0,0,0,0,0,0,0,0,0,0,0,0,0,0,-2.617,0
ENSEMBL:ENSG00000286112,0,0,0,0,0,0,0,0,0,0,0,0,0,0,0,0,0,0,0,-2.617,0
SPTAN1,0,1.759,0,0,0,0,0,0,0,0,0,0,0,-2.616,0,0,0,0,-1.507,0,0
FCGBP,0,0,0,0,0,0,0,0,0,0,0,0,0,-2.616,0,0,0,0,0,0,0
FCRLA,0,0,0,0,0,0,-2.616,0,0,0,0,0,0,-2.133,0,0,0,0,0,0,0
MRPS16,0,1.595,0,0,0,0,0,0,0,0,0,0,0,0,0,0,0,2.615,0,0,0
FRMPD1,0,0,0,0,0,0,0,0,0,0,0,0,0,0,0,0,0,2.615,0,-2.168,1.626
ZNF526,0,0,0,0,0,0,0,0,0,0,0,0,0,0,0,0,0,0,0,-2.615,0
FIP1L1,0,0,0,0,0,0,0,0,0,0,0,0,0,0,0,0,0,0,0,-2.614,0
ZC3H11B,0,0,0,0,0,0,0,0,0,0,0,0,0,0,0,0,0,0,0,0,-2.614
OBP2B,0,0,0,0,0,0,0,0,0,0,0,0,-2.614,0,0,0,0,0,0,0,0
AGER,0,0,0,0,0,1.345,0,0,0,0,0,-1.661,-2.614,-1.614,0,0,-1.387,0,0,-2.462,0
CDH26,0,0,0,0,0,0,0,0,0,2.055,0,0,0,2.614,0,0,0,0,0,0,0
RFC5,0,0,0,0,0,0,0,0,0,0,0,0,0,0,0,0,0,0,0,-2.613,0
PTBP1,0,0,0,0,0,0,0,0,0,0,0,0,0,0,0,0,0,0,0,2.613,0
E2F4,0,1.54,0,0,0,0,0,0,0,0,0,0,0,0,0,0,0,0,0,0,2.613
ZNF180,0,0,0,0,0,0,0,0,0,0,0,0,0,0,0,0,0,0,-2.613,0,0
GSTM2,0,0,0,0,0,2.613,2.363,0,0,0,0,0,0,0,0,0,0,0,0,0,0
PGBD4,0,0,0,0,0,0,0,0,0,0,0,0,0,-2.112,0,0,0,0,0,0,2.612
ALDH5A1,0,0,0,0,0,-2.364,-1.351,0,0,0,0,0,0,-1.374,0,0,0,0,0,0,-2.612
PDXDC2P-NPIPB14P,0,0,0,0,0,0,0,0,0,0,0,0,0,0,0,0,0,0,0,-2.612,0
FLT3,0,0,0,0,0,0,0,0,0,1.804,0,0,0,2.612,0,0,0,0,0,0,0
LINC01410,0,0,0,0,0,0,0,0,0,1.562,0,0,0,2.612,0,0,0,0,0,0,0
NVL,0,0,0,0,0,0,0,0,0,0,0,0,0,-2.612,0,0,-2.033,0,0,-1.857,0
TPBG,0,0,0,0,0,0,0,0,0,0,0,0,0,0,0,2.611,0,0,1.704,1.575,0
METTL9,0,0,0,0,0,0,0,0,0,1.963,0,0,1.944,2.61,0,0,0,0,0,0,0
TAOK3,0,0,0,0,0,0,0,0,0,0,0,0,0,2.61,0,0,0,0,0,0,0
C17orf75,0,0,0,0,0,0,0,0,0,0,0,0,0,0,0,0,0,2.61,0,0,0
SFSWAP,0,0,0,0,0,0,0,0,0,0,0,0,-2.24,0,0,0,0,0,-1.464,-2.61,0
TWF1,0,0,0,0,0,0,0,0,0,2.61,0,0,0,2.293,0,0,0,0,0,1.691,0
SLC35E1,0,0,0,0,0,0,0,0,0,0,0,0,2.29,0,0,0,0,0,0,0,2.61
OTULINL,0,0,0,0,0,0,0,0,0,2.61,0,0,0,1.982,0,0,0,0,0,0,0
EDF1,0,0,0,0,0,1.752,0,0,0,0,0,0,0,0,0,0,0,0,0,2.609,1.473
SPOUT1,0,0,0,0,0,0,1.583,0,0,-1.831,0,0,0,-2.608,0,0,1.485,0,-2.459,0,0
RIPK1,0,0,0,0,0,0,0,0,0,0,0,0,0,2.608,0,0,-1.756,0,-2.046,0,0
CA8,0,0,0,0,0,0,0,0,0,0,0,0,0,0,0,0,-2.608,0,0,0,0
TMC4,0,0,0,0,0,0,1.856,0,0,0,0,0,0,2.608,0,0,0,0,0,0,0
KIDINS220,0,0,0,0,0,-1.743,0,0,0,1.504,0,0,0,1.882,0,0,0,0,0,2.607,0
THEM4,0,0,0,0,0,-2.039,-1.314,0,0,-1.972,0,0,0,-2.607,0,0,0,0,0,-1.325,0
UQCC2,0,0,0,0,0,1.598,0,0,0,0,0,0,0,0,0,0,0,0,0,0,2.607
AK1,0,0,0,0,0,0,0,0,0,0,0,0,0,-1.549,0,2.606,0,0,0,0,0
INPP5B,0,0,0,0,0,0,0,0,0,0,0,0,0,0,0,0,0,0,0,-2.606,0
PPARA,0,0,0,0,0,0,0,0,0,0,0,0,0,0,0,0,0,2.606,0,0,0
IBTK,0,0,0,0,0,0,0,0,0,0,0,0,0,0,0,0,0,2.606,0,1.841,2.063
AXIN2,0,0,0,0,0,-2.396,-1.629,0,0,0,0,0,0,0,0,1.788,-2.202,0,0,-2.606,0
IL6R-AS1,0,0,0,0,0,0,0,0,0,0,0,0,0,0,0,0,0,0,0,2.605,0
RNF135,0,0,0,0,0,0,0,0,0,0,0,0,0,2.605,0,0,0,0,0,0,0
PICK1,0,0,0,0,0,0,2.429,0,0,0,0,0,0,0,0,0,0,0,0,-1.813,-2.605
CLK3,0,0,0,0,0,0,0,1.972,0,0,0,2.605,2.512,0,0,0,0,0,0,-1.334,0
TMEM254-AS1,0,0,0,0,0,0,0,0,0,0,0,0,0,0,0,0,0,0,0,-2.604,0
C2orf49,0,0,0,0,0,0,0,0,0,0,0,0,0,0,0,2.446,0,0,2.603,0,-1.365
SUGT1,0,0,0,0,0,0,0,0,0,-2.138,0,0,0,-2.603,0,0,0,0,0,0,0
TBCB,0,0,0,0,0,2.603,0,0,0,0,0,0,0,0,0,0,0,0,0,0,0
BAG6|ENSG00000204463,0,0,0,0,0,-2.601,-2.122,0,0,0,0,0,1.849,0,0,0,0,0,0,0,0
NDUFS6,0,0,0,0,0,0,0,0,0,0,0,0,0,0,0,0,0,2.601,0,0,0
CCDC82,0,0,0,0,0,0,0,0,0,0,0,0,0,0,0,0,0,0,0,-2.601,0
PPBP,0,0,0,0,1.437,0,0,0,0,0,0,1.73,2.6,0,0,0,0,0,0,0,0
PPP1R9B,0,0,0,0,0,0,0,0,0,0,0,0,0,0,0,0,0,0,0,-2.6,0
BECN1,0,0,0,0,0,0,0,0,0,0,0,0,0,2.6,0,0,0,0,0,0,0
NHLRC2,0,0,0,0,0,0,0,0,0,0,0,0,0,0,0,0,0,0,0,0,2.599
RUNX1T1,0,0,0,0,0,0,0,0,0,0,0,0,0,0,0,0,0,0,0,-2.598,0
GET1,0,0,0,0,0,0,0,0,0,0,0,0,0,0,0,0,0,0,0,-2.598,0
NECAP1,0,0,0,0,0,-1.391,0,0,0,0,0,0,0,0,0,2.372,0,0,0,2.598,0
EIF2S3,0,0,0,0,0,-1.855,0,0,0,0,0,0,0,0,0,0,0,0,0,0,-2.597
ZNF649,0,0,0,0,0,0,0,0,0,0,0,0,0,0,0,0,0,0,0,2.597,0
BCL7C,0,0,0,0,0,1.609,0,0,0,0,0,0,0,-1.482,0,0,0,0,2.13,0,2.596
EZR,0,0,0,0,0,0,0,0,0,-1.485,0,0,0,-2.596,0,0,0,0,0,1.471,0
STK17A,0,0,0,0,0,0,0,1.313,0,0,0,1.636,0,1.458,0,0,0,0,0,2.596,0
PPCDC,0,0,0,0,0,0,0,0,0,0,0,0,0,0,0,0,0,0,0,-2.596,0
RN7SL1,0,0,0,0,0,0,-1.354,0,0,0,0,0,0,0,0,-2.595,0,0,0,0,0
TMED7-TICAM2,0,0,0,0,0,0,0,0,0,0,0,0,0,0,0,0,0,0,0,-2.595,0
LPP-AS2,0,0,0,0,0,0,0,0,0,0,0,0,0,0,0,0,0,0,0,0,2.595
CASC18,0,0,0,0,0,0,0,0,0,0,0,0,0,0,0,0,0,0,0,0,-2.595
PTOV1,0,0,0,0,0,1.746,0,0,0,0,0,0,0,0,0,-2.594,0,0,0,0,0
TMEM101,0,0,0,0,0,0,0,0,0,0,0,0,-1.543,0,0,0,0,0,0,-2.594,0
PPP1R16B,0,0,0,0,0,0,1.552,0,0,-1.904,0,0,0,-2.593,0,0,2.345,0,0,1.666,0
CEP162,0,0,0,0,0,0,0,0,0,0,0,0,0,0,0,0,0,0,0,-2.593,0
INPP1,0,0,0,0,0,0,0,0,0,0,0,0,0,0,0,2.188,0,0,1.525,0,-2.593
SNHG8,0,0,0,0,0,0,0,0,0,0,0,0,0,-2.593,0,0,0,0,0,2.202,0
VPS8,0,0,0,0,0,0,0,0,0,1.525,0,0,1.767,1.659,0,0,0,0,0,2.592,0
TTN-AS1,0,0,0,0,0,0,0,0,1.819,2.334,0,0,2.592,1.731,0,0,0,0,0,0,0
ENSEMBL:ENSG00000245970,0,0,0,0,0,0,0,0,-1.759,0,0,-1.364,-2.592,0,0,0,0,0,0,0,0
SFI1,0,0,0,0,0,0,0,0,0,0,0,0,0,-2.591,0,0,0,0,0,0,0
ATG13,0,0,0,0,0,0,0,0,0,0,0,0,0,2.591,0,0,0,0,-1.657,0,0
XRCC6,0,0,0,0,0,1.611,0,0,0,-1.583,0,0,0,-2.591,0,0,0,0,0,2.576,1.569
ALAS1,0,0,0,0,0,0,0,0,0,0,0,1.341,2.588,0,0,0,0,2.59,0,0,2.057
ENSEMBL:ENSG00000280285,0,0,0,0,0,0,0,0,0,0,0,0,0,0,0,0,-1.371,0,0,-2.59,0
COPB1,0,0,0,0,0,0,0,0,0,0,0,0,1.68,2.59,0,0,0,0,0,0,0
RPL37,0,0,0,0,0,0,0,0,0,-1.96,0,0,0,-2.59,0,0,0,0,0,0,0
EXOSC6,0,0,0,0,0,0,0,0,0,0,0,0,0,0,0,0,0,0,0,0,-2.59
GRTP1,0,0,0,0,0,0,0,0,0,0,0,0,0,0,0,0,0,0,0,-2.589,0
TM9SF3,0,0,0,0,0,0,0,0,0,0,0,0,0,0,0,0,0,0,0,2.589,0
PKP1,0,0,0,0,0,0,0,0,0,0,0,0,0,0,0,2.589,0,0,1.341,0,0
ENSEMBL:ENSG00000279369,0,0,0,0,0,0,0,0,0,0,0,-1.344,-2.588,0,0,0,0,0,0,0,0
NAPSB,0,0,0,0,0,0,0,0,0,0,0,-1.397,-2.587,-2.046,0,0,0,0,0,0,0
RPA2,0,0,0,0,0,0,1.502,0,0,0,0,0,0,0,0,0,0,0,0,-2.318,2.587
BICC1,0,0,0,0,0,0,0,0,0,0,0,0,0,0,0,0,0,0,0,0,-2.586
TARBP2,0,0,0,0,0,0,1.465,0,0,0,0,0,0,0,0,0,-1.384,2.533,-1.489,-2.585,0
HLCS,0,0,0,0,0,0,0,0,0,0,0,0,0,0,0,0,0,0,-2.585,0,0
GTF2H4,0,0,0,0,0,0,0,0,0,0,0,0,0,-1.774,0,-2.585,0,0,0,0,0
PTPN23-DT,0,0,0,0,0,0,0,0,0,0,0,0,-1.318,-1.479,0,2.585,0,0,0,0,0
ALG6,0,0,0,0,0,0,0,0,0,0,0,0,0,0,0,0,0,0,0,-2.584,0
SNHG32,0,0,0,0,0,0,0,0,0,0,0,0,0,-2.377,0,0,0,0,0,1.379,2.583
MTATP6P1,0,0,0,0,0,0,0,0,0,0,0,0,0,0,0,-2.583,0,0,0,0,0
SSRP1,0,-1.67,0,0,0,0,0,0,-1.603,0,0,0,-2.582,-1.924,0,0,0,0,0,0,0
CSTF3,0,0,0,0,0,0,0,0,0,0,0,0,0,0,0,0,0,0,0,0,2.582
GPD1,0,0,0,0,0,0,0,0,0,0,0,0,0,0,0,0,0,0,0,-2.581,-2.389
EFL1,0,0,0,0,0,0,0,0,0,0,0,0,0,0,0,0,0,1.608,0,0,2.581
EFCC1,0,0,0,0,0,0,0,0,0,0,0,0,0,0,0,0,-2.58,0,0,0,0
HLA-DPB1,0,0,0,0,0,0,0,0,0,-1.437,0,0,-2.138,-2.58,0,0,0,0,0,0,0
ACAA1,0,0,0,0,0,0,0,0,0,0,0,0,0,2.579,0,0,0,1.54,0,0,0
SPTY2D1,0,0,0,0,0,0,0,0,0,1.858,0,0,0,2.579,0,0,0,0,0,0,0
SH3BP1,0,0,0,0,0,2.129,1.479,0,0,0,0,2.158,2.579,0,0,0,0,0,0,0,0
PIK3C3,0,0,0,0,0,0,0,0,0,0,0,0,0,2.579,0,0,0,0,0,-2.458,0
SEPTIN6,0,1.32,0,0,0,0,0,0,0,-1.531,0,0,0,-2.579,0,0,0,0,0,0,0
HEXA,0,0,0,0,0,0,0,0,-1.7,-2.426,0,0,-1.746,-1.833,0,0,2.579,0,0,0,0
TIPRL,0,0,0,0,0,0,0,0,0,1.815,0,0,0,1.8,0,0,0,0,0,0,2.578
AP1B1,0,0,0,0,0,0,0,0,0,0,0,0,0,-1.704,0,0,0,0,0,0,2.578
SIAH1,0,0,0,0,0,0,0,0,0,0,0,0,0,0,0,1.969,0,0,2.577,2.281,0
ENSEMBL:ENSG00000286861,0,0,0,0,0,0,0,0,0,0,0,0,0,0,0,0,0,0,0,-2.576,0
ENSEMBL:ENSG00000271380,0,0,0,0,0,0,2.576,0,0,0,0,0,0,0,0,0,0,0,0,0,0
XPNPEP1,0,0,0,0,0,0,2.576,0,0,0,0,0,0,0,0,0,0,0,0,0,0
ENPEP,0,0,0,0,0,0,0,0,0,0,0,0,0,0,0,0,0,0,0,2.003,2.576
ESS2,0,0,0,0,0,2.576,0,0,0,0,0,0,0,0,0,0,0,0,0,0,0
ENSEMBL:ENSG00000287562,0,0,0,0,0,0,0,0,0,0,0,0,0,0,0,0,0,0,0,-2.575,-1.592
SMURF2,0,0,0,0,0,0,0,0,0,1.597,0,0,0,2.575,0,0,0,-1.358,0,0,0
LINC00324,0,0,0,0,0,0,0,0,0,0,0,0,1.764,0,0,0,0,0,0,-2.575,0
MSRB2,0,0,0,0,0,0,0,0,0,1.789,0,0,1.579,2.575,0,0,0,0,0,0,0
FPGS,0,0,0,0,0,2.575,1.479,0,0,0,0,0,0,-1.704,0,0,0,0,0,0,0
ENSEMBL:ENSG00000277978,0,0,0,0,0,0,0,0,0,2.234,0,1.485,0,2.575,0,0,0,0,0,0,0
PSEN2,0,0,0,0,0,0,0,0,0,0,0,0,0,0,0,0,-1.383,0,0,-2.574,0
TTC9C,0,0,0,0,0,0,0,0,0,0,0,0,2.096,0,0,0,0,0,0,-2.573,0
CDK13,0,0,0,0,0,0,0,0,0,0,0,0,0,0,0,0,-1.365,0,-1.692,-2.572,0
SOX7,0,0,0,0,0,0,0,0,0,0,0,0,0,0,0,0,-2.572,0,0,0,0
TMED2,0,0,0,0,0,0,0,0,0,1.45,0,0,1.759,2.571,0,0,0,0,0,0,0
CUTA,0,0,0,0,0,2.089,0,0,0,-1.432,0,0,0,-2.571,0,0,0,0,0,1.481,0
DCHS1,0,0,0,0,0,-1.551,-1.377,0,0,0,0,0,0,-1.451,0,0,1.469,0,1.395,2.571,0
RBM17,0,0,0,0,0,0,0,0,0,0,0,0,0,0,0,-2.57,0,0,-1.6,-1.382,-2.389
ENSEMBL:ENSG00000254556,0,0,0,0,0,0,0,0,0,0,0,0,-2.57,0,0,0,0,0,0,0,0
TMEM106B,0,0,0,0,0,0,0,0,0,0,0,0,0,0,0,0,0,0,0,-2.57,0
C6orf136,0,0,0,0,0,0,1.448,0,0,0,0,0,0,0,0,0,0,2.57,0,0,1.565
MBD3,0,0,0,0,0,2.269,1.418,0,0,0,0,0,0,0,0,0,0,0,0,0,2.57
SPSB4,0,0,0,0,0,0,0,0,0,0,0,0,0,0,0,0,0,0,0,0,2.569
MTRF1,0,0,0,0,0,-1.381,0,0,0,0,0,0,0,0,0,0,0,0,0,-2.568,0
ANKRD34A,0,0,0,0,0,0,0,0,0,0,0,0,0,0,0,0,0,0,0,0,2.568
GADL1,0,0,0,0,0,0,0,0,0,0,0,0,0,0,0,0,0,2.567,0,0,1.773
NUP62,0,0,0,0,0,0,0,0,0,-2.538,0,0,0,-1.854,0,0,0,0,0,-2.567,0
CBLL1,0,0,0,0,0,-2.567,-1.455,0,0,0,0,0,0,0,0,0,0,0,0,-1.302,0
SNX29,0,-1.664,0,0,0,-1.546,-2.567,0,0,0,0,0,0,0,0,0,0,0,0,0,0
ENSEMBL:ENSG00000263165,0,0,0,0,0,2.567,0,0,0,0,0,0,0,0,0,0,0,0,0,0,0
USP9X,0,0,0,0,0,-2.567,-1.434,0,0,0,0,0,0,1.929,0,0,0,0,0,2.088,-2.489
HIF3A,0,0,0,0,0,0,0,0,0,0,0,0,0,0,0,0,-2.566,0,0,0,0
PPIL3,0,1.829,0,0,0,0,0,0,0,0,0,0,0,0,0,0,0,0,0,-2.565,0
KDM1A,0,0,0,0,0,0,0,0,0,-1.885,0,0,0,-2.564,0,0,0,0,0,0,-2.506
HMGB1,0,0,0,0,0,0,0,0,0,1.496,0,1.362,2.563,1.887,0,0,0,0,2.147,0,0
SLC35D1,0,0,0,0,0,0,0,0,0,0,0,0,0,0,0,0,0,0,0,0,-2.563
CNST,0,0,0,0,0,0,0,0,0,0,0,0,0,0,0,0,0,0,0,0,-2.563
ENSEMBL:ENSG00000254614,0,0,0,0,0,0,0,0,0,0,0,0,2.563,0,0,0,0,0,0,0,0
TXNRD2,0,0,0,0,0,1.306,0,0,0,0,0,0,0,0,0,0,0,0,0,-2.563,0
NDUFV3,0,0,0,0,0,0,0,0,0,-1.518,0,0,0,-1.308,0,0,0,2.562,-2.329,-2.27,0
TAGAP-AS1,0,0,0,0,0,-1.414,0,0,0,0,0,0,0,0,0,0,0,0,0,-2.562,0
TMEM87A,0,0,0,0,0,0,0,0,0,0,0,0,0,0,0,0,0,0,0,0,-2.562
EEF1A1P5,0,0,0,0,0,0,0,0,0,-1.964,0,0,0,-2.562,0,0,0,0,0,0,0
ARID2,0,0,0,0,0,0,0,0,0,0,0,0,0,0,0,1.56,0,0,2.562,0,1.399
MAPK12,0,0,0,0,0,0,0,0,0,0,0,0,0,0,0,0,0,0,2.562,0,0
TRDN-AS1,0,0,0,0,0,0,0,0,0,0,0,0,0,0,0,0,0,0,2.561,2.366,0
MED6,0,0,0,0,0,0,0,0,0,0,0,0,0,0,0,0,0,0,2.561,1.592,0
ENSEMBL:ENSG00000262967,0,0,0,0,0,0,0,0,0,0,0,1.357,2.56,0,0,0,0,0,0,0,0
TRMT61A,0,0,0,0,0,0,0,0,0,0,0,0,-2.56,0,0,0,0,0,0,1.926,0
MYH2,0,0,0,0,0,0,0,0,0,0,0,0,0,0,0,2.091,0,0,2.559,0,1.41
MLH3,0,0,0,0,0,0,0,0,0,0,0,0,0,0,0,0,0,0,0,-2.559,0
LEFTY2,0,0,0,0,0,0,2.559,0,0,0,0,0,0,0,0,0,0,0,0,0,0
NIT1,0,0,0,0,0,0,0,0,0,0,0,0,0,0,0,-2.558,0,0,-2.27,-1.459,-1.335
E2F8,0,0,0,0,0,0,0,0,0,0,0,0,0,0,0,0,0,0,0,0,-2.558
LIG4,0,0,0,0,0,0,0,0,0,1.374,0,0,0,2.558,0,0,0,0,0,0,0
ENSEMBL:ENSG00000285693,0,0,0,0,0,0,0,0,2.557,0,0,1.353,1.818,0,0,0,0,0,0,0,0
TMEM165,0,0,0,0,0,0,0,0,0,1.51,0,0,0,2.557,0,0,0,0,0,2.172,0
BFSP1,0,0,0,0,0,0,2.557,0,0,0,0,0,0,0,0,0,0,0,0,0,0
HLA-DPA1,0,0,0,0,0,0,0,-1.369,-1.555,-2.555,0,0,0,-2.501,0,0,0,0,0,0,0
ELP2,0,0,0,0,0,0,0,0,0,-2.555,0,0,-1.625,-2.007,0,0,0,0,0,0,0
DPP9-AS1,0,0,0,0,0,0,0,0,-2.491,0,0,0,-2.555,0,0,0,0,0,0,0,0
CEROX1,0,0,0,0,0,0,-2.034,0,0,0,0,-1.613,0,-2.555,0,0,1.808,0,0,1.809,0
FCRL3,0,0,0,0,0,2.555,2.133,0,0,0,0,0,-1.847,-1.5,0,0,0,0,0,0,0
RNF25,0,0,0,0,0,0,0,0,0,0,0,0,0,0,0,0,0,0,0,-2.555,0
ETNK1,0,0,0,0,0,-2.04,0,0,0,0,0,0,0,0,0,2.554,0,0,2.268,0,0
ZNF428,0,0,0,0,0,1.353,0,0,0,0,0,0,0,-2.553,0,0,0,0,0,1.692,0
IGSF3,0,0,0,0,0,0,2.553,0,0,0,0,0,0,0,0,0,0,0,0,0,1.866
LINC00921,0,0,0,0,0,0,0,0,0,0,0,0,0,2.553,0,0,0,0,0,0,0
ENSEMBL:ENSG00000227741,0,0,0,0,0,0,0,0,0,0,0,0,0,0,0,2.553,0,0,0,0,0
DCAF16,0,0,0,0,0,0,0,0,0,0,0,0,-2.128,0,0,0,0,0,0,0,-2.552
CCDC65,0,0,0,0,0,0,0,0,-2.104,0,0,0,-2.551,0,0,0,0,0,0,0,0
ALDH4A1,0,0,0,0,0,0,0,0,0,0,0,0,0,0,0,0,0,0,0,0,-2.55
GOT2,0,0,0,0,0,0,0,0,0,0,0,0,0,-1.617,0,0,0,0,-2.55,0,0
RNF38,0,0,0,0,0,-1.467,0,0,0,1.452,0,0,0,1.857,0,0,-1.43,-2.547,0,0,0
MCM5,0,0,0,0,0,1.755,0,0,0,0,0,0,0,0,0,0,0,0,0,-2.547,-1.668
OLFML1,0,0,0,0,0,0,0,0,0,0,0,0,0,0,0,0,-2.076,0,0,-2.546,0
ENSEMBL:ENSG00000279744,0,0,0,0,0,0,0,0,0,0,0,0,0,0,0,0,0,0,0,-2.546,0
ENSEMBL:ENSG00000280571,0,0,0,0,0,0,0,0,0,0,0,0,0,0,0,0,0,2.371,0,0,2.546
ENSEMBL:ENSG00000278869,0,0,0,0,0,0,0,0,0,0,0,0,0,0,0,0,2.545,0,0,2.166,0
FHIP2B,0,0,0,0,0,2.545,2.276,0,0,0,0,0,0,0,0,0,0,0,0,0,0
ZFC3H1,0,0,0,0,0,-1.881,0,0,0,0,0,0,0,0,0,0,0,0,0,2.544,0
CCR12P,0,0,0,0,0,0,-2.544,0,0,0,0,0,0,-1.893,0,0,0,0,0,0,0
ZNF518B,0,0,0,0,0,0,0,0,0,2.237,0,0,0,2.543,0,0,0,0,0,0,0
RNF11,0,0,0,0,0,-2.543,0,0,0,0,0,0,0,0,0,0,0,0,0,0,0
FAM13A,0,0,0,0,0,-2.478,0,-1.51,0,0,0,0,0,0,0,0,0,0,0,0,2.543
WDR77,0,0,0,0,0,0,0,0,0,0,0,0,0,0,0,0,0,0,-2.541,1.954,1.76
CCDC57,0,0,0,0,0,0,0,0,0,0,0,0,0,0,0,0,-2.083,0,0,-2.539,0
RPL29,0,0,0,0,0,0,0,0,0,-1.496,0,0,0,-2.539,0,0,0,0,0,0,0
NEK10,0,0,0,0,0,0,0,0,0,0,0,0,0,0,0,0,0,0,0,0,-2.538
ESF1,0,0,0,0,0,0,0,0,0,0,0,0,0,0,0,0,2.538,0,0,1.832,0
ATP6AP2,0,0,0,0,0,0,0,0,0,1.973,0,0,2.39,2.538,0,0,0,0,0,0,0
FSTL3,0,0,0,0,0,0,0,0,-1.351,0,0,0,-2.537,0,0,0,0,0,0,0,0
ENSEMBL:ENSG00000279026,0,0,0,0,0,0,0,0,0,0,0,0,0,0,0,0,0,0,0,0,-2.536
SF3B2,0,0,0,0,0,0,0,0,0,0,0,0,0,0,0,2.535,0,0,-1.707,-1.31,1.479
AMBRA1,0,0,0,0,0,0,0,0,0,0,0,0,0,0,0,0,0,0,0,0,-2.535
PLCL1,0,0,0,0,0,0,0,0,0,0,0,-1.513,0,0,0,0,0,0,-1.508,0,-2.535
PRPF4,0,0,0,0,0,0,0,0,0,0,0,0,0,0,0,0,0,0,0,0,-2.535
PTRHD1,0,0,0,0,0,0,0,0,0,0,0,0,0,-2.535,0,0,0,0,0,0,0
PNPT1,0,0,0,0,0,0,0,0,0,-2.534,0,0,0,-2.159,0,0,0,0,0,0,0
LCMT2,0,0,0,0,0,0,0,0,0,0,0,0,0,0,0,0,0,0,0,2.534,0
NUCB1,0,0,0,0,0,0,0,0,0,0,0,0,0,0,0,0,0,2.533,0,0,0
LONP1,0,0,0,0,0,0,0,0,0,0,0,0,-2.533,0,0,0,0,0,0,0,0
TLE1P1,0,0,0,0,0,0,0,0,0,0,0,0,0,0,0,0,0,0,0,0,-2.533
PITPNA,0,0,0,0,0,0,0,0,0,0,0,0,1.503,2.531,0,0,0,0,0,0,0
UROS,0,0,0,0,0,0,0,0,0,0,0,0,0,-2.531,0,0,0,0,0,0,0
WASHC4,0,0,0,0,0,-2.53,0,0,0,1.92,0,0,0,1.611,0,0,0,0,0,0,0
CHST14,0,0,0,0,0,2.53,0,0,0,0,0,0,0,0,0,0,0,0,0,0,0
NOLC1,0,0,0,0,0,0,0,0,0,0,0,0,0,-1.522,0,0,0,0,0,2.53,0
TMEM104,0,0,0,0,0,0,2.147,0,0,-1.329,0,0,0,0,0,0,0,0,0,-2.152,2.53
SIGMAR1,0,0,0,0,0,0,0,0,0,0,0,0,0,0,0,0,0,0,0,-2.529,0
TET2,0,0,0,0,0,-2.529,-1.867,0,0,0,0,0,0,0,0,0,0,0,0,0,0
CHFR,0,0,0,0,0,0,0,0,0,2.529,0,0,0,2.183,0,0,0,0,0,0,0
DNPEP,0,0,0,0,0,0,0,0,0,0,0,0,0,-2.002,0,0,0,0,0,0,2.529
ATP7A,0,0,0,0,0,0,0,0,0,0,0,0,0,0,0,0,0,0,0,0,2.529
GSR,0,1.516,0,0,0,0,0,0,0,1.921,0,0,1.403,2.528,0,0,0,0,0,0,0
ETFBKMT,0,0,0,0,0,0,0,0,0,0,0,0,0,0,0,0,0,0,0,-2.527,0
AS3MT,0,0,0,0,0,0,0,0,0,0,0,0,0,0,0,0,0,2.527,0,0,0
PPIP5K1,0,0,0,0,0,0,0,0,0,0,0,0,0,0,0,2.527,0,0,1.851,0,0
IL4I1,0,0,0,0,0,-1.455,-1.466,0,-1.303,0,0,0,-2.527,0,0,0,0,0,0,0,0
RBMS3-AS3,0,0,0,0,0,0,0,0,0,0,0,0,0,0,0,0,0,0,0,-2.527,0
LINC00235,0,0,0,0,0,0,0,0,0,0,0,0,0,0,0,0,0,0,0,2.527,0
TAL2,0,0,0,0,0,0,0,0,0,0,0,0,0,0,0,0,-1.621,0,0,0,2.526
LUC7L2,0,0,0,0,0,0,0,0,0,0,0,0,0,0,0,-2.526,0,0,0,0,0
FKBPL,0,0,0,0,0,0,0,0,0,0,0,0,0,0,0,0,0,0,0,-2.526,0
ATF4,0,0,0,0,0,2.068,1.452,1.468,0,0,0,0,0,0,0,0,0,0,0,2.526,0
TMEM64,0,0,0,0,0,0,0,0,0,0,0,0,0,0,0,0,0,0,0,0,-2.525
SPG21,0,0,0,0,0,0,0,0,0,2.15,0,0,2.525,2.295,0,0,0,0,0,0,0
TUBA1B,0,0,0,0,0,0,1.845,0,0,0,0,0,2.525,1.74,0,0,1.637,0,0,1.685,0
HLA-A,0,0,0,0,0,0,0,0,0,0,0,1.552,2.525,2.187,0,0,0,0,0,0,0
PSTPIP1,0,0,0,0,0,1.571,2.044,1.636,1.317,0,0,2.112,2.525,0,0,0,0,0,0,0,0
EIF3C,0,0,0,0,0,0,0,0,0,-1.451,0,0,0,-1.512,0,0,0,0,-2.525,1.408,0
DUS1L,0,0,0,0,0,0,0,0,0,-2.44,0,0,-1.826,-2.525,0,0,0,0,0,0,0
DUSP22,0,0,0,0,0,0,0,0,0,0,0,0,2.524,0,0,0,0,0,0,0,-1.763
LINC01644,0,0,0,0,0,0,0,0,0,-1.318,0,0,0,-2.524,0,0,0,0,0,0,0
ZNF628,0,0,0,0,0,0,0,0,0,0,0,0,0,0,0,0,0,0,0,-2.524,0
TAS2R20,0,0,0,0,0,0,0,0,0,0,0,0,0,0,0,0,0,0,0,-2.524,0
CBL,0,0,0,0,0,-2.085,0,0,0,1.867,0,0,2.523,2.082,0,0,0,0,1.978,0,0
GARS1,0,0,0,0,0,0,0,0,0,0,0,0,0,0,0,0,0,0,0,2.522,2.204
LRRC58,0,0,0,0,0,0,0,0,0,0,0,0,0,0,0,0,2.522,0,0,0,0
EBF1,0,0,0,0,0,0,0,0,0,0,0,0,0,0,0,0,-2.522,0,0,-2.105,0
SIGLEC14,0,0,0,0,0,0,0,0,0,1.504,0,0,1.427,2.521,0,0,0,0,0,0,0
DDN-AS1,0,0,0,0,0,0,0,0,0,0,0,0,0,0,0,0,0,0,0,2.521,0
CTSO,0,0,0,0,0,0,0,0,0,0,0,0,0,0,0,0,-2.521,0,0,0,0
THBS3,0,0,0,0,0,0,0,0,0,0,0,0,0,2.521,0,0,0,0,0,0,0
C17orf80,0,0,0,0,0,0,0,0,0,0,0,0,0,0,0,0,0,0,0,-2.521,0
SNRNP27,0,0,0,0,0,0,0,0,0,0,0,0,0,0,0,0,0,0,0,0,2.52
MGST2,0,0,0,0,0,0,0,0,0,0,0,0,0,0,0,0,0,2.519,0,0,0
AHR,0,0,0,0,0,-2.519,0,0,0,0,0,0,0,0,0,0,0,0,0,0,0
DNMT1,0,0,0,0,0,0,0,0,0,0,0,0,0,-2.518,0,0,0,0,0,0,0
TACC3,0,0,0,0,0,0,0,0,0,0,0,0,0,2.518,0,0,0,0,0,0,0
BTBD11,0,0,0,0,0,0,-2.517,0,0,0,0,0,0,0,0,0,0,0,0,0,0
CHSY3,0,0,0,0,0,0,0,0,0,0,0,0,0,0,0,0,0,0,0,2.517,0
GABARAP,0,0,0,0,0,0,0,0,0,0,0,0,1.511,2.516,0,0,0,1.685,0,0,0
LCLAT1,0,0,0,0,0,0,0,0,0,0,0,0,0,0,0,0,0,0,0,0,2.516
SMARCA4,0,0,0,0,0,0,0,0,0,0,0,0,0,-1.748,0,0,0,0,1.331,0,2.516
RPGRIP1,0,0,0,0,0,0,0,0,0,2.516,0,0,0,2.205,0,0,0,0,0,0,0
POT1,0,0,0,0,0,0,0,0,0,0,0,0,0,0,0,0,0,0,0,-2.515,0
LINC00869,0,0,0,0,0,2.515,2.25,0,0,0,0,0,0,0,0,0,0,0,0,0,0
TCEANC2,0,0,0,0,0,0,0,0,0,0,0,0,0,0,0,0,0,0,0,-2.514,0
RAB11FIP4,0,0,0,0,0,0,0,0,0,0,0,0,2.514,0,0,0,0,0,0,0,0
PTPRC,0,0,0,0,0,-1.997,0,0,0,1.45,0,0,1.88,2.513,0,0,0,0,0,0,0
LINC00342,0,0,0,0,0,0,0,0,0,0,0,0,0,0,0,0,-2.512,0,0,-1.437,0
FBXL7,0,0,0,0,-1.656,0,0,0,0,0,0,0,0,0,0,0,-2.512,0,0,0,0
FOXP1,0,0,0,0,0,-2.04,-2.511,0,0,0,0,0,0,0,0,0,0,0,0,0,0
NEURL1,0,0,0,0,0,1.35,2.511,0,0,0,0,0,0,0,0,0,0,0,0,-1.518,0
ACAD10,0,0,0,0,0,0,0,0,0,0,0,0,0,0,0,0,0,0,0,-2.511,0
LINC01697,0,0,0,0,0,0,0,0,0,0,0,0,0,0,0,0,-1.424,0,0,-2.511,0
CCS,0,0,0,0,0,0,0,0,0,0,0,0,0,0,0,-2.511,0,0,0,-1.35,-1.459
TMEM198B,0,0,0,0,0,0,0,0,0,0,0,0,0,0,0,0,0,0,0,-2.511,0
PUDP,0,0,0,0,0,0,0,0,0,0,0,0,0,0,0,0,0,0,0,-2.51,0
NEMF,0,0,0,0,0,-1.611,-2.51,0,0,0,0,0,0,0,0,1.324,0,0,0,0,0
MED12,0,0,0,0,0,0,0,0,0,0,0,0,2.51,0,0,-2.405,0,0,0,0,0
RNF220,0,0,0,0,0,0,0,0,-1.447,0,0,0,0,0,0,0,0,0,0,-2.51,1.494
SNAPC1,0,0,0,0,0,0,0,0,0,0,0,0,0,0,0,0,0,0,0,-2.51,-1.832
ERV3-1,0,0,0,0,0,-1.627,-2.51,0,0,0,0,0,0,1.528,0,0,0,0,0,0,0
METTL7A,0,0,0,0,0,0,0,0,0,0,0,0,0,0,0,0,0,0,2.509,0,0
KHDC4,0,0,0,0,0,-1.832,0,0,0,0,0,0,0,0,0,-1.573,0,-2.388,0,0,-2.509
BABAM1,0,0,0,0,0,0,0,0,0,-1.436,0,0,0,-2.508,0,-1.698,0,0,0,0,0
PLEKHG4,0,0,0,0,0,0,0,-1.362,0,-2.215,0,-1.962,0,-2.508,0,0,0,0,0,0,0
RPL27,0,0,0,0,0,0,0,0,0,-2.204,0,0,0,-2.508,0,0,0,0,0,0,0
RRAGA,0,0,0,0,0,0,0,0,0,0,0,0,0,2.194,0,0,0,2.507,0,0,0
WSCD1,0,0,0,0,0,0,0,0,0,0,0,0,0,0,0,0,0,0,0,-1.534,-2.507
IREB2,0,0,0,0,0,-1.761,0,0,0,0,0,0,0,0,0,0,0,0,0,-2.481,-2.507
POLR3A,0,0,0,0,0,0,0,0,0,0,0,0,0,0,0,0,0,0,0,0,2.506
ASB3,0,0,0,0,0,0,0,0,0,0,0,0,0,0,0,0,0,0,2.506,0,0
KCNH8,0,0,0,0,0,0,0,-1.95,0,0,0,-2.506,0,0,0,0,0,0,0,0,0
RTL8C,0,0,0,0,0,0,0,0,0,0,0,0,0,0,0,-1.391,0,2.506,0,1.873,0
GALNT3,0,0,0,0,0,0,0,0,0,1.391,0,0,0,2.506,0,0,0,0,0,0,0
PATL2,0,0,0,0,0,2.505,1.499,0,0,0,0,0,0,0,0,0,0,0,0,0,0
NSUN3,0,0,0,0,0,0,0,0,0,0,0,0,0,0,0,0,0,0,0,-2.505,0
C14orf28,0,0,0,0,0,0,0,0,0,0,0,0,0,0,0,0,0,0,0,-2.505,0
PFKP,0,0,0,0,0,0,0,0,0,0,0,0,0,0,0,0,0,0,0,2.505,0
TMTC4,0,0,0,0,0,0,0,0,0,0,0,0,0,0,0,0,0,2.392,0,0,2.505
RPL21P16,0,0,0,0,0,0,-2.504,0,0,0,0,0,0,-1.558,0,0,0,0,0,0,0
RNF217,0,0,0,0,0,0,0,0,0,0,0,0,0,0,0,0,0,0,0,0,-2.504
ENSEMBL:ENSG00000288748,0,0,0,0,0,0,0,0,0,0,0,0,0,0,0,0,-2.021,0,0,-2.504,0
MTATP6P5,0,0,0,0,0,0,0,0,0,0,0,0,0,2.503,0,0,0,0,0,0,0
NOXA1,0,0,0,0,0,0,0,0,0,-1.587,0,0,0,0,0,0,0,0,0,-2.502,0
RARB,0,0,0,0,0,0,0,0,0,0,0,0,0,0,0,0,0,0,0,-2.502,0
LINC00930,0,0,0,0,0,0,0,0,0,0,0,0,0,0,0,0,0,0,0,-2.501,2.203
SCN2B,0,0,0,0,0,0,0,0,0,0,0,0,0,0,0,0,2.501,0,0,0,0
PLAU,0,0,0,0,0,0,2.501,0,0,0,0,0,0,0,0,0,0,0,0,2.117,0
SPOCK1,0,0,0,0,0,1.856,2.501,0,0,0,0,0,0,0,0,0,0,0,0,0,2.46
HAVCR1,0,0,0,0,0,0,2.501,0,0,0,0,0,0,0,0,0,0,0,0,0,0
CXCL17,0,0,0,0,0,0,2.501,0,0,0,0,0,0,0,0,0,0,0,0,0,0
VAMP7,0,0,0,0,0,0,0,0,0,0,0,0,0,0,0,0,0,0,0,0,2.5
GCAT,0,0,0,0,0,-2.5,0,0,0,0,0,0,0,0,0,0,0,0,0,0,0
TLK1,0,0,0,0,0,-2.5,0,0,0,0,0,0,0,0,0,0,0,0,0,-2.205,0
ENSEMBL:ENSG00000276449,0,0,0,0,0,-2.5,0,0,0,0,0,0,0,0,0,0,0,0,-1.933,0,0
FGFR4,0,0,0,0,0,0,0,0,0,0,0,0,0,0,0,0,0,0,0,0,2.499
PDHA1,0,0,0,0,0,0,0,0,0,0,0,0,0,0,0,0,0,1.455,-2.499,0,0
AEBP2,0,0,0,0,0,0,0,0,0,0,0,0,0,0,0,2.499,0,-1.719,2.028,1.661,0
SEMA6B,0,0,0,0,0,0,0,0,0,0,0,0,0,0,0,2.499,0,0,2.258,0,0
ADHFE1,0,0,0,0,0,0,2.298,0,0,0,0,0,0,0,0,-2.499,0,0,-1.679,0,-2.09
DHX8,0,0,0,0,0,0,0,0,0,0,0,0,0,2.498,0,0,0,0,0,0,1.748
PTAR1,0,0,0,0,0,0,0,0,0,1.606,0,0,0,0,0,0,0,0,0,0,-2.498
MSH4,0,0,0,0,0,0,0,0,0,0,0,0,0,0,0,0,0,0,0,0,2.498
NBPF3,0,0,0,0,0,0,0,0,0,0,0,0,0,0,0,0,0,0,0,-2.498,0
H1-2,0,0,0,0,0,0,0,0,0,0,0,0,1.655,2.498,0,0,0,0,0,0,0
PCGF3,0,0,0,0,0,0,0,0,0,1.541,0,0,0,2.498,0,0,0,0,0,0,0
MICAL1,0,0,0,0,0,0,0,0,0,0,0,0,0,2.498,0,0,0,0,0,0,0
SYNJ2BP,0,0,0,0,0,0,0,0,0,0,0,0,0,0,0,0,0,2.497,0,0,0
ESM1,0,0,0,0,0,0,0,0,0,0,0,0,-2.497,-1.614,0,0,0,0,0,0,0
POU3F1,0,0,0,0,0,0,0,0,0,0,0,0,0,0,0,0,0,0,0,2.496,0
PLEKHA6,0,0,0,0,0,0,0,0,0,0,0,0,0,0,0,0,0,0,0,2.496,0
BCDIN3D-AS1,0,0,0,0,0,0,0,0,0,0,0,0,0,0,0,0,0,0,0,0,2.496
ATP5MK,0,0,0,0,0,0,0,0,0,0,0,0,0,0,0,0,0,2.495,0,0,0
PSMC5,0,0,0,0,0,2.495,0,0,0,0,0,0,0,-1.72,0,0,0,0,0,0,0
TMEM208,0,0,0,0,0,0,0,0,0,0,0,0,0,0,0,0,0,0,0,2.494,1.927
COX20,0,0,0,0,0,0,0,0,0,0,0,0,0,0,0,0,0,1.71,0,2.494,0
SMG7-AS1,0,0,0,0,0,0,0,0,0,0,0,0,0,0,0,0,0,0,0,-2.494,0
ENSEMBL:ENSG00000228140,0,0,0,0,0,1.613,2.494,0,0,0,0,1.521,0,0,0,0,0,0,0,0,0
ABCA7,0,0,0,0,0,0,0,0,0,1.694,0,0,1.706,2.493,0,0,0,0,0,0,0
ENSEMBL:ENSG00000284879,0,0,0,0,0,0,0,0,0,0,0,0,0,0,0,0,0,0,0,-2.493,0
CD4,0,0,0,0,0,0,0,0,0,-2.492,0,0,0,-2.454,0,0,0,0,0,0,0
RNA5SP149,0,0,0,0,0,-2.247,-1.546,0,0,-2.492,0,0,0,-2.467,0,0,0,0,0,0,0
EP400P1,0,0,0,0,0,0,0,0,0,0,0,0,0,-2.108,0,0,2.492,0,0,0,0
CCN3,0,0,0,0,0,0,0,0,1.584,2.492,0,0,2.265,1.877,0,0,0,0,0,0,0
FAM153CP,0,0,0,0,0,-1.68,-2.492,0,0,0,0,-1.768,0,0,0,0,0,0,0,0,0
C2orf74,0,0,0,0,0,0,0,0,0,0,0,0,0,0,0,0,0,0,-1.414,-2.491,-1.534
FSIP2,0,0,0,0,0,0,0,0,0,0,0,0,0,0,0,0,-1.698,0,0,-2.491,0
NCF1B,0,0,0,0,0,0,0,0,0,1.518,0,0,0,2.49,0,0,0,0,0,0,0
THRA,0,0,0,0,0,0,0,0,0,0,0,0,0,0,0,0,2.49,0,0,0,0
KAT2B,0,0,0,0,0,-1.794,0,0,0,0,0,0,0,0,0,0,0,-1.482,0,0,-2.49
TAX1BP1,0,0,0,0,0,0,0,0,0,1.99,0,0,2.061,2.402,0,0,0,0,0,1.833,2.49
TRPS1,0,0,0,0,0,0,0,0,0,0,0,0,0,0,0,0,0,0,0,-2.489,0
ZNF611,0,0,0,0,0,0,0,0,0,0,0,0,0,0,0,0,0,0,0,-2.489,0
EYA4,0,0,0,0,0,0,0,0,0,0,0,0,0,0,0,0,0,-2.488,0,1.444,0
LMF2,0,0,0,0,0,2.487,0,0,0,0,0,0,0,0,0,0,0,0,0,0,0
CYP4X1,0,0,0,0,0,0,0,0,0,0,0,0,0,0,0,0,0,0,0,-2.485,-1.506
COMMD3,0,2.485,0,0,0,0,0,0,0,0,0,0,0,0,0,0,0,0,0,0,0
MRPL14,0,2.485,0,0,0,0,0,0,0,0,0,0,0,0,0,0,0,0,0,1.879,0
UTP15,0,-2.485,0,0,0,0,0,0,0,0,0,0,0,0,0,0,0,0,0,0,0
SELENOO,0,0,0,0,0,2.485,0,0,0,0,0,0,0,0,0,0,0,0,0,0,0
FAM118B,0,0,0,0,0,0,0,0,0,0,0,0,0,0,0,0,0,0,0,0,2.485
GASK1A,0,0,0,0,0,0,0,0,0,-1.308,0,0,0,-2.485,0,0,0,0,0,0,-1.867
GCFC2,0,0,0,0,0,0,0,0,0,0,0,0,0,0,0,0,-1.424,0,-2.485,-1.502,-1.788
EIF3F,0,0,0,0,0,0,0,0,0,0,0,0,0,-2.484,0,0,0,0,0,0,0
ZNF138,0,0,0,0,0,0,0,0,0,0,0,0,0,0,0,0,0,0,0,-2.484,0
CRACDL,0,0,0,0,0,0,-1.366,0,0,1.606,0,0,0,2.255,0,2.024,0,0,2.484,0,0
HSD17B7,0,0,0,0,0,1.854,2.484,0,0,0,0,0,0,0,0,0,0,0,0,0,0
MRPL19,0,0,0,0,0,0,0,0,0,0,0,0,0,0,0,0,0,0,0,-2.256,-2.483
LINC02613,0,0,0,0,0,0,0,0,0,0,0,0,0,0,0,0,0,0,0,-2.483,0
STXBP2,0,0,0,0,0,0,0,0,0,1.309,0,0,0,2.482,0,0,0,0,0,0,0
ENSEMBL:ENSG00000280660,0,0,0,0,0,0,0,0,0,0,0,0,0,0,0,0,0,0,0,-2.482,0
RAB6A,0,0,0,0,0,0,0,0,0,0,0,0,2.482,0,0,0,0,0,0,0,0
AK9,0,0,0,0,0,0,0,0,0,0,0,0,0,0,0,0,0,0,0,-2.481,0
FECH,0,0,0,0,0,-1.881,-1.747,0,0,0,0,0,0,0,0,0,0,0,0,0,-2.481
SIVA1,0,0,0,0,0,0,0,0,0,0,0,-1.309,-1.334,0,0,-2.48,0,0,-2.036,0,0
LINC01138,0,0,0,0,0,0,0,0,0,0,0,0,0,0,0,-2.48,0,0,-1.804,-1.678,0
ENSEMBL:ENSG00000279407,0,0,0,0,0,0,0,0,0,0,0,0,0,0,0,2.48,0,0,0,0,0
ASDURF,0,2.48,0,0,0,0,0,0,0,0,0,0,0,0,0,0,0,0,0,0,0
PSMB4,0,0,0,0,0,1.937,0,0,0,0,0,0,0,0,0,0,0,0,-2.48,0,1.522
SLC25A51,0,-1.789,0,0,0,0,0,0,0,0,0,0,0,0,0,0,0,0,0,2.48,0
THPO,0,0,0,0,0,0,0,0,0,0,0,0,0,0,0,0,0,2.103,0,0,2.478
RNPC3,0,-2.478,0,0,0,0,0,0,0,0,0,0,0,0,0,0,0,0,0,0,0
CAV2,0,-2.478,0,0,0,0,0,0,0,0,0,0,0,0,0,0,0,0,0,0,0
RUVBL2,0,0,0,0,0,2.478,0,0,0,0,0,0,0,0,0,0,0,0,0,0,0
ENSEMBL:ENSG00000272669,0,0,0,0,0,0,0,0,0,1.427,0,0,0,2.478,0,0,0,0,0,0,0
TGFBRAP1,0,0,0,0,0,0,0,0,0,0,0,0,0,0,0,0,2.478,0,0,-1.318,0
CRELD1,0,0,0,0,0,2.369,2.478,0,0,0,0,0,0,0,0,0,0,0,0,0,0
SLC25A27,0,0,0,0,0,0,0,0,0,0,0,0,0,0,0,0,1.659,0,0,2.478,0
MEAF6,0,0,0,0,0,0,0,0,0,0,0,0,0,0,0,0,0,0,0,2.478,0
PDIA6,0,0,0,0,0,1.783,2.478,0,0,0,0,0,0,0,0,0,0,2.348,0,0,0
MT-RNR1,0,0,0,0,0,0,0,0,0,0,0,0,0,0,0,-2.477,0,0,0,0,0
H4C9,0,-2.477,0,0,0,0,0,0,0,0,0,0,0,0,0,0,0,0,0,0,0
TLN2,0,-2.477,0,0,-1.437,0,0,0,0,0,0,0,0,-1.433,0,0,0,0,0,0,-2.461
DMWD,0,0,0,0,0,1.403,2.131,0,0,0,0,0,0,0,0,0,0,0,0,0,2.477
ADGRB2,0,0,0,0,0,1.898,1.341,0,0,0,0,0,0,0,0,0,0,2.475,0,0,0
SND1,0,0,0,0,0,0,0,0,0,-1.381,0,0,0,-2.066,0,0,0,2.475,0,0,1.41
AARS2,0,0,0,0,0,0,0,0,0,0,0,0,-2.219,0,0,0,0,2.475,0,0,0
SMARCB1,0,1.359,0,0,0,0,0,0,0,-1.73,0,0,0,-2.124,0,0,0,0,0,2.475,0
ME2,0,0,0,0,0,0,0,0,0,0,0,0,0,2.474,0,0,0,0,0,0,0
FAM161B,0,0,0,0,0,0,0,0,0,0,0,0,0,0,0,0,0,0,0,-2.474,0
SUSD1,0,0,0,0,0,0,1.573,0,0,-2.119,0,0,0,-2.473,0,0,0,0,0,0,0
ST8SIA5-DT,0,0,0,0,0,0,0,0,0,0,0,0,0,0,0,0,0,2.119,0,0,2.473
PRR5,0,0,0,0,0,2.323,2.473,0,0,0,0,0,0,-1.552,0,0,0,0,0,0,0
TUFM,0,0,0,0,0,2.473,1.359,0,0,0,0,0,0,-1.343,0,0,0,2.214,0,0,0
UCP3,0,0,0,0,0,0,1.308,0,0,0,0,0,0,0,0,0,0,0,0,0,-2.472
IRF4,0,0,0,0,0,-2.472,-1.412,0,0,0,0,0,0,0,0,0,0,0,0,0,0
SEPTIN5,0,0,0,0,0,0,0,0,1.337,0,0,0,2.472,0,0,0,0,0,0,0,0
ABCC3,0,0,0,0,0,0,0,0,0,0,0,0,2.471,0,0,0,0,0,0,0,0
CCDC174,0,0,0,0,0,0,1.451,0,0,0,0,0,0,1.821,0,0,0,0,-2.471,0,0
CA1,0,0,0,0,0,-2.471,-2.396,0,1.383,0,0,0,0,0,0,0,0,0,0,0,0
HAGHL,0,0,0,0,0,0,0,0,0,-1.769,0,0,0,-2.47,0,0,0,0,0,0,0
DNASE1,0,0,0,0,0,0,0,0,0,0,0,0,0,0,0,0,0,0,0,0,2.47
ARMH3,0,-1.67,0,0,0,0,0,0,0,-2.469,0,0,0,-1.485,0,0,0,0,0,-1.814,0
GUSB,0,0,0,0,0,1.35,1.443,0,0,0,0,0,0,0,0,-2.07,0,0,0,-2.207,-2.469
DDIAS,0,0,0,0,0,0,0,0,0,0,0,0,0,0,0,0,0,0,0,-2.469,0
COMMD5,0,0,0,0,0,0,0,0,0,0,0,0,0,0,0,0,2.029,0,0,2.469,0
ZNF493,0,0,0,0,0,0,0,0,0,0,0,0,0,0,0,0,0,0,0,-2.469,0
CABP5,0,0,0,0,0,0,0,0,0,0,0,0,2.467,0,0,0,0,0,0,0,0
ENSEMBL:ENSG00000226084,0,0,0,0,0,0,0,0,0,-1.575,0,0,0,-2.467,0,0,0,0,0,0,0
MUTYH,0,0,0,0,0,0,0,0,0,0,0,0,-1.966,-1.454,0,0,0,0,0,-2.467,0
PHF20,0,0,0,0,0,0,0,0,0,1.583,0,0,0,0,0,0,0,0,0,0,-2.467
MSMO1,0,0,0,0,0,0,2.466,0,0,0,0,0,0,0,0,0,0,0,0,-1.333,0
TBC1D17,0,0,0,0,0,0,0,0,0,0,0,0,0,0,0,0,0,0,-2.419,-2.466,-2.256
NUP88,0,-1.823,0,0,0,0,0,0,0,-1.334,0,0,-2.07,-1.488,0,0,0,0,1.414,0,2.466
STX4,0,-1.325,0,0,0,1.861,1.488,0,0,0,0,1.405,1.359,0,0,0,1.653,0,0,2.02,2.465
MOB1B,0,0,0,0,0,0,0,0,0,0,0,0,0,0,0,0,0,0,0,0,2.464
ITGA3,0,0,0,0,0,0,0,0,0,0,0,0,0,-1.522,0,0,-1.642,0,0,-2.464,0
BCL9L,0,0,0,0,0,0,0,0,0,0,0,0,0,-1.66,0,0,1.556,0,-2.464,0,0
MCAM,0,0,0,0,0,0,0,0,0,0,0,0,0,0,0,2.463,0,0,2.296,0,0
MT-ND1,0,0,0,0,0,0,0,0,0,0,0,0,1.389,0,0,-2.463,0,0,-1.732,0,0
TEAD1,0,0,0,0,0,0,0,0,0,0,0,0,0,0,0,0,0,0,0,2.463,-1.529
SLC25A16,0,0,0,0,0,0,0,0,0,0,0,0,0,0,0,0,0,0,0,1.618,2.463
RASA4DP,0,0,0,0,0,0,0,0,0,0,0,0,0,0,0,0,0,0,0,-2.463,-1.691
SPTLC1,0,0,0,0,0,0,0,0,0,2.416,0,0,0,2.462,0,0,0,0,1.399,0,0
ENSEMBL:ENSG00000274104,0,0,0,0,0,0,0,0,0,0,0,0,0,0,0,0,0,0,0,2.462,0
CRLF3,0,0,0,0,0,0,0,0,0,2.146,0,0,0,2.461,0,0,0,0,0,0,0
ENSEMBL:ENSG00000282339,0,0,0,0,0,0,0,0,0,0,0,0,0,2.461,0,0,0,0,0,0,0
ENSEMBL:ENSG00000284672,0,0,0,0,0,0,0,0,0,0,0,0,0,0,0,0,0,0,0,-2.461,0
LIN37,0,0,0,0,0,0,2.461,0,0,0,0,0,0,0,0,0,0,0,0,0,0
NAA10,0,0,0,0,0,2.461,2.366,0,0,0,0,0,0,0,0,0,0,0,0,0,0
LINC00649,0,0,0,0,0,0,-2.46,0,0,-1.37,0,0,0,-2.241,0,0,0,0,0,0,-2.163
KRTCAP2,0,0,0,0,0,2.46,0,0,0,0,0,0,0,-1.302,0,0,0,0,0,0,0
ICAM2,0,0,0,0,0,0,1.425,0,0,-1.383,0,0,0,-1.73,0,0,0,0,2.459,0,0
DPY19L3,0,0,0,0,0,0,0,0,0,1.37,0,0,0,2.459,0,0,0,0,0,0,0
ALDH3B1,0,0,0,0,0,0,0,0,0,0,0,0,0,2.458,0,0,0,0,0,-2.438,0
TUBGCP5,0,0,0,0,0,0,0,0,0,0,0,0,0,0,0,0,-1.44,0,0,-2.458,0
SNX13,0,0,0,0,0,0,-1.43,0,0,2.458,0,0,0,2.396,0,0,0,0,0,0,0
WDFY3,0,0,0,0,0,-2.457,-1.626,0,0,0,0,0,0,2.116,0,0,0,0,0,0,0
CFL1,0,0,0,0,0,2.456,0,0,0,0,0,1.66,0,0,0,0,0,0,0,0,0
FTH1P10,0,0,0,0,0,0,0,0,0,0,0,2.118,2.456,0,0,0,0,0,0,0,0
GM2A,0,0,0,0,0,0,0,0,0,0,0,0,0,0,0,0,0,0,-1.347,-2.455,0
PRDM1,0,0,0,0,0,0,0,0,0,0,0,0,2.455,0,0,0,0,0,0,0,0
INTS14,0,0,0,0,0,0,0,0,0,0,0,0,0,0,0,0,0,0,0,-2.454,0
HOXA13,0,0,0,0,0,0,0,0,0,0,0,0,0,0,0,0,0,0,0,-2.454,-1.349
NAPEPLD,0,0,0,0,0,0,0,0,0,0,0,0,0,0,0,0,0,0,0,-2.454,0
CTNNA1,0,0,0,0,0,0,0,0,0,1.432,0,0,0,2.454,0,0,0,0,0,2.135,0
LINC01786,0,0,0,0,0,0,0,0,0,0,0,0,0,-2.453,0,0,0,0,0,0,0
TUT1,0,0,0,0,0,0,0,0,-1.712,0,0,0,-2.453,0,0,0,0,0,0,0,0
ENSEMBL:ENSG00000232926,0,0,0,0,0,0,0,0,0,0,0,0,0,0,0,0,0,0,0,-2.453,0
TAF11,0,0,0,0,0,0,0,0,0,0,0,0,0,0,0,0,-2.452,0,0,0,0
ENSEMBL:ENSG00000285803,0,0,0,0,0,0,0,0,0,0,0,0,0,0,0,0,0,0,0,-2.452,0
TEX52,0,0,0,0,0,0,0,0,0,0,0,0,0,0,0,0,0,0,0,-2.452,0
MIR503HG,0,0,0,0,0,0,0,0,0,0,0,0,0,0,0,0,0,0,0,2.451,1.614
ACSF3,0,0,0,0,0,0,0,0,0,0,0,0,-1.89,-1.417,0,0,0,0,0,-2.451,0
ENSEMBL:ENSG00000228506,0,0,0,0,0,0,0,0,0,0,0,0,0,0,0,2.451,0,0,0,0,0
BMS1P23,0,0,0,0,0,0,0,0,0,0,0,0,0,0,0,0,0,0,0,2.451,0
SHOC1,0,0,0,0,0,0,0,0,1.487,0,0,0,0,2.45,0,0,0,0,0,0,0
ENSEMBL:ENSG00000273007,0,0,0,0,0,0,0,0,0,0,0,0,0,0,0,0,0,0,0,-2.45,0
H3P16,0,0,0,0,0,0,0,0,0,0,0,0,0,2.45,0,0,0,0,0,0,0
CA2,0,0,0,0,0,0,0,0,0,0,0,0,1.892,0,0,0,0,2.449,0,0,0
LILRB1,0,0,0,0,0,0,2.447,0,0,0,0,0,0,0,0,0,0,0,0,0,0
VAPB,0,0,0,0,0,0,0,0,0,0,0,0,0,0,0,0,0,0,2.447,-1.747,0
ATPSCKMT,0,0,0,0,0,0,0,0,0,0,0,0,0,0,0,0,0,0,0,0,2.447
LAMC2,0,0,0,0,0,0,0,0,0,0,0,0,0,0,0,0,0,0,0,2.447,0
AHCY,0,0,0,0,0,0,0,0,0,0,0,0,0,-2.447,0,0,0,0,0,1.39,0
ERAL1,0,0,0,0,0,0,0,0,0,0,0,0,0,0,0,0,0,2.446,0,0,0
NABP2,0,0,0,0,0,2.445,0,0,0,0,0,0,0,0,0,0,0,0,0,0,0
CCHCR1,0,0,0,0,0,0,0,0,0,0,0,0,0,0,0,0,0,0,0,-2.445,0
EPS8L2,0,0,0,0,0,0,1.476,0,0,0,0,1.553,0,-2.445,0,0,0,0,0,0,0
RHOJ,0,0,0,0,0,0,0,0,0,0,0,0,0,0,0,0,-2.445,0,0,-1.379,0
USP20,0,0,0,0,0,0,0,0,0,0,0,0,0,0,0,-2.445,0,0,-1.47,0,0
SCAMP4,0,0,0,0,0,0,1.587,0,0,0,0,0,0,0,0,0,0,0,0,-2.445,0
HBZ,0,0,0,0,0,-1.486,-2.445,0,0,0,0,0,0,0,0,0,0,0,0,0,0
SPECC1,0,0,0,0,0,-2.444,-1.398,0,0,0,0,-1.35,0,0,0,0,0,0,0,0,0
CSTF1,0,0,0,0,0,0,0,0,0,0,0,0,0,0,0,0,0,0,0,-2.444,0
GTF2H2C,0,0,0,0,0,0,0,0,0,1.574,0,0,0,2.444,0,-2.122,0,0,-1.539,-1.962,0
SCAPER,0,0,0,0,0,0,0,0,0,0,0,0,0,0,0,0,0,0,0,2.444,0
IQCN,0,0,0,0,0,0,0,0,0,0,0,0,0,0,0,0,-2.443,0,0,-1.985,0
MRRF,0,0,0,0,0,0,0,0,0,-2.055,0,0,0,-2.136,0,0,0,0,0,0,2.443
OSER1-DT,0,0,0,0,0,0,0,0,0,1.396,0,0,0,2.443,0,0,0,0,0,0,-1.778
MBOAT1,0,0,0,0,0,0,0,0,0,1.959,0,0,1.635,2.443,0,0,0,0,0,0,0
HNRNPUL2-BSCL2,0,0,0,0,0,0,0,0,0,0,0,0,0,0,0,0,0,0,0,-2.442,0
TPO,0,0,0,0,0,0,0,0,0,0,0,0,0,0,0,0,0,0,0,2.442,0
ZNF143,0,0,0,0,0,0,0,0,0,0,0,0,2.442,0,0,0,0,-1.56,0,0,0
PSMB2,0,0,0,0,0,0,0,0,0,0,0,0,0,0,0,0,0,0,0,2.442,0
FBXO11,0,0,0,0,0,0,0,0,0,1.427,0,0,1.393,1.882,0,0,0,0,0,0,-2.441
ZNF496,0,0,0,0,0,0,0,0,0,0,0,0,0,0,0,0,-1.496,0,0,0,-2.44
RPL12,0,0,0,0,0,0,-2.396,0,0,-1.733,0,0,0,-2.439,0,0,0,0,0,0,0
THSD1,0,0,0,0,0,0,0,0,0,0,0,0,0,0,0,-2.439,0,0,0,0,1.72
PITRM1,0,0,0,0,0,0,0,0,0,0,0,-1.323,-1.346,-1.452,0,0,0,0,0,2.439,0
UTP11,0,0,0,0,0,0,0,0,0,0,0,0,0,-1.502,0,0,0,0,0,2.08,2.439
ENSEMBL:ENSG00000267040,0,0,0,0,0,0,0,0,0,-1.423,0,0,-1.549,-2.438,0,0,0,0,0,0,0
BAIAP2-DT,0,0,0,0,0,0,0,0,0,0,0,0,2.438,0,0,0,-1.97,0,0,0,0
NME3,0,0,0,0,0,1.753,0,0,0,0,0,0,0,0,0,0,0,0,0,-2.438,0
ERMP1,0,0,0,0,0,0,2.33,0,0,0,0,0,0,0,0,0,0,0,0,-2.438,0
SPRY3,0,0,0,0,0,0,0,0,0,1.568,0,0,0,2.438,0,0,-1.787,0,0,0,0
MYBBP1A,0,0,0,0,0,0,0,0,0,0,0,-1.7,-2.438,-2.101,0,0,0,0,0,0,0
PLCB4,0,0,0,0,0,0,0,0,0,0,0,0,0,0,0,0,-2.438,0,0,0,0
ESCO1,0,0,0,0,0,0,0,0,0,0,0,0,0,0,0,1.34,2.438,0,0,1.362,0
ANGPT1,0,0,0,0,0,0,0,0,0,1.335,0,0,2.437,2.274,0,0,0,0,0,0,0
EXOSC8,0,0,0,0,0,0,0,0,-2.145,0,0,0,-1.805,0,0,0,0,0,0,-2.437,0
ENSEMBL:ENSG00000263370,0,0,0,0,0,0,0,0,0,0,0,0,0,0,0,0,0,0,0,2.436,0
OVGP1,0,0,0,0,0,0,0,0,0,0,0,0,0,-1.312,0,0,0,0,0,-2.436,0
APOO,0,0,0,0,0,0,0,0,0,0,0,0,0,0,0,0,0,2.436,0,0,0
KHSRP,0,0,0,0,0,0,0,0,0,0,0,0,0,0,0,-1.493,0,-1.913,0,0,-2.434
AURKAIP1,0,0,0,0,0,1.345,0,0,0,0,0,0,0,0,0,0,0,2.434,0,0,0
GSKIP,0,0,0,0,0,0,0,0,0,0,0,0,0,0,0,0,0,0,0,0,2.434
CALM2,0,0,0,0,0,0,0,0,0,0,0,0,2.433,1.505,0,0,0,0,0,0,0
HSD11B2,0,0,0,0,0,0,0,0,0,0,0,0,0,0,0,0,0,0,0,0,2.433
ASB16,0,0,0,0,0,0,0,0,0,0,0,0,0,0,0,0,0,0,0,-2.263,-2.433
PRL,0,0,0,0,0,0,0,0,0,-2.431,0,0,0,-2.432,0,0,0,0,0,0,0
OTUD5,0,0,0,0,0,0,0,0,0,0,0,0,2.43,2.384,0,0,0,0,1.48,0,0
LACTB2-AS1,0,0,0,0,0,0,0,0,0,0,0,0,-2.43,0,0,0,0,0,0,0,0
ENSEMBL:ENSG00000237950,0,0,0,0,0,0,0,0,-1.555,-1.652,0,0,-2.43,-1.511,0,0,0,0,0,0,0
ELOVL7,0,0,0,0,0,0,0,0,0,0,0,0,2.43,0,0,0,0,0,0,0,0
H2BC5,0,0,0,0,0,0,0,0,2.43,1.491,0,0,1.958,1.475,0,0,0,-1.514,0,0,-2.377
CASP7,0,0,0,0,0,0,0,0,0,0,0,0,0,0,0,0,0,0,0,2.429,0
HGD,0,0,0,0,0,0,0,0,0,0,0,0,2.429,0,0,0,0,0,0,0,0
PPP2R2D,0,0,0,0,0,0,0,0,0,0,0,1.653,0,0,0,0,0,0,0,2.429,0
ENSEMBL:ENSG00000289538,0,0,0,0,0,0,0,0,0,2.428,0,0,0,1.303,0,0,0,0,0,0,0
EPHA1,0,0,0,0,0,0,-2.245,0,0,0,0,0,-2.428,-1.639,0,0,0,0,0,0,0
C15orf61,0,0,0,0,0,0,0,0,0,0,0,0,0,-2.427,0,0,0,2.347,0,0,0
EIF3H,0,0,0,0,0,0,0,0,0,0,0,0,0,-2.427,0,0,0,0,0,0,0
ENSEMBL:ENSG00000278600,0,0,0,0,0,0,0,0,0,1.621,0,0,1.906,2.427,0,0,0,0,0,0,0
REC8,0,0,0,0,0,0,0,0,0,0,0,0,0,0,0,0,-2.427,0,0,-2.018,0
LMF1,0,0,0,0,0,0,0,0,-1.328,-1.423,0,0,-2.22,-1.679,0,0,0,0,0,-2.427,0
ENSEMBL:ENSG00000286724,0,0,0,0,0,0,0,0,0,0,0,0,0,0,0,0,-1.807,0,0,-2.427,0
RETSAT,0,0,0,0,0,0,0,0,0,0,0,0,0,0,0,-1.708,0,2.427,0,0,0
COL9A3,0,0,0,0,0,0,0,0,1.438,0,0,0,2.426,2.308,0,0,0,0,0,0,0
GP1BB,0,0,0,0,0,0,0,1.75,1.349,0,0,1.644,2.426,0,0,0,0,0,0,0,0
PTCHD1,0,0,0,0,0,0,0,0,0,0,0,0,0,0,0,0,-1.886,0,0,-2.426,0
C17orf49,0,0,0,0,0,2.425,0,0,0,0,0,0,0,0,0,0,0,0,0,0,0
TMEM170A,0,0,0,0,0,0,0,0,0,0,0,0,0,0,0,2.425,0,0,1.499,0,0
FBXL14,0,0,0,0,0,0,0,0,0,0,0,0,0,0,0,2.425,-2.101,0,0,-1.543,0
ZMAT3,0,0,0,0,0,0,2.285,0,0,0,0,0,0,0,0,0,0,0,0,0,2.424
SERPINI1,0,0,0,0,0,0,0,0,0,0,0,0,0,0,0,0,0,2.424,0,0,1.309
PC,0,0,0,0,0,1.486,0,0,0,0,0,0,0,0,0,0,0,2.424,0,0,0
TCAF1P1,0,0,0,0,0,0,0,0,0,0,0,0,0,0,0,0,0,0,0,-2.424,0
SEC22A,0,0,0,0,0,0,0,0,0,0,0,0,0,-1.655,0,0,0,0,0,0,2.423
ACLY,0,0,0,0,0,0,0,0,0,0,0,0,0,0,0,2.415,0,0,1.344,0,2.423
MEX3D,0,0,0,0,0,2.423,1.944,0,0,0,0,1.515,2.026,0,0,2.122,0,0,2.048,0,0
ZBTB47,0,0,0,0,0,0,0,0,0,0,0,0,0,0,0,0,0,0,-2.231,2.423,0
RMND1,0,0,0,0,0,0,0,0,0,0,0,0,0,0,0,-1.45,0,1.424,0,-2.422,0
SENP1,0,0,0,0,0,0,0,0,0,0,0,0,0,0,0,1.815,0,0,2.422,0,0
FBXO10,0,0,0,0,0,0,0,0,0,0,0,0,0,0,0,0,2.421,0,0,0,0
PAPSS1,0,0,0,0,0,-2.421,-1.424,0,0,0,0,0,0,0,0,0,0,0,0,0,0
BCL11A,0,0,0,0,0,0,-1.542,0,0,0,0,-1.776,-2.421,0,0,0,0,0,0,0,0
CLCN2,0,0,0,0,0,0,0,0,0,0,0,0,0,0,0,0,0,0,0,-2.421,0
CHST1,0,0,0,0,0,0,0,0,0,0,0,0,0,0,0,0,-1.806,0,0,2.421,0
BEND3P3,0,0,0,0,0,0,0,0,0,0,0,0,0,0,0,0,0,0,0,-2.421,0
ZNF879,0,0,0,0,0,0,0,0,0,0,0,0,0,0,0,0,0,0,0,-2.421,0
YIPF1,0,0,0,0,0,0,0,0,0,0,0,0,0,2.421,0,0,0,0,0,0,0
WHAMMP2,0,0,0,0,0,0,0,0,0,0,0,0,0,0,0,0,0,0,0,-2.421,0
BST2,0,-1.495,0,0,0,1.451,2.133,0,0,0,0,0,0,-1.439,0,0,-2.159,0,0,-2.42,0
ENSEMBL:ENSG00000264772,0,0,0,0,0,0,0,0,0,0,0,0,0,0,0,0,0,0,0,2.42,0
ETV1,0,0,0,0,0,0,0,0,0,0,0,0,0,0,0,0,-2.419,0,0,0,0
FLT1,0,0,0,0,0,0,2.39,0,0,0,0,0,0,0,0,0,0,0,2.419,1.641,2.147
PML,0,0,0,0,0,0,0,0,0,0,0,0,0,0,0,-1.824,0,0,-2.419,0,0
TRIM16,-1.337,0,0,0,0,0,0,0,0,0,0,0,0,0,0,0,0,-1.509,0,0,-2.418
LBP,0,0,0,0,0,0,0,0,0,0,0,0,0,0,0,0,0,0,0,2.418,0
NOSTRIN,0,0,0,0,0,0,0,0,0,0,0,0,0,0,0,0,0,0,0,2.418,0
GOLGB1,0,0,0,0,0,-1.659,-2.417,0,0,0,0,0,0,0,0,0,0,0,0,0,-1.944
DECR1,0,0,0,0,0,0,0,0,0,0,0,0,0,0,0,0,0,2.417,0,0,0
SH3TC1,0,0,0,0,0,0,0,0,0,0,0,0,0,-1.348,0,0,2.416,0,0,1.92,0
CARMIL2,0,0,0,0,0,0,0,0,0,-1.462,0,0,-1.622,-2.416,0,0,0,0,0,0,0
STARD10,0,0,0,0,0,0,0,0,0,2.138,0,0,0,2.416,0,0,0,0,0,0,0
ENSEMBL:ENSG00000287255,0,0,0,0,0,0,0,0,0,2.001,0,0,0,2.415,0,0,0,0,0,0,0
XRCC2,0,0,0,0,0,0,0,0,0,0,0,0,0,0,0,0,0,0,0,-2.415,0
KIAA0319L,0,0,0,0,0,0,0,0,0,0,0,0,2.415,2.034,0,0,0,1.394,0,0,0
MAP1A,0,-2.374,0,0,0,0,1.451,0,0,0,0,0,0,0,0,0,0,0,2.415,0,0
INO80E,0,0,0,0,0,1.337,1.439,0,0,0,0,0,0,0,0,0,0,0,0,-2.413,1.985
MRPL21,0,0,0,0,0,0,0,0,0,0,0,0,0,0,0,0,0,2.412,0,0,0
ENSEMBL:ENSG00000227388,0,0,0,0,0,-1.883,0,0,0,-2.412,0,0,0,-1.479,0,0,0,0,0,0,0
CREB3,0,0,0,0,0,2.412,0,0,0,0,0,0,0,0,0,0,0,0,0,0,2.242
HABP4,0,0,0,0,0,0,0,0,0,-1.494,0,0,0,-2.412,0,0,0,0,0,1.487,0
DENR,0,0,0,0,0,0,0,0,0,0,0,0,0,0,0,0,0,1.387,-2.41,0,1.37
HID1,0,0,0,0,0,0,0,0,0,0,0,0,0,0,0,0,-2.41,0,0,0,0
TMEM123,0,0,0,0,0,-2.41,0,0,0,0,0,0,0,0,0,0,0,0,0,0,0
CCNI,0,0,0,0,0,-2.41,0,0,0,0,0,0,2.242,0,0,0,0,0,0,1.645,0
TRIM69,0,0,0,0,0,0,0,0,0,0,0,0,2.01,0,0,0,0,2.41,0,0,1.947
SNHG20,0,0,0,0,0,0,0,0,0,0,0,0,0,0,0,0,0,0,-2.41,0,0
PHC1,0,0,0,0,0,-1.302,-1.399,0,0,0,0,0,0,-1.482,0,0,0,0,2.409,1.756,0
GATA2-AS1,0,0,0,0,0,0,0,0,0,0,0,0,0,0,0,0,2.409,0,0,1.358,0
STMN1,0,0,0,0,0,1.548,2.409,0,0,0,0,0,0,0,0,1.302,0,0,1.44,0,0
SLC35A5,0,0,0,0,0,0,0,0,0,0,0,0,0,0,0,0,-1.782,0,0,-2.408,0
ENSEMBL:ENSG00000286231,0,0,0,0,0,0,0,0,0,2.047,0,0,0,2.408,0,0,0,0,0,0,0
FBXO27,0,0,0,0,0,0,0,0,0,0,0,0,0,0,0,0,0,0,0,0,2.408
STS,0,0,0,0,0,0,1.55,0,1.649,2.041,0,1.768,2.407,1.72,0,0,0,0,0,0,0
CACNA1S,0,0,0,0,0,0,0,0,0,0,0,0,0,0,0,0,0,0,0,-2.407,0
TEDC1,0,0,0,0,0,2.407,1.395,0,0,0,0,0,0,0,0,0,0,0,0,0,-1.747
ZNF846,0,0,0,0,0,0,0,0,0,0,0,0,0,0,0,0,0,0,0,-2.407,0
ZNF502,0,0,0,0,0,0,-1.797,-2.185,0,0,0,-2.406,-1.628,0,0,0,0,0,-1.48,0,0
CCDC141,0,0,0,0,0,0,0,0,0,0,0,0,0,0,0,0,0,0,0,2.406,0
ZNF770,0,0,0,0,0,-1.539,0,0,0,0,0,0,0,0,0,0,0,0,0,0,-2.406
SLC12A7,0,0,0,0,0,0,0,0,0,0,0,0,0,-2.405,0,0,0,0,0,0,0
ENSEMBL:ENSG00000262766,0,0,0,0,0,0,0,0,0,0,0,0,0,0,0,0,0,0,0,-2.405,0
NISCH,0,0,0,0,0,0,0,0,0,0,0,0,0,0,0,0,0,0,0,-2.404,0
KRBA2,0,0,0,0,0,0,0,0,0,0,0,0,0,0,0,0,0,0,0,0,2.403
CTBS,0,0,0,0,0,0,0,0,0,0,0,0,0,2.403,0,0,0,0,0,0,0
STX7,0,0,0,0,0,-1.349,0,0,0,1.913,0,0,0,2.317,0,0,0,0,0,2.403,0
AGPAT3,0,0,0,0,0,0,0,0,0,-1.913,0,0,0,-2.402,0,0,0,0,0,0,0
SEMA6A-AS1,0,0,0,0,0,0,0,0,0,0,0,0,0,0,0,0,-1.31,0,0,-2.4,0
RPL7AP6,0,0,0,0,0,0,0,0,0,0,0,0,0,-2.4,0,0,0,0,0,0,0
MPV17L,0,0,0,0,0,0,0,0,0,0,0,0,0,0,0,0,0,0,0,-2.4,0
EIF3I,0,0,0,0,0,0,0,0,0,-1.328,0,0,0,-2.4,0,0,0,0,0,1.32,0
ENSEMBL:ENSG00000276445,0,0,0,0,0,0,0,0,0,0,0,0,0,0,0,0,0,0,0,0,-2.4
STK11,0,0,0,0,0,0,0,0,0,0,0,0,0,0,0,0,0,0,-2.4,0,0
ENSEMBL:ENSG00000177738,0,0,0,0,0,0,-2.4,0,0,-1.518,0,0,0,-2.01,0,0,0,0,0,0,0
ENSEMBL:ENSG00000267547,0,0,0,0,0,1.35,2.399,0,0,0,0,0,0,0,0,0,0,0,0,0,0
KLHL5,0,0,0,0,0,-1.594,0,0,0,0,0,0,0,0,0,0,0,0,0,0,2.399
CRABP2,0,0,0,0,0,0,0,0,0,0,0,0,0,0,0,0,0,0,0,0,2.399
MIF,0,0,0,0,0,0,0,0,0,-1.403,0,0,0,-2.398,0,0,0,0,0,0,0
C1orf174,0,0,0,0,0,2.397,2.268,0,0,0,0,0,0,0,0,0,0,0,0,-1.344,0
MITD1,0,0,0,0,0,0,0,0,0,0,0,0,0,0,0,0,0,0,0,-2.397,0
ENSEMBL:ENSG00000217275,0,0,0,0,0,0,0,0,1.345,0,0,0,2.397,0,0,0,0,0,0,0,0
KRT5,0,0,0,0,0,2.365,2.397,0,0,0,0,0,0,0,0,0,0,0,0,0,0
FRS3,0,0,0,0,0,0,0,0,0,0,0,0,0,0,0,0,0,0,0,-2.397,0
NDUFA6,0,-1.357,0,0,0,0,0,0,0,0,0,0,0,0,0,0,0,2.397,0,0,2.204
EID2,0,0,0,0,0,0,0,0,0,0,0,0,0,0,0,0,0,0,0,2.396,0
PRPF31,0,-1.457,0,0,0,0,0,0,0,0,0,0,0,-2.396,0,0,0,0,0,0,0
ENSEMBL:ENSG00000243004,0,0,0,0,0,0,-2.028,0,0,-2.396,0,0,0,-1.791,0,0,0,0,0,0,0
LHPP,0,1.327,0,0,0,0,0,0,0,-2.396,0,0,0,-1.431,0,0,0,0,-1.413,0,0
DPYSL2,0,0,0,0,0,0,0,0,0,0,0,0,0,0,0,0,0,0,0,2.396,0
GSTM1,0,0,0,0,0,0,0,0,0,0,0,0,0,0,0,0,0,0,0,0,-2.395
FABP2,0,0,0,0,0,0,0,0,0,-2.395,0,0,0,0,0,0,0,0,0,0,0
BRICD5,0,0,0,0,0,0,0,0,0,0,0,0,0,0,0,0,2.395,0,0,-2.034,0
TRAF3IP1,0,0,0,0,0,0,0,0,0,0,0,0,0,0,0,0,-2.395,0,0,0,0
EBLN3P,0,0,0,0,0,-2.395,-1.626,0,0,0,0,0,0,0,0,0,0,0,0,0,0
UNC5CL,0,0,0,0,0,0,0,0,0,0,0,0,0,0,0,0,0,0,0,-2.394,0
KLHL17,0,0,0,0,0,0,0,0,0,-1.57,0,0,0,0,0,0,0,0,0,0,2.393
MCM3,0,0,0,0,0,0,0,0,0,-2.393,0,0,0,-1.671,0,0,0,0,0,0,0
FAAHP1,0,0,0,0,0,0,0,0,0,0,0,0,0,0,0,0,0,0,0,-2.393,0
PDCL3P4,0,0,0,0,0,0,0,0,0,0,0,0,0,0,0,0,0,0,0,-2.393,0
WIZ,0,0,0,0,0,0,0,0,0,0,0,0,0,0,0,0,0,0,0,2.392,0
FANCF,0,0,0,0,0,0,0,0,0,0,0,0,0,0,0,-2.392,0,0,0,-1.363,0
NSUN5P2,0,0,0,0,0,1.441,0,0,0,0,0,0,0,0,0,0,0,0,-2.39,-1.73,0
CD5,0,0,0,0,0,0,2.39,0,0,-1.73,0,0,0,-2.342,0,0,0,0,0,0,0
TEPSIN,0,2.39,0,0,0,1.85,0,0,0,0,0,0,0,1.785,0,-1.579,0,0,0,0,0
RPS11,0,0,0,0,0,0,-1.354,0,0,-2.011,0,0,0,-2.39,0,0,0,0,0,0,0
ZNF84,0,0,0,0,0,0,0,0,0,0,0,0,0,0,0,0,2.39,0,0,0,-1.495
CMIP,0,0,0,0,0,0,0,0,0,0,0,0,2.389,2.069,0,0,0,0,0,0,0
MAP3K9,0,0,0,0,0,0,0,0,0,0,0,0,0,0,0,0,-2.389,0,0,0,0
HMG20A,0,0,0,0,0,0,0,0,0,0,0,0,0,0,0,0,0,0,0,-2.387,0
PSMA4,0,0,0,0,0,1.305,0,0,0,0,0,0,0,0,0,0,0,0,0,0,2.386
DRAP1,0,0,0,0,0,0,0,0,0,0,0,0,0,0,0,0,0,0,0,0,2.386
GEMIN6,0,0,0,0,0,0,0,0,0,0,0,0,0,0,0,0,0,0,0,-2.385,0
GMPPA,0,0,0,0,0,0,0,0,0,0,0,0,0,0,0,0,0,0,0,-2.385,0
ABCD3,0,0,0,0,0,0,0,0,0,0,0,0,0,0,0,0,-1.439,1.304,0,-2.385,0
PYGB,0,0,0,0,0,1.464,0,0,0,0,0,0,0,-2.384,0,0,0,0,0,0,0
ANAPC5,0,0,0,0,0,0,0,0,0,-1.468,0,0,0,-1.83,0,0,0,0,0,0,2.384
TYSND1,0,0,0,0,0,2.382,1.715,0,0,0,0,0,0,0,0,0,0,0,0,-1.538,0
HEMGN,0,0,0,0,0,-2.382,-2.247,0,0,0,0,0,0,0,0,0,0,0,0,0,0
WDR5,0,0,0,0,0,0,0,0,0,-1.349,0,0,0,-2.382,0,0,2.228,0,0,0,0
CAT,0,1.438,0,0,0,-1.566,0,0,0,0,0,0,2.382,0,0,-1.663,0,0,-1.337,0,-1.71
ADCK1,0,0,0,0,0,0,1.821,0,0,0,0,0,0,0,0,0,0,1.722,0,-2.381,0
TRIM56,0,0,0,0,0,0,0,0,0,0,0,0,0,0,0,0,-2.094,0,0,-2.381,0
FCRL5,0,0,0,0,0,-1.443,-2.381,0,0,0,0,0,-1.317,0,0,0,0,0,0,0,0
CDH3,0,0,0,0,0,0,0,0,0,0,0,0,0,-2.381,0,0,0,0,0,0,0
SATB2,0,0,0,0,0,0,0,0,0,0,0,0,0,0,0,0,0,0,0,0,2.381
ENSEMBL:ENSG00000272836,0,0,0,0,0,0,0,0,0,0,0,0,0,0,0,0,0,0,0,-2.379,0
GTF3C4,0,0,0,0,0,0,0,0,0,0,0,-1.32,0,0,0,0,0,-1.385,-1.333,-2.207,-2.379
MTCO2P2,0,0,0,0,0,0,0,0,0,0,0,0,0,0,0,-2.379,0,0,-1.561,0,0
CLVS2,0,0,0,0,0,0,0,0,0,0,0,0,0,0,0,0,0,0,0,0,2.379
BAX,0,0,0,0,0,2.082,2.378,0,0,0,0,1.465,0,0,0,0,0,0,0,0,0
CEBPA,0,0,0,0,0,0,0,0,0,1.789,0,0,0,2.378,0,0,0,0,0,0,0
ANKRD36B,0,0,0,0,0,0,0,0,0,0,0,0,0,0,0,0,-2.377,0,0,0,0
AVPI1,0,0,0,0,0,0,0,0,0,0,0,0,0,-1.665,0,0,2.377,0,0,0,0
CMTM1,0,0,0,0,0,0,0,0,0,1.448,0,0,2.312,2.377,0,0,0,0,0,0,0
QPCTL,0,0,0,0,0,2.377,1.712,0,0,0,0,0,0,0,0,0,0,0,0,0,0
MTBP,0,0,0,0,0,0,0,0,0,0,0,0,0,0,0,0,0,0,0,-2.376,0
FASN,0,0,0,0,0,0,0,0,0,0,0,0,0,-2.376,0,0,0,0,2.298,0,0
TMEM204,0,0,0,0,0,0,0,0,0,0,0,0,-1.393,-2.376,0,0,0,0,0,1.987,0
KDM1B,0,0,0,0,0,-1.887,0,0,0,1.678,0,0,0,1.917,0,0,0,0,0,0,2.376
CYFIP1,0,-1.687,0,0,-1.373,0,0,0,0,0,0,0,0,0,0,0,0,0,0,0,2.375
NUB1,0,0,0,0,0,0,0,0,0,0,0,0,1.483,0,0,0,0,0,0,-2.375,0
STK26,0,0,0,0,0,0,0,0,0,1.747,0,0,2.375,0,0,0,0,0,0,0,0
SRP72,0,0,0,0,0,0,0,0,0,0,0,-1.341,0,0,0,0,-2.375,0,0,0,0
ARMH1,0,0,0,0,0,0,0,0,0,-2.064,0,0,0,-2.375,0,0,0,0,0,0,0
MAML1,0,0,0,0,0,0,0,0,0,0,0,0,1.596,1.977,0,0,0,0,2.374,0,0
RPL32P18,0,0,0,0,0,0,0,0,0,-1.837,0,0,0,-2.374,0,0,0,0,0,0,0
SUDS3,0,0,0,0,-1.437,0,0,0,0,2.003,0,0,1.766,2.374,0,0,-2.075,0,0,0,0
ZNF436-AS1,0,0,0,0,0,0,0,0,0,0,0,0,0,0,0,2.373,0,0,0,-1.768,0
ST6GAL1,0,0,0,0,0,0,1.439,0,0,-1.764,0,0,0,-2.373,0,0,0,0,0,0,0
DHX9,0,-1.441,0,0,0,0,0,0,0,0,0,0,0,0,0,0,0,0,0,2.372,0
H2AB2,0,0,0,0,0,1.95,0,0,0,2.372,0,0,0,0,0,0,0,0,0,0,0
GIPC1,0,0,0,0,0,1.567,0,0,0,0,0,0,0,0,0,0,0,0,-2.37,0,0
PRRC2B,0,0,0,0,0,0,0,0,0,0,0,0,0,0,0,0,0,0,0,0,-2.37
ZHX2,0,0,0,0,0,0,0,0,0,0,0,0,0,2.002,0,0,0,-1.589,0,2.37,0
MPG,0,0,0,0,0,0,0,0,0,0,0,0,0,0,0,0,0,0,0,0,2.37
ARFRP1,0,0,0,0,0,0,0,0,0,0,0,0,-1.403,-1.389,0,0,0,0,0,-2.369,1.454
CRTC3,0,0,0,0,0,0,0,0,0,0,0,0,0,0,0,0,0,0,-2.198,-2.369,0
GSDMB,0,0,0,0,0,0,0,0,0,0,0,0,0,-1.628,0,0,0,0,0,-2.369,2.254
TPM1-AS,2.106,0,0,2.117,0,0,0,0,0,0,0,0,0,0,0,0,0,0,1.93,2.368,0
NONO,0,0,0,0,0,0,0,0,0,0,0,0,0,0,0,0,0,0,0,0,-2.368
RTN4RL2,0,0,0,0,0,0,0,0,0,0,0,0,0,0,0,-2.366,0,0,-1.721,0,0
FAM238C,0,0,0,0,0,0,0,0,0,0,0,0,0,0,0,0,0,0,0,-2.366,0
JAKMIP1,0,0,0,0,0,2.048,2.365,0,0,0,0,0,0,0,0,0,0,0,0,0,0
CDC34,0,0,0,0,0,0,-2.365,0,0,0,0,0,0,0,0,0,0,0,0,0,0
ENSEMBL:ENSG00000287168,0,0,0,0,0,-2.365,-1.689,0,0,0,0,0,0,0,0,0,0,0,0,0,0
MT-TA,0,0,0,0,0,0,0,0,0,0,0,0,0,0,0,-1.488,0,0,-2.365,0,0
ENSEMBL:ENSG00000279423,0,0,0,0,0,2.031,1.442,1.434,0,0,0,2.364,0,0,0,0,0,0,0,0,0
FKTN,0,0,0,0,0,0,0,0,0,0,0,-2.364,-2.36,0,0,0,0,0,0,-1.822,0
WDR6,0,0,0,0,0,0,0,0,0,0,0,0,0,-1.589,0,0,2.364,0,0,0,-1.839
KRR1,0,0,0,0,0,-1.587,0,-1.862,0,0,0,0,-2.364,-1.562,0,0,0,0,0,0,0
RPRML,0,0,0,0,0,0,0,0,0,0,0,0,0,0,0,0,0,0,0,-2.364,0
GPX1,0,0,0,0,0,0,-2.364,0,0,0,0,0,0,0,0,0,0,0,0,0,0
ST6GALNAC3,0,0,0,0,1.423,0,0,0,0,0,0,0,0,1.414,0,0,1.306,0,0,2.363,0
MRE11,0,0,0,0,0,0,0,0,0,0,0,0,0,0,0,0,0,0,0,-2.363,0
CYP1B1,0,0,0,0,0,-2.161,0,0,0,0,0,0,0,0,0,0,0,0,0,2.363,0
LINC01409,0,0,0,0,0,0,-1.888,0,0,0,0,-2.162,-2.362,0,0,0,0,0,0,-2.155,0
LY96,0,0,0,0,0,0,0,0,0,0,0,0,0,2.362,0,0,0,0,0,0,0
TIGD2,0,0,0,0,0,0,0,0,0,0,0,0,0,0,0,0,0,0,0,-2.362,0
ENSEMBL:ENSG00000273824,0,0,0,0,0,1.745,2.361,0,0,0,0,0,0,0,0,0,0,0,0,0,0
FAM111A,0,0,0,0,0,0,0,0,0,0,0,0,0,0,0,0,-2.361,0,0,-2.294,0
SDF2,0,0,0,0,0,0,0,2.267,1.562,0,0,2.026,2.361,1.797,0,0,0,0,0,0,0
SETBP1,0,0,0,0,0,0,0,0,-1.614,0,0,0,-2.361,-1.517,0,0,0,0,0,0,0
ENSEMBL:ENSG00000283189,0,0,0,0,0,0,0,0,0,0,0,0,0,0,0,0,0,0,0,-2.361,0
NAIF1,0,0,0,0,0,0,0,0,0,0,0,0,0,0,0,0,0,0,0,-1.378,2.36
LRRC28,0,0,0,0,0,0,0,0,0,0,0,0,0,0,0,0,0,0,0,0,2.36
GOLGA8O,0,0,0,0,0,1.496,2.36,0,0,0,0,0,0,0,0,0,0,0,0,0,0
RAB11FIP3,0,0,0,0,0,0,1.318,0,0,0,0,0,0,0,0,0,0,-1.331,0,2.359,-2.321
WDR74,0,0,0,0,0,0,0,0,0,-1.841,0,0,-1.484,-2.359,0,0,0,0,0,0,0
MCTP1,0,0,0,0,0,0,0,0,0,2.359,0,0,0,1.65,0,0,0,0,0,0,0
PHF1,0,0,0,0,0,0,0,0,0,0,0,0,0,0,0,0,0,0,0,2.319,2.359
SCARA5,0,0,0,0,0,0,0,0,0,0,0,0,0,-2.359,0,0,0,0,0,0,0
KIAA1671-AS1,0,0,0,0,0,0,0,0,0,0,0,0,0,0,0,0,0,0,0,2.104,2.358
ADCY6,0,0,0,0,0,0,0,0,0,0,0,0,0,0,0,0,0,0,2.358,0,0
PRPF4B,0,-1.602,0,0,0,0,0,0,0,0,0,0,0,0,0,0,0,0,0,0,-2.358
PPP1R13B,0,1.555,0,0,0,0,1.68,0,0,0,0,0,0,0,0,0,0,0,0,-2.357,0
FIBIN,0,0,0,0,0,0,0,0,0,0,0,0,0,0,0,0,0,0,0,1.856,-2.357
ENSEMBL:ENSG00000288953,0,0,0,0,0,2.357,1.33,0,0,0,0,0,0,0,0,0,0,0,0,0,0
NOM1,0,0,0,0,0,0,0,0,0,0,0,0,-1.998,-2.186,0,0,0,0,0,2.356,0
CA5B,0,0,0,0,0,0,0,0,0,0,0,0,0,0,0,0,0,0,0,-2.356,0
WASH6P,0,0,0,0,0,1.47,0,0,0,0,0,0,0,0,0,0,0,0,0,-2.356,0
CCDC146,0,0,0,0,0,0,0,0,0,0,0,0,0,0,0,0,0,0,0,-2.356,0
NUDT6,0,0,0,0,0,0,0,0,0,0,0,0,0,0,0,0,0,0,0,-2.356,0
ORMDL3,0,0,0,0,0,0,1.906,0,0,0,0,0,0,-1.575,0,0,0,0,0,0,2.356
POLRMT,0,0,0,0,0,0,0,0,0,0,0,0,0,-2.356,0,0,0,0,0,0,0
HNRNPD,0,0,0,0,0,0,0,0,0,0,0,0,0,0,0,0,0,0,1.746,2.355,0
ARL13B,0,0,0,0,0,0,0,0,0,0,0,0,0,0,0,0,0,0,1.499,2.355,0
FOXP3,0,0,0,0,0,0,-1.426,0,0,-1.566,0,0,0,-2.355,0,0,0,0,0,0,0
DR1,0,0,0,0,0,0,0,0,0,0,0,0,0,0,0,0,0,0,0,0,-2.355
PRR11,0,0,0,0,0,0,0,0,0,0,0,0,0,-1.718,0,0,-1.948,0,0,-2.355,0
WASH3P,0,0,0,0,0,2.354,0,0,0,0,0,0,0,0,0,0,0,0,0,-2.173,0
SLC2A14,0,0,0,0,0,0,0,0,1.471,0,0,1.488,2.354,0,0,0,0,0,0,0,0
RAB8B,0,0,0,0,0,0,0,0,0,1.72,0,0,2.354,1.508,0,0,0,0,0,-1.841,0
ADD1,0,0,0,0,0,0,0,0,0,0,0,0,2.273,0,0,-1.301,0,-2.353,0,0,-2.152
ENSEMBL:ENSG00000273151,0,0,0,0,0,0,0,0,0,0,0,0,0,0,0,0,2.353,0,0,0,0
IFITM1,0,0,0,0,0,0,0,0,0,0,0,2.353,2.148,0,0,0,0,0,0,0,0
ROCK1P1,0,0,0,0,0,0,0,0,0,0,0,0,0,0,0,0,0,0,0,-2.352,0
GBP4,0,0,0,0,0,0,0,0,0,-1.584,0,0,0,-2.352,0,-1.474,0,0,0,0,0
EVI2A,0,0,0,0,0,0,0,0,1.313,1.729,0,0,2.352,0,0,0,0,0,0,0,0
ATG4D,0,0,0,0,0,1.861,2.351,0,0,0,0,0,0,0,0,0,0,0,0,0,2.132
ESRRG,0,0,0,0,0,0,0,0,0,0,0,0,0,0,0,0,1.514,0,0,2.351,0
GAS2L2,0,0,0,0,0,0,0,0,0,0,0,0,0,0,0,0,0,0,0,-2.351,-2.089
CYYR1,0,0,0,0,0,0,0,0,0,0,0,0,0,0,0,0,0,0,0,2.351,0
CPAMD8,0,0,0,0,0,0,0,0,0,0,0,0,0,0,0,0,0,0,0,2.351,0
MARK1,0,-1.401,0,0,0,0,0,0,0,0,0,0,0,0,0,0,0,0,0,1.492,2.35
RAMAC,0,0,0,0,0,0,0,0,0,0,0,0,0,1.663,0,0,0,0,0,0,2.35
CALCA,0,0,0,0,0,0,2.349,0,0,0,0,0,0,0,0,0,0,0,0,0,0
IDH3G,0,0,0,0,0,2.11,0,0,0,0,0,0,0,0,0,0,0,2.348,0,0,2.321
PLGRKT,0,0,0,0,0,0,0,0,0,0,0,0,0,0,0,0,0,2.348,0,0,0
RAPGEF1,0,0,0,0,0,0,0,0,0,0,0,0,0,1.369,0,2.186,0,0,-2.348,0,0
DOCK8,0,0,0,0,0,-1.984,0,0,0,1.393,0,0,1.924,2.347,0,0,0,0,0,0,0
MTRES1,0,0,0,0,0,0,1.76,0,0,0,0,0,0,0,0,0,0,2.347,0,-1.647,0
MGC16275,0,0,0,0,0,0,0,0,0,0,0,0,0,0,0,0,0,0,0,1.651,2.346
ZNF254,0,0,0,0,0,0,0,0,0,0,0,0,0,0,0,0,0,0,0,-2.346,0
DLG2,0,0,0,0,0,0,0,0,0,0,0,0,0,0,0,0,0,0,0,0,-2.345
LCN2,0,0,0,0,0,0,0,0,0,0,0,0,2.345,0,0,0,0,0,0,0,0
DYNC1H1,0,0,0,0,0,0,0,0,0,0,0,0,0,-1.617,0,0,0,0,0,2.344,0
ENSEMBL:ENSG00000276422,0,0,0,0,0,0,0,0,0,0,0,1.326,1.96,2.344,0,0,0,0,0,0,0
PPP1R11,0,0,0,0,0,0,0,0,0,0,0,0,0,0,0,1.422,0,0,0,0,2.344
TMEM229B,0,0,0,0,0,1.869,2.344,0,0,-2.071,0,0,0,-1.435,0,0,0,0,0,0,0
SLFN5,0,0,0,0,0,0,0,-1.558,-2.344,-1.409,0,0,0,-2.171,0,0,0,0,0,0,0
ASH1L,0,0,0,0,0,-2.344,-1.55,0,0,0,0,0,0,0,0,0,0,0,0,-1.971,0
ZNRF1,0,0,0,0,0,0,0,0,0,0,0,0,0,-2.066,0,0,0,0,0,-2.344,0
CDK12,0,-1.412,0,0,0,-1.956,0,0,0,0,0,0,0,0,0,0,0,-1.37,0,2.343,-1.561
PLSCR1,0,0,0,0,0,0,0,0,0,0,0,0,2.004,2.343,0,1.312,0,0,0,0,0
LTBP3,0,0,0,0,0,0,0,0,0,-1.377,0,0,0,-2.343,0,0,0,0,0,0,0
ENSEMBL:ENSG00000259972,0,0,0,0,0,0,0,0,0,0,0,0,-1.879,0,0,0,0,1.549,0,0,2.342
ADGRF2,0,0,0,0,0,0,0,0,0,0,0,0,0,0,0,0,0,0,0,2.342,0
ENSEMBL:ENSG00000263489,0,0,0,0,0,0,0,0,0,0,0,0,0,0,0,0,0,0,0,0,-2.341
SNRPF,0,0,0,0,0,0,0,0,0,0,0,0,-1.408,-1.677,0,0,0,2.34,0,1.337,2.119
PSAP,0,0,0,0,0,0,0,0,0,1.356,0,0,0,2.34,0,0,0,0,0,1.842,-1.74
SNX6,0,0,0,0,0,0,0,0,0,0,0,0,0,1.414,0,0,0,0,0,0,2.338
DUSP4,0,0,0,0,0,0,0,0,0,0,0,0,0,0,0,0,0,0,0,2.338,0
GABPB1,0,0,0,0,0,0,0,0,0,0,0,0,0,0,0,0,0,-1.515,0,2.337,-1.81
SETD7,0,0,0,0,0,0,0,0,0,0,0,0,2.337,0,0,0,0,0,0,0,0
DBT,0,0,0,0,0,0,0,0,0,0,0,0,0,0,0,0,0,0,0,-2.337,0
NR1I3,0,0,0,0,0,0,0,0,0,0,0,0,0,0,0,0,0,0,0,0,2.337
FRMD4B,0,0,0,0,0,0,0,0,1.551,0,0,0,2.337,0,0,0,-2.186,0,0,-1.595,0
MIR4453HG,0,0,0,0,0,0,0,0,0,0,0,0,0,0,0,0,0,0,0,2.336,0
ENSEMBL:ENSG00000276570,0,0,0,0,0,0,0,0,0,0,0,0,0,0,0,-2.093,0,0,-2.336,0,0
ASCC3,0,0,0,0,0,0,0,0,0,0,0,0,0,-2.336,0,0,0,0,0,0,1.523
MUS81,0,0,0,0,0,2.336,1.351,0,0,0,0,0,0,0,0,0,0,1.584,0,0,0
P2RY1,0,0,0,0,0,0,0,0,0,0,0,0,0,0,0,0,0,0,0,-2.336,-1.904
WNT5B,0,0,0,0,0,0,0,0,0,0,0,0,0,0,0,0,-2.336,0,0,0,0
SELENOW,0,0,0,0,0,2.198,2.335,0,0,0,0,0,0,0,0,0,0,0,0,0,0
ZYG11B,0,0,0,0,0,-2.247,0,0,0,1.726,0,0,0,2.006,0,0,0,0,0,0,-2.335
ORM2,0,0,0,0,0,0,0,0,0,0,0,0,2.333,1.509,0,0,0,0,0,0,0
CAMK1D,0,0,0,0,0,-2.122,-2.333,0,0,0,0,0,0,0,0,0,0,0,0,0,0
KLHDC3,0,0,0,0,0,2.333,1.886,0,0,0,0,0,0,0,0,0,0,0,0,0,0
S100A13,0,0,0,0,0,0,0,0,0,0,0,0,0,0,0,0,0,0,0,2.333,0
LZTS3,0,0,0,0,0,0,0,0,0,0,0,0,0,0,0,0,0,0,0,-2.333,0
NOC2LP1,0,0,0,0,0,0,0,0,0,0,0,0,0,0,0,0,0,0,0,0,2.333
MYO5C,0,0,0,0,0,0,0,0,0,1.371,0,0,0,1.327,0,0,-2.332,0,0,-1.744,0
ZNF566-AS1,0,0,0,0,0,0,0,0,0,0,0,0,0,0,0,0,0,0,0,-2.331,0
CD74,0,0,0,0,0,0,0,0,0,-1.743,0,0,0,-2.331,0,0,0,0,0,0,0
TATDN2,0,0,0,0,0,1.909,2.331,0,0,-1.364,0,0,0,-1.526,0,0,0,0,0,0,0
ZNF837,0,0,0,0,0,0,-2.33,0,0,0,0,0,-1.887,0,0,0,0,0,0,0,0
LIPG,0,0,0,0,0,0,0,0,0,0,0,0,0,0,0,0,0,0,0,0,2.329
UBASH3A,0,0,0,0,0,0,-1.407,-1.451,0,-1.606,0,0,0,-2.329,0,0,0,0,0,0,0
MCOLN2,0,0,0,0,0,0,0,0,0,0,0,0,0,-2.328,0,0,0,0,0,0,0
CUX2,0,0,0,0,0,0,2.328,0,0,0,0,0,0,0,0,0,0,0,0,0,0
SAMM50,0,0,0,0,0,0,0,0,0,-1.805,0,0,-1.807,-2.064,0,0,0,2.328,0,0,0
CTSD,0,0,0,0,0,1.853,0,0,0,0,0,0,0,2.251,0,0,2.162,0,0,0,-2.328
LRRC2-AS1,0,0,0,0,0,0,0,0,0,0,0,0,0,0,0,0,0,0,2.327,0,0
ZNF444,0,0,0,0,0,0,0,0,0,-1.645,0,0,0,-2.095,0,0,0,0,0,0,2.327
DENND1A,0,0,0,0,0,0,0,0,0,0,0,0,0,0,0,0,0,0,-1.495,0,2.326
TRIM5,0,0,0,0,0,-2.326,0,0,0,0,0,0,0,0,0,0,0,0,0,0,0
GGNBP2,0,0,0,0,0,0,0,0,0,0,0,0,0,2.325,0,0,0,0,0,0,-2.227
FGL2,0,0,0,0,0,-1.966,0,0,0,1.427,0,0,2.325,0,0,0,0,0,0,0,0
NPTXR,0,0,0,0,0,2.325,-1.927,0,0,0,0,0,0,0,0,0,0,0,0,0,0
GALK1,0,0,0,0,0,0,0,0,0,0,0,0,0,2.324,0,0,0,0,0,0,0
YTHDF2,0,0,0,0,0,0,0,0,0,0,0,0,0,0,0,0,0,0,0,2.324,0
LGALS1,0,0,0,0,0,2.323,0,0,0,0,0,0,0,0,0,0,0,0,0,0,0
NOD2,0,0,0,0,0,-1.674,-2.083,0,0,0,0,0,1.719,2.323,0,0,0,0,0,0,0
LARS2,0,0,0,0,0,0,0,0,0,0,0,0,0,0,0,0,0,2.322,0,-1.788,0
CYP2R1,0,0,0,0,0,0,0,0,0,0,0,0,0,0,0,0,0,0,-2.322,0,0
MINAR1,0,0,0,0,0,0,0,0,0,0,0,0,0,0,0,0,0,0,0,-1.586,-2.322
PRKD3,0,0,0,0,0,0,0,0,0,0,0,0,0,0,0,0,0,-2.322,0,0,-2.031
SLBP,0,0,0,0,0,0,0,0,0,0,0,0,0,1.845,0,0,2.322,-1.455,0,0,0
MIIP,0,0,0,0,0,0,0,0,0,0,0,0,0,0,0,0,0,2.321,0,0,0
ENSEMBL:ENSG00000235296,0,0,0,0,0,0,0,0,0,0,0,0,0,0,0,0,0,0,0,0,2.321
URB1,0,0,0,0,0,0,0,0,0,-2.321,0,-1.912,0,-1.332,0,0,0,0,0,2.272,0
MFSD14A,0,0,0,0,0,0,0,0,0,0,0,0,0,0,0,0,0,0,0,2.32,0
FITM2,0,0,0,0,0,0,0,0,0,0,0,0,-1.459,0,0,0,0,2.32,0,0,1.68
GIPC2,0,0,0,0,0,0,0,0,0,0,0,0,0,0,0,0,-2.32,0,0,0,0
GHITM,0,0,0,0,0,0,0,0,0,1.405,0,0,0,2.32,0,0,0,2.21,0,0,0
CD300C,0,0,0,0,0,0,0,0,-2.287,-2.047,0,0,-1.448,-2.319,0,0,0,0,0,0,0
KLF3,0,0,0,0,0,-1.713,0,0,0,1.542,0,0,0,1.49,0,1.66,2.318,0,1.718,0,0
COG4,0,0,0,0,0,2.318,0,0,0,0,0,0,0,0,0,0,0,0,0,0,0
ENSEMBL:ENSG00000285534,0,0,0,0,0,0,0,0,0,1.41,0,0,0,2.317,0,0,0,0,0,0,0
NDRG1,0,1.749,0,0,-1.373,0,0,0,0,0,0,0,1.962,2.317,0,-1.541,0,0,1.577,1.894,0
ENSEMBL:ENSG00000267364,0,0,0,0,0,2.068,1.614,0,0,0,0,2.317,0,0,0,0,0,-1.362,0,0,-1.943
ELMO2,0,0,0,0,0,0,0,0,0,0,0,0,1.422,1.42,0,0,0,0,0,-2,-2.317
ENSEMBL:ENSG00000271420,0,0,0,0,0,0,0,0,0,0,0,0,0,0,0,0,0,0,0,-2.316,0
SYNRG|ENSG00000274047,0,0,0,0,0,0,0,0,0,0,0,0,0,0,0,-1.432,0,0,-2.316,0,0
RPL4P4,0,0,0,0,0,0,0,0,0,-2.316,0,0,0,-2.101,0,0,0,0,0,1.41,0
ZNF232,0,0,0,0,0,0,0,0,0,0,0,0,0,0,0,0,0,0,0,-2.316,0
TKFC,0,0,0,0,0,0,0,0,-2.316,-1.371,0,0,0,0,0,0,0,0,0,-1.419,0
RDH11,0,0,0,0,0,0,2.316,0,0,0,0,0,0,0,0,0,0,0,0,0,0
USP51,0,0,0,0,0,0,0,0,0,0,0,0,0,0,0,0,2.316,0,0,0,0
FBLN5,0,0,0,0,0,0,0,0,0,0,0,-2.316,0,-1.38,0,0,0,0,0,0,0
ATP9A,0,0,0,0,0,1.586,2.314,1.336,0,0,0,2.055,1.682,0,0,0,0,0,0,0,0
PLK1,0,0,0,0,0,0,0,0,0,0,0,0,0,0,0,0,0,0,-2.07,-2.314,0
DIRC3,0,0,0,0,0,0,0,0,0,0,0,0,0,0,0,0,0,0,0,-2.314,0
TOX4,0,0,0,0,0,0,0,0,0,1.519,0,0,0,2.314,0,0,0,0,0,0,0
GNL1,0,0,0,0,0,0,0,0,0,0,0,0,0,0,0,0,0,0,-2.313,0,0
CD2AP,0,0,0,0,0,0,0,0,0,0,0,0,0,0,0,0,0,0,2.313,0,0
DCTD,0,0,0,0,0,0,0,0,0,0,0,0,0,-2.313,0,0,0,0,0,0,1.593
CXCL8,0,0,0,0,0,0,0,0,1.548,1.942,0,1.951,2.313,0,0,0,0,0,0,0,0
NCK1,0,0,0,0,0,0,0,0,0,0,0,0,0,0,0,0,0,0,0,2.312,0
SNRNP25,0,0,0,0,0,0,0,0,0,0,0,0,0,0,0,0,0,2.312,0,0,0
FLYWCH2,0,0,0,0,0,0,0,0,0,0,0,0,0,0,0,0,0,2.312,0,-1.651,0
SNRPB,0,0,0,0,0,2.312,1.392,0,0,0,0,0,0,0,0,0,0,0,0,1.94,1.403
ENSEMBL:ENSG00000227896,0,0,0,0,0,0,0,0,0,0,0,0,0,0,0,0,0,0,0,2.312,0
SMPD4BP,0,0,0,0,0,0,0,0,0,0,0,0,0,0,0,0,0,0,0,-2.312,-2.112
FICD,0,0,0,0,0,0,0,0,-1.384,0,0,0,-1.719,0,0,0,0,0,0,0,2.311
LAMTOR3,0,0,0,0,0,0,-2.311,0,0,0,0,0,0,0,0,0,0,0,0,0,0
MRPS28,0,0,0,0,0,0,0,0,0,0,0,0,0,0,0,0,0,0,0,0,2.311
PEX5L,0,0,0,0,0,0,0,0,0,0,0,0,0,0,0,0,0,0,-1.533,-2.31,0
STXBP5-AS1,0,0,0,0,0,-2.31,0,0,0,0,0,0,0,0,0,0,0,0,0,0,0
PSMC3,0,0,0,0,0,2.31,0,0,0,0,0,0,0,0,0,0,0,0,0,0,1.374
NT5C3B,0,0,0,0,0,0,0,0,0,0,0,0,0,-2.31,0,0,0,0,0,-1.765,0
SLC40A1,0,0,0,0,0,0,0,0,0,0,0,0,2.309,1.914,0,0,0,0,0,0,-1.626
ZZZ3,0,0,0,0,0,0,0,0,0,0,0,0,0,0,0,0,0,0,0,-2.309,0
PSME2,0,0,0,0,0,0,0,0,0,0,0,0,0,0,0,0,0,0,0,0,2.309
STX1A,0,0,0,0,0,0,2.309,0,0,0,0,0,0,0,0,1.371,1.492,0,0,0,0
EIF2B5,0,0,0,0,0,0,0,0,-1.337,0,0,0,-2.152,-2.309,0,0,0,0,0,0,0
CD40LG,0,0,0,0,0,-2.309,0,0,0,0,0,0,0,-1.307,0,0,0,0,0,0,0
LINC02348,0,0,0,0,0,0,0,0,0,0,0,0,0,0,0,0,0,0,0,0,2.308
HPS3,0,0,0,0,0,0,1.444,0,0,0,0,0,0,0,0,0,0,0,0,0,2.308
LDHA,0,0,0,0,0,0,0,0,0,0,0,1.397,2.308,0,0,0,0,0,1.594,0,1.574
ERCC6,0,0,0,0,0,0,0,0,0,0,0,0,0,0,0,0,0,0,0,0,-2.308
MRPL10,0,0,0,0,0,2.19,1.831,0,0,0,0,2.307,0,0,0,0,0,0,0,0,0
DNAJC27,0,0,0,0,0,0,0,0,0,0,0,0,0,0,0,0,0,0,0,2.307,0
SEL1L,0,0,0,0,0,-1.464,0,0,0,2.092,0,0,0,2.306,0,0,0,0,0,0,1.397
FKBP10,0,0,0,0,0,0,2.306,0,0,0,0,1.514,0,0,0,0,0,0,0,0,0
NECAB2,0,0,0,0,0,1.305,0,0,0,1.808,0,0,0,2.305,0,0,0,0,0,0,0
GSTM5,0,0,0,0,0,0,0,0,0,0,0,2.305,0,0,0,0,0,0,0,0,0
ZNFX1,0,0,0,0,0,-1.546,0,0,0,1.542,0,0,1.964,1.968,0,0,0,0,0,2.304,0
LINC02608,0,0,0,0,0,0,0,0,0,0,0,0,0,0,0,0,0,0,0,0,2.304
CYP51A1,0,0,0,0,0,0,0,0,0,0,0,0,0,0,0,0,0,0,0,2.304,0
INAFM2,0,0,0,0,0,0,0,0,0,0,0,0,2.304,0,0,0,0,0,0,0,0
ENSEMBL:ENSG00000282051,0,0,0,0,0,0,0,0,0,1.772,0,0,0,2.303,0,0,0,0,0,0,0
STXBP4,0,0,0,0,0,0,0,0,0,0,0,0,0,0,0,0,0,0,0,-2.303,0
TRIT1,0,0,0,0,0,0,-1.752,0,-1.317,0,0,-1.379,-1.568,-2.302,0,0,0,0,0,0,-1.335
SNIP1,0,0,0,0,0,0,0,0,0,0,0,0,0,0,0,1.478,0,0,0,-2.302,0
RHBDD1,0,0,0,0,0,0,0,0,0,0,0,0,0,-2.302,0,0,0,0,0,0,0
SAFB2,0,0,0,0,0,0,1.904,1.943,2.301,0,0,1.842,2.041,0,0,0,0,0,0,0,0
ZNF580,0,0,0,0,0,0,0,0,0,0,0,0,-2.301,0,0,0,0,0,0,0,0
RIMBP3C,0,0,0,0,0,0,0,0,0,0,0,-2.301,0,0,0,0,0,0,0,0,0
BRMS1,0,0,0,0,0,1.339,0,0,0,0,0,0,0,0,0,0,0,0,0,0,2.301
ZNF875,0,0,0,0,0,0,0,0,0,0,0,0,0,0,0,0,0,0,0,-2.3,0
URM1,0,0,0,0,0,2.298,1.775,0,0,0,0,0,-1.778,0,0,0,0,1.833,0,0,0
GNB4,0,0,0,0,0,-2.298,0,0,0,0,0,0,0,0,0,0,0,0,0,0,0
PEX11A,0,0,0,0,0,0,0,0,0,0,0,0,0,0,0,0,0,2.295,0,-2.297,0
THG1L,0,0,0,0,0,0,0,0,0,0,0,0,-2.297,0,0,0,0,0,0,0,0
ZNF302,0,0,0,0,0,0,0,0,-1.447,0,0,0,-2.297,0,0,0,0,0,-1.417,0,0
PPP1R35,0,0,0,0,0,2.099,0,0,0,0,0,0,0,0,0,0,0,0,-2.296,0,0
CTHRC1,0,0,0,0,0,0,0,0,0,0,0,0,0,0,0,0,0,0,0,-2.296,0
PARGP1,0,0,0,0,0,0,0,0,0,0,0,0,0,0,0,0,0,0,0,-2.296,0
ENSEMBL:ENSG00000223804,0,0,0,0,0,2.296,0,0,0,0,0,0,1.484,0,0,0,0,0,0,0,0
PLSCR3,0,0,0,0,0,0,0,0,0,-1.452,0,0,0,-2.295,0,0,0,0,0,0,0
ARHGAP27P1-BPTFP1-KPNA2P3,0,0,0,0,0,0,0,0,0,1.775,0,0,1.887,2.295,0,0,0,0,0,0,0
PRMT3,0,0,0,0,0,0,0,0,0,0,0,0,0,0,0,0,0,0,0,0,2.295
APBA1,0,0,0,0,0,0,0,0,0,0,0,0,0,0,0,0,0,2.295,0,0,0
ENSEMBL:ENSG00000278737,0,0,0,0,0,0,0,0,0,0,0,0,0,0,0,0,0,0,0,-2.295,0
INTS4P1,0,0,0,0,0,0,0,0,0,0,0,0,-2.294,0,0,0,0,0,0,0,0
TTI1,0,0,0,0,0,0,0,0,0,0,0,0,0,0,0,-1.468,2.294,0,0,1.69,0
KCNQ1OT1,0,0,0,0,0,0,0,0,0,0,0,0,0,0,0,0,-2.293,0,0,0,0
FLT4,0,0,0,0,0,-2.293,-2.156,0,0,0,0,0,0,0,0,0,-1.932,0,0,0,0
ENSEMBL:ENSG00000255197,0,0,0,0,0,0,-1.795,0,0,0,0,0,0,2.293,0,0,-1.395,0,0,0,0
PCDHGA12,0,0,0,0,0,0,0,0,0,0,0,0,0,0,0,0,0,-1.422,0,0,-2.292
CLIC2,0,0,0,0,0,0,0,0,0,0,0,0,0,0,0,1.337,0,0,0,2.291,0
RETREG1-AS1,0,0,0,0,0,0,0,0,0,-2.075,0,0,0,-2.291,0,0,0,0,0,0,0
RPL30,0,0,0,0,0,0,-1.476,0,0,-1.913,0,0,0,-2.291,0,0,0,0,0,0,0
MSS51,0,0,0,0,0,0,0,0,0,0,0,0,0,0,0,0,0,0,0,0,2.291
NPDC1,0,0,0,0,0,0,0,0,0,-1.337,0,1.911,0,-2.291,0,0,0,0,0,0,0
PGP,0,0,0,0,0,2.29,0,0,0,0,0,0,0,0,0,0,0,1.303,0,0,0
CCDC85A,0,0,0,0,0,0,0,0,0,0,0,0,0,0,0,1.339,0,0,0,2.29,0
NOG,0,0,0,0,0,0,0,0,0,0,0,-1.55,-1.771,0,0,0,0,0,0,-2.289,0
PIK3R5-DT,0,0,0,0,0,0,0,0,0,2.288,0,0,0,0,0,0,0,0,0,0,0
ARHGEF28,0,0,0,0,0,2.288,1.815,0,0,0,0,0,0,0,0,0,0,0,0,-1.713,0
MIA,0,0,0,0,0,0,0,0,0,0,0,0,-2.032,-2.288,0,0,0,0,0,0,0
VCAN,0,0,0,0,0,-2.259,0,0,0,0,0,-1.315,-1.348,-2.288,0,0,0,0,0,0,0
XCL1,0,0,0,0,0,0,1.323,0,0,0,0,0,-1.975,-2.288,0,0,0,0,0,0,0
NCAN,0,0,0,0,0,0,0,0,0,0,0,0,0,-2.288,0,0,0,0,0,0,0
ZNF480,0,0,0,0,0,0,0,0,0,0,0,0,0,0,0,0,0,0,0,-2.288,0
LILRB5,0,0,0,0,0,0,0,0,0,2.288,0,0,0,2.101,0,0,0,0,0,0,0
MYO15A,0,0,0,0,0,0,0,0,0,0,0,0,0,-1.546,0,0,0,0,0,0,-2.288
ZFAND2B,0,0,0,0,0,0,0,0,0,0,0,0,1.348,2.288,0,0,-1.757,0,0,-1.577,0
PVALB,0,0,0,0,0,0,0,0,0,0,0,0,0,0,0,0,-2.288,0,0,-1.735,0
H2BC20P,0,0,0,0,0,0,0,0,0,0,0,0,0,2.287,0,0,0,0,0,0,0
RAB11B-AS1,0,0,0,0,0,0,0,0,0,0,0,0,0,0,0,0,-1.352,0,0,-2.287,0
LCMT1,0,0,0,0,0,0,0,0,0,-2.287,0,0,0,0,0,0,0,0,0,0,0
ACSS2,0,0,0,0,0,0,0,0,0,0,0,0,0,2.286,0,0,0,0,-1.593,0,2.009
ENSEMBL:ENSG00000287737,0,0,0,0,0,0,0,0,0,2.285,0,0,0,1.556,0,0,0,0,0,0,0
HHEX,0,0,0,0,0,-2.083,-2.284,0,0,1.567,0,0,0,2.183,0,0,0,0,0,0,0
UBE2Q1,0,0,0,0,0,0,0,0,0,0,0,0,0,0,0,0,2.284,0,0,0,1.515
AP4E1,0,0,0,0,0,0,0,0,0,0,0,0,0,0,0,0,0,0,0,-2.284,0
TMEM185B,0,0,0,0,0,0,0,0,0,0,0,0,0,2.284,0,0,0,0,0,1.358,0
EIF3K,0,0,0,0,0,0,0,0,0,-1.405,0,0,0,-2.284,0,0,0,2.01,0,0,0
PSMB8-AS1,0,0,0,0,0,0,0,0,0,0,0,0,0,2.284,0,0,0,0,0,1.718,0
NAGLU,0,0,0,0,0,1.96,0,0,0,0,0,0,0,0,0,0,2.284,0,0,0,0
MYL3,0,0,0,0,0,0,0,0,0,0,0,0,0,0,0,0,0,0,-1.963,0,-2.283
SNORD3A,0,0,0,0,0,0,0,0,0,0,0,0,0,0,0,-2.283,0,0,0,0,0
BTN2A2,0,0,0,0,0,0,0,0,0,0,0,0,0,0,0,2.283,-1.829,0,0,-1.71,0
ACBD3,0,0,0,0,0,0,-2.283,0,0,0,0,-1.398,0,0,0,0,0,0,0,0,-1.777
ZBTB44,0,0,0,0,0,-2.282,0,0,0,0,0,0,0,0,0,0,0,0,0,0,0
CSTA,0,0,0,0,0,0,0,0,0,0,0,0,1.305,2.282,0,0,0,0,0,0,0
ALDH9A1,0,0,0,0,0,0,0,0,0,0,0,0,0,1.816,0,0,0,0,0,0,-2.282
TMEM255A,0,0,0,0,0,0,0,0,0,0,0,0,0,0,0,0,0,0,0,-1.672,-2.282
MYZAP,0,0,0,0,0,0,0,0,0,0,0,0,0,0,0,0,0,2.281,0,0,0
LINC00996,0,0,0,0,0,0,2.281,0,0,0,0,0,0,0,0,0,0,0,0,0,0
RPL18AP3,0,0,0,0,0,0,0,0,0,0,0,0,0,-2.281,0,0,0,0,0,0,0
LARP4B,0,2.112,0,0,0,-1.915,0,0,0,0,0,0,0,0,0,0,0,0,-2.281,0,0
ANAPC1P2,0,0,0,0,0,0,-1.315,0,0,0,0,0,0,0,0,0,0,0,0,0,-2.28
BCL2L11,0,0,0,0,0,-1.562,0,0,0,0,0,0,0,0,0,0,0,-1.595,0,0,-2.28
ZNRD2,0,0,0,0,0,2.28,0,0,0,0,0,0,0,0,0,0,0,0,0,0,0
COA6,0,0,0,0,0,0,0,0,0,0,0,0,0,0,0,0,0,0,0,0,2.28
MTF1,0,0,0,0,0,0,0,0,0,0,0,0,1.379,2.279,0,0,0,-1.436,0,0,0
CSNK2A2,0,0,0,0,0,0,0,0,0,0,0,0,0,0,0,1.698,0,0,2.002,2.279,0
LFNG,-1.49,0,0,0,0,0,0,0,0,-2.278,0,0,0,0,0,-2.277,0,0,0,0,0
PTGES3,0,0,0,0,0,0,0,0,1.634,0,0,0,0,0,0,0,0,0,0,0,-2.278
ENSEMBL:ENSG00000286912,0,0,0,0,0,-2.278,0,0,0,0,0,0,0,0,0,0,0,0,0,0,0
RGPD8,0,0,0,0,0,0,0,0,0,0,0,0,0,0,0,0,0,0,0,2.278,0
GALM,0,0,0,0,0,0,0,0,0,0,0,0,0,0,0,0,0,0,-1.944,-2.277,0
SMIM32,0,0,0,0,0,0,0,0,0,0,0,0,0,0,0,0,0,0,0,2.276,0
PCED1A,0,0,0,0,0,0,0,0,0,0,0,0,0,0,0,-1.588,0,0,0,-2.276,0
MRPS18B,0,0,0,0,0,0,0,0,0,-1.789,0,0,0,-2.046,0,0,0,1.893,0,0,2.276
DHX40,0,0,0,0,0,-1.611,0,0,0,1.326,0,0,0,2.276,0,0,0,0,0,-1.631,0
STAMBP,0,0,0,0,0,0,0,0,0,0,0,0,0,0,0,0,0,0,0,-2.276,0
GIGYF2,0,0,0,0,0,-2.276,0,0,0,0,0,0,0,0,0,0,1.93,0,0,0,0
POLR3B,0,0,0,0,0,0,0,0,0,0,0,0,0,0,0,0,0,0,0,-2.276,0
RGS5,0,0,0,0,0,0,-1.529,0,0,-2.276,0,0,0,-2.217,0,0,0,0,0,0,0
ENSEMBL:ENSG00000260335,0,0,0,0,0,0,0,0,0,-1.324,0,0,0,-2.275,0,0,0,0,0,0,0
USP13,0,0,0,0,0,0,0,0,0,0,0,0,0,0,0,0,0,0,0,0,2.275
ZNF584,0,0,0,0,0,0,0,0,0,0,0,0,0,0,0,0,0,0,0,2.274,0
NIPAL3,0,0,0,0,0,0,0,0,0,-1.936,0,0,0,-2.274,0,0,0,0,0,-1.961,-1.481
ZC3HAV1,0,0,0,0,0,0,0,0,1.556,0,0,0,2.273,0,0,0,0,0,0,0,0
LYST,0,-1.749,0,0,0,-2.273,0,0,0,0,0,0,0,0,0,0,0,0,0,-1.756,0
ECHDC3,0,0,0,0,0,0,0,0,0,0,0,0,0,0,0,0,0,2.273,0,0,0
HTATIP2,0,0,0,0,0,0,0,0,0,0,0,0,0,2.272,0,0,0,0,0,0,0
PRPF40B,0,0,0,0,0,0,0,0,0,0,0,0,0,0,0,0,0,0,0,-1.857,2.272
ZNF35,0,0,0,0,0,0,0,0,0,0,0,0,0,0,0,0,0,0,0,1.794,2.272
SRL,0,0,0,0,0,0,0,0,0,0,0,0,0,0,0,0,0,0,-2.272,-1.365,0
U2AF2,0,0,0,0,0,0,0,0,0,0,0,0,1.743,0,0,0,0,0,0,0,2.272
MC1R,0,0,0,0,0,2.272,1.626,0,0,0,0,0,0,0,0,0,0,0,0,0,0
VPS33B,0,0,0,0,0,0,0,0,0,0,0,-2.271,0,0,0,0,0,0,0,0,1.473
ENSEMBL:ENSG00000276007,0,0,0,0,0,0,2.271,0,0,0,0,0,0,0,0,0,0,0,0,0,0
ALDH1L1,0,0,0,0,0,0,0,0,0,0,0,0,0,0,0,0,0,2.271,0,0,0
MRPS34,0,0,0,0,0,2.117,0,0,0,0,0,0,0,0,0,0,0,2.271,0,0,0
DMKN,0,0,0,0,0,0,2.27,0,0,0,0,0,0,0,0,0,0,0,0,0,0
SOBP,0,0,0,0,0,0,0,0,0,0,0,0,0,0,0,0,0,0,0,-2.017,-2.27
CFAP61,0,0,0,0,0,0,0,0,0,0,0,0,0,0,0,0,0,0,0,0,-2.27
ARHGAP28,0,0,0,0,0,0,0,0,0,0,0,0,0,0,0,0,0,0,0,-2.27,0
ROGDI,0,0,0,0,0,0,0,0,0,0,0,0,0,0,0,0,0,0,0,-2.269,0
IFI27L1,0,0,0,0,0,0,0,0,0,0,0,0,0,0,0,0,0,0,0,-2.269,0
ACADS,0,0,0,0,0,2.269,0,0,0,0,0,0,0,0,0,0,0,0,0,0,0
MPDZ,0,0,0,0,0,0,0,0,0,0,0,0,0,0,0,1.333,0,0,-2.268,0,0
KCNJ3,0,0,0,0,0,0,0,0,0,0,0,0,0,0,0,0,0,0,0,-2.268,0
CLDN9,0,0,0,0,0,0,0,2.157,2.162,1.614,0,2.052,2.153,1.479,0,0,0,0,0,2.268,0
GTF3C2,0,0,0,0,0,0,0,0,0,0,0,0,0,0,0,0,0,0,0,-2.268,0
PFDN5,0,1.439,0,0,0,0,-2.267,0,0,0,0,0,0,0,0,0,0,0,0,0,0
C11orf80,0,0,0,0,0,0,0,0,0,-1.423,0,0,-1.317,-2.267,0,0,0,0,0,0,0
TNNC2,0,1.303,0,0,0,0,0,0,0,0,0,0,0,0,0,2.266,0,0,0,0,0
CEP131,0,0,0,0,0,0,0,0,0,0,0,0,0,0,0,0,0,2.003,1.554,-2.266,0
CFAP20,0,0,0,0,0,0,0,0,0,0,0,0,0,0,0,0,0,0,0,0,2.265
NELFCD,0,-1.599,0,0,0,0,0,0,0,-1.869,0,0,0,-2.265,0,0,0,0,0,0,0
PRMT6,0,0,0,0,0,0,0,0,0,0,0,-1.981,0,0,0,0,0,0,0,2.264,0
FAM13B,0,0,0,0,0,0,0,0,0,0,0,0,0,0,0,0,-1.714,0,-1.863,2.264,1.721
SEC24D,0,0,0,0,0,0,0,0,0,0,0,0,0,0,0,0,0,0,0,2.264,0
LINC00431,0,0,0,0,0,0,0,0,0,2.264,0,0,0,1.443,0,0,0,0,0,0,0
PIP5K1C,0,0,0,0,0,2.264,0,0,0,0,0,0,0,0,0,0,0,0,2.036,0,0
CUL4A,0,0,0,0,0,-2.264,0,0,0,0,0,0,0,0,0,0,0,0,0,0,-2.149
MTHFD1L,0,0,0,0,0,0,0,0,0,0,0,0,0,0,0,0,2.101,0,0,2.264,0
ARFGAP1,0,0,0,0,0,2.263,1.323,0,0,0,0,0,0,0,0,0,0,0,0,0,0
CTBP1-DT,0,0,0,0,0,2.263,0,0,-1.35,0,0,0,-1.902,0,0,0,0,0,0,0,0
FAR2,0,0,0,0,0,-2.263,0,0,0,2.157,0,0,0,2.017,0,1.383,0,0,0,0,0
CCDC39,0,0,0,0,0,0,0,0,0,0,0,0,0,0,0,0,0,0,0,0,-2.263
LRRC26,0,0,0,0,0,1.387,2.263,0,0,0,0,0,0,0,0,0,0,0,0,0,0
SOS1,0,-2.139,0,0,0,0,0,0,0,0,0,0,0,0,0,1.927,0,0,1.413,2.144,-2.262
ZNF789,0,0,0,0,0,0,0,0,0,0,0,0,-1.32,0,0,0,0,0,0,-2.261,0
PHF14,0,0,0,0,0,2.261,2.055,0,0,0,0,0,0,0,0,0,0,0,0,0,0
NCF1C,0,0,0,0,0,0,0,0,0,1.587,0,0,0,2.26,0,0,0,0,0,0,0
RIOK3,0,0,0,0,0,-2.249,0,0,0,0,0,0,0,0,0,0,0,2.26,0,1.895,0
KCTD13,0,0,0,0,0,0,0,0,0,0,0,0,0,0,0,0,0,0,0,-2.259,0
GARNL3,0,0,0,0,0,0,0,0,0,0,0,0,0,0,0,0,0,0,0,-2.259,0
GATAD1,0,0,0,0,0,0,0,0,0,0,0,0,0,0,0,0,0,0,0,-2.259,0
PEDS1,0,0,0,0,0,0,1.358,0,0,0,0,0,1.657,0,0,0,0,1.323,0,1.742,2.258
RAB24,0,0,0,0,0,0,0,0,0,0,0,0,0,2.258,0,0,0,0,0,-2.256,0
SIGLEC8,0,0,0,0,0,0,0,0,0,0,0,0,0,-2.258,0,0,0,0,0,0,0
CCDC88A,0,0,0,0,0,0,0,0,0,0,0,-1.927,0,0,0,0,-1.318,0,0,0,2.257
CS,0,0,0,0,0,0,0,0,0,0,0,0,0,0,0,0,0,2.257,0,0,0
ENSEMBL:ENSG00000268555,0,0,0,0,0,-2.257,-1.53,0,1.31,0,0,0,1.619,0,0,0,0,0,0,0,-1.979
CCDC125,0,0,0,0,0,0,0,0,1.417,0,0,0,2.123,2.257,0,0,0,0,0,0,0
FLJ40194,0,0,0,0,0,1.439,2.257,0,0,0,0,1.397,1.342,0,0,0,0,0,0,0,0
DNTTIP2,0,0,0,0,0,0,0,0,0,0,0,0,0,0,0,0,0,0,0,2.257,0
TRHDE-AS1,0,0,0,0,0,0,0,0,0,0,0,0,0,0,0,0,-2.256,0,0,0,0
HAUS4,0,0,0,0,0,0,0,0,0,0,0,0,0,2.256,0,0,0,0,0,-1.4,0
ARHGAP23,0,0,0,0,0,0,0,0,0,0,0,0,0,0,0,0,0,0,-2.256,0,0
TFB1M,0,0,0,0,0,0,0,0,0,0,0,0,0,0,0,0,0,0,0,2.256,0
CYP11A1,0,0,0,0,0,0,0,0,0,0,0,0,0,0,0,0,0,2.256,0,0,0
NFS1,0,0,0,0,0,0,0,0,0,0,0,0,0,0,0,0,0,2.256,0,0,0
NCAPG2,0,0,0,0,0,0,0,0,0,0,0,0,0,0,0,0,0,0,0,0,-2.256
DHX35,0,0,0,0,0,0,0,0,0,0,0,0,0,0,0,0,0,0,0,0,-2.256
RGS1,0,0,0,0,0,0,1.343,2.255,1.362,0,0,2.196,1.949,0,0,0,0,0,0,0,0
BAIAP2L1,0,0,0,0,0,0,0,0,0,0,0,0,0,0,0,0,-2.255,0,0,0,0
ACTA2,0,0,0,0,0,0,0,0,0,0,0,0,2.254,0,0,0,0,0,1.427,0,0
NPTX1,0,0,0,0,0,0,1.586,0,0,0,0,0,0,0,0,0,2.254,0,0,0,-1.532
ZBTB45,0,0,0,0,0,0,0,0,0,0,0,0,0,0,0,0,0,0,0,-2.253,0
VPS33A,0,0,0,0,0,0,0,0,0,0,0,0,0,0,0,0,0,0,0,-2.253,0
EMC1,0,0,0,0,0,0,0,0,0,0,0,0,-2.253,0,0,0,0,0,0,0,0
NMRAL1,0,0,0,0,0,0,2.253,0,0,0,0,0,0,0,0,0,0,0,0,0,0
NCOA1,0,0,0,0,0,-1.71,0,0,0,0,0,0,1.937,2.237,0,0,0,-1.891,2.253,0,0
PRCP,0,0,0,0,0,0,0,0,0,1.426,0,0,2.252,1.512,0,0,0,0,0,0,0
ENSEMBL:ENSG00000234750,0,0,0,0,0,0,0,0,0,0,0,-1.476,-1.391,-2.252,0,0,0,0,0,0,0
FAH,0,0,0,0,0,0,0,0,0,0,0,0,0,0,0,0,0,2.252,0,0,0
DHFR2,0,0,0,0,0,0,0,-2.252,0,0,0,0,0,0,0,0,0,0,0,-1.361,0
RBMS2,0,0,0,0,0,0,0,0,0,0,0,0,0,0,0,0,-2.252,0,0,0,0
AFTPH,0,0,0,0,0,0,0,0,0,0,0,0,1.726,2.251,0,0,0,0,0,0,0
ILKAP,0,0,0,0,0,1.654,2.25,0,0,0,0,0,0,0,0,0,0,0,0,0,0
ENSEMBL:ENSG00000262160,0,0,0,0,0,1.443,0,0,0,0,0,0,0,0,0,0,0,0,0,-2.249,0
HINT2,0,0,0,0,0,0,0,0,0,0,0,0,0,0,0,0,0,2.249,0,0,0
NBEAL1,0,0,0,0,0,0,0,0,0,0,0,0,0,-2.248,0,0,0,0,0,0,0
MPDU1,0,0,0,0,0,0,0,0,0,0,0,0,-2.247,-1.519,0,0,0,0,0,0,2.006
RGS6,0,0,0,0,0,-2.247,0,0,0,0,0,0,0,0,0,0,0,0,0,0,0
ZNF782,0,0,0,0,0,0,0,0,0,0,0,0,0,0,0,0,2.072,0,0,2.246,0
MOB2,0,0,0,0,0,0,0,1.321,0,0,0,1.357,0,0,0,0,0,0,0,0,-2.246
PRSS43P,0,0,0,0,0,0,0,0,0,0,0,0,0,0,0,-2.246,0,0,0,-1.806,0
CTNNB1,0,0,0,0,0,0,0,0,0,0,0,0,2.245,1.738,0,0,0,0,-1.513,1.966,0
ATP2C1,0,0,0,0,0,-2.245,0,0,0,0,0,0,0,0,0,0,0,0,0,0,0
ENSEMBL:ENSG00000280852,0,0,0,0,0,0,0,0,0,0,0,0,0,0,0,0,0,0,0,0,2.244
SYF2,0,0,0,0,0,0,0,0,0,0,0,0,1.417,2.244,0,0,0,0,0,0,0
AIM2,0,0,0,0,0,0,0,0,1.965,0,0,0,2.244,1.525,0,0,0,0,0,0,0
DYRK4,0,0,0,0,0,0,0,0,0,0,0,0,-1.447,0,0,0,0,0,-2.243,0,0
SENP7,0,0,0,0,0,-2.243,0,0,0,0,0,0,0,0,0,0,0,0,0,-2.165,0
APOL2,0,0,0,0,0,0,0,0,0,0,0,0,0,2.243,0,0,0,-1.781,0,0,-1.569
NKAPD1,0,0,0,0,0,-2.242,0,0,0,0,0,0,0,0,0,0,0,0,0,0,0
GATD3B,0,0,0,0,0,0,0,0,0,0,0,0,0,0,0,0,0,2.242,0,0,0
RNU4-2,0,0,0,0,0,0,0,0,0,0,0,0,0,0,0,-2.242,0,0,0,0,0
ENKD1,0,0,0,0,0,0,0,0,0,0,0,0,0,0,0,0,0,0,0,-2.242,0
H2BC19P,0,0,0,0,0,0,0,0,0,1.716,0,0,0,2.241,0,0,0,0,0,0,0
PMVK,0,0,0,0,0,0,0,0,0,-1.456,0,0,0,-2.241,0,0,0,0,0,0,0
ATP6V0C,0,0,0,0,0,0,0,0,0,0,0,0,2.24,0,0,0,0,0,0,0,0
GSK3A,0,0,0,0,0,0,0,0,0,0,0,0,2.24,0,0,0,0,0,-1.981,1.351,0
TMEM44,0,0,0,0,0,0,0,0,0,0,0,0,0,0,0,0,-2.24,0,0,0,0
XRCC5,0,0,0,0,0,0,0,0,0,0,0,0,2.24,1.406,0,0,0,0,0,0,0
ENSEMBL:ENSG00000288871,0,0,0,0,0,0,0,0,0,0,0,0,0,0,0,0,0,0,0,-2.239,0
ENSEMBL:ENSG00000258728,0,0,0,0,0,0,0,0,0,0,0,0,0,0,0,0,0,0,0,-2.239,0
ATP5F1D,0,0,0,0,0,2.238,0,0,0,0,0,0,0,0,0,0,0,0,0,0,0
MAN2A1,0,0,0,0,0,-2.238,0,0,0,0,0,0,0,0,0,0,0,0,0,1.583,-1.732
A1BG-AS1,0,0,0,0,0,0,0,0,-1.428,0,0,0,-2.238,0,0,0,0,0,0,0,0
TSPYL2,0,0,0,0,0,0,0,0,0,0,0,0,0,-1.692,0,0,0,0,0,0,-2.238
SATB2-AS1,0,0,0,0,0,0,0,0,0,0,0,0,0,0,0,0,0,0,-2.237,-2.103,0
CTNNBL1,0,0,0,0,0,1.602,0,0,0,-2.237,0,0,0,0,0,0,0,0,0,0,0
CIDECP1,0,0,0,0,0,0,0,0,0,0,0,0,0,0,0,0,0,0,0,0,2.236
PUM2,0,0,0,0,0,0,0,0,0,0,0,0,0,0,0,0,0,0,-1.406,-2.236,-1.755
ENSEMBL:ENSG00000261101,0,0,0,0,0,0,0,0,0,0,0,0,0,0,0,0,0,0,0,2.236,1.859
SIX2,0,0,0,0,0,0,0,0,0,0,0,0,0,0,0,0,0,-2.235,0,0,-1.463
COG5,0,0,0,0,0,0,0,0,0,0,0,0,0,0,0,1.563,0,0,2.234,0,2.196
SLC25A24,0,-1.419,0,0,0,-2.234,0,0,0,0,0,0,0,0,0,0,0,0,0,0,2.2
KICS2,0,0,0,0,0,0,0,0,0,0,0,0,0,0,0,0,0,0,0,0,2.234
UBOX5,0,0,0,0,0,0,0,0,0,0,0,0,0,0,0,0,0,0,0,-2.234,0
SLC35B4,0,0,0,0,0,0,0,0,0,0,0,0,-2.233,0,0,0,1.991,0,0,0,0
CASP9,0,0,0,0,0,0,0,0,0,0,0,0,0,2.233,0,0,0,0,0,0,0
PARP16,0,0,0,0,0,0,0,0,0,2.233,0,0,0,1.826,0,0,0,0,0,-2.106,0
KIF2A,0,0,0,0,0,0,0,0,0,0,0,0,0,0,0,0,0,0,0,-2.233,0
LINC01036,0,0,0,0,0,-2.233,-1.351,0,0,0,0,0,0,-1.521,0,0,0,0,0,0,0
PDE4DIP,0,0,0,0,0,-2.233,0,0,0,-1.86,0,-1.653,0,-2.108,0,0,0,0,-1.843,0,0
CBLB,0,0,0,0,0,0,2.232,0,0,0,0,0,0,-1.998,0,0,0,-1.738,0,2.032,-1.884
UPK3BL1,0,0,0,0,0,0,0,0,0,0,0,0,0,0,0,0,0,0,-2.232,-1.768,0
ATP5F1B,0,0,0,0,0,0,0,0,0,0,0,0,0,0,0,0,0,2.23,0,0,0
PRPF39,0,0,0,0,0,0,0,0,0,0,0,0,0,0,0,0,0,0,0,-2.229,0
MTCO2P12,0,0,0,0,0,0,0,0,0,0,0,0,0,0,0,-2.229,0,0,-1.788,0,0
ANKRD10,0,0,0,0,0,0,0,0,0,0,0,0,0,0,0,0,0,-2.229,0,0,0
TSHR,0,0,0,0,0,0,0,0,0,0,0,0,0,0,0,0,0,0,-1.594,-2.229,0
CNBD2,0,0,0,0,0,0,0,0,0,0,0,0,0,0,0,0,0,0,0,0,-2.228
YY1AP1,0,0,0,0,0,0,0,0,0,0,0,0,2.228,0,0,0,0,0,0,0,-1.935
DAAM1,0,0,0,0,0,0,0,0,0,0,0,0,0,0,0,0,0,0,1.36,-2.228,0
PRDM11,0,0,0,0,0,0,0,0,0,0,0,0,0,0,0,0,0,0,0,-2.228,0
CYB5R3,0,0,0,0,0,0,0,0,0,0,0,0,2.194,0,0,0,0,0,-2.228,0,0
WBP11,2.227,0,0,0,0,0,0,0,0,0,0,0,0,0,0,-1.639,0,0,0,0,0
ARHGEF34P,0,0,0,0,0,0,0,0,0,0,0,-2.227,0,-1.336,0,0,0,0,0,0,0
TLL2,0,0,0,0,0,0,0,0,0,0,0,0,0,0,0,0,0,2.227,0,0,0
PTH1R,0,0,0,0,0,0,0,0,0,0,0,0,0,0,0,0,-2.226,0,0,0,0
SNRPA1,0,0,0,0,0,0,0,0,0,0,0,0,-2.226,0,0,-1.474,0,0,0,0,1.42
ZER1,0,0,0,0,0,0,-2.226,0,0,0,0,0,0,0,0,0,0,0,0,0,0
PRDX1,0,0,0,0,0,0,0,0,0,-2.226,0,0,0,-2.189,0,0,0,0,0,1.832,0
ENSEMBL:ENSG00000287958,0,0,0,0,0,2.226,1.357,0,0,0,0,0,0,0,0,0,0,0,0,0,0
ZNF710-AS1,0,0,0,0,0,0,0,0,0,0,0,0,0,0,0,0,0,0,0,-2.226,0
STYXL1,0,0,0,0,0,0,0,0,0,0,0,0,0,0,0,0,0,0,0,0,2.225
ENSEMBL:ENSG00000272077,0,0,0,0,0,0,0,0,0,0,0,0,0,0,0,0,0,0,0,-2.225,0
OVCA2,0,0,0,0,0,0,0,0,0,0,0,0,-2.225,0,0,0,0,2.178,0,0,0
TRMT44,0,0,0,0,0,0,0,0,0,0,0,0,-2.225,0,0,0,0,0,0,0,-1.335
NUDT16L1,0,0,0,0,0,2.225,0,0,0,0,0,0,0,0,0,0,0,0,0,0,-1.698
LUC7L,0,0,0,0,0,0,0,0,0,0,0,0,0,-1.739,0,-1.417,0,0,0,2.224,0
CCL21,0,0,0,0,0,0,0,0,0,0,0,0,-2.224,-1.374,-1.678,0,0,0,0,0,0
DKK4,0,0,0,0,0,0,0,0,0,0,0,0,-2.224,0,0,0,0,0,0,0,0
PFKL,0,0,0,0,0,0,0,0,0,0,0,0,0,-2.224,0,0,0,0,0,0,0
PRDM10,0,0,0,0,0,0,0,0,0,0,0,0,0,0,0,0,-1.712,0,0,-2.224,0
TMEM186,0,0,0,0,0,0,0,0,0,0,0,0,0,0,0,0,0,0,0,-2.224,0
TAP2,0,0,0,0,0,0,0,0,0,0,0,0,2.222,1.339,0,0,0,0,0,0,0
PRDM15,0,0,0,0,0,0,0,0,0,0,0,0,0,0,0,0,0,0,0,0,2.221
ENSEMBL:ENSG00000287299,0,0,0,0,0,0,0,0,0,0,0,0,0,0,0,0,0,0,1.792,2.221,0
TTC31,0,0,0,0,0,0,1.324,0,0,0,0,0,0,0,0,0,0,0,0,-2.221,0
TMEM141,0,0,0,0,0,0,0,0,-1.379,0,0,0,-2.221,0,0,0,0,0,0,0,0
TAX1BP3,0,0,0,0,0,0,0,0,0,0,0,0,2.22,0,0,0,0,0,0,1.979,0
TMEM134,0,0,0,0,0,0,0,0,-1.591,-2.22,0,0,-1.59,-1.547,0,0,0,0,0,1.681,0
PRSS45P,0,0,0,0,0,0,0,0,0,0,0,0,0,0,0,0,0,0,0,-2.219,0
TMEM70,0,0,0,0,0,0,0,0,0,0,0,0,0,0,0,0,0,-2.218,1.589,0,0
STAG3L2,0,0,0,0,0,0,0,0,0,0,0,0,0,0,0,-2.218,0,0,-2.147,0,0
CNOT8,0,0,0,0,0,0,0,0,0,0,0,0,2.217,1.552,0,0,0,0,0,0,0
OS9,0,0,0,0,0,0,0,0,0,0,0,0,0,2.217,0,0,0,0,0,-1.621,0
THSD7A,0,0,0,0,0,0,0,0,0,0,0,0,0,0,0,0,-2.217,0,0,-1.647,0
MAD2L2,0,0,0,0,0,2.217,1.318,0,0,0,0,0,0,0,0,0,0,0,0,0,0
ZBTB24,0,0,0,0,0,0,0,0,0,0,0,0,0,0,0,0,0,0,0,-2.217,0
L1TD1,0,0,0,0,0,0,0,0,-1.315,0,0,0,-2.216,0,0,0,0,0,0,0,0
CLEC4G,0,0,0,0,0,0,2.216,0,0,0,0,0,0,0,0,0,0,0,0,0,0
HACD3,0,0,0,0,0,0,0,0,0,0,0,0,0,0,0,0,0,0,0,-2.216,0
DLGAP1-AS1,0,0,0,0,0,0,0,0,0,0,0,0,0,1.383,0,0,0,0,0,2.216,0
TADA1,0,0,0,0,0,0,0,0,0,0,0,0,0,0,0,0,2.216,0,0,0,0
HCG4B,0,0,0,0,0,0,0,0,0,0,0,0,0,-2.215,0,0,0,0,0,0,0
OBSCN-AS1,0,0,0,0,0,0,0,0,0,0,0,0,0,0,0,0,0,0,0,0,2.215
CDKAL1,0,0,0,0,0,0,0,0,0,0,0,0,0,-1.511,0,0,0,0,0,0,-2.215
PID1,0,1.337,0,0,0,0,0,-2.215,0,0,0,-1.397,0,0,0,0,0,0,0,0,0
RAB8A,0,0,0,0,0,0,0,0,0,0,0,0,1.881,2.214,0,1.407,0,0,0,0,0
YIPF6,0,0,0,0,0,0,0,0,0,0,0,0,0,0,0,0,-2.214,0,0,0,0
HEBP1,0,0,0,0,0,0,0,0,0,0,0,0,0,0,0,0,0,2.214,0,0,0
DCP1A,0,0,0,0,0,0,0,0,0,0,0,0,0,0,0,2.213,-1.917,0,2.071,0,0
SMARCA5-AS1,0,0,0,0,0,0,0,0,0,0,0,0,0,0,0,0,0,0,0,2.213,0
AQP1,0,0,0,0,0,0,0,0,0,0,0,0,2.213,0,0,0,-1.549,0,0,0,0
ZMYND12,0,0,0,0,0,0,0,0,0,0,0,0,0,0,0,0,0,0,0,0,-2.213
TRMT1,0,0,0,0,0,0,0,0,0,0,0,0,-2.213,-1.513,0,0,0,0,0,0,0
EDAR,0,0,0,0,0,-1.547,0,0,0,0,0,-2.212,-1.981,0,0,0,0,0,0,0,0
TOX,0,0,0,0,0,0,2.212,0,0,-1.369,0,0,0,0,0,0,0,0,0,0,0
FGD2,0,0,0,0,0,0,0,0,0,0,0,-2.212,-1.768,0,0,0,0,0,0,0,0
VWF,0,0,0,0,0,0,0,0,0,0,0,0,2.212,0,0,0,0,0,0,0,0
DNAJC27-AS1,0,0,0,0,0,0,0,0,0,0,0,0,0,0,0,0,0,1.713,0,0,2.211
CHAC1,0,0,0,0,0,0,0,0,0,0,0,0,0,0,0,0,0,0,0,2.21,0
TTC21A,0,0,0,0,0,0,0,0,0,-2.21,0,0,0,-1.632,0,0,0,0,0,0,0
TICAM2-AS1,0,0,0,0,0,0,0,0,0,0,0,0,0,0,0,0,0,0,0,-2.21,0
ENSEMBL:ENSG00000266086,0,0,0,0,0,0,0,0,0,0,0,0,0,0,0,0,0,0,0,-2.209,0
HDAC2,0,0,0,0,0,0,0,0,0,0,0,0,0,0,0,0,0,0,0,2.209,0
AMH,0,0,0,0,0,0,0,0,0,0,0,0,0,0,0,0,0,0,0,-2.208,0
CACHD1,0,0,0,0,0,0,0,0,0,0,0,0,0,0,0,0,0,0,0,2.208,0
NUCB2,0,0,0,0,0,0,0,0,0,-1.348,0,0,0,-2.208,0,0,0,0,0,0,0
TMEM147-AS1,0,0,0,0,0,0,0,0,0,0,0,0,-2.208,0,0,0,0,0,0,0,0
WDR18,0,0,0,0,0,0,0,0,0,0,0,0,-2.208,0,0,0,0,0,0,0,0
TMEM179B,0,0,0,0,0,0,0,0,0,0,0,0,0,0,0,0,-1.573,0,0,-2.207,0
SLC38A11,0,0,0,0,0,-2.207,0,-1.923,0,0,0,-1.519,-1.769,-1.418,0,0,0,0,0,0,0
SMIM38,0,0,0,0,0,0,0,0,0,0,0,0,0,0,0,0,-2.207,0,0,-1.389,0
PLA2G15,0,0,0,0,0,0,0,0,0,0,0,0,-1.521,0,0,0,2.207,-1.944,0,0,0
KLF16,0,0,0,0,0,0,0,0,0,0,0,0,0,0,0,2.206,0,0,1.639,1.833,0
RAMP1,0,0,0,0,0,0,2.206,0,0,0,0,1.716,0,0,0,0,0,0,0,0,0
PTPRN2,0,0,0,0,0,0,-1.987,0,0,0,0,-1.873,0,0,0,0,-2.206,0,0,0,0
PFAS,0,0,0,0,0,0,0,0,0,0,0,0,-2.206,0,0,0,0,0,0,0,1.374
PARVG,0,0,0,0,0,0,0,0,0,0,0,0,0,2.206,0,0,0,0,0,0,0
INHBB,0,0,0,0,0,0,0,0,0,2.173,0,0,0,2.206,0,0,0,0,0,0,-1.607
NCDN,0,0,0,0,0,0,0,0,0,0,0,0,0,0,0,0,0,0,0,0,2.206
GALNT1,0,0,0,0,0,0,0,0,0,1.705,0,0,0,2.205,0,0,0,0,0,0,0
C2CD4C,0,0,0,0,0,0,0,0,0,0,0,0,0,0,0,0,0,0,0,2.205,0
YIPF7,0,0,0,0,0,0,0,0,0,0,0,0,0,0,0,0,0,0,0,2.205,0
ZNF701,0,0,0,0,0,0,0,0,0,1.526,0,0,0,0,0,0,0,0,0,-2.205,0
ODF2L,0,0,0,0,0,0,0,0,0,0,0,0,0,0,0,0,0,0,0,-2.205,0
KLHL28,0,0,0,0,0,-2.205,0,0,0,0,0,0,0,0,0,0,0,0,0,-1.845,0
SLC22A18,0,0,0,0,0,0,0,0,0,0,0,0,0,2.204,0,0,0,0,0,0,0
GPAM,0,0,0,0,0,0,0,0,0,0,0,0,0,0,0,0,0,0,-2.204,0,0
FADS3,0,0,0,0,0,0,0,0,0,0,0,0,0,0,0,1.306,1.462,0,0,2.203,0
RBP1,0,0,0,0,0,0,0,0,0,0,0,0,0,0,0,0,2.203,0,0,0,0
FKBP2,0,0,0,0,0,1.846,0,0,0,0,0,0,0,0,0,0,0,1.412,0,0,2.203
ENSEMBL:ENSG00000272070,0,0,0,0,0,0,0,0,0,0,0,0,0,0,0,0,0,0,0,-1.331,-2.203
ENSEMBL:ENSG00000279605,0,0,0,0,0,2.079,0,2.203,0,0,0,0,0,0,0,0,0,0,0,0,0
FKBP7,0,0,0,0,0,0,0,0,0,0,0,0,0,0,0,0,2.202,0,0,0,0
TBC1D22A,0,0,0,0,0,0,0,0,0,0,0,0,0,0,0,0,0,1.318,0,1.49,2.201
ZNF706,0,0,0,0,0,0,0,0,0,0,0,0,0,0,0,0,0,0,0,2.2,0
JMJD4,0,0,0,0,0,0,0,0,0,0,0,0,0,0,0,0,0,0,0,0,2.2
MTIF3,0,0,0,0,0,0,0,0,0,0,0,0,0,0,0,0,0,2.199,0,0,0
PEX11G,0,0,0,0,0,0,0,0,0,0,0,0,0,0,0,0,0,0,0,-2.199,0
ACSL3,0,0,0,0,0,0,0,0,0,0,0,0,0,0,0,0,-1.319,0,0,2.198,0
MAP1LC3B2,0,0,0,0,0,0,0,0,0,0,0,0,1.528,0,0,0,0,0,0,2.198,0
CORO7,0,0,0,0,0,0,0,0,0,0,0,0,0,2.198,0,0,0,0,1.79,0,0
DISC1,0,0,0,0,0,-2.198,-1.651,0,0,0,0,0,0,0,0,0,0,0,0,0,0
RN7SL5P,0,0,0,0,0,-2.197,0,0,0,0,0,0,0,0,0,0,0,0,0,0,0
CATSPER1,0,0,0,0,0,1.876,2.197,0,0,0,0,0,0,0,0,0,0,0,0,0,0
GAS5,0,0,0,0,0,0,0,0,0,-1.645,0,0,0,-2.197,0,0,0,0,0,1.384,0
KLLN,0,0,0,0,0,0,0,0,0,0,0,0,1.815,2.197,0,0,0,0,0,0,0
ADA2,0,0,0,0,0,0,0,0,0,-1.988,0,0,0,-2.197,0,0,0,0,0,0,0
NFE2L1-DT,0,0,0,0,0,0,0,0,0,0,0,0,0,0,0,2.197,0,0,0,0,0
MYLPF,0,1.36,0,0,0,0,0,0,0,0,0,0,0,0,0,0,0,0,2.196,0,1.419
ANAPC15,0,0,0,0,0,2.196,0,0,0,0,0,0,0,0,0,0,0,0,0,0,-1.452
THUMPD3,0,0,0,0,0,0,0,0,0,0,0,0,0,-1.451,0,0,0,0,0,1.595,2.196
PXYLP1,0,0,0,0,0,0,0,0,0,0,0,0,0,1.903,0,0,0,0,0,1.588,2.196
ZFHX2,0,0,0,0,0,0,0,0,0,0,0,0,0,0,0,0,0,0,0,0,2.196
ENSEMBL:ENSG00000261819,0,0,0,0,0,0,0,0,0,0,0,0,0,-1.379,0,0,0,0,0,-2.195,0
KLHL31,0,0,0,0,0,0,0,0,0,0,0,0,0,0,0,0,0,0,0,0,2.195
SEPTIN9,0,0,0,0,0,1.426,0,0,-1.428,0,0,0,0,-2.195,0,0,0,0,0,0,0
RPS3AP6,0,0,0,0,0,0,0,0,0,-2.194,0,0,0,-1.864,0,0,0,0,0,0,0
EMP3,0,0,0,0,0,2.194,0,0,0,0,0,0,0,0,0,0,0,0,0,0,0
TNS3,0,0,0,0,0,-1.654,0,0,0,0,0,0,0,0,0,-1.643,0,0,0,2.194,0
TMPRSS9,0,0,0,0,0,0,-2.193,0,0,0,0,0,0,0,0,0,0,0,0,0,0
TYROBP,0,0,0,0,0,0,0,0,0,0,0,0,0,2.192,0,0,0,0,0,0,0
SIGLEC7,0,0,0,0,0,2.192,1.798,0,0,0,0,0,0,1.499,0,0,0,0,0,0,0
MT-CYB,0,0,0,0,0,0,0,0,0,0,0,0,0,0,0,-2.192,-1.656,0,-1.482,0,0
ROBO1,0,0,0,0,0,0,0,0,0,0,0,0,0,0,0,0,0,0,0,0,-2.192
KCND3,0,0,0,0,0,0,0,0,0,0,0,0,0,0,0,0,0,0,0,0,-2.192
ENSEMBL:ENSG00000253115,0,0,0,0,0,0,0,0,0,0,0,0,0,0,0,0,0,0,0,0,-2.192
ENSEMBL:ENSG00000252690,0,0,0,0,0,0,0,0,0,0,0,0,0,0,0,0,0,0,0,0,2.192
TRAC,0,0,0,0,0,0,0,0,0,-1.664,0,0,0,-2.191,0,0,0,0,0,0,0
ENSEMBL:ENSG00000278931,0,0,0,0,0,0,0,0,0,0,0,0,0,0,0,0,-1.334,0,0,-2.191,0
THNSL1,0,0,0,0,0,0,0,0,0,0,0,0,0,0,0,0,0,0,0,-2.191,0
POLR2C,0,1.403,0,0,0,0,0,0,0,0,0,0,0,2.19,0,0,0,0,0,0,0
H1-5,0,0,0,0,0,0,0,2.19,0,0,0,0,0,0,0,0,0,0,0,0,0
CCNT1,0,0,0,0,0,0,0,0,0,0,0,0,0,0,0,0,2.189,0,0,2.188,0
ADCY10P1,0,0,0,0,0,0,0,0,0,0,0,0,0,0,0,0,2.189,0,0,0,0
NDUFB2-AS1,0,0,0,0,0,2.189,0,0,0,0,0,0,0,0,0,0,0,0,0,0,0
TNFSF12,0,0,0,0,0,1.757,1.31,0,0,0,0,0,0,0,0,0,-2.189,0,0,0,0
GABPB1-IT1,0,0,0,0,0,0,0,0,0,0,0,0,0,0,0,0,0,0,0,0,-2.189
ANXA5,0,0,0,0,0,0,0,0,0,0,0,0,0,0,0,0,0,0,0,2.188,0
ANKRD13D,0,0,0,0,0,0,0,0,0,0,0,0,1.535,2.188,0,0,0,0,0,0,0
SH3BGRL3,0,0,0,0,0,0,0,0,0,0,0,1.848,2.188,0,0,0,1.773,0,0,0,0
INSIG2,0,0,0,0,0,0,0,0,0,0,0,0,0,0,0,0,0,0,0,-2.188,0
ZNF836,0,0,0,0,0,0,0,0,0,0,0,0,0,0,0,0,0,0,0,-2.188,0
CEBPZOS,0,0,0,0,0,0,0,0,0,0,0,0,-1.347,0,0,0,0,0,0,0,2.188
LINCMD1,0,0,0,0,0,0,0,0,0,0,0,0,0,0,0,0,-2.188,-1.735,0,0,0
BPTF,0,0,0,0,0,0,0,0,0,0,0,0,0,0,0,0,-2.187,0,0,-1.742,-1.309
C1QBP,0,0,0,0,0,0,0,0,0,0,0,0,0,0,0,0,0,0,0,0,2.187
ANKRD10-IT1,0,0,0,0,0,0,0,0,0,0,0,0,0,0,0,0,0,0,0,2.187,0
MPST,0,0,0,0,0,0,0,0,0,0,0,0,0,0,0,-1.509,0,1.476,-2.187,0,0
DNAH1,0,0,0,0,0,0,0,0,0,0,0,0,0,0,0,0,0,1.523,0,0,2.186
ENSEMBL:ENSG00000265690,0,0,0,0,0,0,0,0,0,0,0,0,0,0,0,0,1.851,0,0,-2.186,-2.108
UHRF1,0,0,0,0,0,0,0,0,0,0,0,0,0,0,0,0,0,0,0,-2.186,1.492
ABL2,0,0,0,0,0,0,-1.518,0,0,0,0,0,0,0,0,0,0,0,-2.186,0,0
RPSAP58,0,0,0,0,0,0,0,0,0,0,0,0,0,-2.186,0,0,0,0,0,0,0
CMTM5,0,0,0,0,0,0,0,0,0,0,0,1.419,2.185,0,0,0,0,0,0,0,0
NDUFS8,0,0,0,0,0,2.185,0,0,0,0,0,0,0,0,0,0,0,1.335,0,0,0
PLN,0,0,0,0,0,0,0,0,0,0,0,0,0,0,0,0,0,0,-2.185,1.421,0
RAB10,0,0,0,0,0,0,0,0,0,0,0,0,1.977,1.686,0,0,0,0,0,1.659,-2.184
PPP2R3A,0,0,0,0,0,0,0,0,0,0,0,0,0,0,0,0,0,0,-2.184,0,1.964
DHRSX,0,0,0,0,0,0,0,0,0,0,0,0,0,2.183,0,0,0,0,0,0,0
PPM1M,0,0,0,0,0,0,0,0,0,0,0,0,0,2.183,0,0,0,0,0,0,0
ENSEMBL:ENSG00000273472,0,0,0,0,0,0,0,0,0,0,0,-1.472,-2.183,0,0,0,0,0,0,0,0
KLK6,0,0,0,0,0,0,-2.183,0,0,0,0,-1.595,0,0,0,0,0,0,0,0,0
VIT,0,0,0,0,0,0,2.183,0,0,0,0,0,0,0,0,0,0,0,0,0,0
DDT,0,0,0,0,0,0,0,0,0,0,0,0,0,0,0,0,0,2.182,0,0,0
LINC02574,0,0,0,0,0,0,0,0,0,-2.182,0,0,0,-2.175,0,0,0,0,0,0,0
PLXNA4,0,0,0,0,0,0,2.182,0,0,0,0,0,0,0,0,0,0,0,0,0,0
ENSEMBL:ENSG00000267940,0,0,0,0,0,0,2.182,0,0,0,0,0,0,0,0,0,0,0,0,0,0
LSM10,0,0,0,0,0,0,0,0,0,0,0,0,0,0,0,0,0,0,0,0,2.182
COLGALT1,0,0,0,0,0,0,0,0,0,0,0,0,0,2.181,0,0,1.412,0,0,1.818,0
ZDHHC4,0,0,0,0,0,0,0,0,0,0,0,0,0,0,0,-2.181,0,0,-1.657,0,0
CCL4L2,0,0,0,0,0,2.048,2.181,1.693,0,0,0,0,0,0,0,0,0,0,0,0,0
LINC01451,0,0,0,0,0,1.724,2.181,0,0,0,0,0,0,0,0,0,0,0,0,0,0
C16orf87,0,0,0,0,0,0,0,0,0,0,0,0,0,0,0,0,0,0,0,-2.18,0
MCOLN1,0,0,0,0,0,0,0,0,1.383,0,0,0,2.18,0,0,0,0,0,0,0,0
ENSEMBL:ENSG00000279227,0,0,0,0,0,0,0,0,0,0,0,0,0,-2.18,0,0,0,0,0,0,0
RPS26P8,0,0,0,0,0,2.179,0,0,0,0,0,0,0,0,0,0,0,0,0,0,0
COX5A,0,0,0,0,0,0,0,0,0,0,0,0,0,0,0,0,0,2.179,0,0,0
PHB2,0,0,0,0,0,0,0,0,0,0,0,0,0,0,0,0,0,1.606,0,0,2.179
ENSEMBL:ENSG00000279196,0,0,0,0,0,0,0,0,0,0,0,0,0,0,0,0,2.179,0,0,0,0
KLHL15,0,0,0,0,0,0,0,0,0,0,0,0,0,0,0,0,0,0,0,2.179,0
RANGRF,0,0,0,0,0,0,0,0,0,-1.504,0,0,0,-2.179,0,0,0,0,0,0,0
DDX47,0,0,0,0,0,0,0,0,0,0,0,0,0,0,0,0,0,0,0,2.178,0
NKD1,0,0,0,0,0,0,-1.643,0,0,0,0,-1.637,0,0,0,0,-2.178,0,0,-1.716,0
PFKFB1,0,0,0,0,0,0,0,0,0,0,0,0,0,0,0,0,0,0,0,-2.178,0
SRPRB,0,0,0,0,0,1.366,0,0,0,0,0,0,0,0,0,0,0,0,0,2.178,0
RNF128,0,0,0,0,0,0,0,0,0,0,0,0,0,0,0,0,0,0,0,2.178,0
ENSEMBL:ENSG00000173727,0,0,0,0,0,0,0,0,0,0,0,0,0,0,0,0,0,0,0,2.177,0
HECA,0,0,0,0,0,0,0,0,0,1.866,0,0,0,1.962,0,0,0,-2.125,0,2.177,0
CHMP2B,0,0,0,0,0,0,0,0,0,1.511,0,0,0,1.509,0,0,0,0,0,2.177,0
NADK2,0,0,0,0,0,0,0,0,0,0,0,0,0,0,0,0,0,0,0,0,-2.176
IKZF5,0,0,0,0,0,-2.176,-2.158,0,0,0,0,0,0,0,0,0,0,0,0,1.347,-1.679
AMOTL2,0,0,0,0,0,0,0,0,0,0,0,0,0,0,0,0,0,0,0,0,-2.176
TM4SF18,0,0,0,0,0,0,0,0,0,0,0,0,0,0,0,0,2.175,0,0,1.988,0
TMCO6,0,0,0,0,0,0,0,0,0,0,0,0,0,2.175,0,0,0,0,0,0,0
CWC22,0,-1.707,0,0,0,0,0,0,0,0,0,0,0,1.818,0,1.688,0,0,2.175,0,0
TXNDC12,0,0,0,0,0,0,0,0,0,2.175,0,0,0,1.747,0,0,0,0,0,-1.641,0
MIPOL1,0,0,0,0,0,0,0,0,0,0,0,0,0,0,0,0,0,0,1.895,0,2.174
RASL10A,0,0,0,0,0,0,0,0,0,0,0,0,0,0,0,0,0,0,2.174,0,0
LINC02009,0,0,0,0,0,0,0,0,0,0,0,0,0,0,0,0,-2.172,0,0,0,0
TNFRSF21,0,0,0,0,0,0,0,0,0,0,0,0,0,-1.875,0,0,0,0,0,2.172,0
ZFAND4,0,0,0,0,0,-2.172,-1.496,0,0,0,0,0,0,0,0,0,0,0,0,-1.93,0
DLL4,0,0,0,0,0,0,0,0,0,0,0,0,0,0,0,0,0,0,2.171,0,0
GALNT18,0,0,0,0,0,0,0,0,0,0,0,0,0,0,0,0,0,0,2.171,0,0
TULP4,0,0,0,0,0,-2.17,0,0,0,0,0,0,0,0,0,0,0,0,0,0,0
EBI3,0,0,0,0,0,0,2.17,0,0,0,0,0,0,0,0,0,0,0,0,0,0
FABP4,0,0,0,0,0,0,0,1.556,2.17,0,0,0,1.425,0,0,0,0,0,0,0,0
ACAD9,0,0,0,0,0,0,0,0,0,0,0,0,-2.169,-1.411,0,0,0,0,0,0,0
C9orf64,0,0,0,0,0,0,0,0,0,0,0,0,0,0,0,0,0,0,0,-2.167,0
TSPYL1,0,0,0,0,0,-2.167,0,0,0,0,0,0,0,0,0,0,0,0,0,0,0
NUDT12,0,1.381,0,0,0,0,0,0,0,0,0,0,0,0,0,0,0,0,0,-2.167,0
C3orf35,0,0,0,0,0,0,0,0,0,0,0,0,0,0,0,0,0,0,0,-2.167,0
LIN54,0,0,0,0,0,0,0,0,0,2.167,0,0,0,1.473,0,0,0,0,0,-1.489,0
GNA12,0,0,0,0,0,-2.166,-1.435,0,0,0,0,0,0,-1.576,0,0,0,0,0,0,0
PPP1R12C,0,0,0,0,0,0,0,0,0,0,0,0,0,0,0,0,0,0,0,2.166,0
BARD1,0,0,0,0,0,0,0,0,0,0,0,0,0,0,0,1.769,0,0,0,-1.686,-2.166
KDELR1,0,0,0,0,0,0,0,0,0,0,0,0,0,0,0,0,0,-1.362,0,0,-2.166
MED19,0,0,0,0,0,0,0,0,0,0,0,0,0,0,0,0,0,0,0,2.166,1.37
FAM91A1,0,0,0,0,0,-2.165,0,0,0,0,0,0,0,0,0,0,0,0,0,0,0
ENSEMBL:ENSG00000234287,0,0,0,0,0,0,0,0,0,-2.165,0,0,0,-1.843,0,0,0,0,0,0,0
DSN1,0,0,0,0,0,0,0,0,0,0,0,0,0,0,0,0,0,0,0,-2.165,0
UVRAG,0,0,0,0,0,0,0,0,0,0,0,0,0,0,0,0,0,0,0,0,-2.164
NSD2,0,0,0,0,0,0,0,0,0,-1.368,0,0,0,0,0,0,0,-2.164,0,-1.5,-1.471
GALNS,0,0,0,0,0,0,0,0,0,0,0,0,0,2.164,0,0,0,0,0,0,0
TAF13,0,0,0,0,0,0,0,0,0,0,0,0,0,0,0,0,0,0,0,0,2.164
RPL23AP7,0,0,0,0,0,0,0,0,0,0,0,0,0,0,0,0,-2.048,0,0,-2.163,0
SF3A2,0,0,0,0,0,1.594,0,0,0,0,0,0,0,0,0,0,0,-2.163,0,0,-2.01
RAB32,0,0,0,0,0,0,0,0,0,0,0,0,0,2.163,0,0,0,0,0,0,0
TTC7B,0,0,0,0,0,-1.685,0,0,0,0,0,0,2.162,0,0,0,0,0,0,0,1.413
ENSEMBL:ENSG00000289351,0,0,0,0,0,0,0,0,0,1.448,0,0,0,2.162,0,0,0,0,0,0,0
SYAP1,0,1.72,0,0,0,0,0,0,0,0,0,0,0,0,0,0,0,0,2.162,2.101,0
CSGALNACT1,0,0,0,0,0,-2.161,-1.501,0,0,1.791,0,0,0,0,0,0,0,0,0,0,0
SH3BGRL2,0,0,0,0,0,0,0,0,0,0,0,0,2.161,0,0,0,0,0,0,0,0
FAM210A,0,0,0,0,0,0,0,0,0,0,0,0,0,0,0,0,0,1.342,0,2.161,2.082
ARL2,0,0,0,0,0,0,0,0,0,0,0,0,0,-1.526,0,-2.16,0,0,0,1.949,0
ATAD3C,0,0,0,0,0,1.381,2.16,0,0,0,0,0,0,0,0,0,0,0,0,0,0
ETV6,0,0,0,0,0,0,0,0,0,0,0,0,0,1.844,0,0,0,0,0,0,-2.16
RGL3,0,0,0,0,0,0,0,0,0,1.438,0,0,0,2.16,0,0,1.984,0,0,1.691,0
ENSEMBL:ENSG00000261346,0,0,0,0,0,2.159,0,0,0,0,0,0,0,0,0,0,0,0,0,0,0
PTP4A3,0,0,0,0,0,0,0,0,0,0,0,0,0,0,0,0,2.159,0,0,0,0
MRPS21,0,0,0,0,0,0,0,0,0,0,0,0,0,0,0,-1.688,0,1.857,0,0,2.159
ENSEMBL:ENSG00000288932,0,0,0,0,0,0,0,0,2.159,0,0,0,1.541,0,0,0,0,0,0,0,0
RCAN3AS,0,0,0,0,0,0,-2.159,0,0,0,0,0,0,0,0,0,0,0,0,0,0
USP6NL,0,0,0,0,0,-2.158,0,0,0,0,0,0,0,0,0,0,0,0,0,0,0
IGHG1,0,0,0,0,0,-1.885,-2.158,0,0,0,0,0,0,0,0,0,0,0,0,0,0
MIR4458HG,0,0,0,0,0,0,0,0,0,0,0,0,0,0,0,0,0,0,0,2.157,0
KDM7A,0,0,0,0,0,-2.156,-1.508,0,0,0,0,0,0,0,0,0,0,0,0,1.653,-1.763
IDO1,0,0,0,0,-1.314,0,0,0,0,-2.006,0,0,0,-2.131,0,0,-2.156,0,0,0,0
MRPL23,0,0,0,0,0,0,0,0,0,0,0,0,0,0,0,0,0,1.323,0,0,2.155
UBR5-DT,0,0,0,0,0,-1.321,0,0,0,1.71,0,0,0,1.761,0,0,0,0,0,0,-2.155
EEF1D,0,0,0,0,0,0,0,0,0,0,0,0,0,0,0,0,0,0,-2.155,0,0
HPSE,0,0,0,0,0,0,0,0,0,1.945,0,0,2.155,1.709,0,0,0,0,0,0,0
MTA1,0,-1.399,0,0,0,0,0,0,0,-1.633,0,0,0,0,0,0,0,0,-2.154,-1.409,0
VIRMA-DT,0,0,0,0,0,0,0,0,0,0,0,0,0,0,0,0,0,0,0,-2.154,0
ENSEMBL:ENSG00000250397,0,0,0,0,0,0,0,0,0,0,0,0,0,0,0,0,-1.482,0,0,-2.154,0
PDE6B,0,0,0,0,0,0,0,0,-1.859,0,0,0,-2.154,0,0,0,0,0,0,0,0
UAP1,0,0,0,0,0,1.61,2.154,0,0,0,0,1.311,0,0,0,0,0,0,0,0,-1.995
RREB1,0,0,0,0,0,-1.824,-2.154,0,0,0,0,-1.752,0,0,0,0,0,0,0,-1.453,0
DDOST,0,-1.6,0,0,0,1.872,2.154,0,0,0,0,0,0,-1.396,0,0,0,0,0,0,0
HLA-DOB,0,0,0,0,0,0,-2.154,0,0,0,0,0,0,0,0,0,0,0,0,0,0
PIF1,0,0,0,0,0,0,2.154,0,0,0,0,0,0,0,0,0,0,0,0,0,0
SLC35E2A,0,0,0,0,0,0,0,0,0,0,0,0,0,0,0,0,0,0,0,-2.154,0
PTBP3,0,-1.474,0,0,0,0,0,0,0,2.15,0,0,0,2.154,0,0,0,0,0,0,0
AGPAT2,0,0,0,0,0,0,0,0,0,0,0,0,0,1.329,0,0,2.154,0,0,0,0
RNH1,0,0,0,0,0,0,0,0,0,0,0,0,-1.686,-2.153,0,0,0,0,0,2.078,1.376
BRPF1,0,0,0,0,0,0,0,0,0,0,0,0,0,0,0,0,0,0,0,2.152,0
DGKB,0,0,0,0,0,0,0,0,0,0,0,0,0,0,0,0,0,0,0,0,-2.152
DZANK1,0,0,0,0,0,0,0,0,0,0,0,0,0,0,0,0,-1.382,0,0,-2.151,0
DNAJC3-DT,0,0,0,0,0,0,0,0,0,0,0,0,0,0,0,2.151,0,0,0,0,0
CABP1,0,0,0,0,0,0,0,0,0,0,0,0,0,0,0,-1.943,0,0,0,2.15,0
MGLL,0,0,0,0,0,0,0,0,0,0,0,0,2.15,0,0,0,-1.338,0,0,0,0
PCDHGB6,0,0,0,0,0,0,0,0,-1.562,-2.15,0,0,-1.662,-1.647,0,0,0,0,0,0,0
RAB5A,0,0,0,0,0,-2.057,0,0,0,2.149,0,0,0,2.019,0,0,0,0,0,0,0
SCARNA6,0,0,0,0,0,0,0,0,0,-2.149,0,0,0,-1.362,0,0,0,0,0,0,0
MIR99AHG,0,0,0,0,0,0,0,0,0,0,0,0,0,0,0,0,0,0,0,-2.149,0
FAM47E-STBD1,0,0,0,0,0,0,0,0,0,0,0,-2.148,0,0,0,0,0,0,0,0,0
ZFYVE21,0,0,0,0,0,0,0,0,0,0,0,0,0,0,0,0,0,0,0,0,-2.148
ZNF320,0,0,0,0,0,0,0,0,0,0,0,0,-1.804,0,0,0,2.148,0,0,0,0
CUX1,0,0,0,0,0,0,0,0,0,0,0,0,0,2.148,0,0,0,0,1.532,1.78,0
PORCN,0,0,0,0,0,0,0,0,0,0,0,0,0,0,0,0,-2.148,0,0,-1.909,2.013
SLC35B2,0,0,0,0,0,0,2.148,0,0,0,0,0,0,0,0,0,0,0,0,0,0
ENSEMBL:ENSG00000245498,0,0,0,0,0,0,0,0,0,0,0,0,0,0,0,0,0,0,0,-2.147,0
PTPA,0,0,0,0,0,2.147,0,0,0,0,0,0,0,-1.374,0,0,0,1.303,0,0,0
PHETA2,0,0,0,0,0,0,2.147,0,0,0,0,0,0,0,0,0,0,0,0,0,0
ENSEMBL:ENSG00000286369,0,0,0,0,0,0,0,0,0,0,0,0,0,-2.147,0,0,0,0,0,0,0
JPX,0,0,0,0,0,0,0,0,0,0,0,0,0,0,0,0,0,0,0,-2.147,0
COBLL1,0,0,0,0,0,-1.915,-2.147,-2.11,0,0,0,0,0,0,0,0,0,0,0,0,0
UICLM,0,0,0,0,0,0,2.147,0,0,0,0,0,0,0,0,0,0,0,0,0,0
MRPL30,0,0,0,0,0,0,0,0,0,0,0,0,-2.145,-1.911,0,0,0,0,0,0,0
TVP23B,0,0,0,0,0,0,0,0,0,0,0,0,0,0,0,0,0,0,0,0,2.145
CFAP92,0,0,0,0,0,0,0,0,1.818,2.144,0,0,2.054,2.113,0,0,0,0,0,0,0
UTP14C,0,0,0,0,0,0,0,0,0,0,0,0,0,0,0,0,0,0,0,-2.144,0
SEC13,0,0,0,0,0,0,0,0,0,0,0,0,0,0,0,0,0,0,0,0,2.144
CCDC85C,0,0,0,0,0,0,0,0,0,0,0,0,0,0,0,0,0,2.144,0,-1.589,0
RBFOX1,0,0,0,0,0,0,0,0,0,0,0,0,0,0,0,0,0,-2.144,0,0,0
GPRASP1,0,0,0,0,0,0,0,0,0,0,0,-1.536,0,-1.457,0,0,0,0,0,-2.143,0
PCBD2,0,0,0,0,0,0,0,0,0,0,0,0,0,0,0,0,0,1.5,0,-2.143,0
SUCO,0,0,0,0,0,-2.143,-1.841,0,0,0,0,0,0,0,0,0,0,0,0,-1.922,0
PNPLA6,0,0,0,0,0,0,0,0,0,0,0,0,0,0,0,0,0,0,2.143,0,0
SAP18,0,0,0,0,0,0,0,0,0,0,0,0,0,0,0,0,0,0,0,0,2.142
NUP205,0,0,0,0,0,0,0,0,0,-1.863,0,0,0,-2.142,0,0,-2.112,0,0,-1.41,0
PGRMC1,0,0,0,0,0,0,0,0,0,0,0,0,2.142,0,0,0,0,0,0,0,0
CTF1,0,0,0,0,0,0,0,0,0,0,0,0,0,0,0,0,0,0,2.142,0,0
YLPM1,0,0,0,0,0,0,0,0,0,-1.357,0,0,0,-2.141,0,0,0,0,0,0,0
MEG9,0,0,0,0,0,0,0,0,0,0,0,0,0,0,0,0,0,0,0,2.141,0
EEF1A2,0,0,0,0,0,0,0,0,0,0,0,0,0,0,0,0,0,0,-2.141,0,0
ENSEMBL:ENSG00000260261,0,0,0,0,0,0,0,0,0,0,0,0,0,-1.525,0,1.892,0,0,0,-2.141,0
ENSEMBL:ENSG00000268107,0,0,0,0,0,0,0,0,0,0,0,0,0,0,0,0,0,0,0,-2.141,0
ELAVL1,0,0,0,0,0,0,0,0,0,0,0,0,0,0,0,0,2.115,0,0,2.14,0
ZNF844,0,0,0,0,0,0,0,0,0,0,0,-2.14,0,0,0,0,1.516,0,0,0,-1.772
ENSEMBL:ENSG00000183154,0,0,0,0,0,0,0,0,0,0,0,0,0,0,0,0,-1.542,0,0,-2.14,-1.712
MHENCR,0,0,0,0,0,0,0,-2.14,0,0,0,0,0,0,0,0,0,0,0,0,0
PIH1D1,0,1.54,0,0,0,0,0,0,0,-1.948,0,0,0,-1.567,0,-2.139,-1.871,0,-1.43,-1.306,0
CD248,0,0,0,0,0,-1.92,-2.139,0,0,0,0,0,0,0,0,0,0,0,0,0,0
LINC00960,0,0,0,0,0,-2.139,0,0,0,0,0,0,0,0,0,0,0,0,0,0,0
SPX,0,0,0,0,0,0,0,0,0,0,0,0,2.139,0,0,0,0,0,0,-1.449,0
GOLGA6L5P,0,0,0,0,0,0,0,0,0,0,0,0,0,0,0,0,0,0,0,-2.138,0
SULT1C4,0,0,0,0,0,0,0,0,0,0,0,0,0,0,0,0,-2.138,0,0,0,0
GRN,0,0,0,0,0,0,0,0,0,0,0,0,0,2.138,0,0,0,0,0,0,0
IFIH1,0,0,0,0,0,-1.721,0,0,0,0,0,0,0,0,0,0,-1.485,0,0,-2.138,0
CTXN3,0,0,0,0,0,0,0,0,0,0,0,0,0,0,0,0,0,0,0,-1.663,-2.138
ENSEMBL:ENSG00000260735,0,0,0,0,0,0,0,0,0,0,0,0,0,0,0,0,0,0,0,0,-2.136
PROKR2,0,0,0,0,0,0,0,0,0,0,0,0,0,2.136,0,0,0,0,0,0,0
ENSEMBL:ENSG00000287809,0,0,0,0,0,0,0,0,0,0,0,0,0,0,0,0,0,0,0,0,-2.136
DTX2,0,0,0,0,0,0,0,0,0,0,0,0,0,0,0,0,2.136,0,0,0,0
TXK,0,0,0,0,0,0,2.135,0,0,0,0,0,0,-1.336,0,0,0,0,0,0,0
ENSEMBL:ENSG00000279129,0,0,0,0,0,0,0,0,0,0,0,0,0,-2.135,0,0,0,0,0,0,0
TSPAN33,0,0,0,0,0,0,0,0,0,0,0,0,1.44,0,0,0,0,0,0,0,2.135
BLCAP,0,0,0,0,0,0,0,0,0,0,0,0,0,0,0,0,0,-1.314,0,-2.135,0
NUP107,0,0,0,0,0,0,0,0,0,0,0,0,0,0,0,0,0,0,2.135,0,0
GVQW3,0,0,0,0,0,0,0,0,0,0,0,0,0,0,0,0,0,0,0,-2.134,0
MIB1,0,0,0,0,0,-1.315,0,0,0,0,0,0,0,0,0,0,0,0,0,2.134,0
ELFN1,0,0,0,0,0,0,0,0,0,0,0,0,0,0,0,0,1.49,0,2.134,0,0
PIGU,0,0,0,0,0,2.134,0,0,0,0,0,0,0,0,0,0,0,0,0,0,0
FLJ38576,0,0,0,0,0,0,0,0,0,0,0,0,0,0,0,0,1.906,2.134,0,0,0
BTBD3,0,0,0,0,0,0,0,0,0,0,0,0,0,0,0,0,0,0,0,0,-2.133
ENSEMBL:ENSG00000279841,0,0,0,0,0,0,2.133,0,0,0,0,0,0,0,0,0,0,0,0,0,0
TPM1,0,0,0,0,0,0,0,0,0,0,0,0,1.619,0,0,0,0,0,2.133,0,0
SMCHD1,0,0,0,0,0,-1.91,0,0,0,2.133,0,0,0,1.852,0,0,0,0,0,0,-1.393
ENSEMBL:ENSG00000288534,0,0,0,0,0,0,0,0,0,0,0,0,2.133,0,0,0,0,0,0,-1.438,-1.459
ENSEMBL:ENSG00000286952,0,0,0,0,0,0,0,0,0,0,0,0,0,0,0,0,2.132,0,0,0,0
ADD2,0,0,0,0,0,-1.627,0,0,0,0,0,-1.387,0,-1.361,0,0,0,0,0,2.132,0
ENSEMBL:ENSG00000265298,0,0,0,0,0,0,0,0,0,0,0,0,0,1.86,0,0,0,0,0,-2.131,1.512
ZNF747,0,0,0,0,0,-1.313,-2.131,0,0,0,0,0,0,0,0,0,0,0,0,0,0
AP4S1,0,0,0,0,0,0,0,0,0,0,0,0,0,0,0,0,0,0,0,2.131,0
PPFIBP1,0,0,0,0,0,0,0,0,0,0,0,0,0,0,0,0,0,0,0,2.13,0
MTG1,0,0,0,0,0,2.129,0,0,0,0,0,0,0,0,0,0,0,0,0,0,0
RPP21,0,0,0,0,0,0,1.565,0,0,0,0,0,0,-2.129,0,0,0,0,0,0,0
AIDA,0,0,0,0,0,0,0,0,0,0,0,0,0,-2.129,0,0,0,0,0,0,0
NCAPH2,0,0,0,0,0,2.129,0,0,0,0,0,0,0,0,0,0,0,0,0,-2.039,0
STRBP,0,0,0,0,0,-2.129,-1.803,-2.071,0,0,0,-1.431,0,0,0,0,0,0,0,0,0
ENSEMBL:ENSG00000288797,0,0,0,0,0,2.129,0,0,0,0,0,0,0,0,0,0,0,0,0,0,0
FLACC1,0,0,0,0,0,-2.129,0,0,0,0,0,0,-1.448,0,0,0,0,0,0,0,0
C19orf25,0,0,0,0,0,2.129,0,1.362,0,0,0,0,0,0,0,0,0,0,0,0,0
ENSEMBL:ENSG00000276791,0,0,0,0,0,0,0,0,0,0,0,0,0,0,0,2.128,0,0,0,0,0
SFXN2,0,0,0,0,0,0,0,0,0,0,0,0,-2.128,0,0,0,0,0,0,0,0
SNX3,0,1.399,0,0,0,-2.128,0,0,1.477,0,0,0,1.44,0,0,1.878,0,0,0,0,0
MFF,0,0,0,0,0,0,0,0,0,0,0,0,0,0,0,-1.578,0,1.523,2.128,0,0
CMC1,0,0,0,0,0,0,1.883,0,0,0,0,0,0,0,0,0,0,0,0,0,2.127
PNOC,0,0,0,0,0,0,0,0,0,0,0,-1.713,-2.126,0,0,0,0,0,0,0,0
SLC15A3,0,0,0,0,0,0,0,0,0,0,0,0,0,1.386,0,0,-2.126,0,0,-1.397,0
MED24,0,0,0,0,0,1.756,0,0,0,0,0,0,0,-2.125,0,0,0,0,1.641,0,0
RETREG2,0,0,0,0,0,0,0,0,1.383,0,0,0,1.941,2.125,0,0,1.561,0,0,0,0
TMOD4,0,0,0,0,0,0,0,0,0,0,0,0,0,0,0,0,0,0,0,0,-2.125
LTB4R,0,0,0,0,0,0,0,0,1.546,0,0,0,1.953,1.643,0,0,0,0,0,-2.124,0
NKIRAS2,0,0,0,0,0,0,0,0,0,0,0,0,0,0,0,0,0,0,0,0,2.124
FASTKD1,0,0,0,0,0,0,0,0,0,0,0,0,0,0,0,0,0,2.124,0,0,0
TSPAN3,0,0,0,0,0,0,0,0,0,0,0,-1.63,-2.123,0,0,0,0,0,0,0,0
ZNF544,0,0,0,0,0,0,0,0,0,0,0,0,0,0,0,-2.123,0,0,0,0,0
RBBP4,0,0,0,0,0,0,0,0,0,-1.953,0,0,0,-1.311,0,-2.123,0,0,-1.788,0,-1.534
RPAIN,0,0,0,0,0,0,0,0,0,0,0,0,0,-2.123,0,0,0,0,0,0,0
TSPAN6,0,0,0,0,0,0,0,0,0,0,0,0,0,0,0,0,0,0,0,-2.122,0
LNX1,0,0,0,0,0,0,0,0,0,0,0,0,0,0,0,2.122,0,0,1.787,2.082,0
ENSEMBL:ENSG00000288656,0,0,0,0,0,0,0,0,0,0,0,0,0,0,0,0,0,0,0,0,-2.122
BTN2A3P,0,0,0,0,0,0,0,0,0,0,0,0,0,0,0,0,-2.122,0,0,-1.66,0
LMBR1L,0,0,0,0,0,0,0,0,0,0,0,0,0,0,0,0,0,0,0,-2.122,-1.883
ANO6,0,0,0,0,0,0,0,0,0,0,0,0,1.927,0,0,0,0,-2.121,0,1.553,0
SPDL1,0,0,0,0,0,0,0,0,0,0,0,0,0,0,0,0,0,0,0,-2.121,0
NR3C2,0,0,0,0,0,0,0,0,0,0,0,0,0,0,0,0,0,0,-1.958,0,-2.121
PPP2R3C,0,0,0,0,0,0,0,0,0,1.965,0,0,0,2.121,0,0,0,0,0,0,0
EFHC1,0,0,0,0,0,0,0,0,0,0,0,0,0,0,0,0,-1.407,0,0,-2.121,0
VPS11,0,0,0,0,0,0,0,0,0,0,0,0,-1.992,0,0,0,0,0,0,-2.121,0
ENSEMBL:ENSG00000287104,0,0,0,0,0,0,0,0,0,0,0,0,0,0,0,0,0,0,0,-2.111,-2.12
PRKN,0,1.369,0,0,0,0,0,0,0,0,0,0,0,0,0,0,0,0,-2.12,0,0
FSD1L,0,0,0,0,0,0,0,0,0,0,0,0,0,0,0,0,0,0,0,1.74,2.12
GTF2E2,0,0,0,0,0,0,0,0,0,0,0,0,0,0,0,2.119,0,0,1.563,0,0
ANKHD1,0,0,0,0,0,0,-2.119,0,0,0,0,0,0,0,0,0,0,0,0,0,0
PKDREJ,0,0,0,0,0,0,0,0,0,0,0,0,0,0,0,0,0,0,0,-1.735,2.119
IGHV4-39,0,0,0,0,0,-2.119,0,0,0,0,0,0,0,0,0,0,0,0,0,0,0
CFAP46,0,0,0,0,0,0,0,0,0,0,0,0,0,0,0,0,0,0,0,-2.119,0
KCNQ5-DT,0,0,0,0,0,0,0,0,0,0,0,0,0,0,0,0,0,0,0,0,-2.119
PSMB7,0,0,0,0,0,0,0,0,0,0,0,0,0,0,0,0,0,0,0,0,2.119
DYNLL2,0,0,0,0,0,0,0,0,0,0,0,0,0,0,0,0,0,0,0,0,-2.119
REXO4,0,0,0,0,0,0,0,0,0,-1.572,0,0,0,-1.915,0,0,0,0,0,0,2.119
MAF,0,0,0,0,0,0,0,0,0,0,0,0,0,-2.118,0,0,0,0,0,0,0
RPL23AP42,0,0,0,0,0,0,0,0,0,0,0,0,0,-2.116,0,0,0,0,0,0,0
OSM,0,0,0,0,0,0,0,0,0,1.319,0,1.328,1.628,2.116,0,0,0,0,0,0,0
INHBE,0,0,0,0,0,0,0,0,0,0,0,0,0,0,0,0,2.115,0,0,0,0
MRPS30,0,0,0,0,0,0,0,0,0,0,0,0,0,0,0,0,1.991,2.115,0,1.309,0
MPP2,0,0,0,0,0,0,0,0,0,0,0,0,0,0,0,2.081,0,0,2.114,0,0
TRGV2,0,0,0,0,0,0,2.114,0,0,0,0,0,0,0,0,0,0,0,0,0,0
SEC11A,0,0,0,0,0,0,2.114,0,0,0,0,1.332,1.416,1.738,0,0,0,0,0,0,0
P2RX4,0,0,0,0,0,0,0,0,0,0,0,0,-2.114,0,0,0,0,0,0,0,0
JARID2,0,0,0,0,0,0,0,0,0,2.106,0,0,2.052,2.113,0,0,1.381,0,0,1.733,0
SNRPB2,0,0,0,0,0,0,0,0,0,0,0,0,0,0,0,0,0,0,0,0,2.113
CENPBD1P1,0,0,0,0,0,0,0,0,0,0,0,0,2.113,0,0,0,0,0,0,0,0
ERAP1,0,0,0,0,0,0,0,0,0,0,0,0,0,0,0,0,0,0,0,2.112,0
ZCCHC14,0,0,0,0,0,0,0,0,0,0,0,0,0,0,0,0,2.112,-1.907,0,0,0
CXCL5,0,0,0,0,0,-2.111,0,0,0,0,0,0,0,0,0,0,0,0,0,0,0
RPS27AP16,0,0,0,0,0,0,0,0,0,0,0,0,0,-2.111,0,0,0,0,0,0,0
ENSEMBL:ENSG00000272277,0,0,0,0,0,0,0,0,0,0,0,-2.111,0,-1.353,0,0,0,0,0,0,0
BGLAP,0,0,0,0,0,1.548,2.11,0,1.355,0,0,0,0,0,0,0,0,0,0,0,0
CYP27A1,0,0,0,0,0,0,0,0,0,0,0,0,0,1.979,0,0,0,0,0,0,-2.11
EPC1,0,0,0,0,0,-1.352,0,0,0,0,0,0,0,0,0,2.109,0,0,0,0,0
TAB2,0,0,0,0,0,-2.109,0,0,0,0,0,0,1.734,1.896,0,0,0,0,0,0,0
TANC2,0,0,0,0,0,0,0,0,0,2.109,0,0,0,2.002,0,0,0,0,0,0,1.594
ADAMTS14,0,0,0,0,0,0,2.108,0,0,0,0,0,0,0,0,0,0,0,0,0,0
CIDEB,0,0,0,0,0,0,0,0,0,0,0,0,2.108,1.832,0,0,0,0,0,0,0
C2CD2L,0,0,0,0,0,0,1.819,0,0,0,0,0,0,0,0,0,0,0,0,0,2.108
CILK1,0,0,0,0,0,0,0,0,0,0,0,0,0,0,0,0,0,0,0,0,-2.108
SLC35E3,0,0,0,0,0,0,0,0,0,0,0,0,0,0,0,0,0,1.874,0,-1.552,2.108
PPOX,0,-1.707,0,0,0,0,0,0,0,0,0,0,0,0,0,0,0,0,0,-2.107,0
TFAM,0,0,0,0,0,0,0,0,0,0,0,0,0,0,0,0,0,0,0,2.107,0
TMEM8B,0,0,0,0,0,0,0,0,0,-1.323,0,0,0,-1.656,0,0,0,0,0,-2.107,0
SNRPG,0,0,0,0,0,0,0,0,0,0,0,0,0,0,0,0,0,0,0,0,2.107
APTR,0,0,0,0,0,0,0,0,0,1.307,0,0,0,2.107,0,0,0,0,0,0,0
FRK,0,0,0,0,0,0,0,0,0,0,0,0,0,0,0,0,0,0,0,-2.107,-1.85
CDC42BPA,0,0,0,0,0,0,0,0,0,0,0,0,0,0,0,0,0,0,0,2.106,0
SLC38A3,0,0,0,0,0,0,0,0,0,0,0,0,0,0,0,0,2.106,0,0,-1.306,0
LIPA,0,0,0,0,0,0,0,0,0,0,0,0,0,0,0,0,0,0,0,0,2.105
PGAP2,0,0,0,0,0,0,0,0,0,0,0,0,0,0,0,0,0,0,0,-2.104,0
ZBTB1,0,0,0,0,0,-1.432,0,0,0,0,0,0,0,0,0,0,0,0,0,-2.104,0
WDR41,0,0,0,0,0,0,0,0,0,0,0,0,0,0,0,0,0,0,0,0,2.104
ZNF852,0,0,0,0,0,0,0,0,0,0,0,0,0,0,0,1.391,1.542,0,2.104,1.418,0
TTC19,0,0,0,0,0,0,1.33,0,0,0,0,0,0,0,0,0,0,2.103,0,0,0
PTPRR,0,0,0,0,0,0,0,0,0,0,0,0,0,0,0,0,0,0,0,2.102,0
MYBPC3,0,0,0,0,0,0,0,0,0,0,0,0,0,2.102,0,0,0,0,0,0,0
PDE1C,0,0,0,0,0,0,0,0,0,0,0,0,0,0,0,0,0,-1.53,0,0,-2.101
TMEM198,0,0,0,0,0,0,0,0,0,0,0,0,0,0,0,0,0,0,0,0,2.101
RCC1,0,0,0,0,0,0,2.101,0,0,0,0,0,0,0,0,0,0,0,0,0,0
CC2D1B,0,0,0,0,0,0,0,0,-1.306,0,0,-1.711,-2.101,0,0,0,0,0,0,0,0
SOGA1,0,0,0,0,0,0,0,0,0,0,0,-2.101,-1.309,-1.414,0,0,-1.503,0,0,0,0
ZBTB39,0,0,0,0,0,0,0,0,0,0,0,-1.504,0,0,0,0,0,0,0,2.101,0
COL19A1,0,0,0,0,0,0,-1.96,-2.101,0,0,0,0,0,0,0,0,0,0,0,0,0
ENSEMBL:ENSG00000257379,0,0,0,0,0,0,0,0,0,0,0,0,0,0,0,0,0,0,0,-2.1,-1.995
SLC25A23,0,0,0,0,0,0,0,0,0,0,0,0,0,0,0,-2.1,0,0,-1.308,0,0
ENSEMBL:ENSG00000261123,0,0,0,0,0,0,0,0,0,0,0,0,0,0,0,0,0,0,0,-2.099,0
ENSEMBL:ENSG00000258317,0,0,0,0,0,0,0,0,0,0,0,0,0,0,0,0,2.099,0,0,0,0
JRKL,0,0,0,0,0,0,0,0,0,0,0,0,0,0,0,0,2.099,0,0,0,0
DVL1,0,0,0,0,0,0,0,0,0,-1.388,0,0,0,0,0,0,0,0,-2.099,0,0
TRG-AS1,0,0,0,0,0,1.976,2.098,0,0,0,0,0,0,0,0,0,0,0,0,0,0
GPBP1,0,0,0,0,0,0,0,0,0,0,0,0,1.853,0,0,0,0,0,0,1.694,-2.098
NOC4L,0,0,0,0,0,2.098,0,0,0,0,0,0,0,0,0,0,0,0,0,0,1.501
ENSEMBL:ENSG00000234175,0,0,0,0,0,0,0,0,0,0,0,0,0,0,0,0,0,0,0,0,-2.097
SHC3,0,0,0,0,0,0,0,0,0,0,0,0,0,0,0,0,0,0,0,-2.097,1.64
ACCS,0,0,0,0,0,0,0,0,0,0,0,0,0,0,0,0,0,0,0,-2.097,0
ZNF763,0,0,0,0,0,0,0,0,0,0,0,0,0,0,0,0,0,0,0,-2.096,0
HRCT1,0,0,0,0,0,0,0,0,0,0,0,0,0,0,0,-2.096,0,0,0,0,0
ZNF443,0,0,0,0,0,0,0,0,0,0,0,0,0,0,0,0,0,0,0,-2.096,0
ARL11,0,0,0,0,0,0,0,0,0,0,0,0,0,2.096,0,0,0,0,0,0,0
MICU1,0,-1.433,0,0,0,0,0,0,0,0,0,0,1.744,2.095,0,0,0,0,0,0,0
ENSEMBL:ENSG00000288924,0,0,0,0,0,0,0,0,0,0,0,0,0,0,0,0,-2.095,0,0,0,0
BMP5,0,0,0,0,0,0,0,0,0,0,0,0,0,0,0,0,-1.742,0,0,-2.095,0
BOLA2-SMG1P6,0,0,0,0,0,0,0,0,0,0,0,0,0,0,0,0,0,2.095,0,0,1.487
NOMO2,0,0,0,0,0,0,2.094,0,0,0,0,0,0,0,0,0,0,0,0,0,0
IPO7,0,0,0,0,0,0,0,0,0,0,0,0,0,0,0,0,0,0,0,2.094,0
CDKN2AIP,0,0,0,0,0,0,0,0,0,0,0,0,0,1.914,0,0,0,0,-1.936,2.094,0
YIF1B,0,0,0,0,0,1.518,0,0,0,0,0,0,0,0,0,0,0,2.094,0,0,0
PLK2,0,0,0,0,0,0,0,0,0,0,0,0,0,0,0,0,0,0,2.094,1.581,0
HGS,0,0,0,0,0,0,0,0,0,0,0,0,0,2.093,0,0,0,0,0,0,1.624
TACSTD2,0,0,0,0,0,0,2.093,0,0,0,0,0,0,0,0,0,0,0,0,0,0
HGF,0,0,0,0,0,0,2.093,0,0,0,0,0,0,0,0,0,0,0,0,0,0
MAN1A2,0,0,0,0,0,-1.438,0,0,0,0,0,0,-1.435,0,0,0,-1.984,-2.093,0,-1.764,0
RPL13AP5,0,0,0,0,0,0,0,0,0,-1.926,0,0,0,-2.092,0,0,0,0,0,0,0
WDR55,0,0,0,0,0,0,0,0,0,0,0,0,0,1.799,0,0,0,0,0,0,2.091
CDK5,0,0,0,0,0,0,0,0,0,0,0,0,0,0,0,0,-1.825,0,0,-2.091,0
CARNS1,0,0,0,0,0,2.091,1.562,0,0,0,0,0,0,0,0,0,0,1.877,0,-1.301,0
ABHD6,0,0,0,0,0,0,0,0,0,0,0,0,0,0,0,0,2.091,0,0,-1.741,0
RAI2,0,0,0,0,0,0,0,0,0,0,0,0,0,0,0,0,0,0,0,2.09,0
ENSEMBL:ENSG00000280401,0,0,0,0,0,0,0,0,0,0,0,0,0,0,0,0,0,0,0,-2.09,0
PUSL1,0,0,0,0,0,0,0,0,0,0,0,0,0,0,0,0,0,0,0,0,2.09
PAF1,0,0,0,0,0,0,0,0,0,0,0,0,2.09,1.833,0,0,0,0,0,0,0
NUDT8,0,0,0,0,0,0,0,0,0,0,0,0,0,0,0,0,0,2.09,0,0,0
DIP2B,0,0,0,0,0,-2.09,0,0,0,1.309,0,0,1.472,0,0,0,0,0,0,0,0
MMP8,0,0,0,0,0,0,2.09,0,0,0,0,0,1.724,0,0,0,0,0,0,0,0
EMC3-AS1,0,0,0,0,0,0,0,0,0,0,0,0,0,0,0,0,0,0,0,-2.089,0
PPP3CB,0,0,0,0,0,0,0,0,0,0,0,0,0,0,0,0,0,0,2.089,0,0
ENSEMBL:ENSG00000269001,0,0,0,0,0,0,0,0,0,0,0,0,0,2.088,0,0,0,0,0,0,0
SESTD1,0,0,0,0,0,-2.088,0,0,0,0,0,0,0,0,0,0,0,0,0,0,0
SNHG14,0,0,0,0,0,-2.088,0,0,0,0,0,0,-1.937,-1.654,0,0,0,0,0,0,0
TYW5,0,0,0,0,0,0,0,0,0,0,0,0,0,0,0,0,0,0,0,2.087,1.974
RPL28,0,0,0,0,0,0,0,0,0,-1.845,0,0,0,-2.087,0,0,0,0,0,0,0
APOBR,0,0,0,0,0,0,0,0,0,0,0,0,0,2.087,0,0,0,0,0,0,0
TCN1,0,0,0,0,0,0,0,0,0,0,0,0,0,2.087,0,0,0,0,0,0,0
HMCES,0,0,0,0,0,0,0,0,0,0,0,0,0,0,0,0,0,2.087,0,0,0
OLFM1,0,0,0,0,0,0,0,0,0,-2.086,0,0,0,-1.847,0,0,0,0,0,0,0
YTHDF3,0,0,0,0,0,-2.085,0,0,0,0,0,0,0,1.766,0,0,0,0,0,0,0
CASP10,0,0,0,0,0,1.931,2.085,0,0,0,0,0,0,0,0,0,0,0,0,0,0
PSMD6,0,0,0,0,0,0,0,0,0,0,0,0,0,2.029,0,0,0,1.399,0,0,2.084
NME8,0,0,0,0,0,0,2.084,0,0,0,0,0,0,0,0,0,0,0,0,0,0
VGLL4,0,0,0,0,0,0,0,0,0,0,0,0,0,0,0,0,0,0,0,2.084,0
ZXDB,0,0,0,0,0,0,0,0,0,0,0,0,0,0,0,0,1.354,0,0,0,-2.083
CCM2,0,1.401,0,0,0,1.627,0,0,0,0,0,0,0,2.083,0,0,0,0,0,0,0
SNHG9,0,0,0,0,0,0,2.083,0,0,0,0,0,0,0,0,0,0,0,0,0,0
TMEM273,0,0,0,0,0,0,0,0,0,0,0,0,1.612,0,0,0,-2.083,0,0,0,0
FAM200B,0,0,0,0,0,0,0,0,0,2.083,0,0,0,1.748,0,0,0,0,0,0,0
LRRC43,0,0,0,0,0,2.082,1.545,0,0,0,0,0,0,0,0,0,0,0,0,0,0
CELSR1,0,0,0,0,0,0,-1.638,-1.948,0,0,0,-2.082,-1.755,0,0,0,0,0,0,0,0
ZRANB2,0,0,0,0,0,0,0,0,0,0,0,0,0,0,0,0,0,0,-2.082,0,0
GTPBP8,0,0,0,0,0,0,0,0,0,0,0,0,0,0,0,0,0,2.082,0,0,0
OMA1,0,0,0,0,0,0,0,0,0,0,0,0,0,0,0,0,0,2.082,0,0,0
TACC1,0,0,0,0,1.314,0,0,0,1.536,0,0,0,2.081,0,0,0,0,0,0,2.012,0
TAF10,0,0,0,0,0,0,0,0,0,0,0,0,0,0,0,2.081,0,0,1.324,0,0
ABI2,0,0,0,0,0,0,0,0,0,0,0,0,0,0,0,0,0,0,0,0,2.081
ENSEMBL:ENSG00000265751,0,0,0,0,0,0,0,0,0,0,0,0,0,0,0,0,0,2.08,0,0,1.893
PLA2R1,0,0,0,0,0,0,0,0,0,0,0,0,0,0,0,0,0,0,0,-2.08,0
H2BC4,0,0,0,0,0,0,0,0,0,0,0,0,1.813,2.079,0,0,0,-1.942,0,0,-1.583
LINC02908,0,0,0,0,0,0,0,0,0,0,0,0,0,2.078,0,0,0,0,0,0,0
TMEM160,0,0,0,0,0,2.078,0,0,0,0,0,0,0,-1.415,0,0,0,0,0,0,0
PRR3,0,0,0,0,0,0,0,0,0,0,0,0,0,0,0,0,-2.076,0,0,-1.597,0
NME4,0,0,0,0,0,0,0,0,0,0,0,0,0,-1.722,0,-1.46,0,0,0,-2.076,0
ENSEMBL:ENSG00000226281,0,0,0,0,0,0,0,0,0,0,0,0,0,0,0,0,0,0,0,-2.075,0
SIL1,0,0,0,0,0,0,0,0,0,-2.075,0,0,0,0,0,0,0,0,0,0,0
HAUS5,0,0,0,0,0,0,0,0,0,0,0,0,0,-1.777,0,0,0,0,0,-2.075,0
MYH4,0,0,0,0,0,0,0,0,0,0,0,0,0,0,0,0,0,0,0,-2.075,0
ENSEMBL:ENSG00000255426,0,0,0,0,0,0,0,0,0,0,0,0,0,0,0,0,0,0,0,-2.075,0
SCN5A,0,0,0,0,0,0,0,0,0,0,0,0,0,0,0,0,0,0,2.074,0,0
WSB2,0,0,0,0,0,0,0,0,0,0,0,0,0,0,0,0,0,0,0,2.074,0
ITGA4,0,0,0,0,0,-2.073,0,0,0,0,0,0,0,0,0,0,0,0,0,0,0
ENSEMBL:ENSG00000287570,0,0,0,0,0,0,0,0,0,0,0,0,0,0,0,0,0,0,0,0,-2.073
ENSEMBL:ENSG00000286196,0,0,0,0,0,0,0,0,0,0,0,0,0,0,0,2.073,0,0,0,0,0
ZNF692,0,0,0,0,0,0,0,0,0,0,0,0,0,0,0,0,0,0,0,-2.073,0
LINC00240,0,0,0,0,0,0,0,0,0,0,0,0,0,0,0,0,0,-1.399,0,0,-2.073
MED8,0,0,0,0,0,0,1.481,0,0,0,0,0,0,0,0,0,0,0,0,2.072,0
C17orf113,0,0,0,0,0,0,0,0,0,-1.386,0,0,0,0,0,0,0,0,0,-2.072,-2.052
PDK1,0,0,0,0,0,-2.072,0,0,0,0,0,0,0,0,0,0,0,0,0,0,0
LMNTD2,0,0,0,0,0,2.072,1.363,0,0,0,0,0,0,0,0,0,0,0,0,0,0
CCL16,0,0,0,0,0,0,2.072,0,0,0,0,0,0,0,0,0,0,0,0,0,0
ZMAT4,0,0,0,0,0,0,2.072,0,0,0,0,0,0,0,0,0,0,0,0,0,0
SLX1A-SULT1A3,0,0,0,0,0,0,2.072,0,0,0,0,0,0,0,0,0,0,0,0,-1.997,0
TMEM135,0,0,0,0,0,0,0,0,0,0,0,0,0,0,0,0,0,2.071,0,0,0
LINC00891,0,0,0,0,0,0,0,0,0,0,0,-2.071,-1.352,-1.961,0,0,0,0,0,0,0
CRYGS,0,0,0,0,0,0,0,0,0,0,0,0,0,0,0,-2.07,0,0,0,0,0
ABRAXAS2,0,0,0,0,0,0,0,0,0,0,0,0,0,0,0,0,0,0,-2.07,0,0
ENSEMBL:ENSG00000263620,0,0,0,0,0,0,0,0,0,0,0,0,0,0,0,0,0,0,0,0,2.07
FASTKD5,0,-1.487,0,0,0,0,0,0,0,2.07,0,0,0,1.427,0,0,0,0,0,0,0
PGLYRP1,0,0,0,0,0,0,1.801,1.51,1.688,1.509,0,1.424,2.07,1.546,0,0,0,0,0,0,0
PHBP9,0,0,0,0,0,0,0,0,0,0,0,0,0,0,0,0,0,0,0,-2.07,0
CD47,0,0,0,0,0,0,0,0,0,0,0,0,0,0,0,0,2.069,0,0,0,0
EIF2A,0,0,0,0,0,0,0,0,0,0,0,0,0,0,0,2.069,0,0,1.864,0,0
GBA,0,0,0,0,0,0,0,0,0,0,0,0,0,2.069,0,0,0,0,0,0,1.586
PRDX2,0,0,0,0,0,0,0,0,0,-1.362,0,0,0,-2.068,0,0,0,1.593,-1.962,0,0
HDGF,0,0,0,0,0,0,0,0,0,0,0,0,1.578,-2.025,0,1.693,0,0,2.068,0,0
GAREM2,0,0,0,0,0,0,0,0,0,0,0,0,0,0,0,0,1.875,0,0,0,-2.068
ENSEMBL:ENSG00000259366,0,0,0,0,0,0,0,0,0,0,0,0,0,0,0,0,0,0,0,-1.591,-2.067
CD8A,0,0,0,0,0,1.377,1.648,0,0,0,0,0,0,-2.066,0,0,0,0,0,0,0
TTC28,0,0,0,0,0,0,0,0,0,0,0,0,0,0,0,0,0,0,0,0,-2.066
CIAO2B,0,0,0,0,0,1.366,0,0,0,0,0,0,0,0,0,0,0,0,0,0,2.066
GTF2F2,0,0,0,0,0,0,0,0,0,0,0,0,0,0,0,0,0,2.066,0,0,0
ZPR1,0,0,0,0,0,0,0,0,0,0,0,0,0,0,0,0,0,0,0,0,2.066
ENSEMBL:ENSG00000286511,0,0,0,0,0,0,0,0,1.465,2.066,0,0,0,0,0,0,0,0,0,0,0
MRPL24,0,0,0,0,0,0,0,0,0,0,0,0,0,-2.065,0,0,0,0,0,0,1.776
LRRK2-DT,0,0,0,0,0,0,0,0,0,1.511,0,0,2.065,1.956,0,0,0,0,0,0,0
SARNP,0,0,0,0,0,1.773,0,0,0,0,0,0,0,0,0,0,0,0,0,0,2.065
ENSEMBL:ENSG00000238260,-1.376,0,0,0,0,1.696,0,0,0,0,0,0,0,0,0,0,0,0,0,-2.065,0
ELOVL1,0,0,0,0,0,2.065,0,0,0,0,0,0,0,0,0,0,0,0,0,0,0
RAI14,0,0,0,0,0,0,0,0,0,0,0,0,0,0,0,0,0,0,2.064,0,0
PPM1H,0,0,0,0,0,0,0,0,0,1.668,0,0,0,2.064,0,0,0,0,-1.444,-1.655,0
COA5,0,0,0,0,0,0,0,0,0,0,0,0,0,0,0,0,0,0,-2.063,0,0
INHBC,0,0,0,0,0,0,2.063,0,0,0,0,0,0,0,0,0,0,0,0,0,0
PAICS,0,0,0,0,0,0,0,0,0,0,0,0,0,0,0,0,0,0,0,2.062,0
PCNP,0,0,0,0,0,0,0,0,0,0,0,0,0,0,0,0,0,0,0,2.062,0
SLC12A5-AS1,0,0,0,0,0,0,0,0,0,1.736,0,0,0,2.062,0,0,0,0,0,0,0
TGM3,0,0,0,0,0,0,0,0,0,0,0,0,0,2.062,0,0,0,0,0,0,0
KANK2,0,0,0,0,-1.373,-1.974,-2.062,0,0,0,0,0,0,-1.461,0,0,0,0,1.341,0,-1.373
ARNT,0,0,0,0,0,0,0,0,0,1.449,0,0,0,1.441,0,0,0,-1.637,0,0,-2.062
RFC2,0,0,0,0,0,0,0,0,0,0,0,0,0,0,0,0,0,0,0,0,-2.061
ENSEMBL:ENSG00000286143,0,0,0,0,0,0,0,0,0,0,0,0,0,0,0,0,0,0,0,0,2.061
ENSEMBL:ENSG00000287592,0,0,0,0,0,0,0,0,0,0,0,0,0,0,0,0,0,0,0,0,2.061
THY1,0,0,0,0,0,0,0,0,0,0,0,0,-1.781,-2.06,0,0,0,0,0,0,0
KLK14,0,0,0,0,0,0,0,0,0,0,0,0,0,-2.06,0,0,0,0,0,0,0
FRMD4A,0,1.533,0,0,1.484,0,0,0,1.45,0,0,0,2.06,0,0,0,0,0,0,0,0
ALDH7A1,0,0,0,0,0,0,0,0,0,0,0,0,0,0,0,-2.06,0,0,0,0,-1.706
NRG4,0,0,0,0,0,0,0,0,0,0,0,0,0,0,0,0,0,0,0,-2.06,0
SMIM15-AS1,0,0,0,0,0,0,0,0,0,0,0,0,0,0,0,1.853,1.484,0,0,2.059,0
MRPL44,0,0,0,0,0,0,0,0,0,0,0,0,0,0,0,0,0,0,0,-2.059,0
ORMDL2,0,0,0,0,0,0,0,0,0,0,0,0,0,0,0,0,0,0,0,0,2.059
PKN3,0,0,0,0,0,0,1.306,0,0,0,0,0,0,0,0,0,1.685,0,1.31,2.058,0
TMEM170B,0,0,0,0,0,0,0,0,1.447,2.011,0,0,0,0,0,0,0,0,0,-2.058,0
PRDM8,0,0,0,0,0,-1.969,0,0,0,0,0,0,0,0,0,0,0,0,0,2.058,0
PACSIN1,0,0,0,0,0,0,1.647,0,0,0,0,2.058,0,0,0,0,0,0,0,0,0
PXMP2,0,0,0,0,0,2.058,0,0,0,0,0,0,0,0,0,-1.417,0,0,0,0,0
NSUN5P1,0,0,0,0,0,0,0,0,0,-1.64,0,0,0,-1.624,0,0,0,0,-2.057,0,0
IGFN1,0,0,0,0,0,0,0,0,0,0,0,0,0,0,0,0,0,0,2.057,1.413,0
FCGR1A,0,0,0,0,0,0,0,0,0,0,0,0,0,2.057,0,0,0,0,0,0,0
COQ4,0,0,0,0,0,0,0,0,0,0,0,0,0,-2.057,0,-1.436,0,0,0,0,0
ENSEMBL:ENSG00000272518,0,0,0,0,0,0,0,0,0,0,0,0,0,-2.056,0,0,0,0,0,0,0
KL,0,0,0,0,-1.446,0,0,0,0,0,0,0,0,0,0,0,-2.056,0,0,0,0
MT-ATP6,0,0,0,0,0,0,0,0,0,0,0,0,0,0,0,-2.056,0,0,0,0,0
RIPOR3,0,0,0,0,0,0,0,0,0,0,0,0,0,0,0,0,-2.056,0,0,-1.907,0
CEP164,0,0,0,0,0,0,0,0,0,0,0,0,0,0,0,0,0,0,0,-2.056,0
SMNDC1,0,0,0,0,0,0,0,0,0,1.452,0,0,0,2.055,0,0,0,0,0,1.52,0
AP2A1,0,0,0,0,0,0,0,0,0,1.432,0,0,0,2.055,0,0,0,0,0,0,0
NPM3,0,0,0,0,0,0,0,0,0,-2.006,0,0,0,-2.055,0,0,0,0,0,0,0
OSBPL1A,0,-1.891,0,0,0,0,0,0,0,1.316,0,0,0,2.055,0,0,0,0,0,0,-1.904
SPTBN2,0,0,0,0,0,0,0,0,0,0,0,0,0,0,0,0,2.055,0,0,0,0
CYFIP2,0,0,0,0,0,0,0,0,0,0,0,0,2.055,0,0,0,0,0,0,0,0
CD200,0,0,0,0,0,0,-2.054,0,0,0,0,-1.313,0,0,0,0,0,0,0,0,0
LINC01781,0,0,0,0,0,0,-2.054,0,0,0,0,0,0,0,0,0,0,0,0,0,0
MAD2L1,0,0,0,0,0,0,0,0,0,0,0,0,0,0,0,0,0,0,0,-1.783,-2.053
ENSEMBL:ENSG00000286942,0,0,0,0,0,2.031,2.053,0,0,0,0,0,0,0,0,0,0,0,0,0,0
VWCE,0,0,0,0,0,-1.435,-2.053,0,0,0,0,0,0,-1.372,0,0,0,0,0,0,0
LANCL1,0,0,0,0,0,0,0,0,0,0,0,0,-2.053,0,0,0,0,0,0,0,0
COL27A1,0,0,0,0,0,0,0,0,0,0,0,0,0,0,0,0,0,0,0,0,-2.053
NDUFA3,0,0,0,0,0,0,0,0,0,0,0,0,0,0,0,-2.053,0,0,0,0,0
PDCD2L,0,0,0,0,0,2.052,0,0,0,0,0,0,0,0,0,0,0,0,0,0,1.814
TSPAN4,0,0,0,0,0,0,0,0,0,0,0,0,0,0,0,0,-2.052,0,0,-1.372,0
FAM107B,0,0,0,0,0,0,0,0,0,0,0,0,0,2.052,0,0,0,0,0,0,0
HEATR9,0,0,0,0,0,0,2.052,0,0,0,0,0,0,0,0,0,0,0,0,0,0
LINC01907,0,0,0,0,0,0,2.05,0,0,0,0,0,0,0,0,0,0,0,0,0,0
ENSEMBL:ENSG00000228157,0,0,0,0,0,0,-2.05,0,0,0,0,0,0,-2.003,0,0,0,0,0,0,0
NOTCH4,0,0,0,0,0,0,0,0,0,0,0,0,0,0,0,0,-1.494,0,2.05,0,0
LINC01144,0,0,0,0,0,0,0,0,0,0,0,0,0,0,0,0,0,0,-2.05,-1.908,0
ZC3HAV1L,0,0,0,0,0,0,0,0,0,0,0,0,0,0,0,0,0,0,0,2.049,0
B3GAT1-DT,0,0,0,0,0,1.808,2.023,1.682,0,0,0,2.049,0,0,0,0,0,0,0,0,0
ENSEMBL:ENSG00000232611,0,0,0,0,0,0,0,0,0,0,0,0,0,0,0,0,0,0,0,2.049,0
TMEM45B,0,0,0,0,0,0,0,0,0,1.936,0,0,0,2.049,0,0,0,0,0,0,0
SLC8A1,0,0,0,0,0,-2.049,0,0,0,0,0,0,0,1.536,0,0,0,0,0,0,0
BRK1,0,0,0,0,0,2.048,0,0,0,0,0,0,0,0,0,0,0,0,0,0,0
TXNDC16,0,0,0,0,0,0,0,0,0,0,0,0,0,0,0,0,0,0,0,0,-2.048
ENSEMBL:ENSG00000279399,0,0,0,0,0,-2.048,0,0,0,0,0,0,0,0,0,0,0,0,0,0,0
ALDH18A1,0,0,0,0,0,0,0,0,0,0,0,0,0,-2.047,0,0,0,0,0,0,0
ENSEMBL:ENSG00000282556,0,0,0,0,0,0,0,0,0,0,0,0,0,0,0,0,2.047,0,0,0,1.87
LIG1,0,0,0,0,0,0,0,0,0,0,0,-1.541,-2.047,-1.575,0,0,0,0,0,0,0
ENSEMBL:ENSG00000246451,0,0,0,0,0,0,0,0,0,0,0,0,0,0,0,0,0,0,2.046,1.361,0
MKRN3,0,0,0,0,0,-2.046,-1.569,0,0,0,0,0,0,0,0,0,0,0,0,0,0
LARP7,0,0,0,0,0,0,0,0,0,0,0,0,0,0,0,0,0,0,-1.692,-2.046,0
IL17RC,0,0,0,0,0,0,0,0,0,0,0,0,0,0,0,0,0,0,0,-1.611,-2.046
ENSEMBL:ENSG00000283208,0,0,0,0,0,0,0,0,0,0,0,-2.046,0,0,0,0,0,0,0,0,0
MATN1-AS1,0,0,0,0,0,0,0,-1.981,0,0,0,-2.046,0,0,0,0,0,0,0,0,0
GRPEL1,0,0,0,0,0,0,0,0,0,0,0,0,0,0,0,0,0,2.046,0,0,1.605
HS3ST5,0,0,0,0,0,0,0,0,0,0,0,0,0,0,0,0,0,2.045,0,0,0
AP3D1,0,0,0,0,0,0,0,0,0,0,0,0,0,0,0,0,0,0,0,2.045,0
DPF3,0,0,0,0,0,0,0,0,0,0,0,0,0,0,0,0,0,0,0,-2.044,-1.73
PRKAG1,0,0,0,0,0,0,0,0,0,0,0,0,0,0,0,0,0,2.044,0,0,0
ABHD14A,0,0,0,0,0,0,0,0,0,0,0,0,-1.46,0,0,0,0,2.044,0,0,0
ZKSCAN7,0,0,0,0,0,0,0,0,0,0,0,0,0,0,0,0,0,0,0,-2.044,0
DUSP19,0,0,0,0,0,0,0,0,0,0,0,0,0,0,0,0,0,0,0,-2.044,0
ADIRF-AS1,0,0,0,0,0,0,0,0,0,0,0,-2.044,-1.754,-1.617,0,0,0,0,0,0,0
IGHV3-21,0,0,0,0,0,0,0,0,0,0,0,-2.044,0,0,0,0,0,0,0,0,0
SLC35F1,0,0,0,0,0,0,0,0,0,0,0,0,0,0,0,0,0,-2.043,0,0,0
ACO1,0,0,0,0,0,0,0,0,0,0,0,0,0,0,0,0,0,2.043,0,0,0
HEXD,0,0,0,0,0,0,0,0,0,0,0,0,0,0,0,0,0,0,0,-2.043,0
PP7080,0,0,0,0,0,0,0,0,0,0,0,0,0,0,0,0,2.043,0,0,0,0
FAM186B,0,0,0,0,0,0,0,0,0,0,0,0,0,0,0,0,0,0,0,-2.043,0
ENSEMBL:ENSG00000268069,0,0,0,0,0,0,0,0,0,0,0,0,0,0,0,0,0,0,0,-2.043,0
PPP6R2,0,0,0,0,0,1.337,0,0,0,0,0,0,0,0,0,0,0,0,2.043,0,0
SLC48A1,0,0,0,0,0,0,0,0,0,0,0,0,0,0,0,0,0,0,0,0,-2.042
ZNF598,0,0,0,0,0,1.307,2.042,0,0,0,0,0,0,0,0,0,0,0,0,1.91,0
ZBTB25,0,0,0,0,0,0,0,0,0,0,0,0,0,0,0,0,1.728,0,1.744,-2.042,0
MXRA8,0,0,0,0,0,0,0,0,0,0,0,0,-1.885,-2.042,0,0,0,0,0,0,-1.375
IER3IP1,0,0,0,0,0,0,2.041,0,0,0,0,0,0,0,0,0,0,0,0,0,0
NOL6,0,0,0,0,0,0,0,0,0,0,0,-1.311,-1.581,-2.04,0,0,0,0,0,0,1.402
DSE,0,0,0,0,0,0,0,0,0,0,0,0,0,0,0,0,0,0,0,2.04,-1.984
ACVR1,0,0,0,0,0,0,0,0,2.04,0,0,0,0,0,0,0,0,0,0,0,0
DDX1,0,0,0,0,0,0,0,0,0,0,0,0,0,0,0,0,0,0,-2.039,0,0
C3orf18,0,0,0,0,0,0,0,0,0,0,0,0,0,0,0,0,0,1.538,0,-2.039,0
UCKL1-AS1,0,0,0,0,0,0,0,0,0,0,0,0,0,0,0,2.039,0,0,0,0,0
ALG8,0,0,0,0,0,0,0,0,0,0,0,0,0,0,0,0,0,0,0,-2.039,0
WDR5B,0,0,0,0,0,-1.471,-1.548,0,0,0,0,0,-2.038,0,0,0,0,0,0,0,0
P4HTM,0,0,0,0,0,0,0,0,0,0,0,0,0,-1.545,0,0,0,0,0,-2.038,0
LINC02086,0,0,0,0,0,1.303,2.038,0,0,0,0,0,0,0,0,0,0,0,0,0,0
ATXN7L3B,0,0,0,0,0,0,0,0,0,0,0,0,0,0,0,0,0,0,0,-1.78,-2.038
NLK,0,0,0,0,0,0,0,0,0,0,0,0,0,0,0,0,0,0,0,0,2.038
TSSK3,0,0,0,0,0,0,0,0,0,0,0,0,0,0,0,0,0,0,0,-2.038,0
IVD,0,0,0,0,0,0,0,0,2.038,0,0,0,0,1.639,0,-1.981,0,0,0,-1.461,0
DLG4,0,0,0,0,0,0,0,0,0,0,0,0,0,0,0,0,-2.038,-1.302,0,0,-1.353
RHPN1,0,0,0,0,0,0,0,0,0,0,0,0,0,-2.037,0,0,0,0,0,0,0
NCAPD3,0,0,0,0,0,0,0,0,0,0,0,0,0,0,0,0,0,0,1.879,-2.037,0
MYDGF,0,0,0,0,0,2.037,0,0,0,0,0,0,0,-1.532,0,0,0,0,0,0,0
SAMD9,0,0,0,0,0,-2.037,-1.409,0,0,0,0,0,0,0,0,0,0,0,0,-1.506,0
ZNF331,0,0,0,0,0,0,0,0,0,0,0,0,0,0,0,0,0,0,0,-2.036,0
ENSEMBL:ENSG00000269892,0,0,0,0,0,2.036,0,0,0,0,0,0,0,0,0,0,0,0,0,0,0
OTUB1,0,0,0,0,0,2.036,0,0,0,0,0,0,0,0,0,-1.399,0,0,0,0,0
SCO1,0,0,0,0,0,0,0,0,-1.947,0,0,0,-2.036,0,0,0,0,0,0,-1.852,1.706
GALC,0,0,0,0,0,0,0,0,0,0,0,0,0,0,0,0,-1.833,0,0,-2.036,-1.529
UBLCP1,0,0,0,0,0,0,0,0,0,1.342,0,0,0,2.035,0,0,0,0,0,1.502,1.426
PROX1,0,0,0,0,0,0,0,0,0,0,0,0,0,0,0,0,0,0,-2.035,0,0
RUFY3,0,0,0,0,0,0,0,0,0,0,0,0,0,0,0,0,0,0,2.035,0,0
BDP1,0,0,0,0,0,0,-1.549,0,0,0,0,0,-2.035,-1.326,0,0,0,0,0,0,-1.328
UBE2Z,0,0,0,0,0,0,0,0,0,0,0,0,0,0,0,0,0,0,0,0,2.034
SYNRG|ENSG00000275066,0,0,0,0,0,-1.317,-1.434,0,0,0,0,0,0,0,0,0,0,0,0,-2.033,0
ABT1,0,0,0,0,0,0,0,0,0,0,0,0,0,0,0,-1.68,0,0,-1.516,2.033,0
TMEM184C,0,0,0,0,0,0,0,0,0,0,0,0,0,0,0,0,0,0,0,-2.032,1.423
KLK13,0,0,0,0,0,0,0,0,0,0,0,-2.003,-2.032,0,0,0,0,0,0,0,0
MTMR1,0,0,0,0,0,-2.032,-1.665,0,0,0,0,0,0,0,0,0,0,0,0,0,0
WDFY4,0,0,0,0,0,-2.031,-2.028,0,0,1.422,0,0,0,1.376,0,0,0,0,0,0,0
TET3,0,0,0,0,0,-2.031,0,0,0,0,0,0,0,0,0,0,0,0,0,0,0
ZNF335,0,0,0,0,0,0,0,0,0,0,0,0,0,0,0,-2.031,0,0,0,0,0
PABPC1,0,0,0,0,0,-2.03,0,0,0,0,0,0,0,0,0,0,0,0,0,1.897,0
NLRP7,0,0,0,0,0,1.857,2.03,0,0,0,0,0,0,0,0,0,0,0,0,0,0
RIC3,0,0,0,0,0,-1.586,-2.03,0,0,0,0,0,0,0,0,0,0,0,0,0,-2.016
CHD7,0,0,0,0,0,-2.03,0,0,0,1.954,0,0,0,1.456,0,0,0,0,0,0,0
STAG3L1,0,0,0,0,0,-2.03,-1.676,-1.986,-1.465,0,0,-1.956,-1.763,0,0,0,0,0,0,0,0
SNX17,0,0,0,0,0,0,0,0,-2.03,0,0,0,0,-1.673,0,0,0,0,0,0,1.756
MSR1,0,0,0,0,0,0,2.03,0,0,0,0,0,0,0,0,0,0,0,0,1.973,0
OAF,0,0,0,0,0,0,0,0,0,0,0,0,0,0,0,0,-2.029,0,0,0,0
ZNF441,0,0,0,0,0,0,0,0,-2.029,0,0,0,-1.414,0,0,0,0,0,0,-1.689,0
GON7,0,0,0,0,0,0,0,0,0,0,0,0,0,0,0,0,0,0,0,0,2.029
ENSEMBL:ENSG00000261471,0,0,0,0,0,0,0,0,0,1.679,0,0,0,2.029,0,0,0,0,0,0,0
C6orf62,0,0,0,0,0,0,0,0,0,1.738,0,0,1.544,2.028,0,0,0,0,0,0,0
SF3B5,0,0,0,0,0,2.028,0,0,0,0,0,0,0,0,0,0,0,0,0,0,1.42
PCCA,0,0,0,0,0,0,0,0,0,0,0,0,0,0,0,0,0,2.028,0,0,0
EPS8L1,0,0,0,0,0,1.381,2.027,0,0,0,0,0,0,0,0,0,0,0,0,0,0
WDR97,0,0,0,0,0,0,0,0,0,0,0,0,0,0,0,-2.027,0,0,0,-1.431,0
NECTIN4,0,0,0,0,0,0,0,0,0,0,0,0,0,-2.026,0,0,0,0,0,0,0
PAXBP1-AS1,0,0,0,0,0,0,0,0,0,0,0,0,-1.454,0,0,0,-1.752,0,0,-2.026,0
FLAD1,0,0,0,0,0,0,0,0,0,0,0,0,0,0,0,0,0,1.455,0,0,2.026
SALL2,0,0,0,0,0,0,0,0,0,0,0,0,0,0,0,0,-1.79,0,0,-2.026,0
PIK3R6,0,0,0,0,0,0,0,0,0,0,0,0,0,0,0,0,-2.025,-1.476,0,0,-1.726
PUS10,0,0,0,0,0,0,0,0,0,0,0,0,0,0,0,0,0,0,0,-2.024,0
ACVR2B-AS1,0,0,0,0,0,0,0,0,0,0,0,0,0,0,0,0,0,0,0,0,-2.024
ZNF813,0,0,0,0,0,0,0,0,0,0,0,-1.745,-2.024,0,0,0,0,0,0,0,0
CLTA,0,0,0,0,0,0,2.024,0,0,0,0,0,0,0,0,0,1.427,0,0,0,0
KLHDC1,0,0,0,0,0,0,0,0,0,0,0,0,0,0,0,0,0,0,0,-2.024,0
SLC4A1AP,0,0,0,0,0,0,0,0,0,0,0,0,0,0,0,0,0,0,-2.024,0,1.73
ABCF2,0,0,0,0,0,0,0,0,0,0,0,0,0,0,0,0,0,0,0,0,2.024
MIA-RAB4B,0,0,0,0,0,0,0,0,0,0,0,0,0,-2.023,0,0,0,0,0,0,0
TRIM23,0,0,0,0,0,0,0,0,0,0,0,0,0,0,0,0,0,0,0,0,-2.023
UBE2S,0,0,0,0,0,0,0,0,0,0,0,0,0,-2.023,0,0,0,0,0,0,0
ENSEMBL:ENSG00000254833,0,0,0,0,0,0,0,0,0,0,0,0,0,0,0,0,0,0,0,-2.023,0
CTPS2,0,0,0,0,0,0,0,0,0,0,0,0,0,0,0,0,0,0,0,-2.022,0
MCC,0,0,0,0,0,0,0,0,0,0,0,0,0,0,0,0,0,0,0,0,-2.022
LRRN2,0,0,0,0,0,0,0,0,0,0,0,0,0,0,0,0,2.022,0,0,0,1.881
CD226,0,0,0,0,0,0,1.779,0,0,0,0,1.769,0,0,0,0,0,0,0,-2.022,0
ENSEMBL:ENSG00000267904,0,0,0,0,0,0,0,0,0,0,0,0,0,0,0,0,0,0,0,-2.022,0
ABTB2,0,0,0,0,0,0,0,0,0,-2.022,0,0,0,0,0,0,0,0,0,0,1.867
PRANCR,0,0,0,0,0,2.022,0,0,0,0,0,0,0,0,0,0,0,0,0,0,0
SFMBT1,0,0,0,0,0,0,0,0,0,-2.021,0,0,0,-1.611,0,0,0,0,0,1.852,0
RPL39,0,0,0,0,0,0,0,0,0,-1.468,0,0,0,-2.021,0,0,0,0,0,0,0
ERCC2,0,0,0,0,0,0,0,0,0,0,0,0,0,0,0,0,0,0,0,-2.021,1.394
ENSEMBL:ENSG00000260917,0,0,0,0,0,0,0,0,0,0,0,0,0,0,0,0,0,0,0,-2.021,0
LRP6,0,0,0,0,0,0,0,0,0,0,0,0,0,0,0,0,0,0,0,-1.796,-2.02
RAB14,0,0,0,0,0,0,0,0,0,0,0,0,0,0,0,0,0,0,0,2.02,0
NPEPL1,0,0,0,0,0,0,0,0,0,0,0,0,0,0,0,0,-2.02,0,0,-1.863,0
ENSEMBL:ENSG00000269242,0,0,0,0,0,0,2.02,0,0,0,0,0,0,0,0,0,0,0,0,0,0
ENSEMBL:ENSG00000279789,0,0,0,0,0,0,0,0,0,0,0,-1.541,0,0,0,0,0,0,0,-2.019,0
TFAP2E-AS1,0,0,0,0,0,2.019,0,0,0,0,0,0,0,0,0,0,0,0,0,0,0
LUC7L3,0,0,0,0,0,0,0,0,0,0,0,0,0,0,0,-2.019,0,0,0,0,0
ENSEMBL:ENSG00000284707,0,0,0,0,0,0,0,0,0,0,0,0,-2.019,0,0,0,0,0,0,0,0
CD96,0,0,0,0,0,0,0,0,0,0,0,0,0,-2.019,0,0,0,0,0,0,0
DNAJA2,0,0,0,0,0,0,0,0,0,0,0,0,0,0,0,0,0,0,0,2.018,0
MNAT1,0,0,0,0,0,0,0,0,0,0,0,0,0,0,0,0,0,0,0,2.018,0
WDR59,0,-1.681,0,0,0,0,0,0,0,-1.59,0,0,0,0,0,0,0,0,0,-2.018,0
EXOG,0,0,0,0,0,0,0,0,0,0,0,0,0,0,0,0,0,0,0,0,2.017
IPP,0,0,0,0,0,0,0,0,0,0,0,0,0,0,0,0,0,0,0,0,-2.017
RABAC1,0,0,0,0,0,1.655,0,1.498,0,0,0,2.016,0,0,0,0,0,0,0,0,0
GABBR2,0,0,0,0,0,0,0,0,0,0,0,0,0,0,0,0,2.016,0,0,0,0
ZNF550,0,0,0,0,0,0,0,0,0,0,0,0,0,0,0,0,0,0,0,2.016,0
TTC21B,0,0,0,0,0,0,0,0,0,0,0,0,0,0,0,0,0,0,0,-1.697,-2.016
GNG7,0,1.357,0,0,0,0,-1.418,0,0,0,0,0,0,0,0,0,0,0,0,0,-2.016
GFUS,0,0,0,0,0,0,-2.016,0,0,0,0,0,0,0,0,0,0,0,0,0,0
ENSEMBL:ENSG00000279518,0,0,0,0,0,0,0,0,0,0,0,0,0,0,0,-2.015,0,0,0,0,0
SLCO2A1,0,0,0,0,0,0,0,0,0,0,0,0,0,0,0,0,0,0,0,2.015,0
PABPN1,0,0,0,0,0,2.015,0,0,0,0,0,0,0,0,0,0,0,0,0,1.935,-1.532
WFDC12,0,0,0,0,0,0,0,0,0,0,0,-2.014,-1.332,-1.554,0,0,0,0,0,0,0
PHACTR4,0,0,0,0,0,0,0,0,0,-2.014,0,0,0,-1.89,0,0,0,0,0,0,0
KCNIP2,0,0,0,0,0,0,0,0,0,0,0,0,0,0,0,0,0,0,0,-2.014,0
ELAC1,0,0,0,0,0,0,0,0,-2.013,0,0,0,0,0,0,0,0,0,0,1.752,0
AGMAT,0,0,0,0,0,0,0,0,0,0,0,0,0,0,0,0,0,0,0,-2.013,-1.785
CLEC4C,0,0,0,0,0,0,0,0,0,0,0,0,0,2.012,0,0,0,0,0,0,0
DNASE2,0,0,0,0,0,0,0,0,0,0,0,0,0,0,0,0,0,0,0,-2.012,0
USP7,0,0,0,0,0,0,0,0,0,0,0,0,0,0,0,0,0,0,0,2.012,0
PSMG4,0,0,0,0,0,0,0,0,0,0,0,0,-2.012,0,0,0,0,0,0,0,0
ZNF337-AS1,0,0,0,0,0,0,0,0,0,0,0,0,0,0,0,0,0,0,0,-2.012,0
ZNF575,0,0,0,0,0,0,1.325,0,0,0,0,0,0,0,0,0,0,0,0,-2.011,0
CD82,0,0,0,0,0,0,0,0,0,0,0,0,1.542,2.011,0,0,0,0,0,0,1.564
BCS1L,0,0,0,0,0,0,0,0,0,0,0,0,0,0,0,0,0,0,0,-2.01,0
VTI1A,0,0,0,0,0,0,0,0,0,0,0,0,0,0,0,0,0,1.351,0,0,2.01
LRIF1,0,0,0,0,0,0,0,0,0,0,0,0,0,1.875,0,1.797,0,0,0,2.01,0
TBC1D13,0,0,0,0,0,0,0,0,0,0,0,0,0,0,0,0,0,0,0,-1.351,2.009
ANKRA2,0,0,0,0,0,0,0,0,0,0,0,0,0,0,0,0,-1.623,-1.76,0,-1.581,-2.009
PLRG1,0,0,0,0,0,0,0,0,0,0,0,0,0,0,0,0,-1.338,0,0,-2.009,0
ZNF750,0,0,0,0,0,0,0,0,0,0,0,0,0,0,0,0,0,0,1.936,2.009,0
EIF3G,0,0,0,0,0,2.008,0,0,0,0,0,0,0,0,0,0,0,0,0,0,0
PTGES2,0,0,0,0,0,0,0,0,0,0,0,0,0,0,0,0,0,2.007,0,0,0
HNRNPA3P9,0,0,0,0,0,0,0,0,0,-2.007,0,0,0,-1.673,0,0,0,0,0,0,0
RPS28P7,0,0,0,0,0,0,0,0,0,-2.007,0,0,0,0,0,0,0,0,0,0,0
SLC45A3,0,0,0,0,0,0,-1.868,0,0,0,0,0,0,-1.81,0,0,0,0,0,-2.007,0
ENSEMBL:ENSG00000224307,0,0,0,0,0,0,-1.513,0,0,0,0,0,0,2.006,0,0,0,0,0,0,0
MEA1,0,0,0,0,0,0,0,0,0,0,0,0,0,0,0,0,0,0,0,0,2.006
SELENOH,0,0,0,0,0,0,0,0,0,0,0,0,0,0,0,0,0,0,0,2.005,0
TPM2,0,0,0,0,0,1.464,0,0,0,0,0,0,0,-1.902,0,0,0,0,-2.005,0,0
CDK15,0,0,0,0,0,0,0,0,0,0,0,0,0,0,0,0,0,0,0,0,-2.005
RPL13P12,0,0,0,0,0,0,0,0,0,0,0,0,0,-2.005,0,0,0,0,0,0,0
SHD,0,0,0,0,0,1.347,2.004,0,0,0,0,0,0,0,0,0,0,0,0,0,0
SAFB,0,0,0,0,0,0,2.004,1.363,1.569,0,0,1.379,1.856,0,0,0,0,0,-1.428,1.626,-1.881
TBC1D22B,0,0,0,0,0,-1.456,0,0,0,0,0,0,0,0,0,0,0,0,0,2.003,0
ITPKB-IT1,0,0,0,0,0,0,0,0,0,2.003,0,0,0,0,0,0,0,0,0,0,0
GALNT10,0,0,0,0,0,0,2.003,0,0,0,0,0,0,0,0,0,0,0,0,0,0
VILL,0,0,0,0,0,2.002,0,0,0,0,0,0,0,0,0,0,-1.425,0,0,0,0
ENSEMBL:ENSG00000280135,0,0,0,0,0,0,-2.002,0,0,0,0,0,0,0,0,0,0,0,0,0,0
ZBTB33,0,0,0,0,0,0,0,0,0,0,0,0,0,0,0,0,0,0,0,-2.002,0
ISL2,0,0,0,0,0,0,0,0,0,0,0,0,0,2.002,0,0,0,0,0,0,0
LRBA,0,0,0,0,0,-1.521,0,0,0,0,0,0,0,-2.002,0,0,0,0,0,0,0
SLC25A38,0,0,0,0,0,0,0,0,0,0,0,0,0,-2.002,0,0,0,0,0,-1.697,0
TTLL3,0,0,0,0,0,0,0,0,0,0,0,0,1.524,2.002,0,0,0,0,0,0,0
ENSEMBL:ENSG00000261663,0,0,0,0,0,0,0,0,0,0,0,0,0,0,0,0,0,0,0,2.002,0
ASB8,0,0,0,0,0,0,0,0,0,0,0,0,0,1.358,0,0,0,0,0,0,-2.001
SEPTIN1,0,0,0,0,0,2.001,0,0,0,0,0,0,0,-1.695,0,0,0,0,0,0,0
EMC10,0,0,0,0,0,0,0,0,0,0,0,0,-1.308,-2.001,0,0,0,0,0,0,0
DDX55,0,0,0,0,0,0,0,0,0,0,0,0,0,0,0,0,1.365,0,0,2.001,0
NDUFAF1,0,0,0,0,0,0,0,0,0,0,0,0,0,0,0,0,0,2.001,0,0,0
VAV2,0,0,0,0,0,0,0,0,-1.367,0,0,-2,-1.68,0,0,0,0,0,0,1.863,0
CHRAC1,0,0,0,0,0,0,0,0,0,0,0,0,0,0,0,0,0,0,0,0,-2
NKILA,0,0,0,0,0,0,0,0,0,0,0,0,0,-1.512,0,0,0,0,0,0,2
ZNF366,0,0,0,0,0,0,0,0,0,0,0,0,0,0,0,-2,0,0,0,0,0
LINC01301,0,0,0,0,0,0,0,0,0,0,0,0,0,0,0,0,0,0,0,-2,0
STK11IP,0,0,0,0,0,1.444,0,0,0,0,0,0,0,0,0,0,0,0,0,-2,0
MYF5,0,0,0,0,0,0,0,0,0,0,0,0,0,0,0,1.504,0,0,2,0,0
CARNMT1,0,0,0,0,0,0,0,0,0,0,0,0,0,0,0,0,0,0,0,0,2
SDC2,0,-1.439,0,0,0,0,0,0,0,1.359,0,0,0,1.999,0,0,0,0,0,0,0
TNNI1,0,0,0,0,0,0,0,0,0,0,0,0,0,0,0,0,0,0,0,1.999,0
CTC-338M12.4,0,0,0,0,0,0,0,0,0,0,0,0,0,0,0,0,0,0,0,1.998,0
ARL6IP5,0,0,0,0,0,0,0,0,0,0,0,0,1.998,0,0,0,0,0,0,0,1.549
ST3GAL2,0,0,0,0,0,0,0,0,0,0,0,0,1.998,0,0,0,0,0,0,0,0
VDAC2P5,0,0,0,0,0,0,0,0,0,0,0,0,0,0,0,0,0,0,0,0,1.997
AKR1C2,0,0,0,0,0,0,0,0,0,-1.733,0,0,0,-1.997,0,0,0,0,0,0,0
PPFIA3,0,0,0,0,0,1.964,1.997,0,0,0,0,0,0,0,0,1.818,0,0,0,0,0
ENSEMBL:ENSG00000272983,0,0,0,0,0,0,0,0,0,0,0,0,0,0,0,0,0,0,0,-1.997,0
KIZ,0,0,0,0,0,0,0,0,0,0,0,0,1.996,1.789,0,0,-1.34,0,-1.786,0,0
ATP2A2,0,0,0,0,0,0,0,0,0,0,0,0,0,0,0,0,0,0,-1.996,0,-1.371
PGBD2,0,0,0,0,0,0,0,0,0,0,0,0,0,0,0,0,0,0,0,-1.996,0
MRPS22,0,0,0,0,0,0,0,0,0,0,0,0,0,0,0,0,0,1.995,0,0,0
GSPT2,0,0,0,0,0,0,0,0,0,0,0,0,0,0,0,-1.429,0,0,0,-1.995,0
KIAA2013,0,-1.423,0,0,0,0,0,0,0,0,0,0,0,1.699,0,0,0,0,0,0,1.995
GTF3C3,0,0,0,0,0,0,0,0,0,0,0,0,0,0,0,0,0,1.303,0,0,1.995
MAP4K5,0,0,0,0,0,0,0,0,0,0,0,0,0,-1.399,0,1.994,0,0,1.986,0,0
TENT2,0,0,0,0,0,0,0,0,0,0,0,0,0,1.443,0,0,0,0,0,-1.994,0
TFCP2,0,0,0,0,0,0,0,0,-1.339,0,0,-1.337,-1.937,0,0,0,0,1.319,0,-1.994,0
CDKL1,0,0,0,0,0,0,0,0,0,0,0,0,0,0,0,0,-1.994,0,0,0,0
SCPEP1,0,0,0,0,0,0,0,0,0,0,0,0,0,1.802,0,0,0,0,0,-1.994,0
GHRLOS,0,0,0,0,0,0,0,0,0,0,0,0,0,0,0,0,0,0,0,-1.994,0
EXOC5,0,0,0,0,0,0,0,0,0,0,0,0,0,0,0,0,0,0,0,1.994,0
NASP,0,0,0,0,0,0,0,0,0,0,0,0,0,-1.327,0,0,0,-1.994,-1.821,0,0
ENSEMBL:ENSG00000260583,0,0,0,0,0,0,0,0,0,0,0,0,0,0,0,0,0,0,0,0,-1.993
AKR7A2,0,0,0,0,0,1.993,0,0,0,0,0,0,0,0,0,0,0,0,0,0,0
CDCA4,0,0,0,0,0,0,0,0,0,0,0,0,0,0,0,0,0,-1.992,0,0,0
SMIM10L2B,0,0,0,0,0,0,0,0,0,0,0,0,0,0,0,0,-1.664,0,0,-1.992,0
CASTOR3,0,0,0,0,0,0,0,0,0,0,0,0,0,0,0,0,0,-1.992,0,0,0
TMOD3,0,0,0,0,0,0,0,0,0,0,0,0,1.992,0,0,0,-1.307,0,0,0,0
PCBP4,0,0,0,0,0,1.602,0,0,0,0,0,0,0,-1.992,0,0,0,0,0,0,1.987
LAPTM4A,0,0,0,0,0,0,0,0,0,0,0,1.409,1.992,1.921,0,0,0,0,0,0,0
IL18BP,0,0,0,0,0,0,0,0,-1.598,0,0,0,-1.992,0,0,0,0,0,0,0,0
RSPRY1,0,0,0,0,0,0,0,0,0,0,0,0,0,1.992,0,0,-1.533,0,0,-1.47,0
LEO1,0,0,0,0,0,0,0,0,0,0,0,0,0,0,0,0,0,0,0,-1.991,0
ASRGL1,0,0,0,0,0,0,0,0,0,0,0,0,0,0,0,0,0,0,0,1.991,0
TMC7,0,0,0,0,0,0,0,0,0,0,0,0,0,0,0,0,1.991,0,0,0,0
ENSEMBL:ENSG00000226380,0,0,0,0,0,0,0,0,0,0,0,0,0,0,0,0,0,0,0,1.991,0
ENSEMBL:ENSG00000276248,0,0,0,0,0,0,0,0,0,0,0,0,0,0,0,0,0,0,0,1.991,0
LINC01750,0,0,0,0,0,0,0,0,0,0,0,0,1.42,0,0,0,0,0,0,0,-1.991
NPHP3,0,0,0,0,0,0,0,0,0,0,0,0,0,0,0,0,-1.991,0,0,0,-1.499
AKR1B1,0,0,0,0,0,1.991,0,0,0,0,0,0,0,-1.931,0,0,0,0,-1.667,0,0
CRYBG1,0,0,0,0,0,-1.99,0,0,0,0,0,0,1.607,0,0,0,0,0,0,0,0
RYK,0,0,0,0,0,0,0,0,0,0,0,0,0,0,0,0,0,0,0,0,1.99
C5orf63,0,0,0,0,0,0,0,0,0,0,0,0,0,0,0,0,0,0,0,-1.99,0
ENSEMBL:ENSG00000278989,0,0,0,0,0,0,0,0,0,0,0,0,0,0,0,0,0,0,0,-1.989,0
DNAJC9,0,0,0,0,0,0,0,0,0,0,0,0,0,-1.473,0,0,0,0,0,-1.988,0
TM2D3,0,0,0,0,0,0,0,0,1.33,1.988,0,0,0,1.5,0,0,0,0,0,0,0
SEC23IP,0,0,0,0,0,0,0,0,0,0,0,0,0,0,0,0,0,0,0,0,1.987
LIFR-AS1,0,0,0,0,0,0,0,0,0,0,0,0,0,0,0,0,-1.987,0,0,-1.855,0
TXNL4B,0,0,0,0,0,0,0,0,0,0,0,0,0,0,0,0,1.987,0,0,0,0
PXDN,0,0,0,0,0,0,0,0,0,0,0,0,0,0,0,0,0,0,0,1.987,0
SLC35F6,0,0,0,0,0,0,0,0,0,0,0,0,0,0,0,0,1.986,0,0,0,0
MAP3K5,0,0,0,0,0,-1.986,0,0,0,0,0,0,0,1.695,0,0,0,0,0,0,0
FAM3C,0,0,0,0,0,0,0,0,0,0,0,0,0,0,0,0,0,0,0,1.985,1.757
POLR2J3,0,0,0,0,0,0,0,0,0,0,0,0,0,0,0,-1.985,-1.413,0,0,0,0
WRAP73,0,0,0,0,0,0,0,0,0,0,0,0,0,0,0,0,0,0,0,-1.32,1.985
SLC39A3,0,0,0,0,0,1.984,0,0,0,0,0,0,0,0,0,0,0,0,0,0,0
DDX51,0,0,0,0,0,0,0,0,0,-1.984,0,0,-1.899,-1.719,0,0,0,0,0,0,0
LINC02207,0,0,0,0,0,0,0,0,0,1.984,0,0,0,1.494,0,0,0,0,0,0,0
SOWAHC,0,1.643,0,0,0,0,0,0,0,0,0,0,0,0,0,1.984,1.832,0,0,0,0
FAM50B,0,0,0,0,0,0,0,0,0,0,0,0,0,0,0,0,1.983,0,0,0,0
SEC23A,0,0,0,0,0,-1.611,0,0,0,0,0,0,0,1.983,0,0,0,0,0,0,0
PTMS,0,0,0,0,0,0,0,0,0,0,0,0,0,0,0,1.982,0,0,0,1.569,0
DHRS11|ENSG00000278535,0,0,0,0,0,1.49,0,0,0,0,0,0,0,0,0,0,0,1.622,0,1.982,0
LRRC3B,0,0,0,0,0,0,0,0,0,0,0,0,0,0,0,0,0,0,0,0,-1.982
NSG1,0,0,0,0,0,0,0,0,0,0,0,0,0,-1.982,0,0,0,0,0,0,0
BIVM,0,0,0,0,0,0,0,0,0,0,0,0,0,0,0,0,0,0,0,-1.591,-1.982
SRM,0,0,0,0,0,0,0,0,0,-1.648,0,0,-1.485,-1.982,0,0,0,0,0,1.398,0
BEND7,0,0,0,0,0,0,0,0,0,1.789,0,0,1.37,1.982,0,0,0,0,0,0,0
DHDDS,0,0,0,0,0,0,0,0,0,0,0,0,0,0,0,0,0,0,0,-1.982,1.36
ENSEMBL:ENSG00000203644,0,0,0,0,0,0,0,0,0,1.982,0,0,0,1.771,0,0,0,0,0,0,0
ZNF720,0,0,0,0,0,0,0,0,0,0,0,0,0,0,0,0,0,0,0,-1.982,1.691
FOLR2,0,0,0,0,0,0,0,0,0,0,0,0,0,-1.982,0,0,0,0,0,0,0
LAS1L,0,0,0,0,0,0,0,0,0,0,0,0,0,-1.978,0,0,0,0,0,-1.982,0
ENSEMBL:ENSG00000287277,0,0,0,0,0,1.982,0,0,0,0,0,0,0,0,0,0,0,0,0,0,0
PLCB2,0,0,0,0,0,0,0,0,0,1.386,0,0,1.719,1.981,0,0,0,0,0,0,0
ENSEMBL:ENSG00000287823,0,0,0,0,0,0,0,0,0,0,0,0,0,0,0,0,1.981,0,0,0,0
FCER1G,0,0,0,0,0,0,0,0,0,0,0,1.931,1.783,1.981,0,0,0,0,0,0,0
POMT2,0,0,0,0,0,0,1.98,0,0,0,0,0,0,0,0,0,0,0,0,0,0
RBIS,0,0,0,0,0,0,0,0,0,0,0,0,0,0,0,-1.359,0,0,0,0,1.979
SNX5,0,0,0,0,0,0,0,0,0,0,0,0,0,0,0,0,0,0,0,0,-1.979
CAMK1,0,0,0,0,0,0,0,0,0,0,0,0,0,-1.979,0,0,0,0,0,0,0
OLIG2,0,0,0,0,0,0,0,0,0,0,0,0,0,-1.979,0,0,0,0,0,0,0
LRRN1,0,0,0,0,0,0,0,0,0,0,0,0,1.804,1.979,0,0,0,0,0,0,0
LINC01358,0,0,0,0,0,0,0,0,0,0,0,0,0,0,0,0,0,0,0,-1.979,0
BLM,0,0,0,0,0,0,0,0,0,0,0,0,-1.979,0,0,0,0,0,0,0,0
FAR1,0,-1.978,0,0,0,0,0,0,0,1.844,0,0,1.467,1.843,0,0,0,0,0,1.316,0
GGA3,0,0,0,0,0,0,0,0,0,0,0,0,0,1.938,0,0,0,0,0,0,1.978
LGALS8,0,0,0,0,0,0,0,0,0,0,0,0,1.978,0,0,0,0,0,0,0,0
MTHFD2,0,0,0,0,0,0,0,0,0,0,0,0,0,0,0,0,0,-1.978,0,0,0
LINC01505,0,0,0,0,0,1.589,1.978,0,0,0,0,0,0,0,0,0,0,0,0,0,-1.6
C2orf88,0,0,0,0,0,-1.978,0,0,1.477,0,0,0,1.964,0,0,0,0,1.896,0,0,0
ZEB1,0,0,0,0,0,0,0,0,0,1.338,0,0,0,1.978,0,-1.513,0,0,1.709,0,0
ATP8B1,0,0,0,0,0,0,0,0,0,0,0,0,0,-1.404,0,0,0,0,1.978,0,0
FBP2,0,0,0,0,0,0,0,0,0,0,0,0,0,0,0,0,0,1.978,0,0,0
GALNT7,0,0,0,0,0,0,0,0,0,0,0,0,0,1.978,0,0,0,0,0,0,0
SLC1A4,0,0,0,0,0,0,0,0,0,0,0,0,0,0,0,0,0,0,0,0,1.977
FGGY-DT,0,0,0,0,0,0,0,0,0,0,0,0,0,0,0,0,0,0,0,-1.977,0
MYCBP,0,0,0,0,0,0,0,0,0,0,0,0,1.977,1.793,0,0,0,0,0,1.372,0
ZSCAN18,0,0,0,0,0,0,0,0,0,0,0,-1.977,-1.944,0,0,0,0,0,0,0,0
CXCL10,0,0,0,0,0,0,0,0,0,-1.516,0,0,-1.45,-1.977,0,0,0,0,0,0,0
DAPK1,0,0,0,0,0,0,0,0,0,0,0,0,0,0,0,0,-1.976,0,0,0,0
MCPH1-AS1,0,0,0,0,0,0,-1.976,0,0,0,0,0,0,0,0,0,0,0,0,0,0
OAZ1,0,0,0,0,0,0,-1.975,0,0,0,0,0,1.498,0,0,0,0,0,0,0,0
IGSF8,0,0,0,0,0,0,0,0,0,0,0,0,0,-1.429,0,0,0,0,0,-1.974,0
BRI3BP,0,0,0,0,0,-1.974,0,0,0,0,0,0,0,0,0,0,0,0,0,-1.632,0
TOR1A,0,0,0,0,0,0,0,0,0,0,0,0,0,1.713,0,0,0,0,0,-1.973,0
SIGLEC16,0,0,0,0,0,0,0,0,0,0,0,0,-1.973,0,0,0,0,0,0,0,0
ENSEMBL:ENSG00000280163,0,0,0,0,0,0,0,0,0,0,0,0,-1.973,0,0,0,0,0,0,0,0
GPC1,0,0,0,0,0,0,1.973,0,0,0,0,0,0,0,0,0,0,0,0,0,0
ADAM15,0,0,0,0,0,0,0,0,0,0,0,0,0,0,0,0,0,0,1.572,1.972,0
ZNF697,0,0,0,0,0,0,0,0,0,0,0,0,0,0,0,0,0,0,0,1.972,0
MDS2,0,0,0,0,0,-1.972,0,0,0,-1.659,0,-1.317,0,0,0,0,0,0,0,0,0
SMOX,0,0,0,0,0,0,0,0,0,0,0,0,1.972,0,0,0,0,0,0,0,0
ELK4,0,0,0,0,0,-1.972,0,0,0,0,0,0,0,0,0,0,0,-1.366,0,0,0
SPIN2A,0,0,0,0,0,0,0,0,0,0,0,0,0,0,0,0,0,0,0,-1.972,0
ENSEMBL:ENSG00000272356,0,0,0,0,0,0,0,0,0,0,0,0,0,0,0,0,0,0,0,-1.972,0
ITGA2-AS1,0,0,0,0,0,0,0,0,0,0,0,0,0,0,0,0,1.637,0,0,1.972,0
VCAM1,0,0,0,0,0,0,0,0,0,0,0,0,0,0,0,0,0,0,0,1.972,0
SCAT8,0,0,0,0,0,0,0,0,0,1.382,0,0,0,1.971,0,0,0,0,0,0,0
ZBTB2,0,0,0,0,0,0,0,0,0,0,0,0,1.91,1.414,0,0,0,0,0,1.971,0
PLBD2,0,0,0,0,0,0,0,0,0,0,0,0,0,0,0,0,0,0,0,-1.97,0
COG7,0,0,0,0,0,0,0,0,0,0,0,0,0,0,0,0,0,0,0,-1.968,1.525
THAP12,0,0,0,0,0,0,0,0,0,0,0,0,0,0,0,0,0,0,0,1.968,0
PRDX3,0,0,0,0,0,0,-1.968,0,0,0,0,0,0,0,0,0,0,0,0,0,0
BRD9,0,0,0,0,0,0,0,0,0,0,0,0,0,0,0,0,0,0,0,0,1.968
THEMIS,0,0,0,0,0,-1.32,0,0,0,0,0,0,0,-1.968,0,0,0,0,0,0,0
COQ5,0,-1.395,0,0,0,0,0,0,0,0,0,0,-1.321,0,0,0,0,1.968,0,0,0
ENSEMBL:ENSG00000249186,0,0,0,0,0,0,0,0,0,0,0,0,0,-1.968,0,0,0,0,0,0,0
ZNF521,0,0,0,0,0,0,0,0,0,0,0,0,0,0,0,0,-1.451,0,0,-1.968,0
ITPRID2,0,0,0,0,0,-1.611,0,0,0,1.389,0,0,0,1.967,0,0,-1.719,0,0,0,0
ST3GAL6,0,0,0,0,0,0,0,0,0,0,0,0,0,0,0,0,0,0,0,1.967,0
C12orf43,0,0,0,0,0,0,0,0,0,0,0,0,0,0,0,0,-1.416,0,0,0,1.966
ENSEMBL:ENSG00000260604,0,0,0,0,0,0,0,0,0,0,0,0,0,0,0,0,1.581,0,0,1.966,0
YOD1,0,0,0,0,0,0,0,0,0,0,0,0,0,0,0,1.965,0,0,0,0,0
C1orf162,0,0,0,0,0,1.848,0,0,0,0,0,0,0,0,0,-1.965,0,0,0,0,0
PDK2,0,0,0,0,0,0,0,0,0,0,0,0,0,0,0,0,0,1.774,0,0,-1.965
FANCC,0,0,0,0,0,0,0,0,0,-1.965,0,0,0,-1.741,0,0,0,0,0,0,0
RRP1B,0,0,0,0,0,0,0,0,0,0,0,0,0,0,0,0,0,0,0,1.965,0
RASA1,0,0,0,0,0,-1.965,-1.609,0,0,0,0,0,0,0,0,0,0,0,0,0,0
H2AZ2,0,0,0,0,0,0,0,0,0,0,0,0,0,0,0,0,0,0,0,0,-1.964
RAP2B,0,0,0,0,0,0,1.964,0,0,0,0,0,0,0,0,0,0,0,0,0,0
NEMP2,0,0,0,0,0,0,0,0,0,0,0,0,0,-1.964,0,0,0,0,0,0,0
ENSEMBL:ENSG00000279722,0,0,0,0,0,0,0,0,0,0,0,0,0,0,0,0,0,0,0,-1.964,0
SPEF2,0,0,0,0,0,0,0,0,0,0,0,0,0,0,0,0,0,0,0,-1.964,0
THAP9-AS1,0,0,0,0,0,0,0,0,0,0,0,0,0,0,0,0,0,0,0,1.963,0
NRROS,-1.302,0,0,0,0,1.397,1.653,0,-1.963,0,0,0,0,0,0,0,0,0,0,0,0
EMC7,0,0,0,0,0,0,0,0,0,0,0,0,0,0,0,0,0,1.963,0,0,0
RPS6KA2,0,0,0,0,0,0,0,0,0,0,0,0,0,-1.817,0,0,0,1.963,0,0,0
ZFHX2-AS1,0,0,0,0,0,0,0,0,0,0,0,0,0,-1.962,0,0,0,0,0,0,0
PFDN1,0,0,0,0,0,0,0,0,0,0,0,0,-1.962,0,0,0,0,0,0,0,0
SLC16A9,0,0,0,0,0,0,0,0,0,0,0,0,0,0,0,0,1.725,0,0,1.962,-1.415
IL20RB,0,0,0,0,0,0,0,0,0,0,0,0,0,0,0,0,0,0,0,0,1.962
SLC4A4,0,0,0,0,0,0,1.962,0,0,0,0,0,0,0,0,0,0,0,0,0,0
SYNGR2,0,0,0,0,0,0,0,0,0,0,0,0,0,0,0,0,0,-1.962,0,0,0
IGF2,0,0,0,0,0,0,0,0,0,0,0,0,0,0,0,0,0,0,1.931,1.961,0
ENSEMBL:ENSG00000286646,0,0,0,0,0,0,0,0,0,0,0,0,0,1.961,0,0,0,0,0,0,0
RABEPK,0,0,0,0,0,0,0,0,0,0,0,0,0,0,0,0,0,0,0,-1.49,1.961
TAGLN,0,0,0,0,0,1.961,0,0,0,0,0,0,0,0,0,0,0,0,0,0,0
DOK5,0,0,0,0,0,0,0,0,0,0,0,0,0,0,0,0,0,0,0,0,1.96
ENSEMBL:ENSG00000289339,0,0,0,0,0,0,-1.96,0,0,0,0,0,0,0,0,0,0,0,0,0,0
PCDHB11,0,0,0,0,0,0,0,0,0,0,0,0,0,0,0,0,0,0,0,0,-1.96
NUTM2E,0,0,0,0,0,0,0,0,0,0,0,0,0,0,0,0,-1.317,0,0,-1.96,0
PMS2P1,0,0,0,0,0,0,0,0,-1.35,0,0,0,-1.865,0,0,0,0,0,0,-1.96,0
SART1,0,0,0,0,0,0,0,0,0,0,0,0,0,0,0,1.959,0,0,1.888,0,0
MYNN,0,0,0,0,0,0,0,0,0,0,0,0,0,0,0,1.958,0,0,0,0,-1.404
TCAIM,0,0,0,0,0,0,0,0,0,0,0,0,0,1.957,0,0,0,0,0,0,0
IK,0,0,0,0,0,0,0,0,0,0,0,0,1.956,1.931,0,0,0,0,0,0,0
CARD16,0,0,0,0,0,0,0,0,0,0,0,0,1.621,1.956,0,0,0,0,0,0,0
NT5E,0,0,0,0,0,-1.743,-1.956,0,0,0,0,0,0,0,0,0,0,0,0,0,0
C19orf84,0,0,0,0,0,1.728,1.956,0,0,0,0,0,0,0,0,0,0,0,0,0,0
RAB11FIP2,0,0,0,0,0,0,-1.956,0,0,0,0,0,0,0,0,0,0,0,0,0,0
NDUFS4,0,0,0,0,0,0,0,0,0,0,0,0,0,-1.426,0,0,0,1.956,0,0,1.458
VRK1,0,0,0,0,0,0,0,0,0,0,0,0,-1.621,0,0,0,-1.629,0,0,-1.956,0
ARIH2OS,0,0,0,0,0,0,0,0,0,0,0,0,0,0,0,0,0,0,-1.956,0,0
PCAT7,0,0,0,0,0,0,0,0,0,0,0,0,0,0,0,0,1.955,1.941,0,-1.7,0
PRPS1P2,0,0,0,0,0,0,0,0,0,0,0,0,0,0,0,1.955,0,0,0,0,0
SAP30L,0,0,0,0,0,0,0,0,0,0,0,0,0,0,0,0,0,0,0,-1.954,0
ZNF622,0,0,0,0,0,0,1.483,0,0,0,0,0,0,0,0,0,0,0,0,1.954,0
PEX16,0,0,0,0,0,0,0,0,0,0,0,0,0,0,0,0,0,0,0,-1.954,0
MRPL9,0,0,0,0,0,0,0,0,0,-1.515,0,0,0,-1.954,0,0,0,0,0,0,0
TTC39C,0,0,0,0,0,0,0,0,0,-1.953,0,0,0,-1.582,0,0,0,0,0,0,0
ENSEMBL:ENSG00000263624,0,0,0,0,0,0,0,0,0,0,0,0,0,-1.952,0,0,0,0,0,0,0
GREB1,0,0,0,0,0,0,0,0,0,0,0,0,0,0,0,0,1.344,0,0,-1.952,0
ENSEMBL:ENSG00000226849,0,0,0,0,0,0,0,0,0,0,0,0,0,0,0,0,0,0,0,-1.952,0
MFSD11,0,0,0,0,0,0,0,0,0,0,0,0,0,0,0,0,0,0,0,-1.951,0
ENSEMBL:ENSG00000260948,0,0,0,0,0,0,0,0,0,0,0,0,0,0,0,0,0,0,0,-1.951,0
ZNF557,0,0,0,0,0,0,0,0,0,0,0,-1.951,-1.771,0,0,0,0,0,0,0,0
NBPF8,0,0,0,0,0,-1.662,0,0,0,0,0,-1.951,0,0,0,0,0,0,0,0,0
NEK1,0,0,0,0,0,0,0,0,0,0,0,0,0,0,0,0,0,0,-1.95,0,0
PDCD6,0,0,0,0,0,-1.344,0,-1.95,0,0,0,0,0,0,0,0,0,0,0,0,0
UQCRC1,0,0,0,0,0,1.95,0,0,0,0,0,0,0,0,0,0,0,1.776,-1.842,0,0
CHERP,0,0,0,0,0,0,0,0,0,0,0,0,0,1.724,0,0,0,-1.673,0,0,-1.95
ENSEMBL:ENSG00000230910,0,0,0,0,0,0,0,0,0,0,0,0,0,0,0,0,0,0,0,0,1.949
ACAT1,0,0,0,0,0,0,0,0,0,0,0,0,0,0,0,0,0,1.448,0,1.949,0
ENSEMBL:ENSG00000275367,0,0,0,0,0,0,0,0,0,0,0,0,0,0,0,0,-1.614,0,0,-1.948,0
YIPF5,0,-1.948,0,0,0,0,0,0,0,0,0,0,0,0,0,0,0,0,0,-1.829,0
PIN1,0,1.948,0,0,0,1.62,0,0,0,0,0,0,0,0,0,0,0,0,0,-1.597,0
TSPAN14,0,0,0,0,0,0,0,0,0,0,0,0,0,0,0,0,1.948,0,0,1.803,0
HDAC7,0,1.947,0,0,0,0,0,0,0,0,0,0,0,0,0,0,-1.444,0,0,-1.581,0
STAMBPL1,0,1.947,0,0,0,0,1.47,0,0,0,0,0,0,0,0,0,0,0,0,0,0
FRYL,0,0,0,0,0,0,0,0,0,0,0,0,0,0,0,0,0,0,0,1.947,0
ZNF786,0,0,0,0,0,0,0,0,0,0,0,0,0,0,0,0,0,0,0,-1.947,0
NREP,0,0,0,0,0,0,0,0,-1.642,0,0,0,-1.883,-1.947,0,0,0,0,0,0,0
DDAH2,0,0,0,0,0,0,0,0,0,0,0,0,1.947,0,0,0,0,0,0,0,0
ZNF45,0,0,0,0,0,0,0,0,0,0,0,0,0,0,0,0,0,0,0,-1.947,0
WASF3,0,1.946,0,0,0,0,0,0,0,0,0,0,0,0,0,0,0,0,0,0,0
OST4,0,0,0,0,0,0,-1.518,0,0,0,0,0,0,0,0,-1.946,0,0,0,1.45,0
VPS28,0,0,0,0,0,0,0,0,0,0,0,0,0,0,0,0,0,1.946,0,0,0
SLC2A4,0,0,0,0,0,0,0,0,0,0,0,0,0,0,0,0,0,1.944,1.323,0,0
TSEN2,0,0,0,0,0,0,0,0,0,0,0,0,0,0,0,0,0,0,0,-1.944,0
SYTL4,0,0,0,0,0,0,0,0,0,0,0,0,1.568,0,0,1.944,0,0,1.622,0,0
CNGA1,0,0,0,0,0,0,0,0,0,0,0,0,0,0,0,0,0,0,0,-1.944,0
UCKL1,0,0,0,0,0,0,0,0,0,0,0,0,0,-1.44,0,0,0,0,0,0,-1.944
SMYD1,0,0,0,0,0,0,0,0,0,0,0,0,0,0,0,0,0,0,-1.943,0,0
ACP3,0,0,0,0,0,-1.888,-1.943,0,0,0,0,0,0,1.421,0,0,0,0,0,0,0
DCST2,0,0,0,0,0,0,0,0,0,0,0,0,1.943,0,0,0,0,0,0,0,0
PLBD1-AS1,0,0,0,0,0,0,0,0,0,0,0,0,0,1.943,0,0,0,1.304,0,0,1.335
STAT5A,0,0,0,0,0,0,0,0,0,0,0,0,1.753,1.943,0,0,0,0,0,0,0
CHMP5,0,0,0,0,0,0,0,0,0,0,0,0,1.821,1.943,0,0,0,0,0,0,0
PIP4K2B,0,0,0,0,0,0,0,0,0,0,0,0,0,0,0,0,0,0,0,0,-1.942
KLHL18,0,0,0,0,0,0,0,0,0,0,0,0,0,1.322,0,0,0,0,0,0,1.941
TNFRSF19,0,0,0,0,0,0,0,0,0,0,0,0,0,0,0,0,0,0,0,0,1.941
ENSEMBL:ENSG00000284431,0,0,0,0,0,0,0,0,0,0,0,0,0,0,0,0,0,0,0,-1.941,0
MIX23,0,0,0,0,0,0,0,0,0,0,0,0,-1.593,0,0,0,0,1.941,0,0,0
TOMM7,0,0,0,0,0,0,0,0,0,-1.682,0,0,0,-1.941,0,0,0,0,0,0,0
MRPL3,0,0,0,0,0,0,0,0,0,0,0,0,0,0,0,0,0,0,0,0,1.94
ZBTB20-AS1,0,0,0,0,0,0,1.94,0,0,0,0,0,0,0,0,0,0,0,0,0,0
ANKIB1,0,0,0,0,0,0,0,0,0,0,0,0,0,0,0,0,0,0,0,0,1.94
PEX11B,0,0,0,0,0,0,0,0,-1.469,0,0,0,-1.53,0,0,0,0,0,0,-1.94,0
ADH1C,0,0,0,0,0,0,0,0,0,0,0,0,0,0,0,0,-1.306,0,0,0,-1.939
PGPEP1L,0,0,0,0,0,0,0,0,0,0,0,0,0,0,0,0,0,0,0,1.939,0
ENSEMBL:ENSG00000272140,0,0,0,0,0,0,0,0,0,0,0,0,0,0,0,0,0,0,0,-1.938,0
RNF207,0,0,0,0,0,0,0,0,0,0,0,0,0,0,0,0,0,0,0,-1.938,0
TPMT,0,0,0,0,0,0,0,0,0,0,0,0,0,0,0,0,0,1.938,-1.84,0,0
MMUT,0,0,0,0,0,0,0,0,0,0,0,0,0,0,0,0,0,1.938,0,0,0
ARHGAP31,0,0,0,0,0,0,0,0,0,0,0,0,0,0,0,0,1.925,0,1.938,0,0
TLL1,0,0,0,0,0,0,0,0,0,0,0,0,0,0,0,0,-1.938,0,0,0,0
SNPH,0,0,0,0,0,0,0,0,0,-1.48,0,0,0,-1.937,0,0,0,0,0,-1.822,0
HLA-DRB1,0,0,0,0,0,0,0,0,0,0,0,0,-1.352,-1.937,0,0,0,0,1.433,0,0
NFKB2,0,0,0,0,0,0,0,0,0,0,0,0,0,0,0,1.913,0,0,0,0,1.937
MAGEH1,0,0,0,0,0,0,0,0,0,0,0,0,0,0,0,0,0,0,0,0,1.937
APLN,0,0,0,0,0,0,0,0,0,0,0,0,0,0,0,0,0,0,0,1.937,1.605
LZTS1,0,0,0,0,0,0,0,0,0,0,0,0,0,0,0,-1.937,0,0,-1.751,0,0
ANP32B,0,0,0,0,0,0,0,0,0,0,0,0,0,-1.85,0,0,0,0,0,0,-1.936
CDK20,0,0,0,0,0,0,0,0,0,0,0,-1.409,-1.711,0,0,0,0,0,0,-1.936,0
OLFM2,0,0,0,0,0,0,0,0,0,0,0,0,0,-1.936,0,0,0,0,0,0,0
RIDA,0,0,0,0,0,0,0,0,0,0,0,0,0,0,0,0,0,0,-1.936,0,0
ENSEMBL:ENSG00000288882,0,0,0,0,0,0,0,0,0,0,0,0,1.935,0,0,0,0,0,0,0,0
IRF6,0,0,0,0,0,1.935,0,0,0,0,0,0,0,0,0,0,0,0,0,0,0
MIS18BP1,0,0,0,0,0,-1.935,0,0,0,1.423,0,0,0,0,0,0,0,0,0,0,0
EID2B,0,0,0,0,0,0,0,0,0,0,0,0,0,0,0,0,0,0,0,-1.935,0
C16orf86,0,1.315,0,0,0,0,0,0,0,0,0,0,0,0,0,0,0,0,0,-1.935,0
ENSEMBL:ENSG00000273230,0,0,0,0,0,0,0,0,0,0,0,0,0,0,0,0,0,0,0,-1.935,0
BUD13,0,-1.935,0,0,0,0,0,0,0,0,0,0,0,0,0,0,0,0,0,0,-1.627
ADCK2,0,0,0,0,0,0,1.934,0,0,-1.334,0,0,0,-1.916,0,0,-1.391,0,0,-1.899,0
MEG3,0,0,0,0,0,0,1.934,0,0,0,0,0,0,0,0,0,0,0,0,0,0
RSU1,0,0,0,0,0,0,0,0,0,0,0,0,1.934,0,0,0,0,0,0,0,0
CTSV,0,0,0,0,0,0,1.934,0,0,0,0,0,0,0,0,0,0,0,0,0,0
SQOR,0,0,0,0,0,0,0,0,0,0,0,0,1.553,1.933,0,0,0,0,0,0,0
CHRNB1,0,0,0,0,0,0,0,0,0,0,0,0,0,0,0,0,0,0,0,0,1.933
SUMO3,0,0,0,0,0,0,0,0,0,0,0,0,0,-1.933,0,0,0,0,0,0,0
ARHGAP44,0,0,0,0,0,0,0,0,0,0,0,0,0,0,0,0,0,0,0,0,-1.932
C6orf163,0,0,0,0,0,0,0,0,0,0,0,0,0,0,0,0,0,0,0,-1.932,0
USP37,0,0,0,0,0,0,0,0,0,0,0,0,0,0,0,0,1.629,0,0,1.932,0
TRAK1,0,0,0,0,0,-1.352,0,0,0,0,0,0,0,0,0,0,0,0,0,0,1.932
CMPK2,0,0,0,0,0,0,0,0,0,0,0,0,0,0,0,0,0,0,0,-1.931,0
POC1B,0,0,0,0,0,-1.931,0,0,0,0,0,0,0,0,0,0,0,0,0,0,-1.747
VPS13B,0,0,0,0,0,-1.931,0,0,0,0,0,0,0,0,0,0,0,0,0,0,0
THTPA,0,0,0,0,0,0,0,0,0,0,0,0,0,0,0,0,0,0,0,0,1.93
SLC47A1,0,0,0,0,0,0,0,0,0,0,0,0,0,0,0,0,1.93,1.771,0,0,0
ENSEMBL:ENSG00000260170,0,0,0,0,0,-1.447,-1.93,0,0,0,0,0,0,0,0,0,0,0,0,0,0
CMC4,0,0,0,0,0,0,0,0,0,0,0,0,0,0,0,0,0,1.31,0,1.93,0
ENSEMBL:ENSG00000273203,0,0,0,0,0,0,0,0,0,0,0,0,-1.93,0,0,0,0,0,0,0,0
MRPS6,0,0,0,0,0,0,1.413,0,0,0,0,1.929,0,0,0,0,0,0,0,0,0
ENSEMBL:ENSG00000254539,0,0,0,0,0,0,0,0,0,0,0,0,0,0,0,0,0,0,0,1.929,0
LINC01137,0,0,0,0,0,0,0,0,0,0,0,0,0,0,0,0,0,0,0,-1.929,0
PDCD1LG2,0,0,0,0,0,0,0,0,0,0,0,0,0,0,0,0,0,0,0,-1.929,0
CGB7,0,0,0,0,0,0,0,0,0,0,0,0,0,0,0,0,0,0,0,-1.929,1.731
ENSEMBL:ENSG00000238009,0,0,0,0,0,0,0,0,0,0,0,0,0,1.928,0,0,0,0,0,0,0
EPHX2,0,0,0,0,0,0,0,0,0,0,0,0,0,-1.928,0,0,0,0,0,-1.76,0
CDC20P1,0,0,0,0,0,0,0,0,0,0,0,0,0,0,0,0,0,0,0,-1.928,0
ENSEMBL:ENSG00000278867,0,0,0,0,0,0,0,0,0,0,0,0,0,0,0,0,0,0,0,-1.928,0
GSTK1,0,0,0,0,0,0,0,0,0,-1.797,0,0,0,0,0,0,0,1.928,0,0,0
MRPS26,0,0,0,0,0,0,0,0,0,0,0,0,0,0,0,0,0,1.927,0,0,1.418
SHFL,0,0,0,0,0,0,1.927,0,0,0,0,0,0,0,0,0,0,0,0,0,0
MYO19,0,0,0,0,0,0,0,0,0,0,0,0,0,0,0,0,0,1.927,0,0,1.676
FH,0,0,0,0,0,0,0,0,-1.627,-1.927,0,0,0,-1.739,0,0,0,1.804,0,0,0
IMP4,0,0,0,0,0,0,0,0,0,-1.927,0,0,-1.5,-1.849,0,0,0,0,0,0,1.362
TMEM167A,0,0,0,0,0,0,0,0,0,0,0,0,0,1.818,0,0,0,0,0,0,1.926
ENSEMBL:ENSG00000214135,0,0,0,0,0,-1.381,0,0,0,0,0,0,0,0,0,0,0,0,1.506,1.926,0
TMEM150C,0,0,0,0,0,0,0,0,0,0,0,0,0,0,0,0,-1.61,0,0,-1.926,0
SLC35A3,0,0,0,0,0,0,0,0,0,0,0,0,0,0,0,0,0,0,0,-1.926,1.434
MCM9,0,0,0,0,0,0,0,0,0,0,0,-1.691,0,-1.926,0,0,0,0,1.587,0,0
ENSEMBL:ENSG00000286689,0,0,0,0,0,0,0,0,0,0,0,0,0,0,0,0,0,1.925,0,0,0
ZSCAN26,0,0,0,0,0,0,0,0,0,0,0,0,0,0,0,0,0,0,0,-1.925,0
ARHGAP15,0,0,0,0,0,0,0,0,0,0,0,0,0,1.925,0,0,0,0,0,0,0
SLC5A1,0,0,0,0,0,0,0,0,0,0,0,0,0,0,0,0,0,0,0,0,-1.925
PHAX,0,0,0,0,0,0,0,0,-1.348,0,0,0,-1.925,0,0,0,0,0,0,0,0
MYOF,0,0,0,0,0,0,0,0,0,0,0,-1.9,-1.924,0,0,0,0,0,0,0,0
TBCE,0,0,0,0,0,0,0,0,0,0,0,0,0,0,0,0,1.614,1.924,0,1.558,0
CWC27,0,0,0,0,0,0,0,0,0,0,0,0,0,0,0,0,0,1.924,0,0,0
UBE2Q2,0,0,0,0,0,0,0,0,0,0,0,0,0,0,0,0,0,0,0,0,1.924
PRR29,0,0,0,0,0,1.923,1.885,0,0,0,0,0,0,0,0,0,0,0,0,0,0
SEMA7A,0,0,0,0,0,-1.923,0,0,0,0,0,0,0,0,0,1.522,0,0,0,-1.813,0
P2RX7,0,0,0,0,0,0,0,0,0,0,0,0,0,0,0,0,-1.608,0,0,-1.923,0
CLEC17A,0,0,0,0,0,0,-1.922,0,0,0,0,0,0,0,0,0,0,0,0,0,0
DCAF13,0,0,0,0,0,0,0,0,-1.724,0,0,0,-1.922,0,0,0,0,0,0,1.753,1.6
RPL4P5,0,0,0,0,0,0,0,0,0,0,0,-1.922,0,0,0,0,0,0,0,0,0
SNHG7,0,0,0,0,0,0,0,0,0,0,0,0,0,0,0,0,0,-1.438,0,0,-1.922
VKORC1L1,0,0,0,0,0,0,0,0,0,0,0,0,0,0,0,0,0,0,-1.584,0,-1.922
RPP14,0,0,0,0,0,0,0,0,0,0,0,0,0,0,0,0,0,0,0,-1.78,-1.922
ELMOD3,0,0,0,0,0,1.614,0,0,0,0,0,0,0,0,0,-1.921,0,1.58,0,0,0
ENSEMBL:ENSG00000250282,0,0,0,0,0,0,0,0,0,0,0,0,0,0,0,0,0,1.921,0,0,0
SLITRK4,0,0,0,0,0,0,0,0,0,0,0,0,0,0,0,0,0,0,0,1.921,0
SPECC1L,0,0,0,0,-1.407,0,0,0,0,0,0,0,0,0,0,0,0,0,-1.921,-1.631,0
UBE3A,0,0,0,0,0,0,0,0,0,0,0,0,-1.329,0,0,0,0,0,0,0,1.921
RRN3P1,0,0,0,0,0,0,0,0,0,0,0,0,0,0,0,-1.92,0,0,-1.784,0,0
CLN3,0,0,0,0,0,1.92,0,0,0,0,0,0,0,1.587,0,-1.435,1.646,0,0,0,0
NDUFAF4,0,0,0,0,0,0,0,0,0,0,0,0,0,0,0,0,0,0,0,1.92,1.763
ENSEMBL:ENSG00000260793,0,0,0,0,0,0,0,0,-1.754,0,0,0,0,0,0,0,0,0,0,-1.92,0
ENSEMBL:ENSG00000260853,0,0,0,0,0,0,0,0,0,0,0,0,-1.92,0,0,0,0,0,0,0,0
ANOS1,0,0,0,0,0,0,0,0,0,0,0,0,0,0,0,0,0,0,0,0,-1.919
INPP4A,0,-1.681,0,0,0,0,0,0,0,0,0,0,0,0,0,0,0,0,0,0,1.919
ERP44,0,0,0,0,0,0,0,0,0,1.566,0,0,0,1.919,0,0,0,0,0,0,0
FAM76B,0,0,0,0,0,0,0,0,1.326,1.432,0,0,0,1.919,0,0,0,0,0,-1.648,0
MTRNR2L12,0,0,0,0,0,0,-1.658,0,0,0,0,0,0,0,0,0,0,0,0,1.919,0
ATXN1-AS1,0,0,0,0,0,0,0,0,0,0,0,0,0,0,0,0,0,0,0,1.918,1.359
RITA1,0,0,0,0,0,0,0,0,0,0,0,0,0,0,0,0,0,0,-1.918,0,0
COQ8B,0,0,0,0,0,0,0,0,0,0,0,0,0,0,0,0,0,0,0,-1.917,0
NPTN-IT1,0,0,0,0,0,0,0,0,0,0,0,0,0,0,0,0,0,0,0,0,1.917
FAT4,0,0,0,0,0,1.521,0,0,0,0,0,0,0,0,0,0,-1.917,0,0,-1.604,0
NAA80,0,0,0,0,0,0,0,0,-1.785,-1.656,0,0,0,0,0,0,0,0,0,-1.916,0
IL15RA,0,0,0,0,0,0,0,0,0,0,0,0,0,0,0,0,0,0,0,1.916,0
FBXL15,0,0,0,0,0,1.915,0,0,0,0,0,0,0,0,0,0,0,0,0,-1.683,0
ENSEMBL:ENSG00000249971,0,0,0,0,0,0,0,0,0,0,0,0,0,-1.915,0,0,0,0,0,0,0
AP1S1,0,0,0,0,0,0,0,0,-1.51,0,0,0,0,0,0,0,0,0,0,-1.915,0
HSD17B3,0,0,0,0,0,0,0,0,0,-1.914,0,0,0,-1.582,0,0,0,0,0,0,0
ENSEMBL:ENSG00000289371,0,0,0,0,0,0,0,0,0,0,0,0,0,0,0,0,0,0,0,-1.914,0
TATDN1,0,0,0,0,0,0,0,0,0,0,0,0,0,0,0,0,0,0,0,0,1.914
MIR210HG,0,0,0,0,0,0,0,0,0,0,0,0,0,0,0,0,-1.342,0,0,-1.914,0
C16orf91,0,0,0,0,0,0,0,0,0,0,0,0,0,0,0,0,0,0,0,1.914,0
GLP1R,0,0,0,0,0,0,1.914,0,0,0,0,0,0,0,0,0,0,0,0,0,0
BANF1,0,0,0,0,0,1.914,0,0,0,0,0,0,0,0,0,0,0,0,0,0,0
DDN,0,0,0,0,0,0,0,0,0,0,0,0,0,0,0,0,0,0,0,1.913,0
ENOX2,0,0,0,0,0,0,0,0,0,0,0,0,0,0,0,0,0,-1.912,0,0,0
ENSEMBL:ENSG00000227081,0,0,0,0,0,0,0,0,0,-1.314,0,0,0,-1.912,0,0,0,0,0,0,0
ENSEMBL:ENSG00000279059,0,0,0,0,0,0,0,0,0,0,0,0,0,0,0,0,0,0,0,-1.912,0
ENSEMBL:ENSG00000259891,0,0,0,0,0,0,0,0,0,0,0,0,0,0,0,0,0,0,1.911,0,0
AGAP10P,0,0,0,0,0,0,0,0,0,0,0,0,0,0,0,0,0,0,0,-1.911,0
TSNAXIP1,0,0,0,0,0,0,0,0,0,0,0,0,0,-1.911,0,0,0,0,0,0,0
MAP2K2,0,0,0,0,0,1.91,0,0,0,0,0,0,1.335,0,0,0,0,0,0,0,0
RNF20,0,0,0,0,0,0,0,0,0,0,0,0,0,0,0,0,0,0,-1.476,-1.91,0
KANSL1L-AS1,0,0,0,0,0,0,0,0,0,0,0,0,0,0,0,0,-1.585,0,0,-1.909,0
ENSEMBL:ENSG00000231412,0,0,0,0,0,0,0,0,0,1.909,0,0,1.536,1.818,0,0,0,0,0,0,0
FOXRED1,0,0,0,0,0,0,0,0,0,0,0,0,0,0,0,0,0,0,0,-1.909,0
OGFOD3,0,0,0,0,0,0,0,0,0,0,0,0,0,-1.909,0,0,0,0,0,0,0
ENSEMBL:ENSG00000260751,0,0,0,0,0,0,0,0,0,0,0,0,0,0,0,1.908,0,0,0,0,0
CARD8-AS1,0,0,0,0,0,0,0,0,0,0,0,0,0,1.566,0,0,1.457,0,0,1.908,0
BDNF-AS,0,0,0,0,0,0,-1.333,0,0,0,0,0,0,0,0,0,-1.908,0,0,-1.753,0
G6PC3,0,0,0,0,0,0,0,0,0,0,0,0,0,0,0,0,0,1.303,-1.665,0,1.907
SCARNA5,0,0,0,0,0,0,0,0,0,0,0,0,0,-1.907,0,0,0,0,0,0,0
FAM72A,0,0,0,0,0,0,0,0,0,-1.907,0,0,0,0,0,0,0,0,0,0,0
ZMYM6,0,0,0,0,0,0,0,0,0,0,0,0,0,0,0,0,0,0,0,-1.907,0
RHOQ,0,0,0,0,0,0,0,0,0,0,0,0,1.46,0,0,0,0,0,0,1.907,-1.732
N4BP2L2-IT2,0,0,0,0,0,0,0,0,0,0,0,0,0,0,0,0,0,0,0,0,-1.907
SCOC,0,0,0,0,0,-1.907,0,0,0,0,0,0,0,0,0,0,0,0,0,0,0
NUTF2,0,1.331,0,0,0,0,0,0,0,0,0,0,0,0,0,0,0,0,0,1.906,1.566
NCOR1,0,0,0,0,1.447,0,0,0,0,0,0,0,0,0,0,0,0,0,-1.906,0,0
VPS36,0,0,0,0,0,-1.906,0,0,0,0,0,0,0,0,0,0,0,0,0,0,0
TMSB4X,0,0,0,0,0,0,0,0,0,0,0,0,1.906,0,0,0,0,0,0,0,0
ENSEMBL:ENSG00000272909,0,0,0,0,0,0,0,0,0,0,0,0,0,0,0,0,0,0,0,0,1.906
ELMO3,0,0,0,0,0,1.905,0,0,0,0,0,0,0,0,0,0,0,0,0,0,0
FLVCR2,0,0,0,0,0,0,0,0,0,0,0,0,0,0,0,0,1.904,0,0,0,0
TMEM67,0,0,0,0,0,0,0,0,0,0,0,0,0,0,0,0,-1.904,0,0,0,0
SEPTIN2,0,0,0,0,0,0,0,0,0,0,0,0,1.904,0,0,0,0,0,0,1.608,0
SMIM1,0,0,0,0,0,-1.904,-1.764,0,0,0,0,0,0,0,0,0,0,0,0,0,0
DPP7,0,0,0,0,0,1.904,0,0,0,0,0,0,0,-1.893,0,0,0,0,0,0,0
CCR3,0,0,0,0,0,-1.904,-1.341,0,0,0,0,0,1.506,0,0,0,0,1.463,0,0,1.548
EML4,0,-1.412,0,0,0,-1.904,-1.337,0,0,0,0,0,0,0,0,0,0,0,0,0,0
LARP6,0,0,0,0,0,0,0,0,0,0,0,0,0,0,0,0,0,0,0,0,1.904
VPS4A,0,0,0,0,0,1.904,0,0,0,0,0,0,0,0,0,0,0,0,0,0,0
ARPC4,0,0,0,0,0,1.74,0,0,0,0,0,0,0,1.903,0,0,0,0,0,0,1.394
ENSEMBL:ENSG00000261094,0,0,0,0,0,0,0,0,0,0,0,0,0,1.903,0,0,0,0,0,0,0
ZBTB46,0,0,0,0,0,0,0,0,0,0,0,0,0,0,0,0,0,0,1.903,0,0
MFSD14C,0,0,0,0,0,0,0,0,0,0,0,0,0,0,0,0,0,0,1.903,0,0
SPINK6,0,0,0,0,0,0,0,0,0,0,0,0,0,-1.903,0,0,0,0,0,0,0
SPSB2,0,0,0,0,0,0,0,0,0,0,0,0,0,0,0,0,0,0,0,1.903,0
POP5,0,0,0,0,0,0,0,0,0,0,0,0,-1.902,0,0,0,0,0,0,0,0
TMEM222,0,0,0,0,0,0,0,0,0,0,0,0,0,0,0,0,0,0,0,-1.902,0
ENSEMBL:ENSG00000285756,0,0,0,0,0,-1.888,-1.856,0,0,-1.416,0,0,-1.704,-1.327,0,0,1.511,0,0,1.902,0
TMEM117,0,0,0,0,0,0,0,0,0,0,0,0,0,0,0,0,0,1.783,0,0,1.902
ENSEMBL:ENSG00000266642,0,0,0,0,0,1.684,0,0,0,0,0,1.353,1.902,0,0,0,0,0,0,0,0
ENSEMBL:ENSG00000283041,0,0,0,0,0,0,0,0,0,0,0,0,0,-1.902,0,0,0,0,0,0,0
RPLP0P6,0,0,0,0,0,0,0,0,0,0,0,0,0,-1.901,0,0,0,0,0,0,0
IL21R,0,0,0,0,0,0,0,0,0,0,0,0,-1.621,-1.901,0,0,0,0,0,0,0
SLC10A3,0,0,0,0,0,0,0,0,0,0,0,0,0,0,0,0,0,0,0,0,-1.901
MTERF3,0,0,0,0,0,0,0,0,0,0,0,0,0,0,0,0,0,0,0,1.901,0
ABHD17B,0,0,0,0,0,0,0,0,0,0,0,0,0,0,0,0,0,-1.398,0,0,-1.901
SAMD10,0,0,0,0,0,1.901,0,0,0,0,0,0,0,0,0,0,0,0,0,0,0
PSMA3-AS1,0,0,0,0,0,0,0,0,0,1.644,0,0,0,1.9,0,0,0,0,0,1.478,0
CASP4LP,0,0,0,0,0,0,0,0,0,0,0,0,0,0,0,0,-1.899,0,0,0,0
AGAP7P,0,0,0,0,0,0,0,0,0,0,0,0,0,1.899,0,0,0,0,0,0,0
CENPB,0,0,0,0,0,1.899,0,0,-1.371,0,0,0,0,-1.873,0,0,0,0,0,0,0
JMJD8,0,0,0,0,0,0,0,0,0,0,0,0,-1.899,0,0,0,0,0,0,0,0
C2CD5,0,-1.434,0,0,-1.373,0,0,0,0,0,0,0,0,1.899,0,0,0,0,1.683,-1.86,0
SKAP1-AS2,0,0,0,0,0,0,0,0,0,-1.899,0,0,0,0,0,0,0,0,0,0,0
XRCC3,0,0,0,0,0,0,0,0,0,0,0,0,0,0,0,0,-1.403,0,0,-1.898,0
NKAP,0,0,0,0,0,0,0,0,0,0,0,0,0,0,0,0,0,0,0,-1.898,0
HLF,0,0,0,0,0,0,0,0,0,0,0,0,0,0,0,0,0,0,0,-1.898,0
GK-AS1,0,0,0,0,0,-1.898,0,0,0,0,0,0,0,0,0,0,0,0,0,0,0
RTL5,0,0,0,0,0,0,0,0,1.898,0,0,0,0,0,0,0,0,0,0,0,0
ENSEMBL:ENSG00000280091,0,0,0,0,0,0,-1.898,0,0,0,0,0,0,0,0,0,0,0,0,0,0
BFAR,0,0,0,0,0,0,0,0,0,0,0,0,0,0,0,0,0,0,0,0,-1.898
NR2C2,0,0,0,0,0,-1.897,0,0,0,0,0,0,0,0,0,0,0,0,0,0,0
ENSEMBL:ENSG00000224848,0,0,0,0,0,0,0,0,0,0,0,0,0,0,0,0,0,0,0,-1.897,0
SEL1L3,0,0,0,0,0,-1.706,-1.896,0,0,-1.309,0,0,0,-1.333,0,0,0,0,0,0,0
ENSEMBL:ENSG00000281856,0,0,0,0,0,0,0,0,0,1.896,0,0,0,0,0,0,0,0,0,0,0
CD72,0,0,0,0,0,0,0,0,0,0,0,-1.357,-1.895,0,0,0,0,0,0,0,0
LRP11,0,0,0,0,0,0,0,0,0,0,0,0,0,0,0,0,0,-1.433,0,0,-1.895
ENSEMBL:ENSG00000227704,0,0,0,0,0,0,0,0,0,0,0,0,0,0,0,0,1.791,0,0,1.895,0
MCU,0,0,0,0,0,0,0,0,0,0,0,0,0,0,0,0,0,0,0,1.895,0
TNNC1,0,0,0,0,0,0,0,0,0,0,0,0,0,0,0,0,0,0,0,0,-1.894
UQCRH,0,0,0,0,0,0,0,0,0,0,0,0,0,-1.374,0,0,0,1.894,0,0,0
PTGR2,0,0,0,0,0,0,0,0,0,0,0,0,0,0,0,0,0,1.893,0,0,0
STC1,0,0,0,0,0,0,1.893,0,0,0,0,0,0,-1.614,0,0,0,0,0,0,0
CCNT2,0,0,0,0,0,-1.36,0,0,0,1.335,0,0,0,1.893,0,0,0,0,0,0,0
ENSEMBL:ENSG00000215861,0,0,0,0,0,0,0,0,0,0,0,0,0,0,0,0,0,0,0,1.893,1.604
ENSEMBL:ENSG00000261211,0,0,0,0,0,0,0,0,0,0,0,0,0,0,0,0,0,0,0,-1.893,0
CDC16,0,0,0,0,0,0,0,0,0,0,0,0,0,-1.893,0,0,0,0,0,0,0
ENSEMBL:ENSG00000289056,0,0,0,0,0,0,0,0,0,0,0,0,0,-1.893,0,0,0,0,0,0,0
SLC22A3,0,0,0,0,0,0,0,0,0,0,0,0,0,0,0,0,0,0,0,0,-1.893
MS4A2,0,0,0,0,0,-1.536,-1.892,0,0,0,0,0,0,0,0,0,0,0,0,0,0
PNKD,0,0,0,0,0,0,0,0,0,0,0,0,1.892,0,0,0,0,0,0,0,0
NUMBL,0,0,0,0,0,0,0,0,0,0,0,0,0,0,0,0,0,0,0,1.892,0
CLEC10A,0,0,0,0,0,0,0,0,-1.303,-1.892,0,0,0,-1.651,0,0,0,0,0,0,0
MBNL1-AS1,0,0,0,0,0,0,0,0,0,0,0,0,0,0,0,0,-1.44,0,0,0,-1.891
OXLD1,0,0,0,0,0,0,0,0,-1.499,0,0,0,-1.891,0,0,0,0,0,0,0,0
ZFTA,0,0,0,0,0,0,0,0,0,0,0,0,0,0,0,0,0,-1.891,0,0,0
TMEM97,0,0,0,0,0,0,0,0,0,0,0,0,0,0,0,0,0,-1.891,0,0,0
HINT1,0,1.643,0,0,0,0,0,0,0,0,0,0,0,-1.882,0,0,0,0,0,1.891,0
CCDC137,0,0,0,0,0,0,0,0,0,0,0,0,0,0,0,0,0,0,0,0,1.891
AIMP1,0,0,0,0,0,0,0,0,0,0,0,0,0,0,0,0,0,1.347,0,0,1.891
ARL3,0,0,0,0,0,0,0,0,0,0,0,0,0,1.89,0,0,0,0,0,-1.385,0
C10orf143,0,0,0,0,0,0,0,0,0,0,0,0,0,0,0,0,0,0,0,0,1.89
ZNF394,0,0,0,0,0,0,0,0,0,0,0,0,0,0,0,0,1.368,0,0,1.89,0
NUP133,0,0,0,0,0,0,0,0,0,0,0,0,0,0,0,0,0,0,0,0,-1.889
TCEA1,0,0,0,0,0,0,0,0,0,0,0,0,0,0,0,0,-1.889,0,0,0,0
CRYZL1,0,1.543,0,0,0,0,0,0,0,0,0,0,0,0,0,0,-1.309,0,0,-1.889,0
DIP2A,0,0,0,0,0,0,0,0,0,0,0,0,0,0,0,0,0,0,0,-1.827,-1.889
ENSEMBL:ENSG00000272462,0,0,0,0,0,0,0,0,0,0,0,0,0,0,0,0,0,0,0,0,-1.888
PSMB5,0,0,0,0,0,0,0,0,0,0,0,0,0,-1.888,0,0,0,0,0,1.345,0
RASGRP3,0,0,0,0,0,-1.888,-1.712,0,0,0,0,0,0,0,0,0,0,0,0,0,0
FBXW4,0,0,0,0,0,1.888,0,0,0,0,0,0,0,0,0,0,0,0,0,0,0
CCDC12,0,0,0,0,0,1.888,0,0,0,0,0,0,-1.322,0,0,0,0,0,0,0,0
EML3,0,0,0,0,0,1.888,0,0,0,0,0,0,0,0,0,0,0,0,0,0,0
NR1H3,0,0,0,0,0,1.623,0,0,0,0,0,0,0,0,0,0,-1.887,0,0,0,0
GNAO1,0,0,0,0,0,0,0,0,0,0,0,0,0,0,0,0,0,0,0,-1.887,0
RAB11FIP1P1,0,0,0,0,0,-1.887,0,0,0,0,0,0,0,0,0,0,0,-1.318,0,0,0
ARRB1,0,0,0,0,0,0,1.614,0,0,0,0,0,0,0,0,0,-1.887,0,0,0,0
ENSEMBL:ENSG00000233184,0,0,0,0,0,0,0,0,0,0,0,0,0,0,0,0,0,0,0,0,1.887
PRR7,0,0,0,0,0,1.887,0,0,0,0,0,0,0,0,0,0,0,0,0,0,0
SELENOKP3,0,0,0,0,0,0,0,0,0,0,0,0,0,0,0,0,0,0,0,0,-1.886
LINC02432,0,0,0,0,0,0,0,0,-1.886,0,0,-1.778,0,0,0,0,0,0,0,0,0
LIN7C,0,0,0,0,0,0,0,0,0,0,0,0,0,0,0,1.886,0,0,0,0,0
ENSEMBL:ENSG00000289293,0,0,0,0,0,0,0,0,0,0,0,0,0,0,0,0,-1.337,0,0,0,-1.886
RWDD2B,0,0,0,0,0,0,0,0,0,0,0,0,0,0,0,0,0,0,0,-1.886,1.313
ENSEMBL:ENSG00000286381,0,0,0,0,0,0,1.886,0,0,0,0,0,0,0,0,0,0,0,0,0,0
C5orf15,0,0,0,0,0,0,0,0,0,0,0,0,0,0,0,0,1.886,0,0,0,0
VSIG1,0,0,0,0,0,-1.885,0,0,0,0,0,0,0,0,0,0,0,0,0,0,0
EIF4E2,0,0,0,0,0,1.885,1.438,0,0,0,0,0,0,0,0,0,0,0,0,0,0
ENSEMBL:ENSG00000280194,0,0,0,0,0,1.885,1.745,0,0,0,0,0,0,0,0,0,0,0,0,0,0
PSPC1,0,0,0,0,0,0,0,0,0,0,0,-1.885,0,0,0,0,0,0,0,0,0
CD101,0,0,0,0,0,0,0,0,0,0,0,-1.885,-1.516,-1.669,0,0,0,0,0,0,0
RAC1P2,0,0,0,0,0,0,0,0,0,0,0,0,0,1.885,0,0,0,0,0,0,0
DYNLRB1,0,0,0,0,0,0,0,0,0,0,0,1.329,0,0,0,0,0,0,0,1.884,1.716
NUDT15,0,0,0,0,0,0,0,0,0,0,0,0,0,0,0,-1.884,0,0,0,0,0
KIAA0825,0,0,0,0,0,-1.884,0,0,0,0,0,0,0,0,0,0,0,0,0,0,0
PNMA1,0,0,0,0,0,0,0,0,0,0,0,0,0,0,0,0,0,0,0,0,-1.884
AOC2,0,0,0,0,0,0,0,0,0,0,0,0,0,1.884,0,0,0,0,0,0,0
ENSEMBL:ENSG00000287095,0,0,0,0,0,0,0,0,0,0,0,1.883,0,0,0,0,0,0,0,0,0
SCAND2P,0,0,0,0,0,0,0,0,0,0,0,0,0,0,0,0,0,0,0,0,1.883
B4GALNT3,0,0,0,0,0,0,0,0,0,0,0,0,0,0,0,0,0,0,0,0,-1.883
BICDL2,0,0,0,0,0,0,0,0,0,0,0,0,1.883,1.808,0,0,0,0,0,0,0
LOXHD1,0,0,0,0,0,0,0,0,1.35,0,0,0,0,1.883,0,0,0,0,0,0,0
RPS24P19,0,0,0,0,0,1.883,0,0,0,0,0,0,0,0,0,0,0,0,0,0,0
ZNF438,0,0,0,0,0,0,0,0,0,0,0,0,0,1.882,0,0,0,0,0,0,0
ITGA1,0,0,0,0,0,0,0,0,0,1.882,0,0,0,0,0,0,0,0,0,0,0
VASH1,0,0,0,0,0,0,0,0,0,0,0,0,0,0,0,0,1.882,0,0,1.458,0
ENSEMBL:ENSG00000279495,0,0,0,0,0,0,0,0,0,0,0,0,0,-1.613,0,0,0,0,1.881,0,0
PGM2L1,0,0,0,0,0,-1.58,0,0,0,0,0,0,0,0,0,0,0,0,0,0,-1.881
ENSEMBL:ENSG00000283907,0,0,0,0,0,0,0,0,0,0,0,0,-1.881,0,0,0,0,0,0,0,0
CNEP1R1,0,0,0,0,0,0,0,0,1.878,0,0,0,1.881,0,0,0,0,0,0,0,0
ENSEMBL:ENSG00000235105,0,0,0,0,0,-1.881,-1.413,0,0,0,0,0,0,0,0,0,0,0,0,0,0
IGFBP2,0,0,0,0,0,0,0,0,0,0,0,0,0,0,0,0,0,0,0,0,1.881
FMNL3,0,0,0,0,0,0,0,0,0,0,0,0,0,-1.654,0,0,0,0,0,1.881,0
SH3PXD2A,0,0,0,0,0,-1.881,0,0,0,0,0,0,0,0,0,0,0,0,-1.709,0,0
PDE5A,0,0,0,0,0,0,0,0,0,0,0,0,0,0,0,0,-1.88,0,0,0,0
ZCWPW1,0,0,0,0,0,0,0,0,0,0,0,0,0,0,0,0,0,0,0,-1.88,0
AP3S1,0,0,0,0,0,0,0,0,0,1.88,0,0,0,1.802,0,0,0,0,0,0,0
HLA-DRA,0,0,0,0,0,0,0,-1.88,0,-1.837,0,-1.438,0,-1.8,0,0,0,0,0,0,0
SORBS2,0,1.879,0,0,0,1.739,0,0,0,0,0,0,0,0,0,0,0,0,0,0,0
INPP5E,0,0,0,0,0,0,0,0,0,0,0,0,0,-1.879,0,0,0,0,0,0,-1.329
TFCP2L1,0,0,0,0,0,0,0,0,0,0,0,1.879,0,0,0,0,0,0,0,0,0
PSMB10,0,0,0,0,0,0,0,0,0,0,0,0,0,0,0,0,0,1.879,0,0,0
TNPO3,0,0,0,0,0,0,0,0,0,0,0,0,0,1.879,0,0,0,0,0,0,1.751
ELOF1,0,1.79,0,0,0,0,0,0,0,0,0,0,0,0,0,0,0,0,0,0,1.879
GRM2,0,0,0,0,0,0,0,0,0,0,0,0,0,0,0,0,0,0,0,-1.879,0
ZNF497,0,0,0,0,0,0,0,0,0,0,0,0,0,0,0,0,0,0,0,-1.879,0
ENSEMBL:ENSG00000272335,0,0,0,0,0,0,0,0,0,0,0,0,0,0,0,0,0,0,0,-1.878,0
LY6G6F,0,0,0,0,0,0,0,0,0,0,0,0,1.878,0,0,0,0,0,0,0,0
MT-ND4,0,0,0,0,0,0,0,0,0,0,0,0,0,0,0,-1.878,0,0,0,0,0
GSE1,0,0,0,0,0,0,0,0,0,0,0,0,0,0,0,0,0,0,-1.429,-1.878,1.684
TVP23C,0,0,0,0,0,0,0,0,0,0,0,0,0,0,0,0,-1.878,0,0,0,0
CD3G,0,0,0,0,0,0,0,0,0,0,0,0,0,-1.877,0,0,0,0,0,0,0
CABLES1,0,0,0,0,0,0,0,0,0,-1.877,0,0,0,0,0,0,0,0,0,0,0
NIPSNAP3B,0,0,0,0,0,0,0,0,0,0,0,0,0,0,0,0,0,0,0,1.877,0
FUT4,0,0,0,0,0,0,0,0,0,0,0,0,0,0,0,1.336,0,0,0,1.877,0
DCTN4,0,0,0,0,0,0,0,0,0,1.877,0,0,0,1.761,0,0,0,0,0,0,-1.835
ENSEMBL:ENSG00000277969,0,0,0,0,0,1.877,0,0,0,0,0,0,0,0,0,0,0,0,0,0,0
ULK2,0,0,0,0,0,0,0,0,0,0,0,-1.545,-1.876,0,0,-1.405,0,0,-1.449,0,-1.427
IFT80,0,0,0,0,0,0,0,0,0,0,0,0,0,0,0,0,0,0,0,-1.876,0
CDKN1C,0,0,0,0,0,0,0,0,-1.382,0,0,0,0,0,0,-1.817,-1.875,0,0,-1.677,-1.617
ENSEMBL:ENSG00000280046,0,0,0,0,0,0,0,0,0,0,0,0,0,0,0,0,0,0,0,-1.875,0
TEDC2-AS1,0,0,0,0,0,0,0,0,0,0,0,0,0,-1.875,0,0,0,0,0,0,0
CNPY3,0,0,0,0,0,0,0,0,0,1.453,0,0,0,1.874,0,0,0,0,0,0,0
ENSEMBL:ENSG00000188897,0,0,0,0,0,0,0,0,0,0,0,0,0,0,0,0,1.874,0,0,1.574,0
CYGB,0,0,0,0,0,0,0,0,0,0,0,0,0,0,0,0,-1.615,0,0,-1.874,0
DAGLA,0,0,0,0,0,0,0,0,0,0,0,0,0,0,0,0,0,0,0,-1.874,0
REV1,0,0,0,0,0,0,-1.324,0,0,0,0,0,0,0,0,0,0,0,0,1.874,0
CAP1P1,0,0,0,0,0,0,0,0,0,1.448,0,0,0,1.874,0,0,0,0,0,0,0
MFAP5,0,0,0,0,0,0,1.873,0,0,0,0,0,0,0,0,0,0,0,0,0,0
CDYL2,0,0,0,0,0,0,0,0,0,0,0,0,0,0,0,0,1.873,0,0,0,0
FRMPD4,0,0,0,0,0,0,0,0,0,0,0,0,0,0,0,0,0,0,0,-1.873,0
ENSEMBL:ENSG00000261338,0,0,0,0,0,0,0,0,0,1.84,0,0,0,1.873,0,0,0,0,0,0,0
ENSEMBL:ENSG00000267529,0,0,0,0,0,0,0,0,0,0,0,0,-1.759,-1.873,0,0,0,0,0,0,0
ISLR2,-1.381,0,0,0,0,0,0,0,0,0,0,0,0,0,0,-1.872,0,0,0,0,0
POLR1E,0,0,0,0,0,0,0,0,0,-1.377,0,-1.379,-1.872,-1.717,0,0,0,0,0,0,0
BCKDHB,0,0,0,0,0,0,0,0,0,0,0,0,0,0,0,0,0,1.872,0,0,-1.399
BEND2,0,0,0,0,0,-1.872,0,0,0,0,0,0,0,0,0,0,0,0,0,0,0
RBAK,0,0,0,0,0,0,0,0,0,0,0,0,0,0,0,0,0,0,-1.871,-1.652,0
METTL2B,0,0,0,0,0,0,0,0,0,0,0,0,-1.871,-1.588,0,0,0,0,0,0,0
EMSY,0,0,0,0,0,-1.871,0,0,0,0,0,0,0,0,0,0,0,0,-1.316,0,0
COPS6,0,0,0,0,0,1.871,0,0,0,0,0,0,0,0,0,0,0,0,0,0,0
MS4A8,0,0,0,0,0,0,0,0,0,0,0,0,0,0,0,0,0,0,0,-1.871,0
TRNAU1AP,0,0,0,0,0,0,0,0,0,-1.871,0,0,0,0,0,0,0,0,0,0,0
ANKRD13B,0,0,0,0,0,0,1.871,0,0,0,0,0,0,0,0,0,0,0,0,0,0
ALDH6A1,0,0,0,0,0,0,0,0,0,0,0,0,0,0,0,-1.49,0,0,0,0,-1.871
ENSEMBL:ENSG00000273554,0,0,0,0,0,0,0,0,0,0,0,0,0,0,0,0,1.871,0,0,0,0
B9D1,0,0,0,0,0,0,0,0,0,0,0,0,0,0,0,0,0,0,0,0,1.87
ILRUN,0,1.595,0,0,0,0,0,0,0,0,0,1.514,1.683,0,0,0,0,0,0,0,-1.87
GDAP2,0,0,0,0,0,0,0,0,0,1.511,0,0,0,0,0,1.87,0,0,1.747,0,0
AQP7,0,0,0,0,0,0,0,0,0,0,0,0,0,0,0,0,0,0,-1.608,-1.558,-1.87
ENSEMBL:ENSG00000279207,0,0,0,0,0,0,0,0,0,0,0,0,0,0,0,0,0,0,0,0,1.87
ENSEMBL:ENSG00000285589,0,0,0,0,0,0,0,0,0,0,0,0,0,0,0,0,0,0,0,-1.87,0
PMF1,0,0,0,0,0,0,0,0,0,0,0,0,0,0,0,0,0,1.87,0,0,0
TMEM65,0,0,0,0,0,0,0,0,0,1.587,0,0,0,1.869,0,0,0,0,0,1.632,0
ACTR3B,0,0,0,0,0,0,0,0,0,0,0,0,0,0,0,0,0,0,0,1.869,0
GLI1,0,0,0,0,0,0,0,0,1.483,1.626,0,0,0,1.869,0,0,0,0,0,0,0
ZFYVE19,0,0,0,0,0,0,1.734,0,0,0,0,0,0,0,0,0,0,1.441,-1.869,0,0
ENSEMBL:ENSG00000254910,0,0,0,0,0,0,-1.869,0,0,0,0,0,0,0,0,0,0,0,0,0,0
ZSCAN22,0,0,0,0,0,0,0,0,0,0,0,0,0,0,0,0,0,0,0,1.869,0
TMEM218,0,0,0,0,0,0,0,0,0,0,0,0,0,0,0,0,0,0,0,-1.868,0
EXT1,0,0,0,0,0,0,0,0,0,0,0,0,0,0,0,0,0,0,0,1.868,0
ENSEMBL:ENSG00000261130,0,0,0,0,0,0,0,0,0,0,0,0,0,0,0,0,0,1.868,0,0,0
CLYBL,0,0,0,0,0,0,0,0,0,0,0,0,0,-1.868,0,0,0,0,0,0,0
FTO,0,0,0,0,0,0,0,0,0,0,0,0,0,0,0,0,0,0,1.868,0,0
LINC01184,0,0,0,0,0,0,0,0,0,0,0,0,0,0,0,0,0,1.868,0,0,0
HARS1,0,0,0,0,0,1.649,0,0,0,0,0,0,0,0,0,0,0,1.868,0,0,1.336
SNAPIN,0,0,0,0,0,0,0,0,0,0,0,0,0,0,0,0,0,0,0,0,1.867
TRDN,0,0,0,0,0,0,0,0,0,0,0,0,0,0,0,0,0,0,0,0,1.867
ACRBP,0,0,0,0,0,0,0,0,0,0,0,0,1.867,0,0,0,0,0,0,0,0
DGKE,0,0,0,0,0,0,0,0,0,-1.867,0,0,0,-1.683,0,0,0,0,0,0,0
CORO1A,0,0,0,0,0,0,1.406,0,0,0,0,0,0,1.866,0,0,0,0,0,0,0
DGLUCY,0,0,0,0,0,0,0,0,0,0,0,0,1.866,1.761,0,0,0,0,0,0,0
ENSEMBL:ENSG00000287574,0,0,0,0,0,0,0,0,0,0,0,0,0,0,0,0,0,0,0,-1.866,0
AATBC,0,0,0,0,0,0,0,0,0,-1.729,0,-1.655,-1.809,-1.866,0,0,0,0,0,-1.399,0
DIO2,0,0,0,0,0,0,0,0,0,0,0,0,0,0,0,0,0,0,0,1.865,0
GFRA1,0,0,0,0,0,0,1.865,0,0,0,0,0,0,0,0,0,0,0,0,0,0
LTN1,0,0,0,0,0,-1.865,0,0,0,0,0,0,0,0,0,0,0,0,0,0,0
KAZALD1,0,0,0,0,0,0,0,0,0,0,0,0,0,0,0,0,0,0,0,0,1.865
SEC22C,0,0,0,0,0,0,0,0,0,0,0,0,0,0,0,0,1.864,0,0,0,0
SPTBN5,0,0,0,0,0,1.53,1.395,0,0,0,0,0,0,0,0,0,0,0,0,-1.864,0
PSMA3,0,0,0,0,0,0,0,0,0,0,0,0,0,0,0,0,0,0,0,1.864,1.348
MDK,0,0,0,0,0,0,1.863,0,0,0,0,0,0,0,0,0,-1.716,0,0,0,0
SCARF2,0,0,0,0,0,0,0,0,0,0,0,0,0,-1.863,0,0,0,0,0,0,0
WNT9A,0,0,0,0,0,0,0,0,0,0,0,0,0,-1.863,0,0,1.319,-1.336,0,0,0
CNTN5,0,0,0,0,0,0,0,0,0,0,0,0,0,-1.863,0,0,0,0,0,0,0
SSR2,0,0,0,0,0,0,0,0,0,0,0,0,0,0,0,1.863,0,0,0,0,0
CFAP53,0,0,0,0,0,0,0,0,0,0,0,0,0,0,0,0,0,0,0,-1.863,0
PPP2R1A,0,0,0,0,0,1.408,0,0,0,0,0,0,0,0,0,0,0,1.863,0,0,0
ZNF540,0,0,0,0,0,0,0,0,0,0,0,0,0,0,0,0,0,0,0,1.863,0
ODC1-DT,0,0,0,0,0,0,0,0,0,0,0,0,0,0,0,0,0,0,0,-1.863,0
ENSEMBL:ENSG00000215156,0,0,0,0,0,0,0,0,0,0,0,0,-1.862,0,0,0,0,0,0,0,0
NUAK1,0,0,0,0,0,1.862,1.371,0,0,0,0,1.856,0,0,0,0,0,-1.394,0,0,0
PYCR2,0,0,0,0,0,1.862,1.858,0,0,0,0,0,0,0,0,0,0,0,0,0,0
USP32P1,0,0,0,0,0,-1.862,0,0,0,0,0,0,0,0,0,0,0,0,0,0,0
ENSEMBL:ENSG00000254760,0,0,0,0,0,0,1.862,0,0,0,0,0,0,0,0,0,0,0,0,0,0
VAMP5,0,0,0,0,0,0,0,0,0,0,0,0,0,0,0,0,0,0,0,0,-1.861
EDEM3,0,0,0,0,0,-1.861,0,0,0,0,0,0,0,0,0,0,0,0,0,1.767,0
TLDC2,0,0,0,0,0,-1.861,-1.476,0,0,0,0,0,0,0,0,0,0,0,0,0,0
LINC02446,0,0,0,0,0,0,-1.551,0,0,0,0,0,0,-1.86,0,0,0,0,0,0,0
DNAJC12,0,0,0,0,0,0,0,0,0,0,0,0,0,0,0,0,0,0,0,1.86,0
ENSEMBL:ENSG00000273381,0,0,0,0,0,0,0,0,0,0,0,0,0,0,0,0,0,0,0,-1.86,0
ABRAXAS1,0,0,0,0,0,0,0,0,0,0,0,0,0,0,0,0,0,0,0,1.86,0
GADD45GIP1,0,0,0,0,0,1.698,0,0,0,0,0,0,0,-1.859,0,0,0,0,0,0,0
NT5DC1,0,0,0,0,0,0,0,0,0,0,0,0,0,0,0,0,0,0,0,-1.859,0
ANAPC16,0,0,0,0,0,0,0,0,0,0,0,0,0,0,0,0,0,0,0,0,-1.859
DENND4B,0,0,0,0,0,0,0,0,0,0,0,0,0,0,0,0,0,0,-1.439,0,1.859
TRIM9,0,0,0,0,0,0,0,0,0,0,0,0,0,0,0,0,0,0,0,1.859,0
PSMG2,0,1.395,0,0,0,0,0,0,-1.4,-1.859,0,0,0,-1.499,0,0,0,0,0,0,0
MED28,0,0,0,0,0,0,0,0,0,0,0,0,0,0,0,0,0,0,0,0,-1.857
MFSD13A,0,0,0,0,0,0,0,0,0,0,0,0,0,1.857,0,0,0,0,0,0,0
GABPA,0,0,0,0,0,0,0,0,0,1.782,0,0,0,0,0,0,0,0,0,0,-1.857
ARHGAP4,0,0,0,0,0,1.857,0,0,0,0,0,0,0,0,0,0,0,0,0,0,0
FRG1CP,0,0,0,0,0,0,0,0,0,0,0,0,0,-1.857,0,0,0,0,0,0,0
ARL6IP6,0,0,0,0,0,0,0,0,0,1.713,0,0,0,1.508,0,0,0,0,1.857,0,0
MRLN,0,0,0,0,0,0,0,0,0,0,0,0,0,0,0,0,0,0,0,1.736,-1.857
UNC93B1,0,0,0,0,0,0,0,0,0,0,0,0,0,0,0,0,-1.648,0,0,-1.856,0
CAPS2,0,0,0,0,0,0,0,0,0,0,0,0,0,0,0,0,0,0,0,0,1.856
NAAA,0,0,0,0,0,1.856,1.603,0,0,0,0,0,0,0,0,0,0,0,0,0,0
KLK11,0,0,0,0,0,-1.856,0,0,0,0,0,-1.507,-1.523,0,0,0,0,0,0,0,0
RPL41P2,0,0,0,0,0,0,-1.855,0,0,-1.317,0,0,0,-1.589,0,0,0,0,0,0,0
BAHD1,0,0,0,0,0,0,1.855,0,0,0,0,0,0,0,0,0,0,0,0,0,0
CYHR1,0,0,0,0,0,1.854,0,0,0,1.47,0,0,0,0,0,0,0,0,0,0,0
CCDC106,0,0,0,0,0,0,0,0,0,0,0,0,0,-1.854,0,0,0,0,0,-1.445,0
CD177,0,0,0,0,0,0,0,0,1.379,1.736,0,0,0,1.854,0,0,0,0,0,0,0
DHRS9,0,0,0,0,0,0,0,0,0,0,0,0,0,1.854,0,0,0,0,0,0,0
MSI2,0,1.479,0,0,0,-1.853,0,0,0,0,0,0,0,0,0,0,0,0,0,0,0
MTO1,0,0,0,0,0,0,0,0,0,0,0,0,0,0,0,0,0,1.853,0,0,1.358
GCC2,0,0,0,0,0,-1.853,0,0,0,0,0,0,0,0,0,0,0,0,0,0,1.713
PRICKLE2,0,0,0,0,0,0,0,0,0,0,0,0,0,0,0,0,1.853,0,0,1.6,0
EIF1AX,0,0,0,0,0,0,0,0,0,0,0,0,0,0,0,0,0,0,0,1.852,0
GULP1,0,0,0,0,0,0,0,0,0,0,0,0,0,0,0,0,0,0,0,0,-1.85
LAMB3,0,0,0,0,0,0,0,0,0,0,0,0,0,0,0,0,0,0,0,-1.85,0
ACP2,0,0,0,0,0,0,0,0,0,0,0,0,-1.85,0,0,0,0,0,0,0,1.515
POP7,0,0,0,0,0,0,0,0,0,-1.646,0,0,-1.849,0,0,0,0,1.421,0,0,0
TMEM177,0,0,0,0,0,0,0,0,0,-1.319,0,0,-1.41,-1.849,0,0,0,1.386,0,-1.499,1.384
HMBS,0,0,0,0,0,0,0,0,0,0,0,0,0,0,0,0,0,1.849,0,0,0
ENSEMBL:ENSG00000260404,0,0,0,0,0,0,0,0,0,0,0,0,0,0,0,0,0,0,0,-1.849,0
LINC00092,0,0,0,0,0,0,1.534,0,0,0,0,0,0,-1.848,0,0,0,0,0,0,0
TLR7,0,0,0,0,0,0,0,-1.848,-1.681,0,0,-1.387,0,0,0,0,0,0,0,0,0
TRABD,0,0,0,0,0,1.848,0,0,0,0,0,0,0,0,0,0,0,0,0,0,0
ZKSCAN1,0,0,0,0,0,0,0,0,0,0,0,0,0,0,0,0,-1.848,0,0,0,0
MON2,0,0,0,0,0,-1.848,0,0,0,0,0,0,0,0,0,0,0,0,1.514,0,0
CYP4F35P,0,0,0,0,0,0,1.848,0,0,0,0,0,0,0,0,0,0,0,0,-1.634,0
HOXC11,0,0,0,0,0,0,0,0,0,0,0,0,0,0,0,0,0,0,0,-1.848,0
TTI2,0,0,0,0,0,0,0,0,0,0,0,0,0,0,0,0,0,0,0,0,1.847
SPOCD1,0,0,0,0,0,0,0,0,0,0,0,0,1.847,0,0,0,0,0,0,0,0
PPP1CB,0,0,0,0,0,0,0,0,0,1.544,0,0,0,0,0,0,0,0,0,1.835,1.847
BTN3A3,0,0,0,0,0,0,0,0,0,-1.505,0,0,0,0,0,0,-1.847,0,0,0,0
AP3M1,0,0,0,0,0,0,0,0,0,0,0,0,0,0,0,0,0,0,0,1.846,0
ENSEMBL:ENSG00000205485,0,0,0,0,0,0,0,0,0,0,0,0,0,-1.845,0,0,0,0,0,0,0
ENSEMBL:ENSG00000287387,0,0,0,0,0,0,0,0,0,0,0,1.845,0,0,0,0,0,0,0,0,0
GKAP1,0,0,0,0,0,0,0,0,0,0,0,0,0,0,0,0,0,0,1.845,0,0
TNFRSF14-AS1,0,0,0,0,0,1.496,1.844,0,0,0,0,0,0,0,0,0,0,0,0,0,0
CLBA1,0,0,0,0,0,0,0,0,0,0,0,0,0,0,0,0,0,0,0,-1.844,0
CYP2S1,0,0,0,0,0,0,0,0,0,0,0,0,0,-1.844,0,0,0,0,0,0,0
MPND,0,0,0,0,0,1.844,1.74,0,0,0,0,0,0,0,0,0,0,0,0,0,0
TIE1,0,0,0,0,0,1.844,1.408,0,0,0,0,0,0,0,0,0,0,0,0,0,0
B3GNT8,0,0,0,0,0,0,0,0,0,0,0,0,0,1.843,0,0,0,0,0,0,0
GOSR2,0,0,0,0,0,0,0,0,0,0,0,0,0,0,0,0,0,0,0,0,1.843
SEC62,0,-1.602,0,0,0,0,0,0,0,0,0,0,0,0,0,0,0,0,-1.843,1.363,0
UTP18,0,0,0,0,0,0,0,0,0,0,0,0,0,0,0,0,0,0,0,1.843,0
SLC1A5,0,0,0,0,0,0,0,0,0,0,0,0,0,-1.843,0,0,0,0,0,0,0
GABPB1-AS1,0,0,0,0,0,0,-1.843,0,0,0,0,0,-1.668,0,0,0,0,0,0,0,0
SPCS3,0,0,0,0,0,0,0,0,0,0,0,0,0,0,0,0,0,0,0,1.843,1.596
ABCB6,0,0,0,0,0,0,0,0,0,0,0,0,0,0,0,0,0,0,0,-1.842,0
SH3BGR,0,0,0,0,0,0,0,0,0,0,0,0,0,0,0,0,0,0,-1.629,1.842,0
ENSEMBL:ENSG00000260316,0,0,0,0,0,0,0,0,0,0,0,0,0,0,0,0,0,0,0,-1.842,0
RPS23P8,0,0,0,0,0,0,0,0,0,0,0,0,0,-1.842,0,0,0,0,0,0,0
ANKRD27,0,0,0,0,0,0,0,0,0,0,0,0,1.315,1.842,0,0,0,-1.548,0,0,0
PCDHGB5,0,0,0,0,0,0,1.841,0,0,0,0,0,0,0,0,0,0,0,0,0,0
ENSEMBL:ENSG00000272638,0,0,0,0,0,1.841,0,0,0,0,0,0,0,0,0,0,0,0,0,1.399,0
ADORA3,0,0,0,0,0,0,0,0,0,-1.494,0,0,0,-1.84,0,0,0,0,0,0,0
SLC7A5P2,0,0,0,0,0,1.84,0,0,0,0,0,0,0,0,0,0,0,0,0,0,0
KCTD15,0,0,0,0,0,0,0,0,0,0,0,0,0,0,0,0,1.84,0,0,1.59,0
ANKRD52,0,0,0,0,0,0,1.358,0,0,0,0,0,0,0,0,0,0,0,0,0,1.84
MST1R,0,0,0,0,0,0,0,0,0,0,0,0,0,0,0,0,0,0,0,-1.839,0
CACNG8,0,0,0,0,0,0,0,0,0,-1.51,0,0,0,-1.839,0,0,-1.393,0,0,0,0
NELFB,0,0,0,0,0,1.839,1.636,0,0,0,0,0,0,0,0,0,0,0,0,0,0
SLC5A6,0,0,0,0,0,0,0,0,0,0,0,0,0,0,0,0,0,1.693,0,0,1.839
DYNC2I1,0,0,0,0,0,0,0,0,0,-1.838,0,0,0,-1.432,0,0,0,1.448,0,0,0
ENSEMBL:ENSG00000230606,0,0,0,0,0,0,0,0,0,0,0,0,-1.683,0,0,0,0,0,0,1.838,0
C19orf54,0,0,0,0,0,0,0,0,0,0,0,0,0,0,0,0,0,0,0,-1.838,1.643
BCAT1,0,0,0,0,0,0,0,0,0,1.837,0,0,0,1.431,0,0,0,0,0,0,0
MFSD2B,0,0,0,0,0,-1.837,0,0,0,0,0,0,0,0,0,0,0,0,0,0,0
ENSEMBL:ENSG00000235560,0,0,0,0,0,0,0,0,0,0,0,0,0,0,0,0,1.837,0,0,0,0
NOL8,0,0,0,0,0,0,0,0,0,0,0,0,0,0,0,-1.424,0,0,-1.837,0,0
MYO5A,0,0,0,0,0,0,0,0,0,1.487,0,0,0,1.837,0,0,1.539,0,0,1.405,0
LDAF1,0,0,0,0,0,0,0,0,0,0,0,0,0,0,0,0,0,0,0,0,-1.837
C14orf132,0,0,0,0,0,0,0,0,0,0,0,0,0,0,0,0,0,0,0,1.836,0
CCL3|ENSG00000274221,0,0,0,0,0,0,0,0,0,0,0,0,-1.836,0,0,0,0,0,0,0,0
SERBP1P1,0,0,0,0,0,0,0,0,0,0,0,0,0,0,0,0,1.325,0,0,1.835,0
C1orf54,0,0,0,0,0,0,0,0,0,0,0,0,0,0,0,0,1.835,0,0,0,0
ZNF691,0,0,0,0,0,0,0,0,-1.835,0,0,0,0,0,0,1.547,0,0,0,0,0
CYBA,0,0,0,0,0,1.645,0,0,0,0,0,0,0,1.835,0,0,0,0,0,0,0
SPPL3,0,0,0,0,0,0,0,0,0,0,0,0,0,0,0,0,0,0,0,0,-1.834
ENSEMBL:ENSG00000259976,0,0,0,0,0,0,0,0,0,0,0,0,0,0,0,0,0,-1.834,0,1.794,0
ZNF547,0,0,0,0,0,0,0,0,0,0,0,0,0,0,0,1.833,0,0,0,0,0
REL,0,0,0,0,0,0,0,0,0,0,0,0,0,0,0,1.833,0,0,0,0,0
ZNF322,0,0,0,0,0,0,0,0,0,0,0,0,0,0,0,1.833,0,0,0,0,0
TBC1D2,0,0,0,0,0,0,0,0,0,0,0,0,1.832,1.601,0,0,0,0,0,-1.617,0
ALDH16A1,0,0,0,0,0,0,0,0,0,0,0,0,-1.815,-1.832,0,0,0,0,0,0,0
GOLGA6C,0,0,0,0,0,0,0,0,0,0,0,0,0,0,0,0,0,1.831,0,0,0
ASPH,0,0,0,0,0,-1.805,0,0,0,0,0,0,0,1.533,0,0,-1.831,0,0,-1.783,0
GVINP1,0,0,0,0,0,0,-1.831,0,0,0,0,0,0,0,0,0,0,0,0,0,0
ENSEMBL:ENSG00000279792,0,0,0,0,0,0,0,0,0,0,0,0,0,0,0,0,0,0,0,-1.83,0
C20orf96,0,0,0,0,0,0,0,0,0,0,0,0,0,0,0,0,0,0,0,-1.83,0
SHROOM1,0,1.83,0,0,0,0,0,0,0,0,0,0,0,0,0,1.419,0,0,0,0,0
TSTD3,0,0,0,0,0,0,0,0,0,0,0,0,0,0,0,0,-1.754,0,0,-1.83,1.592
NAA35,0,0,0,0,0,0,0,0,0,0,0,0,0,0,0,0,0,0,0,0,1.829
C1orf50,0,1.829,0,0,0,0,0,0,-1.4,0,0,0,0,0,0,0,0,0,0,0,0
ADSS2,0,1.829,0,0,0,0,0,0,0,0,0,0,0,0,0,0,0,0,0,0,0
HOXC8,0,0,0,0,0,0,0,0,0,0,0,0,0,0,0,0,0,0,0,-1.829,0
SMC4,0,0,0,0,0,-1.829,0,0,0,0,0,0,0,0,0,0,0,0,0,0,0
HTR7P1,0,0,0,0,0,0,0,0,0,0,0,0,0,0,0,0,-1.558,0,0,-1.829,0
UTS2R,0,0,0,0,0,0,0,0,0,0,0,0,0,0,0,0,0,0,0,1.828,0
PRUNE2,0,0,0,0,0,0,0,0,0,0,0,0,0,0,0,0,0,0,0,0,1.828
PRSS40A,0,0,0,0,0,0,1.828,0,0,0,0,0,0,0,0,0,0,0,0,0,0
TAF5,0,0,0,0,0,0,0,0,0,0,0,0,0,0,0,0,0,0,1.828,0,0
UST,0,0,0,0,0,0,0,0,0,0,0,0,0,0,0,0,0,0,0,1.827,0
TRMT2B,0,0,0,0,0,0,0,0,0,-1.827,0,0,0,-1.754,0,0,0,0,0,-1.827,0
TTC3,0,0,0,0,0,0,0,0,0,0,0,0,0,-1.827,0,0,0,0,0,0,0
CDHR1,0,0,0,0,0,1.827,1.493,0,0,0,0,0,0,0,0,0,0,0,0,0,0
DNASE1L1,0,0,0,0,0,0,0,0,0,0,0,0,0,0,0,0,0,0,0,0,-1.827
USP25,0,0,0,0,0,0,0,0,0,0,0,0,1.594,0,0,0,0,0,0,0,-1.826
LINC01160,0,0,0,0,0,0,0,0,0,1.826,0,0,0,1.435,0,0,0,0,0,0,0
ZNF662,0,0,0,0,0,0,0,0,0,0,0,0,-1.826,-1.381,0,0,0,0,0,0,0
MLST8,0,0,0,0,0,0,0,0,0,0,0,0,-1.826,0,0,0,0,0,0,0,0
ZNF22-AS1,0,0,0,0,0,0,0,0,0,0,0,0,0,-1.826,0,0,0,0,0,0,0
WDR13,0,0,0,0,0,0,0,0,0,0,0,0,0,1.826,0,0,0,0,0,0,0
LANCL3,0,0,0,0,0,0,0,0,0,0,0,0,0,0,0,0,0,0,0,-1.826,0
PKMP1,0,0,0,0,0,0,0,0,0,0,0,0,0,0,0,0,0,0,0,-1.826,0
BTF3L4,0,0,0,0,0,0,0,0,0,0,0,0,0,0,0,0,0,0,0,1.825,0
ISCA1P1,0,0,0,0,0,0,0,0,0,0,0,0,0,0,0,0,0,0,0,1.825,0
RBMS3,0,0,0,0,0,0,0,0,0,0,0,0,0,0,0,0,-1.825,0,0,0,0
FLJ20021,0,0,0,0,0,0,0,0,0,0,0,0,0,0,0,0,0,0,0,-1.824,-1.485
ENSEMBL:ENSG00000289100,0,0,0,0,0,1.824,0,0,0,0,0,1.665,0,0,0,0,0,0,0,0,0
ENSEMBL:ENSG00000261732,0,0,0,0,0,0,0,0,0,0,0,0,0,-1.823,0,0,0,0,0,0,0
SEC31B,0,0,0,0,0,0,0,0,0,0,0,0,0,-1.427,0,0,0,0,0,0,-1.823
TMEM161A,0,0,0,0,0,0,0,0,0,-1.823,0,0,0,-1.692,0,0,0,0,0,0,0
ZNF426,0,0,0,0,0,0,0,0,0,0,0,0,-1.396,0,0,0,0,0,0,0,-1.823
PCDHGC5,0,0,0,0,0,0,0,0,0,0,0,0,0,0,0,0,0,0,0,0,-1.823
TXLNGY,0,0,0,0,0,0,0,0,0,0,0,0,0,-1.589,0,0,0,-1.602,0,-1.823,0
ENSEMBL:ENSG00000245281,0,0,0,0,0,0,0,0,0,0,0,0,0,0,0,0,1.823,0,0,0,0
ENSEMBL:ENSG00000260618,0,0,0,0,0,0,0,0,0,0,0,0,0,0,0,0,-1.823,0,0,0,0
COX4I1,0,0,0,0,0,1.312,0,0,0,0,0,0,0,0,0,0,0,1.822,0,0,0
GINS2,0,0,0,0,0,0,0,0,0,0,0,0,0,0,0,0,0,0,0,-1.685,-1.822
KAT8,0,0,0,0,0,0,0,0,0,0,0,0,0,0,0,0,0,0,0,-1.822,0
MTMR9,0,0,0,0,0,0,0,0,0,0,0,0,0,0,0,0,0,0,0,1.821,0
ANKAR,0,0,0,0,0,0,0,0,0,0,0,0,0,0,0,0,0,0,0,-1.821,0
ZP3,0,0,0,0,0,0,0,0,0,0,0,0,0,0,0,-1.821,0,0,0,0,0
LINC00899,0,0,0,0,0,0,0,0,0,0,0,0,0,0,0,0,0,0,0,-1.821,0
ZNF296,0,0,0,0,0,0,0,0,0,0,0,0,-1.821,0,0,0,0,0,0,0,0
NUP43,0,0,0,0,0,0,0,0,0,0,0,0,0,-1.821,0,0,0,0,0,0,0
PAQR7,0,0,0,0,0,0,0,0,0,0,0,0,0,0,0,0,0,0,0,0,1.821
HMGB3,0,0,0,0,0,0,0,0,0,0,0,0,0,0,0,0,0,0,0,1.821,0
PIGO,0,0,0,0,0,0,0,0,-1.474,0,0,0,-1.82,0,0,0,0,1.448,0,0,0
FBXO21,0,0,0,0,0,0,0,0,0,-1.556,0,0,-1.82,-1.379,0,0,0,0,0,0,0
CHRDL1,0,0,0,0,0,0,0,0,0,0,0,0,-1.82,0,0,0,0,0,0,0,0
RUNX2,0,0,0,0,0,-1.82,0,0,0,0,0,0,0,0,0,0,0,0,0,0,0
CCDC17,0,0,0,0,0,0,0,0,0,0,0,0,0,0,0,0,0,0,0,-1.819,0
PHYHD1,0,0,0,0,0,0,1.541,0,0,0,0,0,0,0,0,-1.819,0,0,0,0,0
TM7SF3,0,0,0,0,0,0,0,0,0,0,0,0,0,0,0,0,0,0,0,-1.819,0
NBEA,0,0,0,0,0,0,0,0,0,0,0,0,0,0,0,0,0,0,0,0,1.818
BCAS3,0,0,0,0,0,0,0,0,0,0,0,0,0,0,0,-1.816,0,0,0,1.654,0
UGT3A1,0,0,0,0,0,0,0,0,0,0,0,0,0,0,0,0,0,0,0,-1.815,-1.632
MTCL1,0,0,0,0,0,0,0,0,0,0,0,0,0,0,0,0,0,0,0,-1.815,0
NAGK,0,0,0,0,0,0,0,0,0,0,0,0,0,0,0,0,0,0,0,-1.815,0
LRRC57,0,0,0,0,0,0,0,0,0,0,0,0,0,1.815,0,0,0,0,0,0,0
ZSCAN9,0,0,0,0,0,0,0,0,0,0,0,0,0,0,0,0,0,0,0,0,1.814
GGT1,0,0,0,0,0,0,1.426,0,0,0,0,0,0,0,0,0,0,0,0,-1.814,0
SPON1,0,0,0,0,0,0,-1.551,0,0,0,0,0,0,0,0,0,0,0,0,1.814,0
THAP11,0,0,0,0,0,0,0,0,0,0,0,0,0,-1.597,0,0,0,0,0,-1.814,0
MYH1,0,0,0,0,0,0,0,0,0,0,0,0,0,0,0,0,0,0,-1.813,0,0
SIDT1,0,0,0,0,0,0,0,0,0,0,0,0,0,-1.306,0,0,-1.473,0,0,-1.813,0
PLEKHA8P1,0,0,0,0,0,0,0,0,0,0,0,0,0,0,0,0,0,0,0,1.813,0
LAMC3,0,0,0,0,0,0,0,0,0,0,0,0,0,0,0,0,0,0,0,0,1.812
RCN3,0,0,0,0,0,0,0,0,0,1.519,0,0,0,1.812,0,0,0,0,0,0,0
GPR17,0,0,0,0,0,0,0,0,0,0,0,0,0,0,0,0,0,0,0,1.812,0
GDF11,0,0,0,0,0,0,0,0,0,-1.812,0,0,0,-1.543,0,0,0,0,0,0,0
ALX4,0,0,0,0,0,0,0,0,0,0,0,0,0,0,0,0,0,0,0,0,1.811
CORO2B,0,0,0,0,0,-1.492,-1.783,0,0,0,0,-1.81,0,0,0,0,0,0,0,0,0
SLC35B1,0,0,0,0,0,0,0,0,0,0,0,0,0,0,0,0,0,0,0,0,1.81
MCUR1,0,-1.641,0,0,0,0,0,0,0,0,0,0,0,0,0,0,0,0,0,0,1.81
LINC00476,0,0,0,0,0,0,0,0,0,0,0,0,0,0,0,0,0,0,0,-1.809,0
FMO2,0,0,0,0,0,0,0,0,0,0,0,0,0,0,0,0,-1.809,0,0,0,0
MMD,0,0,0,0,0,0,0,0,0,0,0,0,1.809,0,0,0,0,0,0,0,0
MVB12B,0,0,0,0,0,0,0,0,0,-1.809,0,0,0,0,0,0,0,0,0,0,0
KIF5B,0,0,0,0,0,0,0,0,0,0,0,0,0,1.738,0,0,0,0,0,1.808,1.737
ISG20,0,0,0,0,0,0,0,0,0,0,0,0,1.808,0,0,0,0,0,0,0,0
NR1H2,0,0,0,0,0,0,0,0,0,0,0,0,0,1.654,0,0,0,0,0,0,1.808
MSANTD1,0,0,0,0,0,0,0,0,0,0,0,0,0,0,0,0,0,0,0,-1.808,0
PREX2,0,0,0,0,0,0,0,0,0,0,0,0,0,0,0,0,-1.808,0,0,0,0
TMEM62,0,0,0,0,0,0,0,0,0,-1.531,0,0,0,0,0,0,0,1.595,0,0,1.808
ENSEMBL:ENSG00000270277,0,0,0,0,0,0,0,0,0,1.808,0,0,0,0,0,0,0,0,0,0,0
TBC1D30,0,0,0,0,0,0,0,0,0,0,0,0,0,1.807,0,0,0,0,0,0,0
HP,0,0,0,0,0,0,0,0,0,0,0,0,1.807,0,0,0,0,0,0,0,0
PCDHB4,0,0,0,0,0,0,0,0,0,0,0,0,0,0,0,0,0,0,0,-1.371,-1.807
STAG3L5P-PVRIG2P-PILRB,0,0,0,0,0,0,0,0,0,0,0,0,0,0,0,0,0,0,0,-1.806,0
ENSEMBL:ENSG00000243155,0,0,0,0,0,0,0,0,0,0,0,0,0,0,0,0,0,0,0,0,1.806
TRANK1,0,0,0,0,0,0,0,0,0,0,0,0,1.806,0,0,0,0,0,0,0,0
ENSEMBL:ENSG00000288961,0,0,0,0,0,0,0,0,0,0,0,0,0,0,0,0,-1.806,0,0,0,0
TRPM2,0,0,0,0,0,1.405,1.806,0,0,0,0,0,0,0,0,0,0,0,0,0,1.346
ENSEMBL:ENSG00000259363,0,0,0,0,0,0,0,0,0,0,0,0,0,0,0,0,0,0,0,-1.805,0
NEK7,0,0,0,0,0,-1.581,0,0,0,1.44,0,0,0,1.805,0,0,0,0,0,0,0
ENSEMBL:ENSG00000272449,0,0,0,0,0,1.805,0,0,0,0,0,0,0,0,0,0,0,0,0,0,0
KIF9-AS1,0,0,0,0,0,0,0,0,0,0,0,0,0,0,0,0,0,0,0,-1.805,1.513
GCSAM,0,0,0,0,0,-1.805,0,0,0,0,0,0,0,0,0,0,0,0,0,0,0
DISP3,0,0,0,0,0,0,1.805,0,0,0,0,0,0,0,0,0,0,0,0,0,0
PMS2CL,0,0,0,0,0,0,0,0,0,0,0,0,-1.805,0,0,0,0,0,0,0,0
ENSEMBL:ENSG00000277151,0,0,0,0,0,0,0,0,0,-1.358,0,0,0,-1.805,0,0,0,0,0,0,0
ENSEMBL:ENSG00000228205,0,0,0,0,0,0,0,0,0,-1.804,0,0,0,-1.451,0,0,0,0,0,0,0
CHMP3,0,0,0,0,0,0,0,0,0,1.47,0,0,0,1.804,0,0,-1.44,0,0,0,0
CCN4,0,0,0,0,0,0,1.804,0,0,0,0,0,0,0,0,0,0,0,0,0,0
ENSEMBL:ENSG00000287988,0,0,0,0,0,0,0,0,0,0,0,0,0,0,0,0,1.803,0,0,0,0
COASY,0,0,0,0,0,0,0,0,0,0,0,0,0,0,0,0,0,0,0,-1.802,0
PDCL3,0,0,0,0,0,0,0,0,0,0,0,0,-1.639,0,0,0,0,0,0,0,1.802
MECOM,0,0,0,0,0,0,0,0,0,0,0,0,0,0,0,0,1.802,0,0,0,0
FDPS,0,0,0,0,0,1.802,0,0,0,0,0,0,0,0,0,0,0,0,0,0,0
LINC00513,0,0,0,0,0,0,0,0,0,0,0,0,-1.802,0,0,0,0,0,0,0,0
ENSEMBL:ENSG00000289046,0,0,0,0,0,0,0,0,0,0,0,0,0,0,0,1.801,0,0,1.423,0,0
SLC25A22,0,0,0,0,0,1.801,1.766,0,0,0,0,0,0,0,0,0,1.48,0,0,0,0
IDNK,0,1.565,0,0,0,0,0,0,0,0,0,0,-1.796,0,0,0,-1.801,0,0,0,0
ENSEMBL:ENSG00000250696,0,0,0,0,0,-1.595,0,0,0,-1.521,0,0,0,-1.801,0,0,0,0,0,0,0
ENSEMBL:ENSG00000259143,0,0,0,0,0,0,-1.8,0,0,0,0,0,0,0,0,0,0,0,0,0,0
DDX11L10,0,0,0,0,0,0,0,0,0,0,0,0,1.8,0,0,0,0,0,0,0,0
FTH1P7,0,0,0,0,0,0,0,0,0,0,0,0,1.8,1.522,0,0,0,0,0,0,0
ARRDC1,0,0,0,0,0,0,0,0,0,0,0,0,0,1.799,0,0,0,0,0,0,0
TCTA,0,0,0,0,0,0,0,0,0,0,0,0,0,1.798,0,0,0,0,0,0,0
DEFA1,0,0,0,0,0,0,0,0,0,0,0,0,0,1.798,0,0,0,0,0,0,0
ICA1L,0,0,0,0,0,0,0,0,0,0,0,0,-1.798,0,0,0,0,0,0,0,0
CRPPA,0,0,0,0,0,0,0,0,0,0,0,0,0,0,0,0,0,1.797,0,0,1.791
RSBN1L,0,0,0,0,0,-1.368,0,0,0,1.762,0,0,0,1.797,0,0,0,0,0,0,0
HLA-DQB1,0,0,0,0,0,0,0,0,0,0,0,0,0,0,0,1.797,0,0,1.417,0,0
MFSD1,0,0,0,0,0,0,0,0,0,1.796,0,0,0,1.676,0,0,0,0,0,0,0
OSCAR,0,0,0,0,0,0,0,0,0,0,0,0,0,1.796,0,0,0,0,0,0,0
ZNF850,0,0,0,0,0,0,0,0,0,0,0,0,0,0,0,0,0,0,0,-1.796,0
TRIL,0,0,0,0,0,0,0,0,0,0,0,0,0,0,0,0,0,0,0,0,1.796
CHTF18,0,0,0,0,0,1.794,1.509,0,0,0,0,0,0,0,0,0,0,0,0,0,0
SREBF1,0,0,0,0,0,0,0,0,0,0,0,0,0,0,0,0,0,0,0,-1.533,-1.794
NPIPB6,0,0,0,0,0,0,0,0,0,0,0,0,0,0,0,0,0,0,0,-1.794,0
BTRC,0,0,0,0,0,0,0,0,0,0,0,0,0,0,0,0,0,0,0,-1.794,0
RPL3P2,0,0,0,0,0,0,0,0,0,0,0,0,0,-1.794,0,0,0,0,0,0,0
POMGNT1,0,0,0,0,0,0,0,0,0,0,0,0,0,0,0,0,0,0,0,0,1.793
ENSEMBL:ENSG00000288752,0,0,0,0,0,0,0,0,0,0,0,0,0,0,0,0,0,0,0,0,-1.793
SIRT3,0,0,0,0,0,0,0,0,0,0,0,0,0,0,0,0,0,0,0,-1.793,0
IFT74,0,0,0,0,0,0,0,0,0,0,0,0,0,0,0,0,0,0,0,0,-1.792
RNF216P1,0,0,0,0,0,0,1.792,0,0,0,0,0,0,0,0,0,0,0,0,0,0
ENSEMBL:ENSG00000286162,0,0,0,0,0,0,0,0,0,0,0,0,0,0,0,0,0,0,0,0,1.792
KCTD12,0,-1.792,0,0,0,-1.757,0,0,0,0,0,0,0,0,0,0,0,0,0,0,0
VLDLR-AS1,0,0,0,0,0,0,0,0,0,0,0,0,0,0,0,0,0,0,0,0,1.792
ATP1B4,0,0,0,0,0,0,0,0,0,0,0,0,0,0,0,0,1.791,0,0,0,0
RPL13AP25,0,0,0,0,0,0,0,0,0,0,0,0,0,-1.791,0,0,0,0,0,0,0
SHTN1,0,0,0,0,0,0,0,0,0,0,0,-1.79,0,0,0,0,0,0,0,0,0
MARCHF1,0,0,0,0,0,-1.447,0,0,0,0,0,-1.79,0,0,0,0,0,0,0,0,0
ELAC2,0,0,0,0,0,1.789,0,0,-1.319,0,0,0,-1.667,0,0,0,0,0,0,0,0
GOLGA8M,0,0,0,0,0,0,0,0,0,0,0,0,0,0,0,0,-1.789,0,0,-1.575,0
ENSEMBL:ENSG00000289234,0,0,0,0,0,0,0,0,0,0,0,0,0,0,0,0,0,0,1.471,1.789,0
FBXO25,0,0,0,0,0,0,0,0,0,0,0,0,-1.789,0,0,0,0,0,0,0,0
PARL,0,0,0,0,0,0,0,0,-1.789,0,0,0,0,0,0,0,0,0,0,0,0
FAM86JP,0,0,0,0,0,0,0,0,0,0,0,0,0,0,0,0,0,1.789,0,0,1.4
TENM4,0,0,0,0,0,0,0,0,0,0,0,0,0,0,0,0,0,0,0,0,1.788
TMEM233,0,0,0,0,0,0,0,0,0,0,0,0,0,0,0,0,0,0,0,1.788,0
TUBB2B,0,0,0,0,0,0,0,0,0,0,0,0,0,0,0,0,0,0,1.788,1.477,0
ENSEMBL:ENSG00000288612,0,0,0,0,0,0,0,0,0,0,0,0,0,0,0,0,0,0,0,0,1.788
ENSEMBL:ENSG00000230715,0,0,0,0,0,0,0,0,0,0,0,0,0,1.366,0,0,-1.433,0,0,0,-1.788
ENSEMBL:ENSG00000282024,0,0,0,0,0,0,0,0,0,0,0,0,0,0,0,0,0,0,0,0,-1.788
TTLL7,0,0,0,0,0,0,0,0,0,0,0,0,0,0,0,0,-1.788,0,0,0,0
RAD50,0,-1.787,0,0,0,0,0,0,0,0,0,0,0,0,0,0,0,0,0,-1.687,0
TXNRD3,0,1.787,0,0,0,0,0,0,0,0,0,0,0,0,0,0,0,0,0,0,0
DDX6,0,0,0,0,0,0,0,0,0,0,0,0,1.329,1.787,0,0,0,0,0,0,0
CEP70,0,0,0,0,0,0,0,0,0,0,0,0,0,-1.407,0,0,0,1.787,0,0,0
LSR,0,-1.676,0,0,0,0,0,0,0,-1.787,0,0,0,-1.524,0,0,0,0,0,0,0
CD79B,0,0,0,0,0,0,-1.786,0,0,0,0,0,-1.708,-1.317,0,0,0,0,0,0,0
PAGR1,0,0,0,0,0,0,0,0,0,0,0,0,0,0,0,0,0,0,0,-1.786,0
VAC14,0,0,0,0,0,0,0,0,-1.785,0,0,0,-1.422,0,0,0,0,0,0,0,0
ENSEMBL:ENSG00000268087,0,0,0,0,0,-1.785,0,0,0,0,0,0,0,0,0,0,0,0,0,0,0
MZT2B,0,0,0,0,0,0,0,0,0,0,0,0,0,-1.394,0,0,0,0,-1.785,0,0
KLF13,0,0,0,0,0,0,0,0,0,0,0,0,0,1.784,0,0,0,0,0,0,0
ZBED3-AS1,0,0,0,0,0,0,0,0,0,0,0,0,0,0,0,0,-1.334,0,0,-1.783,0
KRT73,0,0,0,0,0,0,1.782,0,0,0,0,0,0,0,0,0,0,0,0,0,0
LINC02273,0,0,0,0,0,0,-1.782,0,0,0,0,-1.528,0,0,0,0,0,0,0,0,0
DRAM2,0,0,0,0,0,0,0,0,0,0,0,0,0,0,0,0,0,0,0,-1.782,0
ELOC,0,0,0,0,0,0,0,0,0,0,0,0,0,0,0,0,0,0,0,1.782,0
KHK,0,0,0,0,0,0,0,0,0,0,0,0,0,0,0,0,0,0,0,-1.782,0
TBX15,0,0,0,0,0,0,0,0,0,0,0,0,0,0,0,0,0,0,0,0,1.782
ADCY3,0,0,0,0,0,0,0,0,0,0,0,0,0,0,0,0,1.451,0,0,1.782,0
TPPP3,0,0,0,0,0,0,0,0,0,0,0,0,1.781,0,0,0,0,0,0,0,0
GFPT1,0,0,0,0,0,0,0,0,0,0,0,0,0,0,0,0,0,0,0,0,1.781
PLPP7,0,0,0,0,0,0,0,0,0,0,0,0,0,0,0,0,0,0,0,-1.781,-1.628
OLFML2A,0,0,0,0,0,0,0,0,0,0,0,0,0,0,0,0,0,0,0,-1.781,0
NGDN,0,-1.595,0,0,0,1.339,0,0,0,0,0,0,0,-1.555,0,0,0,0,0,1.781,0
ANKRD46,0,0,0,0,0,0,0,0,0,0,0,0,0,0,0,0,0,0,0,-1.78,0
RNASEH1-AS1,0,0,0,0,0,0,0,0,0,0,0,0,0,0,0,0,1.78,0,0,1.461,0
PLPP3,0,0,0,0,0,0,0,0,0,0,0,0,0,0,0,0,1.612,0,0,1.78,0
LRFN2,0,0,0,0,0,0,1.779,0,0,0,0,0,0,0,0,0,0,0,0,0,0
RMRP,0,0,0,0,0,0,0,0,0,0,0,0,0,0,0,-1.779,0,0,0,0,0
SBF2,0,0,0,0,0,-1.779,0,0,0,0,0,0,0,1.527,0,0,0,0,0,0,0
CHASERR,0,0,0,0,0,-1.779,-1.408,0,0,0,0,0,0,0,0,0,0,0,0,0,0
PTCHD4,0,0,0,0,0,0,0,0,0,0,0,0,0,0,0,0,-1.778,0,0,0,0
PRSS50,0,0,0,0,0,0,0,0,0,0,0,0,0,0,0,0,0,0,-1.401,-1.778,0
SLC27A4,0,0,0,0,0,0,1.778,0,0,0,0,0,0,0,0,0,0,0,0,0,0
RHEBL1,0,0,0,0,0,0,1.778,0,0,0,0,0,0,0,0,0,0,0,0,0,0
SRP54,0,0,0,0,0,0,0,0,0,1.467,0,0,0,1.667,0,0,0,0,0,0,1.778
HNRNPM,0,0,0,0,-1.478,0,0,0,0,0,0,0,0,0,0,0,0,0,0,-1.777,0
TINF2,0,0,0,0,0,0,0,0,0,0,0,0,0,1.777,0,0,0,0,0,0,0
TAF1C,0,0,0,0,0,0,0,0,0,0,0,0,0,0,0,-1.699,0,0,0,-1.776,0
NCLN,0,0,0,0,0,0,0,0,0,0,0,0,0,0,0,0,0,1.776,0,0,0
MCF2L,0,0,0,0,0,-1.776,0,0,0,0,0,0,0,0,0,1.488,-1.677,0,0,0,0
PDE6G,0,0,0,0,0,1.776,0,0,0,0,0,0,0,0,0,0,0,0,0,0,0
ARRDC1-AS1,0,0,0,0,0,0,0,0,0,0,0,0,-1.437,0,0,0,0,0,0,1.776,1.65
MDM1,0,0,0,0,0,0,0,0,0,0,0,0,0,0,0,0,0,0,0,-1.775,0
HLA-DRB5,0,0,0,0,0,0,0,0,0,0,0,-1.431,-1.775,0,0,0,0,0,0,0,0
LEPROTL1,0,0,0,0,0,0,0,0,0,0,0,0,1.775,0,0,0,0,0,0,0,1.426
MCPH1,0,0,0,0,0,0,0,0,0,0,0,0,0,-1.775,0,0,0,0,0,0,0
APOBEC3B,0,0,0,0,0,0,0,0,0,0,0,0,0,1.774,0,0,0,0,0,0,0
ENSEMBL:ENSG00000254810,0,0,0,0,0,0,0,0,0,0,0,0,1.774,0,0,0,0,0,0,0,0
MFSD6,0,0,0,0,0,0,0,0,0,0,0,0,0,-1.774,0,0,0,0,0,0,0
ZNF530,0,0,0,0,0,0,0,0,0,0,0,0,0,0,0,0,0,0,0,-1.774,0
MFN1,0,0,0,0,0,0,0,0,0,0,0,0,0,1.773,0,0,0,0,0,0,0
TRIM35,0,0,0,0,0,0,0,0,0,0,0,0,0,0,0,0,0,0,0,0,1.773
ARIH2,0,0,0,0,0,0,1.773,0,0,-1.391,0,0,0,0,0,0,0,0,-1.393,0,0
BUD23,0,0,0,0,0,0,1.773,0,0,0,0,0,-1.56,0,0,0,0,0,0,0,0
TRIB3,0,0,0,0,0,1.773,0,0,0,0,0,0,0,0,0,0,0,0,0,0,0
ZNF543,0,0,0,0,0,0,0,0,0,0,0,0,0,0,0,1.773,0,0,0,0,0
SUCLG2,0,0,0,0,0,0,0,-1.772,0,0,0,-1.381,0,0,0,0,0,0,0,0,0
ATP5PO,0,0,0,0,0,0,0,0,0,-1.498,0,0,0,-1.673,0,-1.617,0,1.771,0,0,0
DEK,0,0,0,0,0,0,0,0,0,0,0,0,0,0,0,0,0,-1.771,0,0,-1.485
PLD3,0,0,0,0,0,0,0,0,0,0,0,0,0,0,0,0,0,1.771,0,0,0
C5orf22,0,0,0,0,0,0,0,0,0,0,0,0,0,0,0,0,0,1.771,0,0,0
LYPLA1,0,0,0,0,0,0,0,0,0,0,0,0,0,0,0,0,0,1.771,0,0,1.56
CCDC163,0,0,0,0,0,0,0,0,0,0,0,0,0,0,0,0,0,0,0,-1.771,0
NUTM2A-AS1,0,0,0,0,0,-1.771,0,0,0,0,0,0,0,0,0,0,0,0,0,0,1.432
SYT17,0,0,0,0,0,0,0,0,0,0,0,-1.536,-1.77,0,0,0,0,0,0,0,0
SLC24A1,0,0,0,0,0,0,0,0,0,0,0,0,0,0,0,0,-1.487,0,0,-1.77,0
ODAD1,0,0,0,0,0,1.77,0,0,0,0,0,0,0,0,0,0,0,0,0,0,0
PRKCSH,0,0,0,0,0,1.77,0,0,0,0,0,0,0,1.372,0,0,0,0,-1.512,0,0
AP4B1,0,0,0,0,0,1.77,1.325,0,0,0,0,0,0,0,0,0,0,0,0,0,0
SCUBE3,0,0,0,0,0,1.564,1.77,0,0,0,0,0,0,0,0,0,0,0,0,0,0
MMACHC,0,0,0,0,0,0,0,0,0,0,0,0,0,0,0,0,0,1.477,0,-1.77,0
AGA,0,0,0,0,0,0,0,0,0,0,0,0,0,0,0,0,0,0,0,0,1.769
ENSEMBL:ENSG00000229413,0,0,0,0,0,0,0,0,0,0,0,0,0,0,0,0,0,0,0,0,-1.769
RPL36AL,0,0,0,0,0,0,0,0,0,0,0,0,0,0,0,0,0,0,0,0,1.769
APCDD1,0,0,0,0,0,0,0,0,0,0,0,0,0,0,0,0,-1.48,0,0,-1.769,0
ENSEMBL:ENSG00000268034,0,0,0,0,0,-1.768,0,0,0,0,0,0,0,0,0,0,0,0,0,0,0
TTBK2,0,0,0,0,0,0,0,0,0,0,0,0,0,0,0,0,0,-1.768,0,0,0
SUPT5H,0,0,0,0,0,0,0,0,0,0,0,0,0,0,0,0,0,0,-1.768,0,0
ZBTB41,0,0,0,0,0,0,0,0,0,0,0,0,0,0,0,0,0,0,0,-1.768,0
RPL7L1,0,0,0,0,0,0,0,0,0,0,0,0,0,0,0,0,0,0,0,1.767,0
KDM4D,0,0,0,0,0,0,0,0,0,0,0,0,0,0,0,0,0,0,0,-1.767,0
SLC25A26,0,0,0,0,0,0,0,0,0,0,0,0,-1.767,0,0,0,0,0,0,0,0
ENSEMBL:ENSG00000278922,0,0,0,0,0,0,0,0,0,0,0,0,0,0,0,0,0,0,0,0,-1.767
PIGQ,0,0,0,0,0,0,-1.71,0,0,0,0,0,0,0,0,-1.766,0,0,0,0,0
WDR37,0,0,0,0,0,0,0,0,0,0,0,0,0,1.766,0,0,0,0,0,-1.458,0
CNNM3,0,0,0,0,0,0,0,0,0,0,0,0,0,0,0,0,0,0,0,0,1.766
UBE2L6,0,1.766,0,0,0,0,0,0,0,0,0,0,0,0,0,0,0,0,0,0,0
CEP43,0,0,0,0,0,0,-1.766,0,0,0,0,0,0,0,0,0,0,0,0,0,-1.449
HDAC3,0,0,0,0,0,0,0,0,0,0,0,0,0,0,0,0,0,0,0,-1.765,0
NAXD,0,0,0,0,0,0,0,0,0,-1.543,0,0,0,-1.376,0,0,0,0,-1.765,0,0
ANKRD12,0,0,0,0,0,-1.566,0,0,0,0,0,0,0,0,0,0,1.764,0,0,0,0
C1orf112,0,0,0,0,0,0,0,0,0,0,0,0,0,0,0,0,0,0,0,-1.764,0
GLA,0,0,0,0,0,0,0,0,0,0,0,1.764,1.528,0,0,0,0,0,0,0,0
MT-TN,0,0,0,0,0,0,0,0,0,0,0,0,0,0,0,-1.764,0,0,-1.341,0,0
DTX4,0,0,0,0,0,0,0,0,0,0,0,0,0,0,0,0,0,0,0,1.764,0
TMEM69,0,0,0,0,0,-1.764,-1.409,0,0,0,0,0,-1.584,0,0,0,0,0,0,0,0
KLRC2,0,0,0,0,0,1.764,1.436,0,0,0,0,0,0,0,0,0,0,0,0,0,0
TRIP13,0,0,0,0,0,0,0,0,0,0,0,0,1.763,0,0,0,0,0,0,0,0
DIDO1,0,0,0,0,0,0,0,0,0,0,0,0,0,0,0,0,0,0,0,0,-1.763
TRAF3IP2,0,0,0,0,0,-1.763,0,0,0,0,0,0,0,0,0,0,0,0,0,0,0
PCSK4,0,0,0,0,0,0,0,0,0,0,0,0,0,0,0,0,0,0,0,-1.762,0
ZNF430,0,0,0,0,0,0,0,0,0,0,0,0,0,0,0,0,0,0,0,-1.762,0
ATP6V1D,0,0,0,0,0,0,0,1.548,0,1.581,0,0,0,1.761,0,0,0,1.569,0,0,0
ENSEMBL:ENSG00000227544,0,0,0,0,0,0,0,0,0,0,0,0,0,0,0,0,0,0,0,0,-1.761
STK16,0,0,0,0,0,0,0,0,0,0,0,0,1.761,1.603,0,0,0,0,0,0,0
MYL5,0,0,0,0,0,0,0,0,0,0,0,0,0,0,0,0,0,0,-1.761,0,0
MTCO3P5,0,0,0,0,0,0,1.761,0,0,0,0,0,0,0,0,0,0,0,0,0,0
DIO3OS,0,0,0,0,0,0,0,0,0,0,0,0,0,0,0,0,0,0,0,0,-1.76
NAPG,0,0,0,0,0,0,0,0,0,0,0,0,0,0,0,0,0,0,0,1.76,1.729
SARM1,0,0,0,0,0,0,0,0,0,0,0,0,-1.421,0,0,0,0,0,0,-1.76,0
ENSEMBL:ENSG00000232098,0,0,0,0,0,0,0,0,0,0,0,0,-1.759,0,0,0,0,0,0,-1.41,0
NDUFS7,0,0,0,0,0,1.759,0,0,0,0,0,0,0,0,0,0,0,1.364,0,0,0
SMARCE1,0,0,0,0,0,0,0,0,0,0,0,0,0,0,0,0,-1.758,0,0,-1.397,0
CGGBP1,0,0,0,0,0,0,0,0,0,0,0,0,0,0,0,0,0,0,0,0,-1.757
KIR3DX1,0,0,0,0,0,0,1.757,0,0,0,0,0,0,0,0,0,0,0,0,0,0
PCDHB12,0,0,0,0,0,0,0,0,0,0,0,0,0,0,0,0,0,0,0,0,-1.757
PMPCA,0,0,0,0,0,1.757,0,0,0,0,0,0,0,0,0,0,0,0,0,1.481,0
KDM4C,0,0,0,0,0,0,0,0,0,0,0,0,0,0,0,0,0,0,0,1.757,0
PPP1R1B,0,1.757,0,0,0,0,0,0,0,0,0,0,0,0,0,0,0,0,0,0,0
DCLK1,0,-1.757,0,0,0,0,0,0,0,0,0,0,0,0,0,0,0,0,0,0,0
CHAC2,0,0,0,0,0,0,0,0,0,0,0,0,0,0,0,0,0,0,0,1.661,1.756
PELP1,0,0,0,0,0,0,0,0,0,0,0,0,-1.756,-1.596,0,0,0,0,0,0,0
RIPK3,0,-1.501,0,0,0,0,0,0,0,0,0,0,0,1.756,0,0,0,0,0,0,0
CNTNAP3C,0,0,0,0,0,-1.755,0,0,0,0,0,0,0,0,0,0,0,0,0,0,0
PRMT7,0,0,0,0,0,0,0,0,0,0,0,0,-1.492,-1.755,0,0,0,0,0,0,0
GPR15,0,0,0,0,0,-1.755,0,0,0,0,0,0,0,0,0,0,0,0,0,0,0
TRERF1,0,0,0,0,0,-1.755,0,0,0,0,0,0,0,0,0,0,0,0,0,0,0
ENSEMBL:ENSG00000285928,0,0,0,0,0,0,0,0,0,0,0,0,0,0,0,0,0,0,0,1.755,0
RPAP3-DT,0,0,0,0,0,0,0,0,0,0,0,0,0,0,0,0,0,0,0,0,1.755
KLHDC9,0,0,0,0,0,0,0,0,0,0,0,0,0,0,0,0,0,0,0,0,-1.755
STUB1,0,0,0,0,0,1.755,0,0,0,0,0,0,0,0,0,0,0,0,-1.603,0,0
PRIM2,0,0,0,0,0,0,0,0,0,0,0,0,0,0,0,0,0,0,0,-1.755,0
AGFG2,0,0,0,0,0,0,0,0,0,0,0,0,0,0,0,0,0,1.754,0,0,0
SERPINA12,0,0,0,0,0,0,0,0,0,0,0,0,0,-1.754,0,0,0,0,0,0,0
WFDC2,0,0,0,0,0,0,0,0,0,0,0,0,0,-1.754,0,0,0,0,0,0,0
NUTM2D,0,0,0,0,0,0,0,0,0,0,0,0,0,0,0,0,0,0,0,-1.754,0
MIR762HG,0,0,0,0,0,0,0,0,0,0,0,0,0,0,0,0,0,0,0,-1.754,0
RADIL,0,0,0,0,0,0,0,0,0,0,0,0,0,0,0,0,0,0,0,0,-1.753
SCLY,0,1.576,0,0,0,0,1.65,0,0,0,0,1.506,0,0,0,-1.753,0,1.698,0,0,1.45
SEMA6A,0,0,0,0,0,0,0,0,0,0,0,0,0,0,0,0,-1.752,0,0,-1.327,0
SERF2,0,0,0,0,0,0,-1.752,0,0,0,0,0,0,0,0,0,0,0,0,1.489,0
ZNF285,0,0,0,0,0,0,0,0,0,0,0,0,-1.752,0,0,0,0,0,0,0,0
SMUG1,0,0,0,0,0,0,0,0,0,0,0,0,0,0,0,0,0,0,0,0,1.751
FABP1,0,0,0,0,0,0,0,0,0,-1.751,0,0,0,0,0,0,0,0,0,0,0
RBP2,0,0,0,0,0,0,0,0,0,-1.751,0,0,0,0,0,0,0,0,0,0,0
CCDC124,0,0,0,0,0,0,0,0,0,0,0,0,0,-1.751,0,0,0,0,0,0,0
TNIP2,0,0,0,0,0,1.751,0,0,0,0,0,0,0,1.386,0,0,0,0,0,0,0
FNDC4,0,0,0,0,0,0,0,0,0,0,0,0,0,0,0,0,0,0,0,1.751,0
NAA20,0,0,0,0,0,0,0,0,0,0,0,0,-1.75,0,0,0,0,0,0,0,0
SAP30,0,0,0,0,0,0,0,0,0,0,0,0,0,0,0,0,1.75,0,0,0,0
EIF4HP1,0,0,0,0,0,0,0,0,0,0,0,0,1.389,1.75,0,0,0,0,0,0,0
C8orf76,0,0,0,0,0,0,1.749,0,0,0,0,0,0,0,0,0,0,0,0,0,0
DHX29,0,0,0,0,0,0,0,0,0,0,0,0,0,0,0,0,0,0,0,0,1.749
CCDC50,0,0,0,0,0,0,0,0,0,0,0,0,0,0,0,0,0,0,0,0,-1.748
MTTP,0,0,0,0,0,0,0,0,0,0,0,0,0,0,0,0,0,0,0,1.748,0
ZNF442,0,0,0,0,0,0,0,0,0,0,0,0,0,0,0,0,0,0,0,-1.748,0
HAUS3,0,0,0,0,0,0,0,0,0,0,0,0,0,0,0,0,0,0,0,-1.743,-1.747
NUDT9,0,0,0,0,0,0,0,0,0,0,0,0,0,0,0,0,0,1.382,0,0,1.747
COX7C,0,0,0,0,0,0,0,0,0,-1.681,0,0,0,-1.747,0,0,0,0,0,0,0
VASN,0,0,0,0,0,0,0,0,0,0,0,0,0,0,0,0,0,0,1.747,0,0
CEP72,0,0,0,0,0,0,0,0,0,0,0,0,0,0,0,0,0,0,0,0,-1.746
SLC5A5,0,0,0,0,0,0,-1.746,0,0,-1.533,0,0,0,0,0,0,0,0,0,0,0
EIF3E,0,0,0,0,0,0,0,0,0,-1.453,0,0,0,-1.746,0,0,0,0,0,0,0
METTL2A,0,0,0,0,0,0,0,0,0,0,0,0,0,-1.746,0,0,0,0,-1.411,0,0
SLITRK5,0,0,0,0,0,0,0,0,0,0,0,0,0,0,0,0,0,0,0,0,-1.746
LTF,0,0,0,0,0,0,0,0,0,0,0,0,1.746,0,0,0,0,0,0,0,0
HLA-DQB2,0,0,0,0,0,0,0,0,0,0,0,0,-1.746,0,0,0,0,0,0,0,0
SIGLEC12,0,0,0,0,0,1.745,0,0,0,0,0,0,0,0,0,0,0,0,0,0,0
RHOBTB3,0,0,0,0,0,0,0,0,0,0,0,0,0,0,0,0,0,-1.745,0,0,-1.564
ACOXL,0,0,0,0,0,0,0,0,0,0,0,0,0,0,0,0,0,0,0,0,-1.744
EIF2S2,0,0,0,0,0,0,0,0,0,0,0,0,0,0,0,0,0,0,-1.731,1.744,1.696
PKD1L1,0,0,0,0,0,0,0,0,0,0,0,0,0,0,0,0,-1.694,0,0,-1.744,0
CAPN7,0,0,0,0,0,0,0,0,0,0,0,0,0,0,0,0,1.743,0,0,0,0
MPHOSPH6,0,0,0,0,0,0,0,0,0,0,0,0,0,0,0,0,0,1.743,0,0,0
ENSEMBL:ENSG00000259560,0,0,0,0,0,0,0,0,0,0,0,0,0,0,0,0,0,0,0,1.743,0
ZNF358,0,0,0,0,0,0,0,0,0,0,0,0,0,0,0,-1.742,0,0,0,0,0
U2SURP,0,0,0,0,0,-1.577,-1.742,0,0,0,0,0,0,0,0,0,0,0,0,0,0
COPRS,0,0,0,0,0,0,0,0,0,0,0,0,0,0,0,0,1.389,1.742,0,0,0
ENSEMBL:ENSG00000214776,0,0,0,0,0,0,0,0,0,0,0,0,0,0,0,0,0,0,0,1.742,1.362
APOL1,0,0,0,0,0,0,0,0,0,0,0,0,0,0,0,0,0,0,0,1.742,0
CDC37,0,0,0,0,0,1.742,0,0,0,0,0,0,0,0,0,0,0,0,0,0,0
APLP1,0,0,0,0,0,0,0,0,0,0,0,-1.742,0,0,0,0,0,0,0,0,0
TREML3P,0,0,0,0,0,0,0,0,0,0,0,0,1.741,1.317,0,0,0,0,0,0,0
TMEM121B,0,0,0,0,0,0,0,0,0,0,0,0,1.741,1.344,0,0,0,0,0,0,0
SPECC1L-ADORA2A,0,0,0,0,0,0,0,0,0,0,0,0,0,0,0,0,0,0,0,0,1.741
SVIL2P,0,0,0,0,0,0,0,0,0,0,0,0,0,0,0,0,0,0,0,1.741,0
DDX20,0,0,0,0,0,0,0,0,0,0,0,0,0,0,0,0,1.741,0,0,0,0
MGAT4B,0,0,0,0,0,0,0,0,0,0,0,0,1.467,0,0,0,0,0,0,1.74,0
LSM4,0,0,0,0,0,1.74,0,0,0,0,0,0,0,-1.301,0,0,0,0,0,0,0
UFSP1,0,0,0,0,0,0,0,0,0,0,0,0,0,0,0,0,0,0,0,1.739,0
S100A1,0,0,0,0,0,0,0,0,0,-1.739,0,0,0,0,0,0,0,0,0,1.381,0
SLC35G2,0,0,0,0,0,0,0,0,0,0,0,0,0,0,0,0,0,0,0,1.397,1.739
SLC41A3,0,0,0,0,0,0,0,0,0,-1.736,0,0,0,-1.738,0,0,0,0,0,0,0
PPP4R3A,0,-1.738,0,0,0,0,0,0,0,0,0,0,0,0,0,0,0,0,0,0,-1.414
DENND6A,0,-1.738,0,0,0,0,0,0,0,0,0,0,0,0,0,0,0,0,0,0,0
PAPPA,0,0,0,0,0,0,0,0,0,0,0,0,0,0,0,1.474,0,0,0,1.737,0
MPEG1,0,0,0,0,0,-1.737,0,0,0,0,0,0,0,0,0,0,0,0,0,0,0
UQCR11,0,0,0,0,0,0,-1.737,0,0,0,0,0,0,0,0,0,0,0,0,0,0
RBFOX2,0,0,0,0,0,0,0,0,0,0,0,0,0,0,0,0,0,0,0,-1.736,0
GPR61,0,0,0,0,0,0,0,0,0,0,0,0,0,0,0,0,0,1.39,0,-1.736,0
B3GALT5,0,0,0,0,0,0,0,0,0,0,0,0,0,0,0,0,0,0,0,-1.736,0
THOP1,0,0,0,0,0,1.736,1.341,0,0,0,0,0,0,0,0,0,0,1.591,0,0,1.474
PRPF19,0,-1.736,0,0,0,0,0,0,0,0,0,0,0,0,0,0,0,0,0,0,0
RTCA-AS1,0,0,0,0,0,-1.451,0,0,0,0,0,0,0,0,0,0,0,0,0,-1.736,0
ENSEMBL:ENSG00000262877,0,0,0,0,0,0,0,0,0,0,0,0,0,0,0,-1.332,-1.735,0,0,-1.5,0
HOXA2,0,0,0,0,0,0,0,0,0,0,0,0,0,0,0,0,0,0,0,-1.735,0
SGIP1,0,0,0,0,0,0,0,0,0,0,0,0,0,0,0,0,0,0,0,1.735,0
SNHG19,0,0,0,0,0,0,0,0,0,0,0,0,0,0,0,0,0,0,0,1.735,0
IRX4,0,0,0,0,0,0,0,0,0,0,0,0,0,0,0,0,0,0,0,1.735,0
ENSEMBL:ENSG00000247121,0,0,0,0,0,0,0,0,0,0,0,0,0,0,0,0,0,0,0,1.734,0
FABP5P7,0,0,0,0,0,0,0,0,0,0,0,0,0,0,0,0,1.734,0,0,1.426,0
IFNG,0,0,0,0,0,0,1.734,0,0,0,0,0,0,0,0,0,0,0,0,0,0
ENSEMBL:ENSG00000176593,0,0,0,0,0,0,0,0,0,0,0,-1.734,0,0,0,0,0,0,0,0,0
LYRM4,0,0,0,0,0,0,0,0,0,-1.733,0,0,0,-1.44,0,0,0,0,0,0,0
TARS3,0,0,0,0,0,0,0,0,0,0,0,0,0,0,0,0,0,1.733,0,0,0
SLC9A3-AS1,0,0,0,0,0,0,0,0,0,0,0,0,-1.733,0,0,0,0,0,0,0,0
DNAAF11,0,0,0,0,0,0,0,0,0,0,0,0,0,1.733,0,0,0,0,0,0,0
ENSEMBL:ENSG00000279412,0,0,0,0,0,0,0,0,0,0,0,0,0,-1.733,0,0,0,0,0,0,0
RAD51,0,0,0,0,0,0,0,0,0,0,0,0,0,0,0,0,0,0,0,-1.732,0
LRPPRC,0,0,0,0,0,0,0,0,0,0,0,0,-1.413,-1.732,0,0,0,0,0,0,0
TASL,0,0,0,0,0,0,0,0,0,0,0,0,0,1.732,0,0,0,0,0,0,0
RAB27B,0,0,0,0,0,0,0,0,0,0,0,1.732,1.389,0,0,0,0,0,0,0,0
NAA60,0,0,0,0,0,0,0,0,0,0,0,0,0,1.732,0,0,0,0,0,0,0
CBS,0,0,0,0,0,0,0,0,0,1.732,0,0,0,0,0,0,0,0,0,0,0
ENSEMBL:ENSG00000279668,0,0,0,0,0,0,0,0,0,0,0,0,0,0,0,0,0,0,0,0,-1.731
TAF5LP1,0,0,0,0,0,0,1.445,0,0,0,0,0,0,-1.731,0,0,0,0,0,0,0
MTMR12,0,0,0,0,0,0,0,0,0,0,0,0,0,0,0,1.731,0,0,0,0,0
B4GALT4,0,0,0,0,0,0,1.73,0,0,0,0,0,0,0,0,0,0,0,0,0,0
OLFM4,0,0,0,0,0,0,0,0,0,0,0,0,0,0,0,0,-1.665,0,0,0,-1.73
UBA3,0,0,0,0,0,0,0,0,0,0,0,0,0,1.73,0,0,0,0,0,0,0
SH3GLB2,0,0,0,0,0,0,0,0,0,-1.619,0,0,0,-1.729,0,0,0,0,0,0,0
TMEM176A,0,0,0,0,0,0,1.729,0,0,0,0,0,0,0,0,0,0,0,0,0,0
TNFRSF4,0,0,0,0,0,1.729,0,0,0,0,0,0,0,0,0,0,0,0,0,0,0
ENSEMBL:ENSG00000287483,0,0,0,0,0,0,0,0,0,0,0,0,0,0,0,0,0,0,0,1.728,0
ENSEMBL:ENSG00000270426,0,0,0,0,0,0,0,0,0,0,0,0,0,0,0,1.728,0,0,0,0,0
BSPRY,0,0,0,0,0,0,1.727,0,0,0,0,0,0,0,0,0,0,0,0,0,0
MEDAG,0,0,0,0,0,0,0,0,0,0,0,0,0,0,0,0,0,0,0,1.727,0
XPR1,0,0,0,0,0,0,0,0,0,0,0,0,0,0,0,0,0,0,0,1.727,0
ENSEMBL:ENSG00000289091,0,0,0,0,0,0,0,0,0,0,0,0,1.727,0,0,0,0,0,0,0,0
TMED5,0,0,0,0,0,0,0,0,0,0,0,0,1.727,0,0,0,0,0,0,0,0
DDX27,0,0,0,0,0,0,0,0,0,0,0,0,0,0,0,1.726,0,0,0,0,0
LINC01151,0,0,0,0,0,0,0,0,0,0,0,0,0,0,0,0,0,0,0,0,1.726
TAF4,0,0,0,0,0,0,0,0,0,0,0,0,0,1.726,0,0,0,0,0,0,0
E2F1,0,0,0,0,0,0,1.726,0,0,0,0,0,0,0,0,0,0,0,0,0,0
SPATA7,0,0,0,0,0,0,0,0,0,0,0,0,0,0,0,0,0,0,0,-1.726,0
CDK6,0,0,0,0,-1.314,0,0,0,0,0,0,0,0,0,0,0,0,0,0,1.726,0
ATXN3,0,0,0,0,0,0,0,0,0,0,0,0,0,0,0,0,0,0,0,-1.726,0
RUNDC1,0,0,0,0,0,0,-1.303,0,0,0,0,0,0,0,0,0,1.725,0,0,0,0
GCNT4,0,0,0,0,0,0,0,0,0,0,0,-1.725,0,0,0,0,0,0,0,0,0
ZNF853,0,0,0,0,0,1.484,1.725,0,0,0,0,0,0,0,0,0,0,0,0,0,0
GRIN1,0,0,0,0,0,0,1.725,0,0,0,0,0,0,0,0,0,0,0,0,0,0
ENSEMBL:ENSG00000279700,0,0,0,0,0,0,1.426,0,0,0,0,0,0,0,0,0,0,0,0,-1.725,0
LMAN2,0,0,0,0,0,1.725,0,0,0,0,0,0,0,1.379,0,0,0,0,0,0,0
ENSEMBL:ENSG00000246250,0,0,0,0,0,-1.725,0,0,0,0,0,0,0,0,0,0,0,0,0,0,0
KIAA2026,0,0,0,0,0,0,0,0,0,0,0,0,0,0,0,0,0,0,0,1.724,0
MRPL51,0,0,0,0,0,0,1.724,0,0,0,0,0,0,0,0,0,0,0,0,0,0
PHBP19,0,0,0,0,0,0,1.724,0,0,0,0,0,0,0,0,0,0,0,0,0,0
TAS1R3,0,0,0,0,0,0,0,0,0,0,0,0,0,0,0,0,1.724,0,0,0,0
EEF1A1P6,0,0,0,0,0,0,0,0,0,-1.711,0,0,0,-1.724,0,0,0,0,0,0,0
NPIPA7,0,0,0,0,0,0,0,0,0,0,0,0,0,0,0,0,0,0,0,-1.621,-1.724
ZSWIM9,0,0,0,0,0,1.618,0,0,0,0,0,0,0,0,0,0,0,0,0,-1.723,0
ATP5MC2,0,0,0,0,0,0,0,0,0,-1.723,0,0,0,-1.533,0,0,0,0,0,0,0
ENSEMBL:ENSG00000275496,0,0,0,0,0,0,0,0,0,0,0,0,0,0,0,0,-1.481,0,0,-1.723,0
CDNF,0,0,0,0,0,0,0,0,0,0,0,0,0,0,0,0,0,0,0,-1.722,0
FIZ1,0,0,0,0,0,0,0,0,0,0,0,0,-1.722,0,0,0,0,0,0,0,0
ENSEMBL:ENSG00000275759,0,0,0,0,0,0,0,0,0,0,0,0,0,1.722,0,0,0,0,0,0,0
LPAR5,0,0,0,0,0,1.722,1.395,0,0,0,0,0,0,0,0,0,0,0,0,0,0
ENSEMBL:ENSG00000288187,0,0,0,0,0,0,0,0,0,0,0,0,0,0,0,0,0,0,0,-1.722,0
DCAKD,0,0,0,0,0,0,0,0,0,-1.565,0,0,0,-1.721,0,0,0,0,0,0,0
ENSEMBL:ENSG00000225300,0,0,0,0,0,0,0,0,0,0,0,0,0,-1.721,0,0,0,0,0,0,0
COA1,0,0,0,0,0,0,0,0,0,0,0,0,0,1.451,0,0,0,0,0,0,1.721
NSUN6,0,0,0,0,0,0,0,0,0,0,0,0,0,0,0,0,0,0,0,0,1.72
ENSEMBL:ENSG00000227766,0,0,0,0,0,0,0,0,0,0,0,0,1.633,1.72,0,0,0,0,1.587,0,0
PLEKHM1P1,0,0,0,0,0,0,0,0,0,1.473,0,0,0,1.72,0,0,0,0,0,0,0
VPS35L,0,0,0,0,0,0,0,0,0,0,0,0,0,0,0,0,-1.72,0,0,0,0
BCAM,0,0,0,0,0,0,0,0,0,0,0,0,1.719,0,0,0,0,0,0,0,0
AMDHD1,0,0,0,0,0,0,0,0,0,0,0,0,0,0,0,0,0,0,0,-1.718,0
ENSEMBL:ENSG00000227252,0,0,0,0,0,0,0,0,0,0,0,0,0,0,0,0,0,0,0,-1.718,0
MROH6,0,0,0,0,0,0,0,0,0,0,0,0,1.718,0,0,0,0,0,0,0,0
PRKAG3,0,0,0,0,0,0,0,0,0,0,0,0,0,0,0,0,0,-1.619,0,0,-1.718
ZSCAN5A,0,0,0,0,0,0,0,0,0,0,0,0,0,0,0,0,0,0,0,-1.717,0
NRXN2,0,0,0,0,0,0,1.717,0,0,0,0,0,0,0,0,0,0,0,0,1.514,1.459
CARS1-AS1,0,0,0,0,0,0,0,0,0,0,0,0,-1.717,0,0,0,0,0,0,0,0
ATP2A1,0,0,0,0,0,0,0,0,0,0,0,0,0,0,0,0,0,0,1.717,0,0
TXNDC9,0,0,0,0,0,0,0,0,0,1.717,0,0,0,0,0,0,0,0,0,0,0
NDFIP1,0,0,0,0,0,-1.716,0,0,0,0,0,0,0,0,0,0,0,0,0,0,0
ANKS3,0,0,0,0,0,0,0,0,0,0,0,0,0,0,0,0,0,0,0,-1.716,0
RRN3,0,0,0,0,0,0,0,0,0,0,0,0,-1.716,0,0,0,0,0,0,0,0
MIAT,0,0,0,0,0,0,0,0,0,0,0,0,0,-1.716,0,0,0,0,0,0,0
ANXA2R,0,0,0,0,0,0,0,0,0,0,0,0,0,-1.716,0,0,-1.429,0,0,-1.622,0
PDZD11,0,1.715,0,0,0,1.36,1.569,0,0,0,0,0,0,-1.303,0,0,0,0,0,0,0
TMEM68,0,0,0,0,0,0,0,0,0,0,0,0,0,0,0,0,0,0,0,-1.715,0
EBAG9,0,0,0,0,0,0,0,0,0,0,0,0,0,0,0,0,0,0,0,0,1.715
CDK8,0,0,0,0,0,0,0,0,0,0,0,0,0,0,0,1.714,0,0,1.417,0,0
TMEM81,0,0,0,0,0,0,0,0,0,0,0,0,0,0,0,0,0,0,0,-1.713,0
KEL,0,0,0,0,0,-1.521,-1.713,0,0,0,0,0,0,0,0,0,0,0,0,0,0
GSTA4,0,0,0,0,0,0,0,0,0,0,0,0,0,0,0,0,0,0,0,-1.713,0
RSPH3,0,0,0,0,0,-1.713,0,0,0,0,0,0,0,0,0,0,0,0,0,0,0
ELK1,0,0,0,0,0,0,0,0,0,0,0,0,0,0,0,0,0,0,0,1.712,-1.568
ENSEMBL:ENSG00000289062,0,0,0,0,0,0,1.712,0,0,0,0,0,0,0,0,0,0,0,0,0,0
ENSEMBL:ENSG00000267105,0,0,0,0,0,0,1.712,0,0,0,0,0,0,0,0,0,0,0,0,0,0
LZTR1,0,0,0,0,0,1.712,0,0,0,0,0,0,0,0,0,0,0,0,0,0,0
PHLDB2,0,1.712,0,0,0,0,0,0,0,0,0,0,0,0,0,0,0,0,0,0,0
NDUFA13,0,0,0,0,0,1.712,0,0,0,0,0,0,0,0,0,0,0,0,0,0,0
F8A1,0,0,0,0,0,0,0,0,0,0,0,0,0,0,0,0,0,1.313,0,-1.684,1.711
SRP14,0,0,0,0,0,0,0,0,0,0,0,1.341,0,0,0,0,0,0,0,1.463,1.711
SSR1,0,0,0,0,0,0,0,0,0,0,0,0,0,0,0,0,0,0,0,-1.71,0
NAP1L2,0,0,0,0,0,0,0,0,0,0,0,0,0,0,0,0,-1.615,0,0,-1.71,0
ZSCAN20,0,0,0,0,0,0,0,0,0,0,0,0,0,0,0,0,0,0,0,0,1.71
KYAT1,0,0,0,0,0,0,1.71,0,0,0,0,0,0,0,0,0,0,0,0,0,0
GJB6,0,0,0,0,0,0,0,0,0,1.71,0,0,0,0,0,0,0,0,0,0,0
ENSEMBL:ENSG00000272384,0,0,0,0,0,0,0,0,0,0,0,0,0,0,0,0,0,0,1.71,0,0
ZNF707,0,0,0,0,0,0,0,0,0,0,0,0,0,0,0,0,0,0,0,-1.71,0
RN7SL832P,0,0,0,0,0,0,-1.71,0,0,0,0,0,0,0,0,0,0,0,0,0,0
UNG,0,0,0,0,0,1.656,1.71,0,0,0,0,0,0,0,0,0,0,0,0,0,0
POLR2E,0,0,0,0,0,1.71,0,0,0,0,0,0,0,0,0,0,0,0,0,0,0
SAE1,0,0,0,0,0,1.71,0,0,0,0,0,0,0,0,0,0,0,0,0,0,0
ACSL5,0,0,0,0,0,0,0,0,0,0,0,0,0,-1.709,0,0,0,0,0,0,0
ENSEMBL:ENSG00000287059,0,0,0,0,0,0,0,0,0,0,0,0,0,0,0,0,0,0,0,1.709,0
TSHZ2,0,-1.374,0,0,0,-1.542,0,0,0,0,0,0,0,-1.709,0,0,0,0,0,0,0
REX1BD,0,0,0,0,0,1.709,0,0,0,0,0,0,0,0,0,0,0,0,0,0,0
RACGAP1,0,0,0,0,0,0,0,0,0,0,0,0,0,0,0,0,0,0,0,0,-1.709
UBR3,0,0,0,0,0,-1.709,0,0,0,0,0,0,0,0,0,0,0,0,0,0,0
DDX41,0,0,0,0,0,1.709,1.33,0,0,0,0,0,0,0,0,0,0,0,0,0,0
SETD3,0,0,0,0,0,0,1.709,0,0,0,0,0,0,0,0,0,0,0,0,0,0
LGR5,0,0,0,0,0,0,0,0,0,0,0,0,0,0,0,0,0,0,0,0,-1.709
PKD1P2,0,0,0,0,0,0,0,0,0,0,0,0,0,0,0,0,0,0,0,-1.708,-1.375
VDAC3,0,0,0,0,0,0,0,0,0,0,0,0,1.483,0,0,0,0,1.707,0,0,0
OGDHL,0,-1.707,0,0,0,0,0,0,0,0,0,0,0,0,0,0,0,0,0,0,0
KRT9,0,1.707,0,0,0,0,0,0,0,0,0,0,0,0,0,0,0,0,0,0,0
BLOC1S5,0,0,0,0,0,0,1.542,0,0,0,0,0,0,0,0,0,0,0,0,0,1.707
WASHC1,0,0,0,0,0,1.706,0,0,0,0,0,0,0,0,0,0,0,0,0,0,0
P3H1,0,0,0,0,0,1.706,0,0,0,0,0,0,0,0,0,0,0,0,0,0,0
PKNOX2,0,0,0,0,0,0,0,0,0,0,0,0,0,0,0,0,0,-1.706,0,0,-1.521
CDC27,0,0,0,0,0,-1.705,0,0,0,0,0,0,0,0,0,0,0,0,0,0,0
CAMK2N1,0,0,0,0,0,0,0,0,0,0,0,0,0,0,0,0,0,0,0,1.705,0
ENSEMBL:ENSG00000244398,0,0,0,0,0,0,0,0,0,-1.309,0,0,0,-1.705,0,0,0,0,0,0,0
PI4KAP2,0,0,0,0,0,0,0,0,0,-1.388,0,0,0,-1.705,0,0,0,0,0,1.328,0
ENSEMBL:ENSG00000234426,0,0,0,0,0,0,0,0,1.603,1.705,0,0,0,1.409,0,0,0,0,0,0,0
PER3,0,0,0,0,0,0,0,0,0,0,0,0,0,0,0,0,1.408,0,0,-1.704,0
CENPJ,0,0,0,0,0,0,0,0,0,0,0,0,0,0,0,0,-1.704,0,0,0,0
COA8,0,0,0,0,0,0,0,0,0,0,0,0,0,0,0,0,0,0,0,0,1.703
EMSY-DT,0,0,0,0,0,0,-1.703,0,0,0,0,0,0,0,0,0,0,1.492,0,0,0
AIP,0,0,0,0,0,1.703,0,0,0,0,0,0,0,0,0,0,0,0,0,0,0
ZNF112,0,0,0,0,0,0,0,0,0,0,0,0,0,0,0,0,0,0,0,-1.703,0
LZIC,0,1.548,0,0,0,0,0,0,0,1.703,0,0,0,0,0,0,0,0,0,-1.352,0
SPSB1,0,0,0,0,0,0,0,0,0,0,0,0,0,0,0,0,1.702,0,0,0,0
ST13P6,0,0,0,0,0,0,-1.701,0,0,0,0,0,0,0,0,0,0,0,0,0,0
PLVAP,0,0,0,0,0,0,-1.701,0,0,0,0,0,0,0,0,0,0,0,0,0,0
MRGBP,0,0,0,0,0,0,0,0,0,0,0,0,0,0,0,0,0,0,-1.701,0,0
ASF1A,0,0,0,0,0,0,0,0,0,0,0,0,0,0,0,0,0,0,0,-1.701,0
PGGT1B,0,0,0,0,0,0,0,0,0,0,0,0,0,0,0,0,0,0,0,-1.701,0
MTHFD2L,0,0,0,0,0,0,0,0,0,0,0,0,0,0,0,0,0,0,0,1.7,0
DIRAS3,0,0,0,0,0,0,0,0,0,0,0,0,0,0,0,0,-1.7,0,0,0,0
FNDC3A,0,0,0,0,0,0,0,0,0,0,0,0,0,0,0,-1.7,0,0,0,0,-1.412
NDUFB11,0,0,0,0,0,0,0,0,0,0,0,0,0,-1.699,0,0,0,0,0,0,0
CA12,0,0,0,0,0,0,0,0,0,1.511,0,0,0,1.699,0,0,0,0,0,0,0
LINC00565,0,0,0,0,0,0,0,0,0,0,0,0,0,-1.699,0,0,0,0,0,0,0
TMC6,0,0,0,0,0,0,0,0,0,0,0,0,0,-1.699,0,0,0,0,0,0,0
GP5,0,0,0,0,0,0,-1.699,0,0,0,0,0,0,0,0,0,0,0,0,0,0
SNORD33,0,0,0,0,0,0,0,0,0,0,0,0,-1.699,0,0,0,0,0,0,0,0
IZUMO4,0,0,0,0,0,0,0,0,0,0,0,0,0,0,0,0,0,0,0,0,-1.699
CKS2,0,0,0,0,0,0,0,0,0,0,0,0,0,0,0,1.699,0,0,0,0,0
COL26A1,0,0,0,0,0,1.699,0,0,0,0,0,0,0,0,0,0,0,0,0,0,0
CICP27,0,0,0,0,0,0,0,0,0,0,0,0,0,1.699,0,0,0,0,0,0,0
RGMA,0,0,0,0,0,0,0,0,0,0,0,0,0,-1.698,0,0,0,0,0,0,0
ADAMTS7,0,0,0,0,0,0,0,0,0,0,0,0,0,0,0,0,0,0,0,0,1.698
SUGT1P4-STRA6LP,0,0,0,0,0,0,1.698,0,0,0,0,0,0,0,0,0,0,0,0,0,0
STING1,0,0,0,0,0,0,0,0,-1.698,0,0,0,0,0,0,0,0,0,0,0,0
EIF4A2,0,0,0,0,0,0,0,0,0,0,0,0,1.379,0,0,0,0,0,0,1.698,0
TELO2,0,0,0,0,0,1.462,0,0,0,0,0,0,-1.698,0,0,0,0,0,0,0,0
SHISA6,0,0,0,0,0,0,0,0,0,0,0,0,0,0,0,0,-1.697,0,0,0,0
RNF113A,0,0,0,0,0,1.697,0,0,0,0,0,0,0,0,0,0,0,0,0,0,0
SLC25A17,0,0,0,0,0,0,1.697,0,0,0,0,0,0,0,0,0,0,0,0,0,0
ENSEMBL:ENSG00000215154,0,0,0,0,0,0,0,0,0,0,0,0,0,0,0,0,0,0,0,0,1.696
FAM174C,0,0,0,0,0,0,0,0,0,0,0,0,0,0,0,1.696,0,0,0,0,0
HELB,0,0,0,0,0,-1.696,0,0,0,0,0,0,0,0,0,0,0,0,0,0,0
CCDC40,0,0,0,0,0,0,0,0,0,0,0,-1.696,0,0,0,0,0,0,0,0,0
ZNF24,0,0,0,0,0,0,0,0,0,1.374,0,0,0,1.462,0,0,0,0,0,0,-1.696
RN7SL3,0,0,0,0,0,0,-1.695,0,0,0,0,0,0,0,0,0,0,0,0,0,0
ENSEMBL:ENSG00000233030,0,0,0,0,0,0,0,0,0,0,0,0,0,1.695,0,0,0,0,0,0,0
NR2C2AP,0,0,0,0,0,0,0,0,0,0,0,0,-1.694,0,0,0,0,0,0,0,0
HDAC1,0,0,0,0,0,0,1.347,0,0,0,0,0,0,0,0,0,0,0,0,-1.694,0
MGAT3,0,0,0,0,0,0,0,0,0,0,0,0,0,0,0,0,-1.694,0,0,-1.438,0
PSMC2,0,0,0,0,0,0,0,0,0,-1.694,0,0,0,0,0,0,0,0,0,0,0
SLC25A25-AS1,0,0,0,0,0,0,0,0,0,0,0,0,0,0,0,0,0,0,0,-1.694,1.659
ENSEMBL:ENSG00000249679,0,0,0,0,0,0,0,0,0,0,0,0,0,0,0,0,-1.694,0,0,0,1.331
PCDHB14,0,0,0,0,0,0,0,0,0,0,0,0,0,0,0,0,0,0,0,0,-1.694
AASS,0,0,0,0,0,0,0,0,0,0,0,0,0,0,0,0,0,0,0,0,-1.694
DRC3,0,0,0,0,0,0,0,0,0,0,0,0,0,0,0,0,0,0,0,-1.694,0
FAHD2A,0,0,0,0,0,0,0,0,0,0,0,0,-1.693,0,0,-1.45,0,0,0,-1.461,0
ATG4B,0,0,0,0,0,1.693,0,0,0,0,0,0,0,0,0,0,0,0,0,0,0
LY9,0,0,0,0,0,0,1.654,0,0,0,0,0,0,-1.692,0,0,0,0,0,0,0
RTRAF,0,0,0,0,0,0,0,0,0,0,0,0,0,-1.692,0,0,0,0,0,0,0
FOXRED2,0,0,0,0,0,0,0,0,0,0,0,0,0,-1.692,0,0,0,0,0,0,-1.448
IMMP1L,0,0,0,0,0,1.692,0,0,0,0,0,0,0,0,0,0,0,0,0,0,0
TTC14,0,0,0,0,0,-1.692,0,0,0,0,0,0,0,0,0,0,0,0,0,0,0
HOXD3,0,0,0,0,0,0,0,0,0,0,0,0,0,0,0,0,0,0,0,-1.692,0
DICER1-AS1,0,0,0,0,0,0,0,0,0,0,0,0,0,0,0,0,0,0,0,-1.692,-1.308
TP53,0,0,0,0,0,0,0,0,0,0,0,0,0,0,0,0,0,0,0,1.692,0
POLR2G,0,0,0,0,0,1.615,0,0,0,0,0,0,0,0,0,0,0,0,0,0,1.692
IPPK,0,0,0,0,0,0,0,0,0,0,0,0,0,0,0,0,0,0,0,1.691,0
CHCHD7,0,0,0,0,0,0,0,0,0,0,0,0,0,0,0,0,0,0,-1.69,0,0
GDPD1,0,0,0,0,0,0,0,0,0,0,0,0,0,0,0,0,0,0,0,-1.69,0
GPR150,0,0,0,0,0,-1.445,-1.69,0,0,0,0,0,0,0,0,0,0,0,0,0,0
EPAS1,0,0,0,0,0,0,0,0,0,0,0,0,0,0,0,0,0,0,0,1.689,0
CTSL,0,0,0,0,0,0,0,0,0,0,0,0,0,0,0,0,0,0,0,1.689,0
OXR1,0,0,0,0,0,0,0,0,0,0,0,0,0,1.5,0,1.522,0,0,1.689,0,0
PCOLCE,0,0,0,0,0,1.689,0,0,0,0,0,0,0,0,0,0,0,0,0,0,0
AHNAK2,0,-1.688,0,0,0,0,0,0,0,0,0,0,0,0,0,0,0,0,0,0,0
CNPPD1,0,0,0,0,0,0,-1.324,0,0,0,0,0,0,0,0,0,1.688,0,0,0,0
RAPGEF5,0,0,0,0,0,0,0,0,0,0,0,0,0,0,0,1.688,0,0,1.518,0,0
ITPR2,0,0,0,0,0,-1.688,0,0,0,0,0,0,0,0,0,0,0,0,0,0,0
LRP3,0,0,0,0,0,0,0,0,0,0,0,0,0,1.688,0,0,0,0,0,0,1.45
CHTOP,0,0,0,0,0,0,0,0,0,0,0,0,0,0,0,0,0,0,0,0,1.687
HSPG2,0,-1.687,0,0,0,0,0,0,0,0,0,0,0,0,0,0,0,0,0,0,0
NFATC4,0,0,0,0,0,0,0,0,0,0,0,0,0,0,0,1.687,0,0,0,0,0
SETX,0,0,0,0,0,-1.518,0,0,0,1.687,0,0,0,1.487,0,0,0,0,0,0,0
ZDHHC17,0,0,0,0,0,0,0,0,0,1.599,0,0,0,1.687,0,0,0,0,0,1.52,0
FBXO16,0,0,0,0,0,0,0,0,0,0,0,0,0,0,0,0,0,0,0,-1.687,0
SF3B4,0,0,0,0,0,0,0,0,0,0,0,0,1.366,0,0,0,0,0,0,1.687,0
ZBED6CL,0,0,0,0,0,0,0,0,0,0,0,-1.687,0,0,0,0,0,0,0,0,0
ENSEMBL:ENSG00000287097,0,0,0,0,0,1.686,0,0,0,0,0,0,0,0,0,0,0,0,0,0,0
MCM7,0,0,0,0,0,1.686,0,0,0,0,0,0,0,-1.42,0,0,0,0,0,0,0
ENSEMBL:ENSG00000275888,0,0,0,0,0,0,0,0,0,0,0,0,0,1.686,0,0,0,0,0,0,0
TNFSF4,0,0,0,0,0,0,0,0,0,0,0,0,1.686,0,0,0,0,0,0,0,0
MRPL28,0,0,0,0,0,1.686,0,0,0,0,0,0,0,0,0,0,0,0,0,0,0
HSD17B12,0,0,0,0,0,0,0,0,0,0,0,0,0,0,0,0,0,0,0,1.686,0
EBPL,0,0,0,0,0,0,0,0,0,0,0,0,0,0,0,0,0,0,0,-1.685,0
TTC33,0,0,0,0,0,0,0,0,0,0,0,0,0,0,0,0,0,0,0,-1.685,0
MAP6D1,0,0,0,0,0,0,0,0,0,0,0,0,0,0,0,0,0,0,0,0,-1.685
JAGN1,0,0,0,0,0,0,0,0,0,0,0,0,0,0,0,0,0,0,0,0,1.685
ZNF629,0,0,0,0,0,0,0,0,0,0,0,0,0,0,0,0,0,0,0,-1.685,0
DDB2,0,0,0,0,0,0,0,0,-1.685,0,0,0,0,0,0,0,0,0,0,0,0
GPATCH3,0,0,0,0,0,0,0,0,0,0,0,0,-1.302,0,0,0,0,0,0,-1.685,0
NKAPP1,0,0,0,0,0,0,0,0,0,0,0,0,0,0,0,0,0,0,0,-1.685,0
ENSEMBL:ENSG00000285799,0,0,0,0,0,0,0,0,0,0,0,0,0,0,0,0,0,0,0,0,1.684
LINC00339,0,0,0,0,0,0,0,0,0,0,0,0,0,0,0,0,0,0,0,-1.684,0
KIAA0586,0,0,0,0,0,0,0,0,0,0,0,0,0,0,0,0,0,0,0,-1.684,0
AKT3,0,0,0,0,0,0,0,0,0,0,0,0,0,0,0,0,0,0,1.341,1.684,0
ENSEMBL:ENSG00000280441,0,0,0,0,0,0,0,0,0,0,0,0,0,0,0,0,0,0,0,0,-1.684
BAALC,0,0,0,0,0,0,0,0,0,0,0,1.684,0,0,0,0,0,0,0,0,0
DNASE1L2,0,0,0,0,0,0,0,1.684,0,0,0,0,0,0,0,0,0,0,0,0,0
BAIAP2,0,0,0,0,0,0,0,0,0,0,0,0,0,0,0,0,0,0,1.684,0,0
POMGNT2,0,0,0,0,0,0,0,0,0,0,0,0,0,0,0,0,0,0,0,-1.683,0
RNFT1-DT,0,0,0,0,0,0,0,0,0,0,0,0,0,0,0,0,0,1.682,0,0,0
ENSEMBL:ENSG00000273432,0,0,0,0,0,0,0,0,0,0,0,0,0,0,0,0,0,0,0,-1.682,0
FAM189A2,0,0,0,0,0,0,0,0,0,0,0,0,0,0,0,0,0,0,-1.682,0,0
KLHL8,0,0,0,0,0,0,0,0,0,0,0,0,1.682,0,0,0,0,0,0,0,0
KCNC3,0,0,0,0,0,0,0,0,0,0,0,-1.682,0,0,0,0,0,0,0,0,0
ADPGK,0,0,0,0,0,0,0,0,0,0,0,0,0,1.681,0,0,0,0,0,0,0
ENSEMBL:ENSG00000255142,0,0,0,0,0,1.681,0,0,0,0,0,0,0,0,0,0,0,0,0,0,0
POLR2F,0,0,0,0,0,1.681,0,0,0,0,0,1.365,0,0,0,0,0,0,0,0,0
TMC8,0,0,0,0,0,0,0,0,0,0,0,0,0,-1.681,0,0,0,0,0,0,0
ENSEMBL:ENSG00000269068,0,0,0,0,0,0,0,0,0,0,0,0,0,0,0,0,0,0,0,-1.681,0
FTSJ3,0,0,0,0,0,1.605,0,0,0,0,0,0,0,0,0,0,0,0,0,-1.681,0
DOK4,0,0,0,0,0,0,0,0,1.68,0,0,0,0,1.624,0,0,0,0,0,0,0
ENSEMBL:ENSG00000267784,0,0,0,0,0,0,0,0,0,0,0,0,0,0,0,-1.68,0,0,-1.606,0,0
ENSEMBL:ENSG00000228436,0,0,0,0,0,0,0,0,0,0,0,0,0,0,0,0,0,0,0,1.68,0
COLCA2,0,0,0,0,0,0,0,0,0,0,0,0,0,0,0,0,0,0,0,-1.68,0
ENSEMBL:ENSG00000286322,0,0,0,0,0,0,0,0,0,0,0,0,0,0,0,0,0,0,-1.302,0,-1.68
PRMT5,0,0,0,0,0,0,0,0,0,0,0,0,1.451,1.68,0,0,0,1.492,0,1.466,0
RIC8A,0,0,0,0,0,1.679,1.488,0,0,0,0,0,0,0,0,0,0,0,0,0,0
ATL3,0,0,0,0,0,0,0,0,0,0,0,0,0,0,0,0,0,0,0,1.679,0
ST7-AS1,0,0,0,0,0,0,0,0,0,0,0,0,0,-1.679,0,0,0,0,0,0,0
ENSEMBL:ENSG00000283839,0,0,0,0,0,0,-1.679,0,0,0,0,0,0,0,0,0,0,0,0,0,0
C13orf46,0,0,0,0,0,0,0,0,0,0,0,0,0,-1.679,0,0,0,0,0,0,0
H2AB1,0,0,0,0,0,0,0,0,0,-1.678,0,0,0,0,0,0,0,0,0,0,0
MPHOSPH8,0,0,0,0,0,0,0,0,0,0,0,0,0,0,0,0,0,0,0,-1.678,0
ECM2,0,1.678,0,0,0,0,0,0,0,0,0,0,0,0,0,0,0,0,0,0,0
COX8A,0,0,0,0,0,0,1.677,0,0,0,0,0,0,0,0,0,0,0,0,0,0
TFEC,0,0,0,0,0,-1.676,0,0,0,0,0,0,0,0,0,0,0,0,0,0,0
WDR83,0,0,0,0,0,0,0,0,0,0,0,0,0,0,0,0,0,0,0,-1.675,0
LAYN,0,0,0,0,0,0,0,0,0,0,0,0,-1.39,0,0,0,0,0,0,0,-1.675
ENSEMBL:ENSG00000288796,0,0,0,0,0,0,0,0,1.345,0,0,0,1.675,0,0,0,0,0,0,0,0
HSP90AA2P,0,0,0,0,0,0,0,0,0,0,0,1.482,0,0,0,1.675,0,0,0,0,1.639
ZNF512,0,0,0,0,0,0,0,0,0,0,0,-1.675,0,0,0,0,0,0,0,0,0
ZSCAN29,0,0,0,0,0,0,0,0,0,0,0,0,0,0,0,0,0,0,0,0,1.674
NAA16,0,0,0,0,0,-1.674,0,0,0,0,0,0,0,0,0,0,0,0,0,0,0
TBC1D16,0,0,0,0,0,-1.674,0,0,0,0,0,0,0,0,0,0,0,0,0,0,0
ZNF341,0,0,0,0,0,0,0,0,0,0,0,0,0,1.673,0,0,0,0,0,-1.434,0
OLR1,0,0,0,0,0,0,1.673,0,0,0,0,0,0,0,0,0,0,0,0,0,0
TCFL5,0,0,0,0,0,0,0,0,0,0,0,0,0,0,0,0,0,0,0,-1.672,0
ACO2,0,0,0,0,0,0,1.672,0,0,0,0,0,0,0,0,0,0,0,0,0,0
ENSEMBL:ENSG00000284930,0,0,0,0,0,0,0,0,0,0,0,0,1.672,1.455,0,0,0,0,0,0,0
MAGED1,0,0,0,0,0,1.311,0,0,-1.35,0,0,0,0,0,0,0,0,0,0,0,-1.671
LINC02295,0,0,0,0,0,0,0,0,0,-1.671,0,0,0,0,0,0,0,0,0,0,0
NME9,0,0,0,0,0,0,0,0,0,0,0,0,0,0,0,0,0,0,0,0,-1.671
HOXC5,0,0,0,0,0,0,0,0,0,0,0,0,0,0,0,0,0,0,-1.671,0,0
HEATR5A,0,0,0,0,0,-1.671,0,0,0,0,0,0,0,1.321,0,0,0,0,0,0,0
ZNF131,0,0,0,0,0,0,0,0,0,0,0,0,0,0,0,1.469,0,0,0,0,-1.671
MAMDC2,0,0,0,0,0,0,0,0,0,0,0,0,0,0,0,0,-1.671,0,0,0,0
PLA2G4E,0,0,0,0,0,0,0,0,0,0,0,0,0,0,0,0,0,0,0,-1.671,-1.366
SLC9A6,0,0,0,0,0,0,0,0,0,0,0,0,0,0,0,0,-1.433,0,0,-1.671,0
SETD4,0,0,0,0,0,0,0,0,0,0,0,0,0,0,0,0,0,0,0,0,1.671
BSDC1,0,0,0,0,0,0,0,0,0,0,0,0,1.671,0,0,0,-1.42,0,0,0,0
ENSEMBL:ENSG00000261054,0,0,0,0,0,0,0,0,0,0,0,0,0,0,0,0,0,0,0,0,-1.671
DRG1,0,1.67,0,0,0,0,0,0,0,0,0,0,0,0,0,0,0,0,0,0,0
PIR,0,1.67,0,0,0,0,0,0,0,0,0,0,0,0,0,0,0,0,0,0,0
TRIP4,0,1.67,0,0,0,0,0,0,0,1.357,0,0,0,0,0,0,0,0,0,0,0
MAIP1,0,-1.67,0,0,0,0,0,0,0,0,0,0,0,0,0,0,0,0,0,0,0
MELK,0,0,0,0,0,0,0,0,0,-1.67,0,0,0,0,0,0,0,0,0,0,0
CABLES2,0,0,0,0,0,0,0,0,0,0,0,0,0,0,0,0,0,0,0,-1.669,0
C1orf159,0,0,0,0,0,1.669,0,0,0,0,0,0,0,-1.519,0,0,0,0,0,0,0
CALHM2,0,0,0,0,0,0,1.669,0,0,0,0,0,0,0,0,0,0,0,0,0,0
CDCA5,0,0,0,0,0,1.669,0,0,0,0,0,0,0,0,0,0,0,0,0,0,0
FDXR,0,0,0,0,0,0,1.669,0,0,0,0,0,0,0,0,0,0,0,0,0,0
PPP1R3C,0,0,0,0,0,0,0,0,0,0,0,0,0,0,0,0,0,0,1.669,1.504,0
AMHR2,0,0,0,0,0,0,0,0,0,0,0,0,0,0,0,0,0,0,0,0,-1.669
MRPL11,0,0,0,0,0,0,0,0,0,0,0,0,-1.668,-1.399,0,0,0,0,0,0,0
RAB3GAP1,0,0,0,0,0,-1.668,-1.625,0,0,0,0,0,0,0,0,0,0,0,0,0,0
RPL5P30,0,0,0,0,0,0,0,0,0,0,0,0,0,0,0,0,0,0,0,-1.667,0
GOLGA8B,0,0,0,0,0,0,-1.667,0,0,0,0,0,0,0,0,0,0,0,0,0,0
CHI3L2,0,0,0,0,0,1.337,1.667,0,0,0,0,0,0,0,0,0,0,0,0,0,0
ENSEMBL:ENSG00000266340,0,0,0,0,0,0,0,0,1.666,0,0,0,0,0,0,0,0,0,0,0,0
DDX56,0,0,0,0,0,1.665,0,0,0,0,0,0,0,0,0,0,0,0,0,0,1.45
ENSEMBL:ENSG00000235888,0,0,0,0,0,-1.665,0,0,0,0,0,0,0,0,0,0,0,0,0,0,0
TMEM191A,0,0,0,0,0,0,0,0,0,0,0,0,0,-1.665,0,0,0,0,0,0,0
RPN1,0,-1.314,0,0,0,0,0,0,0,0,0,0,1.525,1.665,0,0,0,0,0,0,0
DCTN6,0,1.665,0,0,0,0,0,0,0,0,0,0,0,0,0,0,0,0,0,0,0
HNRNPLL,0,-1.665,0,0,0,-1.65,0,0,0,0,0,0,0,0,0,0,0,0,0,0,0
LINC01963,0,0,0,0,0,0,0,0,0,0,0,0,0,0,0,0,0,0,0,0,1.665
APBB3,0,0,0,0,0,0,0,0,0,0,0,0,0,0,0,0,1.664,0,0,0,0
CGREF1,0,0,0,0,0,0,0,0,0,0,0,0,0,0,0,0,1.663,0,0,0,0
ALG5,0,0,0,0,0,0,0,0,0,0,0,0,0,-1.374,0,0,0,0,0,-1.663,0
ENSEMBL:ENSG00000276075,0,0,0,0,0,0,0,0,0,0,0,0,0,0,0,0,0,0,0,0,1.663
UBE3D,0,0,0,0,0,0,0,0,0,0,0,0,0,0,0,0,0,0,0,-1.662,0
MMRN1,0,0,0,0,0,0,0,0,0,0,0,0,1.662,0,0,0,0,0,0,0,0
ENSEMBL:ENSG00000262211,0,0,0,0,0,0,0,0,0,0,0,0,1.662,0,0,0,0,0,0,0,0
SMAP1,0,0,0,0,0,0,0,0,0,0,0,0,0,0,0,-1.585,0,0,0,1.662,0
PHF6,0,0,0,0,0,-1.662,0,0,0,0,0,0,0,0,0,0,0,0,0,0,0
BCL2L12,0,0,0,0,0,0,0,0,0,1.662,0,0,0,0,0,0,0,0,0,0,0
C17orf97,0,0,0,0,0,0,-1.661,0,0,0,0,0,0,0,0,0,0,0,0,0,0
TRAV22,0,0,0,0,0,0,-1.5,0,0,0,0,0,0,-1.661,0,0,0,0,0,0,0
ITGB3BP,0,0,0,0,0,0,0,0,0,0,0,0,0,0,0,0,0,0,0,-1.661,0
TSPAN17,0,0,0,0,0,0,0,0,0,0,0,0,0,-1.661,0,0,0,0,0,0,0
MSH6,0,0,0,0,0,0,0,0,0,0,0,0,0,0,0,0,0,0,0,0,-1.661
FIS1,0,0,0,0,0,0,-1.637,0,0,0,0,0,0,0,0,0,0,0,1.661,0,0
ENSEMBL:ENSG00000279551,0,0,0,0,0,0,0,0,0,0,0,0,0,0,0,0,0,0,0,1.661,0
LINC00886,0,0,0,0,0,0,0,0,0,0,0,0,0,0,0,0,0,0,0,-1.661,0
UQCRHL,0,0,0,0,0,0,0,0,0,-1.375,0,0,0,0,0,0,0,0,0,0,1.66
ENSEMBL:ENSG00000260772,0,0,0,0,0,0,0,0,0,0,0,0,0,0,0,0,0,-1.66,0,0,-1.402
CLTCL1,0,0,0,0,0,0,0,0,1.341,1.66,0,0,0,0,0,0,-1.537,0,0,0,0
PYROXD2,0,0,0,0,0,0,1.651,0,0,0,0,0,0,0,0,0,0,0,0,0,-1.66
ERCC8,0,0,0,0,0,0,0,0,0,0,0,0,0,0,0,0,-1.659,0,0,0,0
HOXB6,0,0,0,0,0,0,0,0,0,0,0,0,0,0,0,0,0,0,0,-1.659,0
CLPTM1L,0,0,0,0,0,1.659,0,0,0,0,0,0,0,0,0,0,0,0,0,0,1.523
ERAP2,0,0,0,0,0,0,0,0,0,0,0,0,0,-1.659,0,0,0,0,0,0,0
RAB3IL1,0,-1.659,0,0,0,0,0,0,0,0,0,0,0,0,0,0,0,0,0,0,0
DROSHA,0,-1.347,0,0,0,0,0,0,0,0,0,0,0,0,0,-1.659,0,0,0,-1.377,0
COX7A2L,0,0,0,0,0,0,0,0,0,0,0,0,0,0,0,0,0,0,0,1.357,1.658
ENSEMBL:ENSG00000273188,0,0,0,0,0,1.658,0,0,0,0,0,0,0,0,0,0,0,0,0,0,0
TRIR,0,0,0,0,0,1.658,0,0,0,0,0,0,0,0,0,0,0,0,0,0,0
MEI1,0,0,0,0,0,0,1.657,0,0,0,0,0,0,0,0,0,0,0,0,0,0
GREB1L,0,0,0,0,0,0,0,0,0,0,0,0,0,0,0,0,0,0,0,0,1.657
SRP19,0,0,0,0,0,0,0,0,0,0,0,0,0,0,0,0,0,0,0,0,1.657
ENSEMBL:ENSG00000281741,0,0,0,0,0,0,0,0,0,0,0,1.657,0,0,0,0,0,0,0,0,0
HPS5,0,-1.325,0,0,0,0,0,0,0,0,0,-1.657,0,0,0,0,0,0,0,0,0
RSPO4,0,0,0,0,0,0,0,0,0,0,0,0,0,-1.656,0,0,0,0,0,0,0
CAMP,0,0,0,0,0,0,0,0,0,1.656,0,1.637,1.392,1.579,0,0,0,0,0,0,0
SDHAF1,0,0,0,0,0,0,0,0,0,0,0,0,0,0,0,0,0,0,0,-1.656,1.536
ERG28,0,0,0,0,0,0,0,0,0,-1.656,0,0,0,0,0,0,0,0,0,-1.373,0
ENSEMBL:ENSG00000270157,0,0,0,0,0,0,0,0,0,0,0,0,0,0,0,0,0,0,0,-1.655,0
TLK2,0,0,0,0,0,0,0,0,0,0,0,0,0,1.307,0,0,0,-1.474,0,0,-1.655
FAM199X,0,0,0,0,0,0,0,0,0,1.655,0,0,0,0,0,0,0,0,0,0,0
RUSC1,0,0,0,0,0,0,0,0,0,0,0,0,0,0,0,0,-1.641,0,0,-1.655,0
LPIN2,0,0,0,0,0,-1.654,0,0,0,0,0,0,1.582,0,0,0,0,0,0,0,0
LINC02328,0,0,0,0,0,0,0,0,0,0,0,0,0,0,0,0,0,0,0,0,-1.654
LRRC40,0,0,0,0,0,0,0,0,0,0,0,0,0,0,0,0,0,0,0,1.654,0
ENSEMBL:ENSG00000261253,0,0,0,0,0,0,0,0,0,0,0,0,0,0,0,0,0,0,0,-1.654,0
OXA1L,0,0,0,0,0,0,0,0,0,0,0,0,0,0,0,0,0,1.654,0,0,0
CNTFR-AS1,0,0,0,0,0,0,0,0,0,0,0,0,0,0,0,0,0,0,0,-1.654,0
THOC2,0,0,0,0,0,0,0,0,0,0,0,0,0,0,0,0,0,0,-1.654,0,0
ENSEMBL:ENSG00000289327,0,0,0,0,0,0,0,0,0,1.653,0,0,0,0,0,0,0,0,0,0,0
TSPY26P,0,0,0,0,0,0,0,0,0,0,0,0,0,0,0,0,0,0,0,-1.653,0
TRBV5-5,0,0,0,0,0,0,0,0,0,0,0,0,1.653,0,0,0,0,0,0,0,0
RCN2,0,0,0,0,0,0,0,0,0,0,0,0,0,0,0,0,0,1.653,0,0,0
TM2D1,0,0,0,0,0,0,0,0,0,0,0,0,0,0,0,0,0,1.653,0,0,0
IFI27L2,0,0,0,0,0,1.652,0,0,0,0,0,0,0,0,0,0,0,0,0,0,0
AP2B1,0,0,0,0,0,0,1.651,0,0,0,0,0,0,0,0,0,0,0,0,0,-1.391
ARHGEF25,0,0,0,0,0,0,1.651,0,0,0,0,0,0,0,0,0,0,0,0,0,0
FAM229B,0,0,0,0,0,0,0,0,0,0,0,0,0,0,0,0,0,0,0,0,-1.651
NFYC-AS1,0,0,0,0,0,0,0,0,0,0,0,-1.405,0,0,0,0,0,0,-1.651,1.559,0
MFSD1P1,0,0,0,0,0,0,0,0,0,0,0,-1.387,-1.651,0,0,0,0,0,0,0,0
IGKV3-20,0,0,0,0,0,0,0,0,0,0,0,0,0,-1.651,0,0,0,0,0,0,0
LINC02804,0,0,0,0,0,1.65,0,0,0,0,0,0,0,0,0,0,0,0,0,0,0
PCID2,0,0,0,0,0,0,0,0,0,0,0,0,0,0,0,0,0,0,1.445,1.649,0
USP33,0,0,0,0,0,0,0,0,0,0,0,0,0,0,0,0,0,0,0,0,-1.649
MYRIP,0,0,0,0,0,0,0,0,0,0,0,0,0,0,0,0,0,0,0,0,-1.649
GDPGP1,0,0,0,0,0,0,0,0,0,0,0,0,0,0,0,0,0,0,0,-1.649,0
ENSEMBL:ENSG00000289038,0,0,0,0,0,0,-1.648,0,0,0,0,0,0,0,0,0,0,0,0,0,0
HDAC8,0,0,0,0,0,0,0,0,0,0,0,0,0,0,0,0,0,0,0,-1.648,0
ANKRD20A11P,0,0,0,0,0,1.648,0,0,0,0,0,0,0,0,0,0,0,0,0,0,0
ADCY1,0,0,0,0,0,0,0,0,0,0,0,0,0,0,0,0,0,1.647,0,0,0
SNX4,0,0,0,0,0,0,1.647,0,0,0,0,0,0,0,0,0,0,0,0,0,0
DLEU2,0,0,0,0,0,0,0,0,0,0,0,0,0,0,0,0,0,-1.647,0,0,0
ZCCHC10,0,0,0,0,0,0,0,0,0,0,0,0,0,0,0,0,0,0,0,1.647,0
SCAMP1-AS1,0,0,0,0,0,0,0,0,0,0,0,0,-1.647,0,0,0,0,0,0,0,0
NAPSA,0,0,0,0,0,1.646,0,0,0,0,0,0,0,0,0,0,0,0,0,0,0
C16orf74,0,0,0,0,0,0,0,0,0,0,0,0,0,-1.645,0,0,0,0,0,0,0
BIRC2,0,1.474,0,0,0,0,0,0,0,0,0,0,0,0,0,0,1.645,0,0,0,0
PIAS2,0,0,0,0,0,0,1.645,0,0,0,0,0,0,0,0,0,0,0,0,0,0
DERPC,0,0,0,0,0,0,0,0,0,0,0,0,0,0,0,1.645,0,0,0,0,0
MMP14,0,0,0,0,0,0,0,0,0,0,0,0,0,0,0,0,-1.645,0,0,0,0
THAP8,0,0,0,0,0,0,0,0,0,0,0,0,0,0,0,0,1.645,0,0,0,0
LETM2,0,0,0,0,0,0,-1.645,0,0,0,0,0,0,0,0,0,0,0,0,0,0
ENSEMBL:ENSG00000187186,0,0,0,0,0,0,-1.479,0,0,0,0,0,0,0,0,0,0,0,0,1.644,0
ENSEMBL:ENSG00000269553,0,0,0,0,0,0,0,0,0,0,0,0,0,-1.644,0,0,0,0,0,0,0
MYH10,0,0,0,0,0,0,-1.644,0,0,0,0,0,0,0,0,0,0,0,0,0,0
UBP1,0,0,0,0,0,0,0,0,0,0,0,0,0,0,0,0,-1.644,0,0,-1.362,0
LINC00989,0,0,0,0,0,-1.61,-1.644,0,0,0,0,0,1.443,0,0,0,0,0,0,0,0
FXN,0,0,0,0,0,0,0,0,0,0,0,0,0,0,0,0,0,1.643,0,0,0
ATP6AP1L,0,0,0,0,0,0,0,0,0,0,0,0,0,0,0,0,0,1.643,0,0,0
CAPN6,0,0,0,0,0,0,0,0,0,0,0,0,0,0,0,0,0,0,0,0,1.643
PARK7,0,1.643,0,0,0,0,0,0,0,0,0,0,0,0,0,0,0,0,0,0,0
SLC44A1,0,1.643,0,0,0,0,0,0,0,0,0,0,0,0,0,0,0,0,0,0,0
TDP1,0,1.643,0,0,0,0,0,0,0,0,0,0,0,0,0,0,0,0,0,0,0
NMRK1,0,1.643,0,0,0,0,0,0,0,0,0,0,0,0,0,-1.306,0,0,0,-1.361,0
ENSEMBL:ENSG00000285571,0,0,0,0,0,0,0,0,0,0,0,0,0,0,0,0,0,0,0,-1.643,0
ENSEMBL:ENSG00000279865,0,0,0,0,0,0,0,0,0,0,0,0,0,-1.643,0,0,0,0,0,0,0
PBX3,0,0,0,0,0,-1.641,0,0,0,0,0,0,0,0,0,0,0,0,0,0,0
RHOXF2,0,0,0,0,0,0,0,0,0,0,0,0,-1.641,0,0,0,0,0,0,0,0
MRPL36,0,0,0,0,0,0,0,0,0,0,0,0,0,-1.641,0,0,0,0,0,0,0
ZFP3,0,0,0,0,0,0,0,0,0,0,0,0,0,0,0,0,-1.641,0,0,0,0
STK3,0,0,0,0,0,0,0,0,0,0,0,0,0,0,0,0,0,0,0,-1.64,0
LRP1B,0,0,0,0,0,0,0,0,0,0,0,0,0,0,0,0,0,0,0,0,-1.64
EPOR,0,0,0,0,0,0,0,0,0,0,0,0,0,0,0,1.64,0,0,0,0,0
PMS2P4,0,0,0,0,0,0,0,0,0,0,0,0,0,0,0,0,0,0,0,0,1.64
NTRK3,0,0,0,0,0,0,0,0,0,0,0,0,0,-1.639,0,0,0,0,0,0,0
CPM,0,0,0,0,0,0,0,0,0,0,0,0,0,-1.639,0,0,0,0,0,1.435,0
EMC1-AS1,0,0,0,0,0,0,0,0,0,0,0,0,0,1.639,0,0,0,0,0,0,0
AMN,0,0,0,0,0,0,0,0,0,0,0,0,0,-1.639,0,0,0,0,0,0,0
METRN,0,0,0,0,0,1.639,0,0,0,0,0,0,0,0,0,0,0,0,0,0,0
ENSEMBL:ENSG00000279861,0,0,0,0,0,0,0,0,0,0,0,0,0,0,0,0,0,0,1.639,1.437,0
STK19,0,0,0,0,0,0,0,0,0,0,0,0,0,0,0,0,0,0,0,-1.639,0
TCERG1,0,0,0,0,0,0,0,0,0,0,0,0,0,0,0,0,-1.638,0,0,0,0
SYS1,0,0,0,-1.638,0,0,1.343,0,0,0,0,0,0,0,0,0,0,0,0,0,0
CCDC25,0,0,0,0,0,0,0,0,-1.438,-1.638,0,0,0,0,0,0,0,0,0,0,0
ENSEMBL:ENSG00000259529,0,0,0,0,0,0,1.638,0,0,0,0,0,0,0,0,0,0,0,0,0,0
E4F1,0,0,0,0,0,0,0,0,0,0,0,0,0,0,0,0,1.637,0,0,0,0
ENSEMBL:ENSG00000286192,0,0,0,0,0,0,0,0,0,0,0,0,-1.637,0,0,0,0,0,0,0,0
ENSEMBL:ENSG00000262319,0,0,0,0,0,0,0,0,0,0,0,0,-1.637,0,0,-1.333,0,0,0,0,0
COIL,0,0,0,0,0,0,0,0,0,0,0,0,0,0,0,0,0,0,0,0,-1.637
PABPC4,0,0,0,0,0,0,0,0,0,0,0,-1.636,-1.302,0,0,0,0,0,0,0,0
ENSEMBL:ENSG00000230747,0,0,0,0,0,0,1.636,0,0,0,0,0,0,0,0,0,0,0,0,0,0
TRAP1,0,0,0,0,0,0,0,0,0,0,0,0,0,-1.636,0,0,0,0,0,0,0
STK32A,0,0,0,0,0,0,0,0,0,0,0,0,0,0,0,0,0,0,0,-1.636,0
PLXNA3,0,0,0,0,0,0,0,0,0,0,0,0,0,-1.636,0,0,0,0,0,0,0
LINC00528,0,0,0,0,0,0,-1.452,0,-1.636,0,0,0,0,0,0,0,0,0,0,0,0
RASSF7,0,0,0,0,0,1.635,1.479,0,0,0,0,0,0,0,0,0,0,0,0,0,0
H3C10,0,0,0,0,0,0,0,0,0,0,0,0,1.635,0,0,0,0,0,0,0,0
ZNF576,0,0,0,0,0,0,0,0,0,0,0,0,0,0,0,0,0,0,1.459,-1.634,0
HGSNAT,0,0,0,0,0,0,0,0,0,0,0,0,0,0,0,0,-1.478,0,0,-1.634,0
ZNF205,0,0,0,0,0,0,1.634,0,0,0,0,0,0,0,0,0,0,0,0,0,0
CXCL1,0,0,0,0,0,0,0,0,0,1.633,0,0,0,0,0,0,0,0,0,0,0
MTERF2,0,0,0,0,0,0,0,0,0,0,0,0,0,0,0,0,0,0,0,0,-1.633
PIK3R2,0,1.36,0,0,0,0,0,0,0,0,0,0,0,-1.633,0,0,0,0,0,0,0
NPIPB11,0,0,0,0,0,0,0,0,0,0,0,0,0,0,0,0,0,0,0,-1.633,0
RHOT2,0,0,0,0,0,1.633,0,0,0,0,0,0,0,0,0,0,0,1.569,0,0,0
MAN2C1,0,0,0,0,0,0,0,0,0,0,0,0,0,0,0,-1.62,0,0,0,0,1.632
DPY19L4,0,0,0,0,0,0,0,0,0,0,0,0,0,0,0,0,0,0,0,-1.631,0
ENSEMBL:ENSG00000280160,0,0,0,0,0,0,1.631,0,0,0,0,0,0,0,0,0,0,0,0,0,0
DOLK,0,0,0,0,0,0,0,0,0,0,0,0,0,0,0,0,0,0,-1.631,0,0
ENSEMBL:ENSG00000284931,0,0,0,0,0,0,-1.631,0,0,0,0,0,0,0,0,0,0,0,0,0,0
RBCK1,0,0,0,0,0,0,0,0,0,0,0,0,0,1.631,0,0,0,0,0,0,-1.627
SORCS1,0,0,0,0,0,0,0,0,0,0,0,0,0,0,0,0,0,0,0,0,-1.631
ARHGAP36,0,0,0,0,0,0,0,0,0,0,0,0,0,0,0,0,0,0,1.631,0,1.504
PDIA5,0,0,0,0,0,0,0,0,0,0,0,0,0,0,0,0,-1.631,0,0,0,0
GTSF1,0,0,0,0,0,0,0,0,0,0,0,0,0,-1.631,0,0,0,0,0,0,0
CDC42BPB,0,0,0,0,0,0,0,0,0,0,0,0,0,0,0,0,1.631,0,0,0,0
TSC22D1,0,0,0,0,0,0,0,0,0,0,0,0,1.63,0,0,0,0,0,0,0,0
PRPSAP1,0,0,0,0,0,1.63,0,0,0,0,0,0,0,0,0,0,0,0,0,0,0
RGS16,0,0,0,0,0,0,0,0,0,0,0,0,0,0,0,0,0,0,1.63,0,0
SLC49A3,0,0,0,0,0,0,1.63,0,0,0,0,0,0,0,0,0,0,0,0,0,0
PARP14,0,0,0,0,0,-1.63,0,0,0,0,0,0,0,0,0,0,-1.456,0,0,0,-1.486
RPL32P29,0,0,0,0,0,0,0,0,0,-1.629,0,0,0,0,0,0,0,0,0,0,0
ZBTB20,0,0,0,0,0,0,0,0,0,0,0,0,0,0,0,0,0,-1.474,0,1.629,0
IBA57,0,0,0,0,0,0,0,0,0,0,0,0,0,0,0,0,0,0,0,1.628,0
ANO8,0,0,0,0,0,0,0,0,0,0,0,0,0,0,0,0,0,0,0,-1.627,0
HMGXB4,0,0,0,0,0,0,0,0,0,0,0,0,0,0,0,0,0,0,0,0,-1.627
ENSEMBL:ENSG00000280020,0,0,0,0,0,1.627,0,0,0,0,0,0,0,0,0,0,0,0,0,0,0
ZNF627,0,0,0,0,0,0,0,0,0,0,0,0,0,0,0,0,1.627,0,0,0,0
CUTALP,0,0,0,0,0,0,-1.627,0,0,0,0,0,0,0,0,0,0,0,0,0,0
SMG1P5,0,0,0,0,0,0,0,0,0,0,0,0,0,0,0,0,0,0,0,1.626,0
ENSEMBL:ENSG00000267575,0,0,0,0,0,0,0,0,0,0,0,0,0,0,0,0,0,0,0,1.626,0
SUPV3L1,0,0,0,0,0,0,0,0,0,0,0,0,0,0,0,0,0,0,0,1.626,0
ENSEMBL:ENSG00000284747,0,0,0,0,0,0,0,0,0,0,0,0,0,0,0,0,0,0,0,0,1.626
HKDC1,0,0,0,0,0,0,-1.626,0,0,0,0,0,0,0,0,0,0,0,0,0,0
ENSEMBL:ENSG00000285747,0,0,0,0,0,0,1.626,0,0,0,0,0,0,0,0,0,0,0,0,0,0
CSF1,0,0,0,0,0,0,0,0,0,1.326,0,0,0,1.589,0,0,0,0,0,1.626,0
TOMM6,0,0,0,0,0,0,0,0,0,0,0,0,0,-1.625,0,0,0,0,0,0,0
GFI1B,0,0,0,0,0,0,0,0,0,0,0,0,1.625,0,0,0,0,0,0,0,0
ENSEMBL:ENSG00000286808,0,0,0,0,0,0,0,0,0,0,0,0,0,0,0,0,0,0,0,1.625,0
SAP30BP,0,0,0,0,0,0,0,0,0,0,0,0,0,1.625,0,0,0,0,0,0,0
ENSEMBL:ENSG00000274425,0,0,0,0,0,0,0,0,0,0,0,0,0,1.625,0,0,0,0,0,0,0
HARS2,0,0,0,0,0,0,0,0,0,0,0,0,0,1.625,0,-1.332,0,0,0,0,0
CYB5B,0,0,0,0,0,1.624,0,0,0,0,0,0,0,0,0,0,0,1.441,0,0,0
FANCL,0,0,0,0,0,0,0,0,0,0,0,0,0,0,0,0,0,0,0,-1.624,0
MT-CO3,0,0,0,0,0,0,0,0,0,0,0,0,0,0,0,-1.624,0,0,0,0,0
CYP4V2,0,0,0,0,0,0,0,0,0,0,0,0,0,0,0,0,0,0,0,-1.624,0
C12orf29,0,1.624,0,0,0,0,0,0,0,0,0,0,0,0,0,0,0,0,0,0,0
CD300E,0,0,0,0,0,0,1.488,0,0,0,0,0,-1.623,0,0,0,0,0,0,0,0
MMS19,0,0,0,0,0,0,0,0,0,0,0,0,0,0,0,0,0,0,0,0,-1.623
CCDC144A,0,0,0,0,0,0,0,0,0,0,0,0,-1.47,-1.623,0,0,0,0,0,0,0
SCGB3A2,0,0,0,0,0,0,0,0,0,-1.622,0,0,0,-1.361,0,0,0,0,0,0,0
LRCH1,0,0,0,0,0,0,0,0,0,0,0,0,0,0,0,0,0,0,0,1.622,0
GCNA,0,0,0,0,0,0,0,0,0,0,0,0,0,0,0,0,0,0,0,-1.622,0
SUV39H2,0,0,0,0,0,0,0,0,0,0,0,0,0,0,0,0,0,0,0,1.622,0
FADS1,0,0,0,0,0,0,1.561,0,0,0,0,0,0,0,0,0,0,0,0,0,1.622
MGAT1,0,0,0,0,0,0,0,0,0,0,0,0,0,1.622,0,0,0,0,0,0,0
PCDH8,0,0,0,0,0,0,0,0,0,0,0,0,0,0,0,0,-1.621,0,0,0,0
ENSEMBL:ENSG00000273486,0,0,0,0,0,0,0,0,0,0,0,0,0,0,0,0,0,0,0,0,1.621
HTATSF1,0,0,0,0,0,0,0,0,0,0,0,0,0,0,0,0,0,0,-1.621,0,0
ENSEMBL:ENSG00000176134,0,0,0,0,0,0,0,0,0,0,0,0,0,0,0,0,0,0,0,1.621,0
BEAN1,0,0,0,0,0,0,0,0,0,0,0,0,0,1.621,0,0,0,0,0,0,0
TDRP,0,0,0,0,0,0,0,0,0,0,0,1.397,1.621,0,0,0,0,0,0,0,0
ENSEMBL:ENSG00000267059,0,0,0,0,0,1.527,0,0,0,0,0,0,0,0,0,0,0,0,0,1.621,1.31
FAM32A,0,0,0,0,0,0,0,0,0,0,0,0,0,1.502,0,0,0,0,0,0,1.62
HAUS7,0,0,0,0,0,0,0,0,0,0,0,0,0,-1.62,0,0,0,0,0,0,0
GPC2,0,0,0,0,0,-1.386,-1.62,0,0,0,0,0,0,0,0,0,0,0,0,0,0
STKLD1,0,0,0,0,0,0,0,0,0,0,0,0,-1.62,0,0,0,0,0,0,0,0
JRK,0,0,0,0,0,0,0,0,0,0,0,0,-1.619,0,0,0,0,0,0,0,0
ZNF337,0,0,0,0,0,0,0,0,0,0,0,0,-1.389,-1.619,0,0,0,0,0,0,0
INSL3,0,0,0,0,0,0,0,0,0,0,0,1.619,0,0,0,0,0,0,0,0,0
ENSEMBL:ENSG00000275216,0,0,0,0,0,0,0,0,0,0,0,0,0,1.619,0,0,0,0,0,0,0
TSPAN13,0,0,0,0,0,0,0,0,0,0,0,0,0,0,0,0,1.619,0,0,0,0
ENSEMBL:ENSG00000245008,0,0,0,0,0,0,0,0,0,0,0,0,0,-1.619,0,0,0,0,0,0,0
TRBV2,0,0,0,0,0,0,0,0,0,-1.618,0,-1.361,-1.479,-1.384,0,0,0,0,0,0,0
ENSEMBL:ENSG00000173867,0,0,0,0,0,0,0,0,0,0,0,0,0,0,0,0,0,0,0,-1.618,0
METTL8,0,0,0,0,0,0,0,0,0,0,0,0,0,0,0,0,0,0,0,-1.618,0
C9orf131,0,0,0,0,0,0,0,0,0,0,0,0,0,0,0,-1.618,0,0,0,0,0
ENSEMBL:ENSG00000246308,0,0,0,0,0,0,0,0,0,0,0,0,-1.618,0,0,0,0,0,0,0,0
SLX4IP,0,0,0,0,0,0,0,0,0,0,0,0,0,1.617,0,0,0,0,0,0,0
ENSEMBL:ENSG00000287047,0,0,0,0,0,0,0,0,0,0,0,0,0,0,0,0,0,0,0,-1.617,0
EWSR1,0,0,0,0,0,0,0,0,0,0,0,0,0,1.399,0,0,-1.617,0,0,0,0
ENSEMBL:ENSG00000248991,0,0,0,0,0,1.617,0,0,0,0,0,0,0,0,0,0,0,0,0,0,0
RMC1,0,0,0,0,0,0,0,0,0,0,0,0,0,0,0,0,0,0,0,0,1.616
PIGV,0,0,0,0,0,0,1.616,0,0,0,0,0,0,0,0,0,0,0,0,-1.339,0
C1QTNF9B,0,0,0,0,0,0,0,0,0,0,0,0,0,0,0,0,-1.615,0,0,0,0
UCP2,0,0,0,0,0,0,0,0,0,-1.615,0,0,0,0,0,0,0,0,0,0,0
IL5RA,0,0,0,0,0,0,0,0,0,-1.576,0,0,0,-1.615,0,0,0,0,0,0,0
TMEM145,0,0,0,0,0,0,0,0,0,0,0,0,0,0,0,0,-1.615,0,0,0,0
ENSEMBL:ENSG00000279118,0,0,0,0,0,0,0,0,0,0,0,0,0,0,0,0,0,0,0,1.615,1.353
C10orf95-AS1,0,0,0,0,0,0,0,0,0,0,0,0,0,0,0,0,0,0,-1.615,0,0
ST3GAL1,0,0,0,0,0,-1.333,0,0,0,0,0,0,1.615,0,0,0,0,0,0,0,0
DUSP9,0,0,0,0,0,0,0,0,0,0,0,0,0,0,0,0,0,0,1.615,0,0
TMEM201,0,0,0,0,0,0,0,0,0,0,0,0,0,0,0,0,1.615,1.398,0,0,0
ENSEMBL:ENSG00000198555,0,0,0,0,0,0,0,0,0,0,0,0,0,0,0,0,1.615,0,0,0,0
ENSEMBL:ENSG00000274080,0,0,0,0,0,0,0,0,0,0,0,0,0,0,0,0,1.615,0,0,0,0
ST8SIA1,0,0,0,0,0,0,-1.563,0,0,0,0,0,0,0,0,0,-1.615,0,0,0,0
SCGB1A1,0,0,0,0,0,0,0,0,0,0,0,0,-1.45,-1.614,0,0,0,0,0,0,0
GPATCH11,0,0,0,0,0,0,1.614,0,0,0,0,0,0,0,0,0,0,0,0,0,1.374
HULC,0,0,0,0,0,0,0,0,0,0,0,0,0,0,0,0,0,0,0,0,1.614
LINGO3,0,0,0,0,0,0,0,0,0,0,0,0,0,1.614,0,0,0,0,0,0,0
ENSEMBL:ENSG00000258465,0,0,0,0,0,0,0,0,0,0,0,0,0,1.614,0,0,0,0,0,0,0
SLC52A3,0,0,0,0,0,0,0,0,0,0,0,0,0,0,0,0,0,0,1.613,0,0
CNTNAP2,0,0,0,0,0,0,-1.613,0,0,0,0,0,0,0,0,0,0,0,0,0,0
CXCL9,0,0,0,0,0,0,0,0,0,0,0,0,0,0,0,1.613,0,0,0,0,0
TENT5A,0,0,0,0,0,0,0,0,0,0,0,0,-1.342,0,0,1.603,0,0,1.613,0,0
BAZ1A-AS1,0,0,0,0,0,0,0,0,0,0,0,0,0,1.472,0,0,0,0,0,1.613,0
ZNF419,0,0,0,0,0,0,0,0,0,0,0,0,0,0,0,0,0,0,0,-1.613,0
KHDRBS1,0,0,0,0,0,0,0,0,-1.613,0,0,0,0,0,0,0,0,0,0,0,0
RARRES2P4,0,0,0,0,0,0,0,0,0,0,0,0,0,-1.613,0,0,0,0,0,0,0
FAHD2B,0,0,0,0,0,0,0,0,0,0,0,0,0,0,0,0,0,1.612,0,-1.323,0
SLC38A10,0,-1.335,0,0,0,1.612,0,0,0,0,0,0,0,0,0,0,0,0,0,0,0
DNAH6,0,0,0,0,0,0,0,0,0,0,0,0,0,-1.612,0,0,0,0,0,0,0
SUV39H1,0,0,0,0,0,0,0,0,0,0,0,0,0,0,0,0,0,0,0,-1.612,0
MCM8,0,0,0,0,0,0,0,0,0,0,0,0,0,0,0,0,0,0,0,-1.612,0
SLC25A1,0,0,0,0,0,1.611,0,0,0,0,0,0,0,0,0,0,0,0,0,0,0
CYP2D7,0,0,0,0,0,1.611,0,0,0,0,0,0,0,0,0,0,0,0,0,0,0
ZFP57,0,0,0,0,0,1.611,0,0,0,0,0,0,0,0,0,0,0,0,0,0,0
LINC00469,0,0,0,0,0,0,1.611,0,0,0,0,0,0,0,0,0,0,0,0,0,0
CIZ1,0,0,0,0,0,0,0,0,0,0,0,0,0,0,0,-1.599,0,0,-1.611,0,0
PLPP6,0,0,0,0,0,0,0,0,0,0,0,0,0,0,0,0,0,0,-1.508,-1.611,0
SLAMF8,0,0,0,0,0,1.61,0,0,0,0,0,0,0,0,0,0,0,0,0,0,0
TECR,0,-1.313,0,0,0,1.61,0,0,0,0,0,0,0,0,0,0,0,0,0,0,0
POTEF,0,1.61,0,0,0,0,0,0,0,0,0,0,0,0,0,0,0,0,0,0,0
LINC01547,0,0,0,0,0,0,-1.455,0,0,0,0,-1.61,0,0,0,0,0,0,0,0,0
ENSEMBL:ENSG00000272821,0,0,0,0,0,0,1.61,0,0,0,0,0,0,0,0,0,0,0,0,0,0
FGF12,0,0,0,0,0,0,0,0,0,0,0,0,0,0,0,0,0,0,0,0,1.61
PDXDC1,0,0,0,0,0,0,0,0,0,0,0,0,0,0,0,0,0,0,-1.609,0,0
ENSEMBL:ENSG00000234072,0,0,0,0,0,0,0,0,0,0,0,0,-1.411,0,0,0,0,0,0,1.609,0
LINC00205,0,0,0,0,0,-1.609,0,0,0,0,0,0,0,0,0,1.578,0,0,1.411,0,0
DNAJC1,0,-1.54,0,0,0,0,1.609,0,0,0,0,0,0,0,0,0,1.586,0,0,1.438,0
FRS2,0,0,0,0,0,0,0,0,0,0,0,0,0,0,0,0,-1.608,0,0,0,0
OPA1,0,0,0,0,0,-1.394,0,0,0,0,0,0,0,0,0,0,0,1.608,0,0,0
COMMD10,0,0,0,0,0,-1.378,0,0,0,0,0,0,0,0,0,0,0,0,0,1.607,0
MARCHF9,0,0,0,0,0,0,0,0,0,0,0,0,0,-1.607,0,0,0,0,0,0,0
ENSEMBL:ENSG00000289050,0,0,0,0,0,0,1.607,0,0,0,0,0,0,0,0,0,0,0,0,0,0
TTLL1,0,0,0,0,0,0,0,0,0,0,0,0,0,-1.607,0,0,0,0,0,0,1.336
TAF1,0,0,0,0,0,-1.607,-1.529,0,0,0,0,0,0,0,0,0,-1.401,0,0,-1.532,0
ALG11,0,-1.607,0,0,0,0,0,0,0,0,0,0,0,0,0,0,0,0,0,0,0
NDUFB9,0,1.607,0,0,0,0,0,0,0,0,0,0,0,0,0,0,0,0,0,0,0
C1orf122,0,0,0,0,0,1.356,1.451,0,0,0,0,0,0,0,0,0,0,0,0,1.607,1.444
SLC30A1,0,0,0,0,0,-1.452,0,0,0,0,0,0,0,0,0,0,0,0,-1.427,-1.606,0
FAM241A,0,-1.595,0,0,0,0,0,0,0,0,0,0,0,0,0,0,0,0,0,1.606,0
MRPS35,0,0,0,0,0,0,0,0,0,0,0,0,0,0,0,0,0,1.605,0,0,0
PDIA4,0,0,0,0,0,1.605,1.583,0,0,0,0,0,0,0,0,0,0,0,0,0,0
SUMO2,0,0,0,0,0,0,0,0,0,0,0,0,1.605,0,0,0,0,0,0,0,0
GNG8,0,0,0,0,0,0,0,0,0,-1.605,0,0,0,0,0,0,0,0,0,0,0
ZNF85,0,0,0,0,0,0,0,0,0,0,0,0,0,0,0,0,0,0,-1.605,0,0
SAMD13,0,0,0,0,0,0,0,0,0,0,0,0,0,0,0,0,0,0,0,-1.604,0
PYGM,0,0,0,0,0,0,0,0,0,0,0,0,0,0,0,0,0,0,-1.604,0,0
ZIK1,0,0,0,0,0,0,0,0,0,0,0,0,0,0,0,0,0,0,0,-1.603,0
PRPF3,0,0,0,0,0,0,0,0,0,0,0,0,0,0,0,0,0,-1.603,0,0,0
CCDC18,0,0,0,0,0,0,0,0,0,0,0,0,0,0,0,0,0,1.603,0,0,0
HADHB,0,0,0,0,0,0,0,0,0,1.465,0,0,0,0,0,0,0,0,-1.603,0,0
CCL3|ENSG00000277632,0,0,0,0,0,1.603,0,0,0,0,0,0,0,0,0,0,0,0,0,0,0
UBE2L3,0,0,0,0,0,1.602,0,0,0,0,0,0,0,0,0,-1.353,0,0,0,0,0
ENSEMBL:ENSG00000272763,0,0,0,0,0,0,1.602,0,0,0,0,0,0,0,0,0,0,0,0,0,0
TRMT6,0,0,0,0,0,0,0,0,0,0,0,0,-1.602,0,0,0,0,0,0,0,0
PYURF,0,0,0,0,0,0,0,0,0,0,0,0,-1.602,0,0,0,0,0,0,0,0
PIGY,0,0,0,0,0,0,0,0,0,0,0,0,-1.602,0,0,0,0,0,0,0,0
TC2N,0,0,0,0,0,-1.47,0,0,0,0,0,0,0,-1.602,0,0,0,0,0,0,0
LAMA5,0,0,0,0,0,-1.425,0,0,0,0,0,-1.602,0,0,0,0,0,0,0,0,0
TMEM184A,0,0,0,0,0,0,0,0,0,0,0,0,0,0,0,0,0,0,0,0,-1.602
IFITM3,0,0,0,0,0,0,0,0,0,0,0,0,1.602,0,0,0,0,0,0,1.448,0
TTC7A,0,-1.602,0,0,0,0,0,0,0,0,0,0,0,-1.43,0,0,0,0,0,0,0
ATG10,0,0,0,0,0,0,0,0,0,0,0,0,0,0,0,0,0,1.601,0,0,0
USP14,0,0,0,0,0,0,0,0,0,0,0,0,-1.598,-1.601,0,0,0,0,0,0,0
NEU3,0,0,0,0,0,0,0,0,0,0,0,0,0,0,0,0,0,0,0,1.6,0
LRRC77P,0,0,0,0,0,0,0,0,0,0,0,0,0,0,0,0,0,1.6,0,0,0
UPF3B,0,0,0,0,0,0,0,0,0,0,0,0,0,0,0,0,0,0,0,-1.6,0
DSP,0,0,0,0,0,-1.484,-1.6,0,0,0,0,0,0,0,0,0,0,0,0,0,0
FMR1,0,0,0,0,0,-1.6,0,0,0,0,0,0,0,1.336,0,0,0,0,0,0,0
HLA-G,0,-1.599,0,0,0,0,0,0,0,0,0,0,0,0,0,0,0,0,0,0,0
STEAP2,0,-1.599,0,0,0,0,0,0,0,0,0,0,0,0,0,0,0,0,0,0,0
SGSM3,0,0,0,0,0,1.599,0,0,0,0,0,0,0,0,0,0,0,0,0,0,-1.302
IRX6,0,0,0,0,0,0,0,0,0,0,0,0,0,0,0,-1.598,0,0,0,0,0
CSKMT,0,0,0,0,0,0,1.598,0,0,0,0,0,0,0,0,0,0,0,0,0,0
GPX1P1,0,0,0,0,0,-1.494,-1.598,0,0,0,0,0,0,0,0,0,0,0,0,0,0
LINC02610,0,0,0,0,0,1.598,0,0,0,0,0,0,0,0,0,0,0,0,0,0,0
FDX2,0,0,0,0,0,0,0,0,0,0,0,0,0,0,0,0,0,0,0,0,1.598
ENSEMBL:ENSG00000258439,0,0,0,0,0,0,0,0,0,1.597,0,0,0,0,0,0,0,0,0,0,0
VPS51,0,0,0,0,0,0,0,0,0,0,0,0,0,-1.597,0,0,0,0,0,0,0
TLE2,0,0,0,0,0,0,0,0,0,-1.369,0,0,0,-1.595,0,0,0,0,0,0,-1.597
MFAP1P1,0,0,0,0,0,0,0,0,0,0,0,0,0,0,0,0,0,0,0,-1.597,0
TBCEL,0,0,0,0,0,0,0,0,0,0,0,0,0,0,0,0,0,0,0,-1.597,0
BTAF1,0,0,0,0,0,-1.597,0,0,0,0,0,0,0,0,0,0,0,0,0,0,0
ERGIC3,0,0,0,0,0,0,0,0,0,0,0,0,0,-1.597,0,0,0,0,0,0,0
ENSEMBL:ENSG00000272720,0,0,0,0,0,0,0,0,0,0,0,0,0,0,0,0,0,0,0,-1.596,0
ZNF404,0,0,0,0,0,0,0,0,0,0,0,0,0,0,0,0,0,0,0,-1.596,0
NUBP2,0,0,0,0,0,1.595,0,0,0,0,0,0,0,0,0,0,0,0,0,0,0
PGAM2,0,0,0,0,0,0,0,0,0,0,0,0,0,0,0,0,0,1.595,0,0,0
CEACAM8,0,1.595,0,0,0,0,1.518,0,0,0,0,0,0,0,0,0,0,0,0,0,0
UBQLN4,0,1.595,0,0,0,0,0,0,0,0,0,0,0,0,0,0,0,0,0,0,0
SURF6,0,-1.595,0,0,0,0,0,0,0,0,0,0,0,0,0,0,0,0,0,0,0
FABP9,0,1.595,0,0,0,0,0,0,0,0,0,0,0,0,0,0,0,0,0,0,0
TIMP4,0,1.595,0,0,0,0,0,0,0,0,0,0,0,0,0,0,0,0,0,0,0
IFI30,0,-1.595,0,0,0,0,0,0,0,0,0,0,0,0,0,0,0,0,0,0,0
MSTO1,0,1.595,0,0,0,0,0,0,0,0,0,0,0,0,0,0,0,0,0,0,0
NDUFS1,0,0,0,0,0,0,0,0,0,0,0,0,0,0,0,0,0,1.595,0,0,0
PGRMC2,0,0,0,0,0,0,0,0,0,0,0,0,0,0,0,0,0,1.595,0,0,0
RFK,0,0,0,0,0,0,0,0,0,0,0,0,0,0,0,0,0,1.595,0,0,1.306
RWDD2A,0,0,0,0,0,0,0,0,0,0,0,0,0,0,0,0,0,0,0,-1.595,0
ACTG1P4,0,0,0,0,0,0,0,0,0,0,0,0,0,0,0,0,0,0,0,-1.595,0
CPT1C,0,0,0,0,0,0,0,0,0,0,0,0,0,0,0,0,-1.594,0,0,0,0
SMG6,0,0,0,0,0,0,0,0,0,-1.563,0,0,-1.594,-1.367,0,0,0,0,0,0,0
ENSEMBL:ENSG00000279329,0,0,0,0,0,0,0,0,0,0,0,0,-1.594,0,0,0,0,0,0,0,0
YEATS2,0,0,0,0,0,0,0,0,0,0,0,0,0,0,0,0,0,0,0,-1.354,1.594
SGO2,0,0,0,0,0,0,0,0,0,0,0,0,0,0,0,0,0,0,0,0,1.594
ERICH1,0,0,0,0,0,0,0,0,0,0,0,0,0,0,0,0,0,0,1.594,0,0
ZNF654,0,0,0,0,0,-1.594,0,0,0,0,0,0,0,0,0,0,0,0,0,0,0
EPB41L3,0,-1.593,0,0,0,-1.405,0,0,0,0,0,-1.437,0,0,0,0,0,0,0,0,0
VLDLR,0,0,0,0,0,0,0,0,0,0,0,0,0,0,0,0,0,0,0,0,1.592
FAM117A,0,0,0,0,0,0,0,0,0,0,0,0,1.592,0,0,0,-1.31,0,0,0,0
LINC00663,0,0,0,0,0,0,0,0,0,0,0,0,0,0,0,0,-1.49,0,0,-1.592,0
MED14,0,0,0,0,0,0,0,0,0,0,0,0,0,0,0,0,0,0,0,0,-1.592
ITPR1,0,0,0,0,0,-1.592,0,0,0,0,0,-1.328,0,0,0,0,0,0,0,0,0
NDUFA5,0,0,0,0,0,0,0,0,0,0,0,0,0,0,0,0,0,1.591,0,0,0
ZNF710,0,0,0,0,0,0,0,0,0,0,0,0,0,0,0,0,0,0,0,-1.591,0
RNPS1,0,0,0,0,0,1.591,0,0,0,0,0,0,0,0,0,0,0,0,0,0,0
C12orf60,0,0,0,0,0,0,0,0,0,0,0,0,0,0,0,0,0,0,0,-1.591,0
SLC7A2,0,0,0,0,0,0,0,0,0,0,0,0,0,0,0,0,0,0,0,1.591,-1.432
PLXDC1,0,0,0,0,0,0,0,0,0,0,0,0,0,-1.59,0,0,0,0,0,0,0
SH2D3A,0,0,0,0,0,0,0,0,0,0,0,0,-1.59,-1.445,0,0,0,0,0,0,0
LRP1,0,-1.495,0,0,0,0,1.341,0,0,0,0,-1.589,0,0,0,0,0,0,0,0,0
PSMD10,0,1.589,0,0,0,0,0,0,0,0,0,0,0,0,0,0,0,0,0,0,0
RBM4B,0,0,0,0,0,0,0,0,0,0,0,0,0,0,0,0,0,0,0,-1.589,0
ENGASE,0,0,0,0,0,0,0,0,0,0,0,0,0,-1.589,0,0,0,0,0,-1.533,0
MAP4K3,0,0,0,0,0,0,0,0,0,0,0,0,0,0,0,0,0,0,0,0,-1.588
KIF7,0,0,0,0,0,0,1.588,0,0,0,0,0,0,0,0,0,0,0,0,0,0
CRIP1,0,0,0,0,0,0,1.588,0,0,0,0,0,0,0,0,0,0,0,0,0,0
SLC9B1,0,0,0,0,0,0,0,0,0,0,0,0,0,-1.587,0,0,0,0,0,0,0
NDUFA9,0,0,0,0,0,0,0,0,0,0,0,0,0,0,0,0,0,1.587,0,0,0
IL33,0,0,0,0,0,0,0,0,0,0,0,0,0,0,0,0,-1.587,0,0,0,0
PDZRN4,0,0,0,0,0,0,0,0,0,0,0,0,0,0,0,0,-1.587,0,0,-1.518,0
CENPL,0,0,0,0,0,0,0,0,0,0,0,0,0,0,0,0,0,0,0,1.587,0
PRPF40A,0,0,0,0,0,-1.586,0,0,0,0,0,0,0,0,0,0,0,0,0,0,0
ENSEMBL:ENSG00000273192,0,0,0,0,0,1.586,0,0,0,0,0,0,0,0,0,0,0,0,0,0,0
PHF7,0,0,0,0,0,0,0,0,0,0,0,0,0,0,0,0,1.586,0,0,0,0
EVI5,0,0,0,0,0,0,0,0,0,0,0,-1.586,0,0,0,0,0,0,0,0,0
CNNM2,0,0,0,0,0,0,0,0,0,0,0,0,0,0,0,0,1.585,0,0,0,0
CFAP69,0,0,0,0,0,0,0,0,0,0,0,0,0,0,0,0,0,0,0,-1.585,0
ENSEMBL:ENSG00000254452,0,0,0,0,0,1.585,0,0,0,0,0,0,0,0,0,0,0,0,0,0,0
GSDMD,0,0,0,0,0,1.583,1.43,0,0,0,0,0,0,0,0,0,0,0,0,0,0
HMGCS1,0,0,0,0,0,0,0,0,0,0,0,0,0,0,0,0,0,1.583,0,0,0
VPS26A,0,0,0,0,0,0,1.583,0,0,0,0,0,0,0,0,0,1.557,0,0,0,0
NBN,0,0,0,0,0,0,0,0,0,0,0,0,0,0,0,0,0,0,0,0,-1.582
ENSEMBL:ENSG00000232807,0,0,0,0,0,0,0,0,0,0,0,0,0,0,0,0,0,0,0,1.582,0
OR2A1,0,0,0,0,0,0,0,0,0,0,0,0,-1.582,-1.389,0,0,0,0,0,0,0
LSP1P4,0,0,0,0,0,0,0,0,0,0,0,0,0,0,0,0,0,0,0,-1.581,0
ATP6V0E2,0,0,0,0,0,0,0,0,0,0,0,0,0,-1.581,0,0,0,1.427,0,0,0
DEGS2,0,0,0,0,0,1.581,0,0,0,0,0,0,0,0,0,0,0,0,0,0,0
ENSEMBL:ENSG00000255801,0,0,0,0,0,0,0,0,0,0,0,0,1.581,1.454,0,0,0,0,0,0,0
SLC41A3-AS1,0,0,0,0,0,0,0,0,0,0,0,0,0,0,0,0,0,0,0,0,-1.581
TMEM30A,0,0,0,0,0,0,0,0,0,1.311,0,0,0,1.581,0,0,0,0,0,0,0
MRPL33,0,1.581,0,0,0,0,0,0,0,0,0,0,0,0,0,0,0,0,0,0,0
ACTR5,0,1.581,0,0,0,0,0,0,0,0,0,0,0,0,0,0,0,0,0,0,0
CLDN1,0,0,0,0,0,0,0,0,0,0,0,0,0,0,0,0,-1.437,0,0,-1.581,0
CLMP,0,0,0,0,0,0,0,0,0,0,0,0,-1.58,0,0,0,0,0,0,0,0
NBL1,0,0,0,0,0,0,0,0,0,0,0,0,-1.58,-1.48,0,0,0,0,0,1.504,0
PAIP1,0,0,0,0,0,1.58,0,0,0,0,0,0,0,0,0,0,0,0,-1.364,0,0
ENSEMBL:ENSG00000255182,0,0,0,0,0,0,0,0,0,0,0,0,0,0,0,0,0,1.58,0,0,0
AUH,0,0,0,0,0,0,0,0,1.58,0,0,0,0,0,0,0,0,0,0,0,0
RAPGEF4,0,0,0,0,0,0,0,0,0,0,0,0,0,0,0,0,0,0,0,1.579,0
WFIKKN1,0,0,0,0,0,0,0,0,0,0,0,0,0,0,0,1.579,0,0,0,0,0
MICB,0,0,0,0,0,0,0,0,0,0,0,0,1.578,0,0,0,0,0,0,0,0
ENSEMBL:ENSG00000251602,0,0,0,0,0,0,0,0,0,0,0,0,0,0,0,0,0,0,0,0,1.578
SETD6,0,0,0,0,0,0,0,0,0,0,0,0,0,0,0,0,1.331,0,0,0,-1.578
MT-TC,0,0,0,0,0,0,0,0,0,0,0,0,0,0,0,0,0,0,0,-1.578,0
TSN,0,0,0,0,0,0,0,0,-1.465,0,0,0,-1.342,0,0,0,0,1.577,0,0,0
GOLGA8A,0,0,0,0,0,-1.577,0,0,0,0,0,0,0,0,0,0,0,0,0,0,0
LINC01550,0,0,0,0,0,0,0,0,0,0,0,0,0,-1.576,0,0,0,0,0,0,0
AAMP,0,0,0,0,0,1.438,0,0,0,0,0,0,0,0,0,0,0,0,0,0,1.576
HOXD8,0,0,0,0,0,0,0,0,0,0,0,0,0,0,0,0,0,0,0,-1.576,0
DNAJC4,0,0,0,0,0,0,0,0,0,0,0,0,0,0,0,-1.576,0,0,0,0,0
COL6A1,0,-1.576,0,0,0,0,0,0,0,0,0,0,0,0,0,0,0,0,0,0,0
MN1,0,0,0,0,0,0,0,0,0,0,0,0,0,0,0,0,0,0,0,-1.575,0
MED30,0,0,0,0,0,0,0,0,0,0,0,0,1.575,0,0,0,0,0,0,0,0
CXCR2P1,0,0,0,0,0,0,0,0,0,0,0,0,1.575,0,0,0,0,0,0,0,0
ENSEMBL:ENSG00000253177,0,0,0,0,0,0,0,0,0,0,0,0,0,0,0,0,1.575,0,0,0,0
ADGRA2,0,0,0,0,0,0,0,0,0,0,0,0,0,0,0,0,-1.575,0,0,0,0
ENSEMBL:ENSG00000273217,0,0,0,0,0,0,0,0,0,0,0,0,0,-1.575,0,0,0,0,0,0,0
YIPF4,0,-1.342,0,0,0,0,0,0,0,0,0,0,0,1.574,0,0,0,0,0,0,0
ENSEMBL:ENSG00000260196,0,0,0,0,0,0,1.395,0,0,0,0,0,0,0,0,0,1.574,0,0,0,0
ABHD17C,0,0,0,0,0,0,0,0,0,0,0,1.574,0,0,0,0,0,0,0,0,0
COQ9,0,0,0,0,0,0,0,0,0,0,0,0,0,0,0,0,0,1.574,0,0,0
PDCD5,0,1.573,0,0,0,0,0,0,0,0,0,0,0,0,0,0,0,0,0,0,0
LONP2,0,0,0,0,0,0,0,0,0,0,0,0,0,0,0,0,0,1.496,0,0,1.573
HIRIP3,0,0,0,0,0,1.35,1.573,0,0,0,0,0,0,0,0,0,0,0,0,0,0
ZBTB48,0,0,0,0,0,0,0,0,0,0,0,0,0,0,0,0,1.573,0,0,0,0
CA11,0,0,0,0,0,0,0,0,0,-1.573,0,0,0,0,0,0,0,0,0,0,0
DDC,0,0,0,0,0,0,0,0,0,0,0,0,0,0,-1.573,0,0,0,0,0,0
HSBP1L1,0,0,0,0,0,0,0,0,0,0,0,0,0,0,0,0,0,0,0,0,-1.572
BHLHB9,0,0,0,0,0,0,0,0,0,0,0,0,0,0,0,0,0,0,0,-1.572,0
PDGFRA,0,0,0,0,0,0,0,0,0,0,0,0,0,0,0,0,0,0,0,0,-1.571
INTS6L,0,0,0,0,0,-1.571,0,0,0,0,0,0,0,0,0,0,0,0,0,0,0
ARL17A,0,0,0,0,0,0,0,0,0,0,0,0,0,0,0,0,0,0,1.571,0,0
PIN4,0,0,0,0,0,0,0,0,0,-1.571,0,0,0,0,0,0,0,0,0,0,0
TTC32,0,0,0,1.571,0,0,0,0,0,0,0,0,0,0,0,0,0,0,0,0,0
POMP,0,0,0,0,0,0,0,0,0,0,0,0,0,0,0,0,0,0,0,0,1.571
UTRN,0,-1.57,0,0,0,0,0,0,0,0,0,0,0,0,0,0,0,0,0,0,0
CD109,0,0,0,0,0,0,1.57,0,0,0,0,0,0,0,0,0,0,0,0,0,0
ENSEMBL:ENSG00000260121,0,0,0,0,0,0,0,0,0,0,0,0,0,0,0,0,0,0,0,1.57,0
PITX1,0,0,0,0,0,0,0,0,0,0,0,0,0,0,0,0,0,0,0,1.57,0
PPP3CB-AS1,0,0,0,0,0,0,0,-1.326,0,0,0,-1.317,-1.569,0,0,0,0,0,0,0,0
CREM,0,0,0,0,0,0,1.314,0,0,0,0,1.569,0,0,0,0,0,0,0,1.561,0
MRPL37,0,0,0,0,0,0,0,0,0,-1.569,0,0,0,-1.358,0,0,0,0,0,0,0
FLVCR1,0,0,0,0,0,0,-1.569,0,0,0,0,0,0,0,0,0,0,0,0,0,0
ATOX1,0,0,0,0,0,1.569,0,0,0,0,0,0,0,0,0,0,0,0,0,0,0
HPDL,0,0,0,0,0,0,0,0,0,0,0,0,0,0,0,0,1.569,0,0,0,0
PLEKHM2,0,0,0,0,0,0,0,0,0,0,0,0,0,0,0,0,1.568,0,0,1.471,0
RMND5B,0,0,0,0,0,0,0,0,0,0,0,0,0,0,0,0,0,0,0,0,1.568
GRIPAP1,0,0,0,0,0,0,0,0,0,0,0,0,1.568,1.321,0,0,0,0,0,-1.488,0
CXCR4,0,0,0,0,0,0,0,0,0,0,0,0,1.568,0,0,0,0,0,0,0,0
TSR2,0,0,0,0,0,1.568,0,0,0,0,0,0,0,0,0,0,0,0,0,0,0
RFX5,0,0,0,0,0,0,0,0,0,0,0,0,0,0,0,0,-1.567,0,0,0,0
POGLUT1,0,0,0,0,0,-1.567,0,0,0,0,0,0,0,0,0,0,0,0,0,0,0
USP45,0,0,0,0,0,0,0,0,0,0,0,0,0,0,0,0,0,0,0,-1.567,0
CDC42EP5,0,0,0,0,0,0,0,0,0,0,0,0,0,0,0,0,0,0,0,1.567,0
MRPS27,0,0,0,0,0,0,0,0,0,0,0,0,0,0,0,0,0,0,0,-1.567,0
ENSEMBL:ENSG00000288856,0,0,0,0,0,0,0,0,0,0,0,0,0,-1.567,0,0,0,0,0,0,0
PKM,0,0,0,0,0,0,0,0,0,0,0,0,0,0,0,0,0,0,-1.567,0,0
TBC1D5,0,0,0,0,0,0,0,0,0,0,0,0,0,0,0,0,0,0,-1.566,0,0
QTRT2,0,0,0,0,0,0,0,0,0,0,0,-1.379,0,0,0,0,0,0,0,1.566,0
TMEM119,0,0,0,0,0,0,0,0,0,0,0,0,0,0,0,0,0,0,0,0,1.566
SPRY1,0,0,0,0,0,0,0,0,0,0,0,0,0,0,0,0,-1.452,0,0,0,1.565
LRRC37B,0,0,0,0,0,-1.468,0,0,0,0,0,0,0,0,0,0,0,0,0,0,-1.565
ENSEMBL:ENSG00000260197,0,0,0,0,0,0,1.565,0,0,0,0,0,0,0,0,0,0,0,0,-1.342,0
AMN1,0,0,0,0,0,0,0,0,0,0,0,0,0,1.564,0,0,0,0,0,0,0
TTR,0,1.564,0,0,0,0,0,0,0,0,0,0,0,0,0,0,0,0,0,0,0
PXDNL,0,0,0,0,0,0,0,0,0,0,0,0,0,0,0,0,0,0,0,0,-1.564
ZNF234,0,0,0,0,0,0,0,0,0,0,0,0,0,0,0,0,0,-1.564,0,-1.497,0
NDUFA12,0,0,0,0,0,0,0,0,0,0,0,0,0,-1.563,0,0,0,0,0,0,0
SMDT1,0,0,0,0,0,0,0,0,0,0,0,0,-1.383,-1.563,0,0,0,0,0,0,0
OGT,0,0,0,0,0,0,0,0,0,0,0,0,0,0,0,0,0,0,0,1.563,0
AK6,0,0,0,0,0,0,0,0,0,0,0,0,0,0,0,0,0,0,0,1.563,0
CERS5,0,0,0,0,0,0,0,0,0,0,0,0,0,1.563,0,0,0,0,0,0,0
CNOT2,0,0,0,0,0,0,0,0,0,0,0,0,0,0,0,0,0,0,0,1.563,0
CHAF1A,0,0,0,0,0,0,0,0,0,0,0,0,0,0,0,0,0,0,0,-1.563,0
ARIH1,0,0,0,0,0,0,0,0,0,0,0,0,1.352,0,0,0,0,0,0,1.563,0
SPINT1,0,0,0,0,0,0,1.562,0,0,0,0,0,0,0,0,0,0,0,0,0,0
ZNF32,0,0,0,0,0,0,0,0,0,0,0,0,0,-1.562,0,0,0,0,0,0,0
SSNA1,0,0,0,0,0,1.562,0,0,0,0,0,0,0,0,0,0,0,0,0,0,0
MRPL18,0,0,0,0,0,0,1.513,0,0,0,0,0,0,0,0,0,0,0,0,0,1.562
CCR5AS,0,0,0,0,0,0,1.562,0,0,0,0,0,0,0,0,0,0,0,0,0,0
RASSF1-AS1,0,0,0,0,0,0,1.562,0,0,0,0,0,0,0,0,0,0,0,0,0,0
ENSEMBL:ENSG00000272693,0,0,0,0,0,0,-1.561,0,0,0,0,0,0,0,0,0,0,0,0,0,0
LINC00653,0,0,0,0,0,0,0,0,0,0,0,0,0,0,0,0,0,0,0,-1.561,0
RNF2,0,0,0,0,0,0,0,0,0,0,0,0,0,0,0,0,0,0,0,-1.56,0
HPN-AS1,0,0,0,0,0,0,0,0,0,0,0,0,0,0,0,0,0,0,0,-1.56,-1.407
SLC33A1,0,-1.415,0,0,0,0,0,0,0,0,0,0,0,0,0,0,0,0,0,-1.56,0
FAM86C1P,0,0,0,0,0,0,0,0,0,0,0,0,0,0,0,0,0,0,0,0,1.559
ENSEMBL:ENSG00000284820,0,0,0,0,0,0,0,0,0,0,0,0,0,0,0,0,0,0,0,-1.559,0
NOTCH2NLC,0,0,0,0,0,0,0,0,0,0,0,0,-1.558,0,0,0,1.407,0,0,0,0
MTCH1,0,0,0,0,0,0,0,0,0,0,0,0,0,1.558,0,0,0,0,0,0,0
NOC3L,0,0,0,0,0,0,0,0,0,0,0,0,-1.558,0,0,0,0,0,0,1.425,0
CTDNEP1,0,0,0,0,0,0,0,0,0,0,0,0,1.558,0,0,0,0,0,0,0,0
SEC24C,0,0,0,0,0,0,0,0,0,0,0,0,0,0,0,0,0,0,0,-1.557,0
ENSEMBL:ENSG00000206567,0,0,0,0,0,0,0,0,0,0,0,0,0,0,0,0,-1.556,0,0,-1.379,0
ACAP1,0,0,0,0,0,1.449,0,0,0,0,0,1.556,0,0,0,0,0,0,0,0,0
SLC46A2,0,0,0,0,0,0,0,0,0,0,0,-1.556,0,0,0,0,0,0,0,0,0
HPS1,0,0,0,0,0,0,0,0,1.555,0,0,0,0,0,0,0,0,0,0,0,1.363
MTND4P22,0,0,0,0,0,0,0,0,1.555,0,0,0,0,1.393,0,0,0,0,0,0,0
NDST2,0,0,0,0,0,0,0,0,0,0,0,0,0,0,0,0,0,0,0,1.555,0
TRIM51EP,0,0,0,0,0,0,0,0,0,0,0,0,0,-1.555,0,0,0,0,0,0,0
LPAR6,0,0,0,0,0,0,0,-1.555,0,0,0,0,0,0,0,0,0,0,0,0,0
NOB1,0,0,0,0,0,0,0,0,0,0,0,0,0,-1.555,0,0,0,0,0,0,0
PSMB1,0,0,0,0,0,1.554,0,0,0,0,0,0,0,0,0,0,0,0,0,1.53,0
ZNF154,0,0,0,0,0,0,0,0,0,0,0,0,0,0,0,0,0,0,0,1.554,0
SSR4,0,0,0,0,0,1.554,0,0,0,0,0,0,0,0,0,0,0,0,0,0,0
HRAT92,0,0,0,0,0,0,0,0,0,0,0,0,1.554,0,0,0,0,0,0,0,0
BUB3,0,0,0,0,0,0,0,0,0,0,0,0,0,0,0,0,0,0,0,-1.554,0
CISD2,0,0,0,0,0,0,0,0,0,0,0,0,0,-1.495,0,0,0,1.553,0,0,0
PAPOLG,0,0,0,0,0,0,0,0,0,0,0,0,0,0,0,0,0,-1.506,0,0,-1.553
LINC01422,0,0,0,0,0,0,0,0,0,0,0,0,0,0,0,0,0,0,0,-1.471,1.553
ENSA,0,0,0,0,0,0,0,0,0,0,0,0,0,0,0,0,0,0,0,1.553,0
CD40,0,0,0,0,0,0,0,0,0,0,0,-1.553,0,0,0,0,0,0,0,0,0
NIT2,0,0,0,0,0,0,0,0,0,0,0,0,0,0,0,0,0,0,1.553,0,0
SURF2,0,0,0,0,0,0,0,0,0,0,0,0,0,0,0,0,0,0,0,-1.553,0
PDHB,0,0,0,0,0,0,1.552,0,0,0,0,0,0,0,0,0,0,0,0,0,0
ENSEMBL:ENSG00000273449,0,0,0,0,0,0,1.552,0,0,0,0,0,0,0,0,0,0,0,0,0,0
GALE,0,0,0,0,0,0,1.552,0,0,0,0,0,0,0,0,0,0,0,0,0,0
ROBO3,0,0,0,0,0,0,1.552,0,0,0,0,0,0,-1.358,0,0,0,0,0,0,0
MIR100HG,0,0,0,0,0,0,0,0,0,0,0,0,0,0,0,0,0,0,0,-1.552,0
ENSEMBL:ENSG00000283743,0,0,0,0,0,0,0,0,1.552,0,0,0,0,0,0,0,0,0,0,0,0
SWSAP1,0,0,0,0,0,0,0,0,0,0,0,0,0,0,0,0,0,1.552,0,0,0
SIGLEC5|ENSG00000105501,0,0,0,0,0,0,1.551,0,0,0,0,0,0,0,0,0,0,0,0,0,0
F3,0,0,0,0,0,0,1.551,0,0,0,0,0,0,0,0,0,0,0,0,0,0
SYT15,0,0,0,0,0,0,0,0,0,0,0,0,0,0,0,0,-1.551,0,0,0,0
ITGA9,0,0,0,0,0,-1.551,0,0,0,0,0,0,0,0,0,0,0,0,0,0,0
DNAJB12,0,0,0,0,0,0,0,0,0,1.551,0,0,0,1.523,0,0,0,0,0,0,0
FOXS1,0,0,0,0,0,0,0,0,0,0,0,0,0,0,0,-1.551,0,0,0,0,0
CELA3A,0,0,0,0,0,0,1.55,0,0,0,0,0,0,0,0,0,0,0,0,0,0
MATN2,0,0,0,0,0,0,1.55,0,0,0,0,0,0,0,0,0,0,0,0,0,0
ASTL,0,0,0,0,0,0,0,0,0,0,0,0,0,-1.55,0,0,0,0,0,0,0
CUL1,0,0,0,0,0,0,0,0,0,0,0,0,0,-1.55,0,0,0,0,0,0,0
AEBP1,0,0,0,0,0,0,0,0,0,0,0,0,0,-1.55,0,0,0,0,0,0,0
MTND3P9,0,0,0,0,0,0,1.55,0,0,0,0,0,0,0,0,0,0,0,0,0,0
MCFD2,0,0,0,0,0,0,0,0,0,0,0,0,0,0,0,0,0,0,-1.549,0,0
AQR,0,0,0,0,0,0,0,0,0,0,0,0,0,0,0,0,-1.549,0,0,0,0
C1orf109,0,0,0,0,0,0,0,0,0,0,0,0,0,0,0,0,0,0,0,1.549,0
ZNF25,0,0,0,0,0,0,0,0,0,0,0,0,0,0,0,0,0,0,0,0,-1.549
ZNF514,0,0,0,0,0,0,0,0,0,0,0,0,0,0,0,0,0,0,0,0,-1.549
ENSEMBL:ENSG00000244313,0,0,0,0,0,0,-1.549,0,0,0,0,0,0,0,0,0,0,0,0,0,0
MYO6,0,0,0,0,0,0,1.549,0,0,0,0,0,0,0,0,0,0,0,0,0,0
BCOR,0,0,0,0,0,-1.548,0,0,0,0,0,0,0,0,0,0,0,0,0,0,0
CLPTM1,0,0,0,0,0,0,1.418,0,0,0,0,0,0,0,0,0,0,1.548,0,0,0
CDC14B,0,0,0,0,0,0,0,0,0,0,0,0,1.548,0,0,0,0,0,0,0,0
LINC00265,0,0,0,0,0,0,0,0,0,0,0,0,0,0,0,0,0,0,0,-1.548,0
CDKN2A,0,0,0,0,0,1.548,0,0,0,0,0,0,0,0,0,0,0,0,0,0,0
LTK,0,0,0,0,0,0,0,0,0,0,0,1.548,0,-1.317,0,0,0,0,0,0,0
RAB4A,0,0,0,0,0,0,0,0,0,0,0,0,0,-1.548,0,0,0,0,0,0,0
TBCD,0,0,0,0,0,0,0,0,0,0,0,0,0,0,0,0,0,0,0,1.548,0
LINP1,0,0,0,0,0,0,0,0,0,0,0,0,0,0,0,0,0,0,0,-1.548,0
CLUAP1,0,0,0,0,0,0,0,0,0,0,0,0,0,-1.484,0,-1.548,0,0,0,0,0
GUSBP14,0,0,0,0,0,0,0,0,0,0,0,0,0,0,0,0,0,0,0,-1.547,0
C7orf26,0,0,0,0,0,0,1.537,0,0,0,0,0,-1.547,0,0,0,0,0,0,0,0
ZNF829,0,0,0,0,0,0,0,0,0,0,0,0,0,0,0,0,0,0,0,-1.547,0
UHMK1,0,0,0,0,0,0,0,0,0,0,0,0,0,0,0,0,0,0,0,-1.505,-1.546
SV2B,0,0,0,0,0,0,0,0,0,0,0,0,0,0,0,0,-1.545,0,0,0,0
MAGOH2P,0,0,0,0,0,0,-1.545,0,0,0,0,0,0,0,0,0,0,0,0,0,0
ZNF574,0,0,0,0,0,0,1.545,0,0,0,0,0,0,0,0,0,0,0,-1.53,0,0
CREB3L2,0,0,0,0,0,0,0,0,0,0,0,0,0,0,0,0,0,0,0,1.545,0
TMEM50B,0,0,0,0,0,0,0,0,0,0,0,0,0,-1.545,0,0,0,0,0,0,0
METTL14,0,0,0,0,0,0,0,0,0,0,0,0,0,0,0,0,0,0,0,-1.545,0
ENSEMBL:ENSG00000285103,0,0,0,0,0,0,0,0,0,0,0,0,0,0,0,0,0,0,0,-1.544,0
PHTF2,0,0,0,0,0,0,0,0,0,0,0,0,0,0,0,0,0,0,0,1.544,0
TRBV10-3,0,0,0,0,0,0,0,0,0,-1.544,0,0,0,-1.345,0,0,0,0,0,0,0
LRRN3,0,0,0,0,0,-1.543,0,0,0,0,0,0,0,0,0,0,0,0,0,0,0
MRPL55,0,0,0,0,0,1.543,1.51,0,0,0,0,0,0,0,0,0,0,0,0,-1.435,-1.306
ENSEMBL:ENSG00000260597,0,0,0,0,0,0,0,0,0,0,0,0,0,0,0,0,-1.543,0,0,0,0
POC1B-AS1,0,0,0,0,0,0,0,0,0,0,0,0,0,0,0,0,0,0,1.543,0,0
GLUD1,0,-1.543,0,0,0,0,0,0,0,0,0,0,0,0,0,0,0,0,0,1.302,0
TRMU,0,0,0,0,0,0,0,0,0,0,0,0,-1.543,0,0,-1.45,0,0,0,0,0
ADTRP,0,0,0,0,0,0,-1.542,0,0,0,0,0,0,0,0,0,0,0,0,0,0
LINC02609,0,0,0,0,0,0,0,0,0,0,0,0,0,0,0,0,0,0,0,0,1.542
SLC4A11,0,0,0,0,0,0,0,0,0,0,0,0,0,0,0,0,-1.542,0,0,0,-1.365
ATL2,0,0,0,0,0,-1.542,0,0,0,0,0,0,0,0,0,0,0,0,0,0,0
ENSEMBL:ENSG00000288848,0,0,0,0,0,0,0,0,0,0,0,1.541,0,0,0,0,0,0,0,0,0
ADAM23,0,0,0,0,0,-1.371,-1.541,0,0,0,0,0,0,0,0,0,0,-1.37,0,0,0
GDI2,0,0,0,0,0,0,0,0,0,0,0,0,0,0,0,0,0,0,0,1.54,0
ALG10,0,0,0,0,0,0,0,0,0,0,0,0,0,0,0,0,0,0,0,-1.54,0
ATP5F1E,0,0,0,0,0,0,0,0,0,0,0,0,1.54,0,0,0,0,1.358,0,0,0
SLC7A6,0,0,0,0,0,0,0,0,0,0,0,0,0,0,0,0,0,0,0,0,-1.54
SPRED2,0,0,0,0,0,0,0,0,0,0,0,0,0,1.54,0,0,0,0,0,1.538,0
RASGRF2,0,0,0,0,0,0,0,0,0,0,0,-1.449,-1.323,-1.54,0,0,0,0,0,0,0
MEIS3,0,0,0,0,0,0,0,0,0,0,0,0,0,0,0,0,0,0,0,1.539,0
SPDYE2B,0,0,0,0,0,0,0,0,0,0,0,0,-1.539,0,0,0,0,0,0,0,0
HCG18,0,0,0,0,0,0,0,0,0,0,0,0,0,0,0,1.504,0,0,1.539,0,0
MTMR4,0,0,0,0,0,-1.467,0,0,0,0,0,0,0,0,0,0,0,0,0,-1.539,0
NPIPA8,0,0,0,0,0,0,0,0,0,0,0,0,0,0,0,0,0,0,0,-1.539,0
ENSEMBL:ENSG00000260249,0,0,0,0,0,0,0,0,0,0,0,0,0,0,0,0,0,0,0,-1.538,0
TAF3,0,0,0,0,0,0,0,0,0,0,0,0,-1.537,0,0,0,0,0,0,0,0
ENSEMBL:ENSG00000198106,0,0,0,0,0,0,0,0,0,0,0,0,-1.537,0,0,0,0,0,0,0,0
RARS2,0,0,0,0,0,0,0,0,0,0,0,0,0,0,0,0,-1.537,0,0,0,0
ADAM9,0,0,0,0,0,-1.536,0,0,0,0,0,0,0,0,0,0,0,0,0,0,0
P2RY12,0,0,0,0,0,-1.536,0,0,0,0,0,0,0,0,0,0,0,0,0,0,0
EMID1,0,0,0,0,0,-1.536,0,0,0,0,0,0,0,0,0,0,0,0,0,0,0
H4C8,0,0,0,0,0,0,0,0,0,0,0,0,0,0,0,0,0,0,0,0,-1.536
LINC00862,0,0,0,0,0,0,0,0,0,1.437,0,0,0,1.536,0,0,0,0,0,0,0
DTYMK,0,0,0,0,0,0,0,0,0,0,0,0,0,0,0,0,0,0,0,-1.536,0
KIF16B,0,0,0,0,0,0,0,0,0,0,0,0,0,0,0,0,0,0,0,0,1.535
PLEKHN1,0,0,0,0,0,0,0,0,0,0,0,0,0,0,0,1.535,0,0,0,0,0
KLRC3,0,0,0,0,0,0,1.535,0,0,0,0,0,0,0,0,0,0,0,0,0,0
ENSEMBL:ENSG00000286656,0,0,0,0,0,0,-1.535,0,0,0,0,0,0,0,0,0,0,0,0,0,0
CSF1R,0,0,0,0,0,0,0,0,-1.534,0,0,0,0,0,0,0,0,0,0,0,0
ENSEMBL:ENSG00000279145,0,0,0,0,0,0,0,0,0,0,0,0,0,0,0,0,0,0,0,-1.534,0
MBD5,0,0,0,0,0,-1.534,0,0,0,0,0,0,0,0,0,0,0,0,0,0,0
DIPK1B,0,0,0,0,0,0,0,0,0,0,0,0,0,0,0,0,0,0,0,-1.533,0
PRAM1,0,0,0,0,0,0,0,0,0,0,0,0,0,1.533,0,0,0,0,0,0,0
TCTN3,0,0,0,0,0,0,0,0,0,0,0,0,0,0,0,0,1.533,0,0,0,0
OTULIN,0,0,0,0,0,0,0,0,0,0,0,0,0,0,0,0,1.532,-1.401,0,0,0
NNT-AS1,0,0,0,0,0,0,0,0,0,0,0,0,0,0,0,0,1.532,0,0,0,0
CPLX3,0,0,0,0,0,0,0,0,0,1.532,0,0,0,0,0,0,0,0,0,0,0
H3C6,0,0,0,0,0,0,0,0,0,0,0,0,0,1.532,0,0,0,0,0,0,0
DPEP3,0,0,0,0,0,0,0,0,0,0,0,0,0,1.532,0,0,0,0,0,0,0
CYB5R1,0,0,0,0,0,0,0,0,0,0,0,0,1.532,0,0,0,0,0,0,0,0
ACSL6,0,0,0,0,0,0,-1.532,0,0,0,0,0,0,-1.327,0,0,0,0,0,0,0
APOM,0,0,0,0,0,0,0,0,0,0,0,0,0,-1.532,0,0,0,0,0,0,0
RPS26,0,0,0,0,0,0,0,0,0,0,0,0,0,-1.532,0,0,0,0,0,0,0
SCP2,0,0,0,0,0,0,1.532,0,0,0,0,0,0,0,0,0,0,0,0,0,0
KCNK2,0,0,0,0,0,0,0,0,0,0,0,0,0,0,0,0,0,0,0,0,-1.531
PITHD1,0,0,0,0,0,0,0,0,0,0,0,0,0,-1.531,0,0,0,0,0,0,0
PDPN,0,0,0,0,0,0,0,0,0,0,0,0,0,0,0,0,1.531,0,0,0,0
MYG1,0,0,0,0,0,0,0,0,0,0,0,0,0,0,0,0,0,1.382,0,0,1.531
MATR3|ENSG00000280987,0,0,0,0,0,0,0,0,0,0,0,0,0,0,0,0,0,0,0,0,-1.531
GPRIN1,0,0,0,0,0,0,0,0,1.409,0,0,0,1.53,0,0,0,0,0,0,0,0
ITGA10,0,0,0,0,0,0,1.53,0,0,0,0,0,0,0,0,0,0,0,0,0,0
GANAB,0,0,0,0,0,0,1.53,0,0,0,0,0,0,0,0,0,0,0,0,0,0
XPO4,0,0,0,0,0,0,0,0,0,0,0,0,0,0,0,0,0,0,0,0,1.529
GRIP2,0,0,0,0,0,0,0,0,0,0,0,0,0,0,0,0,0,0,0,0,1.529
LAMB1,0,0,0,0,0,0,0,0,0,0,0,0,0,0,0,0,0,0,0,1.338,1.529
ZBTB11,0,0,0,0,0,-1.529,0,0,0,0,0,0,0,0,0,0,0,0,0,0,0
UBA6,0,1.528,0,0,0,0,0,0,0,0,0,0,0,0,0,0,0,0,1.494,0,0
FAM98C,0,1.528,0,0,0,0,0,0,0,0,0,0,0,0,0,0,0,0,0,0,0
COPS3,0,1.528,0,0,0,0,0,0,0,0,0,0,0,0,0,0,0,0,0,0,0
ENSEMBL:ENSG00000288930,0,0,0,0,0,0,0,0,0,0,0,0,1.528,0,0,0,0,0,0,0,0
RET,0,0,0,0,0,0,0,0,0,0,0,0,0,0,0,0,0,0,0,0,1.527
SCN9A,0,0,0,0,0,0,0,0,0,0,0,0,0,0,0,0,-1.526,0,0,0,0
CRADD,0,0,0,0,0,1.525,0,0,0,0,0,0,0,0,0,0,0,0,0,0,0
HERC4,0,0,0,0,0,-1.525,-1.377,0,0,0,0,0,0,0,0,0,0,0,0,0,0
IGHG4,0,0,0,0,0,0,0,0,0,0,0,0,0,-1.525,0,0,0,0,0,0,0
AMPH,0,0,0,0,0,0,0,0,0,0,0,0,0,0,0,0,0,0,0,0,-1.525
SDSL,0,0,0,0,0,0,1.524,0,0,0,0,0,0,0,0,0,0,0,0,0,0
RPA3,0,0,0,0,0,1.524,0,0,0,0,0,0,0,0,0,0,0,0,0,0,0
MASP1,0,0,0,0,0,0,1.524,0,0,0,0,0,0,0,0,0,0,0,0,0,-1.499
POLR3GL,0,0,0,0,0,1.523,0,0,0,0,0,0,0,0,0,0,0,0,0,0,0
MZT2A,0,0,0,0,0,0,0,0,0,0,0,0,0,-1.523,0,0,0,0,0,0,0
IGFBPL1,0,0,0,0,0,0,0,0,0,0,0,-1.327,-1.523,0,0,0,0,0,0,0,0
RNF4,0,0,0,0,0,0,0,0,0,0,0,0,0,0,0,0,0,0,0,0,-1.523
DIAPH2,0,0,0,0,0,0,0,0,0,0,0,0,0,0,0,0,0,0,0,1.522,-1.342
CEP89,0,0,0,0,0,0,0,0,0,0,0,0,0,0,0,0,0,0,0,-1.522,0
ABHD14B,0,0,0,0,0,0,0,0,0,0,0,0,0,0,0,-1.522,0,0,0,0,0
SLC35F3,0,0,0,0,0,1.522,0,0,0,0,0,0,0,0,0,0,0,0,0,0,0
PDF,0,0,0,0,0,0,0,0,0,0,0,0,0,0,0,0,0,0,0,0,-1.522
C1orf226,0,0,0,0,0,0,0,0,0,0,0,0,0,0,0,0,-1.521,0,0,-1.455,0
DNAJC21,0,1.521,0,0,0,0,0,0,0,0,0,0,0,0,0,1.436,0,0,0,1.31,0
NIPSNAP3A,0,0,0,0,0,-1.521,0,0,0,0,0,0,0,0,0,0,0,0,0,0,0
MRPL22,0,0,0,0,0,0,0,0,0,0,0,0,0,0,0,0,0,0,0,0,1.521
KCNQ5-AS1,0,0,0,0,0,0,0,0,0,0,0,0,0,0,0,0,-1.521,0,0,0,0
TEX30,0,0,0,0,0,0,0,0,0,0,0,0,0,0,0,0,0,0,0,1.521,0
ATN1,0,0,0,0,0,0,0,0,0,0,0,0,0,-1.492,0,0,-1.521,0,0,0,0
C1QTNF6,0,0,0,0,0,0,0,0,0,0,0,0,0,0,0,0,0,0,0,-1.521,0
UFL1,0,0,0,0,0,-1.521,0,0,0,0,0,0,0,0,0,0,0,0,0,0,0
SKAP1-AS1,0,0,0,0,0,1.521,0,0,0,0,0,0,0,0,0,0,0,0,0,0,0
MB,0,0,0,0,0,0,1.521,0,0,0,0,0,0,0,0,0,0,0,0,0,0
RAPSN,0,0,0,0,0,0,0,0,0,0,0,0,0,0,0,0,1.318,0,0,0,1.521
RELB,0,0,0,0,0,0,0,0,0,0,0,0,0,0,0,0,0,0,0,0,1.521
POLR2B,0,0,0,0,0,0,0,0,0,0,0,0,0,0,0,0,0,0,0,-1.52,0
TRPM5,0,0,0,0,0,0,0,0,0,0,0,0,0,-1.519,0,0,0,0,0,0,0
PEX13,0,0,0,0,0,0,0,0,0,0,0,0,0,0,0,0,0,0,0,0,-1.519
ISCA1,0,0,0,0,0,0,0,0,0,0,0,0,0,0,0,0,0,0,0,1.519,0
ENSEMBL:ENSG00000228172,0,0,0,0,0,0,0,0,0,0,0,0,0,0,0,0,0,1.518,0,0,0
ALKBH4,0,0,0,0,0,0,0,0,0,0,0,0,0,1.518,0,0,0,0,0,-1.372,0
LYSMD3,0,0,0,0,0,0,0,0,0,1.518,0,0,0,0,0,0,0,0,0,0,0
ENSEMBL:ENSG00000284554,0,0,0,0,0,0,1.518,0,0,0,0,0,0,0,0,0,0,0,0,0,0
TFDP1,0,0,0,0,0,-1.517,0,0,0,0,0,0,0,0,0,0,0,0,0,0,0
ENSEMBL:ENSG00000251364,0,0,0,0,0,0,0,0,0,0,0,0,0,0,0,0,0,1.517,0,0,0
ENSEMBL:ENSG00000279631,0,0,0,0,0,0,0,0,0,0,0,0,0,0,0,0,1.517,0,0,0,0
NDRG4,0,0,0,0,0,0,0,0,0,0,0,0,0,0,0,0,-1.517,0,0,0,0
COX17,0,0,0,0,0,0,0,0,0,0,0,0,0,0,0,0,0,0,0,1.517,0
PRMT2,0,0,0,0,0,1.517,0,0,0,0,0,0,0,0,0,0,0,0,0,0,0
EGFR,0,-1.516,0,0,0,0,0,0,0,0,0,0,0,0,0,0,0,0,0,0,0
EPB41L1,0,-1.401,0,0,0,0,0,0,0,0,0,0,0,0,0,0,-1.516,0,0,0,0
GJD3,0,0,0,0,0,0,0,0,0,0,0,0,0,0,0,-1.516,0,0,0,0,0
ENSEMBL:ENSG00000214719,0,0,0,0,0,0,1.516,0,0,0,0,0,0,0,0,0,0,0,0,0,0
RASGEF1A,0,0,0,0,0,0,1.516,0,0,0,0,0,0,0,0,0,0,0,0,0,0
KCNE1,0,0,0,0,0,0,0,0,1.4,0,0,0,0,1.516,0,0,0,0,0,0,0
TMEM202-AS1,0,0,0,0,0,0,0,0,0,0,0,0,0,0,0,0,0,0,0,1.516,0
DDX11L2,0,0,0,0,0,0,0,0,0,0,0,0,0,0,0,0,0,0,0,-1.515,0
ENSEMBL:ENSG00000266644,0,0,0,0,0,0,0,0,0,0,0,0,0,-1.515,0,0,0,0,0,0,0
H3-2,0,-1.351,0,0,0,0,0,0,1.515,0,0,0,0,0,0,0,0,0,0,0,0
TOMM5,0,0,0,0,0,0,1.371,0,0,0,0,0,0,-1.515,0,0,0,0,0,1.316,0
SLC43A3,0,0,0,0,0,0,1.514,0,0,0,0,0,0,0,0,0,0,0,0,0,0
SCML2,0,0,0,0,0,0,0,0,0,0,0,0,0,0,0,0,0,0,0,0,1.514
FREM2,0,0,0,0,0,0,0,0,0,0,0,0,0,0,0,0,0,-1.514,0,0,0
KCNS1,0,0,0,0,0,0,1.514,0,0,0,0,0,0,0,0,0,0,0,0,0,0
NDUFA10,0,0,0,0,0,0,0,0,0,0,0,0,0,-1.514,0,0,0,0,0,0,0
PPAT,0,1.514,0,0,0,0,0,0,0,0,0,0,0,0,0,0,0,0,0,0,0
TMEM219,0,0,0,0,0,0,0,0,0,0,0,0,0,-1.514,0,0,0,0,0,0,0
COMMD1,0,0,0,0,0,0,0,0,0,0,0,0,0,0,0,0,0,0,0,0,1.513
PBX2P1,0,0,0,0,0,0,0,0,0,0,0,0,0,1.513,0,0,0,0,0,0,0
PIK3IP1-DT,0,0,0,0,0,0,1.513,0,0,0,0,0,0,0,0,0,0,0,0,0,0
PSMG3,0,0,0,0,0,0,0,0,0,0,0,0,0,-1.513,0,0,0,0,0,0,0
LTBP1,0,0,0,0,0,0,0,0,0,0,0,0,0,0,0,0,-1.512,0,0,0,0
HSP90B1,0,0,0,0,0,1.512,1.328,0,0,0,0,0,0,0,0,0,0,0,0,0,0
ZNF17,0,0,0,0,0,0,0,0,0,0,0,0,0,0,0,0,0,0,0,1.512,0
LSM12,0,1.512,0,0,0,0,0,0,0,0,0,0,0,0,0,0,0,0,0,0,0
TMEM51-AS1,0,0,0,0,0,0,0,0,0,0,0,0,0,0,0,0,-1.511,0,0,0,0
COL24A1,0,0,0,0,0,0,0,0,0,0,0,0,0,0,0,0,0,0,0,0,-1.511
ITGA2,0,0,0,0,0,0,0,0,0,0,0,0,0,0,0,0,0,0,-1.511,0,0
MAP2K5-DT,0,0,0,0,0,0,0,0,0,0,0,-1.511,0,0,0,0,0,0,0,0,0
CHCHD4,0,0,0,0,0,0,0,0,0,0,0,0,0,0,0,0,0,0,0,0,1.511
VDAC2P2,0,0,0,0,0,0,0,0,0,0,0,0,0,-1.511,0,0,0,0,0,0,0
GP6,0,0,0,0,0,0,0,0,0,0,0,0,1.511,0,0,0,0,0,0,0,0
RBSN,0,0,0,0,0,0,0,0,0,0,0,0,0,0,0,0,0,0,0,-1.51,0
LEF1-AS1,0,0,0,0,0,0,0,0,0,-1.51,0,0,0,0,0,0,0,0,0,0,0
TPT1P4,0,0,0,0,0,-1.51,0,0,0,0,0,0,0,0,0,0,0,0,0,0,0
ENSEMBL:ENSG00000226026,0,0,0,0,0,0,0,0,0,0,0,0,0,0,0,0,0,0,0,-1.51,0
ENSEMBL:ENSG00000272948,0,0,0,0,0,0,0,0,0,-1.51,0,0,0,0,0,0,0,0,0,0,0
BTBD2,0,0,0,0,0,1.509,0,0,0,0,0,0,0,0,0,0,0,0,0,0,0
GSEC,0,0,0,0,0,0,0,0,0,0,0,0,0,1.509,0,0,0,0,0,0,0
ENSEMBL:ENSG00000284057,0,0,0,0,0,0,0,0,0,0,0,0,0,0,0,0,0,0,0,-1.509,0
TBC1D3E,0,0,0,0,0,0,0,0,0,0,0,0,0,0,0,0,0,0,0,0,-1.509
ENSEMBL:ENSG00000215158,0,0,0,0,0,0,0,0,0,0,0,0,0,0,0,0,1.509,0,0,0,-1.458
PEX7,0,0,0,0,0,0,0,0,0,0,0,0,0,0,0,0,0,0,0,-1.509,0
HYI,0,0,0,0,0,0,0,0,0,0,0,0,0,0,0,0,0,0,0,-1.509,0
MOGS,0,0,0,0,0,0,1.509,0,0,0,0,0,0,0,0,0,0,0,0,0,0
PDS5A,0,0,0,0,0,0,0,0,0,0,0,0,0,0,0,0,1.508,0,0,0,-1.454
ENSEMBL:ENSG00000285886,0,0,0,0,0,0,0,0,0,0,0,0,0,0,0,0,0,0,-1.508,0,0
ENSEMBL:ENSG00000288777,0,0,0,0,0,0,0,0,0,0,0,0,0,0,0,0,0,0,0,0,-1.508
ERCC1,0,0,0,0,0,0,0,0,-1.508,0,0,0,0,0,0,0,0,0,0,0,0
ENSEMBL:ENSG00000286883,0,0,0,0,0,0,0,0,0,0,0,0,0,0,0,-1.508,0,0,0,0,0
MIER2,0,0,0,0,0,0,0,0,0,0,0,0,0,0,0,-1.508,0,0,0,0,0
METTL25,0,0,0,0,0,0,0,0,0,0,0,0,0,0,0,0,-1.508,0,0,0,0
ZNF449,0,0,0,0,0,0,0,0,0,0,0,0,0,0,0,-1.508,0,0,0,0,0
RPL6P27,0,0,0,0,0,0,0,0,0,-1.38,0,0,0,-1.507,0,0,0,0,0,0,0
ENSEMBL:ENSG00000230454,0,0,0,0,0,0,0,0,0,0,0,0,0,0,0,0,0,0,0,-1.507,0
RAD51AP1,0,0,0,0,0,0,0,0,0,0,0,0,-1.507,0,0,0,0,0,0,0,0
FBXO4,0,0,0,0,0,0,1.506,0,0,0,0,0,0,0,0,0,0,0,0,0,0
DZIP3,0,0,0,0,0,0,0,0,0,0,0,0,0,0,0,0,0,1.368,0,0,1.506
TMEM102,0,0,0,0,0,0,0,0,0,0,0,0,0,-1.506,0,0,0,0,0,0,0
DLGAP3,0,0,0,0,0,0,0,0,0,0,0,0,0,-1.506,0,0,0,0,0,0,0
PPP2R5CP,0,0,0,0,0,0,0,0,0,0,0,0,0,1.505,0,0,0,0,0,0,0
AKAP17A,0,0,0,0,0,0,0,0,0,0,0,0,0,1.505,0,0,0,0,0,0,0
ENSEMBL:ENSG00000255495,0,0,0,0,0,-1.505,0,0,0,0,0,-1.44,0,0,0,0,0,0,0,0,0
ZNF808,0,0,0,0,0,0,0,0,0,0,0,0,0,0,0,0,0,0,0,-1.505,0
MAPKAP1,0,0,0,0,0,0,0,0,0,0,0,0,0,0,0,0,0,0,-1.505,0,0
NT5M,0,0,0,0,0,0,0,0,1.505,0,0,0,1.434,0,0,0,0,0,0,0,0
SGPP2,0,0,0,0,0,0,0,0,0,0,0,0,0,0,0,0,0,0,-1.505,0,0
DERL2,0,0,0,0,0,0,0,0,0,0,0,0,0,0,0,-1.441,0,0,0,0,1.504
ENSEMBL:ENSG00000289400,0,0,0,0,0,0,0,0,0,0,0,0,1.504,0,0,0,0,0,0,0,0
NAGA,0,0,0,0,0,0,0,0,0,0,0,-1.504,0,0,0,0,0,0,0,0,0
SRPX2,0,0,0,0,0,0,0,0,0,0,0,0,0,0,0,0,0,0,0,1.504,0
ENSEMBL:ENSG00000204850,0,0,0,0,0,0,0,0,0,0,0,0,0,-1.504,0,0,0,0,0,0,0
MRAS,0,0,0,0,0,0,0,0,0,0,0,0,0,0,0,0,0,0,0,1.504,0
CHPF,0,0,0,0,0,1.504,0,0,0,0,0,0,0,0,0,0,0,0,0,0,0
ENSEMBL:ENSG00000285796,0,0,0,0,0,0,0,0,0,0,0,0,0,0,0,0,0,0,0,-1.504,0
RLN2,0,0,0,0,0,0,0,0,0,0,0,0,-1.504,0,0,0,0,0,0,0,0
ENSEMBL:ENSG00000275454,0,0,0,0,0,0,0,0,0,0,0,0,0,0,0,0,1.503,0,0,0,0
C11orf71,0,0,0,0,0,0,0,0,0,0,0,0,0,0,0,0,0,0,0,0,-1.503
CORO1A-AS1,0,0,0,0,0,0,0,0,0,0,0,0,0,1.503,0,0,0,0,0,0,0
CDH23,0,0,0,0,0,0,0,0,0,0,0,0,0,0,0,0,-1.503,0,0,0,0
C19orf44,0,0,0,0,0,0,0,0,0,0,0,0,0,0,0,0,0,0,0,1.502,0
CCDC110,0,0,0,0,0,0,0,0,0,0,0,0,0,0,0,0,0,0,0,-1.502,0
DNAJC15,0,0,0,0,0,0,0,0,0,0,0,0,0,0,0,0,0,0,0,-1.502,0
CACNA1A,0,0,0,0,0,0,-1.502,0,0,0,0,0,0,0,0,0,0,0,0,0,0
ENSEMBL:ENSG00000246596,0,0,0,0,0,0,-1.502,0,0,0,0,0,0,0,0,0,0,0,0,0,0
SLC14A1,0,0,0,0,0,0,-1.502,0,0,0,0,0,0,0,0,0,0,1.401,0,0,1.365
ENSEMBL:ENSG00000132832,0,0,0,0,0,0,1.502,0,0,0,0,0,0,0,0,0,0,0,0,0,0
GPRASP2,0,0,0,0,0,0,0,0,0,0,0,0,0,0,0,0,0,0,-1.501,0,0
SMYD3,0,0,0,0,0,0,1.413,0,0,0,0,0,0,0,0,0,0,0,0,0,-1.501
FUCA2,0,0,0,0,0,0,0,0,0,0,0,0,0,0,0,0,0,0,0,0,1.501
VTA1,0,0,0,0,0,0,0,0,0,0,0,0,0,0,0,0,0,0,0,0,1.501
ENSEMBL:ENSG00000287265,0,0,0,0,0,0,0,0,0,0,0,0,0,-1.501,0,0,0,0,0,0,0
TCF7L1,0,1.5,0,0,0,0,0,0,0,0,0,0,0,0,0,0,0,0,0,0,0
MAP3K7,0,-1.5,0,0,-1.309,0,0,0,0,0,0,0,0,0,0,0,0,0,0,0,0
HOXA6,0,0,0,0,0,0,0,0,0,0,0,0,0,0,0,1.476,0,0,0,-1.5,0
ENSEMBL:ENSG00000243199,0,0,0,0,0,0,0,0,0,0,0,0,0,-1.5,0,0,0,0,0,0,0
CXCL14,0,0,0,0,0,0,0,0,0,0,0,0,0,-1.5,0,0,0,0,0,0,0
SMYD4,0,0,0,0,0,0,0,0,0,0,0,0,0,0,0,0,1.499,0,0,0,0
ENSEMBL:ENSG00000227080,0,0,0,0,0,0,0,0,0,0,0,0,1.499,0,0,0,0,0,0,0,0
ZMYM5,0,0,0,0,0,0,0,0,0,0,0,0,0,0,0,0,0,0,1.499,0,0
ANKRD49,0,0,0,0,0,0,0,0,0,0,0,0,0,0,0,0,0,0,-1.499,0,0
SOCS5,0,0,0,0,0,0,0,0,0,0,0,0,0,0,0,0,0,0,1.499,0,0
SASH1,0,0,0,0,0,0,0,0,0,0,0,-1.337,0,0,0,0,0,0,1.499,0,-1.318
BRD1,0,0,0,0,0,0,0,0,0,0,0,0,0,0,0,0,0,0,0,0,-1.499
SMPD4,0,-1.397,0,0,0,0,0,0,0,0,0,0,-1.499,0,0,0,0,0,0,0,0
SETMAR,0,0,0,0,0,0,1.442,0,0,0,0,0,0,0,0,0,0,0,0,-1.498,0
TRAPPC11,0,0,0,0,0,0,0,0,0,0,0,0,0,0,0,0,0,0,0,-1.498,0
SYNC,0,0,0,0,0,0,0,0,0,0,0,0,0,0,0,1.498,0,0,0,0,0
FAM174B,0,0,0,0,0,0,0,0,0,0,0,0,0,0,0,0,0,0,0,-1.498,0
KMT2E-AS1,0,0,0,0,0,0,0,0,0,0,0,0,0,0,0,0,0,0,0,1.498,0
SRRM2-AS1,0,0,0,0,0,0,0,0,0,0,0,0,-1.437,-1.497,0,0,0,0,0,0,0
KPNB1-DT,0,0,0,0,0,0,0,0,0,0,0,0,1.497,0,0,0,0,0,0,0,0
EEF1E1,0,0,0,0,0,0,0,0,0,0,0,0,0,0,0,0,0,0,0,0,1.497
PGAM1P8,0,0,0,0,0,0,0,0,0,0,0,0,1.36,0,0,1.497,0,0,0,0,0
CIB2,0,0,0,0,0,1.496,0,0,0,0,0,0,0,0,0,0,0,0,0,0,0
NUDT13,0,0,0,0,0,0,0,0,0,0,0,0,0,0,0,0,0,0,0,1.496,0
ZNF625-ZNF20,0,0,0,0,0,0,0,0,0,0,0,0,0,0,0,0,0,0,0,-1.496,0
KLHL36,0,0,0,0,0,0,0,0,0,0,0,0,0,0,0,0,0,0,0,0,-1.496
BRD7,0,0,0,0,0,0,1.496,0,0,0,0,0,0,0,0,0,0,0,0,0,0
ENOSF1,0,0,0,0,0,0,0,0,0,0,0,0,-1.495,0,0,0,0,0,0,0,0
ORC3,0,-1.495,0,0,0,0,0,0,0,0,0,0,0,0,0,0,0,0,0,0,0
PCCB,0,0,0,0,0,0,0,0,0,0,0,0,0,0,0,0,0,1.495,0,0,0
ENSEMBL:ENSG00000272374,0,0,0,0,0,0,0,0,0,0,0,0,0,0,0,0,0,0,0,-1.495,0
NGRN,0,1.495,0,0,0,0,0,0,0,0,0,0,0,0,0,0,0,0,0,0,0
ENSEMBL:ENSG00000287312,0,0,0,0,0,0,0,0,0,0,0,0,1.494,0,0,0,0,0,0,0,0
C20orf27,0,1.474,0,0,0,0,0,0,0,0,0,0,-1.494,0,0,0,0,0,0,0,0
ZNF321P,0,0,0,0,0,0,0,0,0,0,0,-1.494,0,0,0,0,0,0,0,0,0
RCN1P2,0,0,0,0,0,0,0,0,0,-1.494,0,0,0,0,0,0,0,0,0,0,0
NSDHL,0,0,0,0,0,0,0,0,0,0,0,0,-1.494,-1.307,0,0,0,0,0,-1.353,0
ENSEMBL:ENSG00000279232,0,0,0,0,0,0,0,0,0,0,0,0,0,0,0,0,0,0,0,-1.494,0
TMED4,0,0,0,0,0,0,0,0,0,0,0,0,0,0,0,0,0,0,0,-1.494,0
ACBD5,0,0,0,0,0,0,0,0,0,0,0,0,0,0,0,0,0,0,0,0,1.493
MPP7,0,0,0,0,0,-1.493,0,0,0,0,0,0,0,0,0,0,0,0,0,0,0
EFEMP2,0,0,0,0,0,0,1.493,0,0,0,0,0,0,0,0,0,0,0,0,0,0
MS4A4A,0,0,0,0,0,0,0,0,0,0,0,-1.364,-1.493,0,0,0,0,0,0,0,0
DSTNP2,0,0,0,0,0,0,0,0,0,0,0,0,0,0,0,0,0,0,0,1.493,0
ZACN,0,0,0,0,0,0,0,0,0,0,0,0,-1.492,0,0,0,0,0,0,0,0
ENSEMBL:ENSG00000254837,0,0,0,0,0,0,0,0,0,0,0,0,0,0,0,0,0,0,0,-1.492,0
GGACT,0,0,0,0,0,0,0,0,0,0,0,0,-1.492,0,0,0,0,0,0,0,0
TNNI3K,0,0,0,0,0,0,0,0,0,0,0,0,0,0,0,0,0,0,0,0,1.492
MRPL20,0,0,0,0,0,0,0,0,0,0,0,0,0,0,0,0,0,0,0,0,1.492
CNOT1,0,0,0,0,0,-1.492,0,0,0,0,0,0,0,0,0,0,0,0,0,0,0
SULT1A3,0,0,0,0,0,1.492,0,0,0,0,0,0,0,0,0,0,0,0,0,0,0
NUDT3,0,0,0,0,0,0,0,0,0,0,0,0,0,1.491,0,0,0,0,0,0,0
EFNA3,0,0,0,0,0,0,1.49,0,0,0,0,0,0,0,0,0,0,0,0,0,0
MZF1-AS1,0,0,0,0,0,0,0,0,0,0,0,0,0,0,0,0,0,0,0,0,1.489
EPB41L4A-AS1,0,0,0,0,0,0,0,0,0,0,0,0,-1.489,0,0,0,0,0,0,0,0
SET,0,0,0,0,0,0,1.308,0,0,0,0,0,0,0,0,0,0,0,0,1.489,0
HK1,0,0,0,0,0,0,0,0,0,0,0,0,0,0,0,0,0,0,-1.489,0,0
CD48,0,0,0,0,0,0,0,0,0,-1.489,0,0,0,0,0,0,0,0,0,0,0
ZNF212,0,0,0,0,0,0,0,0,0,0,0,0,0,0,0,0,0,0,-1.488,0,0
GFER,0,0,0,0,0,0,1.488,0,0,0,0,0,0,0,0,0,0,0,0,0,0
GTF2A2,0,0,0,0,0,0,0,0,0,0,0,0,0,0,0,0,0,0,0,0,1.488
ZNF503-AS1,0,0,0,0,0,0,0,0,0,0,0,0,0,0,0,0,0,0,0,0,1.488
KYNU,0,0,0,0,0,0,1.488,0,0,0,0,0,0,0,0,0,0,0,0,0,0
AMBP,0,0,0,0,0,0,1.488,0,0,0,0,0,0,0,0,0,0,0,0,0,0
CD99L2,0,0,0,0,0,0,1.488,0,0,0,0,0,0,0,0,0,0,0,0,0,0
APOL4,0,0,0,0,0,0,0,0,0,0,0,0,0,0,0,0,1.487,0,0,1.446,0
TERF1,0,0,0,0,0,0,0,0,0,0,0,0,0,0,0,0,-1.487,0,0,0,0
NOTCH2NLA,0,0,0,0,0,0,0,0,0,0,0,0,0,0,0,0,0,0,0,1.486,0
ENSEMBL:ENSG00000286813,0,0,0,0,0,0,0,0,1.486,0,0,1.457,0,0,0,0,0,0,0,0,0
SNAPC2,0,0,0,0,0,0,0,0,0,0,0,0,0,0,0,0,1.347,0,0,1.486,0
LINC02481,0,0,0,0,0,0,1.486,0,0,0,0,0,0,0,0,0,0,0,0,0,0
RPLP0P2,0,0,0,0,0,0,0,0,0,0,0,0,0,0,0,0,0,0,0,0,1.485
MUL1,0,0,0,0,0,0,0,0,0,0,0,0,0,0,0,0,0,1.485,0,1.367,0
NUDT7,0,0,0,0,0,0,0,0,0,0,0,0,0,0,0,0,0,1.485,0,0,0
DNAJC10,0,0,0,0,0,0,0,0,0,0,0,0,0,0,0,0,0,0,0,0,1.485
ENSEMBL:ENSG00000225032,0,0,0,0,0,0,0,0,0,0,0,0,0,0,0,0,0,0,1.485,0,0
TMEM25,0,0,0,0,0,0,0,0,0,0,0,0,-1.356,0,0,0,0,0,0,-1.485,0
ATAT1,0,0,0,0,0,0,0,0,0,0,0,0,0,0,0,0,0,0,-1.485,0,0
NPIPB14P,0,0,0,0,0,1.325,0,0,0,0,0,0,0,0,0,0,0,0,0,-1.485,0
EDA,0,0,0,0,-1.484,0,0,0,0,0,0,0,0,0,0,0,0,0,0,0,0
NPIPB12,0,0,0,0,0,0,0,0,0,0,0,0,0,1.428,0,0,0,0,0,1.483,0
ZNF211,0,0,0,0,0,0,0,0,0,0,0,0,0,0,0,0,0,-1.483,0,0,0
TJP3,0,0,0,0,0,0,1.483,0,0,0,0,0,0,0,0,0,0,0,0,0,0
STIL,0,0,0,0,0,0,0,0,0,0,0,0,0,0,0,0,0,0,1.483,0,0
TRIP6,0,0,0,0,0,0,0,0,0,0,0,0,0,1.483,0,0,0,0,0,0,0
B3GALT9,0,0,0,0,0,0,0,0,-1.482,0,0,0,0,-1.327,0,0,0,0,0,0,0
ENSEMBL:ENSG00000270039,0,0,0,0,0,0,0,0,0,0,0,0,0,0,0,0,0,0,-1.482,0,-1.432
ENSEMBL:ENSG00000244998,0,0,0,0,0,0,0,0,0,0,0,0,0,0,0,0,0,1.482,0,0,0
KANSL1-AS1,0,0,0,0,0,0,0,0,0,0,0,0,0,0,0,-1.482,0,0,0,0,0
MMAB,0,0,0,0,0,0,0,0,0,0,0,0,0,0,0,0,0,0,0,-1.481,0
CTRL,0,0,0,0,0,0,1.481,0,0,0,0,0,0,0,0,0,0,0,0,0,0
NPIPA9,0,0,0,0,0,0,0,0,0,0,0,0,0,0,0,0,0,0,0,-1.481,0
SELENOM,0,0,0,0,0,0,0,0,0,0,0,0,-1.389,-1.481,0,0,0,0,0,0,0
IRAG1-AS1,0,0,0,0,0,0,0,0,0,0,0,0,0,1.481,0,0,0,0,0,0,0
ORC6,0,0,0,0,0,0,0,0,0,0,0,0,0,0,0,0,0,0,0,-1.481,0
FAM241B,0,0,0,0,0,0,0,0,0,0,0,0,0,0,0,0,0,0,0,-1.481,0
FAM153A,0,0,0,0,0,-1.481,0,0,0,0,0,0,0,0,0,0,0,0,0,0,0
SLC25A35,0,0,0,0,0,0,0,0,0,0,0,0,0,0,0,0,0,0,0,-1.481,1.409
TBCC,0,0,0,0,0,0,0,0,0,0,0,0,0,0,0,0,0,0,-1.376,-1.481,0
SUSD4,0,0,0,0,0,0,0,0,0,0,0,0,0,0,0,0,0,1.48,0,0,0
ENSEMBL:ENSG00000260542,0,0,0,0,0,0,0,0,0,0,0,0,0,0,0,0,0,0,0,1.335,1.48
GCNT2,0,0,0,0,0,0,0,0,0,-1.48,0,0,0,0,0,0,0,0,0,0,0
CCNB3,0,0,0,0,0,0,0,0,0,0,0,1.48,0,0,0,0,0,0,0,0,0
LAMB2,0,0,0,0,0,0,0,0,0,0,0,0,0,0,0,0,0,0,0,-1.48,0
GPN3,0,0,0,0,0,0,0,0,0,0,0,0,0,0,0,0,0,1.479,0,0,0
ITLN1,0,0,0,0,0,0,-1.479,0,0,0,0,0,0,0,0,0,0,0,0,0,0
FMNL1-DT,0,0,0,0,0,0,0,0,0,0,0,0,1.479,0,0,0,0,0,0,0,0
AKIP1,0,0,0,0,0,0,0,0,0,0,0,0,0,0,0,0,0,0,0,-1.479,0
ENSEMBL:ENSG00000279753,0,0,0,0,0,1.479,0,0,0,0,0,0,0,0,0,0,0,0,0,0,0
MKLN1,0,1.479,0,0,0,-1.375,-1.428,0,0,0,0,0,0,0,0,0,0,0,0,0,0
FNTB,0,0,0,0,0,0,0,0,0,0,0,0,0,0,0,0,0,0,0,-1.478,0
OR1X1P,0,0,0,0,0,0,0,0,0,0,0,-1.406,-1.478,0,0,0,0,0,0,0,0
ENSEMBL:ENSG00000280239,0,0,0,0,0,0,0,0,0,0,0,0,0,0,0,0,0,0,0,-1.478,0
SBNO1,0,0,0,0,0,0,0,0,1.4,0,0,0,0,0,0,0,0,-1.478,0,0,-1.429
ENSEMBL:ENSG00000279140,0,0,0,0,0,1.478,0,0,0,0,0,0,0,0,0,0,0,0,0,0,0
HMGCL,0,0,0,0,0,0,0,0,0,0,0,0,-1.478,0,0,0,0,0,0,0,0
CLIC5,0,0,0,0,-1.478,0,0,0,0,0,0,0,0,0,0,0,0,0,0,0,0
GAS6,0,0,0,0,0,0,0,0,0,0,0,0,-1.385,-1.478,0,0,0,0,0,0,0
CFD,0,0,0,0,0,0,0,0,0,0,0,0,0,1.478,0,0,0,0,0,0,0
OIP5-AS1,0,0,0,0,0,0,0,0,0,0,0,0,0,0,0,0,0,1.477,0,0,0
PYM1,0,0,0,0,0,0,0,0,-1.477,0,0,0,0,-1.394,0,0,0,0,0,0,0
EDEM2,0,0,0,0,0,0,0,0,0,0,0,0,0,0,0,0,0,0,0,-1.477,0
ITGB1BP1,0,0,0,0,0,0,0,0,0,0,0,0,0,0,0,0,0,0,0,1.476,0
TARS1,0,0,0,0,0,0,0,0,0,0,0,0,0,0,0,0,0,0,0,1.476,0
AP2M1,0,0,0,0,0,0,0,0,0,0,0,0,1.476,0,0,0,0,0,0,0,0
ADSL,0,0,0,0,0,0,0,0,0,0,0,0,-1.476,0,0,0,0,0,0,0,0
EGF,0,0,0,0,0,0,0,0,0,0,0,0,0,0,0,0,0,-1.476,0,0,0
PECR,0,-1.475,0,0,0,0,0,0,0,0,0,0,0,0,0,0,0,0,0,0,0
CACTIN-AS1,0,0,0,0,0,0,0,0,0,0,0,0,0,-1.475,0,0,0,0,0,0,0
NOMO1,0,0,0,0,0,0,1.475,0,0,0,0,0,0,0,0,0,0,0,0,0,0
BEST3,0,0,0,0,0,0,0,0,0,0,0,0,0,0,0,0,0,0,0,1.475,0
HDGFL3,0,0,0,0,0,0,0,0,0,0,0,0,0,1.474,0,0,0,0,0,-1.393,0
KIF3A,0,0,0,0,0,0,0,0,0,0,0,0,0,0,0,0,0,0,0,-1.474,0
CKB,0,1.474,0,0,0,0,0,0,0,0,0,0,0,0,0,0,0,1.406,0,0,0
HMOX1,0,0,0,0,0,0,0,0,0,0,0,0,0,0,0,0,0,0,0,0,-1.474
ECT2,0,0,0,0,0,0,0,0,0,0,0,0,0,0,0,0,0,-1.474,0,0,0
SALRNA1,0,0,0,0,0,0,0,0,0,0,0,0,0,0,0,0,0,0,0,-1.474,-1.459
MYO1D,0,-1.474,0,0,0,0,0,0,0,0,0,0,0,0,0,0,0,0,0,0,0
BLK,0,0,0,0,0,0,-1.435,0,0,0,0,0,-1.474,0,0,0,0,0,0,0,0
PAIP2B,0,0,0,0,0,0,0,0,0,0,0,0,0,0,0,0,0,0,0,0,-1.474
CPSF3,0,0,0,0,0,0,0,0,0,0,0,0,0,0,0,0,0,0,0,0,1.474
CRIPT,0,0,0,0,0,0,0,0,0,0,0,0,0,0,0,0,0,0,0,0,-1.473
ARMCX5,0,0,0,0,0,0,0,0,0,0,0,0,0,0,0,0,0,0,0,-1.473,0
ENSEMBL:ENSG00000262777,0,0,0,0,0,-1.473,0,0,0,0,0,0,0,0,0,0,0,0,0,0,0
ENSEMBL:ENSG00000250994,0,0,0,0,0,0,0,0,0,0,0,0,0,0,0,0,0,0,0,1.473,0
CDC14A,0,0,0,0,0,-1.473,0,0,0,0,0,0,0,0,0,0,0,0,0,0,-1.308
SNRPD3,0,0,0,0,0,0,0,0,0,0,0,0,0,0,0,0,0,0,0,0,-1.473
PKMYT1,0,0,0,0,0,1.388,0,0,0,0,0,0,0,0,0,0,0,0,0,0,1.473
SIT1,0,0,0,0,0,0,-1.472,0,0,0,0,0,0,-1.419,0,0,0,0,0,0,0
USP27X,0,0,0,0,0,0,0,0,0,0,0,0,0,0,0,0,0,0,0,0,-1.472
ZUP1,0,0,0,0,0,0,0,0,0,0,0,0,0,0,0,0,0,0,0,1.303,1.472
PODXL2,0,0,0,0,0,0,0,0,0,0,0,0,-1.472,0,0,0,0,0,0,0,0
LRRC3,0,0,0,0,0,0,0,0,0,0,0,0,0,0,0,0,-1.472,0,0,0,0
AJAP1,0,0,0,0,0,0,0,0,0,0,0,0,0,0,0,0,0,0,0,-1.472,0
SUMO1,0,0,0,0,0,0,0,0,0,0,0,0,0,0,0,0,0,0,0,1.472,1.391
VAMP8,0,0,0,0,0,1.472,0,0,0,-1.432,0,0,0,-1.403,0,0,0,0,0,0,0
GRIK5,0,0,0,0,0,0,0,0,0,0,0,0,0,-1.472,0,0,0,0,0,0,0
CNTLN,0,0,0,0,-1.471,0,0,0,0,0,0,0,0,0,0,0,0,0,0,0,0
MSC-AS1,0,0,0,0,0,0,0,0,0,0,0,0,0,0,0,0,-1.471,0,0,0,0
ZFP62,0,0,0,0,0,0,0,0,0,0,0,0,0,0,0,0,0,0,0,-1.471,0
LINC00671,0,0,0,0,0,0,0,0,0,1.471,0,0,0,0,0,0,0,0,0,0,0
KCNK17,0,0,0,0,0,1.471,0,0,0,0,0,0,0,0,0,0,0,0,0,0,0
ZNF860,0,0,0,0,0,0,-1.471,0,0,0,0,0,0,0,0,0,0,0,0,0,0
NRN1,0,0,0,0,0,0,0,0,0,0,0,0,0,0,0,0,-1.47,0,0,0,0
RPL10AP6,0,0,0,0,0,0,0,0,0,-1.47,0,0,0,-1.426,0,0,0,0,0,0,0
LRRC14,0,0,0,0,0,0,0,0,0,0,0,0,0,-1.47,0,0,0,0,0,0,0
RAB3IP,0,0,0,0,0,0,0,0,0,0,0,0,0,0,0,0,0,0,0,1.469,0
TEC,0,0,0,0,0,0,0,0,0,0,0,0,0,0,0,0,0,0,0,-1.468,0
REEP3,0,0,0,0,0,-1.349,0,0,0,0,0,0,0,1.468,0,0,0,0,0,0,0
METTL21A,0,0,0,0,0,0,0,0,0,0,0,0,0,-1.468,0,0,0,0,0,0,0
PMM2,0,0,0,0,0,0,0,0,0,0,0,0,0,1.468,0,0,0,0,0,0,0
SDF2L1,0,0,0,0,0,1.468,0,0,0,0,0,0,0,0,0,0,0,0,0,0,0
RBM27,0,0,0,0,0,-1.468,0,0,0,0,0,0,0,0,0,0,0,0,0,0,0
CCNB1,0,0,0,0,0,0,0,0,0,0,0,0,0,0,0,0,0,0,0,0,-1.468
ENSEMBL:ENSG00000260805,0,0,0,0,0,0,0,0,0,0,0,0,0,0,0,0,0,1.468,0,0,0
ENSEMBL:ENSG00000285476,0,0,0,0,0,-1.414,0,-1.468,0,0,0,0,0,0,0,0,0,0,0,0,0
MGMT,0,1.356,0,0,0,1.383,1.468,0,0,0,0,0,0,-1.324,0,0,0,0,0,0,0
ITGAD,0,0,0,0,0,0,0,0,0,0,0,0,0,0,0,0,1.467,0,0,0,0
ENSEMBL:ENSG00000234589,0,0,0,0,0,0,0,0,0,0,0,0,0,-1.467,0,0,0,0,0,0,0
ENSEMBL:ENSG00000289406,0,0,0,0,0,-1.379,0,0,0,-1.312,0,0,0,-1.467,0,0,0,0,0,0,0
ZGPAT,0,0,0,0,0,1.467,1.412,0,0,0,0,0,0,0,0,0,0,0,0,0,0
IGHV3-30,0,0,0,0,0,-1.467,0,0,0,0,0,0,0,0,0,0,0,0,0,0,0
IMPDH2,0,0,0,0,0,0,0,0,0,0,0,0,0,-1.466,0,0,0,0,0,0,0
C3orf33,0,0,0,0,0,0,0,0,0,0,0,0,0,0,0,0,0,0,0,-1.466,0
CETN2,0,0,0,0,0,0,0,0,0,0,0,0,0,0,0,0,0,0,0,0,-1.466
RP9P,0,0,0,0,0,0,0,0,0,0,0,0,0,0,0,1.466,0,0,1.396,0,0
DCUN1D5,0,0,0,0,0,0,0,0,0,0,0,0,0,0,0,0,0,0,0,0,1.466
HOXB2,0,0,0,0,0,0,1.466,0,0,0,0,0,0,0,0,0,0,0,0,0,0
ENSEMBL:ENSG00000279568,0,0,0,0,0,0,0,0,0,0,0,0,0,0,0,0,0,0,1.466,0,0
ADPRM,0,0,0,0,0,0,0,0,0,0,0,0,0,0,0,0,0,0,0,0,-1.466
ENSEMBL:ENSG00000286342,0,0,0,0,0,0,-1.465,0,0,0,0,0,0,0,0,0,0,0,0,0,0
POFUT2,0,0,0,0,0,0,0,0,0,0,0,0,0,0,0,-1.465,0,0,0,0,0
PTPN2,0,0,0,0,0,1.465,0,0,0,0,0,0,0,0,0,0,0,0,0,0,0
XPNPEP2,0,0,0,0,0,1.465,1.376,0,0,0,0,0,0,0,0,0,0,0,0,0,0
RTEL1,0,0,0,0,0,0,0,-1.464,-1.383,0,0,0,0,0,0,0,0,0,0,0,0
ENSEMBL:ENSG00000233251,0,0,0,0,0,0,0,0,0,0,0,0,0,0,0,0,-1.464,0,0,-1.378,0
FCHO1,0,0,0,0,0,0,0,0,0,0,0,0,1.464,1.331,0,0,0,0,0,0,0
TXNDC17,0,1.464,0,0,0,0,0,0,0,0,0,0,0,0,0,0,0,0,0,0,0
ENSEMBL:ENSG00000260081,0,0,0,0,0,1.464,0,0,0,0,0,0,0,0,0,0,0,0,0,0,0
C6orf47|ENSG00000204439,0,0,0,0,0,0,0,0,0,0,0,0,0,1.464,0,0,0,0,0,0,0
CLPX,0,0,0,0,0,0,0,0,0,1.396,0,0,0,1.463,0,0,0,0,0,0,0
PRPF6,0,0,0,0,0,0,0,0,0,0,0,0,-1.463,0,0,0,0,0,0,0,0
FXYD7,0,0,0,0,0,0,0,0,0,0,0,0,0,0,0,0,0,0,0,-1.463,0
DRAM1,0,0,0,0,0,0,0,0,0,0,0,0,0,1.463,0,0,0,0,0,0,0
IGSF11,0,0,0,0,0,0,0,0,0,0,0,0,0,0,0,0,0,0,0,0,1.463
TBC1D12,0,0,0,0,0,0,0,0,0,0,0,0,0,0,0,0,0,-1.463,0,0,0
PPM1F-AS1,0,0,0,0,0,0,0,0,0,0,0,0,0,0,0,0,0,0,0,-1.463,0
CARHSP1,0,0,0,0,0,0,0,0,0,1.322,0,0,0,1.463,0,0,0,0,0,0,0
EIF2B3,0,0,0,0,0,0,0,0,0,0,0,0,0,-1.463,0,0,0,0,0,0,0
LINC01503,0,0,0,0,0,0,0,0,0,0,0,0,0,1.463,0,0,0,0,0,0,0
UBL4A,0,0,0,0,0,0,0,0,0,0,0,0,0,-1.463,0,0,0,0,0,0,0
LETMD1,0,0,0,0,0,0,0,0,-1.368,0,0,0,-1.463,0,0,0,0,0,0,0,0
PDCD10,0,0,0,0,0,0,0,0,0,0,0,0,0,1.462,0,0,0,0,0,0,0
FAM178B,0,0,0,0,0,0,0,0,0,0,0,0,0,-1.462,0,0,0,0,0,0,0
PRKAB1,0,1.401,0,0,0,0,0,0,0,0,0,0,0,1.458,0,0,0,0,-1.462,0,0
PRCC,0,0,0,0,0,0,0,0,0,0,0,0,0,0,0,0,0,0,-1.461,0,0
CAPRIN1,0,0,0,0,0,0,0,0,0,0,0,0,0,0,0,0,0,0,0,-1.461,0
ZNF688,0,0,0,0,0,0,0,0,0,0,0,0,0,0,0,0,0,0,0,-1.461,0
ZFAND1,0,0,0,0,0,-1.461,0,0,0,0,0,0,0,0,0,0,0,0,0,0,0
ZSWIM7,0,0,0,0,0,0,0,0,0,0,0,0,0,0,0,0,0,0,0,0,1.461
ST14,0,0,0,0,0,0,0,0,0,0,0,0,-1.46,0,0,0,0,0,0,0,0
LGI2,0,0,0,0,0,0,0,0,0,0,0,0,0,1.46,0,0,0,0,0,0,0
ENSEMBL:ENSG00000206549,0,0,0,0,0,0,0,0,0,0,0,0,0,0,0,0,0,0,0,-1.46,0
MYBL2,0,0,0,0,0,0,0,0,0,0,0,0,-1.46,0,0,0,0,0,0,0,0
SHMT2,0,0,0,0,0,0,0,0,0,0,0,0,0,-1.46,0,0,0,0,0,0,0
MGAM2,0,0,0,0,0,0,0,0,0,1.421,0,0,0,1.46,0,0,0,0,0,0,0
IGFLR1,0,0,0,0,0,0,0,0,0,0,0,0,0,0,0,0,0,0,0,-1.459,0
GORAB,0,0,0,0,0,0,0,0,0,0,0,0,0,0,0,0,-1.429,0,0,-1.459,1.387
ANKMY2,0,0,0,0,0,0,0,0,0,0,0,0,0,0,0,0,0,0,0,-1.459,0
SHPRH,0,0,0,0,0,-1.459,0,0,0,0,0,0,0,0,0,0,0,0,0,0,0
AIF1L,0,0,0,0,0,0,0,0,0,0,0,0,0,0,0,0,0,0,-1.459,0,0
LRRC8D,0,0,0,0,0,0,0,0,0,0,0,0,0,0,0,0,0,0,0,-1.458,0
ILF3-DT,0,0,0,0,0,0,0,0,0,0,0,0,0,0,0,0,0,0,0,0,-1.458
ENSEMBL:ENSG00000258559,0,0,0,0,0,0,0,0,0,0,0,0,0,0,0,0,0,0,0,-1.458,0
CEP126,0,0,0,0,0,0,0,0,0,0,0,1.457,0,0,0,0,0,0,0,0,0
RNASE2,0,1.457,0,0,0,0,0,0,0,0,0,0,0,0,0,0,0,0,0,0,0
ENSEMBL:ENSG00000262879,0,0,0,0,0,0,0,0,0,0,0,0,0,0,0,1.457,0,0,0,0,0
ZNF567,0,0,0,0,0,0,0,0,0,0,0,0,0,0,0,0,0,0,1.457,0,0
ABCA3,0,0,0,0,0,0,0,0,0,0,0,0,0,0,0,0,0,0,0,0,1.457
ENSEMBL:ENSG00000286305,0,0,0,0,0,0,0,0,0,0,0,0,0,-1.456,0,0,0,0,0,0,0
UNC50,0,0,0,0,0,0,0,0,0,0,0,0,0,0,0,0,1.456,0,0,0,0
CD209,0,0,0,0,0,0,1.455,0,0,0,0,0,0,0,0,0,0,0,0,0,0
RSPO1,0,0,0,0,0,0,1.455,0,0,0,0,0,0,0,0,0,0,0,0,0,0
PROC,0,0,0,0,0,0,0,0,1.455,0,0,0,0,0,0,0,0,0,0,0,0
RPL13P5,0,0,0,0,0,0,0,0,0,0,0,0,0,0,0,0,0,0,0,1.455,0
ENSEMBL:ENSG00000267243,0,0,0,0,0,0,0,0,0,1.455,0,0,0,0,0,0,0,0,0,0,0
RRM1,0,0,0,0,0,0,0,0,0,0,0,0,0,0,0,0,0,0,0,0,-1.455
SP4,0,0,0,0,0,0,0,0,0,0,0,0,0,0,0,0,0,0,0,0,-1.455
ENSEMBL:ENSG00000286831,0,0,0,0,0,0,0,0,0,0,0,0,0,-1.455,0,0,0,0,0,0,0
ATP6V1G1,0,0,0,0,0,0,0,0,0,0,0,0,1.454,0,0,0,0,0,0,0,0
KNTC1,0,0,0,0,0,-1.36,0,0,0,0,0,0,0,0,0,0,0,0,0,-1.454,0
CFAP70,0,0,0,0,0,0,0,0,0,1.327,0,0,0,0,0,0,0,0,0,-1.454,0
CDKL5,0,0,0,0,0,0,0,0,0,0,0,0,0,0,0,0,0,0,0,1.454,0
VIRMA,0,0,0,0,0,0,0,0,0,0,0,0,-1.453,0,0,0,0,0,0,0,0
SREBF2,0,0,0,0,0,0,0,0,0,-1.453,0,0,0,0,0,0,0,0,0,0,0
MT-TS1,0,0,0,0,0,1.453,0,0,0,0,0,0,0,0,0,0,0,0,0,0,0
CERS6-AS1,0,0,0,0,0,0,0,0,0,0,0,0,0,-1.453,0,0,0,0,0,0,0
ENSEMBL:ENSG00000279622,0,0,0,0,0,0,0,0,0,0,0,0,0,0,0,0,0,0,0,0,1.453
MED20,0,0,0,0,0,0,0,0,0,0,0,0,0,0,0,0,0,0,0,0,-1.453
PVRIG2P,0,0,0,0,0,0,0,0,0,0,0,0,0,0,0,0,0,0,1.453,0,0
ENSEMBL:ENSG00000235872,0,0,0,0,0,0,0,0,0,0,0,0,0,0,0,0,-1.453,0,0,-1.403,0
ENSEMBL:ENSG00000261218,0,0,0,0,0,0,0,0,0,1.453,0,0,0,0,0,0,0,0,0,0,0
JAG1,0,0,0,0,0,0,0,0,0,0,0,0,1.453,0,0,0,0,0,0,0,0
NCF4-AS1,0,0,0,0,0,0,0,0,0,0,0,0,0,1.452,0,0,0,0,0,0,0
G2E3,0,0,0,0,0,0,0,0,0,0,0,0,0,0,0,0,0,0,0,0,1.452
CYB561,0,0,0,0,0,0,0,0,0,-1.452,0,0,0,-1.413,0,0,0,0,0,-1.348,0
SDAD1,0,0,0,0,0,0,0,0,0,0,0,-1.342,-1.452,0,0,0,0,0,0,0,0
MACROD2,0,0,0,0,0,0,-1.452,0,0,0,0,0,0,0,0,0,0,0,0,0,0
ENSEMBL:ENSG00000261490,0,0,0,0,0,0,0,0,0,1.396,0,0,0,1.451,0,0,0,0,0,0,0
MAD1L1,0,0,0,0,0,0,0,0,0,0,0,0,0,-1.451,0,0,0,0,0,0,0
NAE1,0,0,0,0,0,0,0,0,0,0,0,0,0,0,0,0,0,0,0,0,1.451
PDGFC,0,0,0,0,0,0,0,0,0,0,0,0,0,0,0,0,-1.451,0,0,0,0
H19,0,0,0,0,0,0,1.451,0,0,0,0,0,0,0,0,0,0,0,0,0,0
BRMS1L,0,0,0,0,0,0,0,0,0,0,0,0,0,0,0,0,0,0,0,0,-1.45
ADI1,0,0,0,0,0,0,0,0,0,0,0,0,0,0,0,-1.45,0,0,0,0,0
ANG,0,0,0,0,0,0,0,0,0,0,0,0,1.45,0,0,0,0,0,0,0,0
MYO1C,0,-1.352,0,0,0,0,0,0,0,0,0,0,1.45,0,0,0,0,0,0,0,0
TRIM41,0,0,0,0,0,0,0,0,0,0,0,0,0,0,0,0,0,0,0,-1.45,0
CCL11,0,0,0,0,0,0,0,0,0,0,0,0,-1.45,0,0,0,0,0,0,0,0
LEP,0,0,0,0,0,0,0,0,0,0,0,0,-1.45,0,0,0,0,0,0,0,0
ENSEMBL:ENSG00000288022,0,0,0,0,0,0,0,0,0,0,0,0,0,0,0,1.45,0,0,0,-1.363,0
ZNF565,0,0,0,0,0,0,0,0,0,0,0,0,0,0,0,0,0,0,0,0,1.45
RB1,0,0,0,0,0,-1.45,0,0,0,0,0,0,0,1.32,0,0,0,0,0,0,0
ZNF2,0,0,0,0,0,0,0,0,0,0,0,0,0,0,0,0,0,0,-1.45,-1.335,0
SAP25,0,0,0,0,0,0,1.449,0,0,0,0,0,0,0,0,0,0,0,0,0,0
UBN2,0,0,0,0,0,0,0,0,0,0,0,0,0,0,0,0,0,0,-1.449,0,0
PRMT9,0,0,0,0,0,0,0,0,0,0,0,0,0,0,0,0,0,0,1.449,0,0
ENSEMBL:ENSG00000287839,0,0,0,0,0,0,0,0,0,0,0,0,0,0,0,0,0,0,0,-1.448,0
C11orf49,0,0,0,0,0,1.448,0,0,0,0,0,0,0,0,0,0,0,0,0,0,0
TIMM13,0,0,0,0,0,0,0,0,0,0,0,0,0,0,0,0,0,1.448,0,0,0
PPCS,0,0,0,0,0,0,0,0,0,0,0,0,0,1.426,0,0,0,1.448,0,0,1.35
CXCR3,0,0,0,0,0,0,0,0,0,0,0,0,0,-1.448,0,0,0,0,0,0,0
ZBED6,0,0,0,0,0,0,0,0,0,0,0,0,0,0,0,0,-1.448,0,0,0,0
HERC3,0,0,0,0,0,-1.447,-1.431,0,0,0,0,0,0,0,0,0,0,0,0,0,0
ARL6IP4,0,0,0,0,0,1.447,0,0,0,0,0,0,0,0,0,0,0,0,0,0,0
ZMYND11,0,0,0,0,0,0,0,0,0,0,0,0,0,0,0,0,0,0,0,0,-1.447
ENSEMBL:ENSG00000246477,0,0,0,0,0,0,0,0,0,-1.446,0,0,0,-1.341,0,0,0,0,0,0,0
TMEM51,0,0,0,0,0,0,0,0,0,0,0,0,0,0,0,0,-1.446,0,0,0,0
AHSG,0,1.446,0,0,0,0,0,0,0,0,0,0,0,0,0,0,0,0,0,0,0
LIPE,0,-1.446,0,0,0,0,0,0,0,0,0,0,0,0,0,0,0,0,0,0,0
IRF5,0,0,0,0,0,0,0,0,0,0,0,0,0,-1.446,0,0,0,0,0,0,0
ZDHHC9,0,0,0,0,1.446,0,0,0,0,0,0,0,0,0,0,0,0,0,0,0,0
ENSEMBL:ENSG00000173366,0,0,0,0,-1.446,0,0,0,0,0,0,0,0,0,0,0,0,0,0,0,0
UBE2E2,0,0,0,0,0,0,0,0,-1.306,-1.445,0,0,0,0,0,0,0,0,0,0,0
CYP2U1,0,0,0,0,0,0,0,0,0,0,0,0,0,0,0,0,1.445,0,0,0,0
WNT16,0,0,0,0,0,0,0,0,0,0,0,0,-1.445,0,0,0,0,0,0,0,0
GNRH1,0,0,0,0,0,1.445,0,0,0,0,0,0,0,0,0,0,0,0,0,0,0
ENSEMBL:ENSG00000279641,0,0,0,0,0,0,0,0,0,0,0,1.323,0,1.444,0,0,0,0,0,0,0
ANAPC13,0,0,0,0,0,0,0,0,0,0,0,0,0,1.444,0,0,0,0,0,0,0
ERFL,0,0,0,0,0,0,0,0,0,0,0,0,-1.444,0,0,0,0,0,0,0,0
ZDHHC16,0,0,0,0,0,0,1.443,0,0,0,0,0,0,0,0,0,0,0,0,0,0
LINC01091,0,0,0,0,0,0,0,0,0,0,0,0,0,0,0,0,0,-1.394,0,1.442,0
HCG25,0,0,0,0,0,0,0,0,0,0,0,0,-1.442,0,0,0,0,0,0,0,0
DIP2C-AS1,0,0,0,0,0,0,0,0,0,0,0,0,0,0,0,0,0,0,0,0,-1.442
TTLL12,0,0,0,0,0,0,0,0,0,0,0,0,0,0,0,0,0,0,0,1.441,0
COPS9,0,0,0,0,0,0,0,0,0,0,0,0,0,0,0,0,0,0,0,1.441,0
INPP5F,0,0,0,0,0,0,0,0,0,0,0,0,0,0,0,0,0,0,0,1.441,0
SLC25A19,0,0,0,0,0,0,1.441,0,0,0,0,0,0,0,0,0,0,0,0,0,0
MT-CO1,0,0,0,0,0,0,0,0,0,0,0,0,0,0,0,-1.441,0,0,0,0,0
TMEM41A,0,0,0,0,0,0,0,0,0,0,0,0,0,0,0,0,1.44,0,0,0,0
ENSEMBL:ENSG00000257275,0,0,0,0,0,0,-1.44,0,0,0,0,0,0,0,0,0,0,0,0,0,0
ENSEMBL:ENSG00000226816,0,0,0,0,0,0,0,0,0,0,0,-1.344,-1.44,0,0,0,0,0,0,0,0
KLHDC7B,0,0,0,0,0,0,0,0,0,0,0,0,-1.44,0,0,0,0,0,0,0,0
PGA4,0,0,0,0,0,1.44,0,0,0,0,0,0,0,0,0,0,0,0,0,0,0
RNF103-CHMP3,0,0,0,0,0,-1.44,0,0,0,0,0,0,0,0,0,0,0,0,0,0,0
MFSD4A,0,0,0,0,0,0,0,0,0,0,0,0,-1.439,0,0,0,0,0,0,0,0
DDR1|ENSG00000137332,0,0,0,0,0,0,0,0,0,0,0,0,0,-1.439,0,0,0,0,0,0,0
TSHB,0,0,0,0,0,0,0,0,0,0,0,0,0,-1.439,0,0,0,0,0,0,0
EFNA5,0,0,0,0,0,0,1.438,0,0,0,0,0,0,0,0,0,0,0,0,0,0
CCDC183,0,0,0,0,0,0,1.438,0,0,0,0,0,0,0,0,0,0,0,0,0,0
ENSEMBL:ENSG00000272510,0,0,0,0,0,0,0,0,0,0,0,0,0,0,0,0,0,0,0,-1.438,0
ANO7,0,0,0,0,0,0,0,0,0,0,0,0,0,0,0,0,1.438,0,0,0,0
ENSEMBL:ENSG00000226239,0,0,0,0,0,0,0,0,0,0,0,0,0,0,0,0,0,0,1.438,0,0
MRPS18C,0,1.438,0,0,0,0,0,0,0,0,0,0,0,0,0,0,0,0,0,0,0
NANS,0,0,0,0,0,0,0,0,0,0,0,0,0,0,0,0,0,0,0,1.438,0
DPP8,0,0,0,0,0,-1.438,0,0,0,0,0,0,0,0,0,0,0,0,0,0,0
GLI3,0,0,0,0,0,0,1.438,0,0,0,0,0,0,0,0,0,0,0,0,0,0
WDFY2,0,0,0,0,0,0,0,0,0,0,0,0,0,1.438,0,0,0,0,0,0,0
C1orf220,0,0,0,0,0,0,-1.437,0,0,0,0,0,0,0,0,0,0,0,0,0,0
ENSEMBL:ENSG00000260051,0,0,0,0,0,0,0,0,0,0,0,0,0,0,0,0,1.437,0,0,0,0
GRTP1-AS1,0,0,0,0,0,0,0,0,0,0,0,0,0,0,0,0,0,0,0,-1.437,0
FAM66B,0,0,0,0,0,0,-1.436,0,0,0,0,0,0,0,0,0,0,0,0,0,0
NOL10,0,0,0,0,0,0,0,0,0,0,0,0,0,-1.436,0,0,0,0,0,0,0
ECI2,0,0,0,0,0,0,0,0,0,0,0,0,0,-1.436,0,0,0,0,0,0,0
BCKDHA,0,0,0,0,0,0,0,0,0,0,0,0,0,0,0,-1.436,0,0,0,0,0
ZNF124,0,0,0,0,0,0,0,0,0,0,0,0,-1.435,0,0,0,0,0,0,0,0
KIAA1586,0,0,0,0,0,-1.435,0,0,0,0,0,0,0,0,0,0,0,0,0,0,0
QPRT,0,0,0,0,0,0,0,0,0,0,0,0,0,0,0,0,0,0,0,-1.435,0
ANO7L1,0,0,0,0,0,0,-1.435,0,0,0,0,0,0,0,0,0,0,0,0,0,0
DENND5B,0,0,0,0,0,0,0,0,0,0,0,0,0,0,0,0,0,0,0,0,-1.435
DMRT2,0,0,0,0,0,0,0,0,0,0,0,0,0,0,0,0,1.435,0,0,0,0
NLGN3,0,0,0,0,0,0,0,0,0,0,0,0,0,0,0,0,0,0,0,0,1.434
SAT2,0,0,0,0,0,0,1.434,0,0,0,0,0,0,0,0,0,0,1.4,0,0,0
HEATR5B,0,0,0,0,0,-1.434,0,0,0,0,0,0,0,0,0,1.381,0,0,0,0,0
ENSEMBL:ENSG00000232470,0,0,0,0,0,-1.434,0,0,0,0,0,0,0,0,0,0,0,0,0,0,0
TRAPPC1,0,0,0,0,0,1.434,0,0,0,0,0,0,0,0,0,0,0,0,0,0,0
OVCH1-AS1,0,0,0,0,0,0,0,0,0,0,0,0,1.434,0,0,0,0,0,0,0,0
DCAF1,0,0,0,0,0,0,0,0,0,0,0,0,-1.434,0,0,0,0,0,0,0,0
MCRS1,0,0,0,0,0,0,0,0,0,0,0,0,0,0,0,0,0,0,0,-1.434,0
ENSEMBL:ENSG00000278831,0,0,0,0,0,0,0,0,0,0,0,0,0,0,0,0,1.434,0,0,0,0
ADAMTS9-AS2,0,0,0,0,0,0,0,0,0,0,0,0,0,0,0,0,0,0,0,0,-1.434
CHODL,0,0,0,0,0,0,0,0,0,0,0,0,0,0,0,0,0,0,-1.433,0,0
TMEM183A,0,0,0,0,0,0,-1.433,0,0,0,0,0,0,0,0,0,0,0,0,0,0
ROR1,0,1.425,0,0,0,0,0,0,0,0,0,0,0,0,0,0,0,-1.433,0,0,0
FKBP1C,0,0,0,0,0,0,0,0,0,0,0,0,1.425,1.433,0,0,0,0,0,0,0
TMEM259,0,0,0,0,0,1.433,0,0,0,0,0,0,0,0,0,0,0,0,0,0,0
PTTG1,0,0,0,0,0,0,0,0,0,0,0,0,0,-1.432,0,0,0,0,0,0,0
ALDH1A1,0,0,0,0,0,0,0,0,0,0,0,0,0,0,0,0,0,0,0,0,-1.432
STIMATE,0,0,0,0,0,0,0,0,0,0,0,0,0,0,0,1.432,0,0,0,0,0
HSF1,0,0,0,0,0,0,0,0,0,0,0,0,0,0,0,-1.432,0,0,0,0,0
WNT10B,0,0,0,0,0,0,1.431,0,0,0,0,0,0,0,0,0,0,0,0,0,0
COPS8,0,1.431,0,0,0,0,0,0,0,0,0,0,0,0,0,0,0,0,0,0,0
PIGK,0,0,0,0,0,0,0,0,0,0,0,0,0,0,0,0,0,0,0,-1.431,0
MCM6,0,0,0,0,0,0,0,0,0,0,0,0,0,0,0,0,0,0,0,-1.431,0
BTNL9,0,0,0,0,0,-1.371,-1.431,0,0,0,0,0,0,0,0,0,-1.423,0,0,0,0
HRAS,0,0,0,0,0,0,1.431,0,0,0,0,0,0,0,0,0,0,0,0,0,0
ZNF655,0,0,0,0,0,0,0,0,0,0,0,0,0,0,0,0,0,0,0,1.431,0
RBM42,0,0,0,0,0,1.431,0,0,0,0,0,0,0,0,0,0,0,0,0,0,0
SHPK,0,0,0,0,0,-1.43,0,0,0,0,0,0,0,0,0,0,0,0,0,0,0
ENSEMBL:ENSG00000274265,0,0,0,0,0,0,0,0,0,0,0,0,0,0,0,0,0,0,0,-1.43,0
PRKACB-DT,0,0,0,0,0,0,0,0,0,0,0,0,-1.429,0,0,0,0,0,0,0,0
B4GALT6,0,0,0,0,0,0,1.429,0,0,0,0,0,0,0,0,0,0,0,0,0,0
ENSEMBL:ENSG00000289092,0,0,0,0,0,0,0,0,0,1.385,0,0,0,1.429,0,0,0,0,0,0,0
IRX3,0,0,0,0,0,0,0,0,0,0,0,0,0,0,0,0,0,0,0,1.429,0
AGRP,0,0,0,0,0,0,1.429,0,0,0,0,0,0,0,0,0,0,0,0,0,0
CD274,0,0,0,0,0,0,0,0,0,0,0,0,0,0,1.429,0,0,0,0,0,0
IGLL5,0,0,0,0,0,0,0,0,0,0,0,0,0,0,-1.429,0,0,0,0,0,0
ENSEMBL:ENSG00000272779,0,0,0,0,0,0,0,0,0,0,0,0,0,0,0,0,-1.429,0,0,0,0
UNC5A,0,0,0,0,0,1.429,0,0,0,0,0,0,0,0,0,0,0,0,0,0,0
ENSEMBL:ENSG00000261804,0,0,0,0,0,0,0,0,0,0,0,0,0,1.428,0,0,0,0,0,0,0
METTL18,0,0,0,0,0,0,0,0,0,0,0,0,0,0,0,0,0,0,-1.428,0,0
TVP23A,0,0,0,0,0,0,0,0,-1.428,0,0,0,-1.405,0,0,0,0,0,0,0,0
AGL,0,0,0,0,0,0,0,0,0,0,0,0,0,0,0,0,0,0,1.428,0,0
RHAG,0,0,0,0,0,-1.428,0,0,0,0,0,0,0,0,0,0,0,0,0,0,0
KBTBD11,0,0,0,0,0,0,0,0,0,0,0,0,0,0,0,0,0,0,-1.428,1.337,0
ENSEMBL:ENSG00000286379,0,0,0,0,0,0,0,0,0,0,0,0,0,0,0,0,0,0,0,-1.428,0
KLHL14,0,0,0,0,0,0,-1.427,0,0,0,0,0,0,0,0,0,0,0,0,0,0
ZNF484,0,0,0,0,0,0,0,0,0,0,0,0,0,0,0,1.427,0,0,0,0,0
FSTL4,0,0,0,0,0,0,1.427,0,0,0,0,0,0,0,0,0,0,0,0,0,0
ENSEMBL:ENSG00000261222,0,0,0,0,0,0,0,0,0,0,0,0,-1.427,0,0,0,0,0,0,0,0
PTCRA,0,0,0,0,0,0,0,0,0,0,0,1.427,0,0,0,0,0,0,0,0,0
GLYATL1P2,0,0,0,0,0,0,0,0,0,0,0,1.427,0,0,0,0,0,0,0,0,0
ENSEMBL:ENSG00000260368,0,0,0,0,0,0,0,0,0,1.427,0,0,0,0,0,0,0,0,0,0,0
TBX18,0,0,0,0,0,0,0,0,0,0,0,0,0,0,0,0,-1.427,0,0,0,0
ENSEMBL:ENSG00000268912,0,0,0,0,0,0,0,0,0,0,0,0,0,0,0,0,0,0,0,-1.426,0
SPATA20,0,0,0,0,0,0,1.426,0,0,0,0,0,0,0,0,0,0,0,0,0,0
ENSEMBL:ENSG00000266378,0,0,0,0,0,0,1.426,0,0,0,0,0,0,0,0,0,0,0,0,0,0
ENSEMBL:ENSG00000284428,0,0,0,0,0,0,0,0,0,0,0,0,0,-1.426,0,0,0,0,0,0,0
PLD5,0,0,0,0,0,0,0,0,0,0,0,0,0,0,0,0,-1.426,0,0,0,0
OPN3,0,0,0,0,0,0,0,0,0,0,0,0,0,0,0,0,0,0,0,0,1.426
ITPR3,0,0,0,0,0,0,0,0,0,0,0,0,0,0,0,0,0,0,0,1.426,0
SCIMP,0,0,0,0,0,0,0,0,0,0,0,-1.426,0,0,0,0,0,0,0,0,0
CTSE,0,0,0,0,0,-1.425,0,0,0,0,0,0,0,0,0,0,0,0,0,0,0
SEZ6L,0,0,0,0,0,0,0,0,0,0,0,0,-1.425,0,0,0,0,0,0,0,0
NID1,0,0,0,0,0,0,0,0,0,0,0,0,0,-1.425,0,0,0,0,0,0,0
OTUD4P1,0,0,0,0,0,0,0,0,0,0,0,0,0,-1.425,0,0,0,0,0,0,0
THAP3,0,0,0,0,0,0,1.425,0,0,0,0,0,0,0,0,0,0,0,0,0,0
NOS2,0,0,0,0,0,0,0,0,0,0,0,0,0,0,0,0,0,1.425,0,0,0
SMOC1,0,0,0,0,0,0,1.425,0,0,0,0,0,0,0,0,0,0,0,0,0,0
KLK4,0,0,0,0,0,0,1.425,0,0,0,0,0,0,0,0,0,0,0,0,0,0
NRP2,0,0,0,0,0,0,1.425,0,0,0,0,0,0,0,0,0,0,0,0,0,0
RTP5,0,0,0,0,0,0,1.424,0,0,0,0,0,0,0,0,0,0,0,0,0,0
LTBP2,0,0,0,0,0,0,0,0,0,0,0,0,1.424,0,0,0,0,0,0,0,0
LINC01347,0,0,0,0,0,0,0,0,0,0,0,0,0,0,0,0,-1.424,0,0,0,0
ARHGEF17,0,-1.423,0,0,0,0,0,0,0,0,0,0,0,0,0,0,0,0,0,0,0
EMC8,0,0,0,0,0,0,0,0,0,0,0,0,0,0,0,0,0,0,0,1.423,0
VIM-AS1,0,0,0,0,0,0,0,0,0,0,0,0,0,1.423,0,0,0,0,0,0,0
TMC3-AS1,0,0,0,0,0,0,0,0,0,0,0,0,-1.422,0,0,0,0,0,0,0,0
SPCS2,0,0,0,0,0,0,0,0,0,0,0,1.421,0,0,0,0,0,0,0,0,0
ENSEMBL:ENSG00000288875,0,0,0,0,0,0,0,0,0,1.421,0,0,0,1.393,0,0,0,0,0,0,0
PRIMA1,0,0,0,0,0,0,0,0,0,0,0,0,0,0,0,0,0,0,0,-1.421,0
UGDH,0,0,0,0,0,0,0,0,0,0,0,0,-1.421,0,0,0,0,0,0,0,0
CSTF2T,0,0,0,0,0,0,0,0,0,0,0,0,0,0,0,0,0,0,-1.42,0,0
NUP54,0,0,0,0,0,0,0,0,0,0,0,0,0,0,0,0,0,0,0,0,-1.42
ZNF418,0,0,0,0,0,0,0,0,0,0,0,0,0,0,0,0,0,0,0,-1.42,0
ENSEMBL:ENSG00000231964,0,0,0,0,0,0,0,0,0,0,0,0,0,1.42,0,0,0,0,0,0,0
AOC3,0,0,0,0,0,0,0,0,0,0,0,0,0,1.42,0,0,0,0,0,0,0
ENSEMBL:ENSG00000263335,0,0,0,0,0,0,0,0,0,0,0,0,0,1.42,0,0,0,0,0,0,0
IRF7,0,0,0,0,0,1.42,0,0,0,0,0,0,0,0,0,0,0,0,0,0,0
SOX15,0,0,0,0,0,0,0,0,0,0,0,0,0,0,0,0,-1.42,0,0,-1.37,0
DHRS11|ENSG00000275397,0,1.419,0,0,0,0,0,0,0,0,0,0,0,0,0,0,0,0,0,0,0
RBBP7,0,0,0,0,0,0,1.419,0,0,0,0,0,0,0,0,0,0,0,0,0,0
SF3B6,0,0,0,0,0,0,0,0,0,0,0,0,0,1.419,0,0,0,0,0,0,0
GJA5,0,0,0,0,0,0,0,0,0,0,0,0,0,0,0,0,0,0,0,1.419,0
LINC02761,0,0,0,0,0,0,0,0,0,0,0,0,0,0,0,0,0,1.419,0,0,0
BBLN,0,0,0,0,0,0,0,0,0,0,0,1.419,0,0,0,0,0,0,0,0,0
EXOC3,0,0,0,0,0,0,0,0,0,0,0,0,0,1.418,0,0,0,0,0,0,0
ABITRAM,0,0,0,0,0,0,0,0,0,0,0,0,0,1.418,0,0,0,0,0,0,0
PARD6G,0,0,0,0,0,0,1.418,0,0,0,0,0,0,0,0,0,-1.302,0,0,0,0
BAZ2B,0,0,0,0,0,-1.418,0,0,0,0,0,0,0,0,0,0,0,0,0,0,0
NPM1P27,0,0,0,0,0,0,0,0,0,0,0,0,0,-1.417,0,0,0,0,0,0,0
ADNP2,0,0,0,0,0,-1.417,0,0,0,0,0,0,0,0,0,0,0,0,0,0,0
MAP4K3-DT,0,0,0,0,0,0,0,0,0,0,0,0,0,0,0,0,0,0,0,0,-1.417
LSM6,0,0,0,0,0,0,0,0,0,0,0,0,0,0,0,0,0,0,0,0,-1.417
DAP,0,0,0,0,0,0,0,0,0,0,0,0,1.417,0,0,0,0,0,0,0,0
HYLS1,0,0,0,0,0,0,0,0,0,0,0,0,-1.417,0,0,0,0,0,0,0,0
ENSEMBL:ENSG00000235776,0,0,0,0,0,0,0,0,0,0,0,0,0,-1.417,0,0,0,0,0,0,0
ENSEMBL:ENSG00000241889,0,0,0,0,0,0,0,0,1.416,0,0,0,0,0,0,0,0,0,0,0,0
SYPL1,0,0,0,0,0,0,0,0,0,0,0,0,0,0,0,0,0,-1.415,0,0,-1.302
NCOA2,0,0,0,0,0,-1.415,0,0,0,0,0,0,0,0,0,0,0,0,0,0,0
LINC02018,0,0,0,0,0,0,0,0,0,0,0,0,0,0,0,0,0,0,0,1.415,0
HERC2P7,0,0,0,0,0,0,0,0,0,0,0,0,0,0,0,0,0,0,0,1.415,0
PLA1A,0,0,0,0,0,0,0,0,0,0,0,0,0,0,0,0,0,0,0,1.415,0
OLFML2B,0,0,0,0,0,0,0,0,-1.415,0,0,0,0,0,0,0,0,0,0,0,0
HLA-F,0,0,0,0,0,1.415,0,0,0,0,0,0,0,0,0,0,0,0,0,0,0
MARCHF2,0,0,0,0,0,0,0,0,0,0,0,0,1.414,0,0,0,0,0,0,0,0
MRPL54,0,0,0,0,0,0,0,0,0,0,0,0,0,0,0,-1.414,0,0,0,0,0
SLC66A3,0,0,0,0,0,0,0,0,0,0,0,0,0,0,0,0,-1.413,0,0,0,0
PRAF2,0,0,0,0,0,0,0,0,0,0,0,0,0,1.413,0,0,0,0,0,0,0
C1orf53,0,0,0,0,0,0,0,0,0,0,0,0,0,0,0,-1.413,0,0,0,0,0
SGMS1,0,0,0,0,0,0,0,0,0,0,0,0,0,0,0,0,0,-1.304,0,0,-1.413
GPR173,0,0,0,0,0,0,0,0,0,0,0,0,0,0,0,0,0,0,0,-1.413,0
CCZ1,0,0,0,0,0,0,1.412,0,0,0,0,0,0,0,0,0,0,0,0,0,0
SLX1B-SULT1A4,0,0,0,0,0,0,1.412,0,0,0,0,0,0,0,0,0,0,0,0,0,0
SMCO1,0,0,0,0,0,0,0,0,0,0,0,0,0,0,0,0,0,1.412,0,0,0
TIMELESS,0,0,0,0,-1.412,0,0,0,0,0,0,0,0,0,0,0,0,0,0,0,0
ENSEMBL:ENSG00000285535,0,0,0,0,0,0,0,0,0,0,0,0,-1.411,0,0,0,0,0,0,0,0
GPX4,0,0,0,0,0,0,0,0,0,0,0,0,0,0,0,-1.315,0,0,0,1.411,0
ENSEMBL:ENSG00000256664,0,0,0,0,0,0,0,0,0,0,0,0,0,0,0,0,0,0,0,1.411,0
RXRB,0,0,0,0,0,0,0,0,0,0,0,0,0,0,0,0,0,0,0,-1.41,0
ENSEMBL:ENSG00000287559,0,0,0,0,0,0,0,0,0,0,0,0,0,0,0,0,0,0,0,1.41,0
PTX3,0,0,0,0,0,0,0,0,1.344,0,0,0,1.41,0,0,0,0,0,0,0,0
SFTPD-AS1,0,0,0,0,0,0,0,0,0,0,0,0,0,0,0,0,0,0,0,-1.41,0
CYB5D1,0,0,0,0,0,0,0,0,0,0,0,0,0,0,0,0,-1.409,0,0,0,0
INTS10,0,0,0,0,0,0,0,0,0,0,0,0,0,0,0,0,0,0,0,0,-1.409
SNHG3,0,0,0,0,0,0,0,0,0,0,0,0,0,0,0,0,0,0,0,1.409,0
LINC01331,0,0,0,0,0,0,0,0,0,0,0,1.409,0,0,0,0,0,0,0,0,0
ZNF134,0,0,0,0,0,0,0,0,0,0,0,-1.409,0,0,0,0,0,0,0,0,0
HSPB2,0,1.409,0,0,0,0,0,0,0,0,0,0,0,0,0,0,0,0,1.32,0,0
ANKRD17,0,0,0,0,0,-1.409,0,0,0,0,0,0,0,0,0,0,0,0,0,0,0
PRDM6,0,0,0,0,0,0,0,0,0,0,0,0,0,0,0,0,-1.409,0,0,0,0
ABCC4,0,0,0,0,0,0,0,0,0,0,0,0,0,0,0,0,0,0,0,1.358,-1.409
IKBKG,0,0,0,0,0,0,0,0,0,0,0,0,0,0,0,0,0,0,-1.408,0,0
UXT,0,0,0,0,0,0,0,0,0,0,0,0,0,-1.408,0,0,0,0,0,0,0
CERS6,0,0,0,0,0,0,0,0,0,0,0,0,0,0,0,0,0,0,0,1.408,0
NLGN4Y,0,0,0,0,0,0,0,0,0,0,0,0,0,0,0,0,0,0,0,0,-1.408
RNGTT,0,0,0,0,0,0,0,0,0,0,0,0,0,0,0,0,0,0,0,1.408,0
ENSEMBL:ENSG00000262633,0,0,0,0,0,0,0,0,1.407,0,0,0,0,0,0,0,0,0,0,0,0
PCNA,0,0,0,0,0,1.407,0,0,0,0,0,0,0,0,0,0,0,0,0,-1.315,0
ENSEMBL:ENSG00000281969,0,0,0,0,0,0,0,0,0,0,0,0,0,0,0,0,1.407,0,0,0,0
MYOD1,0,0,0,0,0,0,0,0,0,0,0,0,0,0,0,0,0,0,0,1.407,0
ENSEMBL:ENSG00000257298,0,0,0,0,0,0,0,0,0,0,0,0,0,0,0,0,-1.407,0,0,1.363,0
RAB22A,0,0,0,0,0,0,0,0,0,0,0,0,0,1.407,0,0,0,0,0,0,0
CDK5RAP2,0,0,0,0,0,0,0,0,0,0,0,0,0,0,0,0,0,0,0,0,-1.407
CCDC160,0,0,0,0,0,0,0,0,0,0,0,0,0,0,0,0,0,0,0,-1.406,0
ANAPC1P1,0,0,0,0,0,0,0,0,0,0,0,0,0,1.406,0,0,0,0,0,0,0
HTATSF1P2,0,0,0,0,0,0,0,0,0,1.31,0,0,0,1.405,0,0,0,0,0,0,0
ENSEMBL:ENSG00000227946,0,0,0,0,0,0,0,0,0,0,0,0,0,0,0,0,-1.405,0,0,0,0
TMEM63C,0,0,0,0,0,1.405,0,0,0,0,0,0,0,0,0,0,0,0,0,0,0
PIGM,0,0,0,0,0,0,0,0,0,0,0,0,0,0,0,0,0,0,-1.405,0,0
LARS1,0,0,0,0,0,0,0,0,0,0,0,0,0,0,0,0,0,1.404,0,0,0
FBF1,0,0,0,0,0,1.404,0,0,0,0,0,0,0,0,0,0,0,0,0,0,0
ENSEMBL:ENSG00000256591,0,0,0,0,0,0,0,0,0,0,0,0,0,0,0,0,0,0,-1.404,0,0
CLP1,0,0,0,0,0,0,0,0,0,0,0,0,0,0,0,0,1.403,0,0,0,0
CHCHD2,0,0,0,0,0,1.403,0,0,0,0,0,0,0,0,0,0,0,0,0,0,0
INCA1,0,0,0,0,0,0,0,0,0,0,0,0,0,0,0,0,0,0,0,-1.403,1.325
SART3,0,0,0,0,0,0,0,0,0,0,0,0,0,0,0,0,0,0,0,-1.403,0
ENSEMBL:ENSG00000263986,0,0,0,0,0,0,0,1.402,0,0,0,0,0,0,0,0,0,0,0,0,0
CEBPE,0,0,0,0,0,0,0,0,0,0,0,0,0,-1.402,0,0,0,0,0,0,0
CICP15,0,0,0,0,0,0,0,0,0,0,0,0,0,1.402,0,0,0,0,0,0,0
MYCT1,0,0,0,0,0,0,0,0,0,0,0,0,0,0,0,1.402,0,0,0,0,0
CLEC11A,0,0,0,0,0,0,1.402,0,0,0,0,0,0,0,0,0,0,0,0,0,0
WDR20,0,-1.351,0,0,0,0,0,0,0,0,0,0,0,0,0,1.402,0,0,1.386,0,0
XYLB,0,0,0,0,0,0,1.402,0,0,0,0,0,0,0,0,0,0,0,0,0,0
AMIGO3,0,0,0,0,0,0,0,0,0,0,0,0,0,0,0,0,0,1.402,0,0,0
BAZ1B,0,-1.401,0,0,0,0,0,0,0,0,0,0,0,0,0,0,0,0,0,0,0
ATL1,0,-1.401,0,0,0,0,0,0,0,0,0,0,0,0,0,0,0,0,0,0,0
PDE3A,0,-1.401,0,0,0,0,0,0,0,0,0,0,0,0,0,0,0,0,0,0,0
EPS8,0,-1.401,0,0,0,0,0,0,0,0,0,0,0,0,0,0,0,0,0,0,0
RPS2P46,0,0,0,0,0,0,0,0,0,0,0,0,0,-1.401,0,0,0,0,0,0,0
ZNF385D,0,0,0,0,0,0,0,0,0,0,0,0,0,0,0,0,0,0,0,1.401,0
ENSEMBL:ENSG00000287978,0,0,0,0,0,0,0,0,0,0,0,0,0,0,0,0,0,0,0,0,-1.401
POLA1,0,0,0,0,0,0,0,0,0,0,0,0,0,0,0,0,0,0,0,0,-1.401
FCF1,0,0,0,0,0,0,0,0,0,0,0,-1.4,0,0,0,0,0,0,0,0,0
PLXND1,0,0,0,0,0,0,1.4,0,0,-1.327,0,0,0,0,0,0,0,0,0,0,0
PGM3,0,0,0,0,0,0,0,0,0,0,0,0,0,0,0,0,0,0,0,0,1.399
SIM2,0,0,0,0,0,0,0,0,0,0,0,0,0,0,0,0,0,0,0,0,-1.399
LINC00944,0,0,0,0,0,0,0,0,0,0,0,0,0,-1.399,0,0,0,0,0,0,0
ENO3,0,0,0,0,0,1.389,0,0,0,0,0,0,0,-1.399,0,0,0,0,0,0,0
TMEM263,0,1.399,0,0,0,0,0,0,0,0,0,0,0,0,0,0,0,0,0,0,0
ENSEMBL:ENSG00000286986,0,0,0,0,0,0,0,0,0,0,0,0,0,0,0,0,0,0,0,0,1.399
B3GLCT,0,0,0,0,0,0,0,0,0,0,0,0,0,0,0,0,0,0,0,0,-1.399
FAU,0,0,0,0,0,0,0,0,0,0,0,0,0,-1.398,0,0,0,0,0,0,0
ENSEMBL:ENSG00000236114,0,0,0,0,0,0,1.398,0,0,0,0,0,0,0,0,0,0,0,0,0,0
ENSEMBL:ENSG00000225489,0,0,0,0,0,0,-1.398,0,-1.308,0,0,0,0,0,0,0,0,0,0,0,0
ENSEMBL:ENSG00000275719,0,0,0,0,0,0,-1.398,0,0,0,0,0,0,0,0,0,0,0,0,0,0
POLG2,0,0,0,0,0,0,0,0,0,0,0,0,0,0,0,0,0,0,0,-1.398,0
H1-10-AS1,0,0,0,0,0,0,0,0,0,0,0,0,0,0,0,0,-1.398,0,0,0,0
LY6E-DT,0,0,0,0,0,0,0,0,-1.398,0,0,0,0,0,0,0,0,0,0,0,0
CCDC71L,0,0,0,0,0,0,0,0,0,0,0,0,0,0,0,0,0,0,0,1.398,0
FAIM2,0,0,0,0,0,0,0,0,0,0,0,0,0,0,0,0,0,0,0,0,1.397
ITGA6,0,0,0,0,0,-1.397,0,0,0,0,0,0,0,0,0,0,0,0,0,0,0
ZNF214,0,0,0,0,0,0,0,0,0,0,0,0,0,0,0,0,0,0,0,-1.397,0
ATM,0,0,0,0,0,0,0,0,0,0,0,0,0,0,0,0,0,0,0,-1.397,0
SEMA5A,0,0,0,0,0,0,0,0,0,0,0,0,0,0,0,0,0,0,0,-1.397,0
CIB1,0,0,0,0,0,0,0,0,0,-1.377,0,0,0,0,0,0,0,1.396,0,0,0
GNA11,0,0,0,0,0,0,0,0,0,0,0,0,0,0,0,0,0,0,0,0,-1.396
ENSEMBL:ENSG00000283064,0,0,0,0,0,0,0,0,0,0,0,0,0,0,0,0,0,0,0,0,-1.396
C1orf87,0,0,0,0,0,0,0,0,0,0,0,0,0,-1.396,0,0,0,0,0,0,0
RIMBP2,0,0,0,0,0,0,-1.396,0,0,0,0,0,0,0,0,0,0,0,0,0,0
IMMP2L,0,0,0,0,0,0,0,0,0,0,0,0,-1.395,0,0,0,0,0,0,0,0
MRPL48,0,0,0,0,0,0,0,0,0,0,0,0,0,0,0,-1.395,0,0,0,0,0
HLA-H,0,0,0,0,0,0,0,0,0,0,0,0,0,0,0,0,0,0,1.395,0,0
ACYP1,0,1.395,0,0,0,0,0,0,0,0,0,0,0,0,0,0,0,0,0,0,0
SEC63,0,-1.395,0,0,0,0,0,0,0,0,0,0,0,0,0,0,0,0,0,0,0
ANGPTL6,0,0,0,0,0,0,1.395,0,0,0,0,0,0,0,0,0,0,0,0,0,0
ENSEMBL:ENSG00000260693,0,0,0,0,0,0,1.395,0,0,0,0,0,0,0,0,0,0,0,0,0,0
KCNJ2-AS1,0,0,0,0,0,0,0,0,0,0,0,0,0,0,0,0,0,0,0,1.395,0
BCAN,0,0,0,0,0,0,0,0,0,0,0,-1.394,0,0,0,0,0,0,0,0,0
TNFRSF9,0,0,0,0,0,0,0,0,0,0,0,0,-1.394,0,0,0,0,0,0,0,0
SYNJ2BP-COX16,0,0,0,0,0,0,0,0,0,1.394,0,0,0,0,0,0,0,0,0,0,0
FAM240C,0,0,0,0,0,0,0,0,0,0,0,0,0,0,0,0,0,0,0,0,-1.394
CASD1,0,0,0,0,0,0,0,0,0,0,0,0,0,0,0,0,0,0,0,0,1.394
LINC02280,0,0,0,0,0,0,1.393,0,0,0,0,0,0,0,0,0,0,0,0,0,0
ZNF606,0,0,0,0,0,0,0,0,0,0,0,0,0,0,0,0,0,0,0,0,-1.393
PEG3,0,0,0,0,0,0,0,0,0,0,0,0,0,0,0,0,0,0,0,-1.393,0
KHDRBS3,0,0,0,0,0,0,0,0,0,0,0,0,0,0,0,0,0,0,0,1.393,0
NLRC3,0,0,0,0,0,0,0,0,0,0,0,0,0,-1.393,0,0,0,0,0,0,0
WDR4,0,0,0,0,0,0,0,0,0,0,0,0,0,0,0,0,0,0,0,0,1.393
FBXL19-AS1,0,0,0,0,0,0,0,0,0,0,0,0,0,0,0,0,0,0,0,0,1.392
OPRD1,0,0,0,0,0,0,0,0,0,0,0,0,0,0,0,0,0,0,0,-1.391,0
USP34,0,0,0,0,0,-1.391,0,0,0,0,0,0,0,0,0,0,0,0,0,0,0
MRPS25,0,0,0,0,0,0,0,0,0,0,0,0,0,-1.391,0,0,0,0,0,0,0
NQO1,0,0,0,0,0,1.391,0,0,0,0,0,0,0,0,0,0,0,0,0,0,0
AP2S1,0,0,0,0,0,0,0,0,0,0,0,0,0,0,0,0,0,1.391,0,0,0
SSU72,0,0,0,0,0,0,0,0,0,0,0,0,0,1.391,0,0,0,0,0,0,0
PCGF6,0,0,0,0,0,0,0,0,0,0,0,0,0,0,0,0,0,0,0,0,1.391
KIAA1614-AS1,0,0,0,0,0,0,1.391,0,0,0,0,0,0,0,0,0,0,0,0,0,0
PDE4DIPP2,0,0,0,0,0,0,0,0,0,0,0,0,0,0,0,0,0,0,0,1.39,0
SUSD2,0,0,0,0,0,0,0,0,0,0,0,0,0,0,0,0,-1.355,0,0,-1.39,0
CNOT11,0,0,0,0,0,0,0,0,0,0,0,0,0,0,0,0,0,0,0,0,1.39
ATP1A2,0,0,0,0,0,0,0,0,0,0,0,0,0,0,0,0,0,0,0,0,-1.39
LINC01119,0,0,0,0,0,0,0,0,0,0,0,0,0,0,0,0,-1.377,0,0,-1.39,0
DPY19L2,0,0,0,0,0,0,0,0,0,0,0,0,0,-1.389,0,0,0,0,0,0,0
DGCR6L,0,0,0,0,0,0,0,0,0,0,0,0,-1.389,0,0,0,0,0,0,0,0
TMEM266,0,0,0,0,0,0,0,0,0,0,0,0,0,0,0,0,0,0,0,-1.389,0
HINFP,0,0,0,0,0,0,0,0,0,0,0,0,0,0,0,0,1.389,0,0,0,0
RPAP3,0,0,0,0,0,-1.389,0,0,0,0,0,0,0,0,0,0,0,0,0,0,0
SETP14,0,0,0,0,0,-1.389,0,0,0,0,0,0,0,0,0,0,0,0,0,0,0
TAPBPL,0,0,0,0,0,0,0,0,0,0,0,0,0,0,0,0,0,0,0,-1.388,0
NOX4,0,0,0,0,0,0,0,0,0,0,0,0,0,0,0,0,0,0,0,0,-1.388
IFIT3,0,0,0,0,0,0,0,0,0,0,0,0,0,0,0,0,0,0,0,-1.388,0
KCNMB4,0,0,0,0,0,0,0,0,0,0,0,0,0,0,0,0,0,0,0,-1.388,0
LINC00304,0,0,0,0,0,0,0,0,0,0,0,0,0,0,0,0,0,0,0,-1.388,0
LGI4,0,0,0,0,0,0,0,0,0,0,0,0,0,0,0,0,0,0,0,-1.388,0
MRFAP1L1,0,0,0,0,0,0,0,0,0,0,0,0,0,0,0,0,1.387,0,0,0,0
RASSF9,0,0,0,0,0,0,0,0,0,0,0,0,0,0,0,0,-1.387,0,0,0,0
ENSEMBL:ENSG00000279267,0,0,0,0,0,0,0,0,0,0,0,0,0,0,0,0,-1.387,0,0,0,0
EIF2AK4,0,0,0,0,0,0,0,0,0,0,0,-1.379,0,-1.387,0,0,0,0,0,0,0
LCN8,0,0,0,0,0,0,0,0,0,0,0,0,0,0,0,0,0,0,0,-1.387,0
CERKL,0,0,0,0,0,0,0,0,0,0,0,0,0,-1.387,0,0,0,0,0,0,0
PRKAR1B,0,0,0,0,0,0,0,0,0,0,0,0,0,-1.387,0,0,0,0,0,0,0
NLE1,0,0,0,0,0,0,0,0,0,0,0,0,-1.387,0,0,0,0,0,0,0,0
RHOD,0,0,0,0,0,0,0,0,0,0,0,0,0,0,0,0,0,0,0,0,-1.387
SMAD5,0,0,0,0,0,0,0,0,0,0,0,0,0,0,0,0,0,-1.386,0,0,0
HELLPAR,0,0,0,0,0,-1.386,0,0,0,0,0,0,0,0,0,0,0,0,0,0,0
DSG2,0,0,0,0,0,0,1.386,0,0,0,0,0,0,0,0,0,0,0,0,0,0
TFPT,0,0,0,0,0,0,0,0,0,0,0,0,0,0,0,0,0,0,0,0,1.386
RPAP1,0,0,0,0,0,0,0,0,0,0,0,-1.386,0,0,0,0,0,0,0,0,0
WDR35,0,0,0,0,0,0,0,0,0,0,0,0,0,0,0,0,0,0,0,-1.385,0
CDK3,0,0,0,0,0,1.385,0,0,0,0,0,0,0,0,0,0,0,0,0,0,0
TPD52,0,0,0,0,0,0,0,0,0,0,0,0,-1.385,0,0,0,0,0,0,0,0
FUNDC1,0,0,0,0,0,0,0,0,0,0,0,0,0,0,0,0,0,1.385,0,0,0
C4orf46,0,0,0,0,0,0,0,0,0,0,0,0,0,0,0,0,1.384,0,0,1.345,0
ENSEMBL:ENSG00000289176,0,0,0,0,0,0,0,0,1.384,0,0,0,0,0,0,0,0,0,0,0,0
SLC25A5P1,0,0,0,0,0,0,0,0,0,0,0,0,0,-1.384,0,0,0,0,0,0,0
NEURL2,0,0,0,0,0,0,0,0,0,0,0,0,0,0,0,0,0,0,0,-1.384,0
ZSWIM4,0,0,0,0,0,0,0,0,0,0,0,0,0,0,0,0,0,0,0,1.384,0
NTF3,0,0,0,0,0,0,0,0,0,0,0,0,0,0,0,0,0,0,0,-1.384,0
DNAJC13,0,0,0,0,0,0,0,0,0,0,0,0,0,0,0,0,0,0,0,-1.384,0
TMEM126B,0,0,0,0,0,0,0,0,0,0,0,0,0,0,0,0,0,0,0,0,-1.384
TRARG1,0,0,0,0,0,0,0,0,0,0,0,0,-1.383,0,0,0,0,0,0,0,0
HS3ST3B1,0,0,0,0,0,0,0,0,0,0,0,0,0,0,0,0,0,0,0,1.383,0
POU2F2,0,0,0,0,0,0,0,0,0,0,0,0,-1.383,0,0,0,0,0,0,0,0
AP1G2,0,0,0,0,0,0,0,0,0,0,0,0,0,0,0,0,-1.383,0,0,0,0
PTPRK,0,0,0,0,0,0,-1.382,0,0,0,0,0,0,0,0,0,0,0,0,0,0
RIC8B,0,0,0,0,0,0,0,0,0,0,0,0,0,0,0,0,0,1.382,0,0,0
HAX1,0,0,0,0,0,0,0,0,0,0,0,0,0,0,0,0,0,1.382,0,0,0
ENSEMBL:ENSG00000224888,0,0,0,0,0,0,0,0,0,0,0,0,0,-1.382,0,0,0,0,0,0,0
ENSEMBL:ENSG00000234773,0,0,0,0,0,0,0,0,1.382,0,0,0,0,0,0,0,0,0,0,0,0
KIT,0,0,0,0,0,0,0,0,0,1.381,0,0,0,0,0,0,0,0,0,0,0
POLR2H,0,0,0,0,0,0,0,0,0,-1.381,0,0,0,0,0,0,0,0,0,0,0
RPH3AL-AS1,0,0,0,0,0,0,0,0,0,0,0,0,0,0,0,0,0,0,0,-1.381,0
SPRED1,0,0,0,0,0,0,0,0,0,0,0,0,0,0,0,0,0,0,0,1.381,0
BPNT2,0,0,0,0,0,0,0,0,0,0,0,0,-1.381,0,0,0,0,0,0,0,0
OGG1,0,0,0,0,0,0,0,0,0,0,0,0,0,0,0,1.381,0,0,0,0,0
TNPO2,0,0,0,0,0,1.381,0,0,0,0,0,0,0,0,0,0,0,0,0,0,0
IGHV3-74,0,-1.381,0,0,0,0,0,0,0,0,0,0,0,0,0,0,0,0,0,0,0
ENSAP2,0,0,0,0,0,0,1.381,0,0,0,0,0,0,0,0,0,0,0,0,0,0
ZNF587,0,0,0,0,0,0,-1.381,0,0,0,0,0,0,0,0,0,0,0,0,0,0
LINC00863,0,0,0,0,0,0,0,0,0,0,0,0,0,0,0,0,0,0,0,0,1.381
ARHGEF4,0,0,0,0,0,0,0,0,0,0,0,0,0,0,0,0,0,0,0,-1.381,0
ARFGEF1,0,0,0,0,0,-1.381,0,0,0,0,0,0,0,0,0,0,0,0,0,0,0
ENSEMBL:ENSG00000265287,0,0,0,0,0,1.381,0,0,0,0,0,0,0,0,0,0,0,0,0,0,0
BCAP31,0,0,0,0,0,1.38,0,0,0,0,0,0,0,0,0,0,0,0,0,0,0
LINC01058,0,0,0,0,0,-1.38,-1.369,0,0,0,0,0,0,0,0,0,0,0,0,0,0
FEM1C,0,0,0,0,0,0,0,0,0,1.38,0,0,0,0,0,0,0,0,0,0,0
LINC00910,0,0,0,0,0,0,0,0,-1.38,0,0,0,0,0,0,0,0,0,0,0,0
TMEM60,0,0,0,0,0,0,0,0,0,0,0,0,0,0,0,0,0,0,0,1.38,0
KIAA0100,0,0,0,0,0,0,0,0,0,0,0,0,0,0,0,0,0,0,0,1.38,0
ENSEMBL:ENSG00000281571,0,0,0,0,0,0,0,0,0,0,0,0,0,0,0,0,0,0,0,0,1.38
MST1,0,0,0,0,0,0,0,0,0,0,0,0,0,-1.379,0,0,0,0,0,0,0
IGHV1-69,0,1.379,0,0,0,0,0,0,0,0,0,0,0,0,0,0,0,0,0,0,0
BLNK,0,0,0,0,0,0,0,0,0,0,0,0,-1.379,0,0,0,0,0,0,0,0
UBE2M,0,0,0,0,0,0,0,0,0,0,0,0,0,0,0,0,0,1.378,0,0,0
EP400,0,0,0,0,0,0,0,0,0,0,0,0,0,-1.345,0,0,0,0,0,-1.377,0
PDXDC2P,0,0,0,0,0,0,0,0,0,-1.377,0,0,0,0,0,0,0,0,0,0,0
ENSEMBL:ENSG00000277400,0,0,0,0,0,0,0,0,0,0,0,0,0,0,0,0,0,0,0,-1.377,0
PTRH1,0,0,0,0,0,0,1.377,0,0,0,0,0,0,0,0,0,0,0,0,0,0
CTBP1-AS,0,0,0,0,0,0,0,0,0,0,0,0,0,0,0,1.377,0,0,0,0,0
NIM1K,0,0,0,0,0,0,0,0,0,0,0,0,0,0,0,0,1.376,0,0,0,0
FXYD5,0,0,0,0,0,0,0,0,0,-1.376,0,0,0,0,0,0,0,0,0,0,0
ZMPSTE24,0,0,0,0,0,0,0,0,0,0,0,0,0,1.376,0,0,0,0,0,0,0
YDJC,0,0,0,0,0,0,0,0,0,0,0,0,0,-1.376,0,0,0,0,0,0,0
STAP2,0,0,0,0,0,0,0,0,0,0,0,0,0,-1.376,0,0,0,0,0,0,0
ZNF702P,0,0,0,0,0,0,0,0,0,0,0,0,0,0,0,0,-1.376,0,0,0,0
FTSJ1,0,0,0,0,0,0,0,0,0,0,0,0,0,0,0,0,1.376,0,0,0,0
GFM1,0,0,0,0,0,0,0,0,0,0,0,0,0,0,0,0,0,0,0,0,-1.376
TMEM9B-AS1,0,0,0,0,0,0,0,0,0,0,0,0,0,0,0,0,0,0,0,-1.375,0
GABBR1,0,0,0,0,0,0,0,0,0,0,0,-1.374,0,0,0,0,0,0,0,0,0
ENSEMBL:ENSG00000277654,0,0,0,0,0,1.374,0,0,0,0,0,0,0,0,0,0,0,0,0,0,0
CTU2,0,0,0,0,0,0,0,0,0,0,0,0,0,0,0,0,0,0,0,1.374,0
CRHBP,0,0,0,0,0,0,0,0,0,0,0,0,0,-1.374,0,0,0,0,0,0,0
SERGEF,0,0,0,0,0,0,0,0,0,0,0,0,0,-1.374,0,0,0,0,0,0,0
LIM2,0,0,0,0,0,1.373,0,0,0,0,0,0,0,0,0,0,0,0,0,0,0
PCDH7,0,0,0,0,0,0,0,0,0,0,0,0,0,0,0,0,0,0,0,-1.373,0
KRIT1,0,-1.303,0,0,-1.373,0,0,0,0,0,0,0,0,0,0,0,0,0,0,0,0
MIR3667HG,0,0,0,0,0,0,0,0,0,0,0,0,-1.373,0,0,0,0,0,0,0,0
IL17RD,0,0,0,0,0,0,0,0,0,0,0,0,0,0,0,0,1.373,0,0,0,0
ZC3H18,0,0,0,0,0,0,0,0,0,0,0,0,0,1.372,0,0,0,0,0,0,0
RETN,0,1.372,0,0,0,0,0,0,0,0,0,0,0,0,0,0,0,0,0,0,0
PLEKHB1,0,0,0,0,0,0,0,0,0,0,0,0,0,-1.372,0,0,0,0,0,0,0
ENSEMBL:ENSG00000288604,0,0,0,0,0,0,0,0,1.372,0,0,0,0,0,0,0,0,0,0,0,0
EML6,0,0,0,0,0,0,0,0,0,0,0,0,0,0,0,0,1.371,0,0,0,0
CEP135,0,0,0,0,0,0,-1.371,0,0,0,0,0,0,0,0,0,0,0,0,0,0
TAPT1-AS1,0,0,0,0,0,0,-1.371,0,0,0,0,0,0,0,0,0,0,0,0,0,0
AOAH,0,0,0,0,0,0,1.371,0,0,0,0,0,0,1.339,0,0,0,0,0,0,0
FGA,0,0,0,0,0,0,0,0,0,0,0,0,0,0,0,0,0,0,0,-1.371,0
DMAC1,0,0,0,0,0,0,0,0,0,0,0,0,0,0,0,0,0,1.37,0,0,0
RNF175,0,0,0,0,0,0,0,0,0,1.37,0,0,0,1.34,0,0,0,0,0,0,0
TNS2,0,-1.358,0,0,0,0,0,0,0,0,0,0,0,0,0,-1.369,0,0,0,0,0
ADK,0,0,0,0,0,0,0,0,0,0,0,-1.328,0,-1.369,0,0,0,0,0,0,0
IL21R-AS1,0,0,0,0,0,0,0,0,0,-1.369,0,0,0,0,0,0,0,0,0,0,0
ARHGAP39,0,0,0,0,0,0,0,0,0,0,0,0,0,0,0,0,-1.369,0,0,0,0
ARAP2,0,0,0,0,0,0,1.369,0,0,0,0,0,0,0,0,0,0,0,0,0,0
SENP3,0,0,0,0,0,0,0,0,0,0,0,0,0,0,0,0,0,0,0,1.368,0
RDH13,0,0,0,0,0,0,0,0,0,0,0,0,0,0,0,0,0,0,0,-1.368,0
ENSEMBL:ENSG00000289236,0,0,0,0,0,0,0,0,0,0,0,0,0,0,0,0,0,0,0,0,1.368
ENSEMBL:ENSG00000228606,0,0,0,0,0,0,0,0,0,0,0,0,0,0,0,0,0,0,0,1.367,0
AKR1A1,0,0,0,0,0,0,0,0,0,0,0,0,0,-1.367,0,0,0,0,0,0,0
PCLAF,0,0,0,0,0,0,0,0,0,0,0,0,0,-1.367,0,0,0,0,0,0,0
TONSL,0,0,0,0,0,1.366,0,0,0,0,0,0,0,0,0,0,0,0,0,0,0
UBAP2,0,0,0,0,0,-1.366,0,0,0,0,0,0,0,0,0,1.302,0,0,0,0,0
PGLS,0,0,0,0,0,1.366,0,0,0,0,0,0,0,0,0,0,0,0,0,0,0
IKBKB,0,0,0,0,0,0,0,0,0,0,0,0,0,0,0,0,1.366,0,0,0,0
SMIM13,0,0,0,0,0,0,1.33,0,0,0,0,0,0,0,0,0,0,1.366,0,0,0
TECRP1,0,0,0,0,0,1.365,0,0,0,0,0,0,0,0,0,0,0,0,0,0,0
KLHL26,0,0,0,0,0,0,0,0,0,0,0,0,0,0,0,0,0,0,0,-1.365,0
OCEL1,0,0,0,0,0,1.365,0,0,0,0,0,0,0,0,0,0,0,0,0,0,0
ENSEMBL:ENSG00000287110,0,0,0,0,0,0,0,0,0,1.365,0,0,0,0,0,0,0,0,0,0,0
WASHC5,0,0,0,0,0,0,0,0,0,0,0,0,0,1.364,0,0,0,0,0,0,0
TXNL1,0,1.364,0,0,0,0,0,0,0,0,0,0,0,0,0,0,0,0,0,0,0
SLX1B,0,0,0,0,0,0,0,0,0,0,0,0,0,0,0,0,0,0,0,0,1.364
KCTD1,0,0,0,0,0,0,0,0,0,0,0,0,0,0,0,0,-1.364,0,0,0,0
ARHGEF15,0,0,0,0,0,0,0,0,0,0,0,0,0,0,0,0,0,0,0,1.363,0
ENSEMBL:ENSG00000273763,0,0,0,0,0,0,0,0,0,0,0,0,0,0,0,0,0,0,0,0,1.363
TIMM23B,0,0,0,0,0,0,0,0,0,0,0,0,0,0,0,0,0,0,0,1.363,0
NEPRO,0,0,0,0,0,0,0,-1.362,0,0,0,0,0,0,0,0,0,0,0,0,0
MAPKAPK5,0,0,0,0,0,0,0,0,0,0,0,0,0,0,0,0,0,0,0,-1.362,0
KDM2B-DT,0,0,0,0,0,0,0,0,0,0,0,0,0,-1.362,0,0,0,0,0,0,0
OSBPL10,0,0,0,0,0,0,0,0,0,0,0,-1.362,0,0,0,0,0,0,0,0,0
ZNF568,0,0,0,0,0,0,0,0,0,0,0,0,0,0,0,0,0,0,0,-1.361,0
ERGIC2,0,0,0,0,0,0,0,0,0,0,0,0,0,1.361,0,0,0,0,0,0,0
TAF6,0,-1.361,0,0,0,1.305,0,0,0,0,0,0,0,0,0,0,0,0,0,0,0
ENSEMBL:ENSG00000289223,0,0,0,0,0,0,-1.361,0,0,0,0,0,0,0,0,0,0,0,0,0,0
ENSEMBL:ENSG00000272916,0,0,0,0,0,0,1.361,0,0,0,0,0,0,0,0,0,0,0,0,0,0
CASP5,0,0,0,0,0,0,-1.361,0,0,0,0,0,0,0,0,0,0,0,0,0,0
TCF4,0,0,0,0,0,0,0,0,0,0,0,0,0,0,0,0,0,0,0,-1.361,0
CNN2P4,0,0,0,0,0,0,0,1.326,0,0,0,1.36,0,0,0,0,0,0,0,0,0
GMCL1,0,0,0,0,0,0,0,0,0,1.306,0,0,0,1.36,0,0,0,0,0,0,0
PLCD1,0,0,0,0,0,0,0,0,0,0,0,0,0,0,0,0,0,0,0,-1.36,0
ENSEMBL:ENSG00000242282,0,0,0,0,0,0,0,0,0,0,0,0,0,0,0,0,0,0,0,-1.36,0
MCPH1-DT,0,0,0,0,0,0,0,0,-1.36,0,0,0,0,0,0,0,0,0,0,0,0
TMEM126A,0,-1.36,0,0,0,0,0,0,0,0,0,0,0,0,0,0,0,0,0,0,0
SLFN12L,0,0,0,0,0,0,0,0,0,0,0,0,0,-1.36,0,0,0,0,0,0,0
NCS1,0,0,0,0,0,0,1.359,0,0,0,0,0,0,0,0,0,0,0,0,0,0
SPATC1L,0,0,0,0,0,0,0,0,0,0,0,0,-1.359,0,0,0,0,0,0,0,0
SNHG28,0,0,0,0,0,0,0,0,0,0,0,0,-1.359,0,0,0,0,0,0,0,0
MAP3K14-AS1,0,0,0,0,0,0,-1.359,0,0,0,0,0,0,0,0,0,0,0,0,0,0
ARPC1B,0,0,0,0,0,0,0,0,0,0,0,0,1.331,1.339,0,0,0,0,0,1.359,0
DDHD1,0,-1.359,0,0,0,0,0,0,0,0,0,0,0,0,0,0,0,0,0,0,0
SLC35C1,0,0,0,0,0,0,0,0,0,0,0,0,0,-1.358,0,0,0,0,0,0,0
ENSEMBL:ENSG00000213080,0,0,0,0,0,0,0,0,0,0,0,0,1.358,0,0,0,0,0,0,0,0
SHISA7,0,0,0,0,0,0,0,0,0,0,0,0,0,-1.358,0,0,0,0,0,0,0
TPGS1,0,0,0,0,0,0,0,0,0,0,0,0,-1.358,0,0,0,0,0,0,0,0
ENSEMBL:ENSG00000232124,0,0,0,0,0,0,-1.358,0,0,0,0,0,0,0,0,0,0,0,0,0,0
TMEM192,0,0,0,0,0,0,0,0,0,0,0,0,0,0,0,0,0,0,0,-1.358,0
EMC6,0,-1.358,0,0,0,0,0,0,0,0,0,0,0,0,0,0,0,0,0,0,0
RPE,0,1.357,0,0,0,0,0,0,0,0,0,0,0,0,0,0,0,0,0,0,0
ENSEMBL:ENSG00000254469,0,0,0,0,0,0,0,0,0,0,0,0,0,0,0,0,0,0,0,-1.357,0
ENSEMBL:ENSG00000261616,0,0,0,0,0,0,0,0,0,0,0,0,0,0,0,0,-1.357,0,0,0,0
LRRC37A,0,0,0,0,0,0,0,0,0,0,0,0,0,0,0,0,0,0,0,-1.357,0
TMEM144,0,0,0,0,0,0,0,0,0,0,0,0,0,0,0,0,0,1.357,0,0,0
AKAP7,0,0,0,0,0,0,0,0,0,0,0,0,0,0,0,0,0,0,0,0,-1.357
CPSF4,0,0,0,0,0,0,0,0,0,0,0,0,0,0,0,0,-1.357,0,0,0,0
PPDPF,0,0,0,0,0,0,0,0,0,0,0,0,0,0,0,-1.356,0,0,0,0,0
ENSEMBL:ENSG00000284968,0,0,0,0,0,0,0,0,0,0,0,0,0,0,0,0,0,1.356,0,0,0
BMI1,0,0,0,0,0,0,0,0,0,0,0,0,0,0,0,0,0,0,0,-1.356,0
PRKX,0,0,0,0,0,0,0,0,0,0,0,0,0,0,0,0,0,0,1.355,0,0
CCL28,0,0,0,0,0,0,0,0,0,0,0,0,-1.354,0,0,0,0,0,0,0,0
CATSPER2,0,0,0,0,0,0,0,0,0,0,0,0,0,0,0,0,0,0,0,-1.354,0
CCL14,0,0,0,0,0,0,0,0,0,0,0,0,0,0,0,0,-1.354,0,0,0,0
HCFC2,0,0,0,0,0,0,0,0,0,0,0,0,0,0,0,0,1.326,0,0,1.353,0
TRUB1,0,0,0,0,0,0,0,0,0,0,0,0,0,0,0,0,0,0,0,-1.353,0
TRBV7-2,0,0,0,0,0,0,0,0,0,0,0,0,0,-1.353,0,0,0,0,0,0,0
CGAS,0,0,0,0,0,0,0,0,1.352,0,0,0,0,0,0,0,0,0,0,0,0
SAMD1,0,0,0,0,0,0,0,0,0,0,0,0,0,-1.352,0,0,0,0,0,0,0
GGA1,0,0,0,0,0,0,0,0,0,0,0,0,0,0,0,0,0,0,0,-1.352,0
ENSEMBL:ENSG00000285933,0,0,0,0,0,-1.352,0,0,0,0,0,0,0,-1.346,0,0,0,0,0,0,0
ENSEMBL:ENSG00000279825,0,0,0,0,0,0,0,0,0,0,0,0,0,0,0,1.352,0,0,0,0,0
LINC01063,0,0,0,0,0,0,0,0,0,0,0,0,-1.351,0,0,0,0,0,0,0,0
LBHD1,0,0,0,0,0,0,0,0,0,0,0,0,-1.351,0,0,0,0,0,0,0,0
GTF2IRD2P1,0,0,0,0,0,0,0,0,0,0,0,0,0,0,0,0,0,0,0,0,1.351
ENSEMBL:ENSG00000260534,0,0,0,0,0,0,1.351,0,0,0,0,0,0,0,0,0,0,0,0,0,0
CREB3L4,0,0,0,0,0,0,0,0,0,0,0,0,0,0,0,0,0,0,0,-1.351,0
TMEM234,0,0,0,0,0,0,0,0,0,0,0,0,0,1.351,0,0,0,0,0,0,0
GORASP1,0,0,0,0,0,0,0,0,1.35,0,0,0,0,0,0,0,0,0,0,0,0
DOCK6,0,-1.35,0,0,0,0,0,0,0,0,0,0,0,0,0,0,0,0,0,0,0
ATP6V1G2-DDX39B,0,0,0,0,0,0,0,0,-1.35,0,0,0,0,0,0,0,0,0,0,0,0
TSPO,0,0,0,0,0,0,0,0,0,0,0,0,0,1.35,0,0,0,0,0,0,0
ENSEMBL:ENSG00000231609,0,0,0,0,-1.35,0,0,0,0,0,0,0,0,0,0,0,0,0,0,0,0
GPR132,0,0,0,0,0,0,0,0,0,0,0,0,1.35,0,0,0,0,0,0,0,0
TPM3P9,0,0,0,0,0,0,0,0,0,0,0,0,0,-1.35,0,0,0,0,0,0,0
ENSEMBL:ENSG00000279086,0,0,0,0,0,0,0,0,0,-1.35,0,0,0,-1.309,0,0,0,0,0,0,0
RHOQP3,0,0,0,0,0,0,0,0,0,0,0,0,0,0,0,0,0,0,0,1.35,0
PINK1-AS,0,0,0,0,0,0,0,0,0,0,0,0,0,0,0,-1.349,0,0,0,0,0
SGSH,0,0,0,0,0,0,0,0,0,0,0,0,0,0,0,0,1.349,0,0,0,0
CDK7,0,0,0,0,0,0,0,0,0,0,0,0,0,0,0,0,0,0,0,-1.349,0
SAV1,0,0,0,0,0,0,0,0,0,0,0,0,0,0,0,0,0,0,0,1.348,0
TMEM87B,0,0,0,0,0,0,0,0,0,0,0,0,0,0,0,0,0,0,0,0,1.348
NEBL,0,0,0,0,0,0,0,0,0,0,0,0,0,1.348,0,0,0,0,0,0,0
DNM3,0,0,0,0,0,-1.348,0,0,0,0,0,0,0,0,0,0,0,0,0,0,0
ENSEMBL:ENSG00000289071,0,0,0,0,0,0,0,0,0,0,0,0,0,0,0,0,0,0,0,0,-1.348
ENSEMBL:ENSG00000288984,0,0,0,0,0,0,0,0,0,0,0,0,0,0,0,0,-1.348,0,0,0,0
LINC02371,0,0,0,0,0,0,0,0,0,0,0,0,0,0,0,0,0,0,0,0,1.347
DOCK1,0,-1.347,0,0,0,0,0,0,0,0,0,0,0,0,0,0,0,0,0,0,0
ODF2,0,1.347,0,0,0,0,0,0,0,0,0,0,0,0,0,0,0,0,0,1.341,0
AJUBA,0,1.347,0,0,0,0,0,0,0,0,0,0,0,0,0,0,0,0,0,0,0
ENSEMBL:ENSG00000245330,0,0,0,0,0,0,0,0,0,0,0,0,0,0,0,0,0,0,0,0,-1.347
PA2G4P5,0,0,0,0,0,0,1.347,0,0,0,0,0,0,0,0,0,0,0,0,0,0
GDF7,0,0,0,0,0,0,-1.347,0,0,0,0,0,0,0,0,0,0,0,0,0,0
ATP6V0E2-AS1,0,0,0,0,0,0,0,0,0,0,0,0,0,0,0,0,0,0,0,0,1.347
ENSEMBL:ENSG00000279069,0,0,0,0,0,0,0,0,0,0,0,0,0,0,0,0,0,0,1.347,0,0
WHAMMP3,0,0,0,0,0,0,0,0,0,0,0,0,0,0,0,0,0,0,-1.347,0,0
RDH5,0,0,0,0,0,0,0,0,0,0,0,1.347,0,0,0,0,0,0,0,0,0
HYAL1,0,0,0,0,0,0,0,0,0,0,0,0,-1.346,0,0,0,0,0,0,0,0
OASL,0,0,0,0,0,0,0,0,0,0,0,0,1.346,0,0,0,0,0,0,0,0
MTMR14,0,0,0,0,0,0,0,0,0,0,0,0,0,1.346,0,0,0,0,0,0,-1.329
MT-TE,0,0,0,0,0,0,0,0,0,0,0,0,0,0,0,0,0,0,-1.346,0,0
EFCAB6,0,0,0,0,0,0,0,0,0,0,0,0,0,0,0,0,0,0,0,0,-1.346
ENSEMBL:ENSG00000257252,0,0,0,0,0,0,0,0,0,0,0,0,0,0,0,0,0,0,0,0,1.346
LINC01719,0,0,0,0,0,0,0,0,0,0,0,0,0,0,0,0,0,0,0,0,1.346
ZNF391,0,0,0,0,0,0,0,-1.346,0,0,0,-1.306,0,0,0,0,0,0,0,0,0
TMED9,0,0,0,0,0,1.346,0,0,0,0,0,0,0,0,0,0,0,0,0,0,0
SLC25A45,0,0,0,0,0,0,0,0,0,-1.345,0,0,0,0,0,0,0,0,0,0,0
FAT3,0,0,0,0,0,0,0,0,0,0,0,0,0,0,0,0,0,-1.335,0,0,-1.345
FGF22,0,0,0,0,0,0,0,0,0,0,0,0,0,0,0,0,0,0,0,-1.345,0
LCMT1-AS1,0,0,0,0,0,0,0,0,0,0,0,0,0,0,0,0,0,0,0,-1.344,0
RYR1,0,0,0,0,0,0,0,0,0,0,0,0,0,0,0,1.344,0,0,0,0,0
FCHSD1,0,0,0,0,0,0,0,0,0,0,0,0,0,1.343,0,0,0,0,0,0,0
ZNF671,0,0,0,0,0,0,0,0,0,0,0,0,-1.342,0,0,0,0,0,0,0,0
NIPSNAP2,0,0,0,0,0,0,0,0,0,0,0,0,0,0,0,0,0,0,0,0,-1.342
ENSEMBL:ENSG00000260274,0,0,0,0,0,0,0,0,0,0,0,0,0,0,0,0,0,0,0,0,1.342
ENSEMBL:ENSG00000279415,0,0,0,0,0,0,0,0,0,1.342,0,0,0,0,0,0,0,0,0,0,0
PSMB8,0,0,0,0,0,0,0,0,0,0,0,0,1.342,0,0,0,0,0,0,0,0
MACROD1,0,1.342,0,0,0,0,0,0,0,0,0,0,0,0,0,0,0,0,0,0,0
ENSEMBL:ENSG00000272563,0,0,0,0,0,0,0,0,0,0,0,0,-1.342,0,0,0,0,0,0,0,0
ENSEMBL:ENSG00000287868,0,0,0,0,0,0,0,0,0,0,0,0,0,0,0,-1.342,0,0,0,0,0
RAB3GAP2,0,0,0,0,0,0,0,0,0,0,0,0,0,0,0,0,0,0,1.341,0,0
COX6A2,0,0,0,0,0,0,0,0,0,0,0,0,0,0,0,-1.341,0,0,0,0,0
ENSEMBL:ENSG00000259940,0,0,0,0,0,0,0,0,0,0,0,0,0,-1.341,0,0,0,0,0,0,0
KRT10-AS1,0,0,0,0,0,0,1.341,0,0,0,0,0,0,0,0,0,0,0,0,0,0
LINC01881,0,0,0,0,0,0,0,0,0,0,0,-1.341,0,0,0,0,0,0,0,0,0
RGL1,0,0,0,0,0,0,0,0,0,0,0,-1.341,0,0,0,0,0,0,0,0,0
PWWP3A,0,0,0,0,0,0,0,0,0,0,0,0,0,-1.341,0,0,0,0,0,0,0
CLIC6,0,0,0,0,0,0,0,0,0,0,0,0,0,0,0,0,0,0,-1.341,0,0
SEC24B-AS1,0,0,0,0,0,-1.341,0,0,0,0,0,0,0,0,0,0,0,0,0,0,0
MT-ATP8,0,0,0,0,0,0,0,0,0,0,0,0,0,0,0,-1.34,0,0,0,0,0
UMPS,0,0,0,0,0,0,0,0,0,-1.34,0,0,0,0,0,0,0,0,0,0,0
ENSEMBL:ENSG00000256694,0,0,0,0,0,0,0,0,0,0,0,0,0,0,0,0,-1.34,0,0,0,0
C1QBPP2,0,0,0,0,0,1.339,0,0,0,0,0,0,0,0,0,0,0,0,0,0,0
TATDN1P1,0,0,0,0,0,0,0,0,0,0,0,0,0,1.339,0,0,0,0,0,0,0
ENSEMBL:ENSG00000275106,0,0,0,0,0,0,0,0,0,0,0,0,0,-1.339,0,0,0,0,0,0,0
ENSEMBL:ENSG00000279474,0,0,0,0,0,0,0,1.339,0,0,0,0,0,0,0,0,0,0,0,0,0
RNF181,0,1.339,0,0,0,0,0,0,0,0,0,0,0,0,0,0,0,0,0,0,0
FAM76A,0,1.339,0,0,0,0,0,0,0,0,0,0,0,0,0,0,0,0,0,0,0
IGKV1D-42,0,1.339,0,0,0,0,0,0,0,0,0,0,0,0,0,0,0,0,0,0,0
LLPH,0,0,0,0,0,0,0,0,0,0,0,0,0,0,0,0,0,0,0,0,1.338
ANKRD44-IT1,0,0,0,0,0,0,1.338,0,0,0,0,1.328,0,0,0,0,0,0,0,0,0
GEMIN5,0,0,0,0,0,0,0,0,0,0,0,-1.338,0,0,0,0,0,0,0,0,0
SRFBP1,0,0,0,0,0,0,0,0,0,0,0,0,0,0,0,0,0,0,0,-1.338,0
CPSF6,0,1.337,0,0,0,0,0,0,0,0,0,0,0,0,0,0,0,0,0,0,0
SSC4D,0,0,0,0,0,0,0,0,0,0,0,0,0,-1.337,0,0,0,0,0,0,0
CDH11,0,0,0,0,0,0,0,0,0,0,0,0,0,0,0,0,0,0,0,1.337,0
CDC42-AS1,0,0,0,0,0,0,0,0,0,0,0,0,0,0,0,0,0,0,0,-1.337,0
PPL,0,0,0,0,0,0,0,0,0,0,0,0,0,0,0,0,0,0,1.337,0,0
ENSEMBL:ENSG00000275645,0,0,0,0,0,0,0,0,0,0,0,0,0,0,0,0,0,0,0,0,-1.337
ENSEMBL:ENSG00000283525,0,0,0,0,0,0,1.337,0,0,0,0,0,0,0,0,0,0,0,0,0,0
ENSEMBL:ENSG00000285863,0,0,0,0,0,0,0,0,0,-1.337,0,0,0,0,0,0,0,0,0,0,0
ZNF28,0,0,0,0,0,0,0,0,0,0,0,0,0,0,0,1.337,0,0,0,0,0
S100A10,0,0,0,0,0,0,0,0,0,-1.337,0,0,0,0,0,0,0,0,0,0,0
MRPL53,0,0,0,0,0,0,0,0,0,0,0,0,0,-1.336,0,0,0,0,0,0,0
ENSEMBL:ENSG00000289579,0,0,0,0,0,0,0,0,0,0,0,0,0,0,0,0,0,0,0,0,-1.336
ANXA4,0,0,0,0,0,0,0,0,0,0,0,0,0,0,0,0,0,0,0,0,1.336
RPP25L,0,0,0,0,0,0,0,0,0,0,0,0,0,0,0,0,0,1.336,0,0,0
NPC2,0,0,0,0,0,0,0,0,0,0,0,0,0,0,0,0,0,1.336,0,0,0
DEAF1,0,0,0,0,0,0,0,0,0,0,0,0,0,-1.336,0,0,0,0,0,0,0
EXOSC7,0,0,0,0,0,0,0,0,0,0,0,0,0,-1.336,0,0,0,0,0,1.322,0
MRM3,0,0,0,0,0,0,0,0,0,0,0,0,-1.335,0,0,0,0,0,0,0,0
CBWD2,0,0,0,0,0,0,0,0,0,0,0,-1.335,0,0,0,0,0,0,0,0,0
DNAJA3,0,0,0,0,0,0,0,0,0,0,0,0,0,0,0,0,0,1.335,0,0,0
TSPAN15,0,0,0,0,0,0,0,0,0,0,0,0,0,0,0,0,0,-1.335,0,0,0
OFD1,0,0,0,0,0,0,0,0,0,0,0,0,0,0,0,0,0,0,0,0,1.335
MED7,0,0,0,0,0,0,0,0,0,0,0,0,0,0,0,0,0,0,0,0,1.335
PDSS2,0,0,0,0,0,0,1.335,0,0,0,0,0,0,0,0,0,0,0,0,0,0
ENSEMBL:ENSG00000285108,0,0,0,0,0,0,0,0,0,0,0,0,0,0,0,0,-1.335,0,0,0,0
BSN,0,0,0,0,0,0,0,0,0,0,0,0,0,0,0,0,0,0,0,0,1.335
CCZ1B,0,0,0,0,0,0,0,0,0,0,0,0,0,0,0,0,0,0,0,0,1.335
LINC02141,0,0,0,0,0,0,-1.335,0,0,0,0,0,0,0,0,0,0,0,0,0,0
PPP1CC,0,0,0,0,0,-1.335,0,0,0,0,0,0,0,0,0,0,0,0,0,0,0
TSGA10,0,1.335,0,0,0,0,0,0,0,0,0,0,0,0,0,0,0,0,0,0,0
ENSEMBL:ENSG00000282988,0,0,0,0,0,0,0,0,0,1.335,0,0,0,0,0,0,0,0,0,0,0
ENSEMBL:ENSG00000279117,0,0,0,0,0,0,1.334,0,0,0,0,0,0,0,0,0,0,0,0,0,0
PPIAP22,0,0,0,0,0,0,0,0,0,0,0,0,0,-1.334,0,0,0,0,0,0,0
ENSEMBL:ENSG00000288739,0,0,0,0,0,0,-1.334,0,0,0,0,0,0,0,0,0,0,0,0,0,0
GRAMD2B,0,0,0,0,0,0,0,0,0,0,0,0,0,0,0,0,-1.334,0,0,0,0
SEMA3G,0,0,0,0,0,0,0,0,0,0,0,0,0,0,0,0,1.334,0,0,0,0
WDR36,0,0,0,0,0,0,0,0,0,0,0,0,0,0,0,0,0,0,0,0,-1.334
TXN2,0,0,0,0,0,0,0,0,0,0,0,0,-1.334,0,0,0,0,0,0,0,0
FAM204A,0,0,0,0,0,0,0,0,0,0,0,0,-1.334,0,0,0,0,0,0,0,0
TATDN2P3,0,0,0,0,0,0,0,0,0,0,0,0,0,0,0,1.333,1.305,0,0,0,0
CHRNA1,0,0,0,0,0,0,0,0,0,0,0,0,0,0,0,0,0,0,0,0,-1.333
POLR2D,0,0,0,0,0,1.333,0,0,0,0,0,0,0,0,0,0,0,0,0,0,0
ENSEMBL:ENSG00000231050,0,0,0,0,0,0,0,0,0,0,0,0,0,0,0,0,0,0,0,-1.333,0
FAM104B,0,0,0,0,0,0,0,0,0,0,0,0,0,0,0,-1.333,0,0,0,0,0
AVEN,0,0,0,0,0,0,0,0,0,0,0,0,0,0,0,0,0,0,0,1.333,0
THBS2,0,0,0,0,0,0,1.332,0,0,0,0,0,0,0,0,0,0,0,0,0,0
CLEC18A,0,0,0,0,0,0,0,0,0,0,0,0,0,1.332,0,0,0,0,0,0,0
ENSEMBL:ENSG00000286389,0,0,0,0,0,0,0,0,0,0,0,0,-1.332,0,0,0,0,0,0,0,0
ENSEMBL:ENSG00000259007,0,0,-1.332,0,0,0,0,0,0,0,0,0,0,0,0,0,0,0,0,0,0
NTAN1,0,0,0,0,0,0,-1.331,0,0,0,0,0,0,0,0,0,0,0,0,0,0
LST1,0,0,0,0,0,0,0,0,0,0,0,0,0,1.331,0,0,0,0,0,0,0
CFAP410,0,0,0,0,0,1.331,0,0,0,0,0,0,0,0,0,0,0,0,0,0,0
ENSEMBL:ENSG00000250132,0,0,0,0,0,0,0,0,0,0,0,0,0,0,0,0,0,0,0,0,1.331
SLC2A5,0,0,0,0,0,0,0,0,0,0,0,0,0,0,0,0,0,-1.331,0,0,0
SLIRP,0,0,0,0,0,0,0,0,0,0,0,0,0,0,0,0,0,0,0,0,-1.33
SLC50A1,0,0,0,0,0,0,0,0,0,0,0,0,0,0,0,0,0,0,0,0,1.329
ENSEMBL:ENSG00000289345,0,0,0,0,0,0,0,0,0,0,0,0,0,0,0,0,0,0,0,0,-1.329
LIX1,0,0,0,0,0,0,-1.329,0,0,0,0,0,0,0,0,0,0,0,0,0,0
ZNF155,0,0,0,0,0,0,0,0,0,0,0,0,0,0,0,0,0,0,-1.329,0,0
LACTB,0,0,0,0,0,0,0,0,0,0,0,0,0,0,0,0,0,1.329,0,0,0
ABRACL,0,1.329,0,0,0,0,0,0,0,0,0,0,0,0,0,0,0,0,0,0,0
PTGES,0,-1.329,0,0,0,0,0,0,0,0,0,0,0,0,0,0,0,0,0,0,0
SUPT7L,0,0,0,0,0,0,0,0,0,0,0,0,-1.329,0,0,0,0,0,0,0,0
NR1D1,0,0,0,0,0,0,0,0,0,0,0,0,-1.329,0,0,0,0,0,0,0,0
MBNL2,0,0,0,0,0,0,0,0,0,0,0,0,0,0,0,0,0,0,0,1.328,0
ENSEMBL:ENSG00000260997,0,0,0,0,0,0,0,0,-1.328,0,0,0,0,0,0,0,0,0,0,0,0
USO1,0,0,0,0,0,0,0,0,0,0,0,0,0,0,0,0,0,0,-1.328,0,0
DENND6B,0,0,0,0,0,0,0,0,0,0,0,0,0,-1.328,0,0,0,0,0,0,0
SNRNP35,0,0,0,0,0,0,0,0,0,0,0,0,0,0,0,0,0,0,0,-1.328,0
LINC01004,0,0,0,0,0,0,0,0,0,0,0,0,0,0,0,1.328,0,0,0,0,0
CEP120,0,0,0,0,0,0,0,0,0,0,0,0,0,0,0,0,0,0,0,-1.327,0
CDK11A,0,0,0,0,0,0,0,0,0,0,0,0,0,1.327,0,0,0,0,0,0,0
ENSEMBL:ENSG00000289561,0,0,0,0,0,0,0,0,0,0,0,0,0,-1.327,0,0,0,0,0,0,0
ENSEMBL:ENSG00000242048,0,0,0,0,0,0,0,0,0,0,0,0,0,-1.327,0,0,0,0,0,0,0
LINC02591,0,0,0,0,0,0,1.327,0,0,0,0,0,0,0,0,0,0,0,0,0,0
IGHMBP2,0,0,0,0,0,0,0,0,0,0,0,0,0,0,0,0,0,0,0,0,-1.327
ENSEMBL:ENSG00000272338,0,0,0,0,0,1.327,0,0,0,0,0,0,0,0,0,0,0,0,0,0,0
LINC01694,0,0,0,0,0,-1.327,0,0,0,0,0,0,0,0,0,0,0,0,0,0,0
CAPN10,0,0,0,0,0,0,0,0,0,0,0,0,0,-1.327,0,0,0,0,0,0,0
SCRN3,0,0,0,0,0,0,0,0,0,0,0,0,0,0,0,0,0,0,0,-1.327,0
DDX10,0,0,0,0,0,0,0,0,0,0,0,0,0,0,0,0,0,0,0,1.327,0
TRAM2-AS1,0,0,0,0,0,0,0,0,0,0,0,0,0,0,0,0,0,1.326,0,0,0
TRBV21-1,0,0,0,0,0,0,0,0,0,0,0,0,0,-1.326,0,0,0,0,0,0,0
ENSEMBL:ENSG00000224505,0,0,0,0,0,0,-1.325,0,0,0,0,0,0,0,0,0,0,0,0,0,0
CCDC88B,0,0,0,0,0,1.325,0,0,0,0,0,0,0,0,0,0,0,0,0,0,0
DPH5,0,0,0,0,0,0,0,0,0,0,0,0,0,-1.325,0,0,0,0,0,0,0
ATP2B4,0,0,0,0,0,0,0,0,0,0,0,0,0,0,0,0,-1.325,0,0,0,0
SRSF9,0,0,0,0,0,1.324,0,0,0,0,0,0,0,0,0,0,0,0,0,0,0
UQCR10,0,0,0,0,0,0,0,0,0,0,0,0,0,0,0,0,0,1.324,0,0,0
ZNF562,0,0,0,0,0,0,0,0,0,0,0,-1.324,0,0,0,0,0,0,0,0,0
ZNF490,0,0,0,0,0,0,0,0,0,0,0,0,0,0,0,0,0,0,0,-1.323,0
POLR1B,0,0,0,0,0,0,0,0,0,0,0,0,0,0,0,0,1.323,0,0,0,0
C11orf45,0,0,0,0,0,0,0,0,0,-1.323,0,0,0,0,0,0,0,0,0,0,0
LINC02724,0,0,0,0,0,0,0,0,-1.323,0,0,0,0,0,0,0,0,0,0,0,0
SIRT6,0,1.323,0,0,0,0,0,0,0,0,0,0,0,0,0,0,0,0,0,0,0
ANKRD36C,0,0,0,0,0,0,0,0,0,0,0,0,0,-1.323,0,0,0,0,0,0,0
ZNF248,0,0,0,0,0,0,0,0,0,0,0,0,0,0,0,0,1.323,0,0,0,0
TEX10,0,0,0,0,0,0,0,0,0,0,0,0,0,0,0,0,1.322,0,0,0,0
PCNX4,0,0,0,0,0,0,0,0,0,0,0,0,0,0,0,0,0,0,0,1.322,0
ENSEMBL:ENSG00000231119,0,0,0,0,0,0,0,0,0,0,0,0,-1.322,0,0,0,0,0,0,0,0
TMEM161B,0,0,0,0,0,0,0,0,0,0,0,0,0,0,0,0,0,0,1.322,0,0
COL16A1,0,-1.321,0,0,0,0,0,0,0,0,0,0,0,0,0,0,0,0,0,0,0
CAMTA1,0,0,0,0,0,0,0,0,0,0,0,0,0,0,0,0,0,0,0,0,-1.321
ENSEMBL:ENSG00000279182,0,0,0,0,0,0,0,0,-1.321,0,0,0,0,0,0,0,0,0,0,0,0
PRELID1P1,0,0,0,0,0,0,1.321,0,0,0,0,0,0,0,0,0,0,0,0,0,0
AAMDC,0,0,0,0,0,0,0,0,0,0,0,0,0,0,0,0,0,0,0,0,-1.321
UQCRQ,0,0,0,0,0,0,0,0,0,0,0,0,0,-1.32,0,0,0,0,0,0,0
NRBP1,0,0,0,0,0,0,0,0,0,0,0,0,0,1.32,0,0,0,0,0,0,0
ZBTB11-AS1,0,0,0,0,0,0,0,0,0,0,0,0,0,0,0,0,0,0,0,0,1.32
ENSEMBL:ENSG00000275210,0,0,0,0,0,0,0,0,0,0,0,0,0,1.32,0,0,0,0,0,0,0
FBXW11,0,0,0,0,0,-1.32,0,0,0,0,0,0,0,0,0,0,0,0,0,0,0
AK2,0,0,0,0,0,0,0,0,0,0,0,0,0,0,0,0,0,1.32,0,0,0
ENSEMBL:ENSG00000284391,0,0,0,0,0,0,0,0,0,0,0,0,0,0,0,0,-1.32,0,0,0,0
HDC,0,0,0,0,0,0,0,0,0,-1.319,0,0,0,0,0,0,0,0,0,0,0
CCNQ,0,0,0,0,0,0,0,0,0,0,0,0,0,0,0,0,0,0,0,0,1.319
RAMP2-AS1,0,0,0,0,0,0,0,0,0,0,0,0,0,0,0,0,0,0,0,0,-1.319
GIPR,0,0,0,0,0,0,0,0,0,0,0,0,0,-1.319,0,0,0,0,0,0,0
PRKY,0,0,0,0,0,0,0,0,0,0,0,0,0,-1.318,0,0,0,0,0,0,0
ANKRD18EP,0,0,0,0,0,-1.318,0,0,0,0,0,0,0,0,0,0,0,0,0,0,0
ENSEMBL:ENSG00000278948,0,0,0,0,0,0,0,0,0,0,0,0,0,0,0,0,-1.318,0,0,0,0
UNC13C,0,0,0,0,0,0,0,0,0,0,0,0,0,0,0,0,0,0,0,0,-1.318
GLIDR,0,0,0,0,0,0,0,0,0,0,0,0,0,0,0,0,0,1.318,0,0,0
SHF,0,0,0,0,0,0,0,0,0,0,0,0,0,0,0,0,-1.318,0,0,0,0
SOCS4,0,0,0,0,0,0,0,0,0,0,0,0,0,0,0,0,0,0,0,0,1.318
PTCD3,0,0,0,0,0,0,0,0,0,0,0,0,0,-1.317,0,0,0,0,0,0,0
PNMA6B,0,0,0,0,0,0,0,0,0,0,0,0,0,1.317,0,0,0,0,0,0,0
GP6-AS1,0,0,0,0,0,0,0,0,-1.317,0,0,0,0,0,0,0,0,0,0,0,0
DPYD,0,0,0,0,0,-1.317,0,0,0,0,0,0,0,0,0,0,0,0,0,0,0
SMIM26,0,0,0,0,0,1.317,0,0,0,0,0,0,0,0,0,0,0,0,0,0,0
ENSEMBL:ENSG00000280486,0,0,0,0,0,0,0,0,0,0,0,0,0,0,0,0,1.317,0,0,0,0
PLEKHH1,0,0,0,0,0,0,0,0,0,0,0,0,0,0,0,0,0,0,0,-1.317,0
POLR2J4|ENSG00000272655,0,0,0,0,0,0,0,0,0,0,0,0,0,-1.317,0,0,0,0,0,0,0
HP1BP3,0,0,0,0,0,0,0,0,0,0,0,0,1.315,0,0,0,0,0,0,0,0
IPO5,0,0,0,0,0,0,0,0,0,-1.315,0,0,0,0,0,0,0,0,0,0,0
DNLZ,0,0,0,0,0,0,0,0,0,0,0,0,0,0,0,0,0,0,0,1.315,0
CNTN3,0,0,0,0,0,0,1.315,0,0,0,0,0,0,0,0,0,0,0,0,0,0
LINC02762,0,0,0,0,0,0,0,0,0,0,0,0,0,0,0,0,0,0,0,0,-1.315
SCX,0,0,0,0,0,0,0,0,0,0,0,0,0,0,0,0,0,0,0,0,1.315
TANGO6,0,0,0,0,-1.314,0,0,0,0,0,0,0,0,0,0,0,0,0,0,0,0
DHPS,0,0,0,0,0,1.314,0,0,0,0,0,0,0,0,0,0,0,0,0,0,0
LRRC37A4P,0,0,0,0,0,-1.314,0,0,0,0,0,0,0,0,0,0,0,0,0,0,0
RAPGEF6,0,0,0,0,0,-1.314,0,0,0,0,0,0,0,0,0,0,0,0,0,0,0
ENSEMBL:ENSG00000285130,0,0,0,0,0,0,0,0,0,0,0,0,0,0,0,0,0,0,0,-1.314,0
ENSEMBL:ENSG00000271452,0,0,0,0,0,0,0,0,0,0,0,0,0,0,0,0,0,0,0,-1.314,0
GLO1,0,1.313,0,0,0,0,0,0,0,0,0,0,0,0,0,0,0,0,0,0,0
LMNTD2-AS1,0,0,0,0,0,0,0,0,0,0,0,0,-1.313,0,0,0,0,0,0,0,0
LINC02381,0,0,0,0,0,0,0,0,0,0,0,0,-1.313,0,0,0,0,0,0,0,0
SRP68,0,0,0,0,0,0,0,0,0,0,0,0,0,0,0,0,0,0,-1.313,0,0
AGAP14P,0,0,0,0,0,0,0,0,0,0,0,-1.312,0,0,0,0,0,0,0,0,0
MTCP1,0,0,0,0,0,0,0,0,0,-1.312,0,0,0,0,0,0,0,0,0,0,0
LTC4S,0,0,0,0,0,0,0,0,0,0,0,0,0,0,0,0,0,0,0,-1.312,0
ZNF549,0,0,0,0,0,0,0,0,0,0,0,0,0,0,0,0,0,0,0,-1.312,0
TBC1D25,0,0,0,0,0,0,0,0,0,0,0,0,1.312,0,0,0,0,0,0,0,0
CFH,0,0,0,0,0,0,0,0,0,-1.312,0,0,0,0,0,0,0,0,0,0,0
ENSEMBL:ENSG00000271454,0,0,0,0,0,0,0,0,0,0,0,0,0,1.312,0,0,0,0,0,0,0
LMAN2L,0,0,0,0,0,0,0,0,0,0,0,0,0,0,0,0,0,0,0,-1.311,0
DCK,0,0,0,0,0,-1.311,0,0,0,0,0,0,0,0,0,0,0,0,0,0,0
BMS1P4,0,0,0,0,0,0,0,0,0,0,0,0,0,0,0,0,0,0,0,-1.311,0
FAM186A,0,0,0,0,0,0,0,0,0,0,0,0,0,0,0,0,0,0,0,-1.311,0
ZNF630,0,0,0,0,0,0,0,0,0,0,0,0,0,1.311,0,0,0,0,0,0,0
ENSEMBL:ENSG00000239219,0,0,0,0,0,0,0,0,0,0,0,0,0,0,0,0,0,0,0,0,1.31
GEMIN2,0,0,0,0,0,0,0,0,0,0,0,0,-1.31,0,0,0,0,0,0,0,0
WHRN,0,0,0,0,0,0,0,0,0,-1.31,0,0,0,0,0,0,0,0,0,0,0
ENSEMBL:ENSG00000280088,0,0,0,0,0,0,0,0,0,1.31,0,0,0,0,0,0,0,0,0,0,0
HTRA3,0,0,0,0,0,0,0,0,0,0,0,0,1.31,0,0,0,0,0,0,0,0
PI16,0,0,0,0,0,0,0,0,0,0,0,0,0,-1.31,0,0,0,0,0,0,0
TREML4,0,0,0,0,0,0,0,0,0,0,0,0,0,1.31,0,0,0,0,0,0,0
ENSEMBL:ENSG00000280119,0,0,0,0,0,0,-1.309,0,0,0,0,0,0,0,0,0,0,0,0,0,0
ENSEMBL:ENSG00000250105,0,0,0,0,0,0,0,0,0,0,0,0,0,0,0,0,0,0,0,-1.309,0
MYH11,0,-1.309,0,0,0,0,0,0,0,0,0,0,0,0,0,0,0,0,0,0,0
CD276,0,0,0,0,0,0,0,0,0,0,0,0,0,0,0,0,0,0,0,1.309,0
SLC39A6,0,0,0,0,0,0,0,0,0,0,0,0,0,0,0,0,0,0,0,0,1.309
RNASEK,0,0,0,0,0,0,0,0,0,0,0,1.309,0,0,0,0,0,0,0,0,0
LMBR1,0,0,0,0,0,0,0,0,0,0,0,0,0,0,0,0,0,0,0,0,1.309
ENSEMBL:ENSG00000231731,0,0,0,0,0,0,0,0,0,0,0,0,0,1.309,0,0,0,0,0,0,0
ZMPSTE24-DT,0,0,0,0,0,0,-1.308,0,0,0,0,0,0,0,0,0,0,0,0,0,0
STX2,0,0,0,0,0,0,0,0,0,0,0,0,0,-1.308,0,0,0,0,0,0,0
LXN,0,0,0,0,0,0,0,0,0,0,0,0,0,1.308,0,0,0,0,0,0,0
ENSEMBL:ENSG00000289331,0,0,0,0,0,0,0,0,0,0,0,0,0,0,0,0,0,0,1.308,0,0
SCARNA2,0,0,0,0,0,0,0,0,0,0,0,0,0,0,0,-1.308,0,0,0,0,0
GPAT2,0,0,0,0,0,1.307,0,0,0,0,0,0,0,0,0,0,0,0,0,0,0
ENSEMBL:ENSG00000280010,0,0,0,0,0,0,0,0,0,0,0,0,0,0,0,0,0,0,0,0,1.307
ENSEMBL:ENSG00000267287,0,0,0,0,0,0,0,0,0,0,0,0,0,0,0,0,-1.307,0,0,0,0
RNF213-AS1,0,0,0,0,0,0,0,0,0,0,0,0,0,0,0,0,0,0,0,-1.306,0
ENSEMBL:ENSG00000261303,0,0,0,0,0,0,0,0,0,0,0,0,0,0,0,0,0,1.306,0,0,0
ZNF711,0,0,0,0,0,0,0,0,0,0,0,0,0,0,0,0,0,0,0,0,-1.306
ZC3H7A,0,0,0,0,0,0,0,0,0,0,0,0,0,0,0,0,-1.306,0,0,0,0
BLZF2P,0,0,0,0,0,-1.306,0,0,0,0,0,0,0,0,0,0,0,0,0,0,0
ENSEMBL:ENSG00000279294,0,0,0,0,0,0,-1.306,0,0,0,0,0,0,0,0,0,0,0,0,0,0
UGT2B11,0,0,0,0,0,-1.305,0,0,0,0,0,0,0,0,0,0,0,0,0,0,0
RABL2B,0,0,0,0,0,0,0,0,0,0,0,0,-1.305,0,0,0,0,0,0,0,0
ST3GAL5-AS1,0,0,0,0,0,0,0,0,0,0,0,0,-1.305,0,0,0,0,0,0,0,0
RPS27AP11,0,0,0,0,0,1.304,0,0,0,0,0,0,0,0,0,0,0,0,0,0,0
FAM227B,0,0,0,0,0,0,0,0,0,0,0,0,0,0,0,0,0,1.304,0,0,0
ENSEMBL:ENSG00000258311,0,0,0,0,0,0,0,0,0,0,0,0,1.304,0,0,0,0,0,0,0,0
RAP2A,0,-1.303,0,0,0,0,0,0,0,0,0,0,0,0,0,0,0,0,0,0,0
KIFBP,0,0,0,0,0,0,0,0,0,0,0,0,0,0,0,0,0,0,0,0,1.303
NF1,0,0,0,0,0,0,0,0,0,0,0,0,0,0,0,0,0,0,-1.303,0,0
MVB12A,0,0,0,0,0,1.302,0,0,0,0,0,0,0,0,0,0,0,0,0,0,0
ARL4AP2,0,0,0,0,0,0,0,0,0,0,0,0,0,1.302,0,0,0,0,0,0,0
ATRIP,0,0,0,0,0,0,0,0,0,0,0,0,0,0,0,0,0,0,0,-1.302,0
ENSEMBL:ENSG00000241057,0,0,0,0,0,0,0,0,0,0,0,0,0,0,0,0,0,0,0,-1.302,0
PIK3AP1,0,0,0,0,0,0,0,0,0,0,0,0,1.302,0,0,0,0,0,0,0,0
CPSF1,0,0,0,0,0,0,0,0,0,0,0,0,0,0,0,0,0,0,0,-1.301,0
SRD5A3,0,0,0,0,0,0,0,0,0,0,0,-1.301,0,0,0,0,0,0,0,0,0
ENSEMBL:ENSG00000286957,0,0,0,0,0,0,0,0,0,0,0,0,0,0,0,0,0,0,0,0,1.301
CERS1,0,0,0,0,0,0,0,0,0,0,0,0,0,0,0,0,0,0,0,-1.301,0
GLT8D1,0,-1.301,0,0,0,0,0,0,0,0,0,0,0,0,0,0,0,0,0,0,0
