row,metabolite_id,column,protein_feature_id,pearson_r,tissue,n_points,sign,significance_basis,source_refs
PC 32:0,REFMET:PC 32:0,DPH2|prot-pr,human:prot-pr:Q9BQC3,-0.9984,muscle,6,negative,"correlation |r|>=0.9, top 10 per metabolite (no significance test)",P1;D3;D8
N-Acetylleucine,REFMET:N-Acetylleucine,MRPS16|prot-pr,human:prot-pr:Q9Y3D3,-0.9976,muscle,6,negative,"correlation |r|>=0.9, top 10 per metabolite (no significance test)",P1;D3;D8
CTP,REFMET:CTP,UBQLN4|prot-pr,human:prot-pr:Q9NRR5,0.9963,muscle,6,positive,"correlation |r|>=0.9, top 10 per metabolite (no significance test)",P1;D3;D8
CAR 16:1,REFMET:CAR 16:1,ORC3|prot-pr,human:prot-pr:Q9UBD5,0.996,muscle,6,positive,"correlation |r|>=0.9, top 10 per metabolite (no significance test)",P1;D3;D8
sn-Glycero-3-phosphate,REFMET:sn-Glycero-3-phosphate,YIPF5|prot-pr,human:prot-pr:Q969M3,-0.9959,muscle,6,negative,"correlation |r|>=0.9, top 10 per metabolite (no significance test)",P1;D3;D8
Xanthosine,REFMET:Xanthosine,SREK1IP1|prot-pr,human:prot-pr:Q8N9Q2,0.9958,muscle,6,positive,"correlation |r|>=0.9, top 10 per metabolite (no significance test)",P1;D3;D8
Pyroglutamic acid,REFMET:Pyroglutamic acid,POLR2M|prot-pr,human:prot-pr:Q6EEV4,0.9956,muscle,6,positive,"correlation |r|>=0.9, top 10 per metabolite (no significance test)",P1;D3;D8
PC O-32:0,REFMET:PC O-32:0,MRPL33|prot-pr,human:prot-pr:O75394,-0.9955,muscle,6,negative,"correlation |r|>=0.9, top 10 per metabolite (no significance test)",P1;D3;D8
Glyceraldehyde 3-phosphate,REFMET:Glyceraldehyde 3-phosphate,TXNDC17|prot-pr,human:prot-pr:Q9BRA2,-0.9947,muscle,6,negative,"correlation |r|>=0.9, top 10 per metabolite (no significance test)",P1;D3;D8
PE P-34:0 or PE O-34:1,REFMET:PE P-34:0 or PE O-34:1,NRAP|prot-pr,human:prot-pr:Q86VF7,0.9944,muscle,6,positive,"correlation |r|>=0.9, top 10 per metabolite (no significance test)",P1;D3;D8
Lactic acid,REFMET:Lactic acid,ORC3|prot-pr,human:prot-pr:Q9UBD5,-0.9943,muscle,6,negative,"correlation |r|>=0.9, top 10 per metabolite (no significance test)",P1;D3;D8
Cer 18:1;O2/23:0,REFMET:Cer 18:1;O2/23:0,HSPB2|prot-pr,human:prot-pr:Q16082,0.9942,muscle,6,positive,"correlation |r|>=0.9, top 10 per metabolite (no significance test)",P1;D3;D8
Glyceraldehyde 3-phosphate,REFMET:Glyceraldehyde 3-phosphate,COPS3|prot-pr,human:prot-pr:Q9UNS2,-0.9942,muscle,6,negative,"correlation |r|>=0.9, top 10 per metabolite (no significance test)",P1;D3;D8
PGE2 ethanolamide,REFMET:PGE2 ethanolamide,GNG7|prot-pr,human:prot-pr:O60262,-0.994,muscle,6,negative,"correlation |r|>=0.9, top 10 per metabolite (no significance test)",P1;D3;D8
SM 18:1;O2/18:0,REFMET:SM 18:1;O2/18:0,PFKFB2|prot-pr,human:prot-pr:O60825,-0.9939,muscle,6,negative,"correlation |r|>=0.9, top 10 per metabolite (no significance test)",P1;D3;D8
LPE 22:6,REFMET:LPE 22:6,MYO1C|prot-pr,human:prot-pr:O00159,-0.9938,muscle,6,negative,"correlation |r|>=0.9, top 10 per metabolite (no significance test)",P1;D3;D8
Malic acid,REFMET:Malic acid,RPS28|prot-pr,human:prot-pr:P62857,-0.993,muscle,6,negative,"correlation |r|>=0.9, top 10 per metabolite (no significance test)",P1;D3;D8
Cer 18:1;O2/14:0,REFMET:Cer 18:1;O2/14:0,PIR|prot-pr,human:prot-pr:O00625,-0.9928,muscle,6,negative,"correlation |r|>=0.9, top 10 per metabolite (no significance test)",P1;D3;D8
PC P-38:6 or PC O-38:7,REFMET:PC P-38:6 or PC O-38:7,DHX9|prot-pr,human:prot-pr:Q08211,-0.9926,muscle,6,negative,"correlation |r|>=0.9, top 10 per metabolite (no significance test)",P1;D3;D8
Cer 18:1;O2/14:0,REFMET:Cer 18:1;O2/14:0,TIMMDC1|prot-pr,human:prot-pr:Q9NPL8,0.9925,muscle,6,positive,"correlation |r|>=0.9, top 10 per metabolite (no significance test)",P1;D3;D8
PE P-40:6 or PE O-40:7,REFMET:PE P-40:6 or PE O-40:7,NRAP|prot-pr,human:prot-pr:Q86VF7,0.9924,muscle,6,positive,"correlation |r|>=0.9, top 10 per metabolite (no significance test)",P1;D3;D8
PC P-38:6 or PC O-38:7,REFMET:PC P-38:6 or PC O-38:7,GLO1|prot-pr,human:prot-pr:Q04760,0.9923,muscle,6,positive,"correlation |r|>=0.9, top 10 per metabolite (no significance test)",P1;D3;D8
Targinine,REFMET:Targinine,S100A11|prot-ol,human:prot-ol:OID20130,-0.9922,blood,10,negative,"correlation |r|>=0.9, top 10 per metabolite (no significance test)",P1;D3;D8
PE P-34:2 or PE O-34:3,REFMET:PE P-34:2 or PE O-34:3,ADSS2|prot-pr,human:prot-pr:P30520,-0.992,muscle,6,negative,"correlation |r|>=0.9, top 10 per metabolite (no significance test)",P1;D3;D8
Cer 18:1;O2/16:1,REFMET:Cer 18:1;O2/16:1,CALCOCO1|prot-pr,human:prot-pr:Q9P1Z2,0.992,muscle,6,positive,"correlation |r|>=0.9, top 10 per metabolite (no significance test)",P1;D3;D8
Cortisol,REFMET:Cortisol,NCOA4|prot-pr,human:prot-pr:Q13772,-0.9919,muscle,6,negative,"correlation |r|>=0.9, top 10 per metabolite (no significance test)",P1;D3;D8
Hypoxanthine,REFMET:Hypoxanthine,TXNDC17|prot-pr,human:prot-pr:Q9BRA2,-0.9918,muscle,6,negative,"correlation |r|>=0.9, top 10 per metabolite (no significance test)",P1;D3;D8
SM 18:1;O2/14:0,REFMET:SM 18:1;O2/14:0,ANAPC7|prot-pr,human:prot-pr:Q9UJX3,0.9916,muscle,6,positive,"correlation |r|>=0.9, top 10 per metabolite (no significance test)",P1;D3;D8
Oleoyl-EA,REFMET:Oleoyl-EA,MACO1|prot-pr,human:prot-pr:Q8N5G2,0.9915,muscle,6,positive,"correlation |r|>=0.9, top 10 per metabolite (no significance test)",P1;D3;D8
LPC 18:1,REFMET:LPC 18:1,UBQLN4|prot-pr,human:prot-pr:Q9NRR5,0.9914,muscle,6,positive,"correlation |r|>=0.9, top 10 per metabolite (no significance test)",P1;D3;D8
PC 35:2,REFMET:PC 35:2,SFXN3|prot-pr,human:prot-pr:Q9BWM7,-0.9912,muscle,6,negative,"correlation |r|>=0.9, top 10 per metabolite (no significance test)",P1;D3;D8
Kynurenine,REFMET:Kynurenine,CLC|prot-pr,human:prot-pr:Q05315,-0.9911,muscle,6,negative,"correlation |r|>=0.9, top 10 per metabolite (no significance test)",P1;D3;D8
Cer 18:1;O2/23:0,REFMET:Cer 18:1;O2/23:0,LANCL2|prot-pr,human:prot-pr:Q9NS86,0.9909,muscle,6,positive,"correlation |r|>=0.9, top 10 per metabolite (no significance test)",P1;D3;D8
Homoarginine,REFMET:Homoarginine,SCGB1A1|prot-ol,human:prot-ol:OID20688,-0.9907,blood,10,negative,"correlation |r|>=0.9, top 10 per metabolite (no significance test)",P1;D3;D8
Ectoine,REFMET:Ectoine,TLE5|prot-pr,human:prot-pr:Q08117,0.9904,muscle,6,positive,"correlation |r|>=0.9, top 10 per metabolite (no significance test)",P1;D3;D8
PC O-37:4,REFMET:PC O-37:4,LHPP|prot-pr,human:prot-pr:Q9H008,0.9903,muscle,6,positive,"correlation |r|>=0.9, top 10 per metabolite (no significance test)",P1;D3;D8
LPC P-18:0 or LPC O-18:1,REFMET:LPC P-18:0 or LPC O-18:1,NCOA4|prot-pr,human:prot-pr:Q13772,0.9901,muscle,6,positive,"correlation |r|>=0.9, top 10 per metabolite (no significance test)",P1;D3;D8
Pipecolic acid,REFMET:Pipecolic acid,TRMT112|prot-pr,human:prot-pr:Q9UI30,-0.99,muscle,6,negative,"correlation |r|>=0.9, top 10 per metabolite (no significance test)",P1;D3;D8
LPC O-16:0,REFMET:LPC O-16:0,MAT2B|prot-pr,human:prot-pr:Q9NZL9,0.9892,muscle,6,positive,"correlation |r|>=0.9, top 10 per metabolite (no significance test)",P1;D3;D8
LPE P-18:0 or LPE O-18:1,REFMET:LPE P-18:0 or LPE O-18:1,FAM76A|prot-pr,human:prot-pr:Q8TAV0,-0.9892,muscle,6,negative,"correlation |r|>=0.9, top 10 per metabolite (no significance test)",P1;D3;D8
Xanthosine,REFMET:Xanthosine,H4C9|prot-pr,human:prot-pr:P62805,0.9888,muscle,6,positive,"correlation |r|>=0.9, top 10 per metabolite (no significance test)",P1;D3;D8
LPC O-18:0,REFMET:LPC O-18:0,MAT2B|prot-pr,human:prot-pr:Q9NZL9,0.9886,muscle,6,positive,"correlation |r|>=0.9, top 10 per metabolite (no significance test)",P1;D3;D8
PC P-34:0 or PC O-34:1,REFMET:PC P-34:0 or PC O-34:1,ELP5|prot-pr,human:prot-pr:Q8TE02,0.9884,muscle,6,positive,"correlation |r|>=0.9, top 10 per metabolite (no significance test)",P1;D3;D8
PC P-38:4 or PC O-38:5,REFMET:PC P-38:4 or PC O-38:5,LRRFIP2|prot-pr,human:prot-pr:Q9Y608,0.9882,muscle,6,positive,"correlation |r|>=0.9, top 10 per metabolite (no significance test)",P1;D3;D8
Malic acid,REFMET:Malic acid,HLA-G|prot-pr,human:prot-pr:P17693,0.9882,muscle,6,positive,"correlation |r|>=0.9, top 10 per metabolite (no significance test)",P1;D3;D8
PE P-35:2 or PE O-35:3,REFMET:PE P-35:2 or PE O-35:3,ADSS2|prot-pr,human:prot-pr:P30520,-0.9879,muscle,6,negative,"correlation |r|>=0.9, top 10 per metabolite (no significance test)",P1;D3;D8
PC P-32:0 or PC O-32:1,REFMET:PC P-32:0 or PC O-32:1,UBA6|prot-pr,human:prot-pr:A0AVT1,-0.9878,muscle,6,negative,"correlation |r|>=0.9, top 10 per metabolite (no significance test)",P1;D3;D8
LPC P-18:0 or LPC O-18:1,REFMET:LPC P-18:0 or LPC O-18:1,RPS28|prot-pr,human:prot-pr:P62857,0.9876,muscle,6,positive,"correlation |r|>=0.9, top 10 per metabolite (no significance test)",P1;D3;D8
LPC P-16:0 or LPC O-16:1,REFMET:LPC P-16:0 or LPC O-16:1,DAB2|prot-pr,human:prot-pr:P98082,-0.9875,muscle,6,negative,"correlation |r|>=0.9, top 10 per metabolite (no significance test)",P1;D3;D8
PE P-36:4 or PE O-36:5,REFMET:PE P-36:4 or PE O-36:5,PPP1R27|prot-pr,human:prot-pr:Q86WC6,0.9875,muscle,6,positive,"correlation |r|>=0.9, top 10 per metabolite (no significance test)",P1;D3;D8
LPE P-18:0 or LPE O-18:1,REFMET:LPE P-18:0 or LPE O-18:1,GDE1|prot-pr,human:prot-pr:Q9NZC3,-0.9873,muscle,6,negative,"correlation |r|>=0.9, top 10 per metabolite (no significance test)",P1;D3;D8
DG 34:1,REFMET:DG 34:1,UBTF|prot-pr,human:prot-pr:P17480,-0.9873,muscle,6,negative,"correlation |r|>=0.9, top 10 per metabolite (no significance test)",P1;D3;D8
PC O-37:4,REFMET:PC O-37:4,RPS28|prot-pr,human:prot-pr:P62857,0.9873,muscle,6,positive,"correlation |r|>=0.9, top 10 per metabolite (no significance test)",P1;D3;D8
Dehydroepiandrosterone sulfate,REFMET:Dehydroepiandrosterone sulfate,IL16|prot-ol,human:prot-ol:OID20633,0.9872,blood,10,positive,"correlation |r|>=0.9, top 10 per metabolite (no significance test)",P1;D3;D8
Hydroxyphenyllactic acid,REFMET:Hydroxyphenyllactic acid,ALPK3|prot-pr,human:prot-pr:Q96L96,-0.9871,muscle,6,negative,"correlation |r|>=0.9, top 10 per metabolite (no significance test)",P1;D3;D8
Linoleic acid,REFMET:Linoleic acid,DNAJC7|prot-pr,human:prot-pr:Q99615,0.9871,muscle,6,positive,"correlation |r|>=0.9, top 10 per metabolite (no significance test)",P1;D3;D8
Glutamic acid,REFMET:Glutamic acid,TXNDC17|prot-pr,human:prot-pr:Q9BRA2,0.987,muscle,6,positive,"correlation |r|>=0.9, top 10 per metabolite (no significance test)",P1;D3;D8
Leucine,REFMET:Leucine,DRG1|prot-pr,human:prot-pr:Q9Y295,-0.987,muscle,6,negative,"correlation |r|>=0.9, top 10 per metabolite (no significance test)",P1;D3;D8
TG 46:2,REFMET:TG 46:2,BRIX1|prot-pr,human:prot-pr:Q8TDN6,0.9868,muscle,6,positive,"correlation |r|>=0.9, top 10 per metabolite (no significance test)",P1;D3;D8
Ornithine,REFMET:Ornithine,FASTKD5|prot-pr,human:prot-pr:Q7L8L6,0.9868,muscle,6,positive,"correlation |r|>=0.9, top 10 per metabolite (no significance test)",P1;D3;D8
PC 33:0,REFMET:PC 33:0,H3-2|prot-pr,human:prot-pr:Q5TEC6,-0.9862,muscle,6,negative,"correlation |r|>=0.9, top 10 per metabolite (no significance test)",P1;D3;D8
LPC 18:1,REFMET:LPC 18:1,DNAJC7|prot-pr,human:prot-pr:Q99615,0.9861,muscle,6,positive,"correlation |r|>=0.9, top 10 per metabolite (no significance test)",P1;D3;D8
Phenylacetic acid,REFMET:Phenylacetic acid,OGFOD1|prot-pr,human:prot-pr:Q8N543,-0.9861,muscle,6,negative,"correlation |r|>=0.9, top 10 per metabolite (no significance test)",P1;D3;D8
Sebacic acid,REFMET:Sebacic acid,RPN1|prot-pr,human:prot-pr:P04843,-0.9859,muscle,6,negative,"correlation |r|>=0.9, top 10 per metabolite (no significance test)",P1;D3;D8
CAR 17:0,REFMET:CAR 17:0,FBXO6|prot-pr,human:prot-pr:Q9NRD1,0.9858,muscle,6,positive,"correlation |r|>=0.9, top 10 per metabolite (no significance test)",P1;D3;D8
CAR 5:0;OH,REFMET:CAR 5:0;OH,TXNDC17|prot-pr,human:prot-pr:Q9BRA2,0.9856,muscle,6,positive,"correlation |r|>=0.9, top 10 per metabolite (no significance test)",P1;D3;D8
PE P-40:6 or PE O-40:7,REFMET:PE P-40:6 or PE O-40:7,XIRP2|prot-pr,human:prot-pr:A4UGR9,0.985,muscle,6,positive,"correlation |r|>=0.9, top 10 per metabolite (no significance test)",P1;D3;D8
Tauroursodeoxycholic acid,REFMET:Tauroursodeoxycholic acid,FBXO6|prot-pr,human:prot-pr:Q9NRD1,0.9845,muscle,6,positive,"correlation |r|>=0.9, top 10 per metabolite (no significance test)",P1;D3;D8
DG 38:4,REFMET:DG 38:4,SLITRK2|prot-ol,human:prot-ol:OID21409,0.9842,blood,10,positive,"correlation |r|>=0.9, top 10 per metabolite (no significance test)",P1;D3;D8
PC P-30:0 or PC O-30:1,REFMET:PC P-30:0 or PC O-30:1,UBA6|prot-pr,human:prot-pr:A0AVT1,-0.9841,muscle,6,negative,"correlation |r|>=0.9, top 10 per metabolite (no significance test)",P1;D3;D8
Biliverdin,REFMET:Biliverdin,SREK1IP1|prot-pr,human:prot-pr:Q8N9Q2,0.9841,muscle,6,positive,"correlation |r|>=0.9, top 10 per metabolite (no significance test)",P1;D3;D8
SM 18:1;O2/14:0,REFMET:SM 18:1;O2/14:0,NCOA4|prot-pr,human:prot-pr:Q13772,0.984,muscle,6,positive,"correlation |r|>=0.9, top 10 per metabolite (no significance test)",P1;D3;D8
cis-Aconitic acid,REFMET:cis-Aconitic acid,IGFBP5|prot-pr,human:prot-pr:P24593,0.984,muscle,6,positive,"correlation |r|>=0.9, top 10 per metabolite (no significance test)",P1;D3;D8
LPE P-18:0 or LPE O-18:1,REFMET:LPE P-18:0 or LPE O-18:1,YIPF5|prot-pr,human:prot-pr:Q969M3,-0.9839,muscle,6,negative,"correlation |r|>=0.9, top 10 per metabolite (no significance test)",P1;D3;D8
GDP-mannose,REFMET:GDP-mannose,COPS8|prot-pr,human:prot-pr:Q99627,-0.9839,muscle,6,negative,"correlation |r|>=0.9, top 10 per metabolite (no significance test)",P1;D3;D8
Uric acid,REFMET:Uric acid,DNAJC1|prot-pr,human:prot-pr:Q96KC8,-0.9839,muscle,6,negative,"correlation |r|>=0.9, top 10 per metabolite (no significance test)",P1;D3;D8
LPC P-18:0 or LPC O-18:1,REFMET:LPC P-18:0 or LPC O-18:1,ANAPC7|prot-pr,human:prot-pr:Q9UJX3,0.9838,muscle,6,positive,"correlation |r|>=0.9, top 10 per metabolite (no significance test)",P1;D3;D8
PC P-32:1 or PC O-32:2,REFMET:PC P-32:1 or PC O-32:2,ADSS2|prot-pr,human:prot-pr:P30520,-0.9837,muscle,6,negative,"correlation |r|>=0.9, top 10 per metabolite (no significance test)",P1;D3;D8
Homoarginine,REFMET:Homoarginine,TNFSF10|prot-ol,human:prot-ol:OID20611,-0.9837,blood,10,negative,"correlation |r|>=0.9, top 10 per metabolite (no significance test)",P1;D3;D8
Deoxyuridine,REFMET:Deoxyuridine,NPLOC4|prot-pr,human:prot-pr:Q8TAT6,-0.9836,muscle,6,negative,"correlation |r|>=0.9, top 10 per metabolite (no significance test)",P1;D3;D8
Leu-Pro,REFMET:Leu-Pro,LPL|prot-pr,human:prot-pr:P06858,0.9835,muscle,6,positive,"correlation |r|>=0.9, top 10 per metabolite (no significance test)",P1;D3;D8
LPC O-16:0,REFMET:LPC O-16:0,TRMT112|prot-pr,human:prot-pr:Q9UI30,-0.983,muscle,6,negative,"correlation |r|>=0.9, top 10 per metabolite (no significance test)",P1;D3;D8
CAR 5:0;OH,REFMET:CAR 5:0;OH,COPS3|prot-pr,human:prot-pr:Q9UNS2,0.9829,muscle,6,positive,"correlation |r|>=0.9, top 10 per metabolite (no significance test)",P1;D3;D8
PE P-34:0 or PE O-34:1,REFMET:PE P-34:0 or PE O-34:1,XIRP2|prot-pr,human:prot-pr:A4UGR9,0.9827,muscle,6,positive,"correlation |r|>=0.9, top 10 per metabolite (no significance test)",P1;D3;D8
Docosapentaenoic acid,REFMET:Docosapentaenoic acid,LPL|prot-pr,human:prot-pr:P06858,0.9825,muscle,6,positive,"correlation |r|>=0.9, top 10 per metabolite (no significance test)",P1;D3;D8
PC 33:0,REFMET:PC 33:0,UBTF|prot-pr,human:prot-pr:P17480,-0.9823,muscle,6,negative,"correlation |r|>=0.9, top 10 per metabolite (no significance test)",P1;D3;D8
CAR 14:1;OH,REFMET:CAR 14:1;OH,ORC3|prot-pr,human:prot-pr:Q9UBD5,0.9821,muscle,6,positive,"correlation |r|>=0.9, top 10 per metabolite (no significance test)",P1;D3;D8
PC P-34:0 or PC O-34:1,REFMET:PC P-34:0 or PC O-34:1,PEX7|prot-pr,human:prot-pr:O00628,-0.982,muscle,6,negative,"correlation |r|>=0.9, top 10 per metabolite (no significance test)",P1;D3;D8
Docosapentaenoic acid,REFMET:Docosapentaenoic acid,CALCOCO1|prot-pr,human:prot-pr:Q9P1Z2,0.982,muscle,6,positive,"correlation |r|>=0.9, top 10 per metabolite (no significance test)",P1;D3;D8
PE P-38:5 or PE O-38:6,REFMET:PE P-38:5 or PE O-38:6,NRAP|prot-pr,human:prot-pr:Q86VF7,0.9818,muscle,6,positive,"correlation |r|>=0.9, top 10 per metabolite (no significance test)",P1;D3;D8
1-Methylhistamine,REFMET:1-Methylhistamine,ANAPC7|prot-pr,human:prot-pr:Q9UJX3,0.9817,muscle,6,positive,"correlation |r|>=0.9, top 10 per metabolite (no significance test)",P1;D3;D8
"NA-Gly 18:2(9Z,12Z)","REFMET:NA-Gly 18:2(9Z,12Z)",CRYZL1|prot-pr,human:prot-pr:O95825,-0.9816,muscle,6,negative,"correlation |r|>=0.9, top 10 per metabolite (no significance test)",P1;D3;D8
Phenylacetic acid,REFMET:Phenylacetic acid,LHPP|prot-pr,human:prot-pr:Q9H008,-0.9815,muscle,6,negative,"correlation |r|>=0.9, top 10 per metabolite (no significance test)",P1;D3;D8
PC P-34:3 or PC O-34:4,REFMET:PC P-34:3 or PC O-34:4,DRG1|prot-pr,human:prot-pr:Q9Y295,0.9813,muscle,6,positive,"correlation |r|>=0.9, top 10 per metabolite (no significance test)",P1;D3;D8
PC P-34:1 or PC O-34:2,REFMET:PC P-34:1 or PC O-34:2,NSDHL|prot-pr,human:prot-pr:Q15738,-0.9812,muscle,6,negative,"correlation |r|>=0.9, top 10 per metabolite (no significance test)",P1;D3;D8
N(6)-Methyllysine,REFMET:N(6)-Methyllysine,RPS24|prot-pr,human:prot-pr:P62847,0.9812,muscle,6,positive,"correlation |r|>=0.9, top 10 per metabolite (no significance test)",P1;D3;D8
13-HODE,REFMET:13-HODE,SNX3|prot-pr,human:prot-pr:O60493,0.9811,muscle,6,positive,"correlation |r|>=0.9, top 10 per metabolite (no significance test)",P1;D3;D8
PC O-32:0,REFMET:PC O-32:0,UBE2A|prot-pr,human:prot-pr:P49459,-0.981,muscle,6,negative,"correlation |r|>=0.9, top 10 per metabolite (no significance test)",P1;D3;D8
"NA-Gly 18:2(9Z,12Z)","REFMET:NA-Gly 18:2(9Z,12Z)",PSMD10|prot-pr,human:prot-pr:O75832,-0.981,muscle,6,negative,"correlation |r|>=0.9, top 10 per metabolite (no significance test)",P1;D3;D8
Citric acid/Isocitric acid,REFMET:Citric acid/Isocitric acid,DAB2|prot-pr,human:prot-pr:P98082,0.9808,muscle,6,positive,"correlation |r|>=0.9, top 10 per metabolite (no significance test)",P1;D3;D8
CAR 5:1,REFMET:CAR 5:1,PUM3|prot-pr,human:prot-pr:Q15397,0.9806,muscle,6,positive,"correlation |r|>=0.9, top 10 per metabolite (no significance test)",P1;D3;D8
Cer 18:1;O2/20:1,REFMET:Cer 18:1;O2/20:1,DNAJA1|prot-pr,human:prot-pr:P31689,0.9806,muscle,6,positive,"correlation |r|>=0.9, top 10 per metabolite (no significance test)",P1;D3;D8
Creatinine,REFMET:Creatinine,SELENOS|prot-pr,human:prot-pr:Q9BQE4,0.9805,muscle,6,positive,"correlation |r|>=0.9, top 10 per metabolite (no significance test)",P1;D3;D8
PE 38:4,REFMET:PE 38:4,PDK4|prot-pr,human:prot-pr:Q16654,0.9804,muscle,6,positive,"correlation |r|>=0.9, top 10 per metabolite (no significance test)",P1;D3;D8
Capric acid,REFMET:Capric acid,CALCOCO1|prot-pr,human:prot-pr:Q9P1Z2,-0.9804,muscle,6,negative,"correlation |r|>=0.9, top 10 per metabolite (no significance test)",P1;D3;D8
LPE 18:2,REFMET:LPE 18:2,UBQLN4|prot-pr,human:prot-pr:Q9NRR5,0.9803,muscle,6,positive,"correlation |r|>=0.9, top 10 per metabolite (no significance test)",P1;D3;D8
PGE2 ethanolamide,REFMET:PGE2 ethanolamide,MTPN|prot-pr,human:prot-pr:P58546,0.9802,muscle,6,positive,"correlation |r|>=0.9, top 10 per metabolite (no significance test)",P1;D3;D8
PC 35:3,REFMET:PC 35:3,PUM3|prot-pr,human:prot-pr:Q15397,0.98,muscle,6,positive,"correlation |r|>=0.9, top 10 per metabolite (no significance test)",P1;D3;D8
N-Acetylputrescine,REFMET:N-Acetylputrescine,MSI2|prot-pr,human:prot-pr:Q96DH6,-0.98,muscle,6,negative,"correlation |r|>=0.9, top 10 per metabolite (no significance test)",P1;D3;D8
PC 31:0,REFMET:PC 31:0,ANKRD1|prot-pr,human:prot-pr:Q15327,0.9798,muscle,6,positive,"correlation |r|>=0.9, top 10 per metabolite (no significance test)",P1;D3;D8
4-Acetamidobutanoic acid,REFMET:4-Acetamidobutanoic acid,TSPAN9|prot-pr,human:prot-pr:O75954,0.9797,muscle,6,positive,"correlation |r|>=0.9, top 10 per metabolite (no significance test)",P1;D3;D8
PC P-36:3 or PC O-36:4,REFMET:PC P-36:3 or PC O-36:4,FABP2|prot-ol,human:prot-ol:OID20200,0.9796,blood,10,positive,"correlation |r|>=0.9, top 10 per metabolite (no significance test)",P1;D3;D8
PC O-36:5,REFMET:PC O-36:5,UBE2L6|prot-pr,human:prot-pr:O14933,-0.9793,muscle,6,negative,"correlation |r|>=0.9, top 10 per metabolite (no significance test)",P1;D3;D8
N4-Acetylcytidine,REFMET:N4-Acetylcytidine,PRPF19|prot-pr,human:prot-pr:Q9UMS4,0.9793,muscle,6,positive,"correlation |r|>=0.9, top 10 per metabolite (no significance test)",P1;D3;D8
SM 18:1;O2/17:1,REFMET:SM 18:1;O2/17:1,C20orf27|prot-pr,human:prot-pr:Q9GZN8,-0.9792,muscle,6,negative,"correlation |r|>=0.9, top 10 per metabolite (no significance test)",P1;D3;D8
LPC 20:4,REFMET:LPC 20:4,UBQLN4|prot-pr,human:prot-pr:Q9NRR5,0.9792,muscle,6,positive,"correlation |r|>=0.9, top 10 per metabolite (no significance test)",P1;D3;D8
Deoxyuridine,REFMET:Deoxyuridine,TMPO|prot-pr,human:prot-pr:P42167,0.9792,muscle,6,positive,"correlation |r|>=0.9, top 10 per metabolite (no significance test)",P1;D3;D8
PC 35:3,REFMET:PC 35:3,MRPS18C|prot-pr,human:prot-pr:Q9Y3D5,0.979,muscle,6,positive,"correlation |r|>=0.9, top 10 per metabolite (no significance test)",P1;D3;D8
Oleoyl-EA,REFMET:Oleoyl-EA,PLAAT3|prot-pr,human:prot-pr:P53816,0.979,muscle,6,positive,"correlation |r|>=0.9, top 10 per metabolite (no significance test)",P1;D3;D8
Hydroxytetradecanoic acid,REFMET:Hydroxytetradecanoic acid,UBTF|prot-pr,human:prot-pr:P17480,-0.979,muscle,6,negative,"correlation |r|>=0.9, top 10 per metabolite (no significance test)",P1;D3;D8
SM 18:1;O2/18:1,REFMET:SM 18:1;O2/18:1,PFDN5|prot-pr,human:prot-pr:Q99471,0.9789,muscle,6,positive,"correlation |r|>=0.9, top 10 per metabolite (no significance test)",P1;D3;D8
CAR DC3:0;2Me,REFMET:CAR DC3:0;2Me,ST13|prot-pr,human:prot-pr:P50502,-0.9788,muscle,6,negative,"correlation |r|>=0.9, top 10 per metabolite (no significance test)",P1;D3;D8
PGE2 ethanolamide,REFMET:PGE2 ethanolamide,SCAF11|prot-pr,human:prot-pr:Q99590,0.9788,muscle,6,positive,"correlation |r|>=0.9, top 10 per metabolite (no significance test)",P1;D3;D8
EDTA,REFMET:EDTA,PDK4|prot-pr,human:prot-pr:Q16654,0.9783,muscle,6,positive,"correlation |r|>=0.9, top 10 per metabolite (no significance test)",P1;D3;D8
Xanthine,REFMET:Xanthine,OGDHL|prot-pr,human:prot-pr:Q9ULD0,0.9781,muscle,6,positive,"correlation |r|>=0.9, top 10 per metabolite (no significance test)",P1;D3;D8
Aspartic acid,REFMET:Aspartic acid,MYO1D|prot-pr,human:prot-pr:O94832,-0.978,muscle,6,negative,"correlation |r|>=0.9, top 10 per metabolite (no significance test)",P1;D3;D8
PC P-38:5 or PC O-38:6,REFMET:PC P-38:5 or PC O-38:6,LRRFIP2|prot-pr,human:prot-pr:Q9Y608,0.9779,muscle,6,positive,"correlation |r|>=0.9, top 10 per metabolite (no significance test)",P1;D3;D8
Docosatrienoic acid,REFMET:Docosatrienoic acid,TLE5|prot-pr,human:prot-pr:Q08117,0.9779,muscle,6,positive,"correlation |r|>=0.9, top 10 per metabolite (no significance test)",P1;D3;D8
DMGV,REFMET:DMGV,NCOA4|prot-pr,human:prot-pr:Q13772,-0.9776,muscle,6,negative,"correlation |r|>=0.9, top 10 per metabolite (no significance test)",P1;D3;D8
13-HODE,REFMET:13-HODE,NEXN|prot-pr,human:prot-pr:Q0ZGT2-2,0.9774,muscle,6,positive,"correlation |r|>=0.9, top 10 per metabolite (no significance test)",P1;D3;D8
Cer 18:1;O2/16:1,REFMET:Cer 18:1;O2/16:1,FAM185A|prot-pr,human:prot-pr:Q8N0U4,-0.9773,muscle,6,negative,"correlation |r|>=0.9, top 10 per metabolite (no significance test)",P1;D3;D8
CTP,REFMET:CTP,NUDT5|prot-pr,human:prot-pr:Q9UKK9,-0.9772,muscle,6,negative,"correlation |r|>=0.9, top 10 per metabolite (no significance test)",P1;D3;D8
PC 33:0,REFMET:PC 33:0,UBQLN2|prot-pr,human:prot-pr:Q9UHD9,-0.9772,muscle,6,negative,"correlation |r|>=0.9, top 10 per metabolite (no significance test)",P1;D3;D8
PE P-40:6 or PE O-40:7,REFMET:PE P-40:6 or PE O-40:7,NEXN|prot-pr,human:prot-pr:Q0ZGT2-2,0.9772,muscle,6,positive,"correlation |r|>=0.9, top 10 per metabolite (no significance test)",P1;D3;D8
Nonadecenoic acid,REFMET:Nonadecenoic acid,ARMH3|prot-pr,human:prot-pr:Q5T2E6,-0.9769,muscle,6,negative,"correlation |r|>=0.9, top 10 per metabolite (no significance test)",P1;D3;D8
Trigonelline,REFMET:Trigonelline,MACROH2A1|prot-pr,human:prot-pr:O75367,0.9769,muscle,6,positive,"correlation |r|>=0.9, top 10 per metabolite (no significance test)",P1;D3;D8
LPC P-16:0 or LPC O-16:1,REFMET:LPC P-16:0 or LPC O-16:1,H3-2|prot-pr,human:prot-pr:Q5TEC6,-0.9767,muscle,6,negative,"correlation |r|>=0.9, top 10 per metabolite (no significance test)",P1;D3;D8
PC P-36:5 or PC O-36:6,REFMET:PC P-36:5 or PC O-36:6,BIRC2|prot-pr,human:prot-pr:Q13490,0.9767,muscle,6,positive,"correlation |r|>=0.9, top 10 per metabolite (no significance test)",P1;D3;D8
Pyridoxamine,REFMET:Pyridoxamine,DST|prot-pr,human:prot-pr:Q03001,-0.9767,muscle,6,negative,"correlation |r|>=0.9, top 10 per metabolite (no significance test)",P1;D3;D8
O-Ethylhomoserine,REFMET:O-Ethylhomoserine,CCN4|prot-ol,human:prot-ol:OID21444,-0.9765,blood,10,negative,"correlation |r|>=0.9, top 10 per metabolite (no significance test)",P1;D3;D8
3-Hydroxybenzoic acid,REFMET:3-Hydroxybenzoic acid,GNG7|prot-pr,human:prot-pr:O60262,-0.9763,muscle,6,negative,"correlation |r|>=0.9, top 10 per metabolite (no significance test)",P1;D3;D8
PE P-38:6 or PE O-38:7,REFMET:PE P-38:6 or PE O-38:7,PPP1R27|prot-pr,human:prot-pr:Q86WC6,0.9762,muscle,6,positive,"correlation |r|>=0.9, top 10 per metabolite (no significance test)",P1;D3;D8
SM 18:1;O2/18:0,REFMET:SM 18:1;O2/18:0,MAIP1|prot-pr,human:prot-pr:Q8WWC4,-0.9762,muscle,6,negative,"correlation |r|>=0.9, top 10 per metabolite (no significance test)",P1;D3;D8
LPE 22:5,REFMET:LPE 22:5,MYO1C|prot-pr,human:prot-pr:O00159,-0.9762,muscle,6,negative,"correlation |r|>=0.9, top 10 per metabolite (no significance test)",P1;D3;D8
DG 38:4,REFMET:DG 38:4,GFRA1|prot-ol,human:prot-ol:OID21457,0.9761,blood,10,positive,"correlation |r|>=0.9, top 10 per metabolite (no significance test)",P1;D3;D8
LPC 18:1,REFMET:LPC 18:1,SSRP1|prot-pr,human:prot-pr:Q08945,-0.9761,muscle,6,negative,"correlation |r|>=0.9, top 10 per metabolite (no significance test)",P1;D3;D8
Threonine,REFMET:Threonine,NCOA4|prot-pr,human:prot-pr:Q13772,-0.976,muscle,6,negative,"correlation |r|>=0.9, top 10 per metabolite (no significance test)",P1;D3;D8
DG 18:2_18:2,REFMET:DG 18:2_18:2,IRF2BPL|prot-pr,human:prot-pr:Q9H1B7,-0.9759,muscle,6,negative,"correlation |r|>=0.9, top 10 per metabolite (no significance test)",P1;D3;D8
Glycoursodeoxycholic acid,REFMET:Glycoursodeoxycholic acid,APBB2|prot-pr,human:prot-pr:Q92870,0.9759,muscle,6,positive,"correlation |r|>=0.9, top 10 per metabolite (no significance test)",P1;D3;D8
TG 44:1,REFMET:TG 44:1,BRIX1|prot-pr,human:prot-pr:Q8TDN6,0.9758,muscle,6,positive,"correlation |r|>=0.9, top 10 per metabolite (no significance test)",P1;D3;D8
Linoleic acid,REFMET:Linoleic acid,SSRP1|prot-pr,human:prot-pr:Q08945,-0.9757,muscle,6,negative,"correlation |r|>=0.9, top 10 per metabolite (no significance test)",P1;D3;D8
Cytidine,REFMET:Cytidine,SREK1IP1|prot-pr,human:prot-pr:Q8N9Q2,-0.9756,muscle,6,negative,"correlation |r|>=0.9, top 10 per metabolite (no significance test)",P1;D3;D8
PE P-34:0 or PE O-34:1,REFMET:PE P-34:0 or PE O-34:1,NEXN|prot-pr,human:prot-pr:Q0ZGT2-2,0.9755,muscle,6,positive,"correlation |r|>=0.9, top 10 per metabolite (no significance test)",P1;D3;D8
Phenyllactic acid,REFMET:Phenyllactic acid,MACROD1|prot-pr,human:prot-pr:Q9BQ69,-0.9755,muscle,6,negative,"correlation |r|>=0.9, top 10 per metabolite (no significance test)",P1;D3;D8
TG 44:1,REFMET:TG 44:1,METTL3|prot-pr,human:prot-pr:Q86U44,0.9755,muscle,6,positive,"correlation |r|>=0.9, top 10 per metabolite (no significance test)",P1;D3;D8
LPE 18:2,REFMET:LPE 18:2,DNAJC7|prot-pr,human:prot-pr:Q99615,0.9754,muscle,6,positive,"correlation |r|>=0.9, top 10 per metabolite (no significance test)",P1;D3;D8
PE 32:1,REFMET:PE 32:1,NRAP|prot-pr,human:prot-pr:Q86VF7,0.9754,muscle,6,positive,"correlation |r|>=0.9, top 10 per metabolite (no significance test)",P1;D3;D8
LPE 18:2,REFMET:LPE 18:2,NUDT5|prot-pr,human:prot-pr:Q9UKK9,-0.9754,muscle,6,negative,"correlation |r|>=0.9, top 10 per metabolite (no significance test)",P1;D3;D8
CAR 5:1,REFMET:CAR 5:1,CPSF6|prot-pr,human:prot-pr:Q16630,-0.9753,muscle,6,negative,"correlation |r|>=0.9, top 10 per metabolite (no significance test)",P1;D3;D8
Capric acid,REFMET:Capric acid,LPL|prot-pr,human:prot-pr:P06858,-0.9753,muscle,6,negative,"correlation |r|>=0.9, top 10 per metabolite (no significance test)",P1;D3;D8
Pipecolic acid,REFMET:Pipecolic acid,MAT2B|prot-pr,human:prot-pr:Q9NZL9,0.9753,muscle,6,positive,"correlation |r|>=0.9, top 10 per metabolite (no significance test)",P1;D3;D8
2-Piperidinone,REFMET:2-Piperidinone,PSMD10|prot-pr,human:prot-pr:O75832,0.9751,muscle,6,positive,"correlation |r|>=0.9, top 10 per metabolite (no significance test)",P1;D3;D8
Succinic acid,REFMET:Succinic acid,DHRS11|prot-pr,human:prot-pr:Q6UWP2,-0.9751,muscle,6,negative,"correlation |r|>=0.9, top 10 per metabolite (no significance test)",P1;D3;D8
Dimethylarginine,REFMET:Dimethylarginine,H4C9|prot-pr,human:prot-pr:P62805,0.9751,muscle,6,positive,"correlation |r|>=0.9, top 10 per metabolite (no significance test)",P1;D3;D8
PE O-36:4,REFMET:PE O-36:4,LYPLA2|prot-pr,human:prot-pr:O95372,0.9749,muscle,6,positive,"correlation |r|>=0.9, top 10 per metabolite (no significance test)",P1;D3;D8
N(6)-Methyllysine,REFMET:N(6)-Methyllysine,PPP2R5D|prot-pr,human:prot-pr:Q14738,-0.9749,muscle,6,negative,"correlation |r|>=0.9, top 10 per metabolite (no significance test)",P1;D3;D8
Malic acid,REFMET:Malic acid,ANAPC7|prot-pr,human:prot-pr:Q9UJX3,-0.9749,muscle,6,negative,"correlation |r|>=0.9, top 10 per metabolite (no significance test)",P1;D3;D8
Hydroxyhexadecanoic acid,REFMET:Hydroxyhexadecanoic acid,LPL|prot-pr,human:prot-pr:P06858,0.9747,muscle,6,positive,"correlation |r|>=0.9, top 10 per metabolite (no significance test)",P1;D3;D8
PE P-38:5 or PE O-38:6,REFMET:PE P-38:5 or PE O-38:6,NEXN|prot-pr,human:prot-pr:Q0ZGT2-2,0.9747,muscle,6,positive,"correlation |r|>=0.9, top 10 per metabolite (no significance test)",P1;D3;D8
LPE 18:2,REFMET:LPE 18:2,SSRP1|prot-pr,human:prot-pr:Q08945,-0.9747,muscle,6,negative,"correlation |r|>=0.9, top 10 per metabolite (no significance test)",P1;D3;D8
Phenyllactic acid,REFMET:Phenyllactic acid,COL6A1|prot-pr,human:prot-pr:P12109,0.9744,muscle,6,positive,"correlation |r|>=0.9, top 10 per metabolite (no significance test)",P1;D3;D8
Maleic acid,REFMET:Maleic acid,UBTF|prot-pr,human:prot-pr:P17480,0.9743,muscle,6,positive,"correlation |r|>=0.9, top 10 per metabolite (no significance test)",P1;D3;D8
Hydroxyphenyllactic acid,REFMET:Hydroxyphenyllactic acid,H4C9|prot-pr,human:prot-pr:P62805,0.9743,muscle,6,positive,"correlation |r|>=0.9, top 10 per metabolite (no significance test)",P1;D3;D8
PC 30:1,REFMET:PC 30:1,STYXL2|prot-pr,human:prot-pr:Q5VZP5,0.9742,muscle,6,positive,"correlation |r|>=0.9, top 10 per metabolite (no significance test)",P1;D3;D8
Ketoleucine,REFMET:Ketoleucine,NPLOC4|prot-pr,human:prot-pr:Q8TAT6,-0.9742,muscle,6,negative,"correlation |r|>=0.9, top 10 per metabolite (no significance test)",P1;D3;D8
Eicosapentaenoic acid,REFMET:Eicosapentaenoic acid,RANBP9|prot-pr,human:prot-pr:Q96S59,0.9742,muscle,6,positive,"correlation |r|>=0.9, top 10 per metabolite (no significance test)",P1;D3;D8
SM 18:1;O2/23:2,REFMET:SM 18:1;O2/23:2,C20orf27|prot-pr,human:prot-pr:Q9GZN8,-0.9741,muscle,6,negative,"correlation |r|>=0.9, top 10 per metabolite (no significance test)",P1;D3;D8
Adipic acid,REFMET:Adipic acid,PSMD10|prot-pr,human:prot-pr:O75832,0.9741,muscle,6,positive,"correlation |r|>=0.9, top 10 per metabolite (no significance test)",P1;D3;D8
SM 18:1;O2/22:0,REFMET:SM 18:1;O2/22:0,OGFOD1|prot-pr,human:prot-pr:Q8N543,0.9741,muscle,6,positive,"correlation |r|>=0.9, top 10 per metabolite (no significance test)",P1;D3;D8
Xanthine,REFMET:Xanthine,ST13|prot-pr,human:prot-pr:P50502,-0.9741,muscle,6,negative,"correlation |r|>=0.9, top 10 per metabolite (no significance test)",P1;D3;D8
Octadecatetraenoic acid,REFMET:Octadecatetraenoic acid,NUDT5|prot-pr,human:prot-pr:Q9UKK9,-0.9739,muscle,6,negative,"correlation |r|>=0.9, top 10 per metabolite (no significance test)",P1;D3;D8
UDP-glucose,REFMET:UDP-glucose,RACK1|prot-pr,human:prot-pr:P63244,0.9738,muscle,6,positive,"correlation |r|>=0.9, top 10 per metabolite (no significance test)",P1;D3;D8
Biliverdin,REFMET:Biliverdin,H4C9|prot-pr,human:prot-pr:P62805,0.9737,muscle,6,positive,"correlation |r|>=0.9, top 10 per metabolite (no significance test)",P1;D3;D8
DG 18:2_18:2,REFMET:DG 18:2_18:2,PRKN|prot-pr,human:prot-pr:O60260,0.9737,muscle,6,positive,"correlation |r|>=0.9, top 10 per metabolite (no significance test)",P1;D3;D8
CAR 5:1,REFMET:CAR 5:1,DDA1|prot-pr,human:prot-pr:Q9BW61,-0.9736,muscle,6,negative,"correlation |r|>=0.9, top 10 per metabolite (no significance test)",P1;D3;D8
O-Ethylhomoserine,REFMET:O-Ethylhomoserine,RSPO1|prot-ol,human:prot-ol:OID20938,-0.9735,blood,10,negative,"correlation |r|>=0.9, top 10 per metabolite (no significance test)",P1;D3;D8
LPE 16:1,REFMET:LPE 16:1,SPINK6|prot-ol,human:prot-ol:OID21450,-0.9734,blood,10,negative,"correlation |r|>=0.9, top 10 per metabolite (no significance test)",P1;D3;D8
gamma-Aminobutyric acid,REFMET:gamma-Aminobutyric acid,H4C9|prot-pr,human:prot-pr:P62805,-0.9734,muscle,6,negative,"correlation |r|>=0.9, top 10 per metabolite (no significance test)",P1;D3;D8
3-Hydroxybenzoic acid,REFMET:3-Hydroxybenzoic acid,TSC22D3|prot-pr,human:prot-pr:Q99576-3,-0.9733,muscle,6,negative,"correlation |r|>=0.9, top 10 per metabolite (no significance test)",P1;D3;D8
3-O-Methyl-DOPA,REFMET:3-O-Methyl-DOPA,COQ5|prot-pr,human:prot-pr:Q5HYK3,-0.9732,muscle,6,negative,"correlation |r|>=0.9, top 10 per metabolite (no significance test)",P1;D3;D8
Biliverdin,REFMET:Biliverdin,DAB2|prot-pr,human:prot-pr:P98082,0.9732,muscle,6,positive,"correlation |r|>=0.9, top 10 per metabolite (no significance test)",P1;D3;D8
UDP-glucose,REFMET:UDP-glucose,CTSF|prot-pr,human:prot-pr:Q9UBX1,0.973,muscle,6,positive,"correlation |r|>=0.9, top 10 per metabolite (no significance test)",P1;D3;D8
2-Aminocaprylic acid,REFMET:2-Aminocaprylic acid,TXNDC17|prot-pr,human:prot-pr:Q9BRA2,0.973,muscle,6,positive,"correlation |r|>=0.9, top 10 per metabolite (no significance test)",P1;D3;D8
PC P-35:2 or PC O-35:3,REFMET:PC P-35:2 or PC O-35:3,DST|prot-pr,human:prot-pr:Q03001,0.9729,muscle,6,positive,"correlation |r|>=0.9, top 10 per metabolite (no significance test)",P1;D3;D8
N-Acetylputrescine,REFMET:N-Acetylputrescine,IFI30|prot-pr,human:prot-pr:P13284,0.9729,muscle,6,positive,"correlation |r|>=0.9, top 10 per metabolite (no significance test)",P1;D3;D8
Ureidopropionic acid,REFMET:Ureidopropionic acid,IGHV3-74|prot-pr,human:prot-pr:A0A0B4J1X5,-0.9729,muscle,6,negative,"correlation |r|>=0.9, top 10 per metabolite (no significance test)",P1;D3;D8
Dimethylarginine,REFMET:Dimethylarginine,CXCL17|prot-ol,human:prot-ol:OID20622,-0.9728,blood,10,negative,"correlation |r|>=0.9, top 10 per metabolite (no significance test)",P1;D3;D8
SM 18:1;O2/17:0,REFMET:SM 18:1;O2/17:0,CPT1A|prot-pr,human:prot-pr:P50416,-0.9728,muscle,6,negative,"correlation |r|>=0.9, top 10 per metabolite (no significance test)",P1;D3;D8
Hydroxyhexadecanoic acid,REFMET:Hydroxyhexadecanoic acid,POLR2M|prot-pr,human:prot-pr:Q6EEV4,0.9726,muscle,6,positive,"correlation |r|>=0.9, top 10 per metabolite (no significance test)",P1;D3;D8
Glycochenodeoxycholic acid,REFMET:Glycochenodeoxycholic acid,LDLRAP1|prot-pr,human:prot-pr:Q5SW96,0.9726,muscle,6,positive,"correlation |r|>=0.9, top 10 per metabolite (no significance test)",P1;D3;D8
Docosatrienoic acid,REFMET:Docosatrienoic acid,TIA1|prot-pr,human:prot-pr:P31483,0.9725,muscle,6,positive,"correlation |r|>=0.9, top 10 per metabolite (no significance test)",P1;D3;D8
Docosapentaenoic acid,REFMET:Docosapentaenoic acid,FAM185A|prot-pr,human:prot-pr:Q8N0U4,-0.9724,muscle,6,negative,"correlation |r|>=0.9, top 10 per metabolite (no significance test)",P1;D3;D8
Glycoursodeoxycholic acid,REFMET:Glycoursodeoxycholic acid,HINT1|prot-pr,human:prot-pr:P49773,0.9724,muscle,6,positive,"correlation |r|>=0.9, top 10 per metabolite (no significance test)",P1;D3;D8
Cortisol,REFMET:Cortisol,RPS28|prot-pr,human:prot-pr:P62857,-0.9724,muscle,6,negative,"correlation |r|>=0.9, top 10 per metabolite (no significance test)",P1;D3;D8
Phosphoethanolamine,REFMET:Phosphoethanolamine,AP5M1|prot-pr,human:prot-pr:Q9H0R1,0.9723,muscle,6,positive,"correlation |r|>=0.9, top 10 per metabolite (no significance test)",P1;D3;D8
gamma-Aminobutyric acid,REFMET:gamma-Aminobutyric acid,ALPK3|prot-pr,human:prot-pr:Q96L96,0.9723,muscle,6,positive,"correlation |r|>=0.9, top 10 per metabolite (no significance test)",P1;D3;D8
LPC P-16:0 or LPC O-16:1,REFMET:LPC P-16:0 or LPC O-16:1,UBQLN2|prot-pr,human:prot-pr:Q9UHD9,-0.9723,muscle,6,negative,"correlation |r|>=0.9, top 10 per metabolite (no significance test)",P1;D3;D8
Hexose,REFMET:Hexose,UBQLN4|prot-pr,human:prot-pr:Q9NRR5,-0.9722,muscle,6,negative,"correlation |r|>=0.9, top 10 per metabolite (no significance test)",P1;D3;D8
LPC P-18:0 or LPC O-18:1,REFMET:LPC P-18:0 or LPC O-18:1,HLA-G|prot-pr,human:prot-pr:P17693,-0.9721,muscle,6,negative,"correlation |r|>=0.9, top 10 per metabolite (no significance test)",P1;D3;D8
N-Acetylputrescine,REFMET:N-Acetylputrescine,MACROH2A1|prot-pr,human:prot-pr:O75367,0.9719,muscle,6,positive,"correlation |r|>=0.9, top 10 per metabolite (no significance test)",P1;D3;D8
PE P-40:6 or PE O-40:7,REFMET:PE P-40:6 or PE O-40:7,SNX3|prot-pr,human:prot-pr:O60493,0.9719,muscle,6,positive,"correlation |r|>=0.9, top 10 per metabolite (no significance test)",P1;D3;D8
CAR DC5:0,REFMET:CAR DC5:0,TNFRSF6B|prot-ol,human:prot-ol:OID20964,-0.9719,blood,10,negative,"correlation |r|>=0.9, top 10 per metabolite (no significance test)",P1;D3;D8
CAR 12:0;OH,REFMET:CAR 12:0;OH,ORC3|prot-pr,human:prot-pr:Q9UBD5,0.9718,muscle,6,positive,"correlation |r|>=0.9, top 10 per metabolite (no significance test)",P1;D3;D8
PC 32:3,REFMET:PC 32:3,ANKRD1|prot-pr,human:prot-pr:Q15327,0.9718,muscle,6,positive,"correlation |r|>=0.9, top 10 per metabolite (no significance test)",P1;D3;D8
Phenylacetic acid,REFMET:Phenylacetic acid,ALPK3|prot-pr,human:prot-pr:Q96L96,-0.9718,muscle,6,negative,"correlation |r|>=0.9, top 10 per metabolite (no significance test)",P1;D3;D8
UMP,REFMET:UMP,DNAJC21|prot-pr,human:prot-pr:Q5F1R6,0.9717,muscle,6,positive,"correlation |r|>=0.9, top 10 per metabolite (no significance test)",P1;D3;D8
DG 18:2_18:2,REFMET:DG 18:2_18:2,PFN1|prot-pr,human:prot-pr:P07737,-0.9717,muscle,6,negative,"correlation |r|>=0.9, top 10 per metabolite (no significance test)",P1;D3;D8
SM 18:1;O2/21:0,REFMET:SM 18:1;O2/21:0,H4C9|prot-pr,human:prot-pr:P62805,-0.9717,muscle,6,negative,"correlation |r|>=0.9, top 10 per metabolite (no significance test)",P1;D3;D8
Glycine,REFMET:Glycine,COMMD3|prot-pr,human:prot-pr:Q9UBI1,-0.9716,muscle,6,negative,"correlation |r|>=0.9, top 10 per metabolite (no significance test)",P1;D3;D8
13-HODE,REFMET:13-HODE,XIRP2|prot-pr,human:prot-pr:A4UGR9,0.9716,muscle,6,positive,"correlation |r|>=0.9, top 10 per metabolite (no significance test)",P1;D3;D8
PC P-36:4 or PC O-36:5,REFMET:PC P-36:4 or PC O-36:5,OGFOD1|prot-pr,human:prot-pr:Q8N543,0.9716,muscle,6,positive,"correlation |r|>=0.9, top 10 per metabolite (no significance test)",P1;D3;D8
Cortisol,REFMET:Cortisol,RETN|prot-pr,human:prot-pr:Q9HD89,0.9716,muscle,6,positive,"correlation |r|>=0.9, top 10 per metabolite (no significance test)",P1;D3;D8
N-Acetylisoputreanine,REFMET:N-Acetylisoputreanine,ARMH3|prot-pr,human:prot-pr:Q5T2E6,-0.9715,muscle,6,negative,"correlation |r|>=0.9, top 10 per metabolite (no significance test)",P1;D3;D8
Lysine,REFMET:Lysine,PHOSPHO1|prot-ol,human:prot-ol:OID20922,-0.9715,blood,10,negative,"correlation |r|>=0.9, top 10 per metabolite (no significance test)",P1;D3;D8
Inosine,REFMET:Inosine,TXNDC17|prot-pr,human:prot-pr:Q9BRA2,-0.9715,muscle,6,negative,"correlation |r|>=0.9, top 10 per metabolite (no significance test)",P1;D3;D8
CAR 18:3,REFMET:CAR 18:3,C12orf29|prot-pr,human:prot-pr:Q8N999,0.9712,muscle,6,positive,"correlation |r|>=0.9, top 10 per metabolite (no significance test)",P1;D3;D8
Deoxyuridine,REFMET:Deoxyuridine,DAB2|prot-pr,human:prot-pr:P98082,0.9712,muscle,6,positive,"correlation |r|>=0.9, top 10 per metabolite (no significance test)",P1;D3;D8
Octadecatrienoic acid,REFMET:Octadecatrienoic acid,CCN1|prot-pr,human:prot-pr:O00622,0.9709,muscle,6,positive,"correlation |r|>=0.9, top 10 per metabolite (no significance test)",P1;D3;D8
Phenyllactic acid,REFMET:Phenyllactic acid,SEC22B|prot-pr,human:prot-pr:O75396,0.9709,muscle,6,positive,"correlation |r|>=0.9, top 10 per metabolite (no significance test)",P1;D3;D8
Cer 18:1;O2/20:0,REFMET:Cer 18:1;O2/20:0,TECR|prot-pr,human:prot-pr:Q9NZ01,-0.9708,muscle,6,negative,"correlation |r|>=0.9, top 10 per metabolite (no significance test)",P1;D3;D8
PE P-40:6 or PE O-40:7,REFMET:PE P-40:6 or PE O-40:7,STYXL2|prot-pr,human:prot-pr:Q5VZP5,0.9708,muscle,6,positive,"correlation |r|>=0.9, top 10 per metabolite (no significance test)",P1;D3;D8
O-Ethylhomoserine,REFMET:O-Ethylhomoserine,HAVCR1|prot-ol,human:prot-ol:OID21422,-0.9708,blood,10,negative,"correlation |r|>=0.9, top 10 per metabolite (no significance test)",P1;D3;D8
SM 18:1;O2/19:1,REFMET:SM 18:1;O2/19:1,NUTF2|prot-pr,human:prot-pr:P61970,-0.9707,muscle,6,negative,"correlation |r|>=0.9, top 10 per metabolite (no significance test)",P1;D3;D8
Phenyllactic acid,REFMET:Phenyllactic acid,SREK1IP1|prot-pr,human:prot-pr:Q8N9Q2,0.9707,muscle,6,positive,"correlation |r|>=0.9, top 10 per metabolite (no significance test)",P1;D3;D8
SM 18:1;O2/14:0,REFMET:SM 18:1;O2/14:0,RPS28|prot-pr,human:prot-pr:P62857,0.9707,muscle,6,positive,"correlation |r|>=0.9, top 10 per metabolite (no significance test)",P1;D3;D8
Leucine/Isoleucine,REFMET:Leucine/Isoleucine,NAAA|prot-ol,human:prot-ol:OID20931,0.9706,blood,10,positive,"correlation |r|>=0.9, top 10 per metabolite (no significance test)",P1;D3;D8
PGE2 ethanolamide,REFMET:PGE2 ethanolamide,TNNC2|prot-pr,human:prot-pr:P02585,0.9704,muscle,6,positive,"correlation |r|>=0.9, top 10 per metabolite (no significance test)",P1;D3;D8
PE P-36:2 or PE O-36:3,REFMET:PE P-36:2 or PE O-36:3,MGMT|prot-pr,human:prot-pr:P16455,0.9703,muscle,6,positive,"correlation |r|>=0.9, top 10 per metabolite (no significance test)",P1;D3;D8
PE P-38:5 or PE O-38:6,REFMET:PE P-38:5 or PE O-38:6,XIRP2|prot-pr,human:prot-pr:A4UGR9,0.9702,muscle,6,positive,"correlation |r|>=0.9, top 10 per metabolite (no significance test)",P1;D3;D8
PE 38:4,REFMET:PE 38:4,NPLOC4|prot-pr,human:prot-pr:Q8TAT6,0.9701,muscle,6,positive,"correlation |r|>=0.9, top 10 per metabolite (no significance test)",P1;D3;D8
1-Methylguanosine,REFMET:1-Methylguanosine,PHYKPL|prot-pr,human:prot-pr:Q8IUZ5,0.97,muscle,6,positive,"correlation |r|>=0.9, top 10 per metabolite (no significance test)",P1;D3;D8
"(E,E)-Trichostachine","REFMET:(E,E)-Trichostachine",ICMT|prot-pr,human:prot-pr:O60725,0.97,muscle,6,positive,"correlation |r|>=0.9, top 10 per metabolite (no significance test)",P1;D3;D8
LPC 18:2,REFMET:LPC 18:2,TRMT112|prot-pr,human:prot-pr:Q9UI30,-0.9699,muscle,6,negative,"correlation |r|>=0.9, top 10 per metabolite (no significance test)",P1;D3;D8
PS P-36:1 or PS O-36:2,REFMET:PS P-36:1 or PS O-36:2,KLK6|prot-ol,human:prot-ol:OID21526,-0.9698,blood,10,negative,"correlation |r|>=0.9, top 10 per metabolite (no significance test)",P1;D3;D8
Indole-4-carboxaldehyde,REFMET:Indole-4-carboxaldehyde,NDUFA6|prot-pr,human:prot-pr:P56556,0.9698,muscle,6,positive,"correlation |r|>=0.9, top 10 per metabolite (no significance test)",P1;D3;D8
Phenylacetic acid,REFMET:Phenylacetic acid,RPS28|prot-pr,human:prot-pr:P62857,-0.9697,muscle,6,negative,"correlation |r|>=0.9, top 10 per metabolite (no significance test)",P1;D3;D8
Leucine,REFMET:Leucine,LZIC|prot-pr,human:prot-pr:Q8WZA0,0.9696,muscle,6,positive,"correlation |r|>=0.9, top 10 per metabolite (no significance test)",P1;D3;D8
Octadecatetraenoic acid,REFMET:Octadecatetraenoic acid,UBQLN4|prot-pr,human:prot-pr:Q9NRR5,0.9696,muscle,6,positive,"correlation |r|>=0.9, top 10 per metabolite (no significance test)",P1;D3;D8
Cer 18:1;O2/22:1,REFMET:Cer 18:1;O2/22:1,VPS37A|prot-pr,human:prot-pr:Q8NEZ2,0.9696,muscle,6,positive,"correlation |r|>=0.9, top 10 per metabolite (no significance test)",P1;D3;D8
N-Acetylputrescine,REFMET:N-Acetylputrescine,NPDC1|prot-ol,human:prot-ol:OID20205,0.9695,blood,10,positive,"correlation |r|>=0.9, top 10 per metabolite (no significance test)",P1;D3;D8
PC 34:4,REFMET:PC 34:4,ORC3|prot-pr,human:prot-pr:Q9UBD5,0.9695,muscle,6,positive,"correlation |r|>=0.9, top 10 per metabolite (no significance test)",P1;D3;D8
3-Methyl-2-oxovaleric acid,REFMET:3-Methyl-2-oxovaleric acid,NPLOC4|prot-pr,human:prot-pr:Q8TAT6,-0.9695,muscle,6,negative,"correlation |r|>=0.9, top 10 per metabolite (no significance test)",P1;D3;D8
Glutamic acid,REFMET:Glutamic acid,NPDC1|prot-ol,human:prot-ol:OID20205,0.9694,blood,10,positive,"correlation |r|>=0.9, top 10 per metabolite (no significance test)",P1;D3;D8
N-Acetylisoputreanine,REFMET:N-Acetylisoputreanine,ANKS1A|prot-pr,human:prot-pr:Q92625,0.9692,muscle,6,positive,"correlation |r|>=0.9, top 10 per metabolite (no significance test)",P1;D3;D8
LPC O-18:0,REFMET:LPC O-18:0,POLR3E|prot-pr,human:prot-pr:Q9NVU0,0.9691,muscle,6,positive,"correlation |r|>=0.9, top 10 per metabolite (no significance test)",P1;D3;D8
Ornithine,REFMET:Ornithine,FLT3LG|prot-ol,human:prot-ol:OID20661,-0.969,blood,10,negative,"correlation |r|>=0.9, top 10 per metabolite (no significance test)",P1;D3;D8
Eicosenoic acid,REFMET:Eicosenoic acid,DHRS11|prot-pr,human:prot-pr:Q6UWP2,-0.9689,muscle,6,negative,"correlation |r|>=0.9, top 10 per metabolite (no significance test)",P1;D3;D8
PC 31:0,REFMET:PC 31:0,STYXL2|prot-pr,human:prot-pr:Q5VZP5,0.9689,muscle,6,positive,"correlation |r|>=0.9, top 10 per metabolite (no significance test)",P1;D3;D8
Hypoxanthine,REFMET:Hypoxanthine,COPS3|prot-pr,human:prot-pr:Q9UNS2,-0.9689,muscle,6,negative,"correlation |r|>=0.9, top 10 per metabolite (no significance test)",P1;D3;D8
5alpha-Androstane-3alpha-ol-17-one sulfate,REFMET:5alpha-Androstane-3alpha-ol-17-one sulfate,RAP2A|prot-pr,human:prot-pr:P10114,-0.9688,muscle,6,negative,"correlation |r|>=0.9, top 10 per metabolite (no significance test)",P1;D3;D8
PC 35:2,REFMET:PC 35:2,POLR3E|prot-pr,human:prot-pr:Q9NVU0,0.9687,muscle,6,positive,"correlation |r|>=0.9, top 10 per metabolite (no significance test)",P1;D3;D8
Biliverdin,REFMET:Biliverdin,H3-2|prot-pr,human:prot-pr:Q5TEC6,0.9687,muscle,6,positive,"correlation |r|>=0.9, top 10 per metabolite (no significance test)",P1;D3;D8
Cer 18:1;O2/14:0,REFMET:Cer 18:1;O2/14:0,ABRACL|prot-pr,human:prot-pr:Q9P1F3,-0.9686,muscle,6,negative,"correlation |r|>=0.9, top 10 per metabolite (no significance test)",P1;D3;D8
CAR 16:0,REFMET:CAR 16:0,ORC3|prot-pr,human:prot-pr:Q9UBD5,0.9685,muscle,6,positive,"correlation |r|>=0.9, top 10 per metabolite (no significance test)",P1;D3;D8
TG 44:1,REFMET:TG 44:1,GOSR1|prot-pr,human:prot-pr:O95249,-0.9685,muscle,6,negative,"correlation |r|>=0.9, top 10 per metabolite (no significance test)",P1;D3;D8
LPC 18:1,REFMET:LPC 18:1,NUDT5|prot-pr,human:prot-pr:Q9UKK9,-0.9684,muscle,6,negative,"correlation |r|>=0.9, top 10 per metabolite (no significance test)",P1;D3;D8
PC P-36:3 or PC O-36:4,REFMET:PC P-36:3 or PC O-36:4,NEXN|prot-pr,human:prot-pr:Q0ZGT2-2,0.9684,muscle,6,positive,"correlation |r|>=0.9, top 10 per metabolite (no significance test)",P1;D3;D8
MG 18:1,REFMET:MG 18:1,MAT2B|prot-pr,human:prot-pr:Q9NZL9,-0.9683,muscle,6,negative,"correlation |r|>=0.9, top 10 per metabolite (no significance test)",P1;D3;D8
CAR DC3:0;2Me,REFMET:CAR DC3:0;2Me,BST2|prot-pr,human:prot-pr:Q10589,0.9683,muscle,6,positive,"correlation |r|>=0.9, top 10 per metabolite (no significance test)",P1;D3;D8
PC P-36:3 or PC O-36:4,REFMET:PC P-36:3 or PC O-36:4,ABRA|prot-pr,human:prot-pr:Q8N0Z2,0.9682,muscle,6,positive,"correlation |r|>=0.9, top 10 per metabolite (no significance test)",P1;D3;D8
Hypoxanthine,REFMET:Hypoxanthine,GIMAP1|prot-pr,human:prot-pr:Q8WWP7,0.9682,muscle,6,positive,"correlation |r|>=0.9, top 10 per metabolite (no significance test)",P1;D3;D8
PC 34:3,REFMET:PC 34:3,PDK4|prot-pr,human:prot-pr:Q16654,0.9682,muscle,6,positive,"correlation |r|>=0.9, top 10 per metabolite (no significance test)",P1;D3;D8
Cer 18:1;O2/4:0,REFMET:Cer 18:1;O2/4:0,DNAJC21|prot-pr,human:prot-pr:Q5F1R6,0.9682,muscle,6,positive,"correlation |r|>=0.9, top 10 per metabolite (no significance test)",P1;D3;D8
Trigonelline,REFMET:Trigonelline,CRIP2|prot-ol,human:prot-ol:OID20901,0.9681,blood,10,positive,"correlation |r|>=0.9, top 10 per metabolite (no significance test)",P1;D3;D8
Pentadecylic acid,REFMET:Pentadecylic acid,SSRP1|prot-pr,human:prot-pr:Q08945,-0.9681,muscle,6,negative,"correlation |r|>=0.9, top 10 per metabolite (no significance test)",P1;D3;D8
1-Methylhistamine,REFMET:1-Methylhistamine,NCOA4|prot-pr,human:prot-pr:Q13772,0.968,muscle,6,positive,"correlation |r|>=0.9, top 10 per metabolite (no significance test)",P1;D3;D8
Malic acid,REFMET:Malic acid,NCOA4|prot-pr,human:prot-pr:Q13772,-0.968,muscle,6,negative,"correlation |r|>=0.9, top 10 per metabolite (no significance test)",P1;D3;D8
PC 32:1,REFMET:PC 32:1,NPLOC4|prot-pr,human:prot-pr:Q8TAT6,0.968,muscle,6,positive,"correlation |r|>=0.9, top 10 per metabolite (no significance test)",P1;D3;D8
3-Methyl-2-oxovaleric acid,REFMET:3-Methyl-2-oxovaleric acid,DAB2|prot-pr,human:prot-pr:P98082,0.968,muscle,6,positive,"correlation |r|>=0.9, top 10 per metabolite (no significance test)",P1;D3;D8
PC 34:3,REFMET:PC 34:3,TECR|prot-pr,human:prot-pr:Q9NZ01,-0.968,muscle,6,negative,"correlation |r|>=0.9, top 10 per metabolite (no significance test)",P1;D3;D8
O-Ethylhomoserine,REFMET:O-Ethylhomoserine,FCGR2B|prot-ol,human:prot-ol:OID21215,-0.9677,blood,10,negative,"correlation |r|>=0.9, top 10 per metabolite (no significance test)",P1;D3;D8
Kynurenine,REFMET:Kynurenine,TAF7|prot-pr,human:prot-pr:Q15545,0.9676,muscle,6,positive,"correlation |r|>=0.9, top 10 per metabolite (no significance test)",P1;D3;D8
Lysine,REFMET:Lysine,NCF2|prot-ol,human:prot-ol:OID20567,-0.9675,blood,10,negative,"correlation |r|>=0.9, top 10 per metabolite (no significance test)",P1;D3;D8
1-Methylguanosine,REFMET:1-Methylguanosine,CALCOCO1|prot-pr,human:prot-pr:Q9P1Z2,-0.9675,muscle,6,negative,"correlation |r|>=0.9, top 10 per metabolite (no significance test)",P1;D3;D8
N-Acetylarginine,REFMET:N-Acetylarginine,METTL3|prot-pr,human:prot-pr:Q86U44,0.9675,muscle,6,positive,"correlation |r|>=0.9, top 10 per metabolite (no significance test)",P1;D3;D8
SM 18:1;O2/14:1,REFMET:SM 18:1;O2/14:1,PSME3IP1|prot-pr,human:prot-pr:Q9GZU8,-0.9674,muscle,6,negative,"correlation |r|>=0.9, top 10 per metabolite (no significance test)",P1;D3;D8
PGE2 ethanolamide,REFMET:PGE2 ethanolamide,GLRX2|prot-pr,human:prot-pr:Q9NS18,0.9674,muscle,6,positive,"correlation |r|>=0.9, top 10 per metabolite (no significance test)",P1;D3;D8
Cortisol,REFMET:Cortisol,ANAPC7|prot-pr,human:prot-pr:Q9UJX3,-0.9673,muscle,6,negative,"correlation |r|>=0.9, top 10 per metabolite (no significance test)",P1;D3;D8
PE P-38:5 or PE O-38:6,REFMET:PE P-38:5 or PE O-38:6,PPP1R27|prot-pr,human:prot-pr:Q86WC6,0.9673,muscle,6,positive,"correlation |r|>=0.9, top 10 per metabolite (no significance test)",P1;D3;D8
Pentadecylic acid,REFMET:Pentadecylic acid,UBQLN4|prot-pr,human:prot-pr:Q9NRR5,0.9673,muscle,6,positive,"correlation |r|>=0.9, top 10 per metabolite (no significance test)",P1;D3;D8
Taurine,REFMET:Taurine,TRMT112|prot-pr,human:prot-pr:Q9UI30,-0.9673,muscle,6,negative,"correlation |r|>=0.9, top 10 per metabolite (no significance test)",P1;D3;D8
4-Acetamidobutanoic acid,REFMET:4-Acetamidobutanoic acid,COMMD3|prot-pr,human:prot-pr:Q9UBI1,-0.9673,muscle,6,negative,"correlation |r|>=0.9, top 10 per metabolite (no significance test)",P1;D3;D8
FAD,REFMET:FAD,DHX9|prot-pr,human:prot-pr:Q08211,-0.9672,muscle,6,negative,"correlation |r|>=0.9, top 10 per metabolite (no significance test)",P1;D3;D8
Leu-Pro,REFMET:Leu-Pro,POLR2M|prot-pr,human:prot-pr:Q6EEV4,0.9672,muscle,6,positive,"correlation |r|>=0.9, top 10 per metabolite (no significance test)",P1;D3;D8
PE 36:3,REFMET:PE 36:3,MACROD1|prot-pr,human:prot-pr:Q9BQ69,0.967,muscle,6,positive,"correlation |r|>=0.9, top 10 per metabolite (no significance test)",P1;D3;D8
DG 38:4,REFMET:DG 38:4,MYOC|prot-ol,human:prot-ol:OID21121,0.967,blood,10,positive,"correlation |r|>=0.9, top 10 per metabolite (no significance test)",P1;D3;D8
PC P-36:3 or PC O-36:4,REFMET:PC P-36:3 or PC O-36:4,PPP1R27|prot-pr,human:prot-pr:Q86WC6,0.967,muscle,6,positive,"correlation |r|>=0.9, top 10 per metabolite (no significance test)",P1;D3;D8
PC O-37:4,REFMET:PC O-37:4,ANAPC7|prot-pr,human:prot-pr:Q9UJX3,0.967,muscle,6,positive,"correlation |r|>=0.9, top 10 per metabolite (no significance test)",P1;D3;D8
2-Oxoglutaric acid,REFMET:2-Oxoglutaric acid,TECR|prot-pr,human:prot-pr:Q9NZ01,-0.9669,muscle,6,negative,"correlation |r|>=0.9, top 10 per metabolite (no significance test)",P1;D3;D8
Aminobutyric acid,REFMET:Aminobutyric acid,ALPK3|prot-pr,human:prot-pr:Q96L96,0.9669,muscle,6,positive,"correlation |r|>=0.9, top 10 per metabolite (no significance test)",P1;D3;D8
4-Aminohippuric acid,REFMET:4-Aminohippuric acid,NADK|prot-ol,human:prot-ol:OID20178,0.9669,blood,10,positive,"correlation |r|>=0.9, top 10 per metabolite (no significance test)",P1;D3;D8
2-Aminocaprylic acid,REFMET:2-Aminocaprylic acid,COPS3|prot-pr,human:prot-pr:Q9UNS2,0.9669,muscle,6,positive,"correlation |r|>=0.9, top 10 per metabolite (no significance test)",P1;D3;D8
CAR 18:3,REFMET:CAR 18:3,ORC3|prot-pr,human:prot-pr:Q9UBD5,0.9668,muscle,6,positive,"correlation |r|>=0.9, top 10 per metabolite (no significance test)",P1;D3;D8
Glycochenodeoxycholic acid,REFMET:Glycochenodeoxycholic acid,CCN1|prot-pr,human:prot-pr:O00622,0.9668,muscle,6,positive,"correlation |r|>=0.9, top 10 per metabolite (no significance test)",P1;D3;D8
CAR DC3:0;2Me,REFMET:CAR DC3:0;2Me,IGHV3-74|prot-pr,human:prot-pr:A0A0B4J1X5,-0.9667,muscle,6,negative,"correlation |r|>=0.9, top 10 per metabolite (no significance test)",P1;D3;D8
FAD,REFMET:FAD,NPLOC4|prot-pr,human:prot-pr:Q8TAT6,0.9667,muscle,6,positive,"correlation |r|>=0.9, top 10 per metabolite (no significance test)",P1;D3;D8
Targinine,REFMET:Targinine,MASP1|prot-ol,human:prot-ol:OID20954,-0.9666,blood,10,negative,"correlation |r|>=0.9, top 10 per metabolite (no significance test)",P1;D3;D8
FA 26:5;O2,REFMET:FA 26:5;O2,STC1|prot-ol,human:prot-ol:OID21014,0.9665,blood,10,positive,"correlation |r|>=0.9, top 10 per metabolite (no significance test)",P1;D3;D8
Xanthine,REFMET:Xanthine,IGHV3-74|prot-pr,human:prot-pr:A0A0B4J1X5,-0.9665,muscle,6,negative,"correlation |r|>=0.9, top 10 per metabolite (no significance test)",P1;D3;D8
PC P-36:4 or PC O-36:5,REFMET:PC P-36:4 or PC O-36:5,LRRFIP2|prot-pr,human:prot-pr:Q9Y608,0.9665,muscle,6,positive,"correlation |r|>=0.9, top 10 per metabolite (no significance test)",P1;D3;D8
LPC 18:2,REFMET:LPC 18:2,UBQLN4|prot-pr,human:prot-pr:Q9NRR5,0.9664,muscle,6,positive,"correlation |r|>=0.9, top 10 per metabolite (no significance test)",P1;D3;D8
N-Acetylglucosamine 1-phosphate,REFMET:N-Acetylglucosamine 1-phosphate,MTPN|prot-pr,human:prot-pr:P58546,-0.9664,muscle,6,negative,"correlation |r|>=0.9, top 10 per metabolite (no significance test)",P1;D3;D8
4-Aminohippuric acid,REFMET:4-Aminohippuric acid,FAM76A|prot-pr,human:prot-pr:Q8TAV0,0.9661,muscle,6,positive,"correlation |r|>=0.9, top 10 per metabolite (no significance test)",P1;D3;D8
Sedoheptulose 7-phosphate,REFMET:Sedoheptulose 7-phosphate,C12orf29|prot-pr,human:prot-pr:Q8N999,-0.966,muscle,6,negative,"correlation |r|>=0.9, top 10 per metabolite (no significance test)",P1;D3;D8
PE P-38:5 or PE O-38:6,REFMET:PE P-38:5 or PE O-38:6,SNX3|prot-pr,human:prot-pr:O60493,0.9658,muscle,6,positive,"correlation |r|>=0.9, top 10 per metabolite (no significance test)",P1;D3;D8
Leu-Ile,REFMET:Leu-Ile,DAB2|prot-pr,human:prot-pr:P98082,-0.9658,muscle,6,negative,"correlation |r|>=0.9, top 10 per metabolite (no significance test)",P1;D3;D8
SM 18:1;O2/16:0,REFMET:SM 18:1;O2/16:0,ANKRD1|prot-pr,human:prot-pr:Q15327,0.9657,muscle,6,positive,"correlation |r|>=0.9, top 10 per metabolite (no significance test)",P1;D3;D8
PC P-36:3 or PC O-36:4,REFMET:PC P-36:3 or PC O-36:4,NRAP|prot-pr,human:prot-pr:Q86VF7,0.9657,muscle,6,positive,"correlation |r|>=0.9, top 10 per metabolite (no significance test)",P1;D3;D8
PE P-34:0 or PE O-34:1,REFMET:PE P-34:0 or PE O-34:1,SNX3|prot-pr,human:prot-pr:O60493,0.9657,muscle,6,positive,"correlation |r|>=0.9, top 10 per metabolite (no significance test)",P1;D3;D8
Pentadecylic acid,REFMET:Pentadecylic acid,DNAJC7|prot-pr,human:prot-pr:Q99615,0.9656,muscle,6,positive,"correlation |r|>=0.9, top 10 per metabolite (no significance test)",P1;D3;D8
PC P-36:3 or PC O-36:4,REFMET:PC P-36:3 or PC O-36:4,RBP2|prot-ol,human:prot-ol:OID21365,0.9655,blood,10,positive,"correlation |r|>=0.9, top 10 per metabolite (no significance test)",P1;D3;D8
PE 32:0,REFMET:PE 32:0,OGFOD1|prot-pr,human:prot-pr:Q8N543,0.9655,muscle,6,positive,"correlation |r|>=0.9, top 10 per metabolite (no significance test)",P1;D3;D8
2-Piperidinone,REFMET:2-Piperidinone,ATAD3A|prot-pr,human:prot-pr:Q9NVI7-2,-0.9653,muscle,6,negative,"correlation |r|>=0.9, top 10 per metabolite (no significance test)",P1;D3;D8
CAR 20:3,REFMET:CAR 20:3,LSM1|prot-pr,human:prot-pr:O15116,0.9653,muscle,6,positive,"correlation |r|>=0.9, top 10 per metabolite (no significance test)",P1;D3;D8
Histamine,REFMET:Histamine,TLE5|prot-pr,human:prot-pr:Q08117,0.9653,muscle,6,positive,"correlation |r|>=0.9, top 10 per metabolite (no significance test)",P1;D3;D8
PC O-35:1,REFMET:PC O-35:1,APLP1|prot-ol,human:prot-ol:OID20164,-0.9653,blood,10,negative,"correlation |r|>=0.9, top 10 per metabolite (no significance test)",P1;D3;D8
3-Hydroxybenzoic acid,REFMET:3-Hydroxybenzoic acid,SCAF11|prot-pr,human:prot-pr:Q99590,0.9653,muscle,6,positive,"correlation |r|>=0.9, top 10 per metabolite (no significance test)",P1;D3;D8
Glutamic acid,REFMET:Glutamic acid,COPS3|prot-pr,human:prot-pr:Q9UNS2,0.9653,muscle,6,positive,"correlation |r|>=0.9, top 10 per metabolite (no significance test)",P1;D3;D8
CAR DC3:0;2Me,REFMET:CAR DC3:0;2Me,OGDHL|prot-pr,human:prot-pr:Q9ULD0,0.9652,muscle,6,positive,"correlation |r|>=0.9, top 10 per metabolite (no significance test)",P1;D3;D8
Sedoheptulose 7-phosphate,REFMET:Sedoheptulose 7-phosphate,PPIL3|prot-pr,human:prot-pr:Q9H2H8,-0.9652,muscle,6,negative,"correlation |r|>=0.9, top 10 per metabolite (no significance test)",P1;D3;D8
PE P-34:0 or PE O-34:1,REFMET:PE P-34:0 or PE O-34:1,ANKRD1|prot-pr,human:prot-pr:Q15327,0.9651,muscle,6,positive,"correlation |r|>=0.9, top 10 per metabolite (no significance test)",P1;D3;D8
Histidine,REFMET:Histidine,TNFRSF9|prot-ol,human:prot-ol:OID20985,-0.965,blood,10,negative,"correlation |r|>=0.9, top 10 per metabolite (no significance test)",P1;D3;D8
Oxidized glutathione,REFMET:Oxidized glutathione,DNAJC7|prot-pr,human:prot-pr:Q99615,0.965,muscle,6,positive,"correlation |r|>=0.9, top 10 per metabolite (no significance test)",P1;D3;D8
PC 32:2,REFMET:PC 32:2,SLC66A2|prot-pr,human:prot-pr:Q8N2U9,0.965,muscle,6,positive,"correlation |r|>=0.9, top 10 per metabolite (no significance test)",P1;D3;D8
GDP,REFMET:GDP,ILF2|prot-pr,human:prot-pr:Q12905,-0.965,muscle,6,negative,"correlation |r|>=0.9, top 10 per metabolite (no significance test)",P1;D3;D8
PE P-38:5 or PE O-38:6,REFMET:PE P-38:5 or PE O-38:6,ABRA|prot-pr,human:prot-pr:Q8N0Z2,0.965,muscle,6,positive,"correlation |r|>=0.9, top 10 per metabolite (no significance test)",P1;D3;D8
CAR 18:1;OH,REFMET:CAR 18:1;OH,ORC3|prot-pr,human:prot-pr:Q9UBD5,0.9649,muscle,6,positive,"correlation |r|>=0.9, top 10 per metabolite (no significance test)",P1;D3;D8
CAR 18:3,REFMET:CAR 18:3,PPIL3|prot-pr,human:prot-pr:Q9H2H8,0.9649,muscle,6,positive,"correlation |r|>=0.9, top 10 per metabolite (no significance test)",P1;D3;D8
Dehydroepiandrosterone sulfate,REFMET:Dehydroepiandrosterone sulfate,DDC|prot-ol,human:prot-ol:OID20215,0.9649,blood,10,positive,"correlation |r|>=0.9, top 10 per metabolite (no significance test)",P1;D3;D8
PC P-34:0 or PC O-34:1,REFMET:PC P-34:0 or PC O-34:1,WBP2|prot-pr,human:prot-pr:Q969T9,-0.9649,muscle,6,negative,"correlation |r|>=0.9, top 10 per metabolite (no significance test)",P1;D3;D8
DG 18:1_22:6,REFMET:DG 18:1_22:6,CPM|prot-ol,human:prot-ol:OID21054,0.9649,blood,10,positive,"correlation |r|>=0.9, top 10 per metabolite (no significance test)",P1;D3;D8
Dimethylarginine,REFMET:Dimethylarginine,CCN4|prot-ol,human:prot-ol:OID21444,-0.9647,blood,10,negative,"correlation |r|>=0.9, top 10 per metabolite (no significance test)",P1;D3;D8
PE O-36:4,REFMET:PE O-36:4,GLUD1|prot-pr,human:prot-pr:P00367,-0.9647,muscle,6,negative,"correlation |r|>=0.9, top 10 per metabolite (no significance test)",P1;D3;D8
SM 18:1;O2/16:0,REFMET:SM 18:1;O2/16:0,STYXL2|prot-pr,human:prot-pr:Q5VZP5,0.9646,muscle,6,positive,"correlation |r|>=0.9, top 10 per metabolite (no significance test)",P1;D3;D8
Tryptophan,REFMET:Tryptophan,VGLL2|prot-pr,human:prot-pr:Q8N8G2,-0.9645,muscle,6,negative,"correlation |r|>=0.9, top 10 per metabolite (no significance test)",P1;D3;D8
PC P-35:2 or PC O-35:3,REFMET:PC P-35:2 or PC O-35:3,RBP2|prot-ol,human:prot-ol:OID21365,0.9645,blood,10,positive,"correlation |r|>=0.9, top 10 per metabolite (no significance test)",P1;D3;D8
PE 36:1,REFMET:PE 36:1,DHX9|prot-pr,human:prot-pr:Q08211,-0.9645,muscle,6,negative,"correlation |r|>=0.9, top 10 per metabolite (no significance test)",P1;D3;D8
2-Hydroxy-3-methylbutyric acid,REFMET:2-Hydroxy-3-methylbutyric acid,GYG1|prot-pr,human:prot-pr:P46976-2,0.9643,muscle,6,positive,"correlation |r|>=0.9, top 10 per metabolite (no significance test)",P1;D3;D8
Indole-4-carboxaldehyde,REFMET:Indole-4-carboxaldehyde,CD74|prot-ol,human:prot-ol:OID21040,0.9643,blood,10,positive,"correlation |r|>=0.9, top 10 per metabolite (no significance test)",P1;D3;D8
PC P-32:0 or PC O-32:1,REFMET:PC P-32:0 or PC O-32:1,DRG1|prot-pr,human:prot-pr:Q9Y295,0.9643,muscle,6,positive,"correlation |r|>=0.9, top 10 per metabolite (no significance test)",P1;D3;D8
Aminoadipic acid,REFMET:Aminoadipic acid,NCOA4|prot-pr,human:prot-pr:Q13772,0.9642,muscle,6,positive,"correlation |r|>=0.9, top 10 per metabolite (no significance test)",P1;D3;D8
DG 34:1,REFMET:DG 34:1,NPY|prot-ol,human:prot-ol:OID21388,0.9642,blood,10,positive,"correlation |r|>=0.9, top 10 per metabolite (no significance test)",P1;D3;D8
Isocitric acid,REFMET:Isocitric acid,LPL|prot-pr,human:prot-pr:P06858,-0.9642,muscle,6,negative,"correlation |r|>=0.9, top 10 per metabolite (no significance test)",P1;D3;D8
Adipic acid,REFMET:Adipic acid,GSR|prot-pr,human:prot-pr:P00390,0.9642,muscle,6,positive,"correlation |r|>=0.9, top 10 per metabolite (no significance test)",P1;D3;D8
Dehydroepiandrosterone sulfate,REFMET:Dehydroepiandrosterone sulfate,SERPINB8|prot-ol,human:prot-ol:OID20630,0.9642,blood,10,positive,"correlation |r|>=0.9, top 10 per metabolite (no significance test)",P1;D3;D8
N-Acetylglutamic acid,REFMET:N-Acetylglutamic acid,GDE1|prot-pr,human:prot-pr:Q9NZC3,-0.9642,muscle,6,negative,"correlation |r|>=0.9, top 10 per metabolite (no significance test)",P1;D3;D8
Homoarginine,REFMET:Homoarginine,MATN2|prot-ol,human:prot-ol:OID20767,-0.9641,blood,10,negative,"correlation |r|>=0.9, top 10 per metabolite (no significance test)",P1;D3;D8
SM 18:1;O2/15:0,REFMET:SM 18:1;O2/15:0,NCOA4|prot-pr,human:prot-pr:Q13772,0.9641,muscle,6,positive,"correlation |r|>=0.9, top 10 per metabolite (no significance test)",P1;D3;D8
2-Aminocaprylic acid,REFMET:2-Aminocaprylic acid,SLC66A2|prot-pr,human:prot-pr:Q8N2U9,0.9641,muscle,6,positive,"correlation |r|>=0.9, top 10 per metabolite (no significance test)",P1;D3;D8
PC P-36:5 or PC O-36:6,REFMET:PC P-36:5 or PC O-36:6,PDK4|prot-pr,human:prot-pr:Q16654,0.964,muscle,6,positive,"correlation |r|>=0.9, top 10 per metabolite (no significance test)",P1;D3;D8
Behenic acid,REFMET:Behenic acid,PRL|prot-ol,human:prot-ol:OID21033,-0.964,blood,10,negative,"correlation |r|>=0.9, top 10 per metabolite (no significance test)",P1;D3;D8
CAR 6:0;OH,REFMET:CAR 6:0;OH,SLC66A2|prot-pr,human:prot-pr:Q8N2U9,0.9639,muscle,6,positive,"correlation |r|>=0.9, top 10 per metabolite (no significance test)",P1;D3;D8
SM 18:1;O2/22:3,REFMET:SM 18:1;O2/22:3,ORC3|prot-pr,human:prot-pr:Q9UBD5,0.9639,muscle,6,positive,"correlation |r|>=0.9, top 10 per metabolite (no significance test)",P1;D3;D8
PC P-38:5 or PC O-38:6,REFMET:PC P-38:5 or PC O-38:6,ZC3H15|prot-pr,human:prot-pr:Q8WU90,0.9638,muscle,6,positive,"correlation |r|>=0.9, top 10 per metabolite (no significance test)",P1;D3;D8
Lauric acid,REFMET:Lauric acid,LZIC|prot-pr,human:prot-pr:Q8WZA0,-0.9637,muscle,6,negative,"correlation |r|>=0.9, top 10 per metabolite (no significance test)",P1;D3;D8
Targinine,REFMET:Targinine,MATN3|prot-ol,human:prot-ol:OID20979,-0.9637,blood,10,negative,"correlation |r|>=0.9, top 10 per metabolite (no significance test)",P1;D3;D8
13-HODE,REFMET:13-HODE,NRAP|prot-pr,human:prot-pr:Q86VF7,0.9637,muscle,6,positive,"correlation |r|>=0.9, top 10 per metabolite (no significance test)",P1;D3;D8
SM 18:1;O2/19:1,REFMET:SM 18:1;O2/19:1,AP5M1|prot-pr,human:prot-pr:Q9H0R1,-0.9636,muscle,6,negative,"correlation |r|>=0.9, top 10 per metabolite (no significance test)",P1;D3;D8
Indole-4-carboxaldehyde,REFMET:Indole-4-carboxaldehyde,MYLPF|prot-pr,human:prot-pr:Q96A32,-0.9636,muscle,6,negative,"correlation |r|>=0.9, top 10 per metabolite (no significance test)",P1;D3;D8
"N2,N2-Dimethylguanosine","REFMET:N2,N2-Dimethylguanosine",PPP1R27|prot-pr,human:prot-pr:Q86WC6,0.9634,muscle,6,positive,"correlation |r|>=0.9, top 10 per metabolite (no significance test)",P1;D3;D8
CAR 20:1,REFMET:CAR 20:1,ORC3|prot-pr,human:prot-pr:Q9UBD5,0.9634,muscle,6,positive,"correlation |r|>=0.9, top 10 per metabolite (no significance test)",P1;D3;D8
DG 18:0_18:1,REFMET:DG 18:0_18:1,APBB1IP|prot-ol,human:prot-ol:OID21359,0.9633,blood,10,positive,"correlation |r|>=0.9, top 10 per metabolite (no significance test)",P1;D3;D8
LPE 18:2,REFMET:LPE 18:2,EML4|prot-pr,human:prot-pr:Q9HC35,-0.9633,muscle,6,negative,"correlation |r|>=0.9, top 10 per metabolite (no significance test)",P1;D3;D8
alpha-Tocoquinone,REFMET:alpha-Tocoquinone,MTURN|prot-pr,human:prot-pr:Q8N3F0,-0.9632,muscle,6,negative,"correlation |r|>=0.9, top 10 per metabolite (no significance test)",P1;D3;D8
Cer 18:1;O2/14:0,REFMET:Cer 18:1;O2/14:0,ELP5|prot-pr,human:prot-pr:Q8TE02,0.9631,muscle,6,positive,"correlation |r|>=0.9, top 10 per metabolite (no significance test)",P1;D3;D8
Eicosapentaenoic acid,REFMET:Eicosapentaenoic acid,CBX5|prot-pr,human:prot-pr:P45973,-0.9631,muscle,6,negative,"correlation |r|>=0.9, top 10 per metabolite (no significance test)",P1;D3;D8
S-Methylcysteine S-oxide,REFMET:S-Methylcysteine S-oxide,MTURN|prot-pr,human:prot-pr:Q8N3F0,-0.9631,muscle,6,negative,"correlation |r|>=0.9, top 10 per metabolite (no significance test)",P1;D3;D8
PE O-16:1/22:4,REFMET:PE O-16:1/22:4,C1orf50|prot-pr,human:prot-pr:Q9BV19,-0.9631,muscle,6,negative,"correlation |r|>=0.9, top 10 per metabolite (no significance test)",P1;D3;D8
Putrescine,REFMET:Putrescine,S100A11|prot-ol,human:prot-ol:OID20130,0.963,blood,10,positive,"correlation |r|>=0.9, top 10 per metabolite (no significance test)",P1;D3;D8
Targinine,REFMET:Targinine,CX3CL1|prot-ol,human:prot-ol:OID20976,-0.9629,blood,10,negative,"correlation |r|>=0.9, top 10 per metabolite (no significance test)",P1;D3;D8
SM 18:1;O2/19:1,REFMET:SM 18:1;O2/19:1,MSS51|prot-pr,human:prot-pr:Q4VC12,0.9629,muscle,6,positive,"correlation |r|>=0.9, top 10 per metabolite (no significance test)",P1;D3;D8
CAR 4:0;3Me,REFMET:CAR 4:0;3Me,MRPS16|prot-pr,human:prot-pr:Q9Y3D3,0.9629,muscle,6,positive,"correlation |r|>=0.9, top 10 per metabolite (no significance test)",P1;D3;D8
Octadecatrienoic acid,REFMET:Octadecatrienoic acid,LMOD2|prot-pr,human:prot-pr:Q6P5Q4,0.9628,muscle,6,positive,"correlation |r|>=0.9, top 10 per metabolite (no significance test)",P1;D3;D8
Cortisone,REFMET:Cortisone,RETN|prot-pr,human:prot-pr:Q9HD89,0.9627,muscle,6,positive,"correlation |r|>=0.9, top 10 per metabolite (no significance test)",P1;D3;D8
CAR 16:1,REFMET:CAR 16:1,SEC22B|prot-pr,human:prot-pr:O75396,-0.9627,muscle,6,negative,"correlation |r|>=0.9, top 10 per metabolite (no significance test)",P1;D3;D8
Cortisone,REFMET:Cortisone,ANKS1A|prot-pr,human:prot-pr:Q92625,-0.9627,muscle,6,negative,"correlation |r|>=0.9, top 10 per metabolite (no significance test)",P1;D3;D8
Aspartic acid,REFMET:Aspartic acid,NADK|prot-ol,human:prot-ol:OID20178,-0.9627,blood,10,negative,"correlation |r|>=0.9, top 10 per metabolite (no significance test)",P1;D3;D8
PE P-38:4 or PE O-38:5,REFMET:PE P-38:4 or PE O-38:5,STYXL2|prot-pr,human:prot-pr:Q5VZP5,0.9627,muscle,6,positive,"correlation |r|>=0.9, top 10 per metabolite (no significance test)",P1;D3;D8
LPC 20:4,REFMET:LPC 20:4,DNAJC7|prot-pr,human:prot-pr:Q99615,0.9625,muscle,6,positive,"correlation |r|>=0.9, top 10 per metabolite (no significance test)",P1;D3;D8
sn-Glycero-3-phosphate,REFMET:sn-Glycero-3-phosphate,GDE1|prot-pr,human:prot-pr:Q9NZC3,-0.9625,muscle,6,negative,"correlation |r|>=0.9, top 10 per metabolite (no significance test)",P1;D3;D8
Uric acid,REFMET:Uric acid,ALG11|prot-pr,human:prot-pr:Q2TAA5,-0.9625,muscle,6,negative,"correlation |r|>=0.9, top 10 per metabolite (no significance test)",P1;D3;D8
DG 38:4,REFMET:DG 38:4,ADGRE2|prot-ol,human:prot-ol:OID20755,0.9624,blood,10,positive,"correlation |r|>=0.9, top 10 per metabolite (no significance test)",P1;D3;D8
Sedoheptulose 7-phosphate,REFMET:Sedoheptulose 7-phosphate,ORC3|prot-pr,human:prot-pr:Q9UBD5,-0.9624,muscle,6,negative,"correlation |r|>=0.9, top 10 per metabolite (no significance test)",P1;D3;D8
PE P-34:2 or PE O-34:3,REFMET:PE P-34:2 or PE O-34:3,VPS37A|prot-pr,human:prot-pr:Q8NEZ2,0.9624,muscle,6,positive,"correlation |r|>=0.9, top 10 per metabolite (no significance test)",P1;D3;D8
Cer 18:1;O2/4:0,REFMET:Cer 18:1;O2/4:0,LSM1|prot-pr,human:prot-pr:O15116,-0.9623,muscle,6,negative,"correlation |r|>=0.9, top 10 per metabolite (no significance test)",P1;D3;D8
Sebacic acid,REFMET:Sebacic acid,CDK11B|prot-pr,human:prot-pr:P21127,-0.9622,muscle,6,negative,"correlation |r|>=0.9, top 10 per metabolite (no significance test)",P1;D3;D8
Cer 18:1;O2/14:0,REFMET:Cer 18:1;O2/14:0,ATAD3A|prot-pr,human:prot-pr:Q9NVI7-2,0.9622,muscle,6,positive,"correlation |r|>=0.9, top 10 per metabolite (no significance test)",P1;D3;D8
1-Methylguanosine,REFMET:1-Methylguanosine,FAM185A|prot-pr,human:prot-pr:Q8N0U4,0.9621,muscle,6,positive,"correlation |r|>=0.9, top 10 per metabolite (no significance test)",P1;D3;D8
1-Methylhistamine,REFMET:1-Methylhistamine,RAD50|prot-pr,human:prot-pr:Q92878,-0.962,muscle,6,negative,"correlation |r|>=0.9, top 10 per metabolite (no significance test)",P1;D3;D8
LPC 18:2,REFMET:LPC 18:2,DNAJC7|prot-pr,human:prot-pr:Q99615,0.962,muscle,6,positive,"correlation |r|>=0.9, top 10 per metabolite (no significance test)",P1;D3;D8
Isoleucine,REFMET:Isoleucine,ANKRD1|prot-pr,human:prot-pr:Q15327,-0.962,muscle,6,negative,"correlation |r|>=0.9, top 10 per metabolite (no significance test)",P1;D3;D8
Piperine,REFMET:Piperine,ANO10|prot-pr,human:prot-pr:Q9NW15,0.962,muscle,6,positive,"correlation |r|>=0.9, top 10 per metabolite (no significance test)",P1;D3;D8
SM 18:1;O2/14:0,REFMET:SM 18:1;O2/14:0,H4C9|prot-pr,human:prot-pr:P62805,-0.9619,muscle,6,negative,"correlation |r|>=0.9, top 10 per metabolite (no significance test)",P1;D3;D8
LPC 18:2,REFMET:LPC 18:2,NUDT5|prot-pr,human:prot-pr:Q9UKK9,-0.9619,muscle,6,negative,"correlation |r|>=0.9, top 10 per metabolite (no significance test)",P1;D3;D8
Valine,REFMET:Valine,EPS15L1|prot-pr,human:prot-pr:Q9UBC2-2,0.9619,muscle,6,positive,"correlation |r|>=0.9, top 10 per metabolite (no significance test)",P1;D3;D8
Ureidopropionic acid,REFMET:Ureidopropionic acid,C12orf29|prot-pr,human:prot-pr:Q8N999,-0.9618,muscle,6,negative,"correlation |r|>=0.9, top 10 per metabolite (no significance test)",P1;D3;D8
PC P-38:6 or PC O-38:7,REFMET:PC P-38:6 or PC O-38:7,TMEM263|prot-pr,human:prot-pr:Q8WUH6,0.9618,muscle,6,positive,"correlation |r|>=0.9, top 10 per metabolite (no significance test)",P1;D3;D8
Ureidopropionic acid,REFMET:Ureidopropionic acid,FILIP1L|prot-pr,human:prot-pr:Q4L180-2,0.9618,muscle,6,positive,"correlation |r|>=0.9, top 10 per metabolite (no significance test)",P1;D3;D8
sn-Glycero-3-phosphocholine,REFMET:sn-Glycero-3-phosphocholine,UBA6|prot-pr,human:prot-pr:A0AVT1,-0.9617,muscle,6,negative,"correlation |r|>=0.9, top 10 per metabolite (no significance test)",P1;D3;D8
Malic acid,REFMET:Malic acid,LHPP|prot-pr,human:prot-pr:Q9H008,-0.9617,muscle,6,negative,"correlation |r|>=0.9, top 10 per metabolite (no significance test)",P1;D3;D8
Cer 18:1;O2/23:1,REFMET:Cer 18:1;O2/23:1,USP28|prot-pr,human:prot-pr:Q96RU2,0.9617,muscle,6,positive,"correlation |r|>=0.9, top 10 per metabolite (no significance test)",P1;D3;D8
1-Methylhistamine,REFMET:1-Methylhistamine,RETN|prot-pr,human:prot-pr:Q9HD89,-0.9617,muscle,6,negative,"correlation |r|>=0.9, top 10 per metabolite (no significance test)",P1;D3;D8
Ureidopropionic acid,REFMET:Ureidopropionic acid,OGDHL|prot-pr,human:prot-pr:Q9ULD0,0.9615,muscle,6,positive,"correlation |r|>=0.9, top 10 per metabolite (no significance test)",P1;D3;D8
PE P-38:6 or PE O-38:7,REFMET:PE P-38:6 or PE O-38:7,ABRA|prot-pr,human:prot-pr:Q8N0Z2,0.9615,muscle,6,positive,"correlation |r|>=0.9, top 10 per metabolite (no significance test)",P1;D3;D8
GDP-mannose,REFMET:GDP-mannose,IGFBP5|prot-pr,human:prot-pr:P24593,0.9615,muscle,6,positive,"correlation |r|>=0.9, top 10 per metabolite (no significance test)",P1;D3;D8
CAR 12:3,REFMET:CAR 12:3,TNFSF10|prot-ol,human:prot-ol:OID20611,0.9614,blood,10,positive,"correlation |r|>=0.9, top 10 per metabolite (no significance test)",P1;D3;D8
N-Acetylputrescine,REFMET:N-Acetylputrescine,LSM12|prot-pr,human:prot-pr:Q3MHD2,0.9613,muscle,6,positive,"correlation |r|>=0.9, top 10 per metabolite (no significance test)",P1;D3;D8
CAR 12:3,REFMET:CAR 12:3,SCGB1A1|prot-ol,human:prot-ol:OID20688,0.9613,blood,10,positive,"correlation |r|>=0.9, top 10 per metabolite (no significance test)",P1;D3;D8
Histidine,REFMET:Histidine,CCL11|prot-ol,human:prot-ol:OID20668,-0.9612,blood,10,negative,"correlation |r|>=0.9, top 10 per metabolite (no significance test)",P1;D3;D8
PC 32:2,REFMET:PC 32:2,TXNDC17|prot-pr,human:prot-pr:Q9BRA2,0.9612,muscle,6,positive,"correlation |r|>=0.9, top 10 per metabolite (no significance test)",P1;D3;D8
SM 18:1;O2/21:0,REFMET:SM 18:1;O2/21:0,ALPK3|prot-pr,human:prot-pr:Q96L96,0.9611,muscle,6,positive,"correlation |r|>=0.9, top 10 per metabolite (no significance test)",P1;D3;D8
Serine,REFMET:Serine,DDC|prot-ol,human:prot-ol:OID20215,-0.961,blood,10,negative,"correlation |r|>=0.9, top 10 per metabolite (no significance test)",P1;D3;D8
1-Methylhistamine,REFMET:1-Methylhistamine,DAB2|prot-pr,human:prot-pr:P98082,-0.961,muscle,6,negative,"correlation |r|>=0.9, top 10 per metabolite (no significance test)",P1;D3;D8
EDTA,REFMET:EDTA,SIGLEC9|prot-ol,human:prot-ol:OID21390,-0.9609,blood,10,negative,"correlation |r|>=0.9, top 10 per metabolite (no significance test)",P1;D3;D8
Creatine,REFMET:Creatine,CALCA|prot-ol,human:prot-ol:OID20983,0.9609,blood,10,positive,"correlation |r|>=0.9, top 10 per metabolite (no significance test)",P1;D3;D8
PC P-30:0 or PC O-30:1,REFMET:PC P-30:0 or PC O-30:1,RNF181|prot-pr,human:prot-pr:Q9P0P0,0.9609,muscle,6,positive,"correlation |r|>=0.9, top 10 per metabolite (no significance test)",P1;D3;D8
LPC P-18:0 or LPC O-18:1,REFMET:LPC P-18:0 or LPC O-18:1,RETN|prot-pr,human:prot-pr:Q9HD89,-0.9609,muscle,6,negative,"correlation |r|>=0.9, top 10 per metabolite (no significance test)",P1;D3;D8
4-Aminohippuric acid,REFMET:4-Aminohippuric acid,FLT3LG|prot-ol,human:prot-ol:OID20661,0.9609,blood,10,positive,"correlation |r|>=0.9, top 10 per metabolite (no significance test)",P1;D3;D8
PE 38:4,REFMET:PE 38:4,C20orf27|prot-pr,human:prot-pr:Q9GZN8,-0.9609,muscle,6,negative,"correlation |r|>=0.9, top 10 per metabolite (no significance test)",P1;D3;D8
PE P-40:6 or PE O-40:7,REFMET:PE P-40:6 or PE O-40:7,ANKRD1|prot-pr,human:prot-pr:Q15327,0.9608,muscle,6,positive,"correlation |r|>=0.9, top 10 per metabolite (no significance test)",P1;D3;D8
Octadecatrienoic acid,REFMET:Octadecatrienoic acid,RNF181|prot-pr,human:prot-pr:Q9P0P0,0.9608,muscle,6,positive,"correlation |r|>=0.9, top 10 per metabolite (no significance test)",P1;D3;D8
Dehydroepiandrosterone sulfate,REFMET:Dehydroepiandrosterone sulfate,SETMAR|prot-ol,human:prot-ol:OID20948,0.9607,blood,10,positive,"correlation |r|>=0.9, top 10 per metabolite (no significance test)",P1;D3;D8
CAR 11:1,REFMET:CAR 11:1,NCAN|prot-ol,human:prot-ol:OID21055,0.9607,blood,10,positive,"correlation |r|>=0.9, top 10 per metabolite (no significance test)",P1;D3;D8
LPE 20:3,REFMET:LPE 20:3,DNAJC21|prot-pr,human:prot-pr:Q5F1R6,-0.9606,muscle,6,negative,"correlation |r|>=0.9, top 10 per metabolite (no significance test)",P1;D3;D8
Deoxycholic acid,REFMET:Deoxycholic acid,BIRC2|prot-pr,human:prot-pr:Q13490,-0.9605,muscle,6,negative,"correlation |r|>=0.9, top 10 per metabolite (no significance test)",P1;D3;D8
Cer 18:1;O2/20:0,REFMET:Cer 18:1;O2/20:0,DHRS11|prot-pr,human:prot-pr:Q6UWP2,-0.9605,muscle,6,negative,"correlation |r|>=0.9, top 10 per metabolite (no significance test)",P1;D3;D8
PC P-34:3 or PC O-34:4,REFMET:PC P-34:3 or PC O-34:4,PPP2R5D|prot-pr,human:prot-pr:Q14738,-0.9605,muscle,6,negative,"correlation |r|>=0.9, top 10 per metabolite (no significance test)",P1;D3;D8
3-Methyl-2-oxovaleric acid,REFMET:3-Methyl-2-oxovaleric acid,H4C9|prot-pr,human:prot-pr:P62805,0.9605,muscle,6,positive,"correlation |r|>=0.9, top 10 per metabolite (no significance test)",P1;D3;D8
Dimethylarginine,REFMET:Dimethylarginine,OGDHL|prot-pr,human:prot-pr:Q9ULD0,0.9605,muscle,6,positive,"correlation |r|>=0.9, top 10 per metabolite (no significance test)",P1;D3;D8
Ketoleucine,REFMET:Ketoleucine,DAB2|prot-pr,human:prot-pr:P98082,0.9605,muscle,6,positive,"correlation |r|>=0.9, top 10 per metabolite (no significance test)",P1;D3;D8
SM 18:1;O2/21:0,REFMET:SM 18:1;O2/21:0,ANAPC7|prot-pr,human:prot-pr:Q9UJX3,0.9605,muscle,6,positive,"correlation |r|>=0.9, top 10 per metabolite (no significance test)",P1;D3;D8
CAR DC6:0,REFMET:CAR DC6:0,DST|prot-pr,human:prot-pr:Q03001,0.9604,muscle,6,positive,"correlation |r|>=0.9, top 10 per metabolite (no significance test)",P1;D3;D8
DG 38:4,REFMET:DG 38:4,PLAU|prot-ol,human:prot-ol:OID21124,0.9604,blood,10,positive,"correlation |r|>=0.9, top 10 per metabolite (no significance test)",P1;D3;D8
SM 18:1;O2/22:0,REFMET:SM 18:1;O2/22:0,RPS28|prot-pr,human:prot-pr:P62857,0.9603,muscle,6,positive,"correlation |r|>=0.9, top 10 per metabolite (no significance test)",P1;D3;D8
SM 18:1;O2/18:0,REFMET:SM 18:1;O2/18:0,SCLY|prot-pr,human:prot-pr:Q96I15,0.9603,muscle,6,positive,"correlation |r|>=0.9, top 10 per metabolite (no significance test)",P1;D3;D8
Dimethylarginine,REFMET:Dimethylarginine,HLA-G|prot-pr,human:prot-pr:P17693,0.9603,muscle,6,positive,"correlation |r|>=0.9, top 10 per metabolite (no significance test)",P1;D3;D8
PC 18:1_18:2,REFMET:PC 18:1_18:2,H3-2|prot-pr,human:prot-pr:Q5TEC6,-0.9603,muscle,6,negative,"correlation |r|>=0.9, top 10 per metabolite (no significance test)",P1;D3;D8
1-Methylhistamine,REFMET:1-Methylhistamine,UBQLN2|prot-pr,human:prot-pr:Q9UHD9,-0.9602,muscle,6,negative,"correlation |r|>=0.9, top 10 per metabolite (no significance test)",P1;D3;D8
PC O-37:4,REFMET:PC O-37:4,HLA-G|prot-pr,human:prot-pr:P17693,-0.9602,muscle,6,negative,"correlation |r|>=0.9, top 10 per metabolite (no significance test)",P1;D3;D8
PC 30:1,REFMET:PC 30:1,ANKRD1|prot-pr,human:prot-pr:Q15327,0.9601,muscle,6,positive,"correlation |r|>=0.9, top 10 per metabolite (no significance test)",P1;D3;D8
2-Piperidinone,REFMET:2-Piperidinone,CRYZL1|prot-pr,human:prot-pr:O95825,0.96,muscle,6,positive,"correlation |r|>=0.9, top 10 per metabolite (no significance test)",P1;D3;D8
PE 38:4,REFMET:PE 38:4,DHX9|prot-pr,human:prot-pr:Q08211,-0.9599,muscle,6,negative,"correlation |r|>=0.9, top 10 per metabolite (no significance test)",P1;D3;D8
Symmetric dimethylarginine,REFMET:Symmetric dimethylarginine,CHD4|prot-pr,human:prot-pr:Q14839,0.9599,muscle,6,positive,"correlation |r|>=0.9, top 10 per metabolite (no significance test)",P1;D3;D8
Cer 18:1;O2/20:1,REFMET:Cer 18:1;O2/20:1,TECR|prot-pr,human:prot-pr:Q9NZ01,-0.9598,muscle,6,negative,"correlation |r|>=0.9, top 10 per metabolite (no significance test)",P1;D3;D8
PC P-34:1 or PC O-34:2,REFMET:PC P-34:1 or PC O-34:2,ADSS2|prot-pr,human:prot-pr:P30520,-0.9598,muscle,6,negative,"correlation |r|>=0.9, top 10 per metabolite (no significance test)",P1;D3;D8
Asparagine,REFMET:Asparagine,CALCA|prot-ol,human:prot-ol:OID20983,-0.9598,blood,10,negative,"correlation |r|>=0.9, top 10 per metabolite (no significance test)",P1;D3;D8
Targinine,REFMET:Targinine,CD22|prot-ol,human:prot-ol:OID20637,-0.9598,blood,10,negative,"correlation |r|>=0.9, top 10 per metabolite (no significance test)",P1;D3;D8
Octadecatetraenoic acid,REFMET:Octadecatetraenoic acid,LYPLA2|prot-pr,human:prot-pr:O95372,0.9598,muscle,6,positive,"correlation |r|>=0.9, top 10 per metabolite (no significance test)",P1;D3;D8
SM 18:1;O2/15:0,REFMET:SM 18:1;O2/15:0,RPS28|prot-pr,human:prot-pr:P62857,0.9597,muscle,6,positive,"correlation |r|>=0.9, top 10 per metabolite (no significance test)",P1;D3;D8
PE P-36:4 or PE O-36:5,REFMET:PE P-36:4 or PE O-36:5,NEXN|prot-pr,human:prot-pr:Q0ZGT2-2,0.9597,muscle,6,positive,"correlation |r|>=0.9, top 10 per metabolite (no significance test)",P1;D3;D8
Symmetric dimethylarginine,REFMET:Symmetric dimethylarginine,PIN1|prot-pr,human:prot-pr:Q13526,-0.9595,muscle,6,negative,"correlation |r|>=0.9, top 10 per metabolite (no significance test)",P1;D3;D8
1-Methyladenosine,REFMET:1-Methyladenosine,ST13|prot-pr,human:prot-pr:P50502,-0.9595,muscle,6,negative,"correlation |r|>=0.9, top 10 per metabolite (no significance test)",P1;D3;D8
3-Methylhistidine,REFMET:3-Methylhistidine,MICU1|prot-pr,human:prot-pr:Q9BPX6,0.9595,muscle,6,positive,"correlation |r|>=0.9, top 10 per metabolite (no significance test)",P1;D3;D8
FA 26:5;O2,REFMET:FA 26:5;O2,CDH3|prot-ol,human:prot-ol:OID21008,0.9594,blood,10,positive,"correlation |r|>=0.9, top 10 per metabolite (no significance test)",P1;D3;D8
Capric acid,REFMET:Capric acid,CBX5|prot-pr,human:prot-pr:P45973,0.9594,muscle,6,positive,"correlation |r|>=0.9, top 10 per metabolite (no significance test)",P1;D3;D8
PC P-34:0 or PC O-34:1,REFMET:PC P-34:0 or PC O-34:1,CLC|prot-pr,human:prot-pr:Q05315,-0.9594,muscle,6,negative,"correlation |r|>=0.9, top 10 per metabolite (no significance test)",P1;D3;D8
PE 36:1,REFMET:PE 36:1,UBTF|prot-pr,human:prot-pr:P17480,-0.9594,muscle,6,negative,"correlation |r|>=0.9, top 10 per metabolite (no significance test)",P1;D3;D8
CTP,REFMET:CTP,DNAJC7|prot-pr,human:prot-pr:Q99615,0.9593,muscle,6,positive,"correlation |r|>=0.9, top 10 per metabolite (no significance test)",P1;D3;D8
SM 18:1;O2/18:1,REFMET:SM 18:1;O2/18:1,CPT1A|prot-pr,human:prot-pr:P50416,-0.9593,muscle,6,negative,"correlation |r|>=0.9, top 10 per metabolite (no significance test)",P1;D3;D8
N-Acetylmethionine,REFMET:N-Acetylmethionine,BCAN|prot-ol,human:prot-ol:OID20998,-0.9593,blood,10,negative,"correlation |r|>=0.9, top 10 per metabolite (no significance test)",P1;D3;D8
Lactic acid,REFMET:Lactic acid,SEC22B|prot-pr,human:prot-pr:O75396,0.9593,muscle,6,positive,"correlation |r|>=0.9, top 10 per metabolite (no significance test)",P1;D3;D8
LPE 18:0,REFMET:LPE 18:0,DPH2|prot-pr,human:prot-pr:Q9BQC3,0.9593,muscle,6,positive,"correlation |r|>=0.9, top 10 per metabolite (no significance test)",P1;D3;D8
Dehydroepiandrosterone sulfate,REFMET:Dehydroepiandrosterone sulfate,NMNAT1|prot-ol,human:prot-ol:OID20913,0.9593,blood,10,positive,"correlation |r|>=0.9, top 10 per metabolite (no significance test)",P1;D3;D8
Biliverdin,REFMET:Biliverdin,UBQLN2|prot-pr,human:prot-pr:Q9UHD9,0.9592,muscle,6,positive,"correlation |r|>=0.9, top 10 per metabolite (no significance test)",P1;D3;D8
Docosatrienoic acid,REFMET:Docosatrienoic acid,SMARCB1|prot-pr,human:prot-pr:Q12824,0.9592,muscle,6,positive,"correlation |r|>=0.9, top 10 per metabolite (no significance test)",P1;D3;D8
PGE2 ethanolamide,REFMET:PGE2 ethanolamide,NGRN|prot-pr,human:prot-pr:Q9NPE2,0.9591,muscle,6,positive,"correlation |r|>=0.9, top 10 per metabolite (no significance test)",P1;D3;D8
Phenyllactic acid,REFMET:Phenyllactic acid,OGDHL|prot-pr,human:prot-pr:Q9ULD0,0.9591,muscle,6,positive,"correlation |r|>=0.9, top 10 per metabolite (no significance test)",P1;D3;D8
Dehydroepiandrosterone sulfate,REFMET:Dehydroepiandrosterone sulfate,NADK|prot-ol,human:prot-ol:OID20178,0.9591,blood,10,positive,"correlation |r|>=0.9, top 10 per metabolite (no significance test)",P1;D3;D8
Kynurenine,REFMET:Kynurenine,MRPL33|prot-pr,human:prot-pr:O75394,-0.9591,muscle,6,negative,"correlation |r|>=0.9, top 10 per metabolite (no significance test)",P1;D3;D8
SM 18:1;O2/18:1,REFMET:SM 18:1;O2/18:1,PFKFB2|prot-pr,human:prot-pr:O60825,-0.959,muscle,6,negative,"correlation |r|>=0.9, top 10 per metabolite (no significance test)",P1;D3;D8
Glucose,REFMET:Glucose,BST2|prot-pr,human:prot-pr:Q10589,0.959,muscle,6,positive,"correlation |r|>=0.9, top 10 per metabolite (no significance test)",P1;D3;D8
LPC 18:1,REFMET:LPC 18:1,EML4|prot-pr,human:prot-pr:Q9HC35,-0.9589,muscle,6,negative,"correlation |r|>=0.9, top 10 per metabolite (no significance test)",P1;D3;D8
PE P-35:2 or PE O-35:3,REFMET:PE P-35:2 or PE O-35:3,MGMT|prot-pr,human:prot-pr:P16455,0.9589,muscle,6,positive,"correlation |r|>=0.9, top 10 per metabolite (no significance test)",P1;D3;D8
LPC O-18:0,REFMET:LPC O-18:0,WASF3|prot-pr,human:prot-pr:Q9UPY6-2,0.9588,muscle,6,positive,"correlation |r|>=0.9, top 10 per metabolite (no significance test)",P1;D3;D8
Dimethylarginine,REFMET:Dimethylarginine,ALPK3|prot-pr,human:prot-pr:Q96L96,-0.9588,muscle,6,negative,"correlation |r|>=0.9, top 10 per metabolite (no significance test)",P1;D3;D8
Lysine,REFMET:Lysine,TNFRSF6B|prot-ol,human:prot-ol:OID20964,-0.9588,blood,10,negative,"correlation |r|>=0.9, top 10 per metabolite (no significance test)",P1;D3;D8
2-Aminobutyric acid,REFMET:2-Aminobutyric acid,ATP1A1|prot-pr,human:prot-pr:P05023,-0.9588,muscle,6,negative,"correlation |r|>=0.9, top 10 per metabolite (no significance test)",P1;D3;D8
PE P-36:2 or PE O-36:3,REFMET:PE P-36:2 or PE O-36:3,ADSS2|prot-pr,human:prot-pr:P30520,-0.9587,muscle,6,negative,"correlation |r|>=0.9, top 10 per metabolite (no significance test)",P1;D3;D8
PC 35:3,REFMET:PC 35:3,DDA1|prot-pr,human:prot-pr:Q9BW61,-0.9587,muscle,6,negative,"correlation |r|>=0.9, top 10 per metabolite (no significance test)",P1;D3;D8
4-Aminohippuric acid,REFMET:4-Aminohippuric acid,PXN|prot-ol,human:prot-ol:OID20822,0.9587,blood,10,positive,"correlation |r|>=0.9, top 10 per metabolite (no significance test)",P1;D3;D8
Deoxyuridine,REFMET:Deoxyuridine,UBQLN2|prot-pr,human:prot-pr:Q9UHD9,0.9587,muscle,6,positive,"correlation |r|>=0.9, top 10 per metabolite (no significance test)",P1;D3;D8
PC P-36:3 or PC O-36:4,REFMET:PC P-36:3 or PC O-36:4,SNX3|prot-pr,human:prot-pr:O60493,0.9586,muscle,6,positive,"correlation |r|>=0.9, top 10 per metabolite (no significance test)",P1;D3;D8
Phenyllactic acid,REFMET:Phenyllactic acid,IGHV3-74|prot-pr,human:prot-pr:A0A0B4J1X5,-0.9586,muscle,6,negative,"correlation |r|>=0.9, top 10 per metabolite (no significance test)",P1;D3;D8
LPE 22:6,REFMET:LPE 22:6,ILF2|prot-pr,human:prot-pr:Q12905,-0.9585,muscle,6,negative,"correlation |r|>=0.9, top 10 per metabolite (no significance test)",P1;D3;D8
Cystine,REFMET:Cystine,TNFRSF9|prot-ol,human:prot-ol:OID20985,-0.9585,blood,10,negative,"correlation |r|>=0.9, top 10 per metabolite (no significance test)",P1;D3;D8
PE 36:1,REFMET:PE 36:1,TMEM263|prot-pr,human:prot-pr:Q8WUH6,0.9585,muscle,6,positive,"correlation |r|>=0.9, top 10 per metabolite (no significance test)",P1;D3;D8
Xanthosine,REFMET:Xanthosine,IGFBP5|prot-pr,human:prot-pr:P24593,0.9584,muscle,6,positive,"correlation |r|>=0.9, top 10 per metabolite (no significance test)",P1;D3;D8
Dimethylarginine,REFMET:Dimethylarginine,MASP1|prot-ol,human:prot-ol:OID20954,-0.9584,blood,10,negative,"correlation |r|>=0.9, top 10 per metabolite (no significance test)",P1;D3;D8
PE P-36:4 or PE O-36:5,REFMET:PE P-36:4 or PE O-36:5,SNX3|prot-pr,human:prot-pr:O60493,0.9583,muscle,6,positive,"correlation |r|>=0.9, top 10 per metabolite (no significance test)",P1;D3;D8
1-Methyl nicotinamide,REFMET:1-Methyl nicotinamide,LANCL2|prot-pr,human:prot-pr:Q9NS86,0.9583,muscle,6,positive,"correlation |r|>=0.9, top 10 per metabolite (no significance test)",P1;D3;D8
Pyruvic acid,REFMET:Pyruvic acid,FBXO6|prot-pr,human:prot-pr:Q9NRD1,-0.9582,muscle,6,negative,"correlation |r|>=0.9, top 10 per metabolite (no significance test)",P1;D3;D8
LPE P-18:0 or LPE O-18:1,REFMET:LPE P-18:0 or LPE O-18:1,VGLL2|prot-pr,human:prot-pr:Q8N8G2,0.9582,muscle,6,positive,"correlation |r|>=0.9, top 10 per metabolite (no significance test)",P1;D3;D8
1-Methyl nicotinamide,REFMET:1-Methyl nicotinamide,PTBP3|prot-pr,human:prot-pr:O95758,-0.9582,muscle,6,negative,"correlation |r|>=0.9, top 10 per metabolite (no significance test)",P1;D3;D8
SM 18:1;O2/21:0,REFMET:SM 18:1;O2/21:0,IGFBP5|prot-pr,human:prot-pr:P24593,-0.9581,muscle,6,negative,"correlation |r|>=0.9, top 10 per metabolite (no significance test)",P1;D3;D8
Homoarginine,REFMET:Homoarginine,CCN4|prot-ol,human:prot-ol:OID21444,-0.9581,blood,10,negative,"correlation |r|>=0.9, top 10 per metabolite (no significance test)",P1;D3;D8
Homoarginine,REFMET:Homoarginine,ANGPT2|prot-ol,human:prot-ol:OID21463,-0.958,blood,10,negative,"correlation |r|>=0.9, top 10 per metabolite (no significance test)",P1;D3;D8
Choline phosphate,REFMET:Choline phosphate,ZNRF2|prot-pr,human:prot-pr:Q8NHG8,0.958,muscle,6,positive,"correlation |r|>=0.9, top 10 per metabolite (no significance test)",P1;D3;D8
CAR 4:0;3Me,REFMET:CAR 4:0;3Me,ORC3|prot-pr,human:prot-pr:Q9UBD5,0.9579,muscle,6,positive,"correlation |r|>=0.9, top 10 per metabolite (no significance test)",P1;D3;D8
Glycochenodeoxycholic acid,REFMET:Glycochenodeoxycholic acid,RNF181|prot-pr,human:prot-pr:Q9P0P0,0.9579,muscle,6,positive,"correlation |r|>=0.9, top 10 per metabolite (no significance test)",P1;D3;D8
Serine,REFMET:Serine,SETMAR|prot-ol,human:prot-ol:OID20948,-0.9579,blood,10,negative,"correlation |r|>=0.9, top 10 per metabolite (no significance test)",P1;D3;D8
Eicosenoic acid,REFMET:Eicosenoic acid,TMCC3|prot-pr,human:prot-pr:Q9ULS5,0.9578,muscle,6,positive,"correlation |r|>=0.9, top 10 per metabolite (no significance test)",P1;D3;D8
CMP,REFMET:CMP,ANO10|prot-pr,human:prot-pr:Q9NW15,0.9578,muscle,6,positive,"correlation |r|>=0.9, top 10 per metabolite (no significance test)",P1;D3;D8
Glucose,REFMET:Glucose,COL6A1|prot-pr,human:prot-pr:P12109,0.9577,muscle,6,positive,"correlation |r|>=0.9, top 10 per metabolite (no significance test)",P1;D3;D8
Methionine,REFMET:Methionine,RANBP9|prot-pr,human:prot-pr:Q96S59,-0.9577,muscle,6,negative,"correlation |r|>=0.9, top 10 per metabolite (no significance test)",P1;D3;D8
GDP-mannose,REFMET:GDP-mannose,RANBP9|prot-pr,human:prot-pr:Q96S59,-0.9576,muscle,6,negative,"correlation |r|>=0.9, top 10 per metabolite (no significance test)",P1;D3;D8
"N2,N2-Dimethylguanosine","REFMET:N2,N2-Dimethylguanosine",SNX3|prot-pr,human:prot-pr:O60493,0.9576,muscle,6,positive,"correlation |r|>=0.9, top 10 per metabolite (no significance test)",P1;D3;D8
2-Piperidinone,REFMET:2-Piperidinone,TIMMDC1|prot-pr,human:prot-pr:Q9NPL8,-0.9576,muscle,6,negative,"correlation |r|>=0.9, top 10 per metabolite (no significance test)",P1;D3;D8
PGE2 ethanolamide,REFMET:PGE2 ethanolamide,TSC22D3|prot-pr,human:prot-pr:Q99576-3,-0.9576,muscle,6,negative,"correlation |r|>=0.9, top 10 per metabolite (no significance test)",P1;D3;D8
TG 46:2,REFMET:TG 46:2,METTL3|prot-pr,human:prot-pr:Q86U44,0.9575,muscle,6,positive,"correlation |r|>=0.9, top 10 per metabolite (no significance test)",P1;D3;D8
3-Hydroxybenzoic acid,REFMET:3-Hydroxybenzoic acid,DCTN6|prot-pr,human:prot-pr:O00399,0.9574,muscle,6,positive,"correlation |r|>=0.9, top 10 per metabolite (no significance test)",P1;D3;D8
PC 35:3,REFMET:PC 35:3,TXNDC17|prot-pr,human:prot-pr:Q9BRA2,0.9574,muscle,6,positive,"correlation |r|>=0.9, top 10 per metabolite (no significance test)",P1;D3;D8
N4-Acetylcytidine,REFMET:N4-Acetylcytidine,KLK14|prot-ol,human:prot-ol:OID21407,-0.9574,blood,10,negative,"correlation |r|>=0.9, top 10 per metabolite (no significance test)",P1;D3;D8
2-Oxoglutaric acid,REFMET:2-Oxoglutaric acid,DHRS11|prot-pr,human:prot-pr:Q6UWP2,-0.9573,muscle,6,negative,"correlation |r|>=0.9, top 10 per metabolite (no significance test)",P1;D3;D8
NADP,REFMET:NADP,TXNDC17|prot-pr,human:prot-pr:Q9BRA2,0.9573,muscle,6,positive,"correlation |r|>=0.9, top 10 per metabolite (no significance test)",P1;D3;D8
EDTA,REFMET:EDTA,NPLOC4|prot-pr,human:prot-pr:Q8TAT6,0.9573,muscle,6,positive,"correlation |r|>=0.9, top 10 per metabolite (no significance test)",P1;D3;D8
Pyroglutamic acid,REFMET:Pyroglutamic acid,NUDT5|prot-pr,human:prot-pr:Q9UKK9,-0.9572,muscle,6,negative,"correlation |r|>=0.9, top 10 per metabolite (no significance test)",P1;D3;D8
Cortisone,REFMET:Cortisone,ANAPC7|prot-pr,human:prot-pr:Q9UJX3,-0.9572,muscle,6,negative,"correlation |r|>=0.9, top 10 per metabolite (no significance test)",P1;D3;D8
Leu-Pro,REFMET:Leu-Pro,CALCOCO1|prot-pr,human:prot-pr:Q9P1Z2,0.9572,muscle,6,positive,"correlation |r|>=0.9, top 10 per metabolite (no significance test)",P1;D3;D8
LPC 18:2,REFMET:LPC 18:2,SSRP1|prot-pr,human:prot-pr:Q08945,-0.9572,muscle,6,negative,"correlation |r|>=0.9, top 10 per metabolite (no significance test)",P1;D3;D8
PC 18:1_18:2,REFMET:PC 18:1_18:2,UBQLN2|prot-pr,human:prot-pr:Q9UHD9,-0.9572,muscle,6,negative,"correlation |r|>=0.9, top 10 per metabolite (no significance test)",P1;D3;D8
PE 32:1,REFMET:PE 32:1,STYXL2|prot-pr,human:prot-pr:Q5VZP5,0.9571,muscle,6,positive,"correlation |r|>=0.9, top 10 per metabolite (no significance test)",P1;D3;D8
PC 36:4,REFMET:PC 36:4,MICU1|prot-pr,human:prot-pr:Q9BPX6,0.9571,muscle,6,positive,"correlation |r|>=0.9, top 10 per metabolite (no significance test)",P1;D3;D8
CAR 12:3,REFMET:CAR 12:3,ANGPT2|prot-ol,human:prot-ol:OID21463,0.9571,blood,10,positive,"correlation |r|>=0.9, top 10 per metabolite (no significance test)",P1;D3;D8
CAR 5:1,REFMET:CAR 5:1,VCAN|prot-ol,human:prot-ol:OID21026,-0.9571,blood,10,negative,"correlation |r|>=0.9, top 10 per metabolite (no significance test)",P1;D3;D8
CAR 14:1;OH,REFMET:CAR 14:1;OH,SEC22B|prot-pr,human:prot-pr:O75396,-0.9571,muscle,6,negative,"correlation |r|>=0.9, top 10 per metabolite (no significance test)",P1;D3;D8
1-DeoxyCer 18:0;O/24:1,REFMET:1-DeoxyCer 18:0;O/24:1,CHD4|prot-pr,human:prot-pr:Q14839,0.9569,muscle,6,positive,"correlation |r|>=0.9, top 10 per metabolite (no significance test)",P1;D3;D8
Sedoheptulose 7-phosphate,REFMET:Sedoheptulose 7-phosphate,SEC22B|prot-pr,human:prot-pr:O75396,0.9569,muscle,6,positive,"correlation |r|>=0.9, top 10 per metabolite (no significance test)",P1;D3;D8
PC 35:2,REFMET:PC 35:2,IDNK|prot-pr,human:prot-pr:Q5T6J7,-0.9569,muscle,6,negative,"correlation |r|>=0.9, top 10 per metabolite (no significance test)",P1;D3;D8
Leucine,REFMET:Leucine,PPP1R27|prot-pr,human:prot-pr:Q86WC6,-0.9567,muscle,6,negative,"correlation |r|>=0.9, top 10 per metabolite (no significance test)",P1;D3;D8
PC 18:1/18:1,REFMET:PC 18:1/18:1,MED18|prot-pr,human:prot-pr:Q9BUE0,-0.9567,muscle,6,negative,"correlation |r|>=0.9, top 10 per metabolite (no significance test)",P1;D3;D8
N-Methyl-proline,REFMET:N-Methyl-proline,OGFOD1|prot-pr,human:prot-pr:Q8N543,0.9567,muscle,6,positive,"correlation |r|>=0.9, top 10 per metabolite (no significance test)",P1;D3;D8
Glyceraldehyde 3-phosphate,REFMET:Glyceraldehyde 3-phosphate,BCAN|prot-ol,human:prot-ol:OID20998,-0.9567,blood,10,negative,"correlation |r|>=0.9, top 10 per metabolite (no significance test)",P1;D3;D8
Xanthosine,REFMET:Xanthosine,OGDHL|prot-pr,human:prot-pr:Q9ULD0,0.9567,muscle,6,positive,"correlation |r|>=0.9, top 10 per metabolite (no significance test)",P1;D3;D8
Threonine,REFMET:Threonine,ANAPC7|prot-pr,human:prot-pr:Q9UJX3,-0.9566,muscle,6,negative,"correlation |r|>=0.9, top 10 per metabolite (no significance test)",P1;D3;D8
MG 18:1,REFMET:MG 18:1,TRMT112|prot-pr,human:prot-pr:Q9UI30,0.9566,muscle,6,positive,"correlation |r|>=0.9, top 10 per metabolite (no significance test)",P1;D3;D8
Oxaloacetic acid,REFMET:Oxaloacetic acid,SKAP1|prot-ol,human:prot-ol:OID20906,-0.9566,blood,10,negative,"correlation |r|>=0.9, top 10 per metabolite (no significance test)",P1;D3;D8
Adipic acid,REFMET:Adipic acid,MTPN|prot-pr,human:prot-pr:P58546,0.9566,muscle,6,positive,"correlation |r|>=0.9, top 10 per metabolite (no significance test)",P1;D3;D8
CAR 18:3,REFMET:CAR 18:3,SEC22B|prot-pr,human:prot-pr:O75396,-0.9566,muscle,6,negative,"correlation |r|>=0.9, top 10 per metabolite (no significance test)",P1;D3;D8
PC P-35:2 or PC O-35:3,REFMET:PC P-35:2 or PC O-35:3,FABP2|prot-ol,human:prot-ol:OID20200,0.9566,blood,10,positive,"correlation |r|>=0.9, top 10 per metabolite (no significance test)",P1;D3;D8
LPC 14:0,REFMET:LPC 14:0,UBQLN4|prot-pr,human:prot-pr:Q9NRR5,0.9564,muscle,6,positive,"correlation |r|>=0.9, top 10 per metabolite (no significance test)",P1;D3;D8
Cer 18:1;O2/24:0,REFMET:Cer 18:1;O2/24:0,HSPB2|prot-pr,human:prot-pr:Q16082,0.9564,muscle,6,positive,"correlation |r|>=0.9, top 10 per metabolite (no significance test)",P1;D3;D8
Targinine,REFMET:Targinine,CXCL17|prot-ol,human:prot-ol:OID20622,-0.9564,blood,10,negative,"correlation |r|>=0.9, top 10 per metabolite (no significance test)",P1;D3;D8
CAR 18:1,REFMET:CAR 18:1,ORC3|prot-pr,human:prot-pr:Q9UBD5,0.9564,muscle,6,positive,"correlation |r|>=0.9, top 10 per metabolite (no significance test)",P1;D3;D8
Linoleic acid,REFMET:Linoleic acid,HNRNPLL|prot-pr,human:prot-pr:Q8WVV9,0.9563,muscle,6,positive,"correlation |r|>=0.9, top 10 per metabolite (no significance test)",P1;D3;D8
PE P-38:6 or PE O-38:7,REFMET:PE P-38:6 or PE O-38:7,C20orf27|prot-pr,human:prot-pr:Q9GZN8,-0.9563,muscle,6,negative,"correlation |r|>=0.9, top 10 per metabolite (no significance test)",P1;D3;D8
Phosphoethanolamine,REFMET:Phosphoethanolamine,MSS51|prot-pr,human:prot-pr:Q4VC12,-0.9563,muscle,6,negative,"correlation |r|>=0.9, top 10 per metabolite (no significance test)",P1;D3;D8
Pentadecylic acid,REFMET:Pentadecylic acid,NUDT5|prot-pr,human:prot-pr:Q9UKK9,-0.9563,muscle,6,negative,"correlation |r|>=0.9, top 10 per metabolite (no significance test)",P1;D3;D8
Cer 18:1;O2/14:0,REFMET:Cer 18:1;O2/14:0,ACYP1|prot-pr,human:prot-pr:P07311,-0.9562,muscle,6,negative,"correlation |r|>=0.9, top 10 per metabolite (no significance test)",P1;D3;D8
CAR 14:2,REFMET:CAR 14:2,ORC3|prot-pr,human:prot-pr:Q9UBD5,0.9562,muscle,6,positive,"correlation |r|>=0.9, top 10 per metabolite (no significance test)",P1;D3;D8
"(E,E)-Trichostachine","REFMET:(E,E)-Trichostachine",GLRX3|prot-pr,human:prot-pr:O76003,0.9562,muscle,6,positive,"correlation |r|>=0.9, top 10 per metabolite (no significance test)",P1;D3;D8
Deoxycholic acid,REFMET:Deoxycholic acid,PPP1R27|prot-pr,human:prot-pr:Q86WC6,-0.9562,muscle,6,negative,"correlation |r|>=0.9, top 10 per metabolite (no significance test)",P1;D3;D8
Pro-Phe,REFMET:Pro-Phe,FABP4|prot-ol,human:prot-ol:OID20245,-0.9561,blood,10,negative,"correlation |r|>=0.9, top 10 per metabolite (no significance test)",P1;D3;D8
gamma-Aminobutyric acid,REFMET:gamma-Aminobutyric acid,NINJ1|prot-ol,human:prot-ol:OID21167,0.9561,blood,10,positive,"correlation |r|>=0.9, top 10 per metabolite (no significance test)",P1;D3;D8
Cytidine,REFMET:Cytidine,COPS8|prot-pr,human:prot-pr:Q99627,0.9561,muscle,6,positive,"correlation |r|>=0.9, top 10 per metabolite (no significance test)",P1;D3;D8
LPC 14:0,REFMET:LPC 14:0,LPL|prot-pr,human:prot-pr:P06858,0.9561,muscle,6,positive,"correlation |r|>=0.9, top 10 per metabolite (no significance test)",P1;D3;D8
Glutaric acid,REFMET:Glutaric acid,POLR2M|prot-pr,human:prot-pr:Q6EEV4,-0.9561,muscle,6,negative,"correlation |r|>=0.9, top 10 per metabolite (no significance test)",P1;D3;D8
SM 18:1;O2/18:1,REFMET:SM 18:1;O2/18:1,MYLPF|prot-pr,human:prot-pr:Q96A32,0.956,muscle,6,positive,"correlation |r|>=0.9, top 10 per metabolite (no significance test)",P1;D3;D8
PC 18:1_18:2,REFMET:PC 18:1_18:2,S100A12|prot-ol,human:prot-ol:OID21374,0.956,blood,10,positive,"correlation |r|>=0.9, top 10 per metabolite (no significance test)",P1;D3;D8
CAR DC5:0,REFMET:CAR DC5:0,SPOCK1|prot-ol,human:prot-ol:OID20924,-0.9559,blood,10,negative,"correlation |r|>=0.9, top 10 per metabolite (no significance test)",P1;D3;D8
Putrescine,REFMET:Putrescine,SMOC1|prot-ol,human:prot-ol:OID21461,0.9559,blood,10,positive,"correlation |r|>=0.9, top 10 per metabolite (no significance test)",P1;D3;D8
CAR 17:0,REFMET:CAR 17:0,LSM1|prot-pr,human:prot-pr:O15116,0.9559,muscle,6,positive,"correlation |r|>=0.9, top 10 per metabolite (no significance test)",P1;D3;D8
CTP,REFMET:CTP,PDK4|prot-pr,human:prot-pr:Q16654,0.9559,muscle,6,positive,"correlation |r|>=0.9, top 10 per metabolite (no significance test)",P1;D3;D8
Phosphoethanolamine,REFMET:Phosphoethanolamine,GLRX2|prot-pr,human:prot-pr:Q9NS18,-0.9559,muscle,6,negative,"correlation |r|>=0.9, top 10 per metabolite (no significance test)",P1;D3;D8
Creatinine,REFMET:Creatinine,SSRP1|prot-pr,human:prot-pr:Q08945,-0.9558,muscle,6,negative,"correlation |r|>=0.9, top 10 per metabolite (no significance test)",P1;D3;D8
Palmitoyl-EA,REFMET:Palmitoyl-EA,PDCD5|prot-pr,human:prot-pr:O14737,0.9558,muscle,6,positive,"correlation |r|>=0.9, top 10 per metabolite (no significance test)",P1;D3;D8
sn-Glycero-3-phosphocholine,REFMET:sn-Glycero-3-phosphocholine,LMOD2|prot-pr,human:prot-pr:Q6P5Q4,0.9558,muscle,6,positive,"correlation |r|>=0.9, top 10 per metabolite (no significance test)",P1;D3;D8
sn-Glycero-3-phosphocholine,REFMET:sn-Glycero-3-phosphocholine,MRPL14|prot-pr,human:prot-pr:Q6P1L8,-0.9558,muscle,6,negative,"correlation |r|>=0.9, top 10 per metabolite (no significance test)",P1;D3;D8
Putrescine,REFMET:Putrescine,DNAJC21|prot-pr,human:prot-pr:Q5F1R6,0.9558,muscle,6,positive,"correlation |r|>=0.9, top 10 per metabolite (no significance test)",P1;D3;D8
SM 18:1;O2/22:0,REFMET:SM 18:1;O2/22:0,LHPP|prot-pr,human:prot-pr:Q9H008,0.9557,muscle,6,positive,"correlation |r|>=0.9, top 10 per metabolite (no significance test)",P1;D3;D8
PC 32:3,REFMET:PC 32:3,STYXL2|prot-pr,human:prot-pr:Q5VZP5,0.9557,muscle,6,positive,"correlation |r|>=0.9, top 10 per metabolite (no significance test)",P1;D3;D8
Hexose,REFMET:Hexose,LYPLA2|prot-pr,human:prot-pr:O95372,-0.9556,muscle,6,negative,"correlation |r|>=0.9, top 10 per metabolite (no significance test)",P1;D3;D8
PC 36:5,REFMET:PC 36:5,RACK1|prot-pr,human:prot-pr:P63244,0.9556,muscle,6,positive,"correlation |r|>=0.9, top 10 per metabolite (no significance test)",P1;D3;D8
Symmetric dimethylarginine,REFMET:Symmetric dimethylarginine,SCGB1A1|prot-ol,human:prot-ol:OID20688,-0.9556,blood,10,negative,"correlation |r|>=0.9, top 10 per metabolite (no significance test)",P1;D3;D8
Dimethylarginine,REFMET:Dimethylarginine,FCGR2B|prot-ol,human:prot-ol:OID21215,-0.9556,blood,10,negative,"correlation |r|>=0.9, top 10 per metabolite (no significance test)",P1;D3;D8
PC 34:3,REFMET:PC 34:3,UBQLN4|prot-pr,human:prot-pr:Q9NRR5,0.9555,muscle,6,positive,"correlation |r|>=0.9, top 10 per metabolite (no significance test)",P1;D3;D8
CAR DC3:0;2Me,REFMET:CAR DC3:0;2Me,IFI30|prot-pr,human:prot-pr:P13284,0.9555,muscle,6,positive,"correlation |r|>=0.9, top 10 per metabolite (no significance test)",P1;D3;D8
Cytidine,REFMET:Cytidine,SMYD5|prot-pr,human:prot-pr:Q6GMV2,0.9555,muscle,6,positive,"correlation |r|>=0.9, top 10 per metabolite (no significance test)",P1;D3;D8
Cer 18:1;O2/24:2,REFMET:Cer 18:1;O2/24:2,XIRP2|prot-pr,human:prot-pr:A4UGR9,0.9555,muscle,6,positive,"correlation |r|>=0.9, top 10 per metabolite (no significance test)",P1;D3;D8
DG 38:4,REFMET:DG 38:4,MATN2|prot-ol,human:prot-ol:OID20767,0.9555,blood,10,positive,"correlation |r|>=0.9, top 10 per metabolite (no significance test)",P1;D3;D8
3-Hydroxybenzoic acid,REFMET:3-Hydroxybenzoic acid,TNNC2|prot-pr,human:prot-pr:P02585,0.9554,muscle,6,positive,"correlation |r|>=0.9, top 10 per metabolite (no significance test)",P1;D3;D8
2-Oxoglutaric acid,REFMET:2-Oxoglutaric acid,NPDC1|prot-ol,human:prot-ol:OID20205,0.9552,blood,10,positive,"correlation |r|>=0.9, top 10 per metabolite (no significance test)",P1;D3;D8
DG 36:3,REFMET:DG 36:3,ILF2|prot-pr,human:prot-pr:Q12905,-0.9552,muscle,6,negative,"correlation |r|>=0.9, top 10 per metabolite (no significance test)",P1;D3;D8
Leucine,REFMET:Leucine,UBA6|prot-pr,human:prot-pr:A0AVT1,0.9551,muscle,6,positive,"correlation |r|>=0.9, top 10 per metabolite (no significance test)",P1;D3;D8
Sebacic acid,REFMET:Sebacic acid,PIH1D1|prot-pr,human:prot-pr:Q9NWS0,0.9551,muscle,6,positive,"correlation |r|>=0.9, top 10 per metabolite (no significance test)",P1;D3;D8
Serine,REFMET:Serine,RETN|prot-pr,human:prot-pr:Q9HD89,0.9551,muscle,6,positive,"correlation |r|>=0.9, top 10 per metabolite (no significance test)",P1;D3;D8
Inosine,REFMET:Inosine,MRPS18C|prot-pr,human:prot-pr:Q9Y3D5,-0.9551,muscle,6,negative,"correlation |r|>=0.9, top 10 per metabolite (no significance test)",P1;D3;D8
Leu-Ile,REFMET:Leu-Ile,LPL|prot-pr,human:prot-pr:P06858,0.9549,muscle,6,positive,"correlation |r|>=0.9, top 10 per metabolite (no significance test)",P1;D3;D8
Acisoga,REFMET:Acisoga,NEDD1|prot-pr,human:prot-pr:Q8NHV4,0.9549,muscle,6,positive,"correlation |r|>=0.9, top 10 per metabolite (no significance test)",P1;D3;D8
Dimethylarginine,REFMET:Dimethylarginine,ST13|prot-pr,human:prot-pr:P50502,-0.9549,muscle,6,negative,"correlation |r|>=0.9, top 10 per metabolite (no significance test)",P1;D3;D8
Succinic acid,REFMET:Succinic acid,RSPO1|prot-ol,human:prot-ol:OID20938,0.9548,blood,10,positive,"correlation |r|>=0.9, top 10 per metabolite (no significance test)",P1;D3;D8
SM 18:1;O2/14:1,REFMET:SM 18:1;O2/14:1,RPS28|prot-pr,human:prot-pr:P62857,0.9548,muscle,6,positive,"correlation |r|>=0.9, top 10 per metabolite (no significance test)",P1;D3;D8
DG 18:1_18:2,REFMET:DG 18:1_18:2,LSP1|prot-ol,human:prot-ol:OID20530,0.9548,blood,10,positive,"correlation |r|>=0.9, top 10 per metabolite (no significance test)",P1;D3;D8
N-Acetyl-D-tryptophan,REFMET:N-Acetyl-D-tryptophan,CD74|prot-ol,human:prot-ol:OID21040,0.9548,blood,10,positive,"correlation |r|>=0.9, top 10 per metabolite (no significance test)",P1;D3;D8
PC 34:3,REFMET:PC 34:3,BIRC2|prot-pr,human:prot-pr:Q13490,0.9547,muscle,6,positive,"correlation |r|>=0.9, top 10 per metabolite (no significance test)",P1;D3;D8
Malic acid,REFMET:Malic acid,NPDC1|prot-ol,human:prot-ol:OID20205,0.9547,blood,10,positive,"correlation |r|>=0.9, top 10 per metabolite (no significance test)",P1;D3;D8
Tryptophan,REFMET:Tryptophan,GDE1|prot-pr,human:prot-pr:Q9NZC3,0.9546,muscle,6,positive,"correlation |r|>=0.9, top 10 per metabolite (no significance test)",P1;D3;D8
PC 32:1,REFMET:PC 32:1,SLC66A2|prot-pr,human:prot-pr:Q8N2U9,0.9546,muscle,6,positive,"correlation |r|>=0.9, top 10 per metabolite (no significance test)",P1;D3;D8
Acetyl-CoA,REFMET:Acetyl-CoA,RANBP9|prot-pr,human:prot-pr:Q96S59,-0.9546,muscle,6,negative,"correlation |r|>=0.9, top 10 per metabolite (no significance test)",P1;D3;D8
Linoleic acid,REFMET:Linoleic acid,PUM3|prot-pr,human:prot-pr:Q15397,0.9545,muscle,6,positive,"correlation |r|>=0.9, top 10 per metabolite (no significance test)",P1;D3;D8
Phenyllactic acid,REFMET:Phenyllactic acid,LRP1|prot-pr,human:prot-pr:Q07954,0.9545,muscle,6,positive,"correlation |r|>=0.9, top 10 per metabolite (no significance test)",P1;D3;D8
SM 18:1;O2/18:0,REFMET:SM 18:1;O2/18:0,CPT1A|prot-pr,human:prot-pr:P50416,-0.9543,muscle,6,negative,"correlation |r|>=0.9, top 10 per metabolite (no significance test)",P1;D3;D8
cis-Aconitic acid,REFMET:cis-Aconitic acid,H4C9|prot-pr,human:prot-pr:P62805,0.9543,muscle,6,positive,"correlation |r|>=0.9, top 10 per metabolite (no significance test)",P1;D3;D8
SM 18:1;O2/14:1,REFMET:SM 18:1;O2/14:1,KLK6|prot-ol,human:prot-ol:OID21526,-0.9543,blood,10,negative,"correlation |r|>=0.9, top 10 per metabolite (no significance test)",P1;D3;D8
Creatine,REFMET:Creatine,LRRFIP2|prot-pr,human:prot-pr:Q9Y608,-0.9543,muscle,6,negative,"correlation |r|>=0.9, top 10 per metabolite (no significance test)",P1;D3;D8
N4-Acetylcytidine,REFMET:N4-Acetylcytidine,PRKN|prot-pr,human:prot-pr:O60260,-0.9542,muscle,6,negative,"correlation |r|>=0.9, top 10 per metabolite (no significance test)",P1;D3;D8
sn-Glycero-3-phosphate,REFMET:sn-Glycero-3-phosphate,VGLL2|prot-pr,human:prot-pr:Q8N8G2,0.9541,muscle,6,positive,"correlation |r|>=0.9, top 10 per metabolite (no significance test)",P1;D3;D8
Lysine,REFMET:Lysine,AGRP|prot-ol,human:prot-ol:OID20658,-0.9541,blood,10,negative,"correlation |r|>=0.9, top 10 per metabolite (no significance test)",P1;D3;D8
FAD,REFMET:FAD,UBTF|prot-pr,human:prot-pr:P17480,-0.9541,muscle,6,negative,"correlation |r|>=0.9, top 10 per metabolite (no significance test)",P1;D3;D8
4-Acetamidobutanoic acid,REFMET:4-Acetamidobutanoic acid,ISCA2|prot-pr,human:prot-pr:Q86U28,-0.954,muscle,6,negative,"correlation |r|>=0.9, top 10 per metabolite (no significance test)",P1;D3;D8
sn-Glycero-3-phosphate,REFMET:sn-Glycero-3-phosphate,ABRA|prot-pr,human:prot-pr:Q8N0Z2,0.954,muscle,6,positive,"correlation |r|>=0.9, top 10 per metabolite (no significance test)",P1;D3;D8
PC P-30:0 or PC O-30:1,REFMET:PC P-30:0 or PC O-30:1,TAF7|prot-pr,human:prot-pr:Q15545,0.954,muscle,6,positive,"correlation |r|>=0.9, top 10 per metabolite (no significance test)",P1;D3;D8
SM 18:1;O2/16:0,REFMET:SM 18:1;O2/16:0,NRAP|prot-pr,human:prot-pr:Q86VF7,0.954,muscle,6,positive,"correlation |r|>=0.9, top 10 per metabolite (no significance test)",P1;D3;D8
CAR 5:1,REFMET:CAR 5:1,MRPS18C|prot-pr,human:prot-pr:Q9Y3D5,0.954,muscle,6,positive,"correlation |r|>=0.9, top 10 per metabolite (no significance test)",P1;D3;D8
PC O-32:0,REFMET:PC O-32:0,CLC|prot-pr,human:prot-pr:Q05315,-0.954,muscle,6,negative,"correlation |r|>=0.9, top 10 per metabolite (no significance test)",P1;D3;D8
3-Methyl-2-oxovaleric acid,REFMET:3-Methyl-2-oxovaleric acid,UBQLN2|prot-pr,human:prot-pr:Q9UHD9,0.9538,muscle,6,positive,"correlation |r|>=0.9, top 10 per metabolite (no significance test)",P1;D3;D8
Oleoyl-EA,REFMET:Oleoyl-EA,MTPN|prot-pr,human:prot-pr:P58546,-0.9538,muscle,6,negative,"correlation |r|>=0.9, top 10 per metabolite (no significance test)",P1;D3;D8
N-Acetylglucosamine 1-phosphate,REFMET:N-Acetylglucosamine 1-phosphate,GNG7|prot-pr,human:prot-pr:O60262,0.9537,muscle,6,positive,"correlation |r|>=0.9, top 10 per metabolite (no significance test)",P1;D3;D8
PC 33:2,REFMET:PC 33:2,STC1|prot-ol,human:prot-ol:OID21014,-0.9537,blood,10,negative,"correlation |r|>=0.9, top 10 per metabolite (no significance test)",P1;D3;D8
Phenyllactic acid,REFMET:Phenyllactic acid,C12orf29|prot-pr,human:prot-pr:Q8N999,-0.9536,muscle,6,negative,"correlation |r|>=0.9, top 10 per metabolite (no significance test)",P1;D3;D8
Palmitoleic acid,REFMET:Palmitoleic acid,SMPD4|prot-pr,human:prot-pr:Q9NXE4,-0.9536,muscle,6,negative,"correlation |r|>=0.9, top 10 per metabolite (no significance test)",P1;D3;D8
CAR 11:1,REFMET:CAR 11:1,CD300LF|prot-ol,human:prot-ol:OID21469,0.9536,blood,10,positive,"correlation |r|>=0.9, top 10 per metabolite (no significance test)",P1;D3;D8
Glutaric acid,REFMET:Glutaric acid,PRPF31|prot-pr,human:prot-pr:Q8WWY3,0.9536,muscle,6,positive,"correlation |r|>=0.9, top 10 per metabolite (no significance test)",P1;D3;D8
Citric acid/Isocitric acid,REFMET:Citric acid/Isocitric acid,RANBP9|prot-pr,human:prot-pr:Q96S59,-0.9536,muscle,6,negative,"correlation |r|>=0.9, top 10 per metabolite (no significance test)",P1;D3;D8
N-Acetylisoputreanine,REFMET:N-Acetylisoputreanine,KRT1|prot-pr,human:prot-pr:P04264,-0.9536,muscle,6,negative,"correlation |r|>=0.9, top 10 per metabolite (no significance test)",P1;D3;D8
CAR 5:0;OH,REFMET:CAR 5:0;OH,GIMAP1|prot-pr,human:prot-pr:Q8WWP7,-0.9536,muscle,6,negative,"correlation |r|>=0.9, top 10 per metabolite (no significance test)",P1;D3;D8
Ile-Ile,REFMET:Ile-Ile,YIPF5|prot-pr,human:prot-pr:Q969M3,-0.9535,muscle,6,negative,"correlation |r|>=0.9, top 10 per metabolite (no significance test)",P1;D3;D8
PE P-34:0 or PE O-34:1,REFMET:PE P-34:0 or PE O-34:1,ABRA|prot-pr,human:prot-pr:Q8N0Z2,0.9534,muscle,6,positive,"correlation |r|>=0.9, top 10 per metabolite (no significance test)",P1;D3;D8
CAR 12:3,REFMET:CAR 12:3,MATN2|prot-ol,human:prot-ol:OID20767,0.9533,blood,10,positive,"correlation |r|>=0.9, top 10 per metabolite (no significance test)",P1;D3;D8
3-Dehydroxycarnitine,REFMET:3-Dehydroxycarnitine,COPS8|prot-pr,human:prot-pr:Q99627,-0.9532,muscle,6,negative,"correlation |r|>=0.9, top 10 per metabolite (no significance test)",P1;D3;D8
SM 18:1;O2/19:1,REFMET:SM 18:1;O2/19:1,SCAF11|prot-pr,human:prot-pr:Q99590,0.9532,muscle,6,positive,"correlation |r|>=0.9, top 10 per metabolite (no significance test)",P1;D3;D8
PC P-38:6 or PC O-38:7,REFMET:PC P-38:6 or PC O-38:7,RACK1|prot-pr,human:prot-pr:P63244,0.9531,muscle,6,positive,"correlation |r|>=0.9, top 10 per metabolite (no significance test)",P1;D3;D8
SM 18:1;O2/19:1,REFMET:SM 18:1;O2/19:1,NGRN|prot-pr,human:prot-pr:Q9NPE2,0.9531,muscle,6,positive,"correlation |r|>=0.9, top 10 per metabolite (no significance test)",P1;D3;D8
Linoleic acid,REFMET:Linoleic acid,UBQLN4|prot-pr,human:prot-pr:Q9NRR5,0.953,muscle,6,positive,"correlation |r|>=0.9, top 10 per metabolite (no significance test)",P1;D3;D8
Xanthosine,REFMET:Xanthosine,IGHV3-74|prot-pr,human:prot-pr:A0A0B4J1X5,-0.953,muscle,6,negative,"correlation |r|>=0.9, top 10 per metabolite (no significance test)",P1;D3;D8
Xanthine,REFMET:Xanthine,SEC22B|prot-pr,human:prot-pr:O75396,0.953,muscle,6,positive,"correlation |r|>=0.9, top 10 per metabolite (no significance test)",P1;D3;D8
Uric acid,REFMET:Uric acid,IGFBP7|prot-pr,human:prot-pr:Q16270,0.9529,muscle,6,positive,"correlation |r|>=0.9, top 10 per metabolite (no significance test)",P1;D3;D8
LPC 14:0,REFMET:LPC 14:0,TECR|prot-pr,human:prot-pr:Q9NZ01,-0.9529,muscle,6,negative,"correlation |r|>=0.9, top 10 per metabolite (no significance test)",P1;D3;D8
Ile-Ile,REFMET:Ile-Ile,C20orf27|prot-pr,human:prot-pr:Q9GZN8,-0.9529,muscle,6,negative,"correlation |r|>=0.9, top 10 per metabolite (no significance test)",P1;D3;D8
sn-Glycero-3-phosphate,REFMET:sn-Glycero-3-phosphate,FAM76A|prot-pr,human:prot-pr:Q8TAV0,-0.9529,muscle,6,negative,"correlation |r|>=0.9, top 10 per metabolite (no significance test)",P1;D3;D8
LPE P-18:0 or LPE O-18:1,REFMET:LPE P-18:0 or LPE O-18:1,LZIC|prot-pr,human:prot-pr:Q8WZA0,-0.9529,muscle,6,negative,"correlation |r|>=0.9, top 10 per metabolite (no significance test)",P1;D3;D8
PE P-38:5 or PE O-38:6,REFMET:PE P-38:5 or PE O-38:6,C20orf27|prot-pr,human:prot-pr:Q9GZN8,-0.9528,muscle,6,negative,"correlation |r|>=0.9, top 10 per metabolite (no significance test)",P1;D3;D8
Capric acid,REFMET:Capric acid,FAM185A|prot-pr,human:prot-pr:Q8N0U4,0.9527,muscle,6,positive,"correlation |r|>=0.9, top 10 per metabolite (no significance test)",P1;D3;D8
Inosine,REFMET:Inosine,NPLOC4|prot-pr,human:prot-pr:Q8TAT6,-0.9527,muscle,6,negative,"correlation |r|>=0.9, top 10 per metabolite (no significance test)",P1;D3;D8
CAR 18:0,REFMET:CAR 18:0,ORC3|prot-pr,human:prot-pr:Q9UBD5,0.9527,muscle,6,positive,"correlation |r|>=0.9, top 10 per metabolite (no significance test)",P1;D3;D8
Acetyl-CoA,REFMET:Acetyl-CoA,CBX5|prot-pr,human:prot-pr:P45973,0.9526,muscle,6,positive,"correlation |r|>=0.9, top 10 per metabolite (no significance test)",P1;D3;D8
Ureidopropionic acid,REFMET:Ureidopropionic acid,ALAS1|prot-pr,human:prot-pr:P13196,-0.9526,muscle,6,negative,"correlation |r|>=0.9, top 10 per metabolite (no significance test)",P1;D3;D8
3-Dehydroxycarnitine,REFMET:3-Dehydroxycarnitine,DNAJC1|prot-pr,human:prot-pr:Q96KC8,-0.9526,muscle,6,negative,"correlation |r|>=0.9, top 10 per metabolite (no significance test)",P1;D3;D8
SM 18:1;O2/19:1,REFMET:SM 18:1;O2/19:1,OGFOD1|prot-pr,human:prot-pr:Q8N543,0.9525,muscle,6,positive,"correlation |r|>=0.9, top 10 per metabolite (no significance test)",P1;D3;D8
N4-Acetylcytidine,REFMET:N4-Acetylcytidine,PTGES|prot-pr,human:prot-pr:O14684,0.9525,muscle,6,positive,"correlation |r|>=0.9, top 10 per metabolite (no significance test)",P1;D3;D8
Hypotaurine,REFMET:Hypotaurine,TAFA5|prot-ol,human:prot-ol:OID21321,-0.9525,blood,10,negative,"correlation |r|>=0.9, top 10 per metabolite (no significance test)",P1;D3;D8
Dimethylglycine,REFMET:Dimethylglycine,FCGR2B|prot-ol,human:prot-ol:OID21215,-0.9524,blood,10,negative,"correlation |r|>=0.9, top 10 per metabolite (no significance test)",P1;D3;D8
PC P-38:6 or PC O-38:7,REFMET:PC P-38:6 or PC O-38:7,KIAA2013|prot-pr,human:prot-pr:Q8IYS2,0.9523,muscle,6,positive,"correlation |r|>=0.9, top 10 per metabolite (no significance test)",P1;D3;D8
Citric acid/Isocitric acid,REFMET:Citric acid/Isocitric acid,COPS8|prot-pr,human:prot-pr:Q99627,-0.9523,muscle,6,negative,"correlation |r|>=0.9, top 10 per metabolite (no significance test)",P1;D3;D8
EDTA,REFMET:EDTA,UBQLN4|prot-pr,human:prot-pr:Q9NRR5,0.9523,muscle,6,positive,"correlation |r|>=0.9, top 10 per metabolite (no significance test)",P1;D3;D8
PC P-34:0 or PC O-34:1,REFMET:PC P-34:0 or PC O-34:1,ACYP1|prot-pr,human:prot-pr:P07311,-0.9523,muscle,6,negative,"correlation |r|>=0.9, top 10 per metabolite (no significance test)",P1;D3;D8
LPC 18:2,REFMET:LPC 18:2,EML4|prot-pr,human:prot-pr:Q9HC35,-0.9522,muscle,6,negative,"correlation |r|>=0.9, top 10 per metabolite (no significance test)",P1;D3;D8
DMGV,REFMET:DMGV,MSI2|prot-pr,human:prot-pr:Q96DH6,-0.9522,muscle,6,negative,"correlation |r|>=0.9, top 10 per metabolite (no significance test)",P1;D3;D8
SM 18:1;O2/14:0,REFMET:SM 18:1;O2/14:0,UBQLN2|prot-pr,human:prot-pr:Q9UHD9,-0.9522,muscle,6,negative,"correlation |r|>=0.9, top 10 per metabolite (no significance test)",P1;D3;D8
PE P-38:6 or PE O-38:7,REFMET:PE P-38:6 or PE O-38:7,NEXN|prot-pr,human:prot-pr:Q0ZGT2-2,0.9522,muscle,6,positive,"correlation |r|>=0.9, top 10 per metabolite (no significance test)",P1;D3;D8
Cer 18:1;O2/23:1,REFMET:Cer 18:1;O2/23:1,XIRP2|prot-pr,human:prot-pr:A4UGR9,0.9521,muscle,6,positive,"correlation |r|>=0.9, top 10 per metabolite (no significance test)",P1;D3;D8
Homoarginine,REFMET:Homoarginine,CRHBP|prot-ol,human:prot-ol:OID20747,-0.9521,blood,10,negative,"correlation |r|>=0.9, top 10 per metabolite (no significance test)",P1;D3;D8
Tryptophan,REFMET:Tryptophan,TMPO|prot-pr,human:prot-pr:P42167,0.952,muscle,6,positive,"correlation |r|>=0.9, top 10 per metabolite (no significance test)",P1;D3;D8
Hydroxyphenyllactic acid,REFMET:Hydroxyphenyllactic acid,IGFBP5|prot-pr,human:prot-pr:P24593,0.952,muscle,6,positive,"correlation |r|>=0.9, top 10 per metabolite (no significance test)",P1;D3;D8
N-Acetylglucosamine 1-phosphate,REFMET:N-Acetylglucosamine 1-phosphate,MACROH2A1|prot-pr,human:prot-pr:O75367,0.952,muscle,6,positive,"correlation |r|>=0.9, top 10 per metabolite (no significance test)",P1;D3;D8
Tricosylic acid,REFMET:Tricosylic acid,MRPS18C|prot-pr,human:prot-pr:Q9Y3D5,0.9519,muscle,6,positive,"correlation |r|>=0.9, top 10 per metabolite (no significance test)",P1;D3;D8
PE P-36:2 or PE O-36:3,REFMET:PE P-36:2 or PE O-36:3,VPS37A|prot-pr,human:prot-pr:Q8NEZ2,0.9519,muscle,6,positive,"correlation |r|>=0.9, top 10 per metabolite (no significance test)",P1;D3;D8
Eicosapentaenoic acid,REFMET:Eicosapentaenoic acid,DAB2|prot-pr,human:prot-pr:P98082,-0.9518,muscle,6,negative,"correlation |r|>=0.9, top 10 per metabolite (no significance test)",P1;D3;D8
Urocanic acid,REFMET:Urocanic acid,YIPF4|prot-pr,human:prot-pr:Q9BSR8,-0.9518,muscle,6,negative,"correlation |r|>=0.9, top 10 per metabolite (no significance test)",P1;D3;D8
PC 33:0,REFMET:PC 33:0,DAB2|prot-pr,human:prot-pr:P98082,-0.9518,muscle,6,negative,"correlation |r|>=0.9, top 10 per metabolite (no significance test)",P1;D3;D8
3-Methylhistidine,REFMET:3-Methylhistidine,IFT27|prot-pr,human:prot-pr:Q9BW83,0.9517,muscle,6,positive,"correlation |r|>=0.9, top 10 per metabolite (no significance test)",P1;D3;D8
N-Acetylleucine,REFMET:N-Acetylleucine,PPID|prot-pr,human:prot-pr:Q08752,-0.9516,muscle,6,negative,"correlation |r|>=0.9, top 10 per metabolite (no significance test)",P1;D3;D8
SM 18:1;O2/14:1,REFMET:SM 18:1;O2/14:1,HLA-G|prot-pr,human:prot-pr:P17693,-0.9516,muscle,6,negative,"correlation |r|>=0.9, top 10 per metabolite (no significance test)",P1;D3;D8
PE P-38:6 or PE O-38:7,REFMET:PE P-38:6 or PE O-38:7,BIRC2|prot-pr,human:prot-pr:Q13490,0.9515,muscle,6,positive,"correlation |r|>=0.9, top 10 per metabolite (no significance test)",P1;D3;D8
LPC O-18:0,REFMET:LPC O-18:0,DNAJA1|prot-pr,human:prot-pr:P31689,0.9515,muscle,6,positive,"correlation |r|>=0.9, top 10 per metabolite (no significance test)",P1;D3;D8
LPC O-16:0,REFMET:LPC O-16:0,DNAJA1|prot-pr,human:prot-pr:P31689,0.9514,muscle,6,positive,"correlation |r|>=0.9, top 10 per metabolite (no significance test)",P1;D3;D8
4-Acetamidobutanoic acid,REFMET:4-Acetamidobutanoic acid,PRPF19|prot-pr,human:prot-pr:Q9UMS4,0.9514,muscle,6,positive,"correlation |r|>=0.9, top 10 per metabolite (no significance test)",P1;D3;D8
Allantoin,REFMET:Allantoin,ZNRF2|prot-pr,human:prot-pr:Q8NHG8,0.9514,muscle,6,positive,"correlation |r|>=0.9, top 10 per metabolite (no significance test)",P1;D3;D8
N6-Acetyllysine,REFMET:N6-Acetyllysine,NRAP|prot-pr,human:prot-pr:Q86VF7,0.9514,muscle,6,positive,"correlation |r|>=0.9, top 10 per metabolite (no significance test)",P1;D3;D8
Hydroxyhexadecanoic acid,REFMET:Hydroxyhexadecanoic acid,DHRS11|prot-pr,human:prot-pr:Q6UWP2,-0.9514,muscle,6,negative,"correlation |r|>=0.9, top 10 per metabolite (no significance test)",P1;D3;D8
DG 18:0_18:1,REFMET:DG 18:0_18:1,DDC|prot-ol,human:prot-ol:OID20215,0.9514,blood,10,positive,"correlation |r|>=0.9, top 10 per metabolite (no significance test)",P1;D3;D8
PE P-35:2 or PE O-35:3,REFMET:PE P-35:2 or PE O-35:3,DHRS11|prot-pr,human:prot-pr:Q6UWP2,-0.9513,muscle,6,negative,"correlation |r|>=0.9, top 10 per metabolite (no significance test)",P1;D3;D8
Citric acid,REFMET:Citric acid,LPL|prot-pr,human:prot-pr:P06858,-0.9513,muscle,6,negative,"correlation |r|>=0.9, top 10 per metabolite (no significance test)",P1;D3;D8
CAR 14:0;OH,REFMET:CAR 14:0;OH,ORC3|prot-pr,human:prot-pr:Q9UBD5,0.9513,muscle,6,positive,"correlation |r|>=0.9, top 10 per metabolite (no significance test)",P1;D3;D8
CAR 5:1,REFMET:CAR 5:1,MATN3|prot-ol,human:prot-ol:OID20979,-0.9513,blood,10,negative,"correlation |r|>=0.9, top 10 per metabolite (no significance test)",P1;D3;D8
Succinic acid,REFMET:Succinic acid,MATN2|prot-ol,human:prot-ol:OID20767,0.9512,blood,10,positive,"correlation |r|>=0.9, top 10 per metabolite (no significance test)",P1;D3;D8
PC 31:0,REFMET:PC 31:0,NRAP|prot-pr,human:prot-pr:Q86VF7,0.9512,muscle,6,positive,"correlation |r|>=0.9, top 10 per metabolite (no significance test)",P1;D3;D8
Cystine,REFMET:Cystine,TNFRSF6B|prot-ol,human:prot-ol:OID20964,-0.9511,blood,10,negative,"correlation |r|>=0.9, top 10 per metabolite (no significance test)",P1;D3;D8
Leu-Pro,REFMET:Leu-Pro,FAM185A|prot-pr,human:prot-pr:Q8N0U4,-0.9511,muscle,6,negative,"correlation |r|>=0.9, top 10 per metabolite (no significance test)",P1;D3;D8
PE 36:4,REFMET:PE 36:4,MACROD1|prot-pr,human:prot-pr:Q9BQ69,0.951,muscle,6,positive,"correlation |r|>=0.9, top 10 per metabolite (no significance test)",P1;D3;D8
PC 35:3,REFMET:PC 35:3,COPS3|prot-pr,human:prot-pr:Q9UNS2,0.951,muscle,6,positive,"correlation |r|>=0.9, top 10 per metabolite (no significance test)",P1;D3;D8
Acisoga,REFMET:Acisoga,PRPF31|prot-pr,human:prot-pr:Q8WWY3,0.9509,muscle,6,positive,"correlation |r|>=0.9, top 10 per metabolite (no significance test)",P1;D3;D8
PE 36:3,REFMET:PE 36:3,COL6A1|prot-pr,human:prot-pr:P12109,-0.9509,muscle,6,negative,"correlation |r|>=0.9, top 10 per metabolite (no significance test)",P1;D3;D8
3-Methyl-2-oxovaleric acid,REFMET:3-Methyl-2-oxovaleric acid,H3-2|prot-pr,human:prot-pr:Q5TEC6,0.9509,muscle,6,positive,"correlation |r|>=0.9, top 10 per metabolite (no significance test)",P1;D3;D8
Cer 18:1;O2/14:0,REFMET:Cer 18:1;O2/14:0,PEX7|prot-pr,human:prot-pr:O00628,-0.9508,muscle,6,negative,"correlation |r|>=0.9, top 10 per metabolite (no significance test)",P1;D3;D8
Glycine,REFMET:Glycine,TSPAN9|prot-pr,human:prot-pr:O75954,0.9508,muscle,6,positive,"correlation |r|>=0.9, top 10 per metabolite (no significance test)",P1;D3;D8
PC 33:0,REFMET:PC 33:0,TMPO|prot-pr,human:prot-pr:P42167,-0.9508,muscle,6,negative,"correlation |r|>=0.9, top 10 per metabolite (no significance test)",P1;D3;D8
PC P-36:3 or PC O-36:4,REFMET:PC P-36:3 or PC O-36:4,XIRP2|prot-pr,human:prot-pr:A4UGR9,0.9508,muscle,6,positive,"correlation |r|>=0.9, top 10 per metabolite (no significance test)",P1;D3;D8
Palmitoyl-EA,REFMET:Palmitoyl-EA,SHMT1|prot-pr,human:prot-pr:P34896,0.9508,muscle,6,positive,"correlation |r|>=0.9, top 10 per metabolite (no significance test)",P1;D3;D8
PC 33:2,REFMET:PC 33:2,SLC66A2|prot-pr,human:prot-pr:Q8N2U9,0.9507,muscle,6,positive,"correlation |r|>=0.9, top 10 per metabolite (no significance test)",P1;D3;D8
Octadecatrienoic acid,REFMET:Octadecatrienoic acid,LDLRAP1|prot-pr,human:prot-pr:Q5SW96,0.9507,muscle,6,positive,"correlation |r|>=0.9, top 10 per metabolite (no significance test)",P1;D3;D8
UDP-glucose,REFMET:UDP-glucose,GLO1|prot-pr,human:prot-pr:Q04760,0.9506,muscle,6,positive,"correlation |r|>=0.9, top 10 per metabolite (no significance test)",P1;D3;D8
Cytidine,REFMET:Cytidine,RANBP9|prot-pr,human:prot-pr:Q96S59,0.9506,muscle,6,positive,"correlation |r|>=0.9, top 10 per metabolite (no significance test)",P1;D3;D8
Behenic acid,REFMET:Behenic acid,IRF2BPL|prot-pr,human:prot-pr:Q9H1B7,-0.9506,muscle,6,negative,"correlation |r|>=0.9, top 10 per metabolite (no significance test)",P1;D3;D8
PC 28:0,REFMET:PC 28:0,TXNDC17|prot-pr,human:prot-pr:Q9BRA2,0.9505,muscle,6,positive,"correlation |r|>=0.9, top 10 per metabolite (no significance test)",P1;D3;D8
N-Acetylglucosamine 1-phosphate,REFMET:N-Acetylglucosamine 1-phosphate,PSME3IP1|prot-pr,human:prot-pr:Q9GZU8,0.9505,muscle,6,positive,"correlation |r|>=0.9, top 10 per metabolite (no significance test)",P1;D3;D8
PC P-36:4 or PC O-36:5,REFMET:PC P-36:4 or PC O-36:5,LHPP|prot-pr,human:prot-pr:Q9H008,0.9505,muscle,6,positive,"correlation |r|>=0.9, top 10 per metabolite (no significance test)",P1;D3;D8
CAR 18:3,REFMET:CAR 18:3,ALAS1|prot-pr,human:prot-pr:P13196,0.9505,muscle,6,positive,"correlation |r|>=0.9, top 10 per metabolite (no significance test)",P1;D3;D8
PC P-34:3 or PC O-34:4,REFMET:PC P-34:3 or PC O-34:4,UBA6|prot-pr,human:prot-pr:A0AVT1,-0.9504,muscle,6,negative,"correlation |r|>=0.9, top 10 per metabolite (no significance test)",P1;D3;D8
Cer 18:1;O2/20:1,REFMET:Cer 18:1;O2/20:1,POLR3E|prot-pr,human:prot-pr:Q9NVU0,0.9504,muscle,6,positive,"correlation |r|>=0.9, top 10 per metabolite (no significance test)",P1;D3;D8
PC 18:1_18:2,REFMET:PC 18:1_18:2,DAB2|prot-pr,human:prot-pr:P98082,-0.9504,muscle,6,negative,"correlation |r|>=0.9, top 10 per metabolite (no significance test)",P1;D3;D8
2-Aminocaprylic acid,REFMET:2-Aminocaprylic acid,MRPS16|prot-pr,human:prot-pr:Q9Y3D3,0.9504,muscle,6,positive,"correlation |r|>=0.9, top 10 per metabolite (no significance test)",P1;D3;D8
Pantothenic acid,REFMET:Pantothenic acid,DNAJC7|prot-pr,human:prot-pr:Q99615,0.9504,muscle,6,positive,"correlation |r|>=0.9, top 10 per metabolite (no significance test)",P1;D3;D8
sn-Glycero-3-phosphocholine,REFMET:sn-Glycero-3-phosphocholine,DRG1|prot-pr,human:prot-pr:Q9Y295,0.9504,muscle,6,positive,"correlation |r|>=0.9, top 10 per metabolite (no significance test)",P1;D3;D8
CAR 16:1,REFMET:CAR 16:1,MRPS16|prot-pr,human:prot-pr:Q9Y3D3,0.9503,muscle,6,positive,"correlation |r|>=0.9, top 10 per metabolite (no significance test)",P1;D3;D8
4-Acetamidobutanoic acid,REFMET:4-Acetamidobutanoic acid,PRKN|prot-pr,human:prot-pr:O60260,-0.9502,muscle,6,negative,"correlation |r|>=0.9, top 10 per metabolite (no significance test)",P1;D3;D8
LPE 18:1,REFMET:LPE 18:1,NOL3|prot-pr,human:prot-pr:O60936,0.9502,muscle,6,positive,"correlation |r|>=0.9, top 10 per metabolite (no significance test)",P1;D3;D8
Hexose,REFMET:Hexose,NUDT5|prot-pr,human:prot-pr:Q9UKK9,0.9502,muscle,6,positive,"correlation |r|>=0.9, top 10 per metabolite (no significance test)",P1;D3;D8
Creatinine,REFMET:Creatinine,GOSR1|prot-pr,human:prot-pr:O95249,0.9501,muscle,6,positive,"correlation |r|>=0.9, top 10 per metabolite (no significance test)",P1;D3;D8
Dimethylarginine,REFMET:Dimethylarginine,CD5|prot-ol,human:prot-ol:OID21449,-0.9501,blood,10,negative,"correlation |r|>=0.9, top 10 per metabolite (no significance test)",P1;D3;D8
PE P-34:0 or PE O-34:1,REFMET:PE P-34:0 or PE O-34:1,PPP1R27|prot-pr,human:prot-pr:Q86WC6,0.95,muscle,6,positive,"correlation |r|>=0.9, top 10 per metabolite (no significance test)",P1;D3;D8
SM 18:1;O2/18:0,REFMET:SM 18:1;O2/18:0,PFDN5|prot-pr,human:prot-pr:Q99471,0.95,muscle,6,positive,"correlation |r|>=0.9, top 10 per metabolite (no significance test)",P1;D3;D8
PC P-34:0 or PC O-34:1,REFMET:PC P-34:0 or PC O-34:1,PSMD10|prot-pr,human:prot-pr:O75832,-0.95,muscle,6,negative,"correlation |r|>=0.9, top 10 per metabolite (no significance test)",P1;D3;D8
CAR 14:1,REFMET:CAR 14:1,ORC3|prot-pr,human:prot-pr:Q9UBD5,0.9499,muscle,6,positive,"correlation |r|>=0.9, top 10 per metabolite (no significance test)",P1;D3;D8
PC 28:0,REFMET:PC 28:0,SLC66A2|prot-pr,human:prot-pr:Q8N2U9,0.9499,muscle,6,positive,"correlation |r|>=0.9, top 10 per metabolite (no significance test)",P1;D3;D8
Dimethylarginine,REFMET:Dimethylarginine,RSPO1|prot-ol,human:prot-ol:OID20938,-0.9498,blood,10,negative,"correlation |r|>=0.9, top 10 per metabolite (no significance test)",P1;D3;D8
SM 18:1;O2/17:1,REFMET:SM 18:1;O2/17:1,KLK6|prot-ol,human:prot-ol:OID21526,-0.9498,blood,10,negative,"correlation |r|>=0.9, top 10 per metabolite (no significance test)",P1;D3;D8
SM 18:1;O2/14:0,REFMET:SM 18:1;O2/14:0,DAB2|prot-pr,human:prot-pr:P98082,-0.9498,muscle,6,negative,"correlation |r|>=0.9, top 10 per metabolite (no significance test)",P1;D3;D8
Eicosenoic acid,REFMET:Eicosenoic acid,CALCOCO1|prot-pr,human:prot-pr:Q9P1Z2,0.9498,muscle,6,positive,"correlation |r|>=0.9, top 10 per metabolite (no significance test)",P1;D3;D8
N-Acetylarginine,REFMET:N-Acetylarginine,TLE5|prot-pr,human:prot-pr:Q08117,0.9498,muscle,6,positive,"correlation |r|>=0.9, top 10 per metabolite (no significance test)",P1;D3;D8
SM 18:1;O2/21:0,REFMET:SM 18:1;O2/21:0,NCOA4|prot-pr,human:prot-pr:Q13772,0.9497,muscle,6,positive,"correlation |r|>=0.9, top 10 per metabolite (no significance test)",P1;D3;D8
Serine,REFMET:Serine,NUP160|prot-pr,human:prot-pr:Q12769,-0.9496,muscle,6,negative,"correlation |r|>=0.9, top 10 per metabolite (no significance test)",P1;D3;D8
PC 35:3,REFMET:PC 35:3,CPSF6|prot-pr,human:prot-pr:Q16630,-0.9496,muscle,6,negative,"correlation |r|>=0.9, top 10 per metabolite (no significance test)",P1;D3;D8
Cer 18:1;O2/20:1,REFMET:Cer 18:1;O2/20:1,VPS37A|prot-pr,human:prot-pr:Q8NEZ2,0.9494,muscle,6,positive,"correlation |r|>=0.9, top 10 per metabolite (no significance test)",P1;D3;D8
N4-Acetylcytidine,REFMET:N4-Acetylcytidine,BRIX1|prot-pr,human:prot-pr:Q8TDN6,0.9494,muscle,6,positive,"correlation |r|>=0.9, top 10 per metabolite (no significance test)",P1;D3;D8
Eicosenoic acid,REFMET:Eicosenoic acid,MSTO1|prot-pr,human:prot-pr:Q9BUK6,-0.9494,muscle,6,negative,"correlation |r|>=0.9, top 10 per metabolite (no significance test)",P1;D3;D8
CAR 11:1,REFMET:CAR 11:1,OXT|prot-ol,human:prot-ol:OID21047,0.9493,blood,10,positive,"correlation |r|>=0.9, top 10 per metabolite (no significance test)",P1;D3;D8
Homoarginine,REFMET:Homoarginine,ADGRE2|prot-ol,human:prot-ol:OID20755,-0.9493,blood,10,negative,"correlation |r|>=0.9, top 10 per metabolite (no significance test)",P1;D3;D8
CAR 16:1,REFMET:CAR 16:1,C12orf29|prot-pr,human:prot-pr:Q8N999,0.9493,muscle,6,positive,"correlation |r|>=0.9, top 10 per metabolite (no significance test)",P1;D3;D8
CMP,REFMET:CMP,DNAJC21|prot-pr,human:prot-pr:Q5F1R6,0.9493,muscle,6,positive,"correlation |r|>=0.9, top 10 per metabolite (no significance test)",P1;D3;D8
TG 58:1,REFMET:TG 58:1,KLC2|prot-pr,human:prot-pr:Q9H0B6,-0.9493,muscle,6,negative,"correlation |r|>=0.9, top 10 per metabolite (no significance test)",P1;D3;D8
Adipic acid,REFMET:Adipic acid,ELP5|prot-pr,human:prot-pr:Q8TE02,-0.9493,muscle,6,negative,"correlation |r|>=0.9, top 10 per metabolite (no significance test)",P1;D3;D8
LPC 16:0,REFMET:LPC 16:0,TECR|prot-pr,human:prot-pr:Q9NZ01,-0.9492,muscle,6,negative,"correlation |r|>=0.9, top 10 per metabolite (no significance test)",P1;D3;D8
PC 33:2,REFMET:PC 33:2,NPLOC4|prot-pr,human:prot-pr:Q8TAT6,0.9492,muscle,6,positive,"correlation |r|>=0.9, top 10 per metabolite (no significance test)",P1;D3;D8
Cer 18:1;O2/24:1,REFMET:Cer 18:1;O2/24:1,DPH2|prot-pr,human:prot-pr:Q9BQC3,0.9492,muscle,6,positive,"correlation |r|>=0.9, top 10 per metabolite (no significance test)",P1;D3;D8
Cer 18:1;O2/18:0,REFMET:Cer 18:1;O2/18:0,LANCL2|prot-pr,human:prot-pr:Q9NS86,0.9491,muscle,6,positive,"correlation |r|>=0.9, top 10 per metabolite (no significance test)",P1;D3;D8
LPC O-16:0,REFMET:LPC O-16:0,POLR3E|prot-pr,human:prot-pr:Q9NVU0,0.9491,muscle,6,positive,"correlation |r|>=0.9, top 10 per metabolite (no significance test)",P1;D3;D8
Cer 18:1;O2/18:0,REFMET:Cer 18:1;O2/18:0,DPH2|prot-pr,human:prot-pr:Q9BQC3,0.9491,muscle,6,positive,"correlation |r|>=0.9, top 10 per metabolite (no significance test)",P1;D3;D8
LPE 22:6,REFMET:LPE 22:6,SLC25A24|prot-pr,human:prot-pr:Q6NUK1,-0.949,muscle,6,negative,"correlation |r|>=0.9, top 10 per metabolite (no significance test)",P1;D3;D8
Indolelactic acid,REFMET:Indolelactic acid,MRPS16|prot-pr,human:prot-pr:Q9Y3D3,-0.949,muscle,6,negative,"correlation |r|>=0.9, top 10 per metabolite (no significance test)",P1;D3;D8
Leu-Pro,REFMET:Leu-Pro,TECR|prot-pr,human:prot-pr:Q9NZ01,-0.9489,muscle,6,negative,"correlation |r|>=0.9, top 10 per metabolite (no significance test)",P1;D3;D8
LPE 22:6,REFMET:LPE 22:6,MTA1|prot-pr,human:prot-pr:Q13330,0.9489,muscle,6,positive,"correlation |r|>=0.9, top 10 per metabolite (no significance test)",P1;D3;D8
PE P-34:0 or PE O-34:1,REFMET:PE P-34:0 or PE O-34:1,STYXL2|prot-pr,human:prot-pr:Q5VZP5,0.9488,muscle,6,positive,"correlation |r|>=0.9, top 10 per metabolite (no significance test)",P1;D3;D8
Putrescine,REFMET:Putrescine,MRPL14|prot-pr,human:prot-pr:Q6P1L8,-0.9488,muscle,6,negative,"correlation |r|>=0.9, top 10 per metabolite (no significance test)",P1;D3;D8
Docosapentaenoic acid,REFMET:Docosapentaenoic acid,POLR2M|prot-pr,human:prot-pr:Q6EEV4,0.9488,muscle,6,positive,"correlation |r|>=0.9, top 10 per metabolite (no significance test)",P1;D3;D8
Glutamic acid,REFMET:Glutamic acid,GIMAP1|prot-pr,human:prot-pr:Q8WWP7,-0.9488,muscle,6,negative,"correlation |r|>=0.9, top 10 per metabolite (no significance test)",P1;D3;D8
Biliverdin,REFMET:Biliverdin,ISCA2|prot-pr,human:prot-pr:Q86U28,-0.9488,muscle,6,negative,"correlation |r|>=0.9, top 10 per metabolite (no significance test)",P1;D3;D8
Leu-Ile,REFMET:Leu-Ile,TMPO|prot-pr,human:prot-pr:P42167,-0.9487,muscle,6,negative,"correlation |r|>=0.9, top 10 per metabolite (no significance test)",P1;D3;D8
DG 38:4,REFMET:DG 38:4,ANGPT2|prot-ol,human:prot-ol:OID21463,0.9487,blood,10,positive,"correlation |r|>=0.9, top 10 per metabolite (no significance test)",P1;D3;D8
Eicosapentaenoic acid,REFMET:Eicosapentaenoic acid,LPL|prot-pr,human:prot-pr:P06858,0.9487,muscle,6,positive,"correlation |r|>=0.9, top 10 per metabolite (no significance test)",P1;D3;D8
N-Acetylleucine,REFMET:N-Acetylleucine,ORC3|prot-pr,human:prot-pr:Q9UBD5,-0.9486,muscle,6,negative,"correlation |r|>=0.9, top 10 per metabolite (no significance test)",P1;D3;D8
PC 33:2,REFMET:PC 33:2,F3|prot-ol,human:prot-ol:OID21440,-0.9486,blood,10,negative,"correlation |r|>=0.9, top 10 per metabolite (no significance test)",P1;D3;D8
Xanthine,REFMET:Xanthine,ALPK3|prot-pr,human:prot-pr:Q96L96,-0.9485,muscle,6,negative,"correlation |r|>=0.9, top 10 per metabolite (no significance test)",P1;D3;D8
S-Methylcysteine S-oxide,REFMET:S-Methylcysteine S-oxide,CNOT10|prot-pr,human:prot-pr:Q9H9A5,0.9485,muscle,6,positive,"correlation |r|>=0.9, top 10 per metabolite (no significance test)",P1;D3;D8
Adipic acid,REFMET:Adipic acid,CRYZL1|prot-pr,human:prot-pr:O95825,0.9485,muscle,6,positive,"correlation |r|>=0.9, top 10 per metabolite (no significance test)",P1;D3;D8
Biliverdin,REFMET:Biliverdin,SMYD5|prot-pr,human:prot-pr:Q6GMV2,-0.9485,muscle,6,negative,"correlation |r|>=0.9, top 10 per metabolite (no significance test)",P1;D3;D8
PC P-36:4 or PC O-36:5,REFMET:PC P-36:4 or PC O-36:5,PPOX|prot-pr,human:prot-pr:P50336,-0.9485,muscle,6,negative,"correlation |r|>=0.9, top 10 per metabolite (no significance test)",P1;D3;D8
PE P-38:6 or PE O-38:7,REFMET:PE P-38:6 or PE O-38:7,SNX3|prot-pr,human:prot-pr:O60493,0.9484,muscle,6,positive,"correlation |r|>=0.9, top 10 per metabolite (no significance test)",P1;D3;D8
Glutamine,REFMET:Glutamine,LPL|prot-pr,human:prot-pr:P06858,-0.9484,muscle,6,negative,"correlation |r|>=0.9, top 10 per metabolite (no significance test)",P1;D3;D8
N-Acetylglutamic acid,REFMET:N-Acetylglutamic acid,FAM76A|prot-pr,human:prot-pr:Q8TAV0,-0.9484,muscle,6,negative,"correlation |r|>=0.9, top 10 per metabolite (no significance test)",P1;D3;D8
Deoxycholic acid,REFMET:Deoxycholic acid,C20orf27|prot-pr,human:prot-pr:Q9GZN8,0.9484,muscle,6,positive,"correlation |r|>=0.9, top 10 per metabolite (no significance test)",P1;D3;D8
Succinic acid,REFMET:Succinic acid,CXCL17|prot-ol,human:prot-ol:OID20622,0.9484,blood,10,positive,"correlation |r|>=0.9, top 10 per metabolite (no significance test)",P1;D3;D8
CAR 12:3,REFMET:CAR 12:3,ADGRE2|prot-ol,human:prot-ol:OID20755,0.9483,blood,10,positive,"correlation |r|>=0.9, top 10 per metabolite (no significance test)",P1;D3;D8
PE P-35:2 or PE O-35:3,REFMET:PE P-35:2 or PE O-35:3,IGFBPL1|prot-ol,human:prot-ol:OID20155,-0.9483,blood,10,negative,"correlation |r|>=0.9, top 10 per metabolite (no significance test)",P1;D3;D8
LPC P-16:0 or LPC O-16:1,REFMET:LPC P-16:0 or LPC O-16:1,TMPO|prot-pr,human:prot-pr:P42167,-0.9483,muscle,6,negative,"correlation |r|>=0.9, top 10 per metabolite (no significance test)",P1;D3;D8
SM 18:1;O2/16:1,REFMET:SM 18:1;O2/16:1,MSS51|prot-pr,human:prot-pr:Q4VC12,0.9482,muscle,6,positive,"correlation |r|>=0.9, top 10 per metabolite (no significance test)",P1;D3;D8
13-HODE,REFMET:13-HODE,ANKRD1|prot-pr,human:prot-pr:Q15327,0.9482,muscle,6,positive,"correlation |r|>=0.9, top 10 per metabolite (no significance test)",P1;D3;D8
SM 18:1;O2/15:0,REFMET:SM 18:1;O2/15:0,MACROH2A1|prot-pr,human:prot-pr:O75367,-0.9482,muscle,6,negative,"correlation |r|>=0.9, top 10 per metabolite (no significance test)",P1;D3;D8
SM 18:1;O2/22:2,REFMET:SM 18:1;O2/22:2,RACK1|prot-pr,human:prot-pr:P63244,0.9482,muscle,6,positive,"correlation |r|>=0.9, top 10 per metabolite (no significance test)",P1;D3;D8
Cytidine,REFMET:Cytidine,FILIP1L|prot-pr,human:prot-pr:Q4L180-2,-0.9482,muscle,6,negative,"correlation |r|>=0.9, top 10 per metabolite (no significance test)",P1;D3;D8
N-Acetylaspartic acid,REFMET:N-Acetylaspartic acid,RACK1|prot-pr,human:prot-pr:P63244,0.9481,muscle,6,positive,"correlation |r|>=0.9, top 10 per metabolite (no significance test)",P1;D3;D8
Glyceraldehyde 3-phosphate,REFMET:Glyceraldehyde 3-phosphate,DDA1|prot-pr,human:prot-pr:Q9BW61,0.9481,muscle,6,positive,"correlation |r|>=0.9, top 10 per metabolite (no significance test)",P1;D3;D8
Citramalic acid,REFMET:Citramalic acid,TPM3|prot-pr,human:prot-pr:P06753,0.9481,muscle,6,positive,"correlation |r|>=0.9, top 10 per metabolite (no significance test)",P1;D3;D8
Dehydroepiandrosterone sulfate,REFMET:Dehydroepiandrosterone sulfate,CAPG|prot-ol,human:prot-ol:OID21431,0.9481,blood,10,positive,"correlation |r|>=0.9, top 10 per metabolite (no significance test)",P1;D3;D8
PE P-35:2 or PE O-35:3,REFMET:PE P-35:2 or PE O-35:3,VPS37A|prot-pr,human:prot-pr:Q8NEZ2,0.948,muscle,6,positive,"correlation |r|>=0.9, top 10 per metabolite (no significance test)",P1;D3;D8
Targinine,REFMET:Targinine,PRTG|prot-ol,human:prot-ol:OID21443,-0.948,blood,10,negative,"correlation |r|>=0.9, top 10 per metabolite (no significance test)",P1;D3;D8
Targinine,REFMET:Targinine,CD6|prot-ol,human:prot-ol:OID20649,-0.948,blood,10,negative,"correlation |r|>=0.9, top 10 per metabolite (no significance test)",P1;D3;D8
Dimethylglycine,REFMET:Dimethylglycine,HAVCR1|prot-ol,human:prot-ol:OID21422,-0.948,blood,10,negative,"correlation |r|>=0.9, top 10 per metabolite (no significance test)",P1;D3;D8
Succinic acid,REFMET:Succinic acid,SMOC1|prot-ol,human:prot-ol:OID21461,0.948,blood,10,positive,"correlation |r|>=0.9, top 10 per metabolite (no significance test)",P1;D3;D8
TG 58:1,REFMET:TG 58:1,WASF3|prot-pr,human:prot-pr:Q9UPY6-2,-0.9479,muscle,6,negative,"correlation |r|>=0.9, top 10 per metabolite (no significance test)",P1;D3;D8
Fumaric acid,REFMET:Fumaric acid,MYLPF|prot-pr,human:prot-pr:Q96A32,-0.9479,muscle,6,negative,"correlation |r|>=0.9, top 10 per metabolite (no significance test)",P1;D3;D8
4-Aminohippuric acid,REFMET:4-Aminohippuric acid,IL16|prot-ol,human:prot-ol:OID20633,0.9479,blood,10,positive,"correlation |r|>=0.9, top 10 per metabolite (no significance test)",P1;D3;D8
N6-Acetyllysine,REFMET:N6-Acetyllysine,DST|prot-pr,human:prot-pr:Q03001,0.9478,muscle,6,positive,"correlation |r|>=0.9, top 10 per metabolite (no significance test)",P1;D3;D8
Dimethylarginine,REFMET:Dimethylarginine,SEC22B|prot-pr,human:prot-pr:O75396,0.9478,muscle,6,positive,"correlation |r|>=0.9, top 10 per metabolite (no significance test)",P1;D3;D8
PE 32:1,REFMET:PE 32:1,XIRP2|prot-pr,human:prot-pr:A4UGR9,0.9478,muscle,6,positive,"correlation |r|>=0.9, top 10 per metabolite (no significance test)",P1;D3;D8
Rosmarinic acid,REFMET:Rosmarinic acid,S100A11|prot-ol,human:prot-ol:OID20130,0.9477,blood,10,positive,"correlation |r|>=0.9, top 10 per metabolite (no significance test)",P1;D3;D8
CAR 12:3,REFMET:CAR 12:3,CD300LF|prot-ol,human:prot-ol:OID21469,0.9477,blood,10,positive,"correlation |r|>=0.9, top 10 per metabolite (no significance test)",P1;D3;D8
PE 32:0,REFMET:PE 32:0,PPOX|prot-pr,human:prot-pr:P50336,-0.9477,muscle,6,negative,"correlation |r|>=0.9, top 10 per metabolite (no significance test)",P1;D3;D8
N-Acetylornithine,REFMET:N-Acetylornithine,MYO1D|prot-pr,human:prot-pr:O94832,0.9477,muscle,6,positive,"correlation |r|>=0.9, top 10 per metabolite (no significance test)",P1;D3;D8
Oxidized glutathione,REFMET:Oxidized glutathione,UBQLN4|prot-pr,human:prot-pr:Q9NRR5,0.9477,muscle,6,positive,"correlation |r|>=0.9, top 10 per metabolite (no significance test)",P1;D3;D8
"N2,N2-Dimethylguanosine","REFMET:N2,N2-Dimethylguanosine",NEXN|prot-pr,human:prot-pr:Q0ZGT2-2,0.9477,muscle,6,positive,"correlation |r|>=0.9, top 10 per metabolite (no significance test)",P1;D3;D8
SM 18:1;O2/22:0,REFMET:SM 18:1;O2/22:0,NCOA4|prot-pr,human:prot-pr:Q13772,0.9476,muscle,6,positive,"correlation |r|>=0.9, top 10 per metabolite (no significance test)",P1;D3;D8
SM 18:1;O2/14:0,REFMET:SM 18:1;O2/14:0,H3-2|prot-pr,human:prot-pr:Q5TEC6,-0.9476,muscle,6,negative,"correlation |r|>=0.9, top 10 per metabolite (no significance test)",P1;D3;D8
3-O-Methyl-DOPA,REFMET:3-O-Methyl-DOPA,DNAJC1|prot-pr,human:prot-pr:Q96KC8,-0.9475,muscle,6,negative,"correlation |r|>=0.9, top 10 per metabolite (no significance test)",P1;D3;D8
1-Methylhistamine,REFMET:1-Methylhistamine,TMPO|prot-pr,human:prot-pr:P42167,-0.9475,muscle,6,negative,"correlation |r|>=0.9, top 10 per metabolite (no significance test)",P1;D3;D8
Putrescine,REFMET:Putrescine,TAF7|prot-pr,human:prot-pr:Q15545,0.9475,muscle,6,positive,"correlation |r|>=0.9, top 10 per metabolite (no significance test)",P1;D3;D8
Dimethylglycine,REFMET:Dimethylglycine,CCN4|prot-ol,human:prot-ol:OID21444,-0.9475,blood,10,negative,"correlation |r|>=0.9, top 10 per metabolite (no significance test)",P1;D3;D8
Homoarginine,REFMET:Homoarginine,CD300LF|prot-ol,human:prot-ol:OID21469,-0.9474,blood,10,negative,"correlation |r|>=0.9, top 10 per metabolite (no significance test)",P1;D3;D8
Sphinganine,REFMET:Sphinganine,DNAJC1|prot-pr,human:prot-pr:Q96KC8,-0.9474,muscle,6,negative,"correlation |r|>=0.9, top 10 per metabolite (no significance test)",P1;D3;D8
Pro-Phe,REFMET:Pro-Phe,TLE5|prot-pr,human:prot-pr:Q08117,0.9474,muscle,6,positive,"correlation |r|>=0.9, top 10 per metabolite (no significance test)",P1;D3;D8
PC O-30:0,REFMET:PC O-30:0,KLK6|prot-ol,human:prot-ol:OID21526,-0.9474,blood,10,negative,"correlation |r|>=0.9, top 10 per metabolite (no significance test)",P1;D3;D8
PC 33:2,REFMET:PC 33:2,CDH3|prot-ol,human:prot-ol:OID21008,-0.9474,blood,10,negative,"correlation |r|>=0.9, top 10 per metabolite (no significance test)",P1;D3;D8
TG 18:1/18:1/18:1,REFMET:TG 18:1/18:1/18:1,YIPF4|prot-pr,human:prot-pr:Q9BSR8,0.9474,muscle,6,positive,"correlation |r|>=0.9, top 10 per metabolite (no significance test)",P1;D3;D8
Cortisol,REFMET:Cortisol,HLA-G|prot-pr,human:prot-pr:P17693,0.9474,muscle,6,positive,"correlation |r|>=0.9, top 10 per metabolite (no significance test)",P1;D3;D8
Aminoadipic acid,REFMET:Aminoadipic acid,HLA-G|prot-pr,human:prot-pr:P17693,-0.9473,muscle,6,negative,"correlation |r|>=0.9, top 10 per metabolite (no significance test)",P1;D3;D8
LPC O-16:0,REFMET:LPC O-16:0,TMUB2|prot-pr,human:prot-pr:Q71RG4,0.9473,muscle,6,positive,"correlation |r|>=0.9, top 10 per metabolite (no significance test)",P1;D3;D8
Tauromuricholic acid,REFMET:Tauromuricholic acid,LEP|prot-ol,human:prot-ol:OID20187,0.9473,blood,10,positive,"correlation |r|>=0.9, top 10 per metabolite (no significance test)",P1;D3;D8
SM 18:1;O2/14:0,REFMET:SM 18:1;O2/14:0,HLA-G|prot-pr,human:prot-pr:P17693,-0.9472,muscle,6,negative,"correlation |r|>=0.9, top 10 per metabolite (no significance test)",P1;D3;D8
CAR 12:3,REFMET:CAR 12:3,OXT|prot-ol,human:prot-ol:OID21047,0.9472,blood,10,positive,"correlation |r|>=0.9, top 10 per metabolite (no significance test)",P1;D3;D8
4-Aminohippuric acid,REFMET:4-Aminohippuric acid,CCDC92|prot-pr,human:prot-pr:Q53HC0,0.9472,muscle,6,positive,"correlation |r|>=0.9, top 10 per metabolite (no significance test)",P1;D3;D8
TG 46:2,REFMET:TG 46:2,GOSR1|prot-pr,human:prot-pr:O95249,-0.9472,muscle,6,negative,"correlation |r|>=0.9, top 10 per metabolite (no significance test)",P1;D3;D8
13-HODE,REFMET:13-HODE,PPP1R27|prot-pr,human:prot-pr:Q86WC6,0.9472,muscle,6,positive,"correlation |r|>=0.9, top 10 per metabolite (no significance test)",P1;D3;D8
Maleic acid,REFMET:Maleic acid,TMPO|prot-pr,human:prot-pr:P42167,0.9471,muscle,6,positive,"correlation |r|>=0.9, top 10 per metabolite (no significance test)",P1;D3;D8
Capric acid,REFMET:Capric acid,IRF2BPL|prot-pr,human:prot-pr:Q9H1B7,0.9471,muscle,6,positive,"correlation |r|>=0.9, top 10 per metabolite (no significance test)",P1;D3;D8
Phosphocreatine,REFMET:Phosphocreatine,C20orf27|prot-pr,human:prot-pr:Q9GZN8,-0.9471,muscle,6,negative,"correlation |r|>=0.9, top 10 per metabolite (no significance test)",P1;D3;D8
Histidine,REFMET:Histidine,CTSV|prot-ol,human:prot-ol:OID21405,-0.9471,blood,10,negative,"correlation |r|>=0.9, top 10 per metabolite (no significance test)",P1;D3;D8
CAR 2:0,REFMET:CAR 2:0,HSPB2|prot-pr,human:prot-pr:Q16082,-0.947,muscle,6,negative,"correlation |r|>=0.9, top 10 per metabolite (no significance test)",P1;D3;D8
UMP,REFMET:UMP,CLC|prot-pr,human:prot-pr:Q05315,-0.947,muscle,6,negative,"correlation |r|>=0.9, top 10 per metabolite (no significance test)",P1;D3;D8
2-Oxoglutaric acid,REFMET:2-Oxoglutaric acid,TRMT112|prot-pr,human:prot-pr:Q9UI30,-0.947,muscle,6,negative,"correlation |r|>=0.9, top 10 per metabolite (no significance test)",P1;D3;D8
SM 18:1;O2/23:2,REFMET:SM 18:1;O2/23:2,NRAP|prot-pr,human:prot-pr:Q86VF7,0.9469,muscle,6,positive,"correlation |r|>=0.9, top 10 per metabolite (no significance test)",P1;D3;D8
Cer 18:1;O2/22:1,REFMET:Cer 18:1;O2/22:1,DNAJA1|prot-pr,human:prot-pr:P31689,0.9469,muscle,6,positive,"correlation |r|>=0.9, top 10 per metabolite (no significance test)",P1;D3;D8
Cytidine,REFMET:Cytidine,ISCA2|prot-pr,human:prot-pr:Q86U28,0.9469,muscle,6,positive,"correlation |r|>=0.9, top 10 per metabolite (no significance test)",P1;D3;D8
PS P-36:2 or PS O-36:3,REFMET:PS P-36:2 or PS O-36:3,SON|prot-pr,human:prot-pr:P18583-5,-0.9469,muscle,6,negative,"correlation |r|>=0.9, top 10 per metabolite (no significance test)",P1;D3;D8
Glucose,REFMET:Glucose,C12orf29|prot-pr,human:prot-pr:Q8N999,-0.9469,muscle,6,negative,"correlation |r|>=0.9, top 10 per metabolite (no significance test)",P1;D3;D8
LPC 18:2,REFMET:LPC 18:2,NEDD1|prot-pr,human:prot-pr:Q8NHV4,-0.9468,muscle,6,negative,"correlation |r|>=0.9, top 10 per metabolite (no significance test)",P1;D3;D8
2-Piperidinone,REFMET:2-Piperidinone,ELP5|prot-pr,human:prot-pr:Q8TE02,-0.9468,muscle,6,negative,"correlation |r|>=0.9, top 10 per metabolite (no significance test)",P1;D3;D8
Isoleucine,REFMET:Isoleucine,NRAP|prot-pr,human:prot-pr:Q86VF7,-0.9467,muscle,6,negative,"correlation |r|>=0.9, top 10 per metabolite (no significance test)",P1;D3;D8
Dimethylglycine,REFMET:Dimethylglycine,CPM|prot-ol,human:prot-ol:OID21054,-0.9467,blood,10,negative,"correlation |r|>=0.9, top 10 per metabolite (no significance test)",P1;D3;D8
Hydroxyphenyllactic acid,REFMET:Hydroxyphenyllactic acid,RPS28|prot-pr,human:prot-pr:P62857,-0.9467,muscle,6,negative,"correlation |r|>=0.9, top 10 per metabolite (no significance test)",P1;D3;D8
Dehydroepiandrosterone sulfate,REFMET:Dehydroepiandrosterone sulfate,PXN|prot-ol,human:prot-ol:OID20822,0.9466,blood,10,positive,"correlation |r|>=0.9, top 10 per metabolite (no significance test)",P1;D3;D8
Urocanic acid,REFMET:Urocanic acid,FLT1|prot-ol,human:prot-ol:OID21301,-0.9466,blood,10,negative,"correlation |r|>=0.9, top 10 per metabolite (no significance test)",P1;D3;D8
LPC 14:0,REFMET:LPC 14:0,PDK4|prot-pr,human:prot-pr:Q16654,0.9466,muscle,6,positive,"correlation |r|>=0.9, top 10 per metabolite (no significance test)",P1;D3;D8
Targinine,REFMET:Targinine,CLEC4G|prot-ol,human:prot-ol:OID20590,-0.9465,blood,10,negative,"correlation |r|>=0.9, top 10 per metabolite (no significance test)",P1;D3;D8
4-Pyridoxic acid,REFMET:4-Pyridoxic acid,ANGPT2|prot-ol,human:prot-ol:OID21463,0.9465,blood,10,positive,"correlation |r|>=0.9, top 10 per metabolite (no significance test)",P1;D3;D8
PC P-36:5 or PC O-36:6,REFMET:PC P-36:5 or PC O-36:6,C20orf27|prot-pr,human:prot-pr:Q9GZN8,-0.9465,muscle,6,negative,"correlation |r|>=0.9, top 10 per metabolite (no significance test)",P1;D3;D8
Maleic acid,REFMET:Maleic acid,RAD50|prot-pr,human:prot-pr:Q92878,0.9464,muscle,6,positive,"correlation |r|>=0.9, top 10 per metabolite (no significance test)",P1;D3;D8
gamma-Aminobutyric acid,REFMET:gamma-Aminobutyric acid,IGFBP5|prot-pr,human:prot-pr:P24593,-0.9464,muscle,6,negative,"correlation |r|>=0.9, top 10 per metabolite (no significance test)",P1;D3;D8
Aspirin,REFMET:Aspirin,NPDC1|prot-ol,human:prot-ol:OID20205,-0.9463,blood,10,negative,"correlation |r|>=0.9, top 10 per metabolite (no significance test)",P1;D3;D8
Citric acid/Isocitric acid,REFMET:Citric acid/Isocitric acid,UBQLN2|prot-pr,human:prot-pr:Q9UHD9,0.9463,muscle,6,positive,"correlation |r|>=0.9, top 10 per metabolite (no significance test)",P1;D3;D8
Cytidine,REFMET:Cytidine,H4C9|prot-pr,human:prot-pr:P62805,-0.9463,muscle,6,negative,"correlation |r|>=0.9, top 10 per metabolite (no significance test)",P1;D3;D8
CAR 18:3,REFMET:CAR 18:3,GIMAP1|prot-pr,human:prot-pr:Q8WWP7,-0.9463,muscle,6,negative,"correlation |r|>=0.9, top 10 per metabolite (no significance test)",P1;D3;D8
PE P-36:4 or PE O-36:5,REFMET:PE P-36:4 or PE O-36:5,XIRP2|prot-pr,human:prot-pr:A4UGR9,0.9463,muscle,6,positive,"correlation |r|>=0.9, top 10 per metabolite (no significance test)",P1;D3;D8
GDP,REFMET:GDP,LRP1|prot-pr,human:prot-pr:Q07954,-0.9463,muscle,6,negative,"correlation |r|>=0.9, top 10 per metabolite (no significance test)",P1;D3;D8
Sphinganine,REFMET:Sphinganine,COPS8|prot-pr,human:prot-pr:Q99627,-0.9462,muscle,6,negative,"correlation |r|>=0.9, top 10 per metabolite (no significance test)",P1;D3;D8
Betaine,REFMET:Betaine,XCL1|prot-ol,human:prot-ol:OID21398,-0.9462,blood,10,negative,"correlation |r|>=0.9, top 10 per metabolite (no significance test)",P1;D3;D8
PC 30:0,REFMET:PC 30:0,IGFBP5|prot-pr,human:prot-pr:P24593,-0.9462,muscle,6,negative,"correlation |r|>=0.9, top 10 per metabolite (no significance test)",P1;D3;D8
LPC P-18:0 or LPC O-18:1,REFMET:LPC P-18:0 or LPC O-18:1,LHPP|prot-pr,human:prot-pr:Q9H008,0.9461,muscle,6,positive,"correlation |r|>=0.9, top 10 per metabolite (no significance test)",P1;D3;D8
Xanthine,REFMET:Xanthine,IGFBP5|prot-pr,human:prot-pr:P24593,0.9461,muscle,6,positive,"correlation |r|>=0.9, top 10 per metabolite (no significance test)",P1;D3;D8
Adipic acid,REFMET:Adipic acid,DNAJC21|prot-pr,human:prot-pr:Q5F1R6,-0.946,muscle,6,negative,"correlation |r|>=0.9, top 10 per metabolite (no significance test)",P1;D3;D8
3-Methyl-2-oxovaleric acid,REFMET:3-Methyl-2-oxovaleric acid,SREK1IP1|prot-pr,human:prot-pr:Q8N9Q2,0.946,muscle,6,positive,"correlation |r|>=0.9, top 10 per metabolite (no significance test)",P1;D3;D8
PC P-34:1 or PC O-34:2,REFMET:PC P-34:1 or PC O-34:2,ACYP1|prot-pr,human:prot-pr:P07311,-0.9459,muscle,6,negative,"correlation |r|>=0.9, top 10 per metabolite (no significance test)",P1;D3;D8
"5,6-Dihydrouridine","REFMET:5,6-Dihydrouridine",PRKN|prot-pr,human:prot-pr:O60260,-0.9458,muscle,6,negative,"correlation |r|>=0.9, top 10 per metabolite (no significance test)",P1;D3;D8
1-Methylhistamine,REFMET:1-Methylhistamine,H3-2|prot-pr,human:prot-pr:Q5TEC6,-0.9458,muscle,6,negative,"correlation |r|>=0.9, top 10 per metabolite (no significance test)",P1;D3;D8
Ureidopropionic acid,REFMET:Ureidopropionic acid,MRPS16|prot-pr,human:prot-pr:Q9Y3D3,-0.9458,muscle,6,negative,"correlation |r|>=0.9, top 10 per metabolite (no significance test)",P1;D3;D8
Oleoyl-EA,REFMET:Oleoyl-EA,DNAJC21|prot-pr,human:prot-pr:Q5F1R6,0.9457,muscle,6,positive,"correlation |r|>=0.9, top 10 per metabolite (no significance test)",P1;D3;D8
Targinine,REFMET:Targinine,GZMB|prot-ol,human:prot-ol:OID20604,-0.9456,blood,10,negative,"correlation |r|>=0.9, top 10 per metabolite (no significance test)",P1;D3;D8
4-Pyridoxic acid,REFMET:4-Pyridoxic acid,IL18R1|prot-ol,human:prot-ol:OID20652,0.9456,blood,10,positive,"correlation |r|>=0.9, top 10 per metabolite (no significance test)",P1;D3;D8
Cer 18:1;O2/14:0,REFMET:Cer 18:1;O2/14:0,WBP2|prot-pr,human:prot-pr:Q969T9,-0.9456,muscle,6,negative,"correlation |r|>=0.9, top 10 per metabolite (no significance test)",P1;D3;D8
DG 34:1,REFMET:DG 34:1,H3-2|prot-pr,human:prot-pr:Q5TEC6,-0.9456,muscle,6,negative,"correlation |r|>=0.9, top 10 per metabolite (no significance test)",P1;D3;D8
3-Methyl-2-oxovaleric acid,REFMET:3-Methyl-2-oxovaleric acid,TMPO|prot-pr,human:prot-pr:P42167,0.9455,muscle,6,positive,"correlation |r|>=0.9, top 10 per metabolite (no significance test)",P1;D3;D8
PE 38:4,REFMET:PE 38:4,TMEM263|prot-pr,human:prot-pr:Q8WUH6,0.9455,muscle,6,positive,"correlation |r|>=0.9, top 10 per metabolite (no significance test)",P1;D3;D8
Cytidine,REFMET:Cytidine,IGFBP5|prot-pr,human:prot-pr:P24593,-0.9455,muscle,6,negative,"correlation |r|>=0.9, top 10 per metabolite (no significance test)",P1;D3;D8
N-Acetylglutamic acid,REFMET:N-Acetylglutamic acid,DRG1|prot-pr,human:prot-pr:Q9Y295,0.9454,muscle,6,positive,"correlation |r|>=0.9, top 10 per metabolite (no significance test)",P1;D3;D8
PC P-34:2 or PC O-34:3,REFMET:PC P-34:2 or PC O-34:3,VGLL2|prot-pr,human:prot-pr:Q8N8G2,0.9454,muscle,6,positive,"correlation |r|>=0.9, top 10 per metabolite (no significance test)",P1;D3;D8
TG 44:1,REFMET:TG 44:1,PTGES|prot-pr,human:prot-pr:O14684,0.9454,muscle,6,positive,"correlation |r|>=0.9, top 10 per metabolite (no significance test)",P1;D3;D8
Methionine sulfoxide,REFMET:Methionine sulfoxide,DNAJC21|prot-pr,human:prot-pr:Q5F1R6,-0.9454,muscle,6,negative,"correlation |r|>=0.9, top 10 per metabolite (no significance test)",P1;D3;D8
N-Acetylglutamic acid,REFMET:N-Acetylglutamic acid,PPP2R5D|prot-pr,human:prot-pr:Q14738,-0.9454,muscle,6,negative,"correlation |r|>=0.9, top 10 per metabolite (no significance test)",P1;D3;D8
Cer 18:1;O2/16:0,REFMET:Cer 18:1;O2/16:0,SERPINB8|prot-ol,human:prot-ol:OID20630,0.9453,blood,10,positive,"correlation |r|>=0.9, top 10 per metabolite (no significance test)",P1;D3;D8
PC P-36:3 or PC O-36:4,REFMET:PC P-36:3 or PC O-36:4,GH1|prot-ol,human:prot-ol:OID20220,0.9453,blood,10,positive,"correlation |r|>=0.9, top 10 per metabolite (no significance test)",P1;D3;D8
MG 18:1,REFMET:MG 18:1,DNAJA1|prot-pr,human:prot-pr:P31689,-0.9452,muscle,6,negative,"correlation |r|>=0.9, top 10 per metabolite (no significance test)",P1;D3;D8
PE 36:3,REFMET:PE 36:3,LRP1|prot-pr,human:prot-pr:Q07954,-0.9452,muscle,6,negative,"correlation |r|>=0.9, top 10 per metabolite (no significance test)",P1;D3;D8
1-Methylguanosine,REFMET:1-Methylguanosine,SLC66A2|prot-pr,human:prot-pr:Q8N2U9,-0.9452,muscle,6,negative,"correlation |r|>=0.9, top 10 per metabolite (no significance test)",P1;D3;D8
LPE 18:2,REFMET:LPE 18:2,POLR2M|prot-pr,human:prot-pr:Q6EEV4,0.9452,muscle,6,positive,"correlation |r|>=0.9, top 10 per metabolite (no significance test)",P1;D3;D8
DG 38:4,REFMET:DG 38:4,TNFSF10|prot-ol,human:prot-ol:OID20611,0.9452,blood,10,positive,"correlation |r|>=0.9, top 10 per metabolite (no significance test)",P1;D3;D8
Citramalic acid,REFMET:Citramalic acid,CAT|prot-pr,human:prot-pr:P04040,-0.9451,muscle,6,negative,"correlation |r|>=0.9, top 10 per metabolite (no significance test)",P1;D3;D8
N-Methyl-proline,REFMET:N-Methyl-proline,PTP4A2|prot-pr,human:prot-pr:Q12974,0.9451,muscle,6,positive,"correlation |r|>=0.9, top 10 per metabolite (no significance test)",P1;D3;D8
Cer 18:1;O2/23:1,REFMET:Cer 18:1;O2/23:1,DST|prot-pr,human:prot-pr:Q03001,0.945,muscle,6,positive,"correlation |r|>=0.9, top 10 per metabolite (no significance test)",P1;D3;D8
LPC O-18:0,REFMET:LPC O-18:0,TMUB2|prot-pr,human:prot-pr:Q71RG4,0.945,muscle,6,positive,"correlation |r|>=0.9, top 10 per metabolite (no significance test)",P1;D3;D8
Cer 18:1;O2/20:0,REFMET:Cer 18:1;O2/20:0,POLR2M|prot-pr,human:prot-pr:Q6EEV4,0.945,muscle,6,positive,"correlation |r|>=0.9, top 10 per metabolite (no significance test)",P1;D3;D8
PC P-34:2 or PC O-34:3,REFMET:PC P-34:2 or PC O-34:3,GDE1|prot-pr,human:prot-pr:Q9NZC3,-0.945,muscle,6,negative,"correlation |r|>=0.9, top 10 per metabolite (no significance test)",P1;D3;D8
LPC O-16:0,REFMET:LPC O-16:0,PIR|prot-pr,human:prot-pr:O00625,-0.945,muscle,6,negative,"correlation |r|>=0.9, top 10 per metabolite (no significance test)",P1;D3;D8
Kynurenine,REFMET:Kynurenine,MRPL14|prot-pr,human:prot-pr:Q6P1L8,-0.945,muscle,6,negative,"correlation |r|>=0.9, top 10 per metabolite (no significance test)",P1;D3;D8
2-Hydroxy-3-methylbutyric acid,REFMET:2-Hydroxy-3-methylbutyric acid,TXNIP|prot-pr,human:prot-pr:Q9H3M7,-0.945,muscle,6,negative,"correlation |r|>=0.9, top 10 per metabolite (no significance test)",P1;D3;D8
LPE 22:5,REFMET:LPE 22:5,COMMD3|prot-pr,human:prot-pr:Q9UBI1,0.9449,muscle,6,positive,"correlation |r|>=0.9, top 10 per metabolite (no significance test)",P1;D3;D8
Pyroglutamic acid,REFMET:Pyroglutamic acid,TECR|prot-pr,human:prot-pr:Q9NZ01,-0.9449,muscle,6,negative,"correlation |r|>=0.9, top 10 per metabolite (no significance test)",P1;D3;D8
PC P-36:2 or PC O-36:3,REFMET:PC P-36:2 or PC O-36:3,PPP1R27|prot-pr,human:prot-pr:Q86WC6,0.9448,muscle,6,positive,"correlation |r|>=0.9, top 10 per metabolite (no significance test)",P1;D3;D8
Taurocholic acid,REFMET:Taurocholic acid,MED18|prot-pr,human:prot-pr:Q9BUE0,-0.9448,muscle,6,negative,"correlation |r|>=0.9, top 10 per metabolite (no significance test)",P1;D3;D8
N-Acetylputrescine,REFMET:N-Acetylputrescine,MTM1|prot-pr,human:prot-pr:Q13496,-0.9448,muscle,6,negative,"correlation |r|>=0.9, top 10 per metabolite (no significance test)",P1;D3;D8
Lysine,REFMET:Lysine,SPOCK1|prot-ol,human:prot-ol:OID20924,-0.9448,blood,10,negative,"correlation |r|>=0.9, top 10 per metabolite (no significance test)",P1;D3;D8
O-Ethylhomoserine,REFMET:O-Ethylhomoserine,CD5|prot-ol,human:prot-ol:OID21449,-0.9448,blood,10,negative,"correlation |r|>=0.9, top 10 per metabolite (no significance test)",P1;D3;D8
PC P-36:3 or PC O-36:4,REFMET:PC P-36:3 or PC O-36:4,YIPF5|prot-pr,human:prot-pr:Q969M3,-0.9447,muscle,6,negative,"correlation |r|>=0.9, top 10 per metabolite (no significance test)",P1;D3;D8
cis-Aconitic acid,REFMET:cis-Aconitic acid,RANBP9|prot-pr,human:prot-pr:Q96S59,-0.9447,muscle,6,negative,"correlation |r|>=0.9, top 10 per metabolite (no significance test)",P1;D3;D8
Tricosylic acid,REFMET:Tricosylic acid,ILF2|prot-pr,human:prot-pr:Q12905,-0.9447,muscle,6,negative,"correlation |r|>=0.9, top 10 per metabolite (no significance test)",P1;D3;D8
PC P-30:0 or PC O-30:1,REFMET:PC P-30:0 or PC O-30:1,LMOD2|prot-pr,human:prot-pr:Q6P5Q4,0.9447,muscle,6,positive,"correlation |r|>=0.9, top 10 per metabolite (no significance test)",P1;D3;D8
CAR 12:3,REFMET:CAR 12:3,RSPO1|prot-ol,human:prot-ol:OID20938,0.9447,blood,10,positive,"correlation |r|>=0.9, top 10 per metabolite (no significance test)",P1;D3;D8
Pentadecylic acid,REFMET:Pentadecylic acid,LPL|prot-pr,human:prot-pr:P06858,0.9446,muscle,6,positive,"correlation |r|>=0.9, top 10 per metabolite (no significance test)",P1;D3;D8
Serine,REFMET:Serine,VEGFD|prot-ol,human:prot-ol:OID20662,-0.9445,blood,10,negative,"correlation |r|>=0.9, top 10 per metabolite (no significance test)",P1;D3;D8
PC P-35:1 or PC O-35:2,REFMET:PC P-35:1 or PC O-35:2,OGFOD1|prot-pr,human:prot-pr:Q8N543,0.9445,muscle,6,positive,"correlation |r|>=0.9, top 10 per metabolite (no significance test)",P1;D3;D8
PC P-34:0 or PC O-34:1,REFMET:PC P-34:0 or PC O-34:1,MRPL33|prot-pr,human:prot-pr:O75394,-0.9444,muscle,6,negative,"correlation |r|>=0.9, top 10 per metabolite (no significance test)",P1;D3;D8
Dehydroepiandrosterone sulfate,REFMET:Dehydroepiandrosterone sulfate,APBB1IP|prot-ol,human:prot-ol:OID21359,0.9444,blood,10,positive,"correlation |r|>=0.9, top 10 per metabolite (no significance test)",P1;D3;D8
4-Acetamidobutanoic acid,REFMET:4-Acetamidobutanoic acid,PTGES|prot-pr,human:prot-pr:O14684,0.9443,muscle,6,positive,"correlation |r|>=0.9, top 10 per metabolite (no significance test)",P1;D3;D8
Cer 18:1;O2/14:0,REFMET:Cer 18:1;O2/14:0,MAT2B|prot-pr,human:prot-pr:Q9NZL9,0.9443,muscle,6,positive,"correlation |r|>=0.9, top 10 per metabolite (no significance test)",P1;D3;D8
SM 18:1;O2/15:0,REFMET:SM 18:1;O2/15:0,ALPK3|prot-pr,human:prot-pr:Q96L96,0.9443,muscle,6,positive,"correlation |r|>=0.9, top 10 per metabolite (no significance test)",P1;D3;D8
Isocitric acid,REFMET:Isocitric acid,DAB2|prot-pr,human:prot-pr:P98082,0.9442,muscle,6,positive,"correlation |r|>=0.9, top 10 per metabolite (no significance test)",P1;D3;D8
CAR 6:0;OH,REFMET:CAR 6:0;OH,NPLOC4|prot-pr,human:prot-pr:Q8TAT6,0.9442,muscle,6,positive,"correlation |r|>=0.9, top 10 per metabolite (no significance test)",P1;D3;D8
N-Acetylglucosamine 1-phosphate,REFMET:N-Acetylglucosamine 1-phosphate,TSC22D3|prot-pr,human:prot-pr:Q99576-3,0.9442,muscle,6,positive,"correlation |r|>=0.9, top 10 per metabolite (no significance test)",P1;D3;D8
SM 18:1;O2/14:0,REFMET:SM 18:1;O2/14:0,KLK6|prot-ol,human:prot-ol:OID21526,-0.9442,blood,10,negative,"correlation |r|>=0.9, top 10 per metabolite (no significance test)",P1;D3;D8
CAR DC5:0,REFMET:CAR DC5:0,MATN3|prot-ol,human:prot-ol:OID20979,-0.9442,blood,10,negative,"correlation |r|>=0.9, top 10 per metabolite (no significance test)",P1;D3;D8
PE P-38:5 or PE O-38:6,REFMET:PE P-38:5 or PE O-38:6,DST|prot-pr,human:prot-pr:Q03001,0.9441,muscle,6,positive,"correlation |r|>=0.9, top 10 per metabolite (no significance test)",P1;D3;D8
Dehydroepiandrosterone sulfate,REFMET:Dehydroepiandrosterone sulfate,TMEM9B|prot-pr,human:prot-pr:Q9NQ34,-0.9441,muscle,6,negative,"correlation |r|>=0.9, top 10 per metabolite (no significance test)",P1;D3;D8
Oleoyl-EA,REFMET:Oleoyl-EA,GLRX2|prot-pr,human:prot-pr:Q9NS18,-0.9441,muscle,6,negative,"correlation |r|>=0.9, top 10 per metabolite (no significance test)",P1;D3;D8
N-Acetyl-D-tryptophan,REFMET:N-Acetyl-D-tryptophan,RGMA|prot-ol,human:prot-ol:OID21065,0.9441,blood,10,positive,"correlation |r|>=0.9, top 10 per metabolite (no significance test)",P1;D3;D8
PE O-36:4,REFMET:PE O-36:4,DDC|prot-ol,human:prot-ol:OID20215,0.944,blood,10,positive,"correlation |r|>=0.9, top 10 per metabolite (no significance test)",P1;D3;D8
Succinic acid,REFMET:Succinic acid,S100A11|prot-ol,human:prot-ol:OID20130,0.944,blood,10,positive,"correlation |r|>=0.9, top 10 per metabolite (no significance test)",P1;D3;D8
sn-Glycero-3-phosphocholine,REFMET:sn-Glycero-3-phosphocholine,RPE|prot-pr,human:prot-pr:Q96AT9,-0.944,muscle,6,negative,"correlation |r|>=0.9, top 10 per metabolite (no significance test)",P1;D3;D8
Pantothenic acid,REFMET:Pantothenic acid,HNRNPLL|prot-pr,human:prot-pr:Q8WVV9,0.944,muscle,6,positive,"correlation |r|>=0.9, top 10 per metabolite (no significance test)",P1;D3;D8
Cytidine,REFMET:Cytidine,COQ5|prot-pr,human:prot-pr:Q5HYK3,0.9439,muscle,6,positive,"correlation |r|>=0.9, top 10 per metabolite (no significance test)",P1;D3;D8
Serine,REFMET:Serine,RAD50|prot-pr,human:prot-pr:Q92878,0.9439,muscle,6,positive,"correlation |r|>=0.9, top 10 per metabolite (no significance test)",P1;D3;D8
FAD,REFMET:FAD,GLO1|prot-pr,human:prot-pr:Q04760,0.9439,muscle,6,positive,"correlation |r|>=0.9, top 10 per metabolite (no significance test)",P1;D3;D8
Sebacic acid,REFMET:Sebacic acid,DDOST|prot-pr,human:prot-pr:P39656,-0.9439,muscle,6,negative,"correlation |r|>=0.9, top 10 per metabolite (no significance test)",P1;D3;D8
PC 33:2,REFMET:PC 33:2,BST2|prot-ol,human:prot-ol:OID21029,-0.9439,blood,10,negative,"correlation |r|>=0.9, top 10 per metabolite (no significance test)",P1;D3;D8
11-Deoxycortisol,REFMET:11-Deoxycortisol,CD74|prot-ol,human:prot-ol:OID21040,0.9438,blood,10,positive,"correlation |r|>=0.9, top 10 per metabolite (no significance test)",P1;D3;D8
Cer 18:1;O2/25:0,REFMET:Cer 18:1;O2/25:0,WNT9A|prot-ol,human:prot-ol:OID20460,0.9438,blood,10,positive,"correlation |r|>=0.9, top 10 per metabolite (no significance test)",P1;D3;D8
sn-Glycero-3-phosphocholine,REFMET:sn-Glycero-3-phosphocholine,TAF7|prot-pr,human:prot-pr:Q15545,0.9438,muscle,6,positive,"correlation |r|>=0.9, top 10 per metabolite (no significance test)",P1;D3;D8
Malic acid,REFMET:Malic acid,RETN|prot-pr,human:prot-pr:Q9HD89,0.9438,muscle,6,positive,"correlation |r|>=0.9, top 10 per metabolite (no significance test)",P1;D3;D8
Lauric acid,REFMET:Lauric acid,CCDC92|prot-pr,human:prot-pr:Q53HC0,-0.9438,muscle,6,negative,"correlation |r|>=0.9, top 10 per metabolite (no significance test)",P1;D3;D8
PC P-30:0 or PC O-30:1,REFMET:PC P-30:0 or PC O-30:1,LDLRAP1|prot-pr,human:prot-pr:Q5SW96,0.9437,muscle,6,positive,"correlation |r|>=0.9, top 10 per metabolite (no significance test)",P1;D3;D8
Pentadecylic acid,REFMET:Pentadecylic acid,EML4|prot-pr,human:prot-pr:Q9HC35,-0.9437,muscle,6,negative,"correlation |r|>=0.9, top 10 per metabolite (no significance test)",P1;D3;D8
PC P-32:1 or PC O-32:2,REFMET:PC P-32:1 or PC O-32:2,VPS37A|prot-pr,human:prot-pr:Q8NEZ2,0.9437,muscle,6,positive,"correlation |r|>=0.9, top 10 per metabolite (no significance test)",P1;D3;D8
EDTA,REFMET:EDTA,TECR|prot-pr,human:prot-pr:Q9NZ01,-0.9437,muscle,6,negative,"correlation |r|>=0.9, top 10 per metabolite (no significance test)",P1;D3;D8
SM 18:1;O2/22:0,REFMET:SM 18:1;O2/22:0,ALPK3|prot-pr,human:prot-pr:Q96L96,0.9437,muscle,6,positive,"correlation |r|>=0.9, top 10 per metabolite (no significance test)",P1;D3;D8
Palmitoleic acid,REFMET:Palmitoleic acid,MCUR1|prot-pr,human:prot-pr:Q96AQ8,-0.9436,muscle,6,negative,"correlation |r|>=0.9, top 10 per metabolite (no significance test)",P1;D3;D8
Isoleucine,REFMET:Isoleucine,ABRA|prot-pr,human:prot-pr:Q8N0Z2,-0.9436,muscle,6,negative,"correlation |r|>=0.9, top 10 per metabolite (no significance test)",P1;D3;D8
CAR 4:0;3Me,REFMET:CAR 4:0;3Me,COPS3|prot-pr,human:prot-pr:Q9UNS2,0.9436,muscle,6,positive,"correlation |r|>=0.9, top 10 per metabolite (no significance test)",P1;D3;D8
Putrescine,REFMET:Putrescine,CXCL17|prot-ol,human:prot-ol:OID20622,0.9436,blood,10,positive,"correlation |r|>=0.9, top 10 per metabolite (no significance test)",P1;D3;D8
Behenic acid,REFMET:Behenic acid,DHRS11|prot-pr,human:prot-pr:Q6UWP2,-0.9435,muscle,6,negative,"correlation |r|>=0.9, top 10 per metabolite (no significance test)",P1;D3;D8
PC P-36:5 or PC O-36:6,REFMET:PC P-36:5 or PC O-36:6,PPP1R27|prot-pr,human:prot-pr:Q86WC6,0.9435,muscle,6,positive,"correlation |r|>=0.9, top 10 per metabolite (no significance test)",P1;D3;D8
PE 34:2,REFMET:PE 34:2,HSPB2|prot-pr,human:prot-pr:Q16082,0.9435,muscle,6,positive,"correlation |r|>=0.9, top 10 per metabolite (no significance test)",P1;D3;D8
DG 18:2_18:2,REFMET:DG 18:2_18:2,PRPF19|prot-pr,human:prot-pr:Q9UMS4,-0.9434,muscle,6,negative,"correlation |r|>=0.9, top 10 per metabolite (no significance test)",P1;D3;D8
SM 30:1;O2,REFMET:SM 30:1;O2,PTPRN2|prot-ol,human:prot-ol:OID20912,-0.9434,blood,10,negative,"correlation |r|>=0.9, top 10 per metabolite (no significance test)",P1;D3;D8
Behenic acid,REFMET:Behenic acid,TMCC3|prot-pr,human:prot-pr:Q9ULS5,0.9434,muscle,6,positive,"correlation |r|>=0.9, top 10 per metabolite (no significance test)",P1;D3;D8
MG 18:1,REFMET:MG 18:1,TECR|prot-pr,human:prot-pr:Q9NZ01,0.9434,muscle,6,positive,"correlation |r|>=0.9, top 10 per metabolite (no significance test)",P1;D3;D8
MG 18:1,REFMET:MG 18:1,POLR3E|prot-pr,human:prot-pr:Q9NVU0,-0.9434,muscle,6,negative,"correlation |r|>=0.9, top 10 per metabolite (no significance test)",P1;D3;D8
Ureidopropionic acid,REFMET:Ureidopropionic acid,Q9BYX7|prot-pr,human:prot-pr:Q9BYX7,-0.9433,muscle,6,negative,"correlation |r|>=0.9, top 10 per metabolite (no significance test)",P1;D3;D8
Sedoheptulose 7-phosphate,REFMET:Sedoheptulose 7-phosphate,GIMAP1|prot-pr,human:prot-pr:Q8WWP7,0.9433,muscle,6,positive,"correlation |r|>=0.9, top 10 per metabolite (no significance test)",P1;D3;D8
Pyroglutamic acid,REFMET:Pyroglutamic acid,BIRC2|prot-pr,human:prot-pr:Q13490,0.9433,muscle,6,positive,"correlation |r|>=0.9, top 10 per metabolite (no significance test)",P1;D3;D8
Cer 18:1;O2/20:0,REFMET:Cer 18:1;O2/20:0,ADSS2|prot-pr,human:prot-pr:P30520,-0.9433,muscle,6,negative,"correlation |r|>=0.9, top 10 per metabolite (no significance test)",P1;D3;D8
Cer 18:1;O2/16:0,REFMET:Cer 18:1;O2/16:0,TCL1A|prot-ol,human:prot-ol:OID20987,0.9433,blood,10,positive,"correlation |r|>=0.9, top 10 per metabolite (no significance test)",P1;D3;D8
DG 18:2_18:2,REFMET:DG 18:2_18:2,CBX5|prot-pr,human:prot-pr:P45973,-0.9433,muscle,6,negative,"correlation |r|>=0.9, top 10 per metabolite (no significance test)",P1;D3;D8
Trigonelline,REFMET:Trigonelline,AP5M1|prot-pr,human:prot-pr:Q9H0R1,0.9432,muscle,6,positive,"correlation |r|>=0.9, top 10 per metabolite (no significance test)",P1;D3;D8
PS P-36:1 or PS O-36:2,REFMET:PS P-36:1 or PS O-36:2,SON|prot-pr,human:prot-pr:P18583-5,-0.9432,muscle,6,negative,"correlation |r|>=0.9, top 10 per metabolite (no significance test)",P1;D3;D8
Cystine,REFMET:Cystine,DRAXIN|prot-ol,human:prot-ol:OID20917,-0.9432,blood,10,negative,"correlation |r|>=0.9, top 10 per metabolite (no significance test)",P1;D3;D8
Uric acid,REFMET:Uric acid,MSI2|prot-pr,human:prot-pr:Q96DH6,-0.9432,muscle,6,negative,"correlation |r|>=0.9, top 10 per metabolite (no significance test)",P1;D3;D8
Deoxyuridine,REFMET:Deoxyuridine,H3-2|prot-pr,human:prot-pr:Q5TEC6,0.9431,muscle,6,positive,"correlation |r|>=0.9, top 10 per metabolite (no significance test)",P1;D3;D8
Ureidopropionic acid,REFMET:Ureidopropionic acid,ST13|prot-pr,human:prot-pr:P50502,-0.9431,muscle,6,negative,"correlation |r|>=0.9, top 10 per metabolite (no significance test)",P1;D3;D8
Cer 18:1;O2/18:0,REFMET:Cer 18:1;O2/18:0,HSPB2|prot-pr,human:prot-pr:Q16082,0.9431,muscle,6,positive,"correlation |r|>=0.9, top 10 per metabolite (no significance test)",P1;D3;D8
Isocitric acid,REFMET:Isocitric acid,RANBP9|prot-pr,human:prot-pr:Q96S59,-0.9431,muscle,6,negative,"correlation |r|>=0.9, top 10 per metabolite (no significance test)",P1;D3;D8
N-Acetylglutamic acid,REFMET:N-Acetylglutamic acid,LZIC|prot-pr,human:prot-pr:Q8WZA0,-0.9431,muscle,6,negative,"correlation |r|>=0.9, top 10 per metabolite (no significance test)",P1;D3;D8
N(6)-Methyllysine,REFMET:N(6)-Methyllysine,DRG1|prot-pr,human:prot-pr:Q9Y295,0.9431,muscle,6,positive,"correlation |r|>=0.9, top 10 per metabolite (no significance test)",P1;D3;D8
PC P-35:1 or PC O-35:2,REFMET:PC P-35:1 or PC O-35:2,PPOX|prot-pr,human:prot-pr:P50336,-0.943,muscle,6,negative,"correlation |r|>=0.9, top 10 per metabolite (no significance test)",P1;D3;D8
CAR 13:1,REFMET:CAR 13:1,ORC3|prot-pr,human:prot-pr:Q9UBD5,0.943,muscle,6,positive,"correlation |r|>=0.9, top 10 per metabolite (no significance test)",P1;D3;D8
Dehydroepiandrosterone sulfate,REFMET:Dehydroepiandrosterone sulfate,EGLN1|prot-ol,human:prot-ol:OID20572,0.943,blood,10,positive,"correlation |r|>=0.9, top 10 per metabolite (no significance test)",P1;D3;D8
Succinic acid,REFMET:Succinic acid,TNFSF10|prot-ol,human:prot-ol:OID20611,0.9429,blood,10,positive,"correlation |r|>=0.9, top 10 per metabolite (no significance test)",P1;D3;D8
1-Methyl nicotinamide,REFMET:1-Methyl nicotinamide,HSPB2|prot-pr,human:prot-pr:Q16082,0.9429,muscle,6,positive,"correlation |r|>=0.9, top 10 per metabolite (no significance test)",P1;D3;D8
PE P-34:2 or PE O-34:3,REFMET:PE P-34:2 or PE O-34:3,BIRC2|prot-pr,human:prot-pr:Q13490,0.9429,muscle,6,positive,"correlation |r|>=0.9, top 10 per metabolite (no significance test)",P1;D3;D8
Succinic acid,REFMET:Succinic acid,CALCOCO1|prot-pr,human:prot-pr:Q9P1Z2,0.9429,muscle,6,positive,"correlation |r|>=0.9, top 10 per metabolite (no significance test)",P1;D3;D8
SM 18:1;O2/17:1,REFMET:SM 18:1;O2/17:1,NPLOC4|prot-pr,human:prot-pr:Q8TAT6,0.9429,muscle,6,positive,"correlation |r|>=0.9, top 10 per metabolite (no significance test)",P1;D3;D8
Creatine,REFMET:Creatine,NPY|prot-ol,human:prot-ol:OID21388,0.9428,blood,10,positive,"correlation |r|>=0.9, top 10 per metabolite (no significance test)",P1;D3;D8
Taurine,REFMET:Taurine,CAT|prot-pr,human:prot-pr:P04040,-0.9428,muscle,6,negative,"correlation |r|>=0.9, top 10 per metabolite (no significance test)",P1;D3;D8
SM 18:1;O2/18:1,REFMET:SM 18:1;O2/18:1,SCLY|prot-pr,human:prot-pr:Q96I15,0.9428,muscle,6,positive,"correlation |r|>=0.9, top 10 per metabolite (no significance test)",P1;D3;D8
Xanthine,REFMET:Xanthine,C12orf29|prot-pr,human:prot-pr:Q8N999,-0.9428,muscle,6,negative,"correlation |r|>=0.9, top 10 per metabolite (no significance test)",P1;D3;D8
LPE 18:0,REFMET:LPE 18:0,ANO10|prot-pr,human:prot-pr:Q9NW15,-0.9428,muscle,6,negative,"correlation |r|>=0.9, top 10 per metabolite (no significance test)",P1;D3;D8
Cer 18:1;O2/20:0,REFMET:Cer 18:1;O2/20:0,VPS37A|prot-pr,human:prot-pr:Q8NEZ2,0.9427,muscle,6,positive,"correlation |r|>=0.9, top 10 per metabolite (no significance test)",P1;D3;D8
CAR 5:1,REFMET:CAR 5:1,RSPO1|prot-ol,human:prot-ol:OID20938,-0.9427,blood,10,negative,"correlation |r|>=0.9, top 10 per metabolite (no significance test)",P1;D3;D8
gamma-Aminobutyric acid,REFMET:gamma-Aminobutyric acid,OGDHL|prot-pr,human:prot-pr:Q9ULD0,-0.9427,muscle,6,negative,"correlation |r|>=0.9, top 10 per metabolite (no significance test)",P1;D3;D8
Glutamine,REFMET:Glutamine,VGLL2|prot-pr,human:prot-pr:Q8N8G2,-0.9426,muscle,6,negative,"correlation |r|>=0.9, top 10 per metabolite (no significance test)",P1;D3;D8
SM 18:1;O2/23:2,REFMET:SM 18:1;O2/23:2,ABRA|prot-pr,human:prot-pr:Q8N0Z2,0.9426,muscle,6,positive,"correlation |r|>=0.9, top 10 per metabolite (no significance test)",P1;D3;D8
Indolelactic acid,REFMET:Indolelactic acid,ORC3|prot-pr,human:prot-pr:Q9UBD5,-0.9426,muscle,6,negative,"correlation |r|>=0.9, top 10 per metabolite (no significance test)",P1;D3;D8
CAR DC3:0;2Me,REFMET:CAR DC3:0;2Me,Q58FG1|prot-pr,human:prot-pr:Q58FG1,0.9426,muscle,6,positive,"correlation |r|>=0.9, top 10 per metabolite (no significance test)",P1;D3;D8
Ile-Ile,REFMET:Ile-Ile,TMEM263|prot-pr,human:prot-pr:Q8WUH6,0.9426,muscle,6,positive,"correlation |r|>=0.9, top 10 per metabolite (no significance test)",P1;D3;D8
O-Ethylhomoserine,REFMET:O-Ethylhomoserine,MATN3|prot-ol,human:prot-ol:OID20979,-0.9425,blood,10,negative,"correlation |r|>=0.9, top 10 per metabolite (no significance test)",P1;D3;D8
DG 34:1,REFMET:DG 34:1,SERPINB8|prot-ol,human:prot-ol:OID20630,0.9425,blood,10,positive,"correlation |r|>=0.9, top 10 per metabolite (no significance test)",P1;D3;D8
DG 38:4,REFMET:DG 38:4,INHBC|prot-ol,human:prot-ol:OID21093,0.9425,blood,10,positive,"correlation |r|>=0.9, top 10 per metabolite (no significance test)",P1;D3;D8
LPE 20:3,REFMET:LPE 20:3,CLC|prot-pr,human:prot-pr:Q05315,0.9425,muscle,6,positive,"correlation |r|>=0.9, top 10 per metabolite (no significance test)",P1;D3;D8
Hydroxyproline,REFMET:Hydroxyproline,DDC|prot-ol,human:prot-ol:OID20215,-0.9425,blood,10,negative,"correlation |r|>=0.9, top 10 per metabolite (no significance test)",P1;D3;D8
LPC 18:0,REFMET:LPC 18:0,HSPB2|prot-pr,human:prot-pr:Q16082,0.9425,muscle,6,positive,"correlation |r|>=0.9, top 10 per metabolite (no significance test)",P1;D3;D8
PC P-32:1 or PC O-32:2,REFMET:PC P-32:1 or PC O-32:2,APBB1IP|prot-ol,human:prot-ol:OID21359,0.9424,blood,10,positive,"correlation |r|>=0.9, top 10 per metabolite (no significance test)",P1;D3;D8
CAR 14:0,REFMET:CAR 14:0,ORC3|prot-pr,human:prot-pr:Q9UBD5,0.9424,muscle,6,positive,"correlation |r|>=0.9, top 10 per metabolite (no significance test)",P1;D3;D8
Aminoisobutyric acid,REFMET:Aminoisobutyric acid,PHYKPL|prot-pr,human:prot-pr:Q8IUZ5,0.9424,muscle,6,positive,"correlation |r|>=0.9, top 10 per metabolite (no significance test)",P1;D3;D8
4-Aminohippuric acid,REFMET:4-Aminohippuric acid,CAPG|prot-ol,human:prot-ol:OID21431,0.9424,blood,10,positive,"correlation |r|>=0.9, top 10 per metabolite (no significance test)",P1;D3;D8
S-Methylcysteine S-oxide,REFMET:S-Methylcysteine S-oxide,RELCH|prot-pr,human:prot-pr:Q9P260-2,0.9424,muscle,6,positive,"correlation |r|>=0.9, top 10 per metabolite (no significance test)",P1;D3;D8
SM 18:1;O2/17:0,REFMET:SM 18:1;O2/17:0,SCLY|prot-pr,human:prot-pr:Q96I15,0.9423,muscle,6,positive,"correlation |r|>=0.9, top 10 per metabolite (no significance test)",P1;D3;D8
4-Pyridoxic acid,REFMET:4-Pyridoxic acid,ADGRE2|prot-ol,human:prot-ol:OID20755,0.9423,blood,10,positive,"correlation |r|>=0.9, top 10 per metabolite (no significance test)",P1;D3;D8
Homoarginine,REFMET:Homoarginine,MSR1|prot-ol,human:prot-ol:OID21063,-0.9423,blood,10,negative,"correlation |r|>=0.9, top 10 per metabolite (no significance test)",P1;D3;D8
"N(6),N(6)-Dimethyl-lysine","REFMET:N(6),N(6)-Dimethyl-lysine",ICMT|prot-pr,human:prot-pr:O60725,0.9423,muscle,6,positive,"correlation |r|>=0.9, top 10 per metabolite (no significance test)",P1;D3;D8
Cer 18:1;O2/14:0,REFMET:Cer 18:1;O2/14:0,WASF3|prot-pr,human:prot-pr:Q9UPY6-2,0.9423,muscle,6,positive,"correlation |r|>=0.9, top 10 per metabolite (no significance test)",P1;D3;D8
PC 18:1_18:2,REFMET:PC 18:1_18:2,HSPB2|prot-pr,human:prot-pr:Q16082,0.9423,muscle,6,positive,"correlation |r|>=0.9, top 10 per metabolite (no significance test)",P1;D3;D8
Urocanic acid,REFMET:Urocanic acid,S100A11|prot-ol,human:prot-ol:OID20130,-0.9423,blood,10,negative,"correlation |r|>=0.9, top 10 per metabolite (no significance test)",P1;D3;D8
LPC 18:2,REFMET:LPC 18:2,NSDHL|prot-pr,human:prot-pr:Q15738,-0.9422,muscle,6,negative,"correlation |r|>=0.9, top 10 per metabolite (no significance test)",P1;D3;D8
Ketoleucine,REFMET:Ketoleucine,TMPO|prot-pr,human:prot-pr:P42167,0.9422,muscle,6,positive,"correlation |r|>=0.9, top 10 per metabolite (no significance test)",P1;D3;D8
UDP-galactose,REFMET:UDP-galactose,RACK1|prot-pr,human:prot-pr:P63244,0.9422,muscle,6,positive,"correlation |r|>=0.9, top 10 per metabolite (no significance test)",P1;D3;D8
Oxidized glutathione,REFMET:Oxidized glutathione,SSRP1|prot-pr,human:prot-pr:Q08945,-0.9422,muscle,6,negative,"correlation |r|>=0.9, top 10 per metabolite (no significance test)",P1;D3;D8
DG 38:5,REFMET:DG 38:5,FOLR2|prot-ol,human:prot-ol:OID21062,0.9421,blood,10,positive,"correlation |r|>=0.9, top 10 per metabolite (no significance test)",P1;D3;D8
Phosphocreatine,REFMET:Phosphocreatine,RACK1|prot-pr,human:prot-pr:P63244,0.9421,muscle,6,positive,"correlation |r|>=0.9, top 10 per metabolite (no significance test)",P1;D3;D8
Pro-Phe,REFMET:Pro-Phe,METTL3|prot-pr,human:prot-pr:Q86U44,0.9421,muscle,6,positive,"correlation |r|>=0.9, top 10 per metabolite (no significance test)",P1;D3;D8
PC P-34:1 or PC O-34:2,REFMET:PC P-34:1 or PC O-34:2,TIMMDC1|prot-pr,human:prot-pr:Q9NPL8,0.942,muscle,6,positive,"correlation |r|>=0.9, top 10 per metabolite (no significance test)",P1;D3;D8
PC P-32:1 or PC O-32:2,REFMET:PC P-32:1 or PC O-32:2,MGMT|prot-pr,human:prot-pr:P16455,0.942,muscle,6,positive,"correlation |r|>=0.9, top 10 per metabolite (no significance test)",P1;D3;D8
CAR 5:0;OH,REFMET:CAR 5:0;OH,MRPS16|prot-pr,human:prot-pr:Q9Y3D3,0.942,muscle,6,positive,"correlation |r|>=0.9, top 10 per metabolite (no significance test)",P1;D3;D8
Ethanolamine,REFMET:Ethanolamine,PPID|prot-pr,human:prot-pr:Q08752,-0.942,muscle,6,negative,"correlation |r|>=0.9, top 10 per metabolite (no significance test)",P1;D3;D8
Phenyllactic acid,REFMET:Phenyllactic acid,SMYD5|prot-pr,human:prot-pr:Q6GMV2,-0.9419,muscle,6,negative,"correlation |r|>=0.9, top 10 per metabolite (no significance test)",P1;D3;D8
PC P-38:6 or PC O-38:7,REFMET:PC P-38:6 or PC O-38:7,C20orf27|prot-pr,human:prot-pr:Q9GZN8,-0.9419,muscle,6,negative,"correlation |r|>=0.9, top 10 per metabolite (no significance test)",P1;D3;D8
SM 18:1;O2/17:1,REFMET:SM 18:1;O2/17:1,DST|prot-pr,human:prot-pr:Q03001,0.9419,muscle,6,positive,"correlation |r|>=0.9, top 10 per metabolite (no significance test)",P1;D3;D8
O-Ethylhomoserine,REFMET:O-Ethylhomoserine,CXCL17|prot-ol,human:prot-ol:OID20622,-0.9419,blood,10,negative,"correlation |r|>=0.9, top 10 per metabolite (no significance test)",P1;D3;D8
Glycerol,REFMET:Glycerol,NPY|prot-ol,human:prot-ol:OID21388,0.9419,blood,10,positive,"correlation |r|>=0.9, top 10 per metabolite (no significance test)",P1;D3;D8
Xanthine,REFMET:Xanthine,H4C9|prot-pr,human:prot-pr:P62805,0.9419,muscle,6,positive,"correlation |r|>=0.9, top 10 per metabolite (no significance test)",P1;D3;D8
2-Hydroxyglutaric acid,REFMET:2-Hydroxyglutaric acid,COPS8|prot-pr,human:prot-pr:Q99627,-0.9418,muscle,6,negative,"correlation |r|>=0.9, top 10 per metabolite (no significance test)",P1;D3;D8
CAR 16:1,REFMET:CAR 16:1,GIMAP1|prot-pr,human:prot-pr:Q8WWP7,-0.9418,muscle,6,negative,"correlation |r|>=0.9, top 10 per metabolite (no significance test)",P1;D3;D8
DG 38:5,REFMET:DG 38:5,OXT|prot-ol,human:prot-ol:OID21047,0.9418,blood,10,positive,"correlation |r|>=0.9, top 10 per metabolite (no significance test)",P1;D3;D8
Fumaric acid,REFMET:Fumaric acid,NPDC1|prot-ol,human:prot-ol:OID20205,0.9418,blood,10,positive,"correlation |r|>=0.9, top 10 per metabolite (no significance test)",P1;D3;D8
Succinic acid,REFMET:Succinic acid,SKAP1|prot-ol,human:prot-ol:OID20906,0.9417,blood,10,positive,"correlation |r|>=0.9, top 10 per metabolite (no significance test)",P1;D3;D8
2-Oxoglutaric acid,REFMET:2-Oxoglutaric acid,FAM185A|prot-pr,human:prot-pr:Q8N0U4,-0.9417,muscle,6,negative,"correlation |r|>=0.9, top 10 per metabolite (no significance test)",P1;D3;D8
2-Piperidinone,REFMET:2-Piperidinone,WBP2|prot-pr,human:prot-pr:Q969T9,0.9417,muscle,6,positive,"correlation |r|>=0.9, top 10 per metabolite (no significance test)",P1;D3;D8
Ureidopropionic acid,REFMET:Ureidopropionic acid,BCAN|prot-ol,human:prot-ol:OID20998,-0.9417,blood,10,negative,"correlation |r|>=0.9, top 10 per metabolite (no significance test)",P1;D3;D8
LPC 16:0,REFMET:LPC 16:0,UBQLN4|prot-pr,human:prot-pr:Q9NRR5,0.9417,muscle,6,positive,"correlation |r|>=0.9, top 10 per metabolite (no significance test)",P1;D3;D8
Ethanolamine,REFMET:Ethanolamine,ADGRE2|prot-ol,human:prot-ol:OID20755,0.9417,blood,10,positive,"correlation |r|>=0.9, top 10 per metabolite (no significance test)",P1;D3;D8
Sedoheptulose 7-phosphate,REFMET:Sedoheptulose 7-phosphate,ALAS1|prot-pr,human:prot-pr:P13196,-0.9417,muscle,6,negative,"correlation |r|>=0.9, top 10 per metabolite (no significance test)",P1;D3;D8
SM 18:1;O2/14:0,REFMET:SM 18:1;O2/14:0,LHPP|prot-pr,human:prot-pr:Q9H008,0.9417,muscle,6,positive,"correlation |r|>=0.9, top 10 per metabolite (no significance test)",P1;D3;D8
O-Ethylhomoserine,REFMET:O-Ethylhomoserine,CLMP|prot-ol,human:prot-ol:OID21419,-0.9416,blood,10,negative,"correlation |r|>=0.9, top 10 per metabolite (no significance test)",P1;D3;D8
GDP,REFMET:GDP,TSPAN9|prot-pr,human:prot-pr:O75954,-0.9416,muscle,6,negative,"correlation |r|>=0.9, top 10 per metabolite (no significance test)",P1;D3;D8
Ectoine,REFMET:Ectoine,SMARCB1|prot-pr,human:prot-pr:Q12824,0.9416,muscle,6,positive,"correlation |r|>=0.9, top 10 per metabolite (no significance test)",P1;D3;D8
Tricosylic acid,REFMET:Tricosylic acid,UBTF|prot-pr,human:prot-pr:P17480,-0.9415,muscle,6,negative,"correlation |r|>=0.9, top 10 per metabolite (no significance test)",P1;D3;D8
Phenyllactic acid,REFMET:Phenyllactic acid,GIMAP1|prot-pr,human:prot-pr:Q8WWP7,0.9415,muscle,6,positive,"correlation |r|>=0.9, top 10 per metabolite (no significance test)",P1;D3;D8
Serine,REFMET:Serine,IL16|prot-ol,human:prot-ol:OID20633,-0.9415,blood,10,negative,"correlation |r|>=0.9, top 10 per metabolite (no significance test)",P1;D3;D8
PC P-38:5 or PC O-38:6,REFMET:PC P-38:5 or PC O-38:6,PPOX|prot-pr,human:prot-pr:P50336,-0.9414,muscle,6,negative,"correlation |r|>=0.9, top 10 per metabolite (no significance test)",P1;D3;D8
Trigonelline,REFMET:Trigonelline,IFI30|prot-pr,human:prot-pr:P13284,0.9414,muscle,6,positive,"correlation |r|>=0.9, top 10 per metabolite (no significance test)",P1;D3;D8
Acisoga,REFMET:Acisoga,TMEM126A|prot-pr,human:prot-pr:Q9H061,-0.9414,muscle,6,negative,"correlation |r|>=0.9, top 10 per metabolite (no significance test)",P1;D3;D8
PE 32:1,REFMET:PE 32:1,DST|prot-pr,human:prot-pr:Q03001,0.9414,muscle,6,positive,"correlation |r|>=0.9, top 10 per metabolite (no significance test)",P1;D3;D8
PE O-16:1/22:4,REFMET:PE O-16:1/22:4,LANCL2|prot-pr,human:prot-pr:Q9NS86,0.9414,muscle,6,positive,"correlation |r|>=0.9, top 10 per metabolite (no significance test)",P1;D3;D8
CMP,REFMET:CMP,LSM1|prot-pr,human:prot-pr:O15116,-0.9414,muscle,6,negative,"correlation |r|>=0.9, top 10 per metabolite (no significance test)",P1;D3;D8
Urocanic acid,REFMET:Urocanic acid,DDC|prot-ol,human:prot-ol:OID20215,-0.9413,blood,10,negative,"correlation |r|>=0.9, top 10 per metabolite (no significance test)",P1;D3;D8
LPC 17:0,REFMET:LPC 17:0,TXNDC17|prot-pr,human:prot-pr:Q9BRA2,0.9413,muscle,6,positive,"correlation |r|>=0.9, top 10 per metabolite (no significance test)",P1;D3;D8
Inosine,REFMET:Inosine,COPS3|prot-pr,human:prot-pr:Q9UNS2,-0.9413,muscle,6,negative,"correlation |r|>=0.9, top 10 per metabolite (no significance test)",P1;D3;D8
Hydroxycaprylic acid,REFMET:Hydroxycaprylic acid,H3-3A|prot-pr,human:prot-pr:P84243,-0.9413,muscle,6,negative,"correlation |r|>=0.9, top 10 per metabolite (no significance test)",P1;D3;D8
LPC 14:0,REFMET:LPC 14:0,NPLOC4|prot-pr,human:prot-pr:Q8TAT6,0.9412,muscle,6,positive,"correlation |r|>=0.9, top 10 per metabolite (no significance test)",P1;D3;D8
Citric acid/Isocitric acid,REFMET:Citric acid/Isocitric acid,H3-2|prot-pr,human:prot-pr:Q5TEC6,0.9412,muscle,6,positive,"correlation |r|>=0.9, top 10 per metabolite (no significance test)",P1;D3;D8
CTP,REFMET:CTP,SSRP1|prot-pr,human:prot-pr:Q08945,-0.9411,muscle,6,negative,"correlation |r|>=0.9, top 10 per metabolite (no significance test)",P1;D3;D8
Putrescine,REFMET:Putrescine,CLC|prot-pr,human:prot-pr:Q05315,-0.9411,muscle,6,negative,"correlation |r|>=0.9, top 10 per metabolite (no significance test)",P1;D3;D8
1-Methyladenosine,REFMET:1-Methyladenosine,OGDHL|prot-pr,human:prot-pr:Q9ULD0,0.9411,muscle,6,positive,"correlation |r|>=0.9, top 10 per metabolite (no significance test)",P1;D3;D8
Cer 18:1;O2/20:0,REFMET:Cer 18:1;O2/20:0,BIRC2|prot-pr,human:prot-pr:Q13490,0.9411,muscle,6,positive,"correlation |r|>=0.9, top 10 per metabolite (no significance test)",P1;D3;D8
SM 18:1;O2/15:0,REFMET:SM 18:1;O2/15:0,OGFOD1|prot-pr,human:prot-pr:Q8N543,0.9411,muscle,6,positive,"correlation |r|>=0.9, top 10 per metabolite (no significance test)",P1;D3;D8
EDTA,REFMET:EDTA,BIRC2|prot-pr,human:prot-pr:Q13490,0.941,muscle,6,positive,"correlation |r|>=0.9, top 10 per metabolite (no significance test)",P1;D3;D8
Dimethylarginine,REFMET:Dimethylarginine,SREK1IP1|prot-pr,human:prot-pr:Q8N9Q2,0.941,muscle,6,positive,"correlation |r|>=0.9, top 10 per metabolite (no significance test)",P1;D3;D8
Ketoleucine,REFMET:Ketoleucine,UBQLN2|prot-pr,human:prot-pr:Q9UHD9,0.941,muscle,6,positive,"correlation |r|>=0.9, top 10 per metabolite (no significance test)",P1;D3;D8
Hypoxanthine,REFMET:Hypoxanthine,MRPS18C|prot-pr,human:prot-pr:Q9Y3D5,-0.941,muscle,6,negative,"correlation |r|>=0.9, top 10 per metabolite (no significance test)",P1;D3;D8
Pipecolic acid,REFMET:Pipecolic acid,PIR|prot-pr,human:prot-pr:O00625,-0.941,muscle,6,negative,"correlation |r|>=0.9, top 10 per metabolite (no significance test)",P1;D3;D8
Cortisone,REFMET:Cortisone,FLT3LG|prot-ol,human:prot-ol:OID20661,0.9409,blood,10,positive,"correlation |r|>=0.9, top 10 per metabolite (no significance test)",P1;D3;D8
Maleic acid,REFMET:Maleic acid,UBQLN2|prot-pr,human:prot-pr:Q9UHD9,0.9409,muscle,6,positive,"correlation |r|>=0.9, top 10 per metabolite (no significance test)",P1;D3;D8
Choline phosphate,REFMET:Choline phosphate,GYG1|prot-pr,human:prot-pr:P46976-2,0.9409,muscle,6,positive,"correlation |r|>=0.9, top 10 per metabolite (no significance test)",P1;D3;D8
Acisoga,REFMET:Acisoga,SELENOS|prot-pr,human:prot-pr:Q9BQE4,-0.9409,muscle,6,negative,"correlation |r|>=0.9, top 10 per metabolite (no significance test)",P1;D3;D8
TG 58:1,REFMET:TG 58:1,MAT2B|prot-pr,human:prot-pr:Q9NZL9,-0.9409,muscle,6,negative,"correlation |r|>=0.9, top 10 per metabolite (no significance test)",P1;D3;D8
"N2,N2-Dimethylguanosine","REFMET:N2,N2-Dimethylguanosine",UBA6|prot-pr,human:prot-pr:A0AVT1,-0.9408,muscle,6,negative,"correlation |r|>=0.9, top 10 per metabolite (no significance test)",P1;D3;D8
Homoarginine,REFMET:Homoarginine,RSPO1|prot-ol,human:prot-ol:OID20938,-0.9408,blood,10,negative,"correlation |r|>=0.9, top 10 per metabolite (no significance test)",P1;D3;D8
Acetyl-CoA,REFMET:Acetyl-CoA,NPLOC4|prot-pr,human:prot-pr:Q8TAT6,-0.9408,muscle,6,negative,"correlation |r|>=0.9, top 10 per metabolite (no significance test)",P1;D3;D8
Aminoisobutyric acid,REFMET:Aminoisobutyric acid,TMCC3|prot-pr,human:prot-pr:Q9ULS5,-0.9408,muscle,6,negative,"correlation |r|>=0.9, top 10 per metabolite (no significance test)",P1;D3;D8
O-Ethylhomoserine,REFMET:O-Ethylhomoserine,TNFSF10|prot-ol,human:prot-ol:OID20611,-0.9408,blood,10,negative,"correlation |r|>=0.9, top 10 per metabolite (no significance test)",P1;D3;D8
Creatinine,REFMET:Creatinine,NEDD1|prot-pr,human:prot-pr:Q8NHV4,-0.9407,muscle,6,negative,"correlation |r|>=0.9, top 10 per metabolite (no significance test)",P1;D3;D8
PC 34:3,REFMET:PC 34:3,NPLOC4|prot-pr,human:prot-pr:Q8TAT6,0.9407,muscle,6,positive,"correlation |r|>=0.9, top 10 per metabolite (no significance test)",P1;D3;D8
Palmitoyl-EA,REFMET:Palmitoyl-EA,PEX7|prot-pr,human:prot-pr:O00628,-0.9407,muscle,6,negative,"correlation |r|>=0.9, top 10 per metabolite (no significance test)",P1;D3;D8
MG 18:1,REFMET:MG 18:1,DHRS11|prot-pr,human:prot-pr:Q6UWP2,0.9407,muscle,6,positive,"correlation |r|>=0.9, top 10 per metabolite (no significance test)",P1;D3;D8
Pregnenolone sulfate,REFMET:Pregnenolone sulfate,FLT3LG|prot-ol,human:prot-ol:OID20661,0.9407,blood,10,positive,"correlation |r|>=0.9, top 10 per metabolite (no significance test)",P1;D3;D8
N-Acetylglutamic acid,REFMET:N-Acetylglutamic acid,VGLL2|prot-pr,human:prot-pr:Q8N8G2,0.9407,muscle,6,positive,"correlation |r|>=0.9, top 10 per metabolite (no significance test)",P1;D3;D8
SM 18:1;O2/14:1,REFMET:SM 18:1;O2/14:1,MACROH2A1|prot-pr,human:prot-pr:O75367,-0.9406,muscle,6,negative,"correlation |r|>=0.9, top 10 per metabolite (no significance test)",P1;D3;D8
LPC 14:0,REFMET:LPC 14:0,POLR2M|prot-pr,human:prot-pr:Q6EEV4,0.9406,muscle,6,positive,"correlation |r|>=0.9, top 10 per metabolite (no significance test)",P1;D3;D8
CAR 11:1,REFMET:CAR 11:1,TNFRSF21|prot-ol,human:prot-ol:OID21052,0.9406,blood,10,positive,"correlation |r|>=0.9, top 10 per metabolite (no significance test)",P1;D3;D8
CAR 12:0;OH,REFMET:CAR 12:0;OH,MRPS16|prot-pr,human:prot-pr:Q9Y3D3,0.9406,muscle,6,positive,"correlation |r|>=0.9, top 10 per metabolite (no significance test)",P1;D3;D8
PC P-34:0 or PC O-34:1,REFMET:PC P-34:0 or PC O-34:1,TIMMDC1|prot-pr,human:prot-pr:Q9NPL8,0.9406,muscle,6,positive,"correlation |r|>=0.9, top 10 per metabolite (no significance test)",P1;D3;D8
PC 33:1,REFMET:PC 33:1,NRAP|prot-pr,human:prot-pr:Q86VF7,0.9406,muscle,6,positive,"correlation |r|>=0.9, top 10 per metabolite (no significance test)",P1;D3;D8
Deoxycholic acid,REFMET:Deoxycholic acid,ABRA|prot-pr,human:prot-pr:Q8N0Z2,-0.9406,muscle,6,negative,"correlation |r|>=0.9, top 10 per metabolite (no significance test)",P1;D3;D8
LPC 20:4,REFMET:LPC 20:4,PUM3|prot-pr,human:prot-pr:Q15397,0.9405,muscle,6,positive,"correlation |r|>=0.9, top 10 per metabolite (no significance test)",P1;D3;D8
PC P-36:4 or PC O-36:5,REFMET:PC P-36:4 or PC O-36:5,NBL1|prot-ol,human:prot-ol:OID21486,-0.9405,blood,10,negative,"correlation |r|>=0.9, top 10 per metabolite (no significance test)",P1;D3;D8
PC 33:2,REFMET:PC 33:2,IGFBP5|prot-pr,human:prot-pr:P24593,-0.9405,muscle,6,negative,"correlation |r|>=0.9, top 10 per metabolite (no significance test)",P1;D3;D8
Piperine,REFMET:Piperine,RELCH|prot-pr,human:prot-pr:Q9P260-2,0.9405,muscle,6,positive,"correlation |r|>=0.9, top 10 per metabolite (no significance test)",P1;D3;D8
cis-Aconitic acid,REFMET:cis-Aconitic acid,ALPK3|prot-pr,human:prot-pr:Q96L96,-0.9405,muscle,6,negative,"correlation |r|>=0.9, top 10 per metabolite (no significance test)",P1;D3;D8
PE P-34:2 or PE O-34:3,REFMET:PE P-34:2 or PE O-34:3,POLR2M|prot-pr,human:prot-pr:Q6EEV4,0.9405,muscle,6,positive,"correlation |r|>=0.9, top 10 per metabolite (no significance test)",P1;D3;D8
PC P-30:0 or PC O-30:1,REFMET:PC P-30:0 or PC O-30:1,MRPL14|prot-pr,human:prot-pr:Q6P1L8,-0.9404,muscle,6,negative,"correlation |r|>=0.9, top 10 per metabolite (no significance test)",P1;D3;D8
SM 33:2;O2,REFMET:SM 33:2;O2,GPC1|prot-ol,human:prot-ol:OID21438,0.9404,blood,10,positive,"correlation |r|>=0.9, top 10 per metabolite (no significance test)",P1;D3;D8
Lignoceric acid,REFMET:Lignoceric acid,GSR|prot-pr,human:prot-pr:P00390,-0.9404,muscle,6,negative,"correlation |r|>=0.9, top 10 per metabolite (no significance test)",P1;D3;D8
Cer 18:1;O2/24:2,REFMET:Cer 18:1;O2/24:2,USP28|prot-pr,human:prot-pr:Q96RU2,0.9404,muscle,6,positive,"correlation |r|>=0.9, top 10 per metabolite (no significance test)",P1;D3;D8
Cer 18:1;O2/16:0,REFMET:Cer 18:1;O2/16:0,DHRS11|prot-pr,human:prot-pr:Q6UWP2,-0.9403,muscle,6,negative,"correlation |r|>=0.9, top 10 per metabolite (no significance test)",P1;D3;D8
O-Ethylhomoserine,REFMET:O-Ethylhomoserine,TNFRSF9|prot-ol,human:prot-ol:OID20985,-0.9403,blood,10,negative,"correlation |r|>=0.9, top 10 per metabolite (no significance test)",P1;D3;D8
PC 33:1,REFMET:PC 33:1,DST|prot-pr,human:prot-pr:Q03001,0.9402,muscle,6,positive,"correlation |r|>=0.9, top 10 per metabolite (no significance test)",P1;D3;D8
Glycodeoxycholic acid,REFMET:Glycodeoxycholic acid,LSM12|prot-pr,human:prot-pr:Q3MHD2,0.9402,muscle,6,positive,"correlation |r|>=0.9, top 10 per metabolite (no significance test)",P1;D3;D8
Symmetric dimethylarginine,REFMET:Symmetric dimethylarginine,CLEC4G|prot-ol,human:prot-ol:OID20590,-0.9402,blood,10,negative,"correlation |r|>=0.9, top 10 per metabolite (no significance test)",P1;D3;D8
N-Acetylalanine,REFMET:N-Acetylalanine,LAYN|prot-ol,human:prot-ol:OID20970,-0.9402,blood,10,negative,"correlation |r|>=0.9, top 10 per metabolite (no significance test)",P1;D3;D8
CAR 5:1,REFMET:CAR 5:1,COPS3|prot-pr,human:prot-pr:Q9UNS2,0.9402,muscle,6,positive,"correlation |r|>=0.9, top 10 per metabolite (no significance test)",P1;D3;D8
Ile-Ile,REFMET:Ile-Ile,NPLOC4|prot-pr,human:prot-pr:Q8TAT6,0.9402,muscle,6,positive,"correlation |r|>=0.9, top 10 per metabolite (no significance test)",P1;D3;D8
Cer 18:1;O2/16:1,REFMET:Cer 18:1;O2/16:1,DHRS11|prot-pr,human:prot-pr:Q6UWP2,-0.9401,muscle,6,negative,"correlation |r|>=0.9, top 10 per metabolite (no significance test)",P1;D3;D8
Cer 18:1;O2/22:0,REFMET:Cer 18:1;O2/22:0,ILF2|prot-pr,human:prot-pr:Q12905,-0.9401,muscle,6,negative,"correlation |r|>=0.9, top 10 per metabolite (no significance test)",P1;D3;D8
DG 34:1,REFMET:DG 34:1,AGRP|prot-ol,human:prot-ol:OID20658,0.9401,blood,10,positive,"correlation |r|>=0.9, top 10 per metabolite (no significance test)",P1;D3;D8
PC P-34:1 or PC O-34:2,REFMET:PC P-34:1 or PC O-34:2,TRIM63|prot-pr,human:prot-pr:Q969Q1,0.9401,muscle,6,positive,"correlation |r|>=0.9, top 10 per metabolite (no significance test)",P1;D3;D8
UDP-galactose,REFMET:UDP-galactose,GLO1|prot-pr,human:prot-pr:Q04760,0.94,muscle,6,positive,"correlation |r|>=0.9, top 10 per metabolite (no significance test)",P1;D3;D8
Pentadecylic acid,REFMET:Pentadecylic acid,POLR2M|prot-pr,human:prot-pr:Q6EEV4,0.94,muscle,6,positive,"correlation |r|>=0.9, top 10 per metabolite (no significance test)",P1;D3;D8
TG 44:1,REFMET:TG 44:1,PRPF19|prot-pr,human:prot-pr:Q9UMS4,0.94,muscle,6,positive,"correlation |r|>=0.9, top 10 per metabolite (no significance test)",P1;D3;D8
Heptadecanedioic acid,REFMET:Heptadecanedioic acid,RICTOR|prot-pr,human:prot-pr:Q6R327,0.9399,muscle,6,positive,"correlation |r|>=0.9, top 10 per metabolite (no significance test)",P1;D3;D8
CAR 11:1,REFMET:CAR 11:1,DDR1|prot-ol,human:prot-ol:OID21009,0.9399,blood,10,positive,"correlation |r|>=0.9, top 10 per metabolite (no significance test)",P1;D3;D8
PC 32:1,REFMET:PC 32:1,C20orf27|prot-pr,human:prot-pr:Q9GZN8,-0.9399,muscle,6,negative,"correlation |r|>=0.9, top 10 per metabolite (no significance test)",P1;D3;D8
PC P-34:1 or PC O-34:2,REFMET:PC P-34:1 or PC O-34:2,ATAD3A|prot-pr,human:prot-pr:Q9NVI7-2,0.9398,muscle,6,positive,"correlation |r|>=0.9, top 10 per metabolite (no significance test)",P1;D3;D8
PE P-40:6 or PE O-40:7,REFMET:PE P-40:6 or PE O-40:7,ABRA|prot-pr,human:prot-pr:Q8N0Z2,0.9398,muscle,6,positive,"correlation |r|>=0.9, top 10 per metabolite (no significance test)",P1;D3;D8
Cer 18:1;O2/20:0,REFMET:Cer 18:1;O2/20:0,TRMT112|prot-pr,human:prot-pr:Q9UI30,-0.9397,muscle,6,negative,"correlation |r|>=0.9, top 10 per metabolite (no significance test)",P1;D3;D8
TG 44:1,REFMET:TG 44:1,PFN1|prot-pr,human:prot-pr:P07737,0.9397,muscle,6,positive,"correlation |r|>=0.9, top 10 per metabolite (no significance test)",P1;D3;D8
Cer 18:1;O2/4:0,REFMET:Cer 18:1;O2/4:0,MRPL14|prot-pr,human:prot-pr:Q6P1L8,-0.9397,muscle,6,negative,"correlation |r|>=0.9, top 10 per metabolite (no significance test)",P1;D3;D8
TG 18:1/18:1/18:1,REFMET:TG 18:1/18:1/18:1,CNOT10|prot-pr,human:prot-pr:Q9H9A5,0.9397,muscle,6,positive,"correlation |r|>=0.9, top 10 per metabolite (no significance test)",P1;D3;D8
CAR 11:1,REFMET:CAR 11:1,STC1|prot-ol,human:prot-ol:OID21014,0.9396,blood,10,positive,"correlation |r|>=0.9, top 10 per metabolite (no significance test)",P1;D3;D8
Pseudouridine,REFMET:Pseudouridine,NAAA|prot-ol,human:prot-ol:OID20931,-0.9396,blood,10,negative,"correlation |r|>=0.9, top 10 per metabolite (no significance test)",P1;D3;D8
TG 58:1,REFMET:TG 58:1,RPN1|prot-pr,human:prot-pr:P04843,-0.9396,muscle,6,negative,"correlation |r|>=0.9, top 10 per metabolite (no significance test)",P1;D3;D8
DG 38:4,REFMET:DG 38:4,EBI3|prot-ol,human:prot-ol:OID21389,0.9396,blood,10,positive,"correlation |r|>=0.9, top 10 per metabolite (no significance test)",P1;D3;D8
LPE 20:3,REFMET:LPE 20:3,RELCH|prot-pr,human:prot-pr:Q9P260-2,-0.9395,muscle,6,negative,"correlation |r|>=0.9, top 10 per metabolite (no significance test)",P1;D3;D8
Isoleucine,REFMET:Isoleucine,NEXN|prot-pr,human:prot-pr:Q0ZGT2-2,-0.9395,muscle,6,negative,"correlation |r|>=0.9, top 10 per metabolite (no significance test)",P1;D3;D8
PC 32:1,REFMET:PC 32:1,FAM185A|prot-pr,human:prot-pr:Q8N0U4,-0.9395,muscle,6,negative,"correlation |r|>=0.9, top 10 per metabolite (no significance test)",P1;D3;D8
N-Acetylornithine,REFMET:N-Acetylornithine,EPS15L1|prot-pr,human:prot-pr:Q9UBC2-2,-0.9394,muscle,6,negative,"correlation |r|>=0.9, top 10 per metabolite (no significance test)",P1;D3;D8
UDP-galactose,REFMET:UDP-galactose,PARK7|prot-pr,human:prot-pr:Q99497,0.9394,muscle,6,positive,"correlation |r|>=0.9, top 10 per metabolite (no significance test)",P1;D3;D8
CAR 12:3,REFMET:CAR 12:3,TNFRSF8|prot-ol,human:prot-ol:OID21049,0.9394,blood,10,positive,"correlation |r|>=0.9, top 10 per metabolite (no significance test)",P1;D3;D8
CAR 2:0,REFMET:CAR 2:0,LANCL2|prot-pr,human:prot-pr:Q9NS86,-0.9394,muscle,6,negative,"correlation |r|>=0.9, top 10 per metabolite (no significance test)",P1;D3;D8
Glucose,REFMET:Glucose,SEC22B|prot-pr,human:prot-pr:O75396,0.9394,muscle,6,positive,"correlation |r|>=0.9, top 10 per metabolite (no significance test)",P1;D3;D8
Tryptophan,REFMET:Tryptophan,DAB2|prot-pr,human:prot-pr:P98082,0.9393,muscle,6,positive,"correlation |r|>=0.9, top 10 per metabolite (no significance test)",P1;D3;D8
Glucose,REFMET:Glucose,PPIL3|prot-pr,human:prot-pr:Q9H2H8,-0.9393,muscle,6,negative,"correlation |r|>=0.9, top 10 per metabolite (no significance test)",P1;D3;D8
SM 18:1;O2/14:0,REFMET:SM 18:1;O2/14:0,RAD50|prot-pr,human:prot-pr:Q92878,-0.9393,muscle,6,negative,"correlation |r|>=0.9, top 10 per metabolite (no significance test)",P1;D3;D8
"NA-Gly 18:2(9Z,12Z)","REFMET:NA-Gly 18:2(9Z,12Z)",DNAJC21|prot-pr,human:prot-pr:Q5F1R6,0.9392,muscle,6,positive,"correlation |r|>=0.9, top 10 per metabolite (no significance test)",P1;D3;D8
SM 18:1;O2/23:2,REFMET:SM 18:1;O2/23:2,RACK1|prot-pr,human:prot-pr:P63244,0.9392,muscle,6,positive,"correlation |r|>=0.9, top 10 per metabolite (no significance test)",P1;D3;D8
Trigonelline,REFMET:Trigonelline,NCOA4|prot-pr,human:prot-pr:Q13772,-0.9392,muscle,6,negative,"correlation |r|>=0.9, top 10 per metabolite (no significance test)",P1;D3;D8
Glutamine,REFMET:Glutamine,NUDT5|prot-pr,human:prot-pr:Q9UKK9,0.9391,muscle,6,positive,"correlation |r|>=0.9, top 10 per metabolite (no significance test)",P1;D3;D8
FA 26:5;O2,REFMET:FA 26:5;O2,BST2|prot-ol,human:prot-ol:OID21029,0.9391,blood,10,positive,"correlation |r|>=0.9, top 10 per metabolite (no significance test)",P1;D3;D8
CAR 5:0;OH,REFMET:CAR 5:0;OH,SLC66A2|prot-pr,human:prot-pr:Q8N2U9,0.9391,muscle,6,positive,"correlation |r|>=0.9, top 10 per metabolite (no significance test)",P1;D3;D8
Piperine,REFMET:Piperine,C1orf50|prot-pr,human:prot-pr:Q9BV19,0.9391,muscle,6,positive,"correlation |r|>=0.9, top 10 per metabolite (no significance test)",P1;D3;D8
CAR 4:0;OH,REFMET:CAR 4:0;OH,GYG1|prot-pr,human:prot-pr:P46976-2,0.9391,muscle,6,positive,"correlation |r|>=0.9, top 10 per metabolite (no significance test)",P1;D3;D8
PE 36:1,REFMET:PE 36:1,TMPO|prot-pr,human:prot-pr:P42167,-0.939,muscle,6,negative,"correlation |r|>=0.9, top 10 per metabolite (no significance test)",P1;D3;D8
PC O-35:1,REFMET:PC O-35:1,CRIP2|prot-ol,human:prot-ol:OID20901,0.939,blood,10,positive,"correlation |r|>=0.9, top 10 per metabolite (no significance test)",P1;D3;D8
Isocitric acid,REFMET:Isocitric acid,VGLL2|prot-pr,human:prot-pr:Q8N8G2,-0.939,muscle,6,negative,"correlation |r|>=0.9, top 10 per metabolite (no significance test)",P1;D3;D8
Pyroglutamic acid,REFMET:Pyroglutamic acid,DHRS11|prot-pr,human:prot-pr:Q6UWP2,-0.9389,muscle,6,negative,"correlation |r|>=0.9, top 10 per metabolite (no significance test)",P1;D3;D8
N-Acetylglucosamine 1-phosphate,REFMET:N-Acetylglucosamine 1-phosphate,AP5M1|prot-pr,human:prot-pr:Q9H0R1,0.9389,muscle,6,positive,"correlation |r|>=0.9, top 10 per metabolite (no significance test)",P1;D3;D8
Cortisone,REFMET:Cortisone,NCOA4|prot-pr,human:prot-pr:Q13772,-0.9389,muscle,6,negative,"correlation |r|>=0.9, top 10 per metabolite (no significance test)",P1;D3;D8
sn-Glycero-3-phosphate,REFMET:sn-Glycero-3-phosphate,TMEM263|prot-pr,human:prot-pr:Q8WUH6,0.9389,muscle,6,positive,"correlation |r|>=0.9, top 10 per metabolite (no significance test)",P1;D3;D8
Aminoadipic acid,REFMET:Aminoadipic acid,MSI2|prot-pr,human:prot-pr:Q96DH6,0.9389,muscle,6,positive,"correlation |r|>=0.9, top 10 per metabolite (no significance test)",P1;D3;D8
PC P-34:1 or PC O-34:2,REFMET:PC P-34:1 or PC O-34:2,CRYZL1|prot-pr,human:prot-pr:O95825,-0.9388,muscle,6,negative,"correlation |r|>=0.9, top 10 per metabolite (no significance test)",P1;D3;D8
Docosapentaenoic acid,REFMET:Docosapentaenoic acid,TECR|prot-pr,human:prot-pr:Q9NZ01,-0.9388,muscle,6,negative,"correlation |r|>=0.9, top 10 per metabolite (no significance test)",P1;D3;D8
DG 34:1,REFMET:DG 34:1,UBQLN2|prot-pr,human:prot-pr:Q9UHD9,-0.9387,muscle,6,negative,"correlation |r|>=0.9, top 10 per metabolite (no significance test)",P1;D3;D8
LPC 16:0,REFMET:LPC 16:0,LRP1|prot-ol,human:prot-ol:OID21293,0.9387,blood,10,positive,"correlation |r|>=0.9, top 10 per metabolite (no significance test)",P1;D3;D8
3-Methylhistidine,REFMET:3-Methylhistidine,NAAA|prot-ol,human:prot-ol:OID20931,-0.9387,blood,10,negative,"correlation |r|>=0.9, top 10 per metabolite (no significance test)",P1;D3;D8
CAR 12:3,REFMET:CAR 12:3,MYOC|prot-ol,human:prot-ol:OID21121,0.9387,blood,10,positive,"correlation |r|>=0.9, top 10 per metabolite (no significance test)",P1;D3;D8
Pipecolic acid,REFMET:Pipecolic acid,TECR|prot-pr,human:prot-pr:Q9NZ01,-0.9387,muscle,6,negative,"correlation |r|>=0.9, top 10 per metabolite (no significance test)",P1;D3;D8
Cystine,REFMET:Cystine,SPOCK1|prot-ol,human:prot-ol:OID20924,-0.9387,blood,10,negative,"correlation |r|>=0.9, top 10 per metabolite (no significance test)",P1;D3;D8
Cytosine,REFMET:Cytosine,CLSTN2|prot-ol,human:prot-ol:OID20664,0.9387,blood,10,positive,"correlation |r|>=0.9, top 10 per metabolite (no significance test)",P1;D3;D8
Deoxycholic acid,REFMET:Deoxycholic acid,PDK4|prot-pr,human:prot-pr:Q16654,-0.9386,muscle,6,negative,"correlation |r|>=0.9, top 10 per metabolite (no significance test)",P1;D3;D8
PC 32:0,REFMET:PC 32:0,CCN1|prot-ol,human:prot-ol:OID21368,0.9386,blood,10,positive,"correlation |r|>=0.9, top 10 per metabolite (no significance test)",P1;D3;D8
CAR 6:0;OH,REFMET:CAR 6:0;OH,IGFBP5|prot-pr,human:prot-pr:P24593,-0.9386,muscle,6,negative,"correlation |r|>=0.9, top 10 per metabolite (no significance test)",P1;D3;D8
LPC P-18:0 or LPC O-18:1,REFMET:LPC P-18:0 or LPC O-18:1,H3-2|prot-pr,human:prot-pr:Q5TEC6,-0.9386,muscle,6,negative,"correlation |r|>=0.9, top 10 per metabolite (no significance test)",P1;D3;D8
LPE 18:1,REFMET:LPE 18:1,PUM3|prot-pr,human:prot-pr:Q15397,0.9385,muscle,6,positive,"correlation |r|>=0.9, top 10 per metabolite (no significance test)",P1;D3;D8
PE P-38:4 or PE O-38:5,REFMET:PE P-38:4 or PE O-38:5,ANKRD1|prot-pr,human:prot-pr:Q15327,0.9385,muscle,6,positive,"correlation |r|>=0.9, top 10 per metabolite (no significance test)",P1;D3;D8
PE P-36:4 or PE O-36:5,REFMET:PE P-36:4 or PE O-36:5,ABRA|prot-pr,human:prot-pr:Q8N0Z2,0.9385,muscle,6,positive,"correlation |r|>=0.9, top 10 per metabolite (no significance test)",P1;D3;D8
Cer 18:1;O2/16:0,REFMET:Cer 18:1;O2/16:0,SETMAR|prot-ol,human:prot-ol:OID20948,0.9384,blood,10,positive,"correlation |r|>=0.9, top 10 per metabolite (no significance test)",P1;D3;D8
N-Acetyl-D-tryptophan,REFMET:N-Acetyl-D-tryptophan,IDUA|prot-ol,human:prot-ol:OID21468,0.9384,blood,10,positive,"correlation |r|>=0.9, top 10 per metabolite (no significance test)",P1;D3;D8
Betaine,REFMET:Betaine,KLK14|prot-ol,human:prot-ol:OID21407,-0.9384,blood,10,negative,"correlation |r|>=0.9, top 10 per metabolite (no significance test)",P1;D3;D8
Acetyl-CoA,REFMET:Acetyl-CoA,COQ5|prot-pr,human:prot-pr:Q5HYK3,-0.9384,muscle,6,negative,"correlation |r|>=0.9, top 10 per metabolite (no significance test)",P1;D3;D8
AICAR,REFMET:AICAR,TMPO|prot-pr,human:prot-pr:P42167,0.9383,muscle,6,positive,"correlation |r|>=0.9, top 10 per metabolite (no significance test)",P1;D3;D8
PE P-36:4 or PE O-36:5,REFMET:PE P-36:4 or PE O-36:5,NRAP|prot-pr,human:prot-pr:Q86VF7,0.9383,muscle,6,positive,"correlation |r|>=0.9, top 10 per metabolite (no significance test)",P1;D3;D8
2-Oxoglutaric acid,REFMET:2-Oxoglutaric acid,POLR2M|prot-pr,human:prot-pr:Q6EEV4,0.9383,muscle,6,positive,"correlation |r|>=0.9, top 10 per metabolite (no significance test)",P1;D3;D8
Pipecolic acid,REFMET:Pipecolic acid,DNAJA1|prot-pr,human:prot-pr:P31689,0.9383,muscle,6,positive,"correlation |r|>=0.9, top 10 per metabolite (no significance test)",P1;D3;D8
Citrulline,REFMET:Citrulline,BCAN|prot-ol,human:prot-ol:OID20998,0.9383,blood,10,positive,"correlation |r|>=0.9, top 10 per metabolite (no significance test)",P1;D3;D8
Spermidine,REFMET:Spermidine,PTBP3|prot-pr,human:prot-pr:O95758,0.9383,muscle,6,positive,"correlation |r|>=0.9, top 10 per metabolite (no significance test)",P1;D3;D8
CAR DC5:0,REFMET:CAR DC5:0,DRAXIN|prot-ol,human:prot-ol:OID20917,-0.9383,blood,10,negative,"correlation |r|>=0.9, top 10 per metabolite (no significance test)",P1;D3;D8
PC 30:2,REFMET:PC 30:2,COPS8|prot-pr,human:prot-pr:Q99627,-0.9383,muscle,6,negative,"correlation |r|>=0.9, top 10 per metabolite (no significance test)",P1;D3;D8
DG 38:5,REFMET:DG 38:5,CNTN5|prot-ol,human:prot-ol:OID21006,0.9383,blood,10,positive,"correlation |r|>=0.9, top 10 per metabolite (no significance test)",P1;D3;D8
Indole-4-carboxaldehyde,REFMET:Indole-4-carboxaldehyde,GPT2|prot-pr,human:prot-pr:Q8TD30,0.9381,muscle,6,positive,"correlation |r|>=0.9, top 10 per metabolite (no significance test)",P1;D3;D8
Aminoadipic acid,REFMET:Aminoadipic acid,PTBP3|prot-pr,human:prot-pr:O95758,-0.9381,muscle,6,negative,"correlation |r|>=0.9, top 10 per metabolite (no significance test)",P1;D3;D8
Ketoleucine,REFMET:Ketoleucine,H3-2|prot-pr,human:prot-pr:Q5TEC6,0.9381,muscle,6,positive,"correlation |r|>=0.9, top 10 per metabolite (no significance test)",P1;D3;D8
Lactic acid,REFMET:Lactic acid,MRPS16|prot-pr,human:prot-pr:Q9Y3D3,-0.9381,muscle,6,negative,"correlation |r|>=0.9, top 10 per metabolite (no significance test)",P1;D3;D8
PC P-36:5 or PC O-36:6,REFMET:PC P-36:5 or PC O-36:6,TECR|prot-pr,human:prot-pr:Q9NZ01,-0.938,muscle,6,negative,"correlation |r|>=0.9, top 10 per metabolite (no significance test)",P1;D3;D8
Oxidized glutathione,REFMET:Oxidized glutathione,HNRNPLL|prot-pr,human:prot-pr:Q8WVV9,0.938,muscle,6,positive,"correlation |r|>=0.9, top 10 per metabolite (no significance test)",P1;D3;D8
Pterin,REFMET:Pterin,EPS8L2|prot-ol,human:prot-ol:OID21397,0.938,blood,10,positive,"correlation |r|>=0.9, top 10 per metabolite (no significance test)",P1;D3;D8
Histidine,REFMET:Histidine,MATN3|prot-ol,human:prot-ol:OID20979,-0.938,blood,10,negative,"correlation |r|>=0.9, top 10 per metabolite (no significance test)",P1;D3;D8
FA 26:5;O2,REFMET:FA 26:5;O2,WFDC2|prot-ol,human:prot-ol:OID21505,0.938,blood,10,positive,"correlation |r|>=0.9, top 10 per metabolite (no significance test)",P1;D3;D8
CAR DC3:0;2Me,REFMET:CAR DC3:0;2Me,C12orf29|prot-pr,human:prot-pr:Q8N999,-0.938,muscle,6,negative,"correlation |r|>=0.9, top 10 per metabolite (no significance test)",P1;D3;D8
Piperine,REFMET:Piperine,PIH1D1|prot-pr,human:prot-pr:Q9NWS0,-0.9379,muscle,6,negative,"correlation |r|>=0.9, top 10 per metabolite (no significance test)",P1;D3;D8
Cer 18:1;O2/24:2,REFMET:Cer 18:1;O2/24:2,PPP1R27|prot-pr,human:prot-pr:Q86WC6,0.9379,muscle,6,positive,"correlation |r|>=0.9, top 10 per metabolite (no significance test)",P1;D3;D8
Succinic acid,REFMET:Succinic acid,ADGRE2|prot-ol,human:prot-ol:OID20755,0.9379,blood,10,positive,"correlation |r|>=0.9, top 10 per metabolite (no significance test)",P1;D3;D8
Pyridoxamine,REFMET:Pyridoxamine,USP28|prot-pr,human:prot-pr:Q96RU2,-0.9379,muscle,6,negative,"correlation |r|>=0.9, top 10 per metabolite (no significance test)",P1;D3;D8
SM 18:1;O2/22:3,REFMET:SM 18:1;O2/22:3,SEC22B|prot-pr,human:prot-pr:O75396,-0.9379,muscle,6,negative,"correlation |r|>=0.9, top 10 per metabolite (no significance test)",P1;D3;D8
Glutamine,REFMET:Glutamine,PDK4|prot-pr,human:prot-pr:Q16654,-0.9379,muscle,6,negative,"correlation |r|>=0.9, top 10 per metabolite (no significance test)",P1;D3;D8
PC P-34:1 or PC O-34:2,REFMET:PC P-34:1 or PC O-34:2,NEDD1|prot-pr,human:prot-pr:Q8NHV4,-0.9379,muscle,6,negative,"correlation |r|>=0.9, top 10 per metabolite (no significance test)",P1;D3;D8
N-Acetylmethionine,REFMET:N-Acetylmethionine,RPS24|prot-pr,human:prot-pr:P62847,0.9379,muscle,6,positive,"correlation |r|>=0.9, top 10 per metabolite (no significance test)",P1;D3;D8
PC O-37:4,REFMET:PC O-37:4,OGFOD1|prot-pr,human:prot-pr:Q8N543,0.9378,muscle,6,positive,"correlation |r|>=0.9, top 10 per metabolite (no significance test)",P1;D3;D8
Cer 18:1;O2/22:1,REFMET:Cer 18:1;O2/22:1,TECR|prot-pr,human:prot-pr:Q9NZ01,-0.9378,muscle,6,negative,"correlation |r|>=0.9, top 10 per metabolite (no significance test)",P1;D3;D8
CTP,REFMET:CTP,TECR|prot-pr,human:prot-pr:Q9NZ01,-0.9377,muscle,6,negative,"correlation |r|>=0.9, top 10 per metabolite (no significance test)",P1;D3;D8
2-Aminocaprylic acid,REFMET:2-Aminocaprylic acid,ORC3|prot-pr,human:prot-pr:Q9UBD5,0.9377,muscle,6,positive,"correlation |r|>=0.9, top 10 per metabolite (no significance test)",P1;D3;D8
Pipecolic acid,REFMET:Pipecolic acid,ACYP1|prot-pr,human:prot-pr:P07311,-0.9377,muscle,6,negative,"correlation |r|>=0.9, top 10 per metabolite (no significance test)",P1;D3;D8
CAR 5:0;OH,REFMET:CAR 5:0;OH,ORC3|prot-pr,human:prot-pr:Q9UBD5,0.9377,muscle,6,positive,"correlation |r|>=0.9, top 10 per metabolite (no significance test)",P1;D3;D8
Fumaric acid,REFMET:Fumaric acid,GH1|prot-ol,human:prot-ol:OID20220,0.9377,blood,10,positive,"correlation |r|>=0.9, top 10 per metabolite (no significance test)",P1;D3;D8
N1-Acetylspermidine,REFMET:N1-Acetylspermidine,CD74|prot-ol,human:prot-ol:OID21040,0.9377,blood,10,positive,"correlation |r|>=0.9, top 10 per metabolite (no significance test)",P1;D3;D8
SM 18:1;O2/19:1,REFMET:SM 18:1;O2/19:1,GNG7|prot-pr,human:prot-pr:O60262,-0.9376,muscle,6,negative,"correlation |r|>=0.9, top 10 per metabolite (no significance test)",P1;D3;D8
Citric acid,REFMET:Citric acid,DAB2|prot-pr,human:prot-pr:P98082,0.9376,muscle,6,positive,"correlation |r|>=0.9, top 10 per metabolite (no significance test)",P1;D3;D8
Eicosapentaenoic acid,REFMET:Eicosapentaenoic acid,COPS8|prot-pr,human:prot-pr:Q99627,0.9376,muscle,6,positive,"correlation |r|>=0.9, top 10 per metabolite (no significance test)",P1;D3;D8
Maleic acid,REFMET:Maleic acid,TMEM263|prot-pr,human:prot-pr:Q8WUH6,-0.9376,muscle,6,negative,"correlation |r|>=0.9, top 10 per metabolite (no significance test)",P1;D3;D8
DG 18:1_18:2,REFMET:DG 18:1_18:2,APBB1IP|prot-ol,human:prot-ol:OID21359,0.9375,blood,10,positive,"correlation |r|>=0.9, top 10 per metabolite (no significance test)",P1;D3;D8
SM 44:4;O2,REFMET:SM 44:4;O2,APLP1|prot-ol,human:prot-ol:OID20164,-0.9375,blood,10,negative,"correlation |r|>=0.9, top 10 per metabolite (no significance test)",P1;D3;D8
Ile-Ile,REFMET:Ile-Ile,RAD50|prot-pr,human:prot-pr:Q92878,-0.9374,muscle,6,negative,"correlation |r|>=0.9, top 10 per metabolite (no significance test)",P1;D3;D8
Cer 18:1;O2/22:0,REFMET:Cer 18:1;O2/22:0,DPH2|prot-pr,human:prot-pr:Q9BQC3,0.9374,muscle,6,positive,"correlation |r|>=0.9, top 10 per metabolite (no significance test)",P1;D3;D8
LPC P-18:0 or LPC O-18:1,REFMET:LPC P-18:0 or LPC O-18:1,UBQLN2|prot-pr,human:prot-pr:Q9UHD9,-0.9374,muscle,6,negative,"correlation |r|>=0.9, top 10 per metabolite (no significance test)",P1;D3;D8
Lignoceric acid,REFMET:Lignoceric acid,CDK11B|prot-pr,human:prot-pr:P21127,0.9374,muscle,6,positive,"correlation |r|>=0.9, top 10 per metabolite (no significance test)",P1;D3;D8
Succinic acid,REFMET:Succinic acid,CD5|prot-ol,human:prot-ol:OID21449,0.9374,blood,10,positive,"correlation |r|>=0.9, top 10 per metabolite (no significance test)",P1;D3;D8
Glyceraldehyde 3-phosphate,REFMET:Glyceraldehyde 3-phosphate,GIMAP1|prot-pr,human:prot-pr:Q8WWP7,0.9373,muscle,6,positive,"correlation |r|>=0.9, top 10 per metabolite (no significance test)",P1;D3;D8
Hydroxyphenyllactic acid,REFMET:Hydroxyphenyllactic acid,NCOA4|prot-pr,human:prot-pr:Q13772,-0.9373,muscle,6,negative,"correlation |r|>=0.9, top 10 per metabolite (no significance test)",P1;D3;D8
Hypoxanthine,REFMET:Hypoxanthine,ORC3|prot-pr,human:prot-pr:Q9UBD5,-0.9372,muscle,6,negative,"correlation |r|>=0.9, top 10 per metabolite (no significance test)",P1;D3;D8
Cytosine,REFMET:Cytosine,ESM1|prot-ol,human:prot-ol:OID20758,0.9372,blood,10,positive,"correlation |r|>=0.9, top 10 per metabolite (no significance test)",P1;D3;D8
PC P-35:2 or PC O-35:3,REFMET:PC P-35:2 or PC O-35:3,USP28|prot-pr,human:prot-pr:Q96RU2,0.9372,muscle,6,positive,"correlation |r|>=0.9, top 10 per metabolite (no significance test)",P1;D3;D8
PC O-37:4,REFMET:PC O-37:4,NCOA4|prot-pr,human:prot-pr:Q13772,0.9371,muscle,6,positive,"correlation |r|>=0.9, top 10 per metabolite (no significance test)",P1;D3;D8
GDP-mannose,REFMET:GDP-mannose,SREK1IP1|prot-pr,human:prot-pr:Q8N9Q2,0.9371,muscle,6,positive,"correlation |r|>=0.9, top 10 per metabolite (no significance test)",P1;D3;D8
1-Methyl nicotinamide,REFMET:1-Methyl nicotinamide,MACROD1|prot-pr,human:prot-pr:Q9BQ69,0.9371,muscle,6,positive,"correlation |r|>=0.9, top 10 per metabolite (no significance test)",P1;D3;D8
Pentadecylic acid,REFMET:Pentadecylic acid,PUM3|prot-pr,human:prot-pr:Q15397,0.9371,muscle,6,positive,"correlation |r|>=0.9, top 10 per metabolite (no significance test)",P1;D3;D8
PC 33:1,REFMET:PC 33:1,NBL1|prot-ol,human:prot-ol:OID21486,-0.937,blood,10,negative,"correlation |r|>=0.9, top 10 per metabolite (no significance test)",P1;D3;D8
N-Acetylglucosamine 1-phosphate,REFMET:N-Acetylglucosamine 1-phosphate,DCTN6|prot-pr,human:prot-pr:O00399,-0.937,muscle,6,negative,"correlation |r|>=0.9, top 10 per metabolite (no significance test)",P1;D3;D8
PC P-35:2 or PC O-35:3,REFMET:PC P-35:2 or PC O-35:3,GH1|prot-ol,human:prot-ol:OID20220,0.937,blood,10,positive,"correlation |r|>=0.9, top 10 per metabolite (no significance test)",P1;D3;D8
Hypotaurine,REFMET:Hypotaurine,GLRX3|prot-pr,human:prot-pr:O76003,-0.937,muscle,6,negative,"correlation |r|>=0.9, top 10 per metabolite (no significance test)",P1;D3;D8
CAR 5:0,REFMET:CAR 5:0,GDE1|prot-pr,human:prot-pr:Q9NZC3,0.937,muscle,6,positive,"correlation |r|>=0.9, top 10 per metabolite (no significance test)",P1;D3;D8
Histidine,REFMET:Histidine,RSPO1|prot-ol,human:prot-ol:OID20938,-0.9369,blood,10,negative,"correlation |r|>=0.9, top 10 per metabolite (no significance test)",P1;D3;D8
N6-Acetyllysine,REFMET:N6-Acetyllysine,YIPF5|prot-pr,human:prot-pr:Q969M3,-0.9369,muscle,6,negative,"correlation |r|>=0.9, top 10 per metabolite (no significance test)",P1;D3;D8
Isoleucine,REFMET:Isoleucine,YIPF5|prot-pr,human:prot-pr:Q969M3,0.9369,muscle,6,positive,"correlation |r|>=0.9, top 10 per metabolite (no significance test)",P1;D3;D8
SM 18:1;O2/14:1,REFMET:SM 18:1;O2/14:1,LHPP|prot-pr,human:prot-pr:Q9H008,0.9368,muscle,6,positive,"correlation |r|>=0.9, top 10 per metabolite (no significance test)",P1;D3;D8
AICAR,REFMET:AICAR,DAB2|prot-pr,human:prot-pr:P98082,0.9367,muscle,6,positive,"correlation |r|>=0.9, top 10 per metabolite (no significance test)",P1;D3;D8
LPC 16:0,REFMET:LPC 16:0,DNAJC7|prot-pr,human:prot-pr:Q99615,0.9367,muscle,6,positive,"correlation |r|>=0.9, top 10 per metabolite (no significance test)",P1;D3;D8
PE 32:1,REFMET:PE 32:1,USP28|prot-pr,human:prot-pr:Q96RU2,0.9367,muscle,6,positive,"correlation |r|>=0.9, top 10 per metabolite (no significance test)",P1;D3;D8
Taurocholic acid,REFMET:Taurocholic acid,SEC61A1|prot-pr,human:prot-pr:P61619,-0.9367,muscle,6,negative,"correlation |r|>=0.9, top 10 per metabolite (no significance test)",P1;D3;D8
Acetyl-CoA,REFMET:Acetyl-CoA,LPL|prot-pr,human:prot-pr:P06858,-0.9366,muscle,6,negative,"correlation |r|>=0.9, top 10 per metabolite (no significance test)",P1;D3;D8
4-Acetamidobutanoic acid,REFMET:4-Acetamidobutanoic acid,SLC25A24|prot-pr,human:prot-pr:Q6NUK1,0.9366,muscle,6,positive,"correlation |r|>=0.9, top 10 per metabolite (no significance test)",P1;D3;D8
PE P-40:6 or PE O-40:7,REFMET:PE P-40:6 or PE O-40:7,PPP1R27|prot-pr,human:prot-pr:Q86WC6,0.9366,muscle,6,positive,"correlation |r|>=0.9, top 10 per metabolite (no significance test)",P1;D3;D8
SM 18:1;O2/19:0,REFMET:SM 18:1;O2/19:0,MYLPF|prot-pr,human:prot-pr:Q96A32,0.9366,muscle,6,positive,"correlation |r|>=0.9, top 10 per metabolite (no significance test)",P1;D3;D8
Hydroxyproline,REFMET:Hydroxyproline,VEGFD|prot-ol,human:prot-ol:OID20662,-0.9365,blood,10,negative,"correlation |r|>=0.9, top 10 per metabolite (no significance test)",P1;D3;D8
CAR 11:1,REFMET:CAR 11:1,LSM1|prot-pr,human:prot-pr:O15116,0.9365,muscle,6,positive,"correlation |r|>=0.9, top 10 per metabolite (no significance test)",P1;D3;D8
Rosmarinic acid,REFMET:Rosmarinic acid,DDC|prot-ol,human:prot-ol:OID20215,0.9364,blood,10,positive,"correlation |r|>=0.9, top 10 per metabolite (no significance test)",P1;D3;D8
Dimethylglycine,REFMET:Dimethylglycine,TNFSF10|prot-ol,human:prot-ol:OID20611,-0.9364,blood,10,negative,"correlation |r|>=0.9, top 10 per metabolite (no significance test)",P1;D3;D8
Xanthosine,REFMET:Xanthosine,GHRL|prot-ol,human:prot-ol:OID20175,-0.9364,blood,10,negative,"correlation |r|>=0.9, top 10 per metabolite (no significance test)",P1;D3;D8
Glycine,REFMET:Glycine,SLC25A24|prot-pr,human:prot-pr:Q6NUK1,0.9363,muscle,6,positive,"correlation |r|>=0.9, top 10 per metabolite (no significance test)",P1;D3;D8
CAR 18:0;OH,REFMET:CAR 18:0;OH,ORC3|prot-pr,human:prot-pr:Q9UBD5,0.9363,muscle,6,positive,"correlation |r|>=0.9, top 10 per metabolite (no significance test)",P1;D3;D8
4-Pyridoxic acid,REFMET:4-Pyridoxic acid,NPY|prot-ol,human:prot-ol:OID21388,0.9363,blood,10,positive,"correlation |r|>=0.9, top 10 per metabolite (no significance test)",P1;D3;D8
"(E,E)-Trichostachine","REFMET:(E,E)-Trichostachine",MTM1|prot-pr,human:prot-pr:Q13496,0.9363,muscle,6,positive,"correlation |r|>=0.9, top 10 per metabolite (no significance test)",P1;D3;D8
Aminoadipic acid,REFMET:Aminoadipic acid,RPS28|prot-pr,human:prot-pr:P62857,0.9363,muscle,6,positive,"correlation |r|>=0.9, top 10 per metabolite (no significance test)",P1;D3;D8
N-Methyl-proline,REFMET:N-Methyl-proline,LHPP|prot-pr,human:prot-pr:Q9H008,0.9363,muscle,6,positive,"correlation |r|>=0.9, top 10 per metabolite (no significance test)",P1;D3;D8
Niacinamide,REFMET:Niacinamide,DAB2|prot-pr,human:prot-pr:P98082,-0.9362,muscle,6,negative,"correlation |r|>=0.9, top 10 per metabolite (no significance test)",P1;D3;D8
2-Piperidinone,REFMET:2-Piperidinone,TRIM63|prot-pr,human:prot-pr:Q969Q1,-0.9362,muscle,6,negative,"correlation |r|>=0.9, top 10 per metabolite (no significance test)",P1;D3;D8
N-Acetylputrescine,REFMET:N-Acetylputrescine,PTBP3|prot-pr,human:prot-pr:O95758,0.9361,muscle,6,positive,"correlation |r|>=0.9, top 10 per metabolite (no significance test)",P1;D3;D8
N-Acetylputrescine,REFMET:N-Acetylputrescine,OGDHL|prot-pr,human:prot-pr:Q9ULD0,0.9361,muscle,6,positive,"correlation |r|>=0.9, top 10 per metabolite (no significance test)",P1;D3;D8
PC 18:1_18:2,REFMET:PC 18:1_18:2,TMPO|prot-pr,human:prot-pr:P42167,-0.9361,muscle,6,negative,"correlation |r|>=0.9, top 10 per metabolite (no significance test)",P1;D3;D8
UDP-galactose,REFMET:UDP-galactose,CTSF|prot-pr,human:prot-pr:Q9UBX1,0.9361,muscle,6,positive,"correlation |r|>=0.9, top 10 per metabolite (no significance test)",P1;D3;D8
LPC O-18:0,REFMET:LPC O-18:0,TRMT112|prot-pr,human:prot-pr:Q9UI30,-0.9361,muscle,6,negative,"correlation |r|>=0.9, top 10 per metabolite (no significance test)",P1;D3;D8
Spermine,REFMET:Spermine,LSM1|prot-pr,human:prot-pr:O15116,-0.936,muscle,6,negative,"correlation |r|>=0.9, top 10 per metabolite (no significance test)",P1;D3;D8
PC P-36:2 or PC O-36:3,REFMET:PC P-36:2 or PC O-36:3,CHD4|prot-pr,human:prot-pr:Q14839,0.936,muscle,6,positive,"correlation |r|>=0.9, top 10 per metabolite (no significance test)",P1;D3;D8
PC 33:0,REFMET:PC 33:0,HSPB2|prot-pr,human:prot-pr:Q16082,0.936,muscle,6,positive,"correlation |r|>=0.9, top 10 per metabolite (no significance test)",P1;D3;D8
Ureidopropionic acid,REFMET:Ureidopropionic acid,SEC22B|prot-pr,human:prot-pr:O75396,0.936,muscle,6,positive,"correlation |r|>=0.9, top 10 per metabolite (no significance test)",P1;D3;D8
SM 18:1;O2/19:0,REFMET:SM 18:1;O2/19:0,PFDN5|prot-pr,human:prot-pr:Q99471,0.936,muscle,6,positive,"correlation |r|>=0.9, top 10 per metabolite (no significance test)",P1;D3;D8
Hexose,REFMET:Hexose,BIRC2|prot-pr,human:prot-pr:Q13490,-0.936,muscle,6,negative,"correlation |r|>=0.9, top 10 per metabolite (no significance test)",P1;D3;D8
Cer 18:1;O2/4:0,REFMET:Cer 18:1;O2/4:0,MACO1|prot-pr,human:prot-pr:Q8N5G2,0.936,muscle,6,positive,"correlation |r|>=0.9, top 10 per metabolite (no significance test)",P1;D3;D8
SM 18:1;O2/21:0,REFMET:SM 18:1;O2/21:0,RPS28|prot-pr,human:prot-pr:P62857,0.936,muscle,6,positive,"correlation |r|>=0.9, top 10 per metabolite (no significance test)",P1;D3;D8
PE P-36:4 or PE O-36:5,REFMET:PE P-36:4 or PE O-36:5,DRG1|prot-pr,human:prot-pr:Q9Y295,0.9359,muscle,6,positive,"correlation |r|>=0.9, top 10 per metabolite (no significance test)",P1;D3;D8
Succinic acid,REFMET:Succinic acid,MASP1|prot-ol,human:prot-ol:OID20954,0.9359,blood,10,positive,"correlation |r|>=0.9, top 10 per metabolite (no significance test)",P1;D3;D8
Cortisone,REFMET:Cortisone,RAD50|prot-pr,human:prot-pr:Q92878,0.9358,muscle,6,positive,"correlation |r|>=0.9, top 10 per metabolite (no significance test)",P1;D3;D8
Hydroxylauric acid,REFMET:Hydroxylauric acid,H3-3A|prot-pr,human:prot-pr:P84243,-0.9358,muscle,6,negative,"correlation |r|>=0.9, top 10 per metabolite (no significance test)",P1;D3;D8
Symmetric dimethylarginine,REFMET:Symmetric dimethylarginine,MSR1|prot-ol,human:prot-ol:OID21063,-0.9358,blood,10,negative,"correlation |r|>=0.9, top 10 per metabolite (no significance test)",P1;D3;D8
Aspartic acid,REFMET:Aspartic acid,FASTKD5|prot-pr,human:prot-pr:Q7L8L6,0.9358,muscle,6,positive,"correlation |r|>=0.9, top 10 per metabolite (no significance test)",P1;D3;D8
CAR DC6:0,REFMET:CAR DC6:0,LPL|prot-pr,human:prot-pr:P06858,0.9358,muscle,6,positive,"correlation |r|>=0.9, top 10 per metabolite (no significance test)",P1;D3;D8
gamma-Aminobutyric acid,REFMET:gamma-Aminobutyric acid,ST13|prot-pr,human:prot-pr:P50502,0.9357,muscle,6,positive,"correlation |r|>=0.9, top 10 per metabolite (no significance test)",P1;D3;D8
N-Acetyl-D-tryptophan,REFMET:N-Acetyl-D-tryptophan,SCARF2|prot-ol,human:prot-ol:OID21048,0.9357,blood,10,positive,"correlation |r|>=0.9, top 10 per metabolite (no significance test)",P1;D3;D8
Sedoheptulose 7-phosphate,REFMET:Sedoheptulose 7-phosphate,COL6A1|prot-pr,human:prot-pr:P12109,0.9357,muscle,6,positive,"correlation |r|>=0.9, top 10 per metabolite (no significance test)",P1;D3;D8
Xanthine,REFMET:Xanthine,SREK1IP1|prot-pr,human:prot-pr:Q8N9Q2,0.9357,muscle,6,positive,"correlation |r|>=0.9, top 10 per metabolite (no significance test)",P1;D3;D8
Xanthosine,REFMET:Xanthosine,DAB2|prot-pr,human:prot-pr:P98082,0.9357,muscle,6,positive,"correlation |r|>=0.9, top 10 per metabolite (no significance test)",P1;D3;D8
Creatine,REFMET:Creatine,IL18R1|prot-ol,human:prot-ol:OID20652,0.9356,blood,10,positive,"correlation |r|>=0.9, top 10 per metabolite (no significance test)",P1;D3;D8
SM 18:1;O2/22:2,REFMET:SM 18:1;O2/22:2,CTSF|prot-pr,human:prot-pr:Q9UBX1,0.9356,muscle,6,positive,"correlation |r|>=0.9, top 10 per metabolite (no significance test)",P1;D3;D8
4-Acetamidobutanoic acid,REFMET:4-Acetamidobutanoic acid,ILF2|prot-pr,human:prot-pr:Q12905,0.9356,muscle,6,positive,"correlation |r|>=0.9, top 10 per metabolite (no significance test)",P1;D3;D8
PE 36:3,REFMET:PE 36:3,HSPB2|prot-pr,human:prot-pr:Q16082,0.9356,muscle,6,positive,"correlation |r|>=0.9, top 10 per metabolite (no significance test)",P1;D3;D8
PC P-36:2 or PC O-36:3,REFMET:PC P-36:2 or PC O-36:3,DRG1|prot-pr,human:prot-pr:Q9Y295,0.9356,muscle,6,positive,"correlation |r|>=0.9, top 10 per metabolite (no significance test)",P1;D3;D8
Xanthosine,REFMET:Xanthosine,SEC22B|prot-pr,human:prot-pr:O75396,0.9355,muscle,6,positive,"correlation |r|>=0.9, top 10 per metabolite (no significance test)",P1;D3;D8
Hydroxycapric acid,REFMET:Hydroxycapric acid,IFT27|prot-pr,human:prot-pr:Q9BW83,0.9355,muscle,6,positive,"correlation |r|>=0.9, top 10 per metabolite (no significance test)",P1;D3;D8
LPC 14:0,REFMET:LPC 14:0,DNAJC7|prot-pr,human:prot-pr:Q99615,0.9354,muscle,6,positive,"correlation |r|>=0.9, top 10 per metabolite (no significance test)",P1;D3;D8
Cer 18:1;O2/23:0,REFMET:Cer 18:1;O2/23:0,PTBP3|prot-pr,human:prot-pr:O95758,-0.9354,muscle,6,negative,"correlation |r|>=0.9, top 10 per metabolite (no significance test)",P1;D3;D8
Lysine,REFMET:Lysine,SETMAR|prot-ol,human:prot-ol:OID20948,-0.9354,blood,10,negative,"correlation |r|>=0.9, top 10 per metabolite (no significance test)",P1;D3;D8
PE O-16:1/22:4,REFMET:PE O-16:1/22:4,DPH2|prot-pr,human:prot-pr:Q9BQC3,0.9354,muscle,6,positive,"correlation |r|>=0.9, top 10 per metabolite (no significance test)",P1;D3;D8
PC P-38:6 or PC O-38:7,REFMET:PC P-38:6 or PC O-38:7,PDK4|prot-pr,human:prot-pr:Q16654,0.9353,muscle,6,positive,"correlation |r|>=0.9, top 10 per metabolite (no significance test)",P1;D3;D8
Deoxycholic acid,REFMET:Deoxycholic acid,VGLL2|prot-pr,human:prot-pr:Q8N8G2,-0.9353,muscle,6,negative,"correlation |r|>=0.9, top 10 per metabolite (no significance test)",P1;D3;D8
3-Hydroxybenzoic acid,REFMET:3-Hydroxybenzoic acid,SMPD4|prot-pr,human:prot-pr:Q9NXE4,-0.9353,muscle,6,negative,"correlation |r|>=0.9, top 10 per metabolite (no significance test)",P1;D3;D8
Citrulline,REFMET:Citrulline,TXNIP|prot-pr,human:prot-pr:Q9H3M7,-0.9353,muscle,6,negative,"correlation |r|>=0.9, top 10 per metabolite (no significance test)",P1;D3;D8
CAR 18:3,REFMET:CAR 18:3,MRPS16|prot-pr,human:prot-pr:Q9Y3D3,0.9352,muscle,6,positive,"correlation |r|>=0.9, top 10 per metabolite (no significance test)",P1;D3;D8
4-Aminohippuric acid,REFMET:4-Aminohippuric acid,LZIC|prot-pr,human:prot-pr:Q8WZA0,0.9352,muscle,6,positive,"correlation |r|>=0.9, top 10 per metabolite (no significance test)",P1;D3;D8
Dimethylglycine,REFMET:Dimethylglycine,PFKFB2|prot-pr,human:prot-pr:O60825,-0.9351,muscle,6,negative,"correlation |r|>=0.9, top 10 per metabolite (no significance test)",P1;D3;D8
Linoleic acid,REFMET:Linoleic acid,TRMT112|prot-pr,human:prot-pr:Q9UI30,-0.9351,muscle,6,negative,"correlation |r|>=0.9, top 10 per metabolite (no significance test)",P1;D3;D8
N6-Acetyllysine,REFMET:N6-Acetyllysine,ABRA|prot-pr,human:prot-pr:Q8N0Z2,0.9351,muscle,6,positive,"correlation |r|>=0.9, top 10 per metabolite (no significance test)",P1;D3;D8
Pentadecylic acid,REFMET:Pentadecylic acid,IRF2BPL|prot-pr,human:prot-pr:Q9H1B7,-0.9351,muscle,6,negative,"correlation |r|>=0.9, top 10 per metabolite (no significance test)",P1;D3;D8
Phosphoserine,REFMET:Phosphoserine,VCAN|prot-ol,human:prot-ol:OID21026,-0.9351,blood,10,negative,"correlation |r|>=0.9, top 10 per metabolite (no significance test)",P1;D3;D8
Pregnenolone sulfate,REFMET:Pregnenolone sulfate,CD74|prot-ol,human:prot-ol:OID21040,0.935,blood,10,positive,"correlation |r|>=0.9, top 10 per metabolite (no significance test)",P1;D3;D8
EDTA,REFMET:EDTA,LPL|prot-pr,human:prot-pr:P06858,0.935,muscle,6,positive,"correlation |r|>=0.9, top 10 per metabolite (no significance test)",P1;D3;D8
LPC P-16:0 or LPC O-16:1,REFMET:LPC P-16:0 or LPC O-16:1,SREK1IP1|prot-pr,human:prot-pr:Q8N9Q2,-0.935,muscle,6,negative,"correlation |r|>=0.9, top 10 per metabolite (no significance test)",P1;D3;D8
3-O-Methyl-DOPA,REFMET:3-O-Methyl-DOPA,FILIP1L|prot-pr,human:prot-pr:Q4L180-2,0.935,muscle,6,positive,"correlation |r|>=0.9, top 10 per metabolite (no significance test)",P1;D3;D8
PC P-34:0 or PC O-34:1,REFMET:PC P-34:0 or PC O-34:1,CAT|prot-pr,human:prot-pr:P04040,-0.935,muscle,6,negative,"correlation |r|>=0.9, top 10 per metabolite (no significance test)",P1;D3;D8
Aminoadipic acid,REFMET:Aminoadipic acid,MACROH2A1|prot-pr,human:prot-pr:O75367,-0.935,muscle,6,negative,"correlation |r|>=0.9, top 10 per metabolite (no significance test)",P1;D3;D8
Inosine,REFMET:Inosine,PUM3|prot-pr,human:prot-pr:Q15397,-0.935,muscle,6,negative,"correlation |r|>=0.9, top 10 per metabolite (no significance test)",P1;D3;D8
DMGV,REFMET:DMGV,HLA-G|prot-pr,human:prot-pr:P17693,0.935,muscle,6,positive,"correlation |r|>=0.9, top 10 per metabolite (no significance test)",P1;D3;D8
Hydroxyphenyllactic acid,REFMET:Hydroxyphenyllactic acid,ANAPC7|prot-pr,human:prot-pr:Q9UJX3,-0.935,muscle,6,negative,"correlation |r|>=0.9, top 10 per metabolite (no significance test)",P1;D3;D8
DG 34:1,REFMET:DG 34:1,LSP1|prot-ol,human:prot-ol:OID20530,0.9349,blood,10,positive,"correlation |r|>=0.9, top 10 per metabolite (no significance test)",P1;D3;D8
"N2,N2-Dimethylguanosine","REFMET:N2,N2-Dimethylguanosine",LMOD2|prot-pr,human:prot-pr:Q6P5Q4,0.9349,muscle,6,positive,"correlation |r|>=0.9, top 10 per metabolite (no significance test)",P1;D3;D8
LPE 22:6,REFMET:LPE 22:6,LRP1|prot-pr,human:prot-pr:Q07954,-0.9349,muscle,6,negative,"correlation |r|>=0.9, top 10 per metabolite (no significance test)",P1;D3;D8
CAR 9:0,REFMET:CAR 9:0,LSM1|prot-pr,human:prot-pr:O15116,0.9349,muscle,6,positive,"correlation |r|>=0.9, top 10 per metabolite (no significance test)",P1;D3;D8
"NA-Gly 18:2(9Z,12Z)","REFMET:NA-Gly 18:2(9Z,12Z)",RPE|prot-pr,human:prot-pr:Q96AT9,-0.9348,muscle,6,negative,"correlation |r|>=0.9, top 10 per metabolite (no significance test)",P1;D3;D8
Xanthosine,REFMET:Xanthosine,H3-2|prot-pr,human:prot-pr:Q5TEC6,0.9348,muscle,6,positive,"correlation |r|>=0.9, top 10 per metabolite (no significance test)",P1;D3;D8
CAR DC5:0,REFMET:CAR DC5:0,TNFRSF9|prot-ol,human:prot-ol:OID20985,-0.9348,blood,10,negative,"correlation |r|>=0.9, top 10 per metabolite (no significance test)",P1;D3;D8
LPC 14:0,REFMET:LPC 14:0,NUDT5|prot-pr,human:prot-pr:Q9UKK9,-0.9348,muscle,6,negative,"correlation |r|>=0.9, top 10 per metabolite (no significance test)",P1;D3;D8
Pantothenic acid,REFMET:Pantothenic acid,SFXN3|prot-pr,human:prot-pr:Q9BWM7,-0.9346,muscle,6,negative,"correlation |r|>=0.9, top 10 per metabolite (no significance test)",P1;D3;D8
N4-Acetylcytidine,REFMET:N4-Acetylcytidine,METTL3|prot-pr,human:prot-pr:Q86U44,0.9346,muscle,6,positive,"correlation |r|>=0.9, top 10 per metabolite (no significance test)",P1;D3;D8
Eicosapentaenoic acid,REFMET:Eicosapentaenoic acid,COQ5|prot-pr,human:prot-pr:Q5HYK3,0.9346,muscle,6,positive,"correlation |r|>=0.9, top 10 per metabolite (no significance test)",P1;D3;D8
CAR 11:1,REFMET:CAR 11:1,BST2|prot-ol,human:prot-ol:OID21029,0.9345,blood,10,positive,"correlation |r|>=0.9, top 10 per metabolite (no significance test)",P1;D3;D8
Putrescine,REFMET:Putrescine,MGMT|prot-pr,human:prot-pr:P16455,0.9345,muscle,6,positive,"correlation |r|>=0.9, top 10 per metabolite (no significance test)",P1;D3;D8
LPC 20:4,REFMET:LPC 20:4,MRPS18C|prot-pr,human:prot-pr:Q9Y3D5,0.9345,muscle,6,positive,"correlation |r|>=0.9, top 10 per metabolite (no significance test)",P1;D3;D8
Ureidopropionic acid,REFMET:Ureidopropionic acid,IGFBP5|prot-pr,human:prot-pr:P24593,0.9345,muscle,6,positive,"correlation |r|>=0.9, top 10 per metabolite (no significance test)",P1;D3;D8
Pyroglutamic acid,REFMET:Pyroglutamic acid,LPL|prot-pr,human:prot-pr:P06858,0.9345,muscle,6,positive,"correlation |r|>=0.9, top 10 per metabolite (no significance test)",P1;D3;D8
Putrescine,REFMET:Putrescine,VCAN|prot-ol,human:prot-ol:OID21026,0.9344,blood,10,positive,"correlation |r|>=0.9, top 10 per metabolite (no significance test)",P1;D3;D8
4-Acetamidobutanoic acid,REFMET:4-Acetamidobutanoic acid,LRP1|prot-pr,human:prot-pr:Q07954,0.9344,muscle,6,positive,"correlation |r|>=0.9, top 10 per metabolite (no significance test)",P1;D3;D8
Hexose,REFMET:Hexose,PDK4|prot-pr,human:prot-pr:Q16654,-0.9344,muscle,6,negative,"correlation |r|>=0.9, top 10 per metabolite (no significance test)",P1;D3;D8
PE 38:4,REFMET:PE 38:4,TECR|prot-pr,human:prot-pr:Q9NZ01,-0.9344,muscle,6,negative,"correlation |r|>=0.9, top 10 per metabolite (no significance test)",P1;D3;D8
LPC 22:6,REFMET:LPC 22:6,COL6A1|prot-pr,human:prot-pr:P12109,-0.9344,muscle,6,negative,"correlation |r|>=0.9, top 10 per metabolite (no significance test)",P1;D3;D8
EDTA,REFMET:EDTA,DHX9|prot-pr,human:prot-pr:Q08211,-0.9344,muscle,6,negative,"correlation |r|>=0.9, top 10 per metabolite (no significance test)",P1;D3;D8
LPC O-16:0,REFMET:LPC O-16:0,SLC15A4|prot-pr,human:prot-pr:Q8N697,-0.9344,muscle,6,negative,"correlation |r|>=0.9, top 10 per metabolite (no significance test)",P1;D3;D8
Hexose,REFMET:Hexose,TECR|prot-pr,human:prot-pr:Q9NZ01,0.9343,muscle,6,positive,"correlation |r|>=0.9, top 10 per metabolite (no significance test)",P1;D3;D8
Serine,REFMET:Serine,PXN|prot-ol,human:prot-ol:OID20822,-0.9343,blood,10,negative,"correlation |r|>=0.9, top 10 per metabolite (no significance test)",P1;D3;D8
Phenylacetic acid,REFMET:Phenylacetic acid,ANAPC7|prot-pr,human:prot-pr:Q9UJX3,-0.9343,muscle,6,negative,"correlation |r|>=0.9, top 10 per metabolite (no significance test)",P1;D3;D8
Leucine,REFMET:Leucine,PPP2R5D|prot-pr,human:prot-pr:Q14738,0.9343,muscle,6,positive,"correlation |r|>=0.9, top 10 per metabolite (no significance test)",P1;D3;D8
Glutamine,REFMET:Glutamine,UBQLN4|prot-pr,human:prot-pr:Q9NRR5,-0.9343,muscle,6,negative,"correlation |r|>=0.9, top 10 per metabolite (no significance test)",P1;D3;D8
Succinic acid,REFMET:Succinic acid,MSTO1|prot-pr,human:prot-pr:Q9BUK6,-0.9343,muscle,6,negative,"correlation |r|>=0.9, top 10 per metabolite (no significance test)",P1;D3;D8
Tauroursodeoxycholic acid,REFMET:Tauroursodeoxycholic acid,LAYN|prot-ol,human:prot-ol:OID20970,0.9342,blood,10,positive,"correlation |r|>=0.9, top 10 per metabolite (no significance test)",P1;D3;D8
13-HODE,REFMET:13-HODE,STYXL2|prot-pr,human:prot-pr:Q5VZP5,0.9342,muscle,6,positive,"correlation |r|>=0.9, top 10 per metabolite (no significance test)",P1;D3;D8
LPC O-18:0,REFMET:LPC O-18:0,SFXN3|prot-pr,human:prot-pr:Q9BWM7,-0.9342,muscle,6,negative,"correlation |r|>=0.9, top 10 per metabolite (no significance test)",P1;D3;D8
Hydroxyphenyllactic acid,REFMET:Hydroxyphenyllactic acid,HLA-G|prot-pr,human:prot-pr:P17693,0.9342,muscle,6,positive,"correlation |r|>=0.9, top 10 per metabolite (no significance test)",P1;D3;D8
Pantothenic acid,REFMET:Pantothenic acid,PUM3|prot-pr,human:prot-pr:Q15397,0.9342,muscle,6,positive,"correlation |r|>=0.9, top 10 per metabolite (no significance test)",P1;D3;D8
Kynurenine,REFMET:Kynurenine,RNF181|prot-pr,human:prot-pr:Q9P0P0,0.9341,muscle,6,positive,"correlation |r|>=0.9, top 10 per metabolite (no significance test)",P1;D3;D8
Citric acid/Isocitric acid,REFMET:Citric acid/Isocitric acid,TMPO|prot-pr,human:prot-pr:P42167,0.9341,muscle,6,positive,"correlation |r|>=0.9, top 10 per metabolite (no significance test)",P1;D3;D8
PC 36:5,REFMET:PC 36:5,STYXL2|prot-pr,human:prot-pr:Q5VZP5,0.9341,muscle,6,positive,"correlation |r|>=0.9, top 10 per metabolite (no significance test)",P1;D3;D8
PGE2 ethanolamide,REFMET:PGE2 ethanolamide,AP5M1|prot-pr,human:prot-pr:Q9H0R1,-0.9341,muscle,6,negative,"correlation |r|>=0.9, top 10 per metabolite (no significance test)",P1;D3;D8
Dimethylarginine,REFMET:Dimethylarginine,MATN3|prot-ol,human:prot-ol:OID20979,-0.934,blood,10,negative,"correlation |r|>=0.9, top 10 per metabolite (no significance test)",P1;D3;D8
sn-Glycero-3-phosphate,REFMET:sn-Glycero-3-phosphate,RAD50|prot-pr,human:prot-pr:Q92878,-0.934,muscle,6,negative,"correlation |r|>=0.9, top 10 per metabolite (no significance test)",P1;D3;D8
Xanthosine,REFMET:Xanthosine,SMYD5|prot-pr,human:prot-pr:Q6GMV2,-0.934,muscle,6,negative,"correlation |r|>=0.9, top 10 per metabolite (no significance test)",P1;D3;D8
Phosphoethanolamine,REFMET:Phosphoethanolamine,SCAF11|prot-pr,human:prot-pr:Q99590,-0.934,muscle,6,negative,"correlation |r|>=0.9, top 10 per metabolite (no significance test)",P1;D3;D8
LPC P-16:0 or LPC O-16:1,REFMET:LPC P-16:0 or LPC O-16:1,ISCA2|prot-pr,human:prot-pr:Q86U28,0.9339,muscle,6,positive,"correlation |r|>=0.9, top 10 per metabolite (no significance test)",P1;D3;D8
SM 18:1;O2/18:1,REFMET:SM 18:1;O2/18:1,MAIP1|prot-pr,human:prot-pr:Q8WWC4,-0.9339,muscle,6,negative,"correlation |r|>=0.9, top 10 per metabolite (no significance test)",P1;D3;D8
PC P-36:3 or PC O-36:4,REFMET:PC P-36:3 or PC O-36:4,ANKRD1|prot-pr,human:prot-pr:Q15327,0.9339,muscle,6,positive,"correlation |r|>=0.9, top 10 per metabolite (no significance test)",P1;D3;D8
Aspirin,REFMET:Aspirin,FABP2|prot-ol,human:prot-ol:OID20200,-0.9339,blood,10,negative,"correlation |r|>=0.9, top 10 per metabolite (no significance test)",P1;D3;D8
Deoxyuridine,REFMET:Deoxyuridine,TMEM263|prot-pr,human:prot-pr:Q8WUH6,-0.9339,muscle,6,negative,"correlation |r|>=0.9, top 10 per metabolite (no significance test)",P1;D3;D8
Docosatrienoic acid,REFMET:Docosatrienoic acid,PFDN5|prot-pr,human:prot-pr:Q99471,0.9338,muscle,6,positive,"correlation |r|>=0.9, top 10 per metabolite (no significance test)",P1;D3;D8
Ile-Ile,REFMET:Ile-Ile,VGLL2|prot-pr,human:prot-pr:Q8N8G2,0.9338,muscle,6,positive,"correlation |r|>=0.9, top 10 per metabolite (no significance test)",P1;D3;D8
Dimethylglycine,REFMET:Dimethylglycine,SEMA3F|prot-ol,human:prot-ol:OID20186,-0.9337,blood,10,negative,"correlation |r|>=0.9, top 10 per metabolite (no significance test)",P1;D3;D8
LPC 14:0,REFMET:LPC 14:0,FAM185A|prot-pr,human:prot-pr:Q8N0U4,-0.9337,muscle,6,negative,"correlation |r|>=0.9, top 10 per metabolite (no significance test)",P1;D3;D8
SM 18:1;O2/16:0,REFMET:SM 18:1;O2/16:0,ABRA|prot-pr,human:prot-pr:Q8N0Z2,0.9336,muscle,6,positive,"correlation |r|>=0.9, top 10 per metabolite (no significance test)",P1;D3;D8
Cytidine,REFMET:Cytidine,DAB2|prot-pr,human:prot-pr:P98082,-0.9336,muscle,6,negative,"correlation |r|>=0.9, top 10 per metabolite (no significance test)",P1;D3;D8
Histidine,REFMET:Histidine,WIF1|prot-ol,human:prot-ol:OID21464,-0.9336,blood,10,negative,"correlation |r|>=0.9, top 10 per metabolite (no significance test)",P1;D3;D8
CAR 18:1;OH,REFMET:CAR 18:1;OH,MRPS16|prot-pr,human:prot-pr:Q9Y3D3,0.9336,muscle,6,positive,"correlation |r|>=0.9, top 10 per metabolite (no significance test)",P1;D3;D8
Hydroxyphenyllactic acid,REFMET:Hydroxyphenyllactic acid,LHPP|prot-pr,human:prot-pr:Q9H008,-0.9336,muscle,6,negative,"correlation |r|>=0.9, top 10 per metabolite (no significance test)",P1;D3;D8
Aspartic acid,REFMET:Aspartic acid,CAPG|prot-ol,human:prot-ol:OID21431,-0.9335,blood,10,negative,"correlation |r|>=0.9, top 10 per metabolite (no significance test)",P1;D3;D8
Aminoadipic acid,REFMET:Aminoadipic acid,RETN|prot-pr,human:prot-pr:Q9HD89,-0.9335,muscle,6,negative,"correlation |r|>=0.9, top 10 per metabolite (no significance test)",P1;D3;D8
PC 32:2,REFMET:PC 32:2,COPS3|prot-pr,human:prot-pr:Q9UNS2,0.9335,muscle,6,positive,"correlation |r|>=0.9, top 10 per metabolite (no significance test)",P1;D3;D8
Aminobutyric acid,REFMET:Aminobutyric acid,H4C9|prot-pr,human:prot-pr:P62805,-0.9334,muscle,6,negative,"correlation |r|>=0.9, top 10 per metabolite (no significance test)",P1;D3;D8
4-Pyridoxic acid,REFMET:4-Pyridoxic acid,TNFSF10|prot-ol,human:prot-ol:OID20611,0.9334,blood,10,positive,"correlation |r|>=0.9, top 10 per metabolite (no significance test)",P1;D3;D8
Malic acid,REFMET:Malic acid,H3-2|prot-pr,human:prot-pr:Q5TEC6,0.9334,muscle,6,positive,"correlation |r|>=0.9, top 10 per metabolite (no significance test)",P1;D3;D8
Pipecolic acid,REFMET:Pipecolic acid,NSDHL|prot-pr,human:prot-pr:Q15738,-0.9334,muscle,6,negative,"correlation |r|>=0.9, top 10 per metabolite (no significance test)",P1;D3;D8
2-Oxoglutaric acid,REFMET:2-Oxoglutaric acid,MAT2B|prot-pr,human:prot-pr:Q9NZL9,0.9334,muscle,6,positive,"correlation |r|>=0.9, top 10 per metabolite (no significance test)",P1;D3;D8
Ornithine,REFMET:Ornithine,PXN|prot-ol,human:prot-ol:OID20822,-0.9334,blood,10,negative,"correlation |r|>=0.9, top 10 per metabolite (no significance test)",P1;D3;D8
PC 28:0,REFMET:PC 28:0,ORC3|prot-pr,human:prot-pr:Q9UBD5,0.9334,muscle,6,positive,"correlation |r|>=0.9, top 10 per metabolite (no significance test)",P1;D3;D8
PC P-34:1 or PC O-34:2,REFMET:PC P-34:1 or PC O-34:2,PSMD10|prot-pr,human:prot-pr:O75832,-0.9333,muscle,6,negative,"correlation |r|>=0.9, top 10 per metabolite (no significance test)",P1;D3;D8
Histidine,REFMET:Histidine,CLSTN2|prot-ol,human:prot-ol:OID20664,-0.9333,blood,10,negative,"correlation |r|>=0.9, top 10 per metabolite (no significance test)",P1;D3;D8
PE 38:4,REFMET:PE 38:4,BIRC2|prot-pr,human:prot-pr:Q13490,0.9333,muscle,6,positive,"correlation |r|>=0.9, top 10 per metabolite (no significance test)",P1;D3;D8
LPC 18:1,REFMET:LPC 18:1,PUM3|prot-pr,human:prot-pr:Q15397,0.9333,muscle,6,positive,"correlation |r|>=0.9, top 10 per metabolite (no significance test)",P1;D3;D8
PC P-38:6 or PC O-38:7,REFMET:PC P-38:6 or PC O-38:7,NPLOC4|prot-pr,human:prot-pr:Q8TAT6,0.9333,muscle,6,positive,"correlation |r|>=0.9, top 10 per metabolite (no significance test)",P1;D3;D8
Muricholic acid,REFMET:Muricholic acid,VCAN|prot-ol,human:prot-ol:OID21026,0.9333,blood,10,positive,"correlation |r|>=0.9, top 10 per metabolite (no significance test)",P1;D3;D8
3-Hydroxybenzoic acid,REFMET:3-Hydroxybenzoic acid,MCUR1|prot-pr,human:prot-pr:Q96AQ8,-0.9332,muscle,6,negative,"correlation |r|>=0.9, top 10 per metabolite (no significance test)",P1;D3;D8
N-Acetylputrescine,REFMET:N-Acetylputrescine,ST13|prot-pr,human:prot-pr:P50502,-0.9332,muscle,6,negative,"correlation |r|>=0.9, top 10 per metabolite (no significance test)",P1;D3;D8
N-Acetylisoputreanine,REFMET:N-Acetylisoputreanine,GHRL|prot-ol,human:prot-ol:OID20175,-0.9332,blood,10,negative,"correlation |r|>=0.9, top 10 per metabolite (no significance test)",P1;D3;D8
LPC 20:4,REFMET:LPC 20:4,SSRP1|prot-pr,human:prot-pr:Q08945,-0.9331,muscle,6,negative,"correlation |r|>=0.9, top 10 per metabolite (no significance test)",P1;D3;D8
PC P-36:5 or PC O-36:6,REFMET:PC P-36:5 or PC O-36:6,ABRA|prot-pr,human:prot-pr:Q8N0Z2,0.9331,muscle,6,positive,"correlation |r|>=0.9, top 10 per metabolite (no significance test)",P1;D3;D8
Lysine,REFMET:Lysine,EGLN1|prot-ol,human:prot-ol:OID20572,-0.9331,blood,10,negative,"correlation |r|>=0.9, top 10 per metabolite (no significance test)",P1;D3;D8
N4-Acetylcytidine,REFMET:N4-Acetylcytidine,PFN1|prot-pr,human:prot-pr:P07737,0.9331,muscle,6,positive,"correlation |r|>=0.9, top 10 per metabolite (no significance test)",P1;D3;D8
PC 34:3,REFMET:PC 34:3,C20orf27|prot-pr,human:prot-pr:Q9GZN8,-0.9331,muscle,6,negative,"correlation |r|>=0.9, top 10 per metabolite (no significance test)",P1;D3;D8
PC P-32:0 or PC O-32:1,REFMET:PC P-32:0 or PC O-32:1,MRPL14|prot-pr,human:prot-pr:Q6P1L8,-0.9331,muscle,6,negative,"correlation |r|>=0.9, top 10 per metabolite (no significance test)",P1;D3;D8
Phenylacetic acid,REFMET:Phenylacetic acid,PPOX|prot-pr,human:prot-pr:P50336,0.9331,muscle,6,positive,"correlation |r|>=0.9, top 10 per metabolite (no significance test)",P1;D3;D8
CTP,REFMET:CTP,LYPLA2|prot-pr,human:prot-pr:O95372,0.933,muscle,6,positive,"correlation |r|>=0.9, top 10 per metabolite (no significance test)",P1;D3;D8
Isocitric acid,REFMET:Isocitric acid,TMPO|prot-pr,human:prot-pr:P42167,0.933,muscle,6,positive,"correlation |r|>=0.9, top 10 per metabolite (no significance test)",P1;D3;D8
PC P-30:0 or PC O-30:1,REFMET:PC P-30:0 or PC O-30:1,DRG1|prot-pr,human:prot-pr:Q9Y295,0.933,muscle,6,positive,"correlation |r|>=0.9, top 10 per metabolite (no significance test)",P1;D3;D8
SM 18:1;O2/19:1,REFMET:SM 18:1;O2/19:1,TNNC2|prot-pr,human:prot-pr:P02585,0.933,muscle,6,positive,"correlation |r|>=0.9, top 10 per metabolite (no significance test)",P1;D3;D8
Rosmarinic acid,REFMET:Rosmarinic acid,NMNAT1|prot-ol,human:prot-ol:OID20913,0.9329,blood,10,positive,"correlation |r|>=0.9, top 10 per metabolite (no significance test)",P1;D3;D8
Heptadecanedioic acid,REFMET:Heptadecanedioic acid,EMC6|prot-pr,human:prot-pr:Q9BV81,-0.9329,muscle,6,negative,"correlation |r|>=0.9, top 10 per metabolite (no significance test)",P1;D3;D8
SM 18:1;O2/22:1,REFMET:SM 18:1;O2/22:1,SLC66A2|prot-pr,human:prot-pr:Q8N2U9,0.9329,muscle,6,positive,"correlation |r|>=0.9, top 10 per metabolite (no significance test)",P1;D3;D8
1-Methyladenosine,REFMET:1-Methyladenosine,ALPK3|prot-pr,human:prot-pr:Q96L96,-0.9329,muscle,6,negative,"correlation |r|>=0.9, top 10 per metabolite (no significance test)",P1;D3;D8
Cer 18:1;O2/4:0,REFMET:Cer 18:1;O2/4:0,TAF7|prot-pr,human:prot-pr:Q15545,0.9329,muscle,6,positive,"correlation |r|>=0.9, top 10 per metabolite (no significance test)",P1;D3;D8
Aminoadipic acid,REFMET:Aminoadipic acid,EPS8L2|prot-ol,human:prot-ol:OID21397,0.9329,blood,10,positive,"correlation |r|>=0.9, top 10 per metabolite (no significance test)",P1;D3;D8
SM 18:1;O2/17:0,REFMET:SM 18:1;O2/17:0,PFDN5|prot-pr,human:prot-pr:Q99471,0.9329,muscle,6,positive,"correlation |r|>=0.9, top 10 per metabolite (no significance test)",P1;D3;D8
dUMP,REFMET:dUMP,MACROD1|prot-pr,human:prot-pr:Q9BQ69,-0.9328,muscle,6,negative,"correlation |r|>=0.9, top 10 per metabolite (no significance test)",P1;D3;D8
Sebacic acid,REFMET:Sebacic acid,KLC2|prot-pr,human:prot-pr:Q9H0B6,-0.9328,muscle,6,negative,"correlation |r|>=0.9, top 10 per metabolite (no significance test)",P1;D3;D8
PE 36:3,REFMET:PE 36:3,WFDC2|prot-ol,human:prot-ol:OID21505,0.9328,blood,10,positive,"correlation |r|>=0.9, top 10 per metabolite (no significance test)",P1;D3;D8
N(6)-Methyllysine,REFMET:N(6)-Methyllysine,TLR3|prot-ol,human:prot-ol:OID20612,-0.9328,blood,10,negative,"correlation |r|>=0.9, top 10 per metabolite (no significance test)",P1;D3;D8
Symmetric dimethylarginine,REFMET:Symmetric dimethylarginine,GSS|prot-pr,human:prot-pr:P48637,0.9328,muscle,6,positive,"correlation |r|>=0.9, top 10 per metabolite (no significance test)",P1;D3;D8
5alpha-Androstane-3alpha-ol-17-one sulfate,REFMET:5alpha-Androstane-3alpha-ol-17-one sulfate,NINJ1|prot-ol,human:prot-ol:OID21167,-0.9328,blood,10,negative,"correlation |r|>=0.9, top 10 per metabolite (no significance test)",P1;D3;D8
sn-Glycero-3-phosphocholine,REFMET:sn-Glycero-3-phosphocholine,ADSS2|prot-pr,human:prot-pr:P30520,-0.9327,muscle,6,negative,"correlation |r|>=0.9, top 10 per metabolite (no significance test)",P1;D3;D8
N-Acetylglucosamine 1-phosphate,REFMET:N-Acetylglucosamine 1-phosphate,GLRX2|prot-pr,human:prot-pr:Q9NS18,-0.9327,muscle,6,negative,"correlation |r|>=0.9, top 10 per metabolite (no significance test)",P1;D3;D8
N4-Acetylcytidine,REFMET:N4-Acetylcytidine,GOSR1|prot-pr,human:prot-pr:O95249,-0.9327,muscle,6,negative,"correlation |r|>=0.9, top 10 per metabolite (no significance test)",P1;D3;D8
Histidine,REFMET:Histidine,CD6|prot-ol,human:prot-ol:OID20649,-0.9327,blood,10,negative,"correlation |r|>=0.9, top 10 per metabolite (no significance test)",P1;D3;D8
PE P-34:2 or PE O-34:3,REFMET:PE P-34:2 or PE O-34:3,MGMT|prot-pr,human:prot-pr:P16455,0.9327,muscle,6,positive,"correlation |r|>=0.9, top 10 per metabolite (no significance test)",P1;D3;D8
CAR 4:0;OH,REFMET:CAR 4:0;OH,ZNRF2|prot-pr,human:prot-pr:Q8NHG8,0.9326,muscle,6,positive,"correlation |r|>=0.9, top 10 per metabolite (no significance test)",P1;D3;D8
FA 26:5;O2,REFMET:FA 26:5;O2,SEMA3F|prot-ol,human:prot-ol:OID20186,0.9326,blood,10,positive,"correlation |r|>=0.9, top 10 per metabolite (no significance test)",P1;D3;D8
Ile-Ile,REFMET:Ile-Ile,ABRA|prot-pr,human:prot-pr:Q8N0Z2,0.9326,muscle,6,positive,"correlation |r|>=0.9, top 10 per metabolite (no significance test)",P1;D3;D8
TG 46:2,REFMET:TG 46:2,PFN1|prot-pr,human:prot-pr:P07737,0.9326,muscle,6,positive,"correlation |r|>=0.9, top 10 per metabolite (no significance test)",P1;D3;D8
CAR DC3:0;2Me,REFMET:CAR DC3:0;2Me,MSI2|prot-pr,human:prot-pr:Q96DH6,-0.9326,muscle,6,negative,"correlation |r|>=0.9, top 10 per metabolite (no significance test)",P1;D3;D8
SM 18:1;O2/17:1,REFMET:SM 18:1;O2/17:1,FAM185A|prot-pr,human:prot-pr:Q8N0U4,-0.9326,muscle,6,negative,"correlation |r|>=0.9, top 10 per metabolite (no significance test)",P1;D3;D8
Glyceraldehyde 3-phosphate,REFMET:Glyceraldehyde 3-phosphate,ORC3|prot-pr,human:prot-pr:Q9UBD5,-0.9325,muscle,6,negative,"correlation |r|>=0.9, top 10 per metabolite (no significance test)",P1;D3;D8
Rosmarinic acid,REFMET:Rosmarinic acid,PRTG|prot-ol,human:prot-ol:OID21443,0.9325,blood,10,positive,"correlation |r|>=0.9, top 10 per metabolite (no significance test)",P1;D3;D8
"5,6-Dihydrouridine","REFMET:5,6-Dihydrouridine",TSPAN9|prot-pr,human:prot-pr:O75954,0.9325,muscle,6,positive,"correlation |r|>=0.9, top 10 per metabolite (no significance test)",P1;D3;D8
LPC 14:0,REFMET:LPC 14:0,BIRC2|prot-pr,human:prot-pr:Q13490,0.9325,muscle,6,positive,"correlation |r|>=0.9, top 10 per metabolite (no significance test)",P1;D3;D8
Lysine,REFMET:Lysine,LEFTY2|prot-ol,human:prot-ol:OID21454,-0.9325,blood,10,negative,"correlation |r|>=0.9, top 10 per metabolite (no significance test)",P1;D3;D8
N-Acetylleucine,REFMET:N-Acetylleucine,C12orf29|prot-pr,human:prot-pr:Q8N999,-0.9325,muscle,6,negative,"correlation |r|>=0.9, top 10 per metabolite (no significance test)",P1;D3;D8
Fumaric acid,REFMET:Fumaric acid,FABP2|prot-ol,human:prot-ol:OID20200,0.9325,blood,10,positive,"correlation |r|>=0.9, top 10 per metabolite (no significance test)",P1;D3;D8
Ketoleucine,REFMET:Ketoleucine,RANBP9|prot-pr,human:prot-pr:Q96S59,-0.9324,muscle,6,negative,"correlation |r|>=0.9, top 10 per metabolite (no significance test)",P1;D3;D8
LPC O-16:0,REFMET:LPC O-16:0,WASF3|prot-pr,human:prot-pr:Q9UPY6-2,0.9324,muscle,6,positive,"correlation |r|>=0.9, top 10 per metabolite (no significance test)",P1;D3;D8
Trigonelline,REFMET:Trigonelline,MSI2|prot-pr,human:prot-pr:Q96DH6,-0.9324,muscle,6,negative,"correlation |r|>=0.9, top 10 per metabolite (no significance test)",P1;D3;D8
PGE2 ethanolamide,REFMET:PGE2 ethanolamide,NUTF2|prot-pr,human:prot-pr:P61970,-0.9324,muscle,6,negative,"correlation |r|>=0.9, top 10 per metabolite (no significance test)",P1;D3;D8
1-Methylhistamine,REFMET:1-Methylhistamine,RPS28|prot-pr,human:prot-pr:P62857,0.9324,muscle,6,positive,"correlation |r|>=0.9, top 10 per metabolite (no significance test)",P1;D3;D8
CAR 11:1,REFMET:CAR 11:1,SCARF2|prot-ol,human:prot-ol:OID21048,0.9324,blood,10,positive,"correlation |r|>=0.9, top 10 per metabolite (no significance test)",P1;D3;D8
3-Hydroxybenzoic acid,REFMET:3-Hydroxybenzoic acid,NUTF2|prot-pr,human:prot-pr:P61970,-0.9324,muscle,6,negative,"correlation |r|>=0.9, top 10 per metabolite (no significance test)",P1;D3;D8
Lignoceric acid,REFMET:Lignoceric acid,RPN1|prot-pr,human:prot-pr:P04843,0.9323,muscle,6,positive,"correlation |r|>=0.9, top 10 per metabolite (no significance test)",P1;D3;D8
Alanine,REFMET:Alanine,NPDC1|prot-ol,human:prot-ol:OID20205,0.9323,blood,10,positive,"correlation |r|>=0.9, top 10 per metabolite (no significance test)",P1;D3;D8
N(6)-Methyllysine,REFMET:N(6)-Methyllysine,GSS|prot-pr,human:prot-pr:P48637,0.9323,muscle,6,positive,"correlation |r|>=0.9, top 10 per metabolite (no significance test)",P1;D3;D8
Acetyl-CoA,REFMET:Acetyl-CoA,PFN1|prot-pr,human:prot-pr:P07737,0.9323,muscle,6,positive,"correlation |r|>=0.9, top 10 per metabolite (no significance test)",P1;D3;D8
Cer 18:1;O2/22:1,REFMET:Cer 18:1;O2/22:1,BIRC2|prot-pr,human:prot-pr:Q13490,0.9322,muscle,6,positive,"correlation |r|>=0.9, top 10 per metabolite (no significance test)",P1;D3;D8
PC 35:2,REFMET:PC 35:2,NBL1|prot-ol,human:prot-ol:OID21486,-0.9322,blood,10,negative,"correlation |r|>=0.9, top 10 per metabolite (no significance test)",P1;D3;D8
Rosmarinic acid,REFMET:Rosmarinic acid,SETMAR|prot-ol,human:prot-ol:OID20948,0.9321,blood,10,positive,"correlation |r|>=0.9, top 10 per metabolite (no significance test)",P1;D3;D8
Aminoadipic acid,REFMET:Aminoadipic acid,DDC|prot-ol,human:prot-ol:OID20215,0.9321,blood,10,positive,"correlation |r|>=0.9, top 10 per metabolite (no significance test)",P1;D3;D8
Histidine,REFMET:Histidine,CCL21|prot-ol,human:prot-ol:OID20686,-0.9321,blood,10,negative,"correlation |r|>=0.9, top 10 per metabolite (no significance test)",P1;D3;D8
Indolelactic acid,REFMET:Indolelactic acid,H4C9|prot-pr,human:prot-pr:P62805,0.932,muscle,6,positive,"correlation |r|>=0.9, top 10 per metabolite (no significance test)",P1;D3;D8
PC 28:0,REFMET:PC 28:0,MRPS16|prot-pr,human:prot-pr:Q9Y3D3,0.932,muscle,6,positive,"correlation |r|>=0.9, top 10 per metabolite (no significance test)",P1;D3;D8
EDTA,REFMET:EDTA,NUDT5|prot-pr,human:prot-pr:Q9UKK9,-0.932,muscle,6,negative,"correlation |r|>=0.9, top 10 per metabolite (no significance test)",P1;D3;D8
Indolelactic acid,REFMET:Indolelactic acid,IGFBP5|prot-pr,human:prot-pr:P24593,0.9319,muscle,6,positive,"correlation |r|>=0.9, top 10 per metabolite (no significance test)",P1;D3;D8
DG 18:1_18:2,REFMET:DG 18:1_18:2,IRF2BPL|prot-pr,human:prot-pr:Q9H1B7,-0.9319,muscle,6,negative,"correlation |r|>=0.9, top 10 per metabolite (no significance test)",P1;D3;D8
FAD,REFMET:FAD,MRPS18C|prot-pr,human:prot-pr:Q9Y3D5,0.9319,muscle,6,positive,"correlation |r|>=0.9, top 10 per metabolite (no significance test)",P1;D3;D8
Spermidine,REFMET:Spermidine,YIPF4|prot-pr,human:prot-pr:Q9BSR8,0.9319,muscle,6,positive,"correlation |r|>=0.9, top 10 per metabolite (no significance test)",P1;D3;D8
PE P-34:2 or PE O-34:3,REFMET:PE P-34:2 or PE O-34:3,DHRS11|prot-pr,human:prot-pr:Q6UWP2,-0.9319,muscle,6,negative,"correlation |r|>=0.9, top 10 per metabolite (no significance test)",P1;D3;D8
Creatine,REFMET:Creatine,CD79B|prot-ol,human:prot-ol:OID20635,0.9318,blood,10,positive,"correlation |r|>=0.9, top 10 per metabolite (no significance test)",P1;D3;D8
Glutamine,REFMET:Glutamine,MED18|prot-pr,human:prot-pr:Q9BUE0,0.9318,muscle,6,positive,"correlation |r|>=0.9, top 10 per metabolite (no significance test)",P1;D3;D8
Pantothenic acid,REFMET:Pantothenic acid,SSRP1|prot-pr,human:prot-pr:Q08945,-0.9318,muscle,6,negative,"correlation |r|>=0.9, top 10 per metabolite (no significance test)",P1;D3;D8
Phenylacetic acid,REFMET:Phenylacetic acid,NCOA4|prot-pr,human:prot-pr:Q13772,-0.9318,muscle,6,negative,"correlation |r|>=0.9, top 10 per metabolite (no significance test)",P1;D3;D8
Ketoleucine,REFMET:Ketoleucine,H4C9|prot-pr,human:prot-pr:P62805,0.9318,muscle,6,positive,"correlation |r|>=0.9, top 10 per metabolite (no significance test)",P1;D3;D8
PE P-34:0 or PE O-34:1,REFMET:PE P-34:0 or PE O-34:1,USP28|prot-pr,human:prot-pr:Q96RU2,0.9317,muscle,6,positive,"correlation |r|>=0.9, top 10 per metabolite (no significance test)",P1;D3;D8
Creatine,REFMET:Creatine,CLEC4G|prot-ol,human:prot-ol:OID20590,0.9317,blood,10,positive,"correlation |r|>=0.9, top 10 per metabolite (no significance test)",P1;D3;D8
SM 33:2;O2,REFMET:SM 33:2;O2,CD5|prot-ol,human:prot-ol:OID21449,0.9317,blood,10,positive,"correlation |r|>=0.9, top 10 per metabolite (no significance test)",P1;D3;D8
LPE 22:6,REFMET:LPE 22:6,COMMD3|prot-pr,human:prot-pr:Q9UBI1,0.9317,muscle,6,positive,"correlation |r|>=0.9, top 10 per metabolite (no significance test)",P1;D3;D8
Phe-Phe,REFMET:Phe-Phe,RAD50|prot-pr,human:prot-pr:Q92878,-0.9317,muscle,6,negative,"correlation |r|>=0.9, top 10 per metabolite (no significance test)",P1;D3;D8
N-Acetylputrescine,REFMET:N-Acetylputrescine,GLRX3|prot-pr,human:prot-pr:O76003,-0.9316,muscle,6,negative,"correlation |r|>=0.9, top 10 per metabolite (no significance test)",P1;D3;D8
Deoxyuridine,REFMET:Deoxyuridine,VGLL2|prot-pr,human:prot-pr:Q8N8G2,-0.9316,muscle,6,negative,"correlation |r|>=0.9, top 10 per metabolite (no significance test)",P1;D3;D8
Citrulline,REFMET:Citrulline,PTP4A2|prot-pr,human:prot-pr:Q12974,-0.9316,muscle,6,negative,"correlation |r|>=0.9, top 10 per metabolite (no significance test)",P1;D3;D8
4-Pyridoxic acid,REFMET:4-Pyridoxic acid,MATN2|prot-ol,human:prot-ol:OID20767,0.9316,blood,10,positive,"correlation |r|>=0.9, top 10 per metabolite (no significance test)",P1;D3;D8
Cer 18:1;O2/16:1,REFMET:Cer 18:1;O2/16:1,RANBP9|prot-pr,human:prot-pr:Q96S59,0.9316,muscle,6,positive,"correlation |r|>=0.9, top 10 per metabolite (no significance test)",P1;D3;D8
1-Methyladenosine,REFMET:1-Methyladenosine,PADI2|prot-ol,human:prot-ol:OID20467,-0.9316,blood,10,negative,"correlation |r|>=0.9, top 10 per metabolite (no significance test)",P1;D3;D8
Hydroxycapric acid,REFMET:Hydroxycapric acid,KLC2|prot-pr,human:prot-pr:Q9H0B6,-0.9316,muscle,6,negative,"correlation |r|>=0.9, top 10 per metabolite (no significance test)",P1;D3;D8
Glyceraldehyde 3-phosphate,REFMET:Glyceraldehyde 3-phosphate,PUM3|prot-pr,human:prot-pr:Q15397,-0.9315,muscle,6,negative,"correlation |r|>=0.9, top 10 per metabolite (no significance test)",P1;D3;D8
SM 44:4;O2,REFMET:SM 44:4;O2,PTPRN2|prot-ol,human:prot-ol:OID20912,-0.9315,blood,10,negative,"correlation |r|>=0.9, top 10 per metabolite (no significance test)",P1;D3;D8
Kynurenine,REFMET:Kynurenine,RPE|prot-pr,human:prot-pr:Q96AT9,-0.9315,muscle,6,negative,"correlation |r|>=0.9, top 10 per metabolite (no significance test)",P1;D3;D8
SM 18:1;O2/18:0,REFMET:SM 18:1;O2/18:0,TXNIP|prot-pr,human:prot-pr:Q9H3M7,0.9315,muscle,6,positive,"correlation |r|>=0.9, top 10 per metabolite (no significance test)",P1;D3;D8
PC P-34:1 or PC O-34:2,REFMET:PC P-34:1 or PC O-34:2,TRMT112|prot-pr,human:prot-pr:Q9UI30,-0.9314,muscle,6,negative,"correlation |r|>=0.9, top 10 per metabolite (no significance test)",P1;D3;D8
LPC O-16:0,REFMET:LPC O-16:0,TECR|prot-pr,human:prot-pr:Q9NZ01,-0.9314,muscle,6,negative,"correlation |r|>=0.9, top 10 per metabolite (no significance test)",P1;D3;D8
AICAR,REFMET:AICAR,IRF2BPL|prot-pr,human:prot-pr:Q9H1B7,0.9314,muscle,6,positive,"correlation |r|>=0.9, top 10 per metabolite (no significance test)",P1;D3;D8
PC 33:2,REFMET:PC 33:2,ITGAV|prot-ol,human:prot-ol:OID21416,-0.9314,blood,10,negative,"correlation |r|>=0.9, top 10 per metabolite (no significance test)",P1;D3;D8
PC 35:2,REFMET:PC 35:2,PHYKPL|prot-pr,human:prot-pr:Q8IUZ5,-0.9314,muscle,6,negative,"correlation |r|>=0.9, top 10 per metabolite (no significance test)",P1;D3;D8
Eicosatrienoic acid,REFMET:Eicosatrienoic acid,LMOD2|prot-pr,human:prot-pr:Q6P5Q4,0.9314,muscle,6,positive,"correlation |r|>=0.9, top 10 per metabolite (no significance test)",P1;D3;D8
Creatinine,REFMET:Creatinine,PFN1|prot-pr,human:prot-pr:P07737,-0.9314,muscle,6,negative,"correlation |r|>=0.9, top 10 per metabolite (no significance test)",P1;D3;D8
CAR 16:2,REFMET:CAR 16:2,FBXO6|prot-pr,human:prot-pr:Q9NRD1,0.9313,muscle,6,positive,"correlation |r|>=0.9, top 10 per metabolite (no significance test)",P1;D3;D8
DG 34:1,REFMET:DG 34:1,CAPG|prot-ol,human:prot-ol:OID21431,0.9313,blood,10,positive,"correlation |r|>=0.9, top 10 per metabolite (no significance test)",P1;D3;D8
Ethanolamine,REFMET:Ethanolamine,EBI3|prot-ol,human:prot-ol:OID21389,0.9313,blood,10,positive,"correlation |r|>=0.9, top 10 per metabolite (no significance test)",P1;D3;D8
PC P-38:5 or PC O-38:6,REFMET:PC P-38:5 or PC O-38:6,OGFOD1|prot-pr,human:prot-pr:Q8N543,0.9313,muscle,6,positive,"correlation |r|>=0.9, top 10 per metabolite (no significance test)",P1;D3;D8
Inosine,REFMET:Inosine,GIMAP1|prot-pr,human:prot-pr:Q8WWP7,0.9312,muscle,6,positive,"correlation |r|>=0.9, top 10 per metabolite (no significance test)",P1;D3;D8
Maleic acid,REFMET:Maleic acid,NUP160|prot-pr,human:prot-pr:Q12769,-0.9312,muscle,6,negative,"correlation |r|>=0.9, top 10 per metabolite (no significance test)",P1;D3;D8
Pantothenic acid,REFMET:Pantothenic acid,DDA1|prot-pr,human:prot-pr:Q9BW61,-0.9312,muscle,6,negative,"correlation |r|>=0.9, top 10 per metabolite (no significance test)",P1;D3;D8
4-Acetamidobutanoic acid,REFMET:4-Acetamidobutanoic acid,SMYD5|prot-pr,human:prot-pr:Q6GMV2,-0.9311,muscle,6,negative,"correlation |r|>=0.9, top 10 per metabolite (no significance test)",P1;D3;D8
SM 18:1;O2/18:3,REFMET:SM 18:1;O2/18:3,SLC29A1|prot-pr,human:prot-pr:Q99808,0.9311,muscle,6,positive,"correlation |r|>=0.9, top 10 per metabolite (no significance test)",P1;D3;D8
Glyceraldehyde 3-phosphate,REFMET:Glyceraldehyde 3-phosphate,SLC66A2|prot-pr,human:prot-pr:Q8N2U9,-0.9311,muscle,6,negative,"correlation |r|>=0.9, top 10 per metabolite (no significance test)",P1;D3;D8
Citric acid/Isocitric acid,REFMET:Citric acid/Isocitric acid,SREK1IP1|prot-pr,human:prot-pr:Q8N9Q2,0.9311,muscle,6,positive,"correlation |r|>=0.9, top 10 per metabolite (no significance test)",P1;D3;D8
Cer 18:1;O2/24:0,REFMET:Cer 18:1;O2/24:0,LANCL2|prot-pr,human:prot-pr:Q9NS86,0.931,muscle,6,positive,"correlation |r|>=0.9, top 10 per metabolite (no significance test)",P1;D3;D8
Hydroxytetradecanoic acid,REFMET:Hydroxytetradecanoic acid,H3-2|prot-pr,human:prot-pr:Q5TEC6,-0.931,muscle,6,negative,"correlation |r|>=0.9, top 10 per metabolite (no significance test)",P1;D3;D8
EDTA,REFMET:EDTA,C20orf27|prot-pr,human:prot-pr:Q9GZN8,-0.931,muscle,6,negative,"correlation |r|>=0.9, top 10 per metabolite (no significance test)",P1;D3;D8
Serine,REFMET:Serine,ANAPC7|prot-pr,human:prot-pr:Q9UJX3,-0.9309,muscle,6,negative,"correlation |r|>=0.9, top 10 per metabolite (no significance test)",P1;D3;D8
FAD,REFMET:FAD,TMEM263|prot-pr,human:prot-pr:Q8WUH6,0.9309,muscle,6,positive,"correlation |r|>=0.9, top 10 per metabolite (no significance test)",P1;D3;D8
Aminobutyric acid,REFMET:Aminobutyric acid,ST13|prot-pr,human:prot-pr:P50502,0.9309,muscle,6,positive,"correlation |r|>=0.9, top 10 per metabolite (no significance test)",P1;D3;D8
3-Methyl-2-oxovaleric acid,REFMET:3-Methyl-2-oxovaleric acid,RANBP9|prot-pr,human:prot-pr:Q96S59,-0.9309,muscle,6,negative,"correlation |r|>=0.9, top 10 per metabolite (no significance test)",P1;D3;D8
CAR 20:3,REFMET:CAR 20:3,FBXO6|prot-pr,human:prot-pr:Q9NRD1,0.9309,muscle,6,positive,"correlation |r|>=0.9, top 10 per metabolite (no significance test)",P1;D3;D8
11-Deoxycortisol,REFMET:11-Deoxycortisol,NPDC1|prot-ol,human:prot-ol:OID20205,0.9308,blood,10,positive,"correlation |r|>=0.9, top 10 per metabolite (no significance test)",P1;D3;D8
Behenic acid,REFMET:Behenic acid,PRPF31|prot-pr,human:prot-pr:Q8WWY3,-0.9308,muscle,6,negative,"correlation |r|>=0.9, top 10 per metabolite (no significance test)",P1;D3;D8
Symmetric dimethylarginine,REFMET:Symmetric dimethylarginine,ANGPTL7|prot-ol,human:prot-ol:OID21412,-0.9308,blood,10,negative,"correlation |r|>=0.9, top 10 per metabolite (no significance test)",P1;D3;D8
Betaine,REFMET:Betaine,THY1|prot-ol,human:prot-ol:OID21050,-0.9308,blood,10,negative,"correlation |r|>=0.9, top 10 per metabolite (no significance test)",P1;D3;D8
Ornithine,REFMET:Ornithine,ACVRL1|prot-ol,human:prot-ol:OID20999,-0.9308,blood,10,negative,"correlation |r|>=0.9, top 10 per metabolite (no significance test)",P1;D3;D8
SM 18:1;O2/15:0,REFMET:SM 18:1;O2/15:0,LHPP|prot-pr,human:prot-pr:Q9H008,0.9308,muscle,6,positive,"correlation |r|>=0.9, top 10 per metabolite (no significance test)",P1;D3;D8
Niacinamide,REFMET:Niacinamide,COPS8|prot-pr,human:prot-pr:Q99627,0.9307,muscle,6,positive,"correlation |r|>=0.9, top 10 per metabolite (no significance test)",P1;D3;D8
PC P-36:5 or PC O-36:6,REFMET:PC P-36:5 or PC O-36:6,LMOD2|prot-pr,human:prot-pr:Q6P5Q4,0.9307,muscle,6,positive,"correlation |r|>=0.9, top 10 per metabolite (no significance test)",P1;D3;D8
CAR 11:1,REFMET:CAR 11:1,CNTN5|prot-ol,human:prot-ol:OID21006,0.9307,blood,10,positive,"correlation |r|>=0.9, top 10 per metabolite (no significance test)",P1;D3;D8
Tryptophan,REFMET:Tryptophan,YIPF5|prot-pr,human:prot-pr:Q969M3,0.9307,muscle,6,positive,"correlation |r|>=0.9, top 10 per metabolite (no significance test)",P1;D3;D8
Creatinine,REFMET:Creatinine,EML4|prot-pr,human:prot-pr:Q9HC35,-0.9307,muscle,6,negative,"correlation |r|>=0.9, top 10 per metabolite (no significance test)",P1;D3;D8
CAR DC6:0,REFMET:CAR DC6:0,VGLL2|prot-pr,human:prot-pr:Q8N8G2,0.9307,muscle,6,positive,"correlation |r|>=0.9, top 10 per metabolite (no significance test)",P1;D3;D8
LPE 18:1,REFMET:LPE 18:1,CPSF6|prot-pr,human:prot-pr:Q16630,-0.9307,muscle,6,negative,"correlation |r|>=0.9, top 10 per metabolite (no significance test)",P1;D3;D8
PC P-34:2 or PC O-34:3,REFMET:PC P-34:2 or PC O-34:3,PPP1R27|prot-pr,human:prot-pr:Q86WC6,0.9306,muscle,6,positive,"correlation |r|>=0.9, top 10 per metabolite (no significance test)",P1;D3;D8
PE P-34:2 or PE O-34:3,REFMET:PE P-34:2 or PE O-34:3,ACYP1|prot-pr,human:prot-pr:P07311,-0.9306,muscle,6,negative,"correlation |r|>=0.9, top 10 per metabolite (no significance test)",P1;D3;D8
Phe-Phe,REFMET:Phe-Phe,STYXL2|prot-pr,human:prot-pr:Q5VZP5,0.9306,muscle,6,positive,"correlation |r|>=0.9, top 10 per metabolite (no significance test)",P1;D3;D8
Leu-Ile,REFMET:Leu-Ile,RANBP9|prot-pr,human:prot-pr:Q96S59,0.9305,muscle,6,positive,"correlation |r|>=0.9, top 10 per metabolite (no significance test)",P1;D3;D8
PC P-34:2 or PC O-34:3,REFMET:PC P-34:2 or PC O-34:3,CA14|prot-ol,human:prot-ol:OID21401,-0.9305,blood,10,negative,"correlation |r|>=0.9, top 10 per metabolite (no significance test)",P1;D3;D8
PE P-38:5 or PE O-38:6,REFMET:PE P-38:5 or PE O-38:6,ANKRD1|prot-pr,human:prot-pr:Q15327,0.9305,muscle,6,positive,"correlation |r|>=0.9, top 10 per metabolite (no significance test)",P1;D3;D8
AICAR,REFMET:AICAR,CBX5|prot-pr,human:prot-pr:P45973,0.9305,muscle,6,positive,"correlation |r|>=0.9, top 10 per metabolite (no significance test)",P1;D3;D8
Glucose,REFMET:Glucose,ST13|prot-pr,human:prot-pr:P50502,-0.9304,muscle,6,negative,"correlation |r|>=0.9, top 10 per metabolite (no significance test)",P1;D3;D8
Dimethylarginine,REFMET:Dimethylarginine,RPS28|prot-pr,human:prot-pr:P62857,-0.9304,muscle,6,negative,"correlation |r|>=0.9, top 10 per metabolite (no significance test)",P1;D3;D8
Cer 18:1;O2/24:0,REFMET:Cer 18:1;O2/24:0,MACROD1|prot-pr,human:prot-pr:Q9BQ69,0.9303,muscle,6,positive,"correlation |r|>=0.9, top 10 per metabolite (no significance test)",P1;D3;D8
Leu-Ile,REFMET:Leu-Ile,CBX5|prot-pr,human:prot-pr:P45973,-0.9303,muscle,6,negative,"correlation |r|>=0.9, top 10 per metabolite (no significance test)",P1;D3;D8
SM 18:1;O2/17:1,REFMET:SM 18:1;O2/17:1,BIRC2|prot-pr,human:prot-pr:Q13490,0.9302,muscle,6,positive,"correlation |r|>=0.9, top 10 per metabolite (no significance test)",P1;D3;D8
LPE 18:2,REFMET:LPE 18:2,NEDD1|prot-pr,human:prot-pr:Q8NHV4,-0.9302,muscle,6,negative,"correlation |r|>=0.9, top 10 per metabolite (no significance test)",P1;D3;D8
Pipecolic acid,REFMET:Pipecolic acid,TIMMDC1|prot-pr,human:prot-pr:Q9NPL8,0.9302,muscle,6,positive,"correlation |r|>=0.9, top 10 per metabolite (no significance test)",P1;D3;D8
PC 33:2,REFMET:PC 33:2,NECTIN4|prot-ol,human:prot-ol:OID21490,-0.9302,blood,10,negative,"correlation |r|>=0.9, top 10 per metabolite (no significance test)",P1;D3;D8
LPC O-16:0,REFMET:LPC O-16:0,SFXN3|prot-pr,human:prot-pr:Q9BWM7,-0.9302,muscle,6,negative,"correlation |r|>=0.9, top 10 per metabolite (no significance test)",P1;D3;D8
Cer 18:1;O2/24:1,REFMET:Cer 18:1;O2/24:1,LANCL2|prot-pr,human:prot-pr:Q9NS86,0.9302,muscle,6,positive,"correlation |r|>=0.9, top 10 per metabolite (no significance test)",P1;D3;D8
AICAR,REFMET:AICAR,PRKN|prot-pr,human:prot-pr:O60260,-0.9302,muscle,6,negative,"correlation |r|>=0.9, top 10 per metabolite (no significance test)",P1;D3;D8
Maleic acid,REFMET:Maleic acid,H3-2|prot-pr,human:prot-pr:Q5TEC6,0.9301,muscle,6,positive,"correlation |r|>=0.9, top 10 per metabolite (no significance test)",P1;D3;D8
Hydroxyphenyllactic acid,REFMET:Hydroxyphenyllactic acid,OGFOD1|prot-pr,human:prot-pr:Q8N543,-0.9301,muscle,6,negative,"correlation |r|>=0.9, top 10 per metabolite (no significance test)",P1;D3;D8
Methionine sulfoxide,REFMET:Methionine sulfoxide,LSM1|prot-pr,human:prot-pr:O15116,0.9301,muscle,6,positive,"correlation |r|>=0.9, top 10 per metabolite (no significance test)",P1;D3;D8
CAR 5:1,REFMET:CAR 5:1,CLMP|prot-ol,human:prot-ol:OID21419,-0.9301,blood,10,negative,"correlation |r|>=0.9, top 10 per metabolite (no significance test)",P1;D3;D8
PC 40:1,REFMET:PC 40:1,POLR2F|prot-ol,human:prot-ol:OID21283,0.9301,blood,10,positive,"correlation |r|>=0.9, top 10 per metabolite (no significance test)",P1;D3;D8
Capric acid,REFMET:Capric acid,DHRS11|prot-pr,human:prot-pr:Q6UWP2,0.9301,muscle,6,positive,"correlation |r|>=0.9, top 10 per metabolite (no significance test)",P1;D3;D8
LPC 16:0,REFMET:LPC 16:0,TRMT112|prot-pr,human:prot-pr:Q9UI30,-0.9301,muscle,6,negative,"correlation |r|>=0.9, top 10 per metabolite (no significance test)",P1;D3;D8
Cer 18:1;O2/20:0,REFMET:Cer 18:1;O2/20:0,FAM185A|prot-pr,human:prot-pr:Q8N0U4,-0.9301,muscle,6,negative,"correlation |r|>=0.9, top 10 per metabolite (no significance test)",P1;D3;D8
LPC 18:1,REFMET:LPC 18:1,TRMT112|prot-pr,human:prot-pr:Q9UI30,-0.93,muscle,6,negative,"correlation |r|>=0.9, top 10 per metabolite (no significance test)",P1;D3;D8
LPC 16:0,REFMET:LPC 16:0,SFXN3|prot-pr,human:prot-pr:Q9BWM7,-0.93,muscle,6,negative,"correlation |r|>=0.9, top 10 per metabolite (no significance test)",P1;D3;D8
"N2,N2-Dimethylguanosine","REFMET:N2,N2-Dimethylguanosine",DRG1|prot-pr,human:prot-pr:Q9Y295,0.93,muscle,6,positive,"correlation |r|>=0.9, top 10 per metabolite (no significance test)",P1;D3;D8
CAR 11:1,REFMET:CAR 11:1,WFDC2|prot-ol,human:prot-ol:OID21505,0.9299,blood,10,positive,"correlation |r|>=0.9, top 10 per metabolite (no significance test)",P1;D3;D8
Phosphoethanolamine,REFMET:Phosphoethanolamine,GNG7|prot-pr,human:prot-pr:O60262,0.9299,muscle,6,positive,"correlation |r|>=0.9, top 10 per metabolite (no significance test)",P1;D3;D8
PE O-16:1/22:4,REFMET:PE O-16:1/22:4,PIH1D1|prot-pr,human:prot-pr:Q9NWS0,0.9299,muscle,6,positive,"correlation |r|>=0.9, top 10 per metabolite (no significance test)",P1;D3;D8
AICAR,REFMET:AICAR,LPL|prot-pr,human:prot-pr:P06858,-0.9299,muscle,6,negative,"correlation |r|>=0.9, top 10 per metabolite (no significance test)",P1;D3;D8
Lactic acid,REFMET:Lactic acid,C12orf29|prot-pr,human:prot-pr:Q8N999,-0.9299,muscle,6,negative,"correlation |r|>=0.9, top 10 per metabolite (no significance test)",P1;D3;D8
Indole-4-carboxaldehyde,REFMET:Indole-4-carboxaldehyde,NPDC1|prot-ol,human:prot-ol:OID20205,0.9298,blood,10,positive,"correlation |r|>=0.9, top 10 per metabolite (no significance test)",P1;D3;D8
CAR 16:3,REFMET:CAR 16:3,ORC3|prot-pr,human:prot-pr:Q9UBD5,0.9298,muscle,6,positive,"correlation |r|>=0.9, top 10 per metabolite (no significance test)",P1;D3;D8
Malic acid,REFMET:Malic acid,H4C9|prot-pr,human:prot-pr:P62805,0.9298,muscle,6,positive,"correlation |r|>=0.9, top 10 per metabolite (no significance test)",P1;D3;D8
1-Methylhistamine,REFMET:1-Methylhistamine,NUP160|prot-pr,human:prot-pr:Q12769,0.9298,muscle,6,positive,"correlation |r|>=0.9, top 10 per metabolite (no significance test)",P1;D3;D8
CAR 5:1,REFMET:CAR 5:1,RASSF2|prot-ol,human:prot-ol:OID21194,-0.9298,blood,10,negative,"correlation |r|>=0.9, top 10 per metabolite (no significance test)",P1;D3;D8
Cer 18:1;O2/24:0,REFMET:Cer 18:1;O2/24:0,DPH2|prot-pr,human:prot-pr:Q9BQC3,0.9298,muscle,6,positive,"correlation |r|>=0.9, top 10 per metabolite (no significance test)",P1;D3;D8
Cortisone,REFMET:Cortisone,RPS28|prot-pr,human:prot-pr:P62857,-0.9297,muscle,6,negative,"correlation |r|>=0.9, top 10 per metabolite (no significance test)",P1;D3;D8
Maleic acid,REFMET:Maleic acid,DHX9|prot-pr,human:prot-pr:Q08211,0.9297,muscle,6,positive,"correlation |r|>=0.9, top 10 per metabolite (no significance test)",P1;D3;D8
Indolelactic acid,REFMET:Indolelactic acid,SEC22B|prot-pr,human:prot-pr:O75396,0.9297,muscle,6,positive,"correlation |r|>=0.9, top 10 per metabolite (no significance test)",P1;D3;D8
PE P-34:0 or PE O-34:1,REFMET:PE P-34:0 or PE O-34:1,DST|prot-pr,human:prot-pr:Q03001,0.9297,muscle,6,positive,"correlation |r|>=0.9, top 10 per metabolite (no significance test)",P1;D3;D8
PC 36:5,REFMET:PC 36:5,C20orf27|prot-pr,human:prot-pr:Q9GZN8,-0.9297,muscle,6,negative,"correlation |r|>=0.9, top 10 per metabolite (no significance test)",P1;D3;D8
PC 18:1_20:4,REFMET:PC 18:1_20:4,CAMKK1|prot-ol,human:prot-ol:OID21182,-0.9296,blood,10,negative,"correlation |r|>=0.9, top 10 per metabolite (no significance test)",P1;D3;D8
4-Pyridoxic acid,REFMET:4-Pyridoxic acid,PLAU|prot-ol,human:prot-ol:OID21124,0.9296,blood,10,positive,"correlation |r|>=0.9, top 10 per metabolite (no significance test)",P1;D3;D8
2-Piperidinone,REFMET:2-Piperidinone,MTPN|prot-pr,human:prot-pr:P58546,0.9296,muscle,6,positive,"correlation |r|>=0.9, top 10 per metabolite (no significance test)",P1;D3;D8
Ketoleucine,REFMET:Ketoleucine,SREK1IP1|prot-pr,human:prot-pr:Q8N9Q2,0.9296,muscle,6,positive,"correlation |r|>=0.9, top 10 per metabolite (no significance test)",P1;D3;D8
LPE 18:1,REFMET:LPE 18:1,MRPS18C|prot-pr,human:prot-pr:Q9Y3D5,0.9296,muscle,6,positive,"correlation |r|>=0.9, top 10 per metabolite (no significance test)",P1;D3;D8
PE 38:4,REFMET:PE 38:4,UBQLN4|prot-pr,human:prot-pr:Q9NRR5,0.9295,muscle,6,positive,"correlation |r|>=0.9, top 10 per metabolite (no significance test)",P1;D3;D8
Lactic acid,REFMET:Lactic acid,GIMAP1|prot-pr,human:prot-pr:Q8WWP7,0.9295,muscle,6,positive,"correlation |r|>=0.9, top 10 per metabolite (no significance test)",P1;D3;D8
"(E,E)-Trichostachine","REFMET:(E,E)-Trichostachine",PDCD5|prot-pr,human:prot-pr:O14737,-0.9295,muscle,6,negative,"correlation |r|>=0.9, top 10 per metabolite (no significance test)",P1;D3;D8
CAR 14:0,REFMET:CAR 14:0,FBXO6|prot-pr,human:prot-pr:Q9NRD1,0.9294,muscle,6,positive,"correlation |r|>=0.9, top 10 per metabolite (no significance test)",P1;D3;D8
Pyroglutamic acid,REFMET:Pyroglutamic acid,ADSS2|prot-pr,human:prot-pr:P30520,-0.9294,muscle,6,negative,"correlation |r|>=0.9, top 10 per metabolite (no significance test)",P1;D3;D8
SM 18:1;O2/23:2,REFMET:SM 18:1;O2/23:2,STYXL2|prot-pr,human:prot-pr:Q5VZP5,0.9294,muscle,6,positive,"correlation |r|>=0.9, top 10 per metabolite (no significance test)",P1;D3;D8
Acetyl-CoA,REFMET:Acetyl-CoA,ISCA2|prot-pr,human:prot-pr:Q86U28,-0.9294,muscle,6,negative,"correlation |r|>=0.9, top 10 per metabolite (no significance test)",P1;D3;D8
Xanthine,REFMET:Xanthine,MRPS16|prot-pr,human:prot-pr:Q9Y3D3,-0.9293,muscle,6,negative,"correlation |r|>=0.9, top 10 per metabolite (no significance test)",P1;D3;D8
Ornithine,REFMET:Ornithine,TXNIP|prot-pr,human:prot-pr:Q9H3M7,-0.9293,muscle,6,negative,"correlation |r|>=0.9, top 10 per metabolite (no significance test)",P1;D3;D8
PC P-32:0 or PC O-32:1,REFMET:PC P-32:0 or PC O-32:1,TAF7|prot-pr,human:prot-pr:Q15545,0.9293,muscle,6,positive,"correlation |r|>=0.9, top 10 per metabolite (no significance test)",P1;D3;D8
PE P-36:2 or PE O-36:3,REFMET:PE P-36:2 or PE O-36:3,MTURN|prot-pr,human:prot-pr:Q8N3F0,-0.9293,muscle,6,negative,"correlation |r|>=0.9, top 10 per metabolite (no significance test)",P1;D3;D8
Pyruvic acid,REFMET:Pyruvic acid,LSM1|prot-pr,human:prot-pr:O15116,-0.9293,muscle,6,negative,"correlation |r|>=0.9, top 10 per metabolite (no significance test)",P1;D3;D8
Uric acid,REFMET:Uric acid,IGHV3-74|prot-pr,human:prot-pr:A0A0B4J1X5,-0.9293,muscle,6,negative,"correlation |r|>=0.9, top 10 per metabolite (no significance test)",P1;D3;D8
MG 18:1,REFMET:MG 18:1,VPS37A|prot-pr,human:prot-pr:Q8NEZ2,-0.9293,muscle,6,negative,"correlation |r|>=0.9, top 10 per metabolite (no significance test)",P1;D3;D8
11-Deoxycortisol,REFMET:11-Deoxycortisol,FLT3LG|prot-ol,human:prot-ol:OID20661,0.9293,blood,10,positive,"correlation |r|>=0.9, top 10 per metabolite (no significance test)",P1;D3;D8
Deoxyuridine,REFMET:Deoxyuridine,F3|prot-ol,human:prot-ol:OID21440,-0.9293,blood,10,negative,"correlation |r|>=0.9, top 10 per metabolite (no significance test)",P1;D3;D8
Homoarginine,REFMET:Homoarginine,DST|prot-pr,human:prot-pr:Q03001,0.9293,muscle,6,positive,"correlation |r|>=0.9, top 10 per metabolite (no significance test)",P1;D3;D8
Taurocholic acid,REFMET:Taurocholic acid,LEP|prot-ol,human:prot-ol:OID20187,0.9292,blood,10,positive,"correlation |r|>=0.9, top 10 per metabolite (no significance test)",P1;D3;D8
PE 36:1,REFMET:PE 36:1,PARK7|prot-pr,human:prot-pr:Q99497,0.9292,muscle,6,positive,"correlation |r|>=0.9, top 10 per metabolite (no significance test)",P1;D3;D8
UDP-galactose,REFMET:UDP-galactose,ABRA|prot-pr,human:prot-pr:Q8N0Z2,0.9292,muscle,6,positive,"correlation |r|>=0.9, top 10 per metabolite (no significance test)",P1;D3;D8
Leu-Pro,REFMET:Leu-Pro,BIRC2|prot-pr,human:prot-pr:Q13490,0.9292,muscle,6,positive,"correlation |r|>=0.9, top 10 per metabolite (no significance test)",P1;D3;D8
Dimethylarginine,REFMET:Dimethylarginine,HAVCR1|prot-ol,human:prot-ol:OID21422,-0.9291,blood,10,negative,"correlation |r|>=0.9, top 10 per metabolite (no significance test)",P1;D3;D8
UDP-N-acetylglucosamine,REFMET:UDP-N-acetylglucosamine,SFXN3|prot-pr,human:prot-pr:Q9BWM7,-0.929,muscle,6,negative,"correlation |r|>=0.9, top 10 per metabolite (no significance test)",P1;D3;D8
Phe-Phe,REFMET:Phe-Phe,GHRL|prot-ol,human:prot-ol:OID20175,0.929,blood,10,positive,"correlation |r|>=0.9, top 10 per metabolite (no significance test)",P1;D3;D8
CTP,REFMET:CTP,BIRC2|prot-pr,human:prot-pr:Q13490,0.929,muscle,6,positive,"correlation |r|>=0.9, top 10 per metabolite (no significance test)",P1;D3;D8
GDP,REFMET:GDP,UBTF|prot-pr,human:prot-pr:P17480,-0.929,muscle,6,negative,"correlation |r|>=0.9, top 10 per metabolite (no significance test)",P1;D3;D8
4-Aminohippuric acid,REFMET:4-Aminohippuric acid,ACVRL1|prot-ol,human:prot-ol:OID20999,0.929,blood,10,positive,"correlation |r|>=0.9, top 10 per metabolite (no significance test)",P1;D3;D8
CAR 6:0;OH,REFMET:CAR 6:0;OH,TXNDC17|prot-pr,human:prot-pr:Q9BRA2,0.9289,muscle,6,positive,"correlation |r|>=0.9, top 10 per metabolite (no significance test)",P1;D3;D8
Malic acid,REFMET:Malic acid,UBQLN2|prot-pr,human:prot-pr:Q9UHD9,0.9289,muscle,6,positive,"correlation |r|>=0.9, top 10 per metabolite (no significance test)",P1;D3;D8
PE 36:4,REFMET:PE 36:4,HSPB2|prot-pr,human:prot-pr:Q16082,0.9289,muscle,6,positive,"correlation |r|>=0.9, top 10 per metabolite (no significance test)",P1;D3;D8
CAR 5:1,REFMET:CAR 5:1,SKAP1|prot-ol,human:prot-ol:OID20906,-0.9289,blood,10,negative,"correlation |r|>=0.9, top 10 per metabolite (no significance test)",P1;D3;D8
Cer 18:1;O2/16:0,REFMET:Cer 18:1;O2/16:0,DST|prot-pr,human:prot-pr:Q03001,0.9288,muscle,6,positive,"correlation |r|>=0.9, top 10 per metabolite (no significance test)",P1;D3;D8
Glutamic acid,REFMET:Glutamic acid,NPLOC4|prot-pr,human:prot-pr:Q8TAT6,0.9288,muscle,6,positive,"correlation |r|>=0.9, top 10 per metabolite (no significance test)",P1;D3;D8
Aminobutyric acid,REFMET:Aminobutyric acid,OGFOD1|prot-pr,human:prot-pr:Q8N543,0.9288,muscle,6,positive,"correlation |r|>=0.9, top 10 per metabolite (no significance test)",P1;D3;D8
Hydroxyphenyllactic acid,REFMET:Hydroxyphenyllactic acid,OGDHL|prot-pr,human:prot-pr:Q9ULD0,0.9288,muscle,6,positive,"correlation |r|>=0.9, top 10 per metabolite (no significance test)",P1;D3;D8
FA 26:5;O2,REFMET:FA 26:5;O2,NCAN|prot-ol,human:prot-ol:OID21055,0.9288,blood,10,positive,"correlation |r|>=0.9, top 10 per metabolite (no significance test)",P1;D3;D8
SM 18:1;O2/14:1,REFMET:SM 18:1;O2/14:1,DCTN6|prot-pr,human:prot-pr:O00399,0.9287,muscle,6,positive,"correlation |r|>=0.9, top 10 per metabolite (no significance test)",P1;D3;D8
cis-Aconitic acid,REFMET:cis-Aconitic acid,BCAN|prot-ol,human:prot-ol:OID20998,-0.9287,blood,10,negative,"correlation |r|>=0.9, top 10 per metabolite (no significance test)",P1;D3;D8
Linoleic acid,REFMET:Linoleic acid,DDA1|prot-pr,human:prot-pr:Q9BW61,-0.9287,muscle,6,negative,"correlation |r|>=0.9, top 10 per metabolite (no significance test)",P1;D3;D8
Glucose,REFMET:Glucose,FBXO6|prot-pr,human:prot-pr:Q9NRD1,-0.9286,muscle,6,negative,"correlation |r|>=0.9, top 10 per metabolite (no significance test)",P1;D3;D8
Acetyl-CoA,REFMET:Acetyl-CoA,CALCOCO1|prot-pr,human:prot-pr:Q9P1Z2,-0.9286,muscle,6,negative,"correlation |r|>=0.9, top 10 per metabolite (no significance test)",P1;D3;D8
PC P-36:3 or PC O-36:4,REFMET:PC P-36:3 or PC O-36:4,FABP1|prot-ol,human:prot-ol:OID20778,0.9286,blood,10,positive,"correlation |r|>=0.9, top 10 per metabolite (no significance test)",P1;D3;D8
Palmitoleic acid,REFMET:Palmitoleic acid,DDX3Y|prot-pr,human:prot-pr:O15523,0.9286,muscle,6,positive,"correlation |r|>=0.9, top 10 per metabolite (no significance test)",P1;D3;D8
LPE 18:2,REFMET:LPE 18:2,TRMT112|prot-pr,human:prot-pr:Q9UI30,-0.9286,muscle,6,negative,"correlation |r|>=0.9, top 10 per metabolite (no significance test)",P1;D3;D8
SM 18:1;O2/19:1,REFMET:SM 18:1;O2/19:1,TSC22D3|prot-pr,human:prot-pr:Q99576-3,-0.9286,muscle,6,negative,"correlation |r|>=0.9, top 10 per metabolite (no significance test)",P1;D3;D8
SM 18:1;O2/17:1,REFMET:SM 18:1;O2/17:1,PDK4|prot-pr,human:prot-pr:Q16654,0.9286,muscle,6,positive,"correlation |r|>=0.9, top 10 per metabolite (no significance test)",P1;D3;D8
Proline,REFMET:Proline,GHRL|prot-ol,human:prot-ol:OID20175,-0.9286,blood,10,negative,"correlation |r|>=0.9, top 10 per metabolite (no significance test)",P1;D3;D8
2-Oxoglutaric acid,REFMET:2-Oxoglutaric acid,CALCOCO1|prot-pr,human:prot-pr:Q9P1Z2,0.9286,muscle,6,positive,"correlation |r|>=0.9, top 10 per metabolite (no significance test)",P1;D3;D8
2-Hydroxyglutaric acid,REFMET:2-Hydroxyglutaric acid,ALG11|prot-pr,human:prot-pr:Q2TAA5,-0.9286,muscle,6,negative,"correlation |r|>=0.9, top 10 per metabolite (no significance test)",P1;D3;D8
SM 18:1;O2/19:1,REFMET:SM 18:1;O2/19:1,GLRX2|prot-pr,human:prot-pr:Q9NS18,0.9285,muscle,6,positive,"correlation |r|>=0.9, top 10 per metabolite (no significance test)",P1;D3;D8
FAD,REFMET:FAD,TXNDC17|prot-pr,human:prot-pr:Q9BRA2,0.9285,muscle,6,positive,"correlation |r|>=0.9, top 10 per metabolite (no significance test)",P1;D3;D8
DMGV,REFMET:DMGV,RPS28|prot-pr,human:prot-pr:P62857,-0.9285,muscle,6,negative,"correlation |r|>=0.9, top 10 per metabolite (no significance test)",P1;D3;D8
CAR 5:1,REFMET:CAR 5:1,HAVCR1|prot-ol,human:prot-ol:OID21422,-0.9285,blood,10,negative,"correlation |r|>=0.9, top 10 per metabolite (no significance test)",P1;D3;D8
Cer 18:1;O2/25:0,REFMET:Cer 18:1;O2/25:0,XCL1|prot-ol,human:prot-ol:OID21398,0.9285,blood,10,positive,"correlation |r|>=0.9, top 10 per metabolite (no significance test)",P1;D3;D8
UMP,REFMET:UMP,MACO1|prot-pr,human:prot-pr:Q8N5G2,0.9285,muscle,6,positive,"correlation |r|>=0.9, top 10 per metabolite (no significance test)",P1;D3;D8
Urocanic acid,REFMET:Urocanic acid,WASF3|prot-pr,human:prot-pr:Q9UPY6-2,-0.9284,muscle,6,negative,"correlation |r|>=0.9, top 10 per metabolite (no significance test)",P1;D3;D8
Pipecolic acid,REFMET:Pipecolic acid,ABRACL|prot-pr,human:prot-pr:Q9P1F3,-0.9284,muscle,6,negative,"correlation |r|>=0.9, top 10 per metabolite (no significance test)",P1;D3;D8
CAR 18:3,REFMET:CAR 18:3,Q9BYX7|prot-pr,human:prot-pr:Q9BYX7,0.9284,muscle,6,positive,"correlation |r|>=0.9, top 10 per metabolite (no significance test)",P1;D3;D8
PE P-35:2 or PE O-35:3,REFMET:PE P-35:2 or PE O-35:3,POLR2M|prot-pr,human:prot-pr:Q6EEV4,0.9284,muscle,6,positive,"correlation |r|>=0.9, top 10 per metabolite (no significance test)",P1;D3;D8
Aminobutyric acid,REFMET:Aminobutyric acid,PPOX|prot-pr,human:prot-pr:P50336,-0.9284,muscle,6,negative,"correlation |r|>=0.9, top 10 per metabolite (no significance test)",P1;D3;D8
PC P-36:4 or PC O-36:5,REFMET:PC P-36:4 or PC O-36:5,ZC3H15|prot-pr,human:prot-pr:Q8WU90,0.9283,muscle,6,positive,"correlation |r|>=0.9, top 10 per metabolite (no significance test)",P1;D3;D8
PC P-34:0 or PC O-34:1,REFMET:PC P-34:0 or PC O-34:1,PIR|prot-pr,human:prot-pr:O00625,-0.9283,muscle,6,negative,"correlation |r|>=0.9, top 10 per metabolite (no significance test)",P1;D3;D8
Piperine,REFMET:Piperine,DNAJC21|prot-pr,human:prot-pr:Q5F1R6,0.9283,muscle,6,positive,"correlation |r|>=0.9, top 10 per metabolite (no significance test)",P1;D3;D8
Piperine,REFMET:Piperine,NINJ1|prot-ol,human:prot-ol:OID21167,-0.9283,blood,10,negative,"correlation |r|>=0.9, top 10 per metabolite (no significance test)",P1;D3;D8
N-Methyl-proline,REFMET:N-Methyl-proline,RPS28|prot-pr,human:prot-pr:P62857,0.9283,muscle,6,positive,"correlation |r|>=0.9, top 10 per metabolite (no significance test)",P1;D3;D8
PC 36:3,REFMET:PC 36:3,UBQLN4|prot-pr,human:prot-pr:Q9NRR5,0.9282,muscle,6,positive,"correlation |r|>=0.9, top 10 per metabolite (no significance test)",P1;D3;D8
Behenic acid,REFMET:Behenic acid,CBX5|prot-pr,human:prot-pr:P45973,-0.9282,muscle,6,negative,"correlation |r|>=0.9, top 10 per metabolite (no significance test)",P1;D3;D8
Docosatetraenoic acid,REFMET:Docosatetraenoic acid,TIA1|prot-pr,human:prot-pr:P31483,0.9282,muscle,6,positive,"correlation |r|>=0.9, top 10 per metabolite (no significance test)",P1;D3;D8
Pipecolic acid,REFMET:Pipecolic acid,TMUB2|prot-pr,human:prot-pr:Q71RG4,0.9282,muscle,6,positive,"correlation |r|>=0.9, top 10 per metabolite (no significance test)",P1;D3;D8
Hydroxytetradecanoic acid,REFMET:Hydroxytetradecanoic acid,UBQLN2|prot-pr,human:prot-pr:Q9UHD9,-0.9281,muscle,6,negative,"correlation |r|>=0.9, top 10 per metabolite (no significance test)",P1;D3;D8
PE 32:0,REFMET:PE 32:0,LRRFIP2|prot-pr,human:prot-pr:Q9Y608,0.9281,muscle,6,positive,"correlation |r|>=0.9, top 10 per metabolite (no significance test)",P1;D3;D8
PGE2 ethanolamide,REFMET:PGE2 ethanolamide,ELP5|prot-pr,human:prot-pr:Q8TE02,-0.9281,muscle,6,negative,"correlation |r|>=0.9, top 10 per metabolite (no significance test)",P1;D3;D8
LPC O-18:0,REFMET:LPC O-18:0,TMCC3|prot-pr,human:prot-pr:Q9ULS5,0.9281,muscle,6,positive,"correlation |r|>=0.9, top 10 per metabolite (no significance test)",P1;D3;D8
Hydroxylauric acid,REFMET:Hydroxylauric acid,ZC3H15|prot-pr,human:prot-pr:Q8WU90,0.9281,muscle,6,positive,"correlation |r|>=0.9, top 10 per metabolite (no significance test)",P1;D3;D8
Cer 18:1;O2/16:0,REFMET:Cer 18:1;O2/16:0,VPS37A|prot-pr,human:prot-pr:Q8NEZ2,0.9281,muscle,6,positive,"correlation |r|>=0.9, top 10 per metabolite (no significance test)",P1;D3;D8
gamma-Aminobutyric acid,REFMET:gamma-Aminobutyric acid,SREK1IP1|prot-pr,human:prot-pr:Q8N9Q2,-0.9281,muscle,6,negative,"correlation |r|>=0.9, top 10 per metabolite (no significance test)",P1;D3;D8
4-Aminohippuric acid,REFMET:4-Aminohippuric acid,LSP1|prot-ol,human:prot-ol:OID20530,0.9281,blood,10,positive,"correlation |r|>=0.9, top 10 per metabolite (no significance test)",P1;D3;D8
CAR 5:1,REFMET:CAR 5:1,TXNDC17|prot-pr,human:prot-pr:Q9BRA2,0.9281,muscle,6,positive,"correlation |r|>=0.9, top 10 per metabolite (no significance test)",P1;D3;D8
Glycodeoxycholic acid,REFMET:Glycodeoxycholic acid,HINT1|prot-pr,human:prot-pr:P49773,0.928,muscle,6,positive,"correlation |r|>=0.9, top 10 per metabolite (no significance test)",P1;D3;D8
CAR 12:1,REFMET:CAR 12:1,ORC3|prot-pr,human:prot-pr:Q9UBD5,0.928,muscle,6,positive,"correlation |r|>=0.9, top 10 per metabolite (no significance test)",P1;D3;D8
Behenic acid,REFMET:Behenic acid,SELENOS|prot-pr,human:prot-pr:Q9BQE4,0.928,muscle,6,positive,"correlation |r|>=0.9, top 10 per metabolite (no significance test)",P1;D3;D8
Lysine,REFMET:Lysine,MNDA|prot-ol,human:prot-ol:OID20156,-0.9279,blood,10,negative,"correlation |r|>=0.9, top 10 per metabolite (no significance test)",P1;D3;D8
Tryptophan,REFMET:Tryptophan,RAD50|prot-pr,human:prot-pr:Q92878,0.9279,muscle,6,positive,"correlation |r|>=0.9, top 10 per metabolite (no significance test)",P1;D3;D8
Glutamic acid,REFMET:Glutamic acid,MRPS18C|prot-pr,human:prot-pr:Q9Y3D5,0.9279,muscle,6,positive,"correlation |r|>=0.9, top 10 per metabolite (no significance test)",P1;D3;D8
Putrescine,REFMET:Putrescine,FLT1|prot-ol,human:prot-ol:OID21301,0.9278,blood,10,positive,"correlation |r|>=0.9, top 10 per metabolite (no significance test)",P1;D3;D8
3-Methyl-2-oxovaleric acid,REFMET:3-Methyl-2-oxovaleric acid,IGFBP5|prot-pr,human:prot-pr:P24593,0.9278,muscle,6,positive,"correlation |r|>=0.9, top 10 per metabolite (no significance test)",P1;D3;D8
N-Acetylarginine,REFMET:N-Acetylarginine,FASTKD5|prot-pr,human:prot-pr:Q7L8L6,-0.9277,muscle,6,negative,"correlation |r|>=0.9, top 10 per metabolite (no significance test)",P1;D3;D8
PE 36:3,REFMET:PE 36:3,ILF2|prot-pr,human:prot-pr:Q12905,-0.9277,muscle,6,negative,"correlation |r|>=0.9, top 10 per metabolite (no significance test)",P1;D3;D8
PE 34:2,REFMET:PE 34:2,LANCL2|prot-pr,human:prot-pr:Q9NS86,0.9276,muscle,6,positive,"correlation |r|>=0.9, top 10 per metabolite (no significance test)",P1;D3;D8
PC 30:1,REFMET:PC 30:1,NRAP|prot-pr,human:prot-pr:Q86VF7,0.9276,muscle,6,positive,"correlation |r|>=0.9, top 10 per metabolite (no significance test)",P1;D3;D8
Citric acid,REFMET:Citric acid,VGLL2|prot-pr,human:prot-pr:Q8N8G2,-0.9276,muscle,6,negative,"correlation |r|>=0.9, top 10 per metabolite (no significance test)",P1;D3;D8
CAR 2:0,REFMET:CAR 2:0,H3-2|prot-pr,human:prot-pr:Q5TEC6,0.9276,muscle,6,positive,"correlation |r|>=0.9, top 10 per metabolite (no significance test)",P1;D3;D8
Leu-Ile,REFMET:Leu-Ile,UBQLN2|prot-pr,human:prot-pr:Q9UHD9,-0.9276,muscle,6,negative,"correlation |r|>=0.9, top 10 per metabolite (no significance test)",P1;D3;D8
GDP-mannose,REFMET:GDP-mannose,FILIP1L|prot-pr,human:prot-pr:Q4L180-2,0.9275,muscle,6,positive,"correlation |r|>=0.9, top 10 per metabolite (no significance test)",P1;D3;D8
Cortisol,REFMET:Cortisol,NPDC1|prot-ol,human:prot-ol:OID20205,0.9275,blood,10,positive,"correlation |r|>=0.9, top 10 per metabolite (no significance test)",P1;D3;D8
UDP-galactose,REFMET:UDP-galactose,KIAA2013|prot-pr,human:prot-pr:Q8IYS2,0.9275,muscle,6,positive,"correlation |r|>=0.9, top 10 per metabolite (no significance test)",P1;D3;D8
SM 18:1;O2/18:0,REFMET:SM 18:1;O2/18:0,GOSR1|prot-pr,human:prot-pr:O95249,-0.9275,muscle,6,negative,"correlation |r|>=0.9, top 10 per metabolite (no significance test)",P1;D3;D8
Alanine,REFMET:Alanine,LRRFIP2|prot-pr,human:prot-pr:Q9Y608,-0.9275,muscle,6,negative,"correlation |r|>=0.9, top 10 per metabolite (no significance test)",P1;D3;D8
LPE 22:5,REFMET:LPE 22:5,SLC25A24|prot-pr,human:prot-pr:Q6NUK1,-0.9274,muscle,6,negative,"correlation |r|>=0.9, top 10 per metabolite (no significance test)",P1;D3;D8
PC 32:3,REFMET:PC 32:3,NRAP|prot-pr,human:prot-pr:Q86VF7,0.9274,muscle,6,positive,"correlation |r|>=0.9, top 10 per metabolite (no significance test)",P1;D3;D8
Leu-Ile,REFMET:Leu-Ile,VGLL2|prot-pr,human:prot-pr:Q8N8G2,0.9273,muscle,6,positive,"correlation |r|>=0.9, top 10 per metabolite (no significance test)",P1;D3;D8
Biliverdin,REFMET:Biliverdin,TMPO|prot-pr,human:prot-pr:P42167,0.9273,muscle,6,positive,"correlation |r|>=0.9, top 10 per metabolite (no significance test)",P1;D3;D8
1-Methylguanosine,REFMET:1-Methylguanosine,RANBP9|prot-pr,human:prot-pr:Q96S59,-0.9273,muscle,6,negative,"correlation |r|>=0.9, top 10 per metabolite (no significance test)",P1;D3;D8
2-Hydroxy-3-methylbutyric acid,REFMET:2-Hydroxy-3-methylbutyric acid,SCLY|prot-pr,human:prot-pr:Q96I15,-0.9273,muscle,6,negative,"correlation |r|>=0.9, top 10 per metabolite (no significance test)",P1;D3;D8
Ornithine,REFMET:Ornithine,EPS15L1|prot-pr,human:prot-pr:Q9UBC2-2,0.9273,muscle,6,positive,"correlation |r|>=0.9, top 10 per metabolite (no significance test)",P1;D3;D8
Betaine,REFMET:Betaine,MIA|prot-ol,human:prot-ol:OID21531,-0.9272,blood,10,negative,"correlation |r|>=0.9, top 10 per metabolite (no significance test)",P1;D3;D8
Xanthosine,REFMET:Xanthosine,MSI2|prot-pr,human:prot-pr:Q96DH6,-0.9271,muscle,6,negative,"correlation |r|>=0.9, top 10 per metabolite (no significance test)",P1;D3;D8
CAR 18:0;OH,REFMET:CAR 18:0;OH,MRPS16|prot-pr,human:prot-pr:Q9Y3D3,0.9271,muscle,6,positive,"correlation |r|>=0.9, top 10 per metabolite (no significance test)",P1;D3;D8
PE P-38:6 or PE O-38:7,REFMET:PE P-38:6 or PE O-38:7,PDK4|prot-pr,human:prot-pr:Q16654,0.927,muscle,6,positive,"correlation |r|>=0.9, top 10 per metabolite (no significance test)",P1;D3;D8
CAR 9:0,REFMET:CAR 9:0,MRPL14|prot-pr,human:prot-pr:Q6P1L8,0.927,muscle,6,positive,"correlation |r|>=0.9, top 10 per metabolite (no significance test)",P1;D3;D8
Serine,REFMET:Serine,APBB1IP|prot-ol,human:prot-ol:OID21359,-0.927,blood,10,negative,"correlation |r|>=0.9, top 10 per metabolite (no significance test)",P1;D3;D8
N(6)-Methyllysine,REFMET:N(6)-Methyllysine,CHD4|prot-pr,human:prot-pr:Q14839,0.927,muscle,6,positive,"correlation |r|>=0.9, top 10 per metabolite (no significance test)",P1;D3;D8
1-Methylguanosine,REFMET:1-Methylguanosine,TMCC3|prot-pr,human:prot-pr:Q9ULS5,-0.927,muscle,6,negative,"correlation |r|>=0.9, top 10 per metabolite (no significance test)",P1;D3;D8
Linoleic acid,REFMET:Linoleic acid,CPSF6|prot-pr,human:prot-pr:Q16630,-0.927,muscle,6,negative,"correlation |r|>=0.9, top 10 per metabolite (no significance test)",P1;D3;D8
CAR 5:1,REFMET:CAR 5:1,FCGR2B|prot-ol,human:prot-ol:OID21215,-0.927,blood,10,negative,"correlation |r|>=0.9, top 10 per metabolite (no significance test)",P1;D3;D8
Ethanolamine,REFMET:Ethanolamine,PLAU|prot-ol,human:prot-ol:OID21124,0.927,blood,10,positive,"correlation |r|>=0.9, top 10 per metabolite (no significance test)",P1;D3;D8
Behenic acid,REFMET:Behenic acid,FABP2|prot-ol,human:prot-ol:OID20200,-0.9269,blood,10,negative,"correlation |r|>=0.9, top 10 per metabolite (no significance test)",P1;D3;D8
Glutamine,REFMET:Glutamine,NPLOC4|prot-pr,human:prot-pr:Q8TAT6,-0.9269,muscle,6,negative,"correlation |r|>=0.9, top 10 per metabolite (no significance test)",P1;D3;D8
DG 18:1_18:2,REFMET:DG 18:1_18:2,PRKN|prot-pr,human:prot-pr:O60260,0.9269,muscle,6,positive,"correlation |r|>=0.9, top 10 per metabolite (no significance test)",P1;D3;D8
EDTA,REFMET:EDTA,VGLL2|prot-pr,human:prot-pr:Q8N8G2,0.9268,muscle,6,positive,"correlation |r|>=0.9, top 10 per metabolite (no significance test)",P1;D3;D8
Homoarginine,REFMET:Homoarginine,PIN1|prot-pr,human:prot-pr:Q13526,-0.9268,muscle,6,negative,"correlation |r|>=0.9, top 10 per metabolite (no significance test)",P1;D3;D8
Dimethylarginine,REFMET:Dimethylarginine,CX3CL1|prot-ol,human:prot-ol:OID20976,-0.9268,blood,10,negative,"correlation |r|>=0.9, top 10 per metabolite (no significance test)",P1;D3;D8
4-Aminohippuric acid,REFMET:4-Aminohippuric acid,EPS8L2|prot-ol,human:prot-ol:OID21397,0.9268,blood,10,positive,"correlation |r|>=0.9, top 10 per metabolite (no significance test)",P1;D3;D8
LPC P-18:0 or LPC O-18:1,REFMET:LPC P-18:0 or LPC O-18:1,H4C9|prot-pr,human:prot-pr:P62805,-0.9268,muscle,6,negative,"correlation |r|>=0.9, top 10 per metabolite (no significance test)",P1;D3;D8
Nonadecenoic acid,REFMET:Nonadecenoic acid,ANKS1A|prot-pr,human:prot-pr:Q92625,0.9268,muscle,6,positive,"correlation |r|>=0.9, top 10 per metabolite (no significance test)",P1;D3;D8
Serine,REFMET:Serine,SERPINB8|prot-ol,human:prot-ol:OID20630,-0.9267,blood,10,negative,"correlation |r|>=0.9, top 10 per metabolite (no significance test)",P1;D3;D8
N-Acetylisoputreanine,REFMET:N-Acetylisoputreanine,GYG1|prot-pr,human:prot-pr:P46976-2,-0.9266,muscle,6,negative,"correlation |r|>=0.9, top 10 per metabolite (no significance test)",P1;D3;D8
Oleoyl-EA,REFMET:Oleoyl-EA,IDUA|prot-ol,human:prot-ol:OID21468,-0.9266,blood,10,negative,"correlation |r|>=0.9, top 10 per metabolite (no significance test)",P1;D3;D8
Cer 18:1;O2/22:1,REFMET:Cer 18:1;O2/22:1,MTURN|prot-pr,human:prot-pr:Q8N3F0,-0.9266,muscle,6,negative,"correlation |r|>=0.9, top 10 per metabolite (no significance test)",P1;D3;D8
PE 36:4,REFMET:PE 36:4,DPH2|prot-pr,human:prot-pr:Q9BQC3,0.9266,muscle,6,positive,"correlation |r|>=0.9, top 10 per metabolite (no significance test)",P1;D3;D8
Citric acid/Isocitric acid,REFMET:Citric acid/Isocitric acid,H4C9|prot-pr,human:prot-pr:P62805,0.9265,muscle,6,positive,"correlation |r|>=0.9, top 10 per metabolite (no significance test)",P1;D3;D8
Symmetric dimethylarginine,REFMET:Symmetric dimethylarginine,CD5|prot-ol,human:prot-ol:OID21449,-0.9265,blood,10,negative,"correlation |r|>=0.9, top 10 per metabolite (no significance test)",P1;D3;D8
PC P-35:2 or PC O-35:3,REFMET:PC P-35:2 or PC O-35:3,PPP1R27|prot-pr,human:prot-pr:Q86WC6,0.9265,muscle,6,positive,"correlation |r|>=0.9, top 10 per metabolite (no significance test)",P1;D3;D8
Deoxyuridine,REFMET:Deoxyuridine,UBTF|prot-pr,human:prot-pr:P17480,0.9265,muscle,6,positive,"correlation |r|>=0.9, top 10 per metabolite (no significance test)",P1;D3;D8
Deoxyuridine,REFMET:Deoxyuridine,NECTIN4|prot-ol,human:prot-ol:OID21490,-0.9265,blood,10,negative,"correlation |r|>=0.9, top 10 per metabolite (no significance test)",P1;D3;D8
Dimethylglycine,REFMET:Dimethylglycine,PFDN5|prot-pr,human:prot-pr:Q99471,0.9265,muscle,6,positive,"correlation |r|>=0.9, top 10 per metabolite (no significance test)",P1;D3;D8
SM 18:1;O2/23:2,REFMET:SM 18:1;O2/23:2,NEXN|prot-pr,human:prot-pr:Q0ZGT2-2,0.9265,muscle,6,positive,"correlation |r|>=0.9, top 10 per metabolite (no significance test)",P1;D3;D8
Kynurenine,REFMET:Kynurenine,CAT|prot-pr,human:prot-pr:P04040,-0.9265,muscle,6,negative,"correlation |r|>=0.9, top 10 per metabolite (no significance test)",P1;D3;D8
Cortisone,REFMET:Cortisone,LHPP|prot-pr,human:prot-pr:Q9H008,-0.9264,muscle,6,negative,"correlation |r|>=0.9, top 10 per metabolite (no significance test)",P1;D3;D8
3-Methyl-2-oxovaleric acid,REFMET:3-Methyl-2-oxovaleric acid,UBTF|prot-pr,human:prot-pr:P17480,0.9264,muscle,6,positive,"correlation |r|>=0.9, top 10 per metabolite (no significance test)",P1;D3;D8
S-Methylcysteine S-oxide,REFMET:S-Methylcysteine S-oxide,DNAJA1|prot-pr,human:prot-pr:P31689,0.9264,muscle,6,positive,"correlation |r|>=0.9, top 10 per metabolite (no significance test)",P1;D3;D8
Oxidized glutathione,REFMET:Oxidized glutathione,PUM3|prot-pr,human:prot-pr:Q15397,0.9264,muscle,6,positive,"correlation |r|>=0.9, top 10 per metabolite (no significance test)",P1;D3;D8
Cystine,REFMET:Cystine,MATN3|prot-ol,human:prot-ol:OID20979,-0.9264,blood,10,negative,"correlation |r|>=0.9, top 10 per metabolite (no significance test)",P1;D3;D8
Docosapentaenoic acid,REFMET:Docosapentaenoic acid,DHRS11|prot-pr,human:prot-pr:Q6UWP2,-0.9264,muscle,6,negative,"correlation |r|>=0.9, top 10 per metabolite (no significance test)",P1;D3;D8
PE P-34:2 or PE O-34:3,REFMET:PE P-34:2 or PE O-34:3,TECR|prot-pr,human:prot-pr:Q9NZ01,-0.9263,muscle,6,negative,"correlation |r|>=0.9, top 10 per metabolite (no significance test)",P1;D3;D8
Cer 18:1;O2/20:1,REFMET:Cer 18:1;O2/20:1,FAM185A|prot-pr,human:prot-pr:Q8N0U4,-0.9263,muscle,6,negative,"correlation |r|>=0.9, top 10 per metabolite (no significance test)",P1;D3;D8
DG 18:0_18:1,REFMET:DG 18:0_18:1,S100A12|prot-ol,human:prot-ol:OID21374,0.9263,blood,10,positive,"correlation |r|>=0.9, top 10 per metabolite (no significance test)",P1;D3;D8
SM 18:1;O2/15:0,REFMET:SM 18:1;O2/15:0,KLK6|prot-ol,human:prot-ol:OID21526,-0.9262,blood,10,negative,"correlation |r|>=0.9, top 10 per metabolite (no significance test)",P1;D3;D8
LPE 18:2,REFMET:LPE 18:2,TECR|prot-pr,human:prot-pr:Q9NZ01,-0.9262,muscle,6,negative,"correlation |r|>=0.9, top 10 per metabolite (no significance test)",P1;D3;D8
Deoxyuridine,REFMET:Deoxyuridine,MIA|prot-ol,human:prot-ol:OID21531,-0.9262,blood,10,negative,"correlation |r|>=0.9, top 10 per metabolite (no significance test)",P1;D3;D8
Dimethylglycine,REFMET:Dimethylglycine,MAIP1|prot-pr,human:prot-pr:Q8WWC4,-0.9261,muscle,6,negative,"correlation |r|>=0.9, top 10 per metabolite (no significance test)",P1;D3;D8
Citric acid,REFMET:Citric acid,RANBP9|prot-pr,human:prot-pr:Q96S59,-0.9261,muscle,6,negative,"correlation |r|>=0.9, top 10 per metabolite (no significance test)",P1;D3;D8
Symmetric dimethylarginine,REFMET:Symmetric dimethylarginine,TNFSF10|prot-ol,human:prot-ol:OID20611,-0.9261,blood,10,negative,"correlation |r|>=0.9, top 10 per metabolite (no significance test)",P1;D3;D8
PC 35:3,REFMET:PC 35:3,GIMAP1|prot-pr,human:prot-pr:Q8WWP7,-0.9261,muscle,6,negative,"correlation |r|>=0.9, top 10 per metabolite (no significance test)",P1;D3;D8
ATP,REFMET:ATP,ORC3|prot-pr,human:prot-pr:Q9UBD5,0.9261,muscle,6,positive,"correlation |r|>=0.9, top 10 per metabolite (no significance test)",P1;D3;D8
N1-Acetylspermidine,REFMET:N1-Acetylspermidine,TSHB|prot-ol,human:prot-ol:OID20129,0.9261,blood,10,positive,"correlation |r|>=0.9, top 10 per metabolite (no significance test)",P1;D3;D8
Cer 18:1;O2/16:0,REFMET:Cer 18:1;O2/16:0,DDC|prot-ol,human:prot-ol:OID20215,0.9261,blood,10,positive,"correlation |r|>=0.9, top 10 per metabolite (no significance test)",P1;D3;D8
Dimethylarginine,REFMET:Dimethylarginine,IGHV3-74|prot-pr,human:prot-pr:A0A0B4J1X5,-0.926,muscle,6,negative,"correlation |r|>=0.9, top 10 per metabolite (no significance test)",P1;D3;D8
SM 18:1;O2/15:0,REFMET:SM 18:1;O2/15:0,AP5M1|prot-pr,human:prot-pr:Q9H0R1,-0.9259,muscle,6,negative,"correlation |r|>=0.9, top 10 per metabolite (no significance test)",P1;D3;D8
DG 18:2_18:2,REFMET:DG 18:2_18:2,COQ5|prot-pr,human:prot-pr:Q5HYK3,0.9259,muscle,6,positive,"correlation |r|>=0.9, top 10 per metabolite (no significance test)",P1;D3;D8
gamma-Aminobutyric acid,REFMET:gamma-Aminobutyric acid,HLA-G|prot-pr,human:prot-pr:P17693,-0.9259,muscle,6,negative,"correlation |r|>=0.9, top 10 per metabolite (no significance test)",P1;D3;D8
Biliverdin,REFMET:Biliverdin,UBTF|prot-pr,human:prot-pr:P17480,0.9259,muscle,6,positive,"correlation |r|>=0.9, top 10 per metabolite (no significance test)",P1;D3;D8
PC O-37:4,REFMET:PC O-37:4,ALPK3|prot-pr,human:prot-pr:Q96L96,0.9258,muscle,6,positive,"correlation |r|>=0.9, top 10 per metabolite (no significance test)",P1;D3;D8
Deoxycholic acid,REFMET:Deoxycholic acid,YIPF5|prot-pr,human:prot-pr:Q969M3,0.9258,muscle,6,positive,"correlation |r|>=0.9, top 10 per metabolite (no significance test)",P1;D3;D8
5alpha-Androstane-3alpha-ol-17-one sulfate,REFMET:5alpha-Androstane-3alpha-ol-17-one sulfate,DDC|prot-ol,human:prot-ol:OID20215,0.9258,blood,10,positive,"correlation |r|>=0.9, top 10 per metabolite (no significance test)",P1;D3;D8
Creatinine,REFMET:Creatinine,DNAJC7|prot-pr,human:prot-pr:Q99615,0.9257,muscle,6,positive,"correlation |r|>=0.9, top 10 per metabolite (no significance test)",P1;D3;D8
Hypoxanthine,REFMET:Hypoxanthine,SMYD5|prot-pr,human:prot-pr:Q6GMV2,-0.9257,muscle,6,negative,"correlation |r|>=0.9, top 10 per metabolite (no significance test)",P1;D3;D8
CAR 5:1,REFMET:CAR 5:1,DNAJC7|prot-pr,human:prot-pr:Q99615,0.9257,muscle,6,positive,"correlation |r|>=0.9, top 10 per metabolite (no significance test)",P1;D3;D8
Dimethylglycine,REFMET:Dimethylglycine,GZMH|prot-ol,human:prot-ol:OID20096,-0.9257,blood,10,negative,"correlation |r|>=0.9, top 10 per metabolite (no significance test)",P1;D3;D8
Niacinamide,REFMET:Niacinamide,RANBP9|prot-pr,human:prot-pr:Q96S59,0.9257,muscle,6,positive,"correlation |r|>=0.9, top 10 per metabolite (no significance test)",P1;D3;D8
2-Oxoglutaric acid,REFMET:2-Oxoglutaric acid,BIRC2|prot-pr,human:prot-pr:Q13490,0.9256,muscle,6,positive,"correlation |r|>=0.9, top 10 per metabolite (no significance test)",P1;D3;D8
Guanidoacetic acid,REFMET:Guanidoacetic acid,NDUFB9|prot-pr,human:prot-pr:Q9Y6M9,-0.9256,muscle,6,negative,"correlation |r|>=0.9, top 10 per metabolite (no significance test)",P1;D3;D8
Histidine,REFMET:Histidine,LAYN|prot-ol,human:prot-ol:OID20970,-0.9256,blood,10,negative,"correlation |r|>=0.9, top 10 per metabolite (no significance test)",P1;D3;D8
Malic acid,REFMET:Malic acid,ACVRL1|prot-ol,human:prot-ol:OID20999,0.9256,blood,10,positive,"correlation |r|>=0.9, top 10 per metabolite (no significance test)",P1;D3;D8
Capric acid,REFMET:Capric acid,POLR2M|prot-pr,human:prot-pr:Q6EEV4,-0.9255,muscle,6,negative,"correlation |r|>=0.9, top 10 per metabolite (no significance test)",P1;D3;D8
PE 32:0,REFMET:PE 32:0,STYXL2|prot-pr,human:prot-pr:Q5VZP5,0.9255,muscle,6,positive,"correlation |r|>=0.9, top 10 per metabolite (no significance test)",P1;D3;D8
N-Methyl-proline,REFMET:N-Methyl-proline,NCOA4|prot-pr,human:prot-pr:Q13772,0.9255,muscle,6,positive,"correlation |r|>=0.9, top 10 per metabolite (no significance test)",P1;D3;D8
LPC 18:2,REFMET:LPC 18:2,TECR|prot-pr,human:prot-pr:Q9NZ01,-0.9255,muscle,6,negative,"correlation |r|>=0.9, top 10 per metabolite (no significance test)",P1;D3;D8
PC P-34:2 or PC O-34:3,REFMET:PC P-34:2 or PC O-34:3,YIPF5|prot-pr,human:prot-pr:Q969M3,-0.9255,muscle,6,negative,"correlation |r|>=0.9, top 10 per metabolite (no significance test)",P1;D3;D8
LPC 18:0,REFMET:LPC 18:0,MACROD1|prot-pr,human:prot-pr:Q9BQ69,0.9255,muscle,6,positive,"correlation |r|>=0.9, top 10 per metabolite (no significance test)",P1;D3;D8
Hydroxycaprylic acid,REFMET:Hydroxycaprylic acid,LHPP|prot-pr,human:prot-pr:Q9H008,0.9254,muscle,6,positive,"correlation |r|>=0.9, top 10 per metabolite (no significance test)",P1;D3;D8
1-Methyladenosine,REFMET:1-Methyladenosine,MRPS16|prot-pr,human:prot-pr:Q9Y3D3,-0.9254,muscle,6,negative,"correlation |r|>=0.9, top 10 per metabolite (no significance test)",P1;D3;D8
CAR 14:1;OH,REFMET:CAR 14:1;OH,MRPS16|prot-pr,human:prot-pr:Q9Y3D3,0.9254,muscle,6,positive,"correlation |r|>=0.9, top 10 per metabolite (no significance test)",P1;D3;D8
N6-Acetyllysine,REFMET:N6-Acetyllysine,C20orf27|prot-pr,human:prot-pr:Q9GZN8,-0.9254,muscle,6,negative,"correlation |r|>=0.9, top 10 per metabolite (no significance test)",P1;D3;D8
Symmetric dimethylarginine,REFMET:Symmetric dimethylarginine,CXCL17|prot-ol,human:prot-ol:OID20622,-0.9254,blood,10,negative,"correlation |r|>=0.9, top 10 per metabolite (no significance test)",P1;D3;D8
Lysine,REFMET:Lysine,MATN3|prot-ol,human:prot-ol:OID20979,-0.9253,blood,10,negative,"correlation |r|>=0.9, top 10 per metabolite (no significance test)",P1;D3;D8
LPE 22:6,REFMET:LPE 22:6,TSPAN9|prot-pr,human:prot-pr:O75954,-0.9253,muscle,6,negative,"correlation |r|>=0.9, top 10 per metabolite (no significance test)",P1;D3;D8
DG 18:1_22:6,REFMET:DG 18:1_22:6,OXT|prot-ol,human:prot-ol:OID21047,0.9253,blood,10,positive,"correlation |r|>=0.9, top 10 per metabolite (no significance test)",P1;D3;D8
Isoleucine,REFMET:Isoleucine,SNX3|prot-pr,human:prot-pr:O60493,-0.9253,muscle,6,negative,"correlation |r|>=0.9, top 10 per metabolite (no significance test)",P1;D3;D8
Cystine,REFMET:Cystine,CTSV|prot-ol,human:prot-ol:OID21405,-0.9252,blood,10,negative,"correlation |r|>=0.9, top 10 per metabolite (no significance test)",P1;D3;D8
Cer 18:1;O2/20:0,REFMET:Cer 18:1;O2/20:0,DNAJA1|prot-pr,human:prot-pr:P31689,0.9252,muscle,6,positive,"correlation |r|>=0.9, top 10 per metabolite (no significance test)",P1;D3;D8
Sphinganine,REFMET:Sphinganine,DAB2|prot-pr,human:prot-pr:P98082,0.9252,muscle,6,positive,"correlation |r|>=0.9, top 10 per metabolite (no significance test)",P1;D3;D8
5alpha-Androstane-3alpha-ol-17-one sulfate,REFMET:5alpha-Androstane-3alpha-ol-17-one sulfate,CRIP2|prot-ol,human:prot-ol:OID20901,0.9252,blood,10,positive,"correlation |r|>=0.9, top 10 per metabolite (no significance test)",P1;D3;D8
gamma-Aminobutyric acid,REFMET:gamma-Aminobutyric acid,SEC22B|prot-pr,human:prot-pr:O75396,-0.9251,muscle,6,negative,"correlation |r|>=0.9, top 10 per metabolite (no significance test)",P1;D3;D8
PC 28:0,REFMET:PC 28:0,COPS3|prot-pr,human:prot-pr:Q9UNS2,0.9251,muscle,6,positive,"correlation |r|>=0.9, top 10 per metabolite (no significance test)",P1;D3;D8
Octadecatetraenoic acid,REFMET:Octadecatetraenoic acid,EML4|prot-pr,human:prot-pr:Q9HC35,-0.925,muscle,6,negative,"correlation |r|>=0.9, top 10 per metabolite (no significance test)",P1;D3;D8
SM 43:3;O2,REFMET:SM 43:3;O2,SKAP1|prot-ol,human:prot-ol:OID20906,0.925,blood,10,positive,"correlation |r|>=0.9, top 10 per metabolite (no significance test)",P1;D3;D8
PC P-34:3 or PC O-34:4,REFMET:PC P-34:3 or PC O-34:4,BIRC2|prot-pr,human:prot-pr:Q13490,0.925,muscle,6,positive,"correlation |r|>=0.9, top 10 per metabolite (no significance test)",P1;D3;D8
PE P-36:4 or PE O-36:5,REFMET:PE P-36:4 or PE O-36:5,DST|prot-pr,human:prot-pr:Q03001,0.925,muscle,6,positive,"correlation |r|>=0.9, top 10 per metabolite (no significance test)",P1;D3;D8
SM 18:1;O2/17:1,REFMET:SM 18:1;O2/17:1,VGLL2|prot-pr,human:prot-pr:Q8N8G2,0.9249,muscle,6,positive,"correlation |r|>=0.9, top 10 per metabolite (no significance test)",P1;D3;D8
Piperine,REFMET:Piperine,GSR|prot-pr,human:prot-pr:P00390,-0.9249,muscle,6,negative,"correlation |r|>=0.9, top 10 per metabolite (no significance test)",P1;D3;D8
PC 31:0,REFMET:PC 31:0,XIRP2|prot-pr,human:prot-pr:A4UGR9,0.9249,muscle,6,positive,"correlation |r|>=0.9, top 10 per metabolite (no significance test)",P1;D3;D8
Guanidoacetic acid,REFMET:Guanidoacetic acid,TSPAN9|prot-pr,human:prot-pr:O75954,0.9248,muscle,6,positive,"correlation |r|>=0.9, top 10 per metabolite (no significance test)",P1;D3;D8
3-Hydroxybenzoic acid,REFMET:3-Hydroxybenzoic acid,PSME3IP1|prot-pr,human:prot-pr:Q9GZU8,-0.9247,muscle,6,negative,"correlation |r|>=0.9, top 10 per metabolite (no significance test)",P1;D3;D8
Cer 18:1;O2/20:1,REFMET:Cer 18:1;O2/20:1,SERPINA12|prot-ol,human:prot-ol:OID20219,-0.9247,blood,10,negative,"correlation |r|>=0.9, top 10 per metabolite (no significance test)",P1;D3;D8
4-Pyridoxic acid,REFMET:4-Pyridoxic acid,NOS3|prot-ol,human:prot-ol:OID20834,0.9247,blood,10,positive,"correlation |r|>=0.9, top 10 per metabolite (no significance test)",P1;D3;D8
Hydroxyhexadecanoic acid,REFMET:Hydroxyhexadecanoic acid,PRPF31|prot-pr,human:prot-pr:Q8WWY3,-0.9247,muscle,6,negative,"correlation |r|>=0.9, top 10 per metabolite (no significance test)",P1;D3;D8
2-Piperidinone,REFMET:2-Piperidinone,ABRACL|prot-pr,human:prot-pr:Q9P1F3,0.9246,muscle,6,positive,"correlation |r|>=0.9, top 10 per metabolite (no significance test)",P1;D3;D8
PE O-37:2,REFMET:PE O-37:2,CRIP2|prot-ol,human:prot-ol:OID20901,0.9246,blood,10,positive,"correlation |r|>=0.9, top 10 per metabolite (no significance test)",P1;D3;D8
N-Acetylputrescine,REFMET:N-Acetylputrescine,IGHV3-74|prot-pr,human:prot-pr:A0A0B4J1X5,-0.9246,muscle,6,negative,"correlation |r|>=0.9, top 10 per metabolite (no significance test)",P1;D3;D8
Cer 18:1;O2/16:1,REFMET:Cer 18:1;O2/16:1,LPL|prot-pr,human:prot-pr:P06858,0.9246,muscle,6,positive,"correlation |r|>=0.9, top 10 per metabolite (no significance test)",P1;D3;D8
Phenylalanine,REFMET:Phenylalanine,ANAPC7|prot-pr,human:prot-pr:Q9UJX3,-0.9246,muscle,6,negative,"correlation |r|>=0.9, top 10 per metabolite (no significance test)",P1;D3;D8
DG 34:1,REFMET:DG 34:1,TMPO|prot-pr,human:prot-pr:P42167,-0.9245,muscle,6,negative,"correlation |r|>=0.9, top 10 per metabolite (no significance test)",P1;D3;D8
CAR 5:1,REFMET:CAR 5:1,SMOC1|prot-ol,human:prot-ol:OID21461,-0.9245,blood,10,negative,"correlation |r|>=0.9, top 10 per metabolite (no significance test)",P1;D3;D8
Cortisol,REFMET:Cortisol,FLT3LG|prot-ol,human:prot-ol:OID20661,0.9245,blood,10,positive,"correlation |r|>=0.9, top 10 per metabolite (no significance test)",P1;D3;D8
Octadecatetraenoic acid,REFMET:Octadecatetraenoic acid,GLUD1|prot-pr,human:prot-pr:P00367,-0.9245,muscle,6,negative,"correlation |r|>=0.9, top 10 per metabolite (no significance test)",P1;D3;D8
CAR 3:0,REFMET:CAR 3:0,CD74|prot-ol,human:prot-ol:OID21040,0.9245,blood,10,positive,"correlation |r|>=0.9, top 10 per metabolite (no significance test)",P1;D3;D8
Glu-Lys,REFMET:Glu-Lys,CD300LG|prot-ol,human:prot-ol:OID21130,-0.9245,blood,10,negative,"correlation |r|>=0.9, top 10 per metabolite (no significance test)",P1;D3;D8
PE P-35:2 or PE O-35:3,REFMET:PE P-35:2 or PE O-35:3,NSDHL|prot-pr,human:prot-pr:Q15738,-0.9244,muscle,6,negative,"correlation |r|>=0.9, top 10 per metabolite (no significance test)",P1;D3;D8
Pyroglutamic acid,REFMET:Pyroglutamic acid,NEDD1|prot-pr,human:prot-pr:Q8NHV4,-0.9244,muscle,6,negative,"correlation |r|>=0.9, top 10 per metabolite (no significance test)",P1;D3;D8
Cer 18:1;O2/24:1,REFMET:Cer 18:1;O2/24:1,HSPB2|prot-pr,human:prot-pr:Q16082,0.9244,muscle,6,positive,"correlation |r|>=0.9, top 10 per metabolite (no significance test)",P1;D3;D8
DG 18:0_18:1,REFMET:DG 18:0_18:1,SETMAR|prot-ol,human:prot-ol:OID20948,0.9244,blood,10,positive,"correlation |r|>=0.9, top 10 per metabolite (no significance test)",P1;D3;D8
Dimethylglycine,REFMET:Dimethylglycine,PLAT|prot-ol,human:prot-ol:OID20247,-0.9244,blood,10,negative,"correlation |r|>=0.9, top 10 per metabolite (no significance test)",P1;D3;D8
CAR 18:3,REFMET:CAR 18:3,COL6A1|prot-pr,human:prot-pr:P12109,-0.9244,muscle,6,negative,"correlation |r|>=0.9, top 10 per metabolite (no significance test)",P1;D3;D8
Creatinine,REFMET:Creatinine,GHRL|prot-ol,human:prot-ol:OID20175,-0.9244,blood,10,negative,"correlation |r|>=0.9, top 10 per metabolite (no significance test)",P1;D3;D8
PC P-35:1 or PC O-35:2,REFMET:PC P-35:1 or PC O-35:2,LRRFIP2|prot-pr,human:prot-pr:Q9Y608,0.9244,muscle,6,positive,"correlation |r|>=0.9, top 10 per metabolite (no significance test)",P1;D3;D8
CAR DC3:0;2Me,REFMET:CAR DC3:0;2Me,IGFBP7|prot-pr,human:prot-pr:Q16270,0.9243,muscle,6,positive,"correlation |r|>=0.9, top 10 per metabolite (no significance test)",P1;D3;D8
PE 32:0,REFMET:PE 32:0,LHPP|prot-pr,human:prot-pr:Q9H008,0.9243,muscle,6,positive,"correlation |r|>=0.9, top 10 per metabolite (no significance test)",P1;D3;D8
Cer 18:1;O2/18:0,REFMET:Cer 18:1;O2/18:0,PTBP3|prot-pr,human:prot-pr:O95758,-0.9243,muscle,6,negative,"correlation |r|>=0.9, top 10 per metabolite (no significance test)",P1;D3;D8
Putrescine,REFMET:Putrescine,MASP1|prot-ol,human:prot-ol:OID20954,0.9243,blood,10,positive,"correlation |r|>=0.9, top 10 per metabolite (no significance test)",P1;D3;D8
Isocitric acid,REFMET:Isocitric acid,NPLOC4|prot-pr,human:prot-pr:Q8TAT6,-0.9243,muscle,6,negative,"correlation |r|>=0.9, top 10 per metabolite (no significance test)",P1;D3;D8
DG 38:5,REFMET:DG 38:5,NCAN|prot-ol,human:prot-ol:OID21055,0.9243,blood,10,positive,"correlation |r|>=0.9, top 10 per metabolite (no significance test)",P1;D3;D8
SM 18:1;O2/23:2,REFMET:SM 18:1;O2/23:2,KIAA2013|prot-pr,human:prot-pr:Q8IYS2,0.9243,muscle,6,positive,"correlation |r|>=0.9, top 10 per metabolite (no significance test)",P1;D3;D8
GDP,REFMET:GDP,HSPB2|prot-pr,human:prot-pr:Q16082,0.9242,muscle,6,positive,"correlation |r|>=0.9, top 10 per metabolite (no significance test)",P1;D3;D8
DG 18:1_22:6,REFMET:DG 18:1_22:6,TSHB|prot-ol,human:prot-ol:OID20129,0.9242,blood,10,positive,"correlation |r|>=0.9, top 10 per metabolite (no significance test)",P1;D3;D8
PC 33:1,REFMET:PC 33:1,C20orf27|prot-pr,human:prot-pr:Q9GZN8,-0.9242,muscle,6,negative,"correlation |r|>=0.9, top 10 per metabolite (no significance test)",P1;D3;D8
PE O-17:1/20:4,REFMET:PE O-17:1/20:4,MED18|prot-pr,human:prot-pr:Q9BUE0,-0.9242,muscle,6,negative,"correlation |r|>=0.9, top 10 per metabolite (no significance test)",P1;D3;D8
CAR 14:1;OH,REFMET:CAR 14:1;OH,C12orf29|prot-pr,human:prot-pr:Q8N999,0.9242,muscle,6,positive,"correlation |r|>=0.9, top 10 per metabolite (no significance test)",P1;D3;D8
Eicosatetraenoic acid,REFMET:Eicosatetraenoic acid,MKLN1|prot-pr,human:prot-pr:Q9UL63,-0.9242,muscle,6,negative,"correlation |r|>=0.9, top 10 per metabolite (no significance test)",P1;D3;D8
Cer 18:1;O2/18:0,REFMET:Cer 18:1;O2/18:0,MACROD1|prot-pr,human:prot-pr:Q9BQ69,0.9242,muscle,6,positive,"correlation |r|>=0.9, top 10 per metabolite (no significance test)",P1;D3;D8
TG 58:1,REFMET:TG 58:1,CDK11B|prot-pr,human:prot-pr:P21127,-0.9242,muscle,6,negative,"correlation |r|>=0.9, top 10 per metabolite (no significance test)",P1;D3;D8
Octadecatetraenoic acid,REFMET:Octadecatetraenoic acid,TRMT112|prot-pr,human:prot-pr:Q9UI30,-0.9241,muscle,6,negative,"correlation |r|>=0.9, top 10 per metabolite (no significance test)",P1;D3;D8
Histamine,REFMET:Histamine,SMARCB1|prot-pr,human:prot-pr:Q12824,0.9241,muscle,6,positive,"correlation |r|>=0.9, top 10 per metabolite (no significance test)",P1;D3;D8
Indole-4-carboxaldehyde,REFMET:Indole-4-carboxaldehyde,ACVRL1|prot-ol,human:prot-ol:OID20999,0.9241,blood,10,positive,"correlation |r|>=0.9, top 10 per metabolite (no significance test)",P1;D3;D8
Hydroxyhexadecanoic acid,REFMET:Hydroxyhexadecanoic acid,IRF2BPL|prot-pr,human:prot-pr:Q9H1B7,-0.9241,muscle,6,negative,"correlation |r|>=0.9, top 10 per metabolite (no significance test)",P1;D3;D8
PE 36:4,REFMET:PE 36:4,SPINK6|prot-ol,human:prot-ol:OID21450,-0.924,blood,10,negative,"correlation |r|>=0.9, top 10 per metabolite (no significance test)",P1;D3;D8
CAR 12:0,REFMET:CAR 12:0,ORC3|prot-pr,human:prot-pr:Q9UBD5,0.924,muscle,6,positive,"correlation |r|>=0.9, top 10 per metabolite (no significance test)",P1;D3;D8
NADP,REFMET:NADP,GLO1|prot-pr,human:prot-pr:Q04760,0.9239,muscle,6,positive,"correlation |r|>=0.9, top 10 per metabolite (no significance test)",P1;D3;D8
Lignoceric acid,REFMET:Lignoceric acid,PIH1D1|prot-pr,human:prot-pr:Q9NWS0,-0.9239,muscle,6,negative,"correlation |r|>=0.9, top 10 per metabolite (no significance test)",P1;D3;D8
Fumaric acid,REFMET:Fumaric acid,GPT2|prot-pr,human:prot-pr:Q8TD30,0.9239,muscle,6,positive,"correlation |r|>=0.9, top 10 per metabolite (no significance test)",P1;D3;D8
Tetradecadienoic acid,REFMET:Tetradecadienoic acid,IDNK|prot-pr,human:prot-pr:Q5T6J7,-0.9239,muscle,6,negative,"correlation |r|>=0.9, top 10 per metabolite (no significance test)",P1;D3;D8
Kynurenine,REFMET:Kynurenine,PSMD10|prot-pr,human:prot-pr:O75832,-0.9239,muscle,6,negative,"correlation |r|>=0.9, top 10 per metabolite (no significance test)",P1;D3;D8
Cer 18:1;O2/22:0,REFMET:Cer 18:1;O2/22:0,TSPAN9|prot-pr,human:prot-pr:O75954,-0.9239,muscle,6,negative,"correlation |r|>=0.9, top 10 per metabolite (no significance test)",P1;D3;D8
PC 18:1/18:1,REFMET:PC 18:1/18:1,NUDT5|prot-pr,human:prot-pr:Q9UKK9,-0.9239,muscle,6,negative,"correlation |r|>=0.9, top 10 per metabolite (no significance test)",P1;D3;D8
Acetyl-CoA,REFMET:Acetyl-CoA,SMYD5|prot-pr,human:prot-pr:Q6GMV2,-0.9239,muscle,6,negative,"correlation |r|>=0.9, top 10 per metabolite (no significance test)",P1;D3;D8
LPC 22:6,REFMET:LPC 22:6,ANO10|prot-pr,human:prot-pr:Q9NW15,-0.9239,muscle,6,negative,"correlation |r|>=0.9, top 10 per metabolite (no significance test)",P1;D3;D8
N-Acetyl-D-tryptophan,REFMET:N-Acetyl-D-tryptophan,FLT3LG|prot-ol,human:prot-ol:OID20661,0.9239,blood,10,positive,"correlation |r|>=0.9, top 10 per metabolite (no significance test)",P1;D3;D8
Glucose,REFMET:Glucose,IGFBP7|prot-pr,human:prot-pr:Q16270,0.9239,muscle,6,positive,"correlation |r|>=0.9, top 10 per metabolite (no significance test)",P1;D3;D8
Taurine,REFMET:Taurine,TECR|prot-pr,human:prot-pr:Q9NZ01,-0.9239,muscle,6,negative,"correlation |r|>=0.9, top 10 per metabolite (no significance test)",P1;D3;D8
Lys-Gly,REFMET:Lys-Gly,PADI2|prot-ol,human:prot-ol:OID20467,-0.9239,blood,10,negative,"correlation |r|>=0.9, top 10 per metabolite (no significance test)",P1;D3;D8
"NA-Gly 18:2(9Z,12Z)","REFMET:NA-Gly 18:2(9Z,12Z)",PLAAT3|prot-pr,human:prot-pr:P53816,0.9238,muscle,6,positive,"correlation |r|>=0.9, top 10 per metabolite (no significance test)",P1;D3;D8
CAR 18:1;OH,REFMET:CAR 18:1;OH,COPS3|prot-pr,human:prot-pr:Q9UNS2,0.9237,muscle,6,positive,"correlation |r|>=0.9, top 10 per metabolite (no significance test)",P1;D3;D8
Cer 18:1;O2/16:1,REFMET:Cer 18:1;O2/16:1,PHYKPL|prot-pr,human:prot-pr:Q8IUZ5,-0.9237,muscle,6,negative,"correlation |r|>=0.9, top 10 per metabolite (no significance test)",P1;D3;D8
Oleoyl-EA,REFMET:Oleoyl-EA,AP5M1|prot-pr,human:prot-pr:Q9H0R1,0.9236,muscle,6,positive,"correlation |r|>=0.9, top 10 per metabolite (no significance test)",P1;D3;D8
Biliverdin,REFMET:Biliverdin,GIMAP1|prot-pr,human:prot-pr:Q8WWP7,0.9236,muscle,6,positive,"correlation |r|>=0.9, top 10 per metabolite (no significance test)",P1;D3;D8
PC P-34:2 or PC O-34:3,REFMET:PC P-34:2 or PC O-34:3,DST|prot-pr,human:prot-pr:Q03001,0.9235,muscle,6,positive,"correlation |r|>=0.9, top 10 per metabolite (no significance test)",P1;D3;D8
DMGV,REFMET:DMGV,SREK1IP1|prot-pr,human:prot-pr:Q8N9Q2,0.9235,muscle,6,positive,"correlation |r|>=0.9, top 10 per metabolite (no significance test)",P1;D3;D8
CAR DC3:0;2Me,REFMET:CAR DC3:0;2Me,SEC22B|prot-pr,human:prot-pr:O75396,0.9235,muscle,6,positive,"correlation |r|>=0.9, top 10 per metabolite (no significance test)",P1;D3;D8
Adipic acid,REFMET:Adipic acid,MACO1|prot-pr,human:prot-pr:Q8N5G2,-0.9235,muscle,6,negative,"correlation |r|>=0.9, top 10 per metabolite (no significance test)",P1;D3;D8
LPE 20:3,REFMET:LPE 20:3,MRPL33|prot-pr,human:prot-pr:O75394,0.9235,muscle,6,positive,"correlation |r|>=0.9, top 10 per metabolite (no significance test)",P1;D3;D8
Betaine,REFMET:Betaine,KLK8|prot-ol,human:prot-ol:OID21517,-0.9235,blood,10,negative,"correlation |r|>=0.9, top 10 per metabolite (no significance test)",P1;D3;D8
DG 34:1,REFMET:DG 34:1,NMNAT1|prot-ol,human:prot-ol:OID20913,0.9234,blood,10,positive,"correlation |r|>=0.9, top 10 per metabolite (no significance test)",P1;D3;D8
SM 33:2;O2,REFMET:SM 33:2;O2,SIGLEC6|prot-ol,human:prot-ol:OID21394,0.9234,blood,10,positive,"correlation |r|>=0.9, top 10 per metabolite (no significance test)",P1;D3;D8
Capric acid,REFMET:Capric acid,PFN1|prot-pr,human:prot-pr:P07737,0.9234,muscle,6,positive,"correlation |r|>=0.9, top 10 per metabolite (no significance test)",P1;D3;D8
LPC P-18:0 or LPC O-18:1,REFMET:LPC P-18:0 or LPC O-18:1,DAB2|prot-pr,human:prot-pr:P98082,-0.9234,muscle,6,negative,"correlation |r|>=0.9, top 10 per metabolite (no significance test)",P1;D3;D8
Spermidine,REFMET:Spermidine,PEX7|prot-pr,human:prot-pr:O00628,-0.9234,muscle,6,negative,"correlation |r|>=0.9, top 10 per metabolite (no significance test)",P1;D3;D8
Trigonelline,REFMET:Trigonelline,RPS28|prot-pr,human:prot-pr:P62857,-0.9233,muscle,6,negative,"correlation |r|>=0.9, top 10 per metabolite (no significance test)",P1;D3;D8
TG 58:2,REFMET:TG 58:2,KRT9|prot-pr,human:prot-pr:P35527,-0.9233,muscle,6,negative,"correlation |r|>=0.9, top 10 per metabolite (no significance test)",P1;D3;D8
3-Hydroxybenzoic acid,REFMET:3-Hydroxybenzoic acid,MTPN|prot-pr,human:prot-pr:P58546,0.9233,muscle,6,positive,"correlation |r|>=0.9, top 10 per metabolite (no significance test)",P1;D3;D8
DMGV,REFMET:DMGV,ANAPC7|prot-pr,human:prot-pr:Q9UJX3,-0.9233,muscle,6,negative,"correlation |r|>=0.9, top 10 per metabolite (no significance test)",P1;D3;D8
"(E,E)-Trichostachine","REFMET:(E,E)-Trichostachine",UBE2A|prot-pr,human:prot-pr:P49459,0.9232,muscle,6,positive,"correlation |r|>=0.9, top 10 per metabolite (no significance test)",P1;D3;D8
PC 34:3,REFMET:PC 34:3,FAM185A|prot-pr,human:prot-pr:Q8N0U4,-0.9232,muscle,6,negative,"correlation |r|>=0.9, top 10 per metabolite (no significance test)",P1;D3;D8
Glutamine,REFMET:Glutamine,TMPO|prot-pr,human:prot-pr:P42167,0.9231,muscle,6,positive,"correlation |r|>=0.9, top 10 per metabolite (no significance test)",P1;D3;D8
PC 33:2,REFMET:PC 33:2,CD300LF|prot-ol,human:prot-ol:OID21469,-0.9231,blood,10,negative,"correlation |r|>=0.9, top 10 per metabolite (no significance test)",P1;D3;D8
PE P-38:5 or PE O-38:6,REFMET:PE P-38:5 or PE O-38:6,USP28|prot-pr,human:prot-pr:Q96RU2,0.9231,muscle,6,positive,"correlation |r|>=0.9, top 10 per metabolite (no significance test)",P1;D3;D8
CTP,REFMET:CTP,POLR2M|prot-pr,human:prot-pr:Q6EEV4,0.9231,muscle,6,positive,"correlation |r|>=0.9, top 10 per metabolite (no significance test)",P1;D3;D8
Glutamine,REFMET:Glutamine,POLR2M|prot-pr,human:prot-pr:Q6EEV4,-0.923,muscle,6,negative,"correlation |r|>=0.9, top 10 per metabolite (no significance test)",P1;D3;D8
Aspartic acid,REFMET:Aspartic acid,IL16|prot-ol,human:prot-ol:OID20633,-0.923,blood,10,negative,"correlation |r|>=0.9, top 10 per metabolite (no significance test)",P1;D3;D8
Serine,REFMET:Serine,EPS8L2|prot-ol,human:prot-ol:OID21397,-0.923,blood,10,negative,"correlation |r|>=0.9, top 10 per metabolite (no significance test)",P1;D3;D8
Cer 18:1;O2/23:1,REFMET:Cer 18:1;O2/23:1,PPP1R27|prot-pr,human:prot-pr:Q86WC6,0.923,muscle,6,positive,"correlation |r|>=0.9, top 10 per metabolite (no significance test)",P1;D3;D8
Leucine,REFMET:Leucine,CA14|prot-ol,human:prot-ol:OID21401,0.923,blood,10,positive,"correlation |r|>=0.9, top 10 per metabolite (no significance test)",P1;D3;D8
Cer 18:1;O2/20:1,REFMET:Cer 18:1;O2/20:1,BIRC2|prot-pr,human:prot-pr:Q13490,0.9229,muscle,6,positive,"correlation |r|>=0.9, top 10 per metabolite (no significance test)",P1;D3;D8
Phe-Phe,REFMET:Phe-Phe,ANAPC7|prot-pr,human:prot-pr:Q9UJX3,0.9229,muscle,6,positive,"correlation |r|>=0.9, top 10 per metabolite (no significance test)",P1;D3;D8
DG 18:2_18:2,REFMET:DG 18:2_18:2,BRIX1|prot-pr,human:prot-pr:Q8TDN6,-0.9228,muscle,6,negative,"correlation |r|>=0.9, top 10 per metabolite (no significance test)",P1;D3;D8
N-Methyl-proline,REFMET:N-Methyl-proline,NGRN|prot-pr,human:prot-pr:Q9NPE2,0.9228,muscle,6,positive,"correlation |r|>=0.9, top 10 per metabolite (no significance test)",P1;D3;D8
PC O-32:0,REFMET:PC O-32:0,CCN1|prot-pr,human:prot-pr:O00622,0.9228,muscle,6,positive,"correlation |r|>=0.9, top 10 per metabolite (no significance test)",P1;D3;D8
PC 34:3,REFMET:PC 34:3,NUDT5|prot-pr,human:prot-pr:Q9UKK9,-0.9227,muscle,6,negative,"correlation |r|>=0.9, top 10 per metabolite (no significance test)",P1;D3;D8
CAR 18:2,REFMET:CAR 18:2,FBXO6|prot-pr,human:prot-pr:Q9NRD1,0.9227,muscle,6,positive,"correlation |r|>=0.9, top 10 per metabolite (no significance test)",P1;D3;D8
PC P-36:3 or PC O-36:4,REFMET:PC P-36:3 or PC O-36:4,C20orf27|prot-pr,human:prot-pr:Q9GZN8,-0.9227,muscle,6,negative,"correlation |r|>=0.9, top 10 per metabolite (no significance test)",P1;D3;D8
Hydroxyproline,REFMET:Hydroxyproline,SETMAR|prot-ol,human:prot-ol:OID20948,-0.9227,blood,10,negative,"correlation |r|>=0.9, top 10 per metabolite (no significance test)",P1;D3;D8
Docosapentaenoic acid,REFMET:Docosapentaenoic acid,CBX5|prot-pr,human:prot-pr:P45973,-0.9227,muscle,6,negative,"correlation |r|>=0.9, top 10 per metabolite (no significance test)",P1;D3;D8
PE 32:1,REFMET:PE 32:1,ANKRD1|prot-pr,human:prot-pr:Q15327,0.9227,muscle,6,positive,"correlation |r|>=0.9, top 10 per metabolite (no significance test)",P1;D3;D8
Cer 18:1;O2/24:2,REFMET:Cer 18:1;O2/24:2,MTURN|prot-pr,human:prot-pr:Q8N3F0,-0.9227,muscle,6,negative,"correlation |r|>=0.9, top 10 per metabolite (no significance test)",P1;D3;D8
PC P-36:3 or PC O-36:4,REFMET:PC P-36:3 or PC O-36:4,LGALS4|prot-ol,human:prot-ol:OID20748,0.9226,blood,10,positive,"correlation |r|>=0.9, top 10 per metabolite (no significance test)",P1;D3;D8
Methionine sulfoxide,REFMET:Methionine sulfoxide,ANO10|prot-pr,human:prot-pr:Q9NW15,-0.9226,muscle,6,negative,"correlation |r|>=0.9, top 10 per metabolite (no significance test)",P1;D3;D8
Ketoleucine,REFMET:Ketoleucine,UBTF|prot-pr,human:prot-pr:P17480,0.9226,muscle,6,positive,"correlation |r|>=0.9, top 10 per metabolite (no significance test)",P1;D3;D8
"N(6),N(6)-Dimethyl-lysine","REFMET:N(6),N(6)-Dimethyl-lysine",RETN|prot-pr,human:prot-pr:Q9HD89,-0.9226,muscle,6,negative,"correlation |r|>=0.9, top 10 per metabolite (no significance test)",P1;D3;D8
AICAR,REFMET:AICAR,ISCA2|prot-pr,human:prot-pr:Q86U28,-0.9226,muscle,6,negative,"correlation |r|>=0.9, top 10 per metabolite (no significance test)",P1;D3;D8
SM 18:1;O2/21:0,REFMET:SM 18:1;O2/21:0,LHPP|prot-pr,human:prot-pr:Q9H008,0.9226,muscle,6,positive,"correlation |r|>=0.9, top 10 per metabolite (no significance test)",P1;D3;D8
"NA-Gly 18:2(9Z,12Z)","REFMET:NA-Gly 18:2(9Z,12Z)",MACO1|prot-pr,human:prot-pr:Q8N5G2,0.9226,muscle,6,positive,"correlation |r|>=0.9, top 10 per metabolite (no significance test)",P1;D3;D8
LPC 18:0,REFMET:LPC 18:0,UBTF|prot-pr,human:prot-pr:P17480,-0.9225,muscle,6,negative,"correlation |r|>=0.9, top 10 per metabolite (no significance test)",P1;D3;D8
DG 34:1,REFMET:DG 34:1,NCF2|prot-ol,human:prot-ol:OID20567,0.9225,blood,10,positive,"correlation |r|>=0.9, top 10 per metabolite (no significance test)",P1;D3;D8
Leu-Pro,REFMET:Leu-Pro,NUDT5|prot-pr,human:prot-pr:Q9UKK9,-0.9225,muscle,6,negative,"correlation |r|>=0.9, top 10 per metabolite (no significance test)",P1;D3;D8
Tricosylic acid,REFMET:Tricosylic acid,TSPAN9|prot-pr,human:prot-pr:O75954,-0.9225,muscle,6,negative,"correlation |r|>=0.9, top 10 per metabolite (no significance test)",P1;D3;D8
PC P-36:3 or PC O-36:4,REFMET:PC P-36:3 or PC O-36:4,DST|prot-pr,human:prot-pr:Q03001,0.9225,muscle,6,positive,"correlation |r|>=0.9, top 10 per metabolite (no significance test)",P1;D3;D8
LPE 22:5,REFMET:LPE 22:5,MTA1|prot-pr,human:prot-pr:Q13330,0.9224,muscle,6,positive,"correlation |r|>=0.9, top 10 per metabolite (no significance test)",P1;D3;D8
Methionine,REFMET:Methionine,DAB2|prot-pr,human:prot-pr:P98082,0.9224,muscle,6,positive,"correlation |r|>=0.9, top 10 per metabolite (no significance test)",P1;D3;D8
Putrescine,REFMET:Putrescine,ACYP1|prot-pr,human:prot-pr:P07311,-0.9224,muscle,6,negative,"correlation |r|>=0.9, top 10 per metabolite (no significance test)",P1;D3;D8
PC P-38:6 or PC O-38:7,REFMET:PC P-38:6 or PC O-38:7,PARK7|prot-pr,human:prot-pr:Q99497,0.9224,muscle,6,positive,"correlation |r|>=0.9, top 10 per metabolite (no significance test)",P1;D3;D8
Histamine,REFMET:Histamine,DDX3Y|prot-pr,human:prot-pr:O15523,0.9223,muscle,6,positive,"correlation |r|>=0.9, top 10 per metabolite (no significance test)",P1;D3;D8
Aspartic acid,REFMET:Aspartic acid,NMNAT1|prot-ol,human:prot-ol:OID20913,-0.9223,blood,10,negative,"correlation |r|>=0.9, top 10 per metabolite (no significance test)",P1;D3;D8
PE P-36:2 or PE O-36:3,REFMET:PE P-36:2 or PE O-36:3,MRPL14|prot-pr,human:prot-pr:Q6P1L8,-0.9223,muscle,6,negative,"correlation |r|>=0.9, top 10 per metabolite (no significance test)",P1;D3;D8
PE 36:1,REFMET:PE 36:1,PDK4|prot-pr,human:prot-pr:Q16654,0.9223,muscle,6,positive,"correlation |r|>=0.9, top 10 per metabolite (no significance test)",P1;D3;D8
2-Piperidinone,REFMET:2-Piperidinone,GNG7|prot-pr,human:prot-pr:O60262,-0.9222,muscle,6,negative,"correlation |r|>=0.9, top 10 per metabolite (no significance test)",P1;D3;D8
Phosphoethanolamine,REFMET:Phosphoethanolamine,MTPN|prot-pr,human:prot-pr:P58546,-0.9222,muscle,6,negative,"correlation |r|>=0.9, top 10 per metabolite (no significance test)",P1;D3;D8
Putrescine,REFMET:Putrescine,CX3CL1|prot-ol,human:prot-ol:OID20976,0.9222,blood,10,positive,"correlation |r|>=0.9, top 10 per metabolite (no significance test)",P1;D3;D8
N(6)-Methyllysine,REFMET:N(6)-Methyllysine,SCGB1A1|prot-ol,human:prot-ol:OID20688,-0.9221,blood,10,negative,"correlation |r|>=0.9, top 10 per metabolite (no significance test)",P1;D3;D8
GDP-mannose,REFMET:GDP-mannose,H4C9|prot-pr,human:prot-pr:P62805,0.9221,muscle,6,positive,"correlation |r|>=0.9, top 10 per metabolite (no significance test)",P1;D3;D8
Symmetric dimethylarginine,REFMET:Symmetric dimethylarginine,CD8A|prot-ol,human:prot-ol:OID21018,-0.9221,blood,10,negative,"correlation |r|>=0.9, top 10 per metabolite (no significance test)",P1;D3;D8
LPC O-18:0,REFMET:LPC O-18:0,PIR|prot-pr,human:prot-pr:O00625,-0.9221,muscle,6,negative,"correlation |r|>=0.9, top 10 per metabolite (no significance test)",P1;D3;D8
Ethanolamine,REFMET:Ethanolamine,SCARF2|prot-ol,human:prot-ol:OID21048,0.9221,blood,10,positive,"correlation |r|>=0.9, top 10 per metabolite (no significance test)",P1;D3;D8
CAR 18:3,REFMET:CAR 18:3,PSMG2|prot-pr,human:prot-pr:Q969U7,0.922,muscle,6,positive,"correlation |r|>=0.9, top 10 per metabolite (no significance test)",P1;D3;D8
Trigonelline,REFMET:Trigonelline,ALPK3|prot-pr,human:prot-pr:Q96L96,-0.9219,muscle,6,negative,"correlation |r|>=0.9, top 10 per metabolite (no significance test)",P1;D3;D8
Octadecatetraenoic acid,REFMET:Octadecatetraenoic acid,DNAJC7|prot-pr,human:prot-pr:Q99615,0.9219,muscle,6,positive,"correlation |r|>=0.9, top 10 per metabolite (no significance test)",P1;D3;D8
Creatinine,REFMET:Creatinine,IRF2BPL|prot-pr,human:prot-pr:Q9H1B7,-0.9219,muscle,6,negative,"correlation |r|>=0.9, top 10 per metabolite (no significance test)",P1;D3;D8
MG 18:1,REFMET:MG 18:1,TMCC3|prot-pr,human:prot-pr:Q9ULS5,-0.9219,muscle,6,negative,"correlation |r|>=0.9, top 10 per metabolite (no significance test)",P1;D3;D8
Putrescine,REFMET:Putrescine,MYOC|prot-ol,human:prot-ol:OID21121,0.9219,blood,10,positive,"correlation |r|>=0.9, top 10 per metabolite (no significance test)",P1;D3;D8
Creatine,REFMET:Creatine,CAPG|prot-ol,human:prot-ol:OID21431,0.9219,blood,10,positive,"correlation |r|>=0.9, top 10 per metabolite (no significance test)",P1;D3;D8
Creatinine,REFMET:Creatinine,TMCC3|prot-pr,human:prot-pr:Q9ULS5,0.9219,muscle,6,positive,"correlation |r|>=0.9, top 10 per metabolite (no significance test)",P1;D3;D8
PE P-35:2 or PE O-35:3,REFMET:PE P-35:2 or PE O-35:3,ACYP1|prot-pr,human:prot-pr:P07311,-0.9219,muscle,6,negative,"correlation |r|>=0.9, top 10 per metabolite (no significance test)",P1;D3;D8
Oleoyl-EA,REFMET:Oleoyl-EA,BST2|prot-pr,human:prot-pr:Q10589,0.9218,muscle,6,positive,"correlation |r|>=0.9, top 10 per metabolite (no significance test)",P1;D3;D8
GlcCer 18:1;O2/18:0,REFMET:GlcCer 18:1;O2/18:0,TNFRSF6B|prot-ol,human:prot-ol:OID20964,-0.9218,blood,10,negative,"correlation |r|>=0.9, top 10 per metabolite (no significance test)",P1;D3;D8
"N2,N2-Dimethylguanosine","REFMET:N2,N2-Dimethylguanosine",ABRA|prot-pr,human:prot-pr:Q8N0Z2,0.9217,muscle,6,positive,"correlation |r|>=0.9, top 10 per metabolite (no significance test)",P1;D3;D8
Glycine,REFMET:Glycine,PRPF19|prot-pr,human:prot-pr:Q9UMS4,0.9217,muscle,6,positive,"correlation |r|>=0.9, top 10 per metabolite (no significance test)",P1;D3;D8
SM 18:1;O2/17:0,REFMET:SM 18:1;O2/17:0,PFKFB2|prot-pr,human:prot-pr:O60825,-0.9216,muscle,6,negative,"correlation |r|>=0.9, top 10 per metabolite (no significance test)",P1;D3;D8
13-HODE,REFMET:13-HODE,ABRA|prot-pr,human:prot-pr:Q8N0Z2,0.9215,muscle,6,positive,"correlation |r|>=0.9, top 10 per metabolite (no significance test)",P1;D3;D8
Putrescine,REFMET:Putrescine,VPS37A|prot-pr,human:prot-pr:Q8NEZ2,0.9215,muscle,6,positive,"correlation |r|>=0.9, top 10 per metabolite (no significance test)",P1;D3;D8
Taurine,REFMET:Taurine,ACYP1|prot-pr,human:prot-pr:P07311,-0.9215,muscle,6,negative,"correlation |r|>=0.9, top 10 per metabolite (no significance test)",P1;D3;D8
Carnitine,REFMET:Carnitine,GDE1|prot-pr,human:prot-pr:Q9NZC3,-0.9215,muscle,6,negative,"correlation |r|>=0.9, top 10 per metabolite (no significance test)",P1;D3;D8
NADP,REFMET:NADP,MRPS18C|prot-pr,human:prot-pr:Q9Y3D5,0.9215,muscle,6,positive,"correlation |r|>=0.9, top 10 per metabolite (no significance test)",P1;D3;D8
CMP,REFMET:CMP,MACO1|prot-pr,human:prot-pr:Q8N5G2,0.9215,muscle,6,positive,"correlation |r|>=0.9, top 10 per metabolite (no significance test)",P1;D3;D8
Leu-Pro,REFMET:Leu-Pro,UBQLN4|prot-pr,human:prot-pr:Q9NRR5,0.9214,muscle,6,positive,"correlation |r|>=0.9, top 10 per metabolite (no significance test)",P1;D3;D8
2-Aminobutyric acid,REFMET:2-Aminobutyric acid,EGFR|prot-pr,human:prot-pr:P00533,-0.9214,muscle,6,negative,"correlation |r|>=0.9, top 10 per metabolite (no significance test)",P1;D3;D8
Citric acid/Isocitric acid,REFMET:Citric acid/Isocitric acid,NCOA4|prot-pr,human:prot-pr:Q13772,-0.9214,muscle,6,negative,"correlation |r|>=0.9, top 10 per metabolite (no significance test)",P1;D3;D8
Dimethylarginine,REFMET:Dimethylarginine,S100A11|prot-ol,human:prot-ol:OID20130,-0.9214,blood,10,negative,"correlation |r|>=0.9, top 10 per metabolite (no significance test)",P1;D3;D8
SM 18:1;O2/17:1,REFMET:SM 18:1;O2/17:1,TECR|prot-pr,human:prot-pr:Q9NZ01,-0.9213,muscle,6,negative,"correlation |r|>=0.9, top 10 per metabolite (no significance test)",P1;D3;D8
DMGV,REFMET:DMGV,COPS8|prot-pr,human:prot-pr:Q99627,-0.9213,muscle,6,negative,"correlation |r|>=0.9, top 10 per metabolite (no significance test)",P1;D3;D8
Ornithine,REFMET:Ornithine,PFKFB2|prot-pr,human:prot-pr:O60825,0.9213,muscle,6,positive,"correlation |r|>=0.9, top 10 per metabolite (no significance test)",P1;D3;D8
Aminobutyric acid,REFMET:Aminobutyric acid,LHPP|prot-pr,human:prot-pr:Q9H008,0.9213,muscle,6,positive,"correlation |r|>=0.9, top 10 per metabolite (no significance test)",P1;D3;D8
Pseudouridine,REFMET:Pseudouridine,COMMD3|prot-pr,human:prot-pr:Q9UBI1,-0.9212,muscle,6,negative,"correlation |r|>=0.9, top 10 per metabolite (no significance test)",P1;D3;D8
PE P-35:2 or PE O-35:3,REFMET:PE P-35:2 or PE O-35:3,PRPF31|prot-pr,human:prot-pr:Q8WWY3,-0.9211,muscle,6,negative,"correlation |r|>=0.9, top 10 per metabolite (no significance test)",P1;D3;D8
FA 26:5;O2,REFMET:FA 26:5;O2,TACSTD2|prot-ol,human:prot-ol:OID21447,0.9211,blood,10,positive,"correlation |r|>=0.9, top 10 per metabolite (no significance test)",P1;D3;D8
SM 18:1;O2/22:3,REFMET:SM 18:1;O2/22:3,SERPINA12|prot-ol,human:prot-ol:OID20219,-0.9211,blood,10,negative,"correlation |r|>=0.9, top 10 per metabolite (no significance test)",P1;D3;D8
Deoxycholic acid,REFMET:Deoxycholic acid,TECR|prot-pr,human:prot-pr:Q9NZ01,0.9211,muscle,6,positive,"correlation |r|>=0.9, top 10 per metabolite (no significance test)",P1;D3;D8
SM 18:1;O2/21:0,REFMET:SM 18:1;O2/21:0,SREK1IP1|prot-pr,human:prot-pr:Q8N9Q2,-0.921,muscle,6,negative,"correlation |r|>=0.9, top 10 per metabolite (no significance test)",P1;D3;D8
Eicosapentaenoic acid,REFMET:Eicosapentaenoic acid,ISCA2|prot-pr,human:prot-pr:Q86U28,0.921,muscle,6,positive,"correlation |r|>=0.9, top 10 per metabolite (no significance test)",P1;D3;D8
Cer 18:1;O2/16:0,REFMET:Cer 18:1;O2/16:0,BIRC2|prot-pr,human:prot-pr:Q13490,0.921,muscle,6,positive,"correlation |r|>=0.9, top 10 per metabolite (no significance test)",P1;D3;D8
Malic acid,REFMET:Malic acid,FLT3LG|prot-ol,human:prot-ol:OID20661,0.921,blood,10,positive,"correlation |r|>=0.9, top 10 per metabolite (no significance test)",P1;D3;D8
SM 18:1;O2/22:1,REFMET:SM 18:1;O2/22:1,IGFBP5|prot-pr,human:prot-pr:P24593,-0.921,muscle,6,negative,"correlation |r|>=0.9, top 10 per metabolite (no significance test)",P1;D3;D8
Putrescine,REFMET:Putrescine,RNASE3|prot-ol,human:prot-ol:OID20203,0.921,blood,10,positive,"correlation |r|>=0.9, top 10 per metabolite (no significance test)",P1;D3;D8
PC P-32:1 or PC O-32:2,REFMET:PC P-32:1 or PC O-32:2,PPP2R5D|prot-pr,human:prot-pr:Q14738,-0.9209,muscle,6,negative,"correlation |r|>=0.9, top 10 per metabolite (no significance test)",P1;D3;D8
Leucine,REFMET:Leucine,SNX3|prot-pr,human:prot-pr:O60493,-0.9209,muscle,6,negative,"correlation |r|>=0.9, top 10 per metabolite (no significance test)",P1;D3;D8
CAR 5:1,REFMET:CAR 5:1,SSRP1|prot-pr,human:prot-pr:Q08945,-0.9209,muscle,6,negative,"correlation |r|>=0.9, top 10 per metabolite (no significance test)",P1;D3;D8
PC P-34:3 or PC O-34:4,REFMET:PC P-34:3 or PC O-34:4,ADSS2|prot-pr,human:prot-pr:P30520,-0.9209,muscle,6,negative,"correlation |r|>=0.9, top 10 per metabolite (no significance test)",P1;D3;D8
Cortisol,REFMET:Cortisol,LHPP|prot-pr,human:prot-pr:Q9H008,-0.9209,muscle,6,negative,"correlation |r|>=0.9, top 10 per metabolite (no significance test)",P1;D3;D8
PC P-32:1 or PC O-32:2,REFMET:PC P-32:1 or PC O-32:2,CRIP2|prot-ol,human:prot-ol:OID20901,0.9209,blood,10,positive,"correlation |r|>=0.9, top 10 per metabolite (no significance test)",P1;D3;D8
CAR 2:0,REFMET:CAR 2:0,PTBP3|prot-pr,human:prot-pr:O95758,0.9208,muscle,6,positive,"correlation |r|>=0.9, top 10 per metabolite (no significance test)",P1;D3;D8
NA-Gly 14:0,REFMET:NA-Gly 14:0,IL12RB1|prot-ol,human:prot-ol:OID20486,-0.9207,blood,10,negative,"correlation |r|>=0.9, top 10 per metabolite (no significance test)",P1;D3;D8
PC O-37:4,REFMET:PC O-37:4,H4C9|prot-pr,human:prot-pr:P62805,-0.9207,muscle,6,negative,"correlation |r|>=0.9, top 10 per metabolite (no significance test)",P1;D3;D8
DG 34:1,REFMET:DG 34:1,HSPB2|prot-pr,human:prot-pr:Q16082,0.9207,muscle,6,positive,"correlation |r|>=0.9, top 10 per metabolite (no significance test)",P1;D3;D8
PE 36:2,REFMET:PE 36:2,MYO1C|prot-pr,human:prot-pr:O00159,0.9207,muscle,6,positive,"correlation |r|>=0.9, top 10 per metabolite (no significance test)",P1;D3;D8
PC P-32:1 or PC O-32:2,REFMET:PC P-32:1 or PC O-32:2,NINJ1|prot-ol,human:prot-ol:OID21167,-0.9207,blood,10,negative,"correlation |r|>=0.9, top 10 per metabolite (no significance test)",P1;D3;D8
Glutamic acid,REFMET:Glutamic acid,SLC66A2|prot-pr,human:prot-pr:Q8N2U9,0.9206,muscle,6,positive,"correlation |r|>=0.9, top 10 per metabolite (no significance test)",P1;D3;D8
dUMP,REFMET:dUMP,APEX1|prot-ol,human:prot-ol:OID21434,0.9206,blood,10,positive,"correlation |r|>=0.9, top 10 per metabolite (no significance test)",P1;D3;D8
Hydroxycaprylic acid,REFMET:Hydroxycaprylic acid,ZC3H15|prot-pr,human:prot-pr:Q8WU90,0.9206,muscle,6,positive,"correlation |r|>=0.9, top 10 per metabolite (no significance test)",P1;D3;D8
Cer 18:1;O2/20:0,REFMET:Cer 18:1;O2/20:0,MAT2B|prot-pr,human:prot-pr:Q9NZL9,0.9205,muscle,6,positive,"correlation |r|>=0.9, top 10 per metabolite (no significance test)",P1;D3;D8
Oxaloacetic acid,REFMET:Oxaloacetic acid,TCL1A|prot-ol,human:prot-ol:OID20987,-0.9205,blood,10,negative,"correlation |r|>=0.9, top 10 per metabolite (no significance test)",P1;D3;D8
Creatine,REFMET:Creatine,MSR1|prot-ol,human:prot-ol:OID21063,0.9205,blood,10,positive,"correlation |r|>=0.9, top 10 per metabolite (no significance test)",P1;D3;D8
PC 34:3,REFMET:PC 34:3,DHX9|prot-pr,human:prot-pr:Q08211,-0.9205,muscle,6,negative,"correlation |r|>=0.9, top 10 per metabolite (no significance test)",P1;D3;D8
1-Methyladenosine,REFMET:1-Methyladenosine,IGHV3-74|prot-pr,human:prot-pr:A0A0B4J1X5,-0.9205,muscle,6,negative,"correlation |r|>=0.9, top 10 per metabolite (no significance test)",P1;D3;D8
1-DeoxyCer 18:0;O/24:1,REFMET:1-DeoxyCer 18:0;O/24:1,ADM|prot-ol,human:prot-ol:OID21467,-0.9205,blood,10,negative,"correlation |r|>=0.9, top 10 per metabolite (no significance test)",P1;D3;D8
Hypoxanthine,REFMET:Hypoxanthine,LRP1|prot-pr,human:prot-pr:Q07954,0.9205,muscle,6,positive,"correlation |r|>=0.9, top 10 per metabolite (no significance test)",P1;D3;D8
Cer 18:1;O2/24:2,REFMET:Cer 18:1;O2/24:2,SNX3|prot-pr,human:prot-pr:O60493,0.9205,muscle,6,positive,"correlation |r|>=0.9, top 10 per metabolite (no significance test)",P1;D3;D8
MG 18:1,REFMET:MG 18:1,FAM185A|prot-pr,human:prot-pr:Q8N0U4,0.9205,muscle,6,positive,"correlation |r|>=0.9, top 10 per metabolite (no significance test)",P1;D3;D8
Phosphoserine,REFMET:Phosphoserine,BST2|prot-ol,human:prot-ol:OID21029,-0.9205,blood,10,negative,"correlation |r|>=0.9, top 10 per metabolite (no significance test)",P1;D3;D8
Cer 18:1;O2/22:0,REFMET:Cer 18:1;O2/22:0,SLC25A24|prot-pr,human:prot-pr:Q6NUK1,-0.9204,muscle,6,negative,"correlation |r|>=0.9, top 10 per metabolite (no significance test)",P1;D3;D8
Ile-Ile,REFMET:Ile-Ile,TMPO|prot-pr,human:prot-pr:P42167,-0.9204,muscle,6,negative,"correlation |r|>=0.9, top 10 per metabolite (no significance test)",P1;D3;D8
SM 18:1;O2/21:2,REFMET:SM 18:1;O2/21:2,IL18R1|prot-ol,human:prot-ol:OID20652,0.9204,blood,10,positive,"correlation |r|>=0.9, top 10 per metabolite (no significance test)",P1;D3;D8
Phosphoserine,REFMET:Phosphoserine,S100A11|prot-ol,human:prot-ol:OID20130,-0.9204,blood,10,negative,"correlation |r|>=0.9, top 10 per metabolite (no significance test)",P1;D3;D8
Octadecatetraenoic acid,REFMET:Octadecatetraenoic acid,BIRC2|prot-pr,human:prot-pr:Q13490,0.9204,muscle,6,positive,"correlation |r|>=0.9, top 10 per metabolite (no significance test)",P1;D3;D8
CAR 8:0,REFMET:CAR 8:0,FBXO6|prot-pr,human:prot-pr:Q9NRD1,0.9204,muscle,6,positive,"correlation |r|>=0.9, top 10 per metabolite (no significance test)",P1;D3;D8
Deoxyuridine,REFMET:Deoxyuridine,LPL|prot-pr,human:prot-pr:P06858,-0.9204,muscle,6,negative,"correlation |r|>=0.9, top 10 per metabolite (no significance test)",P1;D3;D8
4-Aminohippuric acid,REFMET:4-Aminohippuric acid,ZNRF2|prot-pr,human:prot-pr:Q8NHG8,0.9204,muscle,6,positive,"correlation |r|>=0.9, top 10 per metabolite (no significance test)",P1;D3;D8
PC O-42:2,REFMET:PC O-42:2,TCL1A|prot-ol,human:prot-ol:OID20987,0.9204,blood,10,positive,"correlation |r|>=0.9, top 10 per metabolite (no significance test)",P1;D3;D8
PC 36:3,REFMET:PC 36:3,DNAJC7|prot-pr,human:prot-pr:Q99615,0.9203,muscle,6,positive,"correlation |r|>=0.9, top 10 per metabolite (no significance test)",P1;D3;D8
Eicosenoic acid,REFMET:Eicosenoic acid,SLC25A46|prot-pr,human:prot-pr:Q96AG3,0.9203,muscle,6,positive,"correlation |r|>=0.9, top 10 per metabolite (no significance test)",P1;D3;D8
SM 18:1;O2/16:0,REFMET:SM 18:1;O2/16:0,NEXN|prot-pr,human:prot-pr:Q0ZGT2-2,0.9203,muscle,6,positive,"correlation |r|>=0.9, top 10 per metabolite (no significance test)",P1;D3;D8
FA 26:5;O2,REFMET:FA 26:5;O2,CD300LF|prot-ol,human:prot-ol:OID21469,0.9203,blood,10,positive,"correlation |r|>=0.9, top 10 per metabolite (no significance test)",P1;D3;D8
Cer 18:1;O2/20:1,REFMET:Cer 18:1;O2/20:1,SFXN3|prot-pr,human:prot-pr:Q9BWM7,-0.9203,muscle,6,negative,"correlation |r|>=0.9, top 10 per metabolite (no significance test)",P1;D3;D8
Lauric acid,REFMET:Lauric acid,FAM76A|prot-pr,human:prot-pr:Q8TAV0,-0.9203,muscle,6,negative,"correlation |r|>=0.9, top 10 per metabolite (no significance test)",P1;D3;D8
Threonine,REFMET:Threonine,RPS28|prot-pr,human:prot-pr:P62857,-0.9203,muscle,6,negative,"correlation |r|>=0.9, top 10 per metabolite (no significance test)",P1;D3;D8
PC 35:3,REFMET:PC 35:3,DNAJC7|prot-pr,human:prot-pr:Q99615,0.9203,muscle,6,positive,"correlation |r|>=0.9, top 10 per metabolite (no significance test)",P1;D3;D8
N-Acetyl-D-tryptophan,REFMET:N-Acetyl-D-tryptophan,DDR1|prot-ol,human:prot-ol:OID21009,0.9203,blood,10,positive,"correlation |r|>=0.9, top 10 per metabolite (no significance test)",P1;D3;D8
DG 18:0_18:1,REFMET:DG 18:0_18:1,LSP1|prot-ol,human:prot-ol:OID20530,0.9202,blood,10,positive,"correlation |r|>=0.9, top 10 per metabolite (no significance test)",P1;D3;D8
Phosphoserine,REFMET:Phosphoserine,NMNAT1|prot-ol,human:prot-ol:OID20913,-0.9202,blood,10,negative,"correlation |r|>=0.9, top 10 per metabolite (no significance test)",P1;D3;D8
Methionine,REFMET:Methionine,COPS8|prot-pr,human:prot-pr:Q99627,-0.9202,muscle,6,negative,"correlation |r|>=0.9, top 10 per metabolite (no significance test)",P1;D3;D8
Ornithine,REFMET:Ornithine,MYO1D|prot-pr,human:prot-pr:O94832,-0.9202,muscle,6,negative,"correlation |r|>=0.9, top 10 per metabolite (no significance test)",P1;D3;D8
Adipic acid,REFMET:Adipic acid,TIMMDC1|prot-pr,human:prot-pr:Q9NPL8,-0.9201,muscle,6,negative,"correlation |r|>=0.9, top 10 per metabolite (no significance test)",P1;D3;D8
Oleoyl-EA,REFMET:Oleoyl-EA,H3-3A|prot-pr,human:prot-pr:P84243,0.9201,muscle,6,positive,"correlation |r|>=0.9, top 10 per metabolite (no significance test)",P1;D3;D8
Deoxyuridine,REFMET:Deoxyuridine,RAD50|prot-pr,human:prot-pr:Q92878,0.9201,muscle,6,positive,"correlation |r|>=0.9, top 10 per metabolite (no significance test)",P1;D3;D8
MG 18:1,REFMET:MG 18:1,BCAN|prot-ol,human:prot-ol:OID20998,0.92,blood,10,positive,"correlation |r|>=0.9, top 10 per metabolite (no significance test)",P1;D3;D8
Cer 18:1;O2/18:1,REFMET:Cer 18:1;O2/18:1,XIRP2|prot-pr,human:prot-pr:A4UGR9,0.92,muscle,6,positive,"correlation |r|>=0.9, top 10 per metabolite (no significance test)",P1;D3;D8
Urocanic acid,REFMET:Urocanic acid,PRTG|prot-ol,human:prot-ol:OID21443,-0.92,blood,10,negative,"correlation |r|>=0.9, top 10 per metabolite (no significance test)",P1;D3;D8
Piperine,REFMET:Piperine,DPH2|prot-pr,human:prot-pr:Q9BQC3,-0.92,muscle,6,negative,"correlation |r|>=0.9, top 10 per metabolite (no significance test)",P1;D3;D8
PC 35:3,REFMET:PC 35:3,LRP1|prot-pr,human:prot-pr:Q07954,-0.92,muscle,6,negative,"correlation |r|>=0.9, top 10 per metabolite (no significance test)",P1;D3;D8
Deoxycholic acid,REFMET:Deoxycholic acid,NEXN|prot-pr,human:prot-pr:Q0ZGT2-2,-0.9199,muscle,6,negative,"correlation |r|>=0.9, top 10 per metabolite (no significance test)",P1;D3;D8
PE P-35:2 or PE O-35:3,REFMET:PE P-35:2 or PE O-35:3,MSTO1|prot-pr,human:prot-pr:Q9BUK6,-0.9199,muscle,6,negative,"correlation |r|>=0.9, top 10 per metabolite (no significance test)",P1;D3;D8
Phe-Phe,REFMET:Phe-Phe,LHPP|prot-pr,human:prot-pr:Q9H008,0.9199,muscle,6,positive,"correlation |r|>=0.9, top 10 per metabolite (no significance test)",P1;D3;D8
Cortisone,REFMET:Cortisone,EPS8L2|prot-ol,human:prot-ol:OID21397,0.9199,blood,10,positive,"correlation |r|>=0.9, top 10 per metabolite (no significance test)",P1;D3;D8
Dimethylarginine,REFMET:Dimethylarginine,MACROD1|prot-pr,human:prot-pr:Q9BQ69,-0.9199,muscle,6,negative,"correlation |r|>=0.9, top 10 per metabolite (no significance test)",P1;D3;D8
PC 33:1,REFMET:PC 33:1,YIPF5|prot-pr,human:prot-pr:Q969M3,-0.9198,muscle,6,negative,"correlation |r|>=0.9, top 10 per metabolite (no significance test)",P1;D3;D8
PC O-37:4,REFMET:PC O-37:4,RAD50|prot-pr,human:prot-pr:Q92878,-0.9198,muscle,6,negative,"correlation |r|>=0.9, top 10 per metabolite (no significance test)",P1;D3;D8
Phosphoserine,REFMET:Phosphoserine,TNFRSF21|prot-ol,human:prot-ol:OID21052,-0.9198,blood,10,negative,"correlation |r|>=0.9, top 10 per metabolite (no significance test)",P1;D3;D8
DG 34:1,REFMET:DG 34:1,CALCA|prot-ol,human:prot-ol:OID20983,0.9198,blood,10,positive,"correlation |r|>=0.9, top 10 per metabolite (no significance test)",P1;D3;D8
Cer 18:1;O2/16:0,REFMET:Cer 18:1;O2/16:0,CD22|prot-ol,human:prot-ol:OID20637,0.9198,blood,10,positive,"correlation |r|>=0.9, top 10 per metabolite (no significance test)",P1;D3;D8
2-Aminobutyric acid,REFMET:2-Aminobutyric acid,UBE2L6|prot-pr,human:prot-pr:O14933,-0.9198,muscle,6,negative,"correlation |r|>=0.9, top 10 per metabolite (no significance test)",P1;D3;D8
Phenylacetic acid,REFMET:Phenylacetic acid,HLA-G|prot-pr,human:prot-pr:P17693,0.9198,muscle,6,positive,"correlation |r|>=0.9, top 10 per metabolite (no significance test)",P1;D3;D8
PC P-36:2 or PC O-36:3,REFMET:PC P-36:2 or PC O-36:3,USP28|prot-pr,human:prot-pr:Q96RU2,0.9198,muscle,6,positive,"correlation |r|>=0.9, top 10 per metabolite (no significance test)",P1;D3;D8
Pentadecylic acid,REFMET:Pentadecylic acid,MRPS18C|prot-pr,human:prot-pr:Q9Y3D5,0.9197,muscle,6,positive,"correlation |r|>=0.9, top 10 per metabolite (no significance test)",P1;D3;D8
PC P-30:0 or PC O-30:1,REFMET:PC P-30:0 or PC O-30:1,CCN1|prot-pr,human:prot-pr:O00622,0.9197,muscle,6,positive,"correlation |r|>=0.9, top 10 per metabolite (no significance test)",P1;D3;D8
Tauroursodeoxycholic acid,REFMET:Tauroursodeoxycholic acid,ASDURF|prot-pr,human:prot-pr:L0R819,-0.9197,muscle,6,negative,"correlation |r|>=0.9, top 10 per metabolite (no significance test)",P1;D3;D8
Asparagine,REFMET:Asparagine,ANAPC7|prot-pr,human:prot-pr:Q9UJX3,-0.9196,muscle,6,negative,"correlation |r|>=0.9, top 10 per metabolite (no significance test)",P1;D3;D8
DG 34:1,REFMET:DG 34:1,NADK|prot-ol,human:prot-ol:OID20178,0.9196,blood,10,positive,"correlation |r|>=0.9, top 10 per metabolite (no significance test)",P1;D3;D8
TG 58:1,REFMET:TG 58:1,TMCC3|prot-pr,human:prot-pr:Q9ULS5,-0.9196,muscle,6,negative,"correlation |r|>=0.9, top 10 per metabolite (no significance test)",P1;D3;D8
PC P-36:5 or PC O-36:6,REFMET:PC P-36:5 or PC O-36:6,KIAA2013|prot-pr,human:prot-pr:Q8IYS2,0.9196,muscle,6,positive,"correlation |r|>=0.9, top 10 per metabolite (no significance test)",P1;D3;D8
3-Dehydroxycarnitine,REFMET:3-Dehydroxycarnitine,ALG11|prot-pr,human:prot-pr:Q2TAA5,-0.9196,muscle,6,negative,"correlation |r|>=0.9, top 10 per metabolite (no significance test)",P1;D3;D8
Alanine,REFMET:Alanine,FABP2|prot-ol,human:prot-ol:OID20200,0.9195,blood,10,positive,"correlation |r|>=0.9, top 10 per metabolite (no significance test)",P1;D3;D8
PC P-38:5 or PC O-38:6,REFMET:PC P-38:5 or PC O-38:6,LHPP|prot-pr,human:prot-pr:Q9H008,0.9195,muscle,6,positive,"correlation |r|>=0.9, top 10 per metabolite (no significance test)",P1;D3;D8
Citric acid,REFMET:Citric acid,TMPO|prot-pr,human:prot-pr:P42167,0.9195,muscle,6,positive,"correlation |r|>=0.9, top 10 per metabolite (no significance test)",P1;D3;D8
Cer 18:1;O2/24:2,REFMET:Cer 18:1;O2/24:2,CHD4|prot-pr,human:prot-pr:Q14839,0.9194,muscle,6,positive,"correlation |r|>=0.9, top 10 per metabolite (no significance test)",P1;D3;D8
SM 30:1;O2,REFMET:SM 30:1;O2,KLK6|prot-ol,human:prot-ol:OID21526,-0.9194,blood,10,negative,"correlation |r|>=0.9, top 10 per metabolite (no significance test)",P1;D3;D8
PC P-34:3 or PC O-34:4,REFMET:PC P-34:3 or PC O-34:4,PPP1R27|prot-pr,human:prot-pr:Q86WC6,0.9194,muscle,6,positive,"correlation |r|>=0.9, top 10 per metabolite (no significance test)",P1;D3;D8
Glycodeoxycholic acid,REFMET:Glycodeoxycholic acid,PLAAT3|prot-pr,human:prot-pr:P53816,0.9194,muscle,6,positive,"correlation |r|>=0.9, top 10 per metabolite (no significance test)",P1;D3;D8
PC 40:1,REFMET:PC 40:1,DDC|prot-ol,human:prot-ol:OID20215,0.9193,blood,10,positive,"correlation |r|>=0.9, top 10 per metabolite (no significance test)",P1;D3;D8
Eicosatrienoic acid,REFMET:Eicosatrienoic acid,CCN1|prot-pr,human:prot-pr:O00622,0.9193,muscle,6,positive,"correlation |r|>=0.9, top 10 per metabolite (no significance test)",P1;D3;D8
PC O-36:5,REFMET:PC O-36:5,HSPB2|prot-pr,human:prot-pr:Q16082,0.9193,muscle,6,positive,"correlation |r|>=0.9, top 10 per metabolite (no significance test)",P1;D3;D8
CAR 8:0,REFMET:CAR 8:0,SMOC2|prot-ol,human:prot-ol:OID20730,0.9193,blood,10,positive,"correlation |r|>=0.9, top 10 per metabolite (no significance test)",P1;D3;D8
N4-Acetylcytidine,REFMET:N4-Acetylcytidine,IRF2BPL|prot-pr,human:prot-pr:Q9H1B7,0.9193,muscle,6,positive,"correlation |r|>=0.9, top 10 per metabolite (no significance test)",P1;D3;D8
Cer 18:1;O2/24:1,REFMET:Cer 18:1;O2/24:1,MACROD1|prot-pr,human:prot-pr:Q9BQ69,0.9192,muscle,6,positive,"correlation |r|>=0.9, top 10 per metabolite (no significance test)",P1;D3;D8
Ornithine,REFMET:Ornithine,EPS8L2|prot-ol,human:prot-ol:OID21397,-0.9192,blood,10,negative,"correlation |r|>=0.9, top 10 per metabolite (no significance test)",P1;D3;D8
Hypoxanthine,REFMET:Hypoxanthine,PUM3|prot-pr,human:prot-pr:Q15397,-0.9191,muscle,6,negative,"correlation |r|>=0.9, top 10 per metabolite (no significance test)",P1;D3;D8
CTP,REFMET:CTP,EML4|prot-pr,human:prot-pr:Q9HC35,-0.9191,muscle,6,negative,"correlation |r|>=0.9, top 10 per metabolite (no significance test)",P1;D3;D8
Putrescine,REFMET:Putrescine,ADSS2|prot-pr,human:prot-pr:P30520,-0.9191,muscle,6,negative,"correlation |r|>=0.9, top 10 per metabolite (no significance test)",P1;D3;D8
Ketoleucine,REFMET:Ketoleucine,ISCA2|prot-pr,human:prot-pr:Q86U28,-0.9191,muscle,6,negative,"correlation |r|>=0.9, top 10 per metabolite (no significance test)",P1;D3;D8
4-Pyridoxic acid,REFMET:4-Pyridoxic acid,CD5|prot-ol,human:prot-ol:OID21449,0.9191,blood,10,positive,"correlation |r|>=0.9, top 10 per metabolite (no significance test)",P1;D3;D8
SM 18:1;O2/21:0,REFMET:SM 18:1;O2/21:0,DAB2|prot-pr,human:prot-pr:P98082,-0.919,muscle,6,negative,"correlation |r|>=0.9, top 10 per metabolite (no significance test)",P1;D3;D8
SM 18:1;O2/22:3,REFMET:SM 18:1;O2/22:3,MRPS16|prot-pr,human:prot-pr:Q9Y3D3,0.919,muscle,6,positive,"correlation |r|>=0.9, top 10 per metabolite (no significance test)",P1;D3;D8
TG 58:2,REFMET:TG 58:2,DDX3Y|prot-pr,human:prot-pr:O15523,0.919,muscle,6,positive,"correlation |r|>=0.9, top 10 per metabolite (no significance test)",P1;D3;D8
Taurine,REFMET:Taurine,UBQLN4|prot-pr,human:prot-pr:Q9NRR5,0.919,muscle,6,positive,"correlation |r|>=0.9, top 10 per metabolite (no significance test)",P1;D3;D8
PC 33:2,REFMET:PC 33:2,C20orf27|prot-pr,human:prot-pr:Q9GZN8,-0.919,muscle,6,negative,"correlation |r|>=0.9, top 10 per metabolite (no significance test)",P1;D3;D8
Threonine,REFMET:Threonine,RETN|prot-pr,human:prot-pr:Q9HD89,0.919,muscle,6,positive,"correlation |r|>=0.9, top 10 per metabolite (no significance test)",P1;D3;D8
N(6)-Methyllysine,REFMET:N(6)-Methyllysine,CLEC4G|prot-ol,human:prot-ol:OID20590,-0.919,blood,10,negative,"correlation |r|>=0.9, top 10 per metabolite (no significance test)",P1;D3;D8
LPE 18:2,REFMET:LPE 18:2,PUM3|prot-pr,human:prot-pr:Q15397,0.919,muscle,6,positive,"correlation |r|>=0.9, top 10 per metabolite (no significance test)",P1;D3;D8
Hydroxyhexadecanoic acid,REFMET:Hydroxyhexadecanoic acid,CALCOCO1|prot-pr,human:prot-pr:Q9P1Z2,0.919,muscle,6,positive,"correlation |r|>=0.9, top 10 per metabolite (no significance test)",P1;D3;D8
CAR 11:1,REFMET:CAR 11:1,MACO1|prot-pr,human:prot-pr:Q8N5G2,-0.919,muscle,6,negative,"correlation |r|>=0.9, top 10 per metabolite (no significance test)",P1;D3;D8
LPC 17:0,REFMET:LPC 17:0,PUM3|prot-pr,human:prot-pr:Q15397,0.919,muscle,6,positive,"correlation |r|>=0.9, top 10 per metabolite (no significance test)",P1;D3;D8
Phenylalanine,REFMET:Phenylalanine,NCOA4|prot-pr,human:prot-pr:Q13772,-0.9189,muscle,6,negative,"correlation |r|>=0.9, top 10 per metabolite (no significance test)",P1;D3;D8
NADP,REFMET:NADP,PUM3|prot-pr,human:prot-pr:Q15397,0.9189,muscle,6,positive,"correlation |r|>=0.9, top 10 per metabolite (no significance test)",P1;D3;D8
PC 36:3,REFMET:PC 36:3,S100A12|prot-ol,human:prot-ol:OID21374,0.9189,blood,10,positive,"correlation |r|>=0.9, top 10 per metabolite (no significance test)",P1;D3;D8
"(E,E)-Trichostachine","REFMET:(E,E)-Trichostachine",RICTOR|prot-pr,human:prot-pr:Q6R327,-0.9189,muscle,6,negative,"correlation |r|>=0.9, top 10 per metabolite (no significance test)",P1;D3;D8
2-Oxoglutaric acid,REFMET:2-Oxoglutaric acid,VPS37A|prot-pr,human:prot-pr:Q8NEZ2,0.9189,muscle,6,positive,"correlation |r|>=0.9, top 10 per metabolite (no significance test)",P1;D3;D8
SM 18:1;O2/22:0,REFMET:SM 18:1;O2/22:0,NGRN|prot-pr,human:prot-pr:Q9NPE2,0.9188,muscle,6,positive,"correlation |r|>=0.9, top 10 per metabolite (no significance test)",P1;D3;D8
Creatinine,REFMET:Creatinine,CPSF6|prot-pr,human:prot-pr:Q16630,-0.9188,muscle,6,negative,"correlation |r|>=0.9, top 10 per metabolite (no significance test)",P1;D3;D8
CAR DC5:0,REFMET:CAR DC5:0,MMP8|prot-ol,human:prot-ol:OID21019,-0.9187,blood,10,negative,"correlation |r|>=0.9, top 10 per metabolite (no significance test)",P1;D3;D8
Sedoheptulose 7-phosphate,REFMET:Sedoheptulose 7-phosphate,MYO1C|prot-pr,human:prot-pr:O00159,0.9187,muscle,6,positive,"correlation |r|>=0.9, top 10 per metabolite (no significance test)",P1;D3;D8
PC 34:3,REFMET:PC 34:3,DNAJC7|prot-pr,human:prot-pr:Q99615,0.9187,muscle,6,positive,"correlation |r|>=0.9, top 10 per metabolite (no significance test)",P1;D3;D8
PC P-32:1 or PC O-32:2,REFMET:PC P-32:1 or PC O-32:2,RPE|prot-pr,human:prot-pr:Q96AT9,-0.9187,muscle,6,negative,"correlation |r|>=0.9, top 10 per metabolite (no significance test)",P1;D3;D8
Glucose,REFMET:Glucose,H3-3A|prot-pr,human:prot-pr:P84243,0.9186,muscle,6,positive,"correlation |r|>=0.9, top 10 per metabolite (no significance test)",P1;D3;D8
PC 33:2,REFMET:PC 33:2,LRIG1|prot-ol,human:prot-ol:OID21429,-0.9186,blood,10,negative,"correlation |r|>=0.9, top 10 per metabolite (no significance test)",P1;D3;D8
N6-Acetyllysine,REFMET:N6-Acetyllysine,XIRP2|prot-pr,human:prot-pr:A4UGR9,0.9186,muscle,6,positive,"correlation |r|>=0.9, top 10 per metabolite (no significance test)",P1;D3;D8
Phosphoserine,REFMET:Phosphoserine,CAPG|prot-ol,human:prot-ol:OID21431,-0.9186,blood,10,negative,"correlation |r|>=0.9, top 10 per metabolite (no significance test)",P1;D3;D8
PS P-36:2 or PS O-36:3,REFMET:PS P-36:2 or PS O-36:3,NUDT12|prot-pr,human:prot-pr:Q9BQG2,0.9186,muscle,6,positive,"correlation |r|>=0.9, top 10 per metabolite (no significance test)",P1;D3;D8
Isocitric acid,REFMET:Isocitric acid,BCAN|prot-ol,human:prot-ol:OID20998,-0.9185,blood,10,negative,"correlation |r|>=0.9, top 10 per metabolite (no significance test)",P1;D3;D8
Linoleic acid,REFMET:Linoleic acid,TMUB2|prot-pr,human:prot-pr:Q71RG4,0.9185,muscle,6,positive,"correlation |r|>=0.9, top 10 per metabolite (no significance test)",P1;D3;D8
Dimethylglycine,REFMET:Dimethylglycine,SCARA5|prot-ol,human:prot-ol:OID21058,-0.9185,blood,10,negative,"correlation |r|>=0.9, top 10 per metabolite (no significance test)",P1;D3;D8
SM 18:1;O2/17:1,REFMET:SM 18:1;O2/17:1,ABRA|prot-pr,human:prot-pr:Q8N0Z2,0.9185,muscle,6,positive,"correlation |r|>=0.9, top 10 per metabolite (no significance test)",P1;D3;D8
2-Hydroxybutyric acid,REFMET:2-Hydroxybutyric acid,MYO1D|prot-pr,human:prot-pr:O94832,-0.9185,muscle,6,negative,"correlation |r|>=0.9, top 10 per metabolite (no significance test)",P1;D3;D8
SM 18:1;O2/22:0,REFMET:SM 18:1;O2/22:0,MACROH2A1|prot-pr,human:prot-pr:O75367,-0.9185,muscle,6,negative,"correlation |r|>=0.9, top 10 per metabolite (no significance test)",P1;D3;D8
CAR 2:0,REFMET:CAR 2:0,RETN|prot-pr,human:prot-pr:Q9HD89,0.9184,muscle,6,positive,"correlation |r|>=0.9, top 10 per metabolite (no significance test)",P1;D3;D8
Capric acid,REFMET:Capric acid,RANBP9|prot-pr,human:prot-pr:Q96S59,-0.9184,muscle,6,negative,"correlation |r|>=0.9, top 10 per metabolite (no significance test)",P1;D3;D8
Docosatrienoic acid,REFMET:Docosatrienoic acid,PFKFB2|prot-pr,human:prot-pr:O60825,-0.9184,muscle,6,negative,"correlation |r|>=0.9, top 10 per metabolite (no significance test)",P1;D3;D8
cis-Aconitic acid,REFMET:cis-Aconitic acid,SREK1IP1|prot-pr,human:prot-pr:Q8N9Q2,0.9184,muscle,6,positive,"correlation |r|>=0.9, top 10 per metabolite (no significance test)",P1;D3;D8
PC 34:2,REFMET:PC 34:2,POLR2C|prot-pr,human:prot-pr:P19387,0.9183,muscle,6,positive,"correlation |r|>=0.9, top 10 per metabolite (no significance test)",P1;D3;D8
LPC 20:4,REFMET:LPC 20:4,PDK4|prot-pr,human:prot-pr:Q16654,0.9183,muscle,6,positive,"correlation |r|>=0.9, top 10 per metabolite (no significance test)",P1;D3;D8
CAR 14:1;OH,REFMET:CAR 14:1;OH,H3-3A|prot-pr,human:prot-pr:P84243,-0.9183,muscle,6,negative,"correlation |r|>=0.9, top 10 per metabolite (no significance test)",P1;D3;D8
PC 30:0,REFMET:PC 30:0,NPLOC4|prot-pr,human:prot-pr:Q8TAT6,0.9183,muscle,6,positive,"correlation |r|>=0.9, top 10 per metabolite (no significance test)",P1;D3;D8
CAR 16:3,REFMET:CAR 16:3,FBXO6|prot-pr,human:prot-pr:Q9NRD1,0.9183,muscle,6,positive,"correlation |r|>=0.9, top 10 per metabolite (no significance test)",P1;D3;D8
Symmetric dimethylarginine,REFMET:Symmetric dimethylarginine,LRIG1|prot-ol,human:prot-ol:OID21429,-0.9183,blood,10,negative,"correlation |r|>=0.9, top 10 per metabolite (no significance test)",P1;D3;D8
Indole-4-carboxaldehyde,REFMET:Indole-4-carboxaldehyde,SCARF2|prot-ol,human:prot-ol:OID21048,0.9183,blood,10,positive,"correlation |r|>=0.9, top 10 per metabolite (no significance test)",P1;D3;D8
PC P-34:2 or PC O-34:3,REFMET:PC P-34:2 or PC O-34:3,FAM76A|prot-pr,human:prot-pr:Q8TAV0,-0.9182,muscle,6,negative,"correlation |r|>=0.9, top 10 per metabolite (no significance test)",P1;D3;D8
PE P-38:6 or PE O-38:7,REFMET:PE P-38:6 or PE O-38:7,NRAP|prot-pr,human:prot-pr:Q86VF7,0.9182,muscle,6,positive,"correlation |r|>=0.9, top 10 per metabolite (no significance test)",P1;D3;D8
Aminoisobutyric acid,REFMET:Aminoisobutyric acid,SLC66A2|prot-pr,human:prot-pr:Q8N2U9,-0.9182,muscle,6,negative,"correlation |r|>=0.9, top 10 per metabolite (no significance test)",P1;D3;D8
PC 32:1,REFMET:PC 32:1,CALCOCO1|prot-pr,human:prot-pr:Q9P1Z2,0.9181,muscle,6,positive,"correlation |r|>=0.9, top 10 per metabolite (no significance test)",P1;D3;D8
Citramalic acid,REFMET:Citramalic acid,WBP2|prot-pr,human:prot-pr:Q969T9,-0.9181,muscle,6,negative,"correlation |r|>=0.9, top 10 per metabolite (no significance test)",P1;D3;D8
Lignoceric acid,REFMET:Lignoceric acid,MSTO1|prot-pr,human:prot-pr:Q9BUK6,-0.9181,muscle,6,negative,"correlation |r|>=0.9, top 10 per metabolite (no significance test)",P1;D3;D8
PC P-34:2 or PC O-34:3,REFMET:PC P-34:2 or PC O-34:3,BIRC2|prot-pr,human:prot-pr:Q13490,0.9181,muscle,6,positive,"correlation |r|>=0.9, top 10 per metabolite (no significance test)",P1;D3;D8
Ribothymidine,REFMET:Ribothymidine,WFDC12|prot-ol,human:prot-ol:OID21462,-0.918,blood,10,negative,"correlation |r|>=0.9, top 10 per metabolite (no significance test)",P1;D3;D8
Putrescine,REFMET:Putrescine,TCL1A|prot-ol,human:prot-ol:OID20987,0.918,blood,10,positive,"correlation |r|>=0.9, top 10 per metabolite (no significance test)",P1;D3;D8
PE 32:1,REFMET:PE 32:1,NEXN|prot-pr,human:prot-pr:Q0ZGT2-2,0.918,muscle,6,positive,"correlation |r|>=0.9, top 10 per metabolite (no significance test)",P1;D3;D8
PC P-38:4 or PC O-38:5,REFMET:PC P-38:4 or PC O-38:5,PPOX|prot-pr,human:prot-pr:P50336,-0.918,muscle,6,negative,"correlation |r|>=0.9, top 10 per metabolite (no significance test)",P1;D3;D8
Octadecatetraenoic acid,REFMET:Octadecatetraenoic acid,TECR|prot-pr,human:prot-pr:Q9NZ01,-0.918,muscle,6,negative,"correlation |r|>=0.9, top 10 per metabolite (no significance test)",P1;D3;D8
PC 33:2,REFMET:PC 33:2,RGMA|prot-ol,human:prot-ol:OID21065,-0.918,blood,10,negative,"correlation |r|>=0.9, top 10 per metabolite (no significance test)",P1;D3;D8
Fumaric acid,REFMET:Fumaric acid,NDUFA6|prot-pr,human:prot-pr:P56556,0.9179,muscle,6,positive,"correlation |r|>=0.9, top 10 per metabolite (no significance test)",P1;D3;D8
CAR 4:0;3Me,REFMET:CAR 4:0;3Me,TXNDC17|prot-pr,human:prot-pr:Q9BRA2,0.9179,muscle,6,positive,"correlation |r|>=0.9, top 10 per metabolite (no significance test)",P1;D3;D8
SM 18:1;O2/22:0,REFMET:SM 18:1;O2/22:0,AP5M1|prot-pr,human:prot-pr:Q9H0R1,-0.9179,muscle,6,negative,"correlation |r|>=0.9, top 10 per metabolite (no significance test)",P1;D3;D8
ST 27:2;O3,REFMET:ST 27:2;O3,CD74|prot-ol,human:prot-ol:OID21040,0.9178,blood,10,positive,"correlation |r|>=0.9, top 10 per metabolite (no significance test)",P1;D3;D8
Ethanolamine,REFMET:Ethanolamine,ACVRL1|prot-ol,human:prot-ol:OID20999,0.9178,blood,10,positive,"correlation |r|>=0.9, top 10 per metabolite (no significance test)",P1;D3;D8
Sedoheptulose 7-phosphate,REFMET:Sedoheptulose 7-phosphate,Q9BYX7|prot-pr,human:prot-pr:Q9BYX7,-0.9178,muscle,6,negative,"correlation |r|>=0.9, top 10 per metabolite (no significance test)",P1;D3;D8
TG 58:1,REFMET:TG 58:1,POLR3E|prot-pr,human:prot-pr:Q9NVU0,-0.9177,muscle,6,negative,"correlation |r|>=0.9, top 10 per metabolite (no significance test)",P1;D3;D8
Citramalic acid,REFMET:Citramalic acid,LAYN|prot-ol,human:prot-ol:OID20970,-0.9177,blood,10,negative,"correlation |r|>=0.9, top 10 per metabolite (no significance test)",P1;D3;D8
Octadecatetraenoic acid,REFMET:Octadecatetraenoic acid,NSDHL|prot-pr,human:prot-pr:Q15738,-0.9177,muscle,6,negative,"correlation |r|>=0.9, top 10 per metabolite (no significance test)",P1;D3;D8
PE 38:4,REFMET:PE 38:4,VGLL2|prot-pr,human:prot-pr:Q8N8G2,0.9177,muscle,6,positive,"correlation |r|>=0.9, top 10 per metabolite (no significance test)",P1;D3;D8
Ornithine,REFMET:Ornithine,METTL3|prot-pr,human:prot-pr:Q86U44,-0.9177,muscle,6,negative,"correlation |r|>=0.9, top 10 per metabolite (no significance test)",P1;D3;D8
Isoleucine,REFMET:Isoleucine,XIRP2|prot-pr,human:prot-pr:A4UGR9,-0.9176,muscle,6,negative,"correlation |r|>=0.9, top 10 per metabolite (no significance test)",P1;D3;D8
N-Acetylaspartic acid,REFMET:N-Acetylaspartic acid,SLC66A2|prot-pr,human:prot-pr:Q8N2U9,0.9176,muscle,6,positive,"correlation |r|>=0.9, top 10 per metabolite (no significance test)",P1;D3;D8
Eicosapentaenoic acid,REFMET:Eicosapentaenoic acid,NPLOC4|prot-pr,human:prot-pr:Q8TAT6,0.9176,muscle,6,positive,"correlation |r|>=0.9, top 10 per metabolite (no significance test)",P1;D3;D8
Pyruvic acid,REFMET:Pyruvic acid,NPDC1|prot-ol,human:prot-ol:OID20205,0.9176,blood,10,positive,"correlation |r|>=0.9, top 10 per metabolite (no significance test)",P1;D3;D8
Phosphoserine,REFMET:Phosphoserine,MYOC|prot-ol,human:prot-ol:OID21121,-0.9176,blood,10,negative,"correlation |r|>=0.9, top 10 per metabolite (no significance test)",P1;D3;D8
Malic acid,REFMET:Malic acid,RAD50|prot-pr,human:prot-pr:Q92878,0.9176,muscle,6,positive,"correlation |r|>=0.9, top 10 per metabolite (no significance test)",P1;D3;D8
PC P-36:2 or PC O-36:3,REFMET:PC P-36:2 or PC O-36:3,XIRP2|prot-pr,human:prot-pr:A4UGR9,0.9176,muscle,6,positive,"correlation |r|>=0.9, top 10 per metabolite (no significance test)",P1;D3;D8
Ethanolamine,REFMET:Ethanolamine,RGMA|prot-ol,human:prot-ol:OID21065,0.9175,blood,10,positive,"correlation |r|>=0.9, top 10 per metabolite (no significance test)",P1;D3;D8
Behenic acid,REFMET:Behenic acid,MSTO1|prot-pr,human:prot-pr:Q9BUK6,-0.9175,muscle,6,negative,"correlation |r|>=0.9, top 10 per metabolite (no significance test)",P1;D3;D8
Taurine,REFMET:Taurine,TPM3|prot-pr,human:prot-pr:P06753,0.9175,muscle,6,positive,"correlation |r|>=0.9, top 10 per metabolite (no significance test)",P1;D3;D8
cis-Aconitic acid,REFMET:cis-Aconitic acid,NPDC1|prot-ol,human:prot-ol:OID20205,0.9175,blood,10,positive,"correlation |r|>=0.9, top 10 per metabolite (no significance test)",P1;D3;D8
CAR 5:0,REFMET:CAR 5:0,VGLL2|prot-pr,human:prot-pr:Q8N8G2,-0.9174,muscle,6,negative,"correlation |r|>=0.9, top 10 per metabolite (no significance test)",P1;D3;D8
Adipic acid,REFMET:Adipic acid,PEX7|prot-pr,human:prot-pr:O00628,0.9174,muscle,6,positive,"correlation |r|>=0.9, top 10 per metabolite (no significance test)",P1;D3;D8
Dimethylglycine,REFMET:Dimethylglycine,TLE5|prot-pr,human:prot-pr:Q08117,0.9174,muscle,6,positive,"correlation |r|>=0.9, top 10 per metabolite (no significance test)",P1;D3;D8
UMP,REFMET:UMP,MRPL33|prot-pr,human:prot-pr:O75394,-0.9174,muscle,6,negative,"correlation |r|>=0.9, top 10 per metabolite (no significance test)",P1;D3;D8
1-Methyladenosine,REFMET:1-Methyladenosine,PPID|prot-pr,human:prot-pr:Q08752,-0.9174,muscle,6,negative,"correlation |r|>=0.9, top 10 per metabolite (no significance test)",P1;D3;D8
1-Methyladenosine,REFMET:1-Methyladenosine,SEC22B|prot-pr,human:prot-pr:O75396,0.9174,muscle,6,positive,"correlation |r|>=0.9, top 10 per metabolite (no significance test)",P1;D3;D8
Glyceraldehyde 3-phosphate,REFMET:Glyceraldehyde 3-phosphate,MRPS16|prot-pr,human:prot-pr:Q9Y3D3,-0.9173,muscle,6,negative,"correlation |r|>=0.9, top 10 per metabolite (no significance test)",P1;D3;D8
Citrulline,REFMET:Citrulline,GYG1|prot-pr,human:prot-pr:P46976-2,0.9173,muscle,6,positive,"correlation |r|>=0.9, top 10 per metabolite (no significance test)",P1;D3;D8
PC O-32:0,REFMET:PC O-32:0,PDCD5|prot-pr,human:prot-pr:O14737,0.9173,muscle,6,positive,"correlation |r|>=0.9, top 10 per metabolite (no significance test)",P1;D3;D8
Uric acid,REFMET:Uric acid,FILIP1L|prot-pr,human:prot-pr:Q4L180-2,0.9172,muscle,6,positive,"correlation |r|>=0.9, top 10 per metabolite (no significance test)",P1;D3;D8
Leucine,REFMET:Leucine,NEXN|prot-pr,human:prot-pr:Q0ZGT2-2,-0.9172,muscle,6,negative,"correlation |r|>=0.9, top 10 per metabolite (no significance test)",P1;D3;D8
PC 33:1,REFMET:PC 33:1,ABRA|prot-pr,human:prot-pr:Q8N0Z2,0.9171,muscle,6,positive,"correlation |r|>=0.9, top 10 per metabolite (no significance test)",P1;D3;D8
Cer 18:1;O2/16:0,REFMET:Cer 18:1;O2/16:0,FLT1|prot-ol,human:prot-ol:OID21301,0.9171,blood,10,positive,"correlation |r|>=0.9, top 10 per metabolite (no significance test)",P1;D3;D8
Asparagine,REFMET:Asparagine,LHPP|prot-pr,human:prot-pr:Q9H008,-0.9171,muscle,6,negative,"correlation |r|>=0.9, top 10 per metabolite (no significance test)",P1;D3;D8
Proline,REFMET:Proline,CA14|prot-ol,human:prot-ol:OID21401,-0.9171,blood,10,negative,"correlation |r|>=0.9, top 10 per metabolite (no significance test)",P1;D3;D8
Glutamine,REFMET:Glutamine,LAYN|prot-ol,human:prot-ol:OID20970,-0.9171,blood,10,negative,"correlation |r|>=0.9, top 10 per metabolite (no significance test)",P1;D3;D8
UMP,REFMET:UMP,PLAAT3|prot-pr,human:prot-pr:P53816,0.9171,muscle,6,positive,"correlation |r|>=0.9, top 10 per metabolite (no significance test)",P1;D3;D8
3-Dehydroxycarnitine,REFMET:3-Dehydroxycarnitine,COQ5|prot-pr,human:prot-pr:Q5HYK3,-0.9171,muscle,6,negative,"correlation |r|>=0.9, top 10 per metabolite (no significance test)",P1;D3;D8
Glutamine,REFMET:Glutamine,MATN3|prot-ol,human:prot-ol:OID20979,-0.9171,blood,10,negative,"correlation |r|>=0.9, top 10 per metabolite (no significance test)",P1;D3;D8
PC O-37:4,REFMET:PC O-37:4,PSME3IP1|prot-pr,human:prot-pr:Q9GZU8,-0.9171,muscle,6,negative,"correlation |r|>=0.9, top 10 per metabolite (no significance test)",P1;D3;D8
PC P-32:1 or PC O-32:2,REFMET:PC P-32:1 or PC O-32:2,POLR2M|prot-pr,human:prot-pr:Q6EEV4,0.9171,muscle,6,positive,"correlation |r|>=0.9, top 10 per metabolite (no significance test)",P1;D3;D8
LPE P-18:0 or LPE O-18:1,REFMET:LPE P-18:0 or LPE O-18:1,ABRA|prot-pr,human:prot-pr:Q8N0Z2,0.9171,muscle,6,positive,"correlation |r|>=0.9, top 10 per metabolite (no significance test)",P1;D3;D8
5alpha-Androstane-3alpha-ol-17-one sulfate,REFMET:5alpha-Androstane-3alpha-ol-17-one sulfate,APBB1IP|prot-ol,human:prot-ol:OID21359,0.917,blood,10,positive,"correlation |r|>=0.9, top 10 per metabolite (no significance test)",P1;D3;D8
Aminobutyric acid,REFMET:Aminobutyric acid,OGDHL|prot-pr,human:prot-pr:Q9ULD0,-0.9169,muscle,6,negative,"correlation |r|>=0.9, top 10 per metabolite (no significance test)",P1;D3;D8
Methionine,REFMET:Methionine,DST|prot-pr,human:prot-pr:Q03001,-0.9169,muscle,6,negative,"correlation |r|>=0.9, top 10 per metabolite (no significance test)",P1;D3;D8
Hexose,REFMET:Hexose,DNAJC7|prot-pr,human:prot-pr:Q99615,-0.9169,muscle,6,negative,"correlation |r|>=0.9, top 10 per metabolite (no significance test)",P1;D3;D8
2-Oxoglutaric acid,REFMET:2-Oxoglutaric acid,ADSS2|prot-pr,human:prot-pr:P30520,-0.9169,muscle,6,negative,"correlation |r|>=0.9, top 10 per metabolite (no significance test)",P1;D3;D8
SM 18:1;O2/18:0,REFMET:SM 18:1;O2/18:0,FASTKD5|prot-pr,human:prot-pr:Q7L8L6,-0.9169,muscle,6,negative,"correlation |r|>=0.9, top 10 per metabolite (no significance test)",P1;D3;D8
CAR 12:2,REFMET:CAR 12:2,SMOC2|prot-ol,human:prot-ol:OID20730,0.9168,blood,10,positive,"correlation |r|>=0.9, top 10 per metabolite (no significance test)",P1;D3;D8
3-Dehydroxycarnitine,REFMET:3-Dehydroxycarnitine,CBX5|prot-pr,human:prot-pr:P45973,0.9168,muscle,6,positive,"correlation |r|>=0.9, top 10 per metabolite (no significance test)",P1;D3;D8
CAR 12:0;OH,REFMET:CAR 12:0;OH,TXNDC17|prot-pr,human:prot-pr:Q9BRA2,0.9168,muscle,6,positive,"correlation |r|>=0.9, top 10 per metabolite (no significance test)",P1;D3;D8
Hydroxyproline,REFMET:Hydroxyproline,APBB1IP|prot-ol,human:prot-ol:OID21359,-0.9168,blood,10,negative,"correlation |r|>=0.9, top 10 per metabolite (no significance test)",P1;D3;D8
Succinic acid,REFMET:Succinic acid,FAM185A|prot-pr,human:prot-pr:Q8N0U4,-0.9167,muscle,6,negative,"correlation |r|>=0.9, top 10 per metabolite (no significance test)",P1;D3;D8
Creatine,REFMET:Creatine,SERPINB8|prot-ol,human:prot-ol:OID20630,0.9167,blood,10,positive,"correlation |r|>=0.9, top 10 per metabolite (no significance test)",P1;D3;D8
Glutamic acid,REFMET:Glutamic acid,PUM3|prot-pr,human:prot-pr:Q15397,0.9166,muscle,6,positive,"correlation |r|>=0.9, top 10 per metabolite (no significance test)",P1;D3;D8
Inosine,REFMET:Inosine,SMYD5|prot-pr,human:prot-pr:Q6GMV2,-0.9166,muscle,6,negative,"correlation |r|>=0.9, top 10 per metabolite (no significance test)",P1;D3;D8
PC P-32:1 or PC O-32:2,REFMET:PC P-32:1 or PC O-32:2,DRG1|prot-pr,human:prot-pr:Q9Y295,0.9166,muscle,6,positive,"correlation |r|>=0.9, top 10 per metabolite (no significance test)",P1;D3;D8
PC O-32:0,REFMET:PC O-32:0,PEX7|prot-pr,human:prot-pr:O00628,-0.9166,muscle,6,negative,"correlation |r|>=0.9, top 10 per metabolite (no significance test)",P1;D3;D8
N-Acetyl-D-tryptophan,REFMET:N-Acetyl-D-tryptophan,NTRK3|prot-ol,human:prot-ol:OID21057,0.9165,blood,10,positive,"correlation |r|>=0.9, top 10 per metabolite (no significance test)",P1;D3;D8
"NA-Gly 18:2(9Z,12Z)","REFMET:NA-Gly 18:2(9Z,12Z)",CLC|prot-pr,human:prot-pr:Q05315,-0.9165,muscle,6,negative,"correlation |r|>=0.9, top 10 per metabolite (no significance test)",P1;D3;D8
LPC O-18:0,REFMET:LPC O-18:0,SLC15A4|prot-pr,human:prot-pr:Q8N697,-0.9165,muscle,6,negative,"correlation |r|>=0.9, top 10 per metabolite (no significance test)",P1;D3;D8
Cer 18:1;O2/16:0,REFMET:Cer 18:1;O2/16:0,S100A11|prot-ol,human:prot-ol:OID20130,0.9165,blood,10,positive,"correlation |r|>=0.9, top 10 per metabolite (no significance test)",P1;D3;D8
FA 24:1;O2,REFMET:FA 24:1;O2,KYNU|prot-ol,human:prot-ol:OID20669,0.9165,blood,10,positive,"correlation |r|>=0.9, top 10 per metabolite (no significance test)",P1;D3;D8
Adipic acid,REFMET:Adipic acid,PLAAT3|prot-pr,human:prot-pr:P53816,-0.9165,muscle,6,negative,"correlation |r|>=0.9, top 10 per metabolite (no significance test)",P1;D3;D8
AICAR,REFMET:AICAR,MRPS18C|prot-pr,human:prot-pr:Q9Y3D5,-0.9165,muscle,6,negative,"correlation |r|>=0.9, top 10 per metabolite (no significance test)",P1;D3;D8
Pyroglutamic acid,REFMET:Pyroglutamic acid,NSDHL|prot-pr,human:prot-pr:Q15738,-0.9165,muscle,6,negative,"correlation |r|>=0.9, top 10 per metabolite (no significance test)",P1;D3;D8
Indolelactic acid,REFMET:Indolelactic acid,PPID|prot-pr,human:prot-pr:Q08752,-0.9164,muscle,6,negative,"correlation |r|>=0.9, top 10 per metabolite (no significance test)",P1;D3;D8
1-Methyladenosine,REFMET:1-Methyladenosine,BST2|prot-pr,human:prot-pr:Q10589,0.9164,muscle,6,positive,"correlation |r|>=0.9, top 10 per metabolite (no significance test)",P1;D3;D8
NADP,REFMET:NADP,COPS3|prot-pr,human:prot-pr:Q9UNS2,0.9163,muscle,6,positive,"correlation |r|>=0.9, top 10 per metabolite (no significance test)",P1;D3;D8
PC P-34:3 or PC O-34:4,REFMET:PC P-34:3 or PC O-34:4,LMOD2|prot-pr,human:prot-pr:Q6P5Q4,0.9163,muscle,6,positive,"correlation |r|>=0.9, top 10 per metabolite (no significance test)",P1;D3;D8
DG 18:1_22:6,REFMET:DG 18:1_22:6,CRHBP|prot-ol,human:prot-ol:OID20747,0.9163,blood,10,positive,"correlation |r|>=0.9, top 10 per metabolite (no significance test)",P1;D3;D8
PC P-34:2 or PC O-34:3,REFMET:PC P-34:2 or PC O-34:3,GHRL|prot-ol,human:prot-ol:OID20175,-0.9162,blood,10,negative,"correlation |r|>=0.9, top 10 per metabolite (no significance test)",P1;D3;D8
Cer 18:1;O2/16:0,REFMET:Cer 18:1;O2/16:0,MASP1|prot-ol,human:prot-ol:OID20954,0.9162,blood,10,positive,"correlation |r|>=0.9, top 10 per metabolite (no significance test)",P1;D3;D8
SM 43:3;O2,REFMET:SM 43:3;O2,CD5|prot-ol,human:prot-ol:OID21449,0.9162,blood,10,positive,"correlation |r|>=0.9, top 10 per metabolite (no significance test)",P1;D3;D8
PE P-38:6 or PE O-38:7,REFMET:PE P-38:6 or PE O-38:7,YIPF5|prot-pr,human:prot-pr:Q969M3,-0.9162,muscle,6,negative,"correlation |r|>=0.9, top 10 per metabolite (no significance test)",P1;D3;D8
CAR 13:0,REFMET:CAR 13:0,NFIX|prot-pr,human:prot-pr:Q14938-3,0.9162,muscle,6,positive,"correlation |r|>=0.9, top 10 per metabolite (no significance test)",P1;D3;D8
SM 18:1;O2/20:0,REFMET:SM 18:1;O2/20:0,RACK1|prot-pr,human:prot-pr:P63244,0.9161,muscle,6,positive,"correlation |r|>=0.9, top 10 per metabolite (no significance test)",P1;D3;D8
N-Methyl-proline,REFMET:N-Methyl-proline,DCTN6|prot-pr,human:prot-pr:O00399,0.9161,muscle,6,positive,"correlation |r|>=0.9, top 10 per metabolite (no significance test)",P1;D3;D8
LPE 22:6,REFMET:LPE 22:6,PPIL3|prot-pr,human:prot-pr:Q9H2H8,0.9161,muscle,6,positive,"correlation |r|>=0.9, top 10 per metabolite (no significance test)",P1;D3;D8
DG 18:2_18:2,REFMET:DG 18:2_18:2,GOSR1|prot-pr,human:prot-pr:O95249,0.916,muscle,6,positive,"correlation |r|>=0.9, top 10 per metabolite (no significance test)",P1;D3;D8
Glycodeoxycholic acid,REFMET:Glycodeoxycholic acid,Q58FG1|prot-pr,human:prot-pr:Q58FG1,0.916,muscle,6,positive,"correlation |r|>=0.9, top 10 per metabolite (no significance test)",P1;D3;D8
Trigonelline,REFMET:Trigonelline,RICTOR|prot-pr,human:prot-pr:Q6R327,0.916,muscle,6,positive,"correlation |r|>=0.9, top 10 per metabolite (no significance test)",P1;D3;D8
Aminobutyric acid,REFMET:Aminobutyric acid,RPS28|prot-pr,human:prot-pr:P62857,0.916,muscle,6,positive,"correlation |r|>=0.9, top 10 per metabolite (no significance test)",P1;D3;D8
Leu-Pro,REFMET:Leu-Pro,NPLOC4|prot-pr,human:prot-pr:Q8TAT6,0.916,muscle,6,positive,"correlation |r|>=0.9, top 10 per metabolite (no significance test)",P1;D3;D8
Tryptophan,REFMET:Tryptophan,FAM76A|prot-pr,human:prot-pr:Q8TAV0,0.9159,muscle,6,positive,"correlation |r|>=0.9, top 10 per metabolite (no significance test)",P1;D3;D8
PC 31:0,REFMET:PC 31:0,NEXN|prot-pr,human:prot-pr:Q0ZGT2-2,0.9159,muscle,6,positive,"correlation |r|>=0.9, top 10 per metabolite (no significance test)",P1;D3;D8
SM 18:1;O2/17:1,REFMET:SM 18:1;O2/17:1,TMEM263|prot-pr,human:prot-pr:Q8WUH6,0.9159,muscle,6,positive,"correlation |r|>=0.9, top 10 per metabolite (no significance test)",P1;D3;D8
Dimethylglycine,REFMET:Dimethylglycine,FOLR2|prot-ol,human:prot-ol:OID21062,-0.9159,blood,10,negative,"correlation |r|>=0.9, top 10 per metabolite (no significance test)",P1;D3;D8
Succinic acid,REFMET:Succinic acid,DST|prot-pr,human:prot-pr:Q03001,0.9159,muscle,6,positive,"correlation |r|>=0.9, top 10 per metabolite (no significance test)",P1;D3;D8
Glutamine,REFMET:Glutamine,WIF1|prot-ol,human:prot-ol:OID21464,-0.9158,blood,10,negative,"correlation |r|>=0.9, top 10 per metabolite (no significance test)",P1;D3;D8
Aspartic acid,REFMET:Aspartic acid,LSP1|prot-ol,human:prot-ol:OID20530,-0.9158,blood,10,negative,"correlation |r|>=0.9, top 10 per metabolite (no significance test)",P1;D3;D8
Tryptophan,REFMET:Tryptophan,UBQLN2|prot-pr,human:prot-pr:Q9UHD9,0.9158,muscle,6,positive,"correlation |r|>=0.9, top 10 per metabolite (no significance test)",P1;D3;D8
Hexadecenoic acid,REFMET:Hexadecenoic acid,FILIP1L|prot-pr,human:prot-pr:Q4L180-2,-0.9157,muscle,6,negative,"correlation |r|>=0.9, top 10 per metabolite (no significance test)",P1;D3;D8
PC 33:2,REFMET:PC 33:2,TNFRSF21|prot-ol,human:prot-ol:OID21052,-0.9157,blood,10,negative,"correlation |r|>=0.9, top 10 per metabolite (no significance test)",P1;D3;D8
Cer 18:1;O2/16:1,REFMET:Cer 18:1;O2/16:1,TMCC3|prot-pr,human:prot-pr:Q9ULS5,0.9157,muscle,6,positive,"correlation |r|>=0.9, top 10 per metabolite (no significance test)",P1;D3;D8
Aminobutyric acid,REFMET:Aminobutyric acid,H3-3A|prot-pr,human:prot-pr:P84243,-0.9157,muscle,6,negative,"correlation |r|>=0.9, top 10 per metabolite (no significance test)",P1;D3;D8
Capric acid,REFMET:Capric acid,TMCC3|prot-pr,human:prot-pr:Q9ULS5,-0.9157,muscle,6,negative,"correlation |r|>=0.9, top 10 per metabolite (no significance test)",P1;D3;D8
PE P-36:2 or PE O-36:3,REFMET:PE P-36:2 or PE O-36:3,UBA6|prot-pr,human:prot-pr:A0AVT1,-0.9156,muscle,6,negative,"correlation |r|>=0.9, top 10 per metabolite (no significance test)",P1;D3;D8
Glycoursodeoxycholic acid,REFMET:Glycoursodeoxycholic acid,RAP2A|prot-pr,human:prot-pr:P10114,-0.9156,muscle,6,negative,"correlation |r|>=0.9, top 10 per metabolite (no significance test)",P1;D3;D8
CAR DC5:0,REFMET:CAR DC5:0,CX3CL1|prot-ol,human:prot-ol:OID20976,-0.9156,blood,10,negative,"correlation |r|>=0.9, top 10 per metabolite (no significance test)",P1;D3;D8
PE 36:3,REFMET:PE 36:3,TSPAN9|prot-pr,human:prot-pr:O75954,-0.9156,muscle,6,negative,"correlation |r|>=0.9, top 10 per metabolite (no significance test)",P1;D3;D8
PC 30:0,REFMET:PC 30:0,C20orf27|prot-pr,human:prot-pr:Q9GZN8,-0.9156,muscle,6,negative,"correlation |r|>=0.9, top 10 per metabolite (no significance test)",P1;D3;D8
CAR 8:0,REFMET:CAR 8:0,LAYN|prot-ol,human:prot-ol:OID20970,0.9155,blood,10,positive,"correlation |r|>=0.9, top 10 per metabolite (no significance test)",P1;D3;D8
LPC 22:6,REFMET:LPC 22:6,MTA1|prot-pr,human:prot-pr:Q13330,0.9155,muscle,6,positive,"correlation |r|>=0.9, top 10 per metabolite (no significance test)",P1;D3;D8
Ethanolamine,REFMET:Ethanolamine,INHBC|prot-ol,human:prot-ol:OID21093,0.9155,blood,10,positive,"correlation |r|>=0.9, top 10 per metabolite (no significance test)",P1;D3;D8
Serine,REFMET:Serine,LSP1|prot-ol,human:prot-ol:OID20530,-0.9155,blood,10,negative,"correlation |r|>=0.9, top 10 per metabolite (no significance test)",P1;D3;D8
N1-Acetylspermidine,REFMET:N1-Acetylspermidine,OXT|prot-ol,human:prot-ol:OID21047,0.9155,blood,10,positive,"correlation |r|>=0.9, top 10 per metabolite (no significance test)",P1;D3;D8
N6-Acetyllysine,REFMET:N6-Acetyllysine,NEXN|prot-pr,human:prot-pr:Q0ZGT2-2,0.9154,muscle,6,positive,"correlation |r|>=0.9, top 10 per metabolite (no significance test)",P1;D3;D8
Cer 18:1;O2/24:1,REFMET:Cer 18:1;O2/24:1,PTBP3|prot-pr,human:prot-pr:O95758,-0.9154,muscle,6,negative,"correlation |r|>=0.9, top 10 per metabolite (no significance test)",P1;D3;D8
Trigonelline,REFMET:Trigonelline,LSM12|prot-pr,human:prot-pr:Q3MHD2,0.9154,muscle,6,positive,"correlation |r|>=0.9, top 10 per metabolite (no significance test)",P1;D3;D8
N-Methyl-proline,REFMET:N-Methyl-proline,NUTF2|prot-pr,human:prot-pr:P61970,-0.9154,muscle,6,negative,"correlation |r|>=0.9, top 10 per metabolite (no significance test)",P1;D3;D8
Sebacic acid,REFMET:Sebacic acid,TIMMDC1|prot-pr,human:prot-pr:Q9NPL8,-0.9153,muscle,6,negative,"correlation |r|>=0.9, top 10 per metabolite (no significance test)",P1;D3;D8
1-DeoxyCer 18:0;O/24:1,REFMET:1-DeoxyCer 18:0;O/24:1,XIRP2|prot-pr,human:prot-pr:A4UGR9,0.9153,muscle,6,positive,"correlation |r|>=0.9, top 10 per metabolite (no significance test)",P1;D3;D8
sn-Glycero-3-phosphocholine,REFMET:sn-Glycero-3-phosphocholine,PPP2R5D|prot-pr,human:prot-pr:Q14738,-0.9153,muscle,6,negative,"correlation |r|>=0.9, top 10 per metabolite (no significance test)",P1;D3;D8
PC P-34:2 or PC O-34:3,REFMET:PC P-34:2 or PC O-34:3,DRG1|prot-pr,human:prot-pr:Q9Y295,0.9153,muscle,6,positive,"correlation |r|>=0.9, top 10 per metabolite (no significance test)",P1;D3;D8
Acisoga,REFMET:Acisoga,IRF2BPL|prot-pr,human:prot-pr:Q9H1B7,0.9153,muscle,6,positive,"correlation |r|>=0.9, top 10 per metabolite (no significance test)",P1;D3;D8
3-O-Methyl-DOPA,REFMET:3-O-Methyl-DOPA,CBX5|prot-pr,human:prot-pr:P45973,0.9153,muscle,6,positive,"correlation |r|>=0.9, top 10 per metabolite (no significance test)",P1;D3;D8
Asparagine,REFMET:Asparagine,ANKS1A|prot-pr,human:prot-pr:Q92625,-0.9153,muscle,6,negative,"correlation |r|>=0.9, top 10 per metabolite (no significance test)",P1;D3;D8
CAR 5:1,REFMET:CAR 5:1,MASP1|prot-ol,human:prot-ol:OID20954,-0.9152,blood,10,negative,"correlation |r|>=0.9, top 10 per metabolite (no significance test)",P1;D3;D8
PE O-16:1/22:4,REFMET:PE O-16:1/22:4,PTPRN2|prot-ol,human:prot-ol:OID20912,-0.9152,blood,10,negative,"correlation |r|>=0.9, top 10 per metabolite (no significance test)",P1;D3;D8
Phosphocreatine,REFMET:Phosphocreatine,NPLOC4|prot-pr,human:prot-pr:Q8TAT6,0.9152,muscle,6,positive,"correlation |r|>=0.9, top 10 per metabolite (no significance test)",P1;D3;D8
gamma-Aminobutyric acid,REFMET:gamma-Aminobutyric acid,RPS28|prot-pr,human:prot-pr:P62857,0.9151,muscle,6,positive,"correlation |r|>=0.9, top 10 per metabolite (no significance test)",P1;D3;D8
Cystine,REFMET:Cystine,CX3CL1|prot-ol,human:prot-ol:OID20976,-0.9151,blood,10,negative,"correlation |r|>=0.9, top 10 per metabolite (no significance test)",P1;D3;D8
PC O-36:5,REFMET:PC O-36:5,NUP160|prot-pr,human:prot-pr:Q12769,0.9151,muscle,6,positive,"correlation |r|>=0.9, top 10 per metabolite (no significance test)",P1;D3;D8
Spermine,REFMET:Spermine,NPDC1|prot-ol,human:prot-ol:OID20205,-0.915,blood,10,negative,"correlation |r|>=0.9, top 10 per metabolite (no significance test)",P1;D3;D8
Leu-Ile,REFMET:Leu-Ile,NPLOC4|prot-pr,human:prot-pr:Q8TAT6,0.915,muscle,6,positive,"correlation |r|>=0.9, top 10 per metabolite (no significance test)",P1;D3;D8
N-Acetylaspartic acid,REFMET:N-Acetylaspartic acid,C20orf27|prot-pr,human:prot-pr:Q9GZN8,-0.9149,muscle,6,negative,"correlation |r|>=0.9, top 10 per metabolite (no significance test)",P1;D3;D8
Ethanolamine,REFMET:Ethanolamine,APEX1|prot-ol,human:prot-ol:OID21434,0.9149,blood,10,positive,"correlation |r|>=0.9, top 10 per metabolite (no significance test)",P1;D3;D8
N-Acetylalanine,REFMET:N-Acetylalanine,NAAA|prot-ol,human:prot-ol:OID20931,-0.9149,blood,10,negative,"correlation |r|>=0.9, top 10 per metabolite (no significance test)",P1;D3;D8
4-Pyridoxic acid,REFMET:4-Pyridoxic acid,THBS2|prot-ol,human:prot-ol:OID21104,0.9149,blood,10,positive,"correlation |r|>=0.9, top 10 per metabolite (no significance test)",P1;D3;D8
Taurine,REFMET:Taurine,MAT2B|prot-pr,human:prot-pr:Q9NZL9,0.9149,muscle,6,positive,"correlation |r|>=0.9, top 10 per metabolite (no significance test)",P1;D3;D8
Cer 18:1;O2/16:1,REFMET:Cer 18:1;O2/16:1,DST|prot-pr,human:prot-pr:Q03001,0.9149,muscle,6,positive,"correlation |r|>=0.9, top 10 per metabolite (no significance test)",P1;D3;D8
Lactic acid,REFMET:Lactic acid,TXNDC17|prot-pr,human:prot-pr:Q9BRA2,-0.9148,muscle,6,negative,"correlation |r|>=0.9, top 10 per metabolite (no significance test)",P1;D3;D8
Aminobutyric acid,REFMET:Aminobutyric acid,HLA-G|prot-pr,human:prot-pr:P17693,-0.9147,muscle,6,negative,"correlation |r|>=0.9, top 10 per metabolite (no significance test)",P1;D3;D8
SM 18:1;O2/20:1,REFMET:SM 18:1;O2/20:1,PPID|prot-pr,human:prot-pr:Q08752,0.9147,muscle,6,positive,"correlation |r|>=0.9, top 10 per metabolite (no significance test)",P1;D3;D8
Glutamine,REFMET:Glutamine,MRPS18C|prot-pr,human:prot-pr:Q9Y3D5,-0.9147,muscle,6,negative,"correlation |r|>=0.9, top 10 per metabolite (no significance test)",P1;D3;D8
DG 34:1,REFMET:DG 34:1,IL18R1|prot-ol,human:prot-ol:OID20652,0.9147,blood,10,positive,"correlation |r|>=0.9, top 10 per metabolite (no significance test)",P1;D3;D8
LPC 18:2,REFMET:LPC 18:2,POLR2M|prot-pr,human:prot-pr:Q6EEV4,0.9147,muscle,6,positive,"correlation |r|>=0.9, top 10 per metabolite (no significance test)",P1;D3;D8
cis-Aconitic acid,REFMET:cis-Aconitic acid,NCOA4|prot-pr,human:prot-pr:Q13772,-0.9147,muscle,6,negative,"correlation |r|>=0.9, top 10 per metabolite (no significance test)",P1;D3;D8
Cer 18:1;O2/16:0,REFMET:Cer 18:1;O2/16:0,CX3CL1|prot-ol,human:prot-ol:OID20976,0.9146,blood,10,positive,"correlation |r|>=0.9, top 10 per metabolite (no significance test)",P1;D3;D8
Xanthine,REFMET:Xanthine,GHRL|prot-ol,human:prot-ol:OID20175,-0.9146,blood,10,negative,"correlation |r|>=0.9, top 10 per metabolite (no significance test)",P1;D3;D8
SM 33:2;O2,REFMET:SM 33:2;O2,SKAP1|prot-ol,human:prot-ol:OID20906,0.9146,blood,10,positive,"correlation |r|>=0.9, top 10 per metabolite (no significance test)",P1;D3;D8
PE 36:4,REFMET:PE 36:4,LANCL2|prot-pr,human:prot-pr:Q9NS86,0.9146,muscle,6,positive,"correlation |r|>=0.9, top 10 per metabolite (no significance test)",P1;D3;D8
Sedoheptulose 7-phosphate,REFMET:Sedoheptulose 7-phosphate,MRPS16|prot-pr,human:prot-pr:Q9Y3D3,-0.9146,muscle,6,negative,"correlation |r|>=0.9, top 10 per metabolite (no significance test)",P1;D3;D8
Citrulline,REFMET:Citrulline,SCLY|prot-pr,human:prot-pr:Q96I15,-0.9146,muscle,6,negative,"correlation |r|>=0.9, top 10 per metabolite (no significance test)",P1;D3;D8
"NA-Gly 18:2(9Z,12Z)","REFMET:NA-Gly 18:2(9Z,12Z)",GLRX2|prot-pr,human:prot-pr:Q9NS18,-0.9146,muscle,6,negative,"correlation |r|>=0.9, top 10 per metabolite (no significance test)",P1;D3;D8
Tyrosine,REFMET:Tyrosine,COPS8|prot-pr,human:prot-pr:Q99627,-0.9145,muscle,6,negative,"correlation |r|>=0.9, top 10 per metabolite (no significance test)",P1;D3;D8
Cortisone,REFMET:Cortisone,NUP160|prot-pr,human:prot-pr:Q12769,-0.9145,muscle,6,negative,"correlation |r|>=0.9, top 10 per metabolite (no significance test)",P1;D3;D8
AICAR,REFMET:AICAR,UBQLN2|prot-pr,human:prot-pr:Q9UHD9,0.9145,muscle,6,positive,"correlation |r|>=0.9, top 10 per metabolite (no significance test)",P1;D3;D8
SM 18:1;O2/22:0,REFMET:SM 18:1;O2/22:0,ANAPC7|prot-pr,human:prot-pr:Q9UJX3,0.9145,muscle,6,positive,"correlation |r|>=0.9, top 10 per metabolite (no significance test)",P1;D3;D8
Glutamic acid,REFMET:Glutamic acid,ORC3|prot-pr,human:prot-pr:Q9UBD5,0.9144,muscle,6,positive,"correlation |r|>=0.9, top 10 per metabolite (no significance test)",P1;D3;D8
PE P-36:2 or PE O-36:3,REFMET:PE P-36:2 or PE O-36:3,ACYP1|prot-pr,human:prot-pr:P07311,-0.9144,muscle,6,negative,"correlation |r|>=0.9, top 10 per metabolite (no significance test)",P1;D3;D8
Aminoisobutyric acid,REFMET:Aminoisobutyric acid,NPDC1|prot-ol,human:prot-ol:OID20205,-0.9144,blood,10,negative,"correlation |r|>=0.9, top 10 per metabolite (no significance test)",P1;D3;D8
SM 18:1;O2/14:1,REFMET:SM 18:1;O2/14:1,PTBP3|prot-pr,human:prot-pr:O95758,-0.9144,muscle,6,negative,"correlation |r|>=0.9, top 10 per metabolite (no significance test)",P1;D3;D8
PE P-40:6 or PE O-40:7,REFMET:PE P-40:6 or PE O-40:7,C20orf27|prot-pr,human:prot-pr:Q9GZN8,-0.9143,muscle,6,negative,"correlation |r|>=0.9, top 10 per metabolite (no significance test)",P1;D3;D8
SM 18:1;O2/22:0,REFMET:SM 18:1;O2/22:0,DCTN6|prot-pr,human:prot-pr:O00399,0.9143,muscle,6,positive,"correlation |r|>=0.9, top 10 per metabolite (no significance test)",P1;D3;D8
Glucose,REFMET:Glucose,IGHV3-74|prot-pr,human:prot-pr:A0A0B4J1X5,-0.9143,muscle,6,negative,"correlation |r|>=0.9, top 10 per metabolite (no significance test)",P1;D3;D8
Cer 18:1;O2/16:0,REFMET:Cer 18:1;O2/16:0,IL16|prot-ol,human:prot-ol:OID20633,0.9143,blood,10,positive,"correlation |r|>=0.9, top 10 per metabolite (no significance test)",P1;D3;D8
Eicosenoic acid,REFMET:Eicosenoic acid,FAM185A|prot-pr,human:prot-pr:Q8N0U4,-0.9143,muscle,6,negative,"correlation |r|>=0.9, top 10 per metabolite (no significance test)",P1;D3;D8
UDP-galactose,REFMET:UDP-galactose,DHX9|prot-pr,human:prot-pr:Q08211,-0.9142,muscle,6,negative,"correlation |r|>=0.9, top 10 per metabolite (no significance test)",P1;D3;D8
CAR 2:0,REFMET:CAR 2:0,HLA-G|prot-pr,human:prot-pr:P17693,0.9142,muscle,6,positive,"correlation |r|>=0.9, top 10 per metabolite (no significance test)",P1;D3;D8
EDTA,REFMET:EDTA,KYNU|prot-ol,human:prot-ol:OID20669,-0.9142,blood,10,negative,"correlation |r|>=0.9, top 10 per metabolite (no significance test)",P1;D3;D8
LPC 16:0,REFMET:LPC 16:0,SSRP1|prot-pr,human:prot-pr:Q08945,-0.9142,muscle,6,negative,"correlation |r|>=0.9, top 10 per metabolite (no significance test)",P1;D3;D8
Pantothenic acid,REFMET:Pantothenic acid,UBQLN4|prot-pr,human:prot-pr:Q9NRR5,0.9141,muscle,6,positive,"correlation |r|>=0.9, top 10 per metabolite (no significance test)",P1;D3;D8
Indole-4-carboxaldehyde,REFMET:Indole-4-carboxaldehyde,OXT|prot-ol,human:prot-ol:OID21047,0.9141,blood,10,positive,"correlation |r|>=0.9, top 10 per metabolite (no significance test)",P1;D3;D8
CAR 5:0;OH,REFMET:CAR 5:0;OH,DDA1|prot-pr,human:prot-pr:Q9BW61,-0.9141,muscle,6,negative,"correlation |r|>=0.9, top 10 per metabolite (no significance test)",P1;D3;D8
Leucine,REFMET:Leucine,FAM76A|prot-pr,human:prot-pr:Q8TAV0,0.9141,muscle,6,positive,"correlation |r|>=0.9, top 10 per metabolite (no significance test)",P1;D3;D8
CAR 3:0,REFMET:CAR 3:0,FLT3LG|prot-ol,human:prot-ol:OID20661,0.9141,blood,10,positive,"correlation |r|>=0.9, top 10 per metabolite (no significance test)",P1;D3;D8
Lysine,REFMET:Lysine,SLC25A24|prot-pr,human:prot-pr:Q6NUK1,-0.9141,muscle,6,negative,"correlation |r|>=0.9, top 10 per metabolite (no significance test)",P1;D3;D8
Citric acid/Isocitric acid,REFMET:Citric acid/Isocitric acid,ANAPC7|prot-pr,human:prot-pr:Q9UJX3,-0.9141,muscle,6,negative,"correlation |r|>=0.9, top 10 per metabolite (no significance test)",P1;D3;D8
"(E,E)-Trichostachine","REFMET:(E,E)-Trichostachine",DNAJC1|prot-pr,human:prot-pr:Q96KC8,0.914,muscle,6,positive,"correlation |r|>=0.9, top 10 per metabolite (no significance test)",P1;D3;D8
Phe-Phe,REFMET:Phe-Phe,NRAP|prot-pr,human:prot-pr:Q86VF7,0.914,muscle,6,positive,"correlation |r|>=0.9, top 10 per metabolite (no significance test)",P1;D3;D8
Ornithine,REFMET:Ornithine,APEX1|prot-ol,human:prot-ol:OID21434,-0.914,blood,10,negative,"correlation |r|>=0.9, top 10 per metabolite (no significance test)",P1;D3;D8
PC 18:1/18:1,REFMET:PC 18:1/18:1,VGLL2|prot-pr,human:prot-pr:Q8N8G2,0.914,muscle,6,positive,"correlation |r|>=0.9, top 10 per metabolite (no significance test)",P1;D3;D8
Symmetric dimethylarginine,REFMET:Symmetric dimethylarginine,CCN4|prot-ol,human:prot-ol:OID21444,-0.914,blood,10,negative,"correlation |r|>=0.9, top 10 per metabolite (no significance test)",P1;D3;D8
PE 36:1,REFMET:PE 36:1,GLO1|prot-pr,human:prot-pr:Q04760,0.914,muscle,6,positive,"correlation |r|>=0.9, top 10 per metabolite (no significance test)",P1;D3;D8
N-Acetylleucine,REFMET:N-Acetylleucine,ALAS1|prot-pr,human:prot-pr:P13196,-0.914,muscle,6,negative,"correlation |r|>=0.9, top 10 per metabolite (no significance test)",P1;D3;D8
Leu-Pro,REFMET:Leu-Pro,PDK4|prot-pr,human:prot-pr:Q16654,0.9139,muscle,6,positive,"correlation |r|>=0.9, top 10 per metabolite (no significance test)",P1;D3;D8
3-O-Methyl-DOPA,REFMET:3-O-Methyl-DOPA,ISCA2|prot-pr,human:prot-pr:Q86U28,-0.9139,muscle,6,negative,"correlation |r|>=0.9, top 10 per metabolite (no significance test)",P1;D3;D8
PC 33:0,REFMET:PC 33:0,HLA-G|prot-pr,human:prot-pr:P17693,-0.9138,muscle,6,negative,"correlation |r|>=0.9, top 10 per metabolite (no significance test)",P1;D3;D8
CAR 12:0;OH,REFMET:CAR 12:0;OH,COPS3|prot-pr,human:prot-pr:Q9UNS2,0.9138,muscle,6,positive,"correlation |r|>=0.9, top 10 per metabolite (no significance test)",P1;D3;D8
Hydroxyhexadecanoic acid,REFMET:Hydroxyhexadecanoic acid,CBX5|prot-pr,human:prot-pr:P45973,-0.9138,muscle,6,negative,"correlation |r|>=0.9, top 10 per metabolite (no significance test)",P1;D3;D8
Oxidized glutathione,REFMET:Oxidized glutathione,TRMT112|prot-pr,human:prot-pr:Q9UI30,-0.9138,muscle,6,negative,"correlation |r|>=0.9, top 10 per metabolite (no significance test)",P1;D3;D8
PC 32:1,REFMET:PC 32:1,RANBP9|prot-pr,human:prot-pr:Q96S59,0.9138,muscle,6,positive,"correlation |r|>=0.9, top 10 per metabolite (no significance test)",P1;D3;D8
LPC 17:0,REFMET:LPC 17:0,COPS3|prot-pr,human:prot-pr:Q9UNS2,0.9138,muscle,6,positive,"correlation |r|>=0.9, top 10 per metabolite (no significance test)",P1;D3;D8
3-Methylhistidine,REFMET:3-Methylhistidine,WIF1|prot-ol,human:prot-ol:OID21464,-0.9137,blood,10,negative,"correlation |r|>=0.9, top 10 per metabolite (no significance test)",P1;D3;D8
3-O-Methyl-DOPA,REFMET:3-O-Methyl-DOPA,PRPF19|prot-pr,human:prot-pr:Q9UMS4,0.9137,muscle,6,positive,"correlation |r|>=0.9, top 10 per metabolite (no significance test)",P1;D3;D8
DMGV,REFMET:DMGV,H4C9|prot-pr,human:prot-pr:P62805,0.9137,muscle,6,positive,"correlation |r|>=0.9, top 10 per metabolite (no significance test)",P1;D3;D8
Betaine,REFMET:Betaine,SEZ6L|prot-ol,human:prot-ol:OID21488,-0.9137,blood,10,negative,"correlation |r|>=0.9, top 10 per metabolite (no significance test)",P1;D3;D8
CAR 11:1,REFMET:CAR 11:1,H3-3A|prot-pr,human:prot-pr:P84243,-0.9136,muscle,6,negative,"correlation |r|>=0.9, top 10 per metabolite (no significance test)",P1;D3;D8
Biliverdin,REFMET:Biliverdin,POLR2F|prot-ol,human:prot-ol:OID21283,-0.9136,blood,10,negative,"correlation |r|>=0.9, top 10 per metabolite (no significance test)",P1;D3;D8
PC 30:2,REFMET:PC 30:2,NCOA4|prot-pr,human:prot-pr:Q13772,-0.9136,muscle,6,negative,"correlation |r|>=0.9, top 10 per metabolite (no significance test)",P1;D3;D8
3-O-Methyl-DOPA,REFMET:3-O-Methyl-DOPA,SMYD5|prot-pr,human:prot-pr:Q6GMV2,-0.9136,muscle,6,negative,"correlation |r|>=0.9, top 10 per metabolite (no significance test)",P1;D3;D8
CAR 6:0,REFMET:CAR 6:0,ORC3|prot-pr,human:prot-pr:Q9UBD5,0.9136,muscle,6,positive,"correlation |r|>=0.9, top 10 per metabolite (no significance test)",P1;D3;D8
PC 32:2,REFMET:PC 32:2,NPLOC4|prot-pr,human:prot-pr:Q8TAT6,0.9136,muscle,6,positive,"correlation |r|>=0.9, top 10 per metabolite (no significance test)",P1;D3;D8
Eicosapentaenoic acid,REFMET:Eicosapentaenoic acid,CALCOCO1|prot-pr,human:prot-pr:Q9P1Z2,0.9136,muscle,6,positive,"correlation |r|>=0.9, top 10 per metabolite (no significance test)",P1;D3;D8
SM 18:1;O2/22:1,REFMET:SM 18:1;O2/22:1,SPINK6|prot-ol,human:prot-ol:OID21450,-0.9136,blood,10,negative,"correlation |r|>=0.9, top 10 per metabolite (no significance test)",P1;D3;D8
Urocanic acid,REFMET:Urocanic acid,KLC2|prot-pr,human:prot-pr:Q9H0B6,-0.9135,muscle,6,negative,"correlation |r|>=0.9, top 10 per metabolite (no significance test)",P1;D3;D8
Deoxycholic acid,REFMET:Deoxycholic acid,GDE1|prot-pr,human:prot-pr:Q9NZC3,0.9135,muscle,6,positive,"correlation |r|>=0.9, top 10 per metabolite (no significance test)",P1;D3;D8
PE O-16:1/22:4,REFMET:PE O-16:1/22:4,HSPB2|prot-pr,human:prot-pr:Q16082,0.9135,muscle,6,positive,"correlation |r|>=0.9, top 10 per metabolite (no significance test)",P1;D3;D8
Cer 18:1;O2/23:1,REFMET:Cer 18:1;O2/23:1,NRAP|prot-pr,human:prot-pr:Q86VF7,0.9135,muscle,6,positive,"correlation |r|>=0.9, top 10 per metabolite (no significance test)",P1;D3;D8
PC O-40:5,REFMET:PC O-40:5,SKAP1|prot-ol,human:prot-ol:OID20906,0.9135,blood,10,positive,"correlation |r|>=0.9, top 10 per metabolite (no significance test)",P1;D3;D8
PC 30:0,REFMET:PC 30:0,RANBP9|prot-pr,human:prot-pr:Q96S59,0.9135,muscle,6,positive,"correlation |r|>=0.9, top 10 per metabolite (no significance test)",P1;D3;D8
Taurine,REFMET:Taurine,PIR|prot-pr,human:prot-pr:O00625,-0.9134,muscle,6,negative,"correlation |r|>=0.9, top 10 per metabolite (no significance test)",P1;D3;D8
Ethanolamine,REFMET:Ethanolamine,SLITRK2|prot-ol,human:prot-ol:OID21409,0.9134,blood,10,positive,"correlation |r|>=0.9, top 10 per metabolite (no significance test)",P1;D3;D8
Putrescine,REFMET:Putrescine,RPE|prot-pr,human:prot-pr:Q96AT9,-0.9134,muscle,6,negative,"correlation |r|>=0.9, top 10 per metabolite (no significance test)",P1;D3;D8
CAR 5:1,REFMET:CAR 5:1,PFN1|prot-pr,human:prot-pr:P07737,-0.9133,muscle,6,negative,"correlation |r|>=0.9, top 10 per metabolite (no significance test)",P1;D3;D8
SM 18:1;O2/15:0,REFMET:SM 18:1;O2/15:0,ANAPC7|prot-pr,human:prot-pr:Q9UJX3,0.9133,muscle,6,positive,"correlation |r|>=0.9, top 10 per metabolite (no significance test)",P1;D3;D8
Kynurenine,REFMET:Kynurenine,LDLRAP1|prot-pr,human:prot-pr:Q5SW96,0.9132,muscle,6,positive,"correlation |r|>=0.9, top 10 per metabolite (no significance test)",P1;D3;D8
PE 38:4,REFMET:PE 38:4,KIAA2013|prot-pr,human:prot-pr:Q8IYS2,0.9132,muscle,6,positive,"correlation |r|>=0.9, top 10 per metabolite (no significance test)",P1;D3;D8
Phosphocreatine,REFMET:Phosphocreatine,FMNL1|prot-ol,human:prot-ol:OID20884,-0.9132,blood,10,negative,"correlation |r|>=0.9, top 10 per metabolite (no significance test)",P1;D3;D8
PE O-36:4,REFMET:PE O-36:4,NUDT5|prot-pr,human:prot-pr:Q9UKK9,-0.9132,muscle,6,negative,"correlation |r|>=0.9, top 10 per metabolite (no significance test)",P1;D3;D8
CAR DC6:0,REFMET:CAR DC6:0,GDE1|prot-pr,human:prot-pr:Q9NZC3,-0.9132,muscle,6,negative,"correlation |r|>=0.9, top 10 per metabolite (no significance test)",P1;D3;D8
Glutamic acid,REFMET:Glutamic acid,SMYD5|prot-pr,human:prot-pr:Q6GMV2,0.9132,muscle,6,positive,"correlation |r|>=0.9, top 10 per metabolite (no significance test)",P1;D3;D8
"(E,E)-Trichostachine","REFMET:(E,E)-Trichostachine",ALG11|prot-pr,human:prot-pr:Q2TAA5,0.9132,muscle,6,positive,"correlation |r|>=0.9, top 10 per metabolite (no significance test)",P1;D3;D8
Trigonelline,REFMET:Trigonelline,KLK6|prot-ol,human:prot-ol:OID21526,-0.9132,blood,10,negative,"correlation |r|>=0.9, top 10 per metabolite (no significance test)",P1;D3;D8
Histamine,REFMET:Histamine,CPT1A|prot-pr,human:prot-pr:P50416,-0.9132,muscle,6,negative,"correlation |r|>=0.9, top 10 per metabolite (no significance test)",P1;D3;D8
CAR DC3:0;2Me,REFMET:CAR DC3:0;2Me,SEZ6L|prot-ol,human:prot-ol:OID21488,-0.9131,blood,10,negative,"correlation |r|>=0.9, top 10 per metabolite (no significance test)",P1;D3;D8
PC 33:1,REFMET:PC 33:1,ADM|prot-ol,human:prot-ol:OID21467,-0.9131,blood,10,negative,"correlation |r|>=0.9, top 10 per metabolite (no significance test)",P1;D3;D8
Kynurenine,REFMET:Kynurenine,CCN1|prot-pr,human:prot-pr:O00622,0.9131,muscle,6,positive,"correlation |r|>=0.9, top 10 per metabolite (no significance test)",P1;D3;D8
PC P-36:2 or PC O-36:3,REFMET:PC P-36:2 or PC O-36:3,DST|prot-pr,human:prot-pr:Q03001,0.913,muscle,6,positive,"correlation |r|>=0.9, top 10 per metabolite (no significance test)",P1;D3;D8
Oleoyl-EA,REFMET:Oleoyl-EA,LSM12|prot-pr,human:prot-pr:Q3MHD2,0.913,muscle,6,positive,"correlation |r|>=0.9, top 10 per metabolite (no significance test)",P1;D3;D8
PE P-36:4 or PE O-36:5,REFMET:PE P-36:4 or PE O-36:5,BIRC2|prot-pr,human:prot-pr:Q13490,0.9129,muscle,6,positive,"correlation |r|>=0.9, top 10 per metabolite (no significance test)",P1;D3;D8
Homoarginine,REFMET:Homoarginine,USP28|prot-pr,human:prot-pr:Q96RU2,0.9129,muscle,6,positive,"correlation |r|>=0.9, top 10 per metabolite (no significance test)",P1;D3;D8
3-O-Methyl-DOPA,REFMET:3-O-Methyl-DOPA,COPS8|prot-pr,human:prot-pr:Q99627,-0.9129,muscle,6,negative,"correlation |r|>=0.9, top 10 per metabolite (no significance test)",P1;D3;D8
FAD,REFMET:FAD,TMPO|prot-pr,human:prot-pr:P42167,-0.9129,muscle,6,negative,"correlation |r|>=0.9, top 10 per metabolite (no significance test)",P1;D3;D8
PC P-36:3 or PC O-36:4,REFMET:PC P-36:3 or PC O-36:4,PRL|prot-ol,human:prot-ol:OID21033,0.9128,blood,10,positive,"correlation |r|>=0.9, top 10 per metabolite (no significance test)",P1;D3;D8
Hydroxycaprylic acid,REFMET:Hydroxycaprylic acid,OGFOD1|prot-pr,human:prot-pr:Q8N543,0.9128,muscle,6,positive,"correlation |r|>=0.9, top 10 per metabolite (no significance test)",P1;D3;D8
CAR 16:1,REFMET:CAR 16:1,PPIL3|prot-pr,human:prot-pr:Q9H2H8,0.9127,muscle,6,positive,"correlation |r|>=0.9, top 10 per metabolite (no significance test)",P1;D3;D8
SM 18:1;O2/21:0,REFMET:SM 18:1;O2/21:0,UBQLN2|prot-pr,human:prot-pr:Q9UHD9,-0.9127,muscle,6,negative,"correlation |r|>=0.9, top 10 per metabolite (no significance test)",P1;D3;D8
Glycine,REFMET:Glycine,ILF2|prot-pr,human:prot-pr:Q12905,0.9127,muscle,6,positive,"correlation |r|>=0.9, top 10 per metabolite (no significance test)",P1;D3;D8
Sphinganine,REFMET:Sphinganine,ALG11|prot-pr,human:prot-pr:Q2TAA5,-0.9126,muscle,6,negative,"correlation |r|>=0.9, top 10 per metabolite (no significance test)",P1;D3;D8
LPE 20:3,REFMET:LPE 20:3,GSR|prot-pr,human:prot-pr:P00390,0.9126,muscle,6,positive,"correlation |r|>=0.9, top 10 per metabolite (no significance test)",P1;D3;D8
Lignoceric acid,REFMET:Lignoceric acid,PRL|prot-ol,human:prot-ol:OID21033,-0.9126,blood,10,negative,"correlation |r|>=0.9, top 10 per metabolite (no significance test)",P1;D3;D8
cis-Aconitic acid,REFMET:cis-Aconitic acid,ANAPC7|prot-pr,human:prot-pr:Q9UJX3,-0.9126,muscle,6,negative,"correlation |r|>=0.9, top 10 per metabolite (no significance test)",P1;D3;D8
TG 46:2,REFMET:TG 46:2,PTGES|prot-pr,human:prot-pr:O14684,0.9125,muscle,6,positive,"correlation |r|>=0.9, top 10 per metabolite (no significance test)",P1;D3;D8
Isocitric acid,REFMET:Isocitric acid,CBX5|prot-pr,human:prot-pr:P45973,0.9125,muscle,6,positive,"correlation |r|>=0.9, top 10 per metabolite (no significance test)",P1;D3;D8
Serine,REFMET:Serine,TMPO|prot-pr,human:prot-pr:P42167,0.9124,muscle,6,positive,"correlation |r|>=0.9, top 10 per metabolite (no significance test)",P1;D3;D8
PC P-35:1 or PC O-35:2,REFMET:PC P-35:1 or PC O-35:2,LHPP|prot-pr,human:prot-pr:Q9H008,0.9124,muscle,6,positive,"correlation |r|>=0.9, top 10 per metabolite (no significance test)",P1;D3;D8
Putrescine,REFMET:Putrescine,UBA6|prot-pr,human:prot-pr:A0AVT1,-0.9124,muscle,6,negative,"correlation |r|>=0.9, top 10 per metabolite (no significance test)",P1;D3;D8
DG 18:0_18:1,REFMET:DG 18:0_18:1,IL16|prot-ol,human:prot-ol:OID20633,0.9124,blood,10,positive,"correlation |r|>=0.9, top 10 per metabolite (no significance test)",P1;D3;D8
Cer 18:1;O2/22:1,REFMET:Cer 18:1;O2/22:1,ADSS2|prot-pr,human:prot-pr:P30520,-0.9123,muscle,6,negative,"correlation |r|>=0.9, top 10 per metabolite (no significance test)",P1;D3;D8
Cystine,REFMET:Cystine,MASP1|prot-ol,human:prot-ol:OID20954,-0.9123,blood,10,negative,"correlation |r|>=0.9, top 10 per metabolite (no significance test)",P1;D3;D8
LPC 18:1,REFMET:LPC 18:1,TECR|prot-pr,human:prot-pr:Q9NZ01,-0.9122,muscle,6,negative,"correlation |r|>=0.9, top 10 per metabolite (no significance test)",P1;D3;D8
"NA-Gly 18:2(9Z,12Z)","REFMET:NA-Gly 18:2(9Z,12Z)",MTPN|prot-pr,human:prot-pr:P58546,-0.9122,muscle,6,negative,"correlation |r|>=0.9, top 10 per metabolite (no significance test)",P1;D3;D8
Hypotaurine,REFMET:Hypotaurine,UBE2A|prot-pr,human:prot-pr:P49459,-0.9122,muscle,6,negative,"correlation |r|>=0.9, top 10 per metabolite (no significance test)",P1;D3;D8
Pyroglutamic acid,REFMET:Pyroglutamic acid,UBQLN4|prot-pr,human:prot-pr:Q9NRR5,0.9122,muscle,6,positive,"correlation |r|>=0.9, top 10 per metabolite (no significance test)",P1;D3;D8
PC 34:2,REFMET:PC 34:2,PIH1D1|prot-pr,human:prot-pr:Q9NWS0,0.9122,muscle,6,positive,"correlation |r|>=0.9, top 10 per metabolite (no significance test)",P1;D3;D8
Cer 18:1;O2/20:1,REFMET:Cer 18:1;O2/20:1,PHYKPL|prot-pr,human:prot-pr:Q8IUZ5,-0.9121,muscle,6,negative,"correlation |r|>=0.9, top 10 per metabolite (no significance test)",P1;D3;D8
PE 36:3,REFMET:PE 36:3,MYO1C|prot-pr,human:prot-pr:O00159,-0.912,muscle,6,negative,"correlation |r|>=0.9, top 10 per metabolite (no significance test)",P1;D3;D8
Serine,REFMET:Serine,FAM76A|prot-pr,human:prot-pr:Q8TAV0,0.912,muscle,6,positive,"correlation |r|>=0.9, top 10 per metabolite (no significance test)",P1;D3;D8
Rosmarinic acid,REFMET:Rosmarinic acid,CAPG|prot-ol,human:prot-ol:OID21431,0.912,blood,10,positive,"correlation |r|>=0.9, top 10 per metabolite (no significance test)",P1;D3;D8
TG 46:2,REFMET:TG 46:2,PRPF19|prot-pr,human:prot-pr:Q9UMS4,0.912,muscle,6,positive,"correlation |r|>=0.9, top 10 per metabolite (no significance test)",P1;D3;D8
SM 18:1;O2/23:2,REFMET:SM 18:1;O2/23:2,SNX3|prot-pr,human:prot-pr:O60493,0.912,muscle,6,positive,"correlation |r|>=0.9, top 10 per metabolite (no significance test)",P1;D3;D8
Cer 18:1;O2/16:0,REFMET:Cer 18:1;O2/16:0,TECR|prot-pr,human:prot-pr:Q9NZ01,-0.912,muscle,6,negative,"correlation |r|>=0.9, top 10 per metabolite (no significance test)",P1;D3;D8
LPE 18:1,REFMET:LPE 18:1,SLC25A24|prot-pr,human:prot-pr:Q6NUK1,-0.9119,muscle,6,negative,"correlation |r|>=0.9, top 10 per metabolite (no significance test)",P1;D3;D8
CAR 14:1,REFMET:CAR 14:1,H3-3A|prot-pr,human:prot-pr:P84243,-0.9119,muscle,6,negative,"correlation |r|>=0.9, top 10 per metabolite (no significance test)",P1;D3;D8
PC P-32:1 or PC O-32:2,REFMET:PC P-32:1 or PC O-32:2,BIRC2|prot-pr,human:prot-pr:Q13490,0.9119,muscle,6,positive,"correlation |r|>=0.9, top 10 per metabolite (no significance test)",P1;D3;D8
DG 18:1_20:4,REFMET:DG 18:1_20:4,NADK|prot-ol,human:prot-ol:OID20178,0.9119,blood,10,positive,"correlation |r|>=0.9, top 10 per metabolite (no significance test)",P1;D3;D8
Glycochenodeoxycholic acid,REFMET:Glycochenodeoxycholic acid,HINT1|prot-pr,human:prot-pr:P49773,0.9119,muscle,6,positive,"correlation |r|>=0.9, top 10 per metabolite (no significance test)",P1;D3;D8
SM 18:1;O2/21:2,REFMET:SM 18:1;O2/21:2,EGLN1|prot-ol,human:prot-ol:OID20572,0.9119,blood,10,positive,"correlation |r|>=0.9, top 10 per metabolite (no significance test)",P1;D3;D8
sn-Glycero-3-phosphate,REFMET:sn-Glycero-3-phosphate,LZIC|prot-pr,human:prot-pr:Q8WZA0,-0.9119,muscle,6,negative,"correlation |r|>=0.9, top 10 per metabolite (no significance test)",P1;D3;D8
Phosphoserine,REFMET:Phosphoserine,DDR1|prot-ol,human:prot-ol:OID21009,-0.9118,blood,10,negative,"correlation |r|>=0.9, top 10 per metabolite (no significance test)",P1;D3;D8
Oxaloacetic acid,REFMET:Oxaloacetic acid,EGLN1|prot-ol,human:prot-ol:OID20572,-0.9118,blood,10,negative,"correlation |r|>=0.9, top 10 per metabolite (no significance test)",P1;D3;D8
N-Acetylglucosamine 1-phosphate,REFMET:N-Acetylglucosamine 1-phosphate,PLAAT3|prot-pr,human:prot-pr:P53816,0.9118,muscle,6,positive,"correlation |r|>=0.9, top 10 per metabolite (no significance test)",P1;D3;D8
Acetyl-CoA,REFMET:Acetyl-CoA,DAB2|prot-pr,human:prot-pr:P98082,0.9118,muscle,6,positive,"correlation |r|>=0.9, top 10 per metabolite (no significance test)",P1;D3;D8
PC O-42:2,REFMET:PC O-42:2,MNDA|prot-ol,human:prot-ol:OID20156,0.9118,blood,10,positive,"correlation |r|>=0.9, top 10 per metabolite (no significance test)",P1;D3;D8
Pseudouridine,REFMET:Pseudouridine,VCAN|prot-ol,human:prot-ol:OID21026,-0.9118,blood,10,negative,"correlation |r|>=0.9, top 10 per metabolite (no significance test)",P1;D3;D8
Leu-Ile,REFMET:Leu-Ile,H3-2|prot-pr,human:prot-pr:Q5TEC6,-0.9118,muscle,6,negative,"correlation |r|>=0.9, top 10 per metabolite (no significance test)",P1;D3;D8
CAR 5:0,REFMET:CAR 5:0,FAM76A|prot-pr,human:prot-pr:Q8TAV0,0.9118,muscle,6,positive,"correlation |r|>=0.9, top 10 per metabolite (no significance test)",P1;D3;D8
PC O-36:5,REFMET:PC O-36:5,ATP1A1|prot-pr,human:prot-pr:P05023,-0.9117,muscle,6,negative,"correlation |r|>=0.9, top 10 per metabolite (no significance test)",P1;D3;D8
CAR 2:0,REFMET:CAR 2:0,UBQLN2|prot-pr,human:prot-pr:Q9UHD9,0.9117,muscle,6,positive,"correlation |r|>=0.9, top 10 per metabolite (no significance test)",P1;D3;D8
PC 36:3,REFMET:PC 36:3,TRMT112|prot-pr,human:prot-pr:Q9UI30,-0.9117,muscle,6,negative,"correlation |r|>=0.9, top 10 per metabolite (no significance test)",P1;D3;D8
MG 18:1,REFMET:MG 18:1,TMUB2|prot-pr,human:prot-pr:Q71RG4,-0.9117,muscle,6,negative,"correlation |r|>=0.9, top 10 per metabolite (no significance test)",P1;D3;D8
Eicosadienoic acid,REFMET:Eicosadienoic acid,SMARCB1|prot-pr,human:prot-pr:Q12824,0.9117,muscle,6,positive,"correlation |r|>=0.9, top 10 per metabolite (no significance test)",P1;D3;D8
3-Hydroxybutyric acid,REFMET:3-Hydroxybutyric acid,CRYZL1|prot-pr,human:prot-pr:O95825,-0.9117,muscle,6,negative,"correlation |r|>=0.9, top 10 per metabolite (no significance test)",P1;D3;D8
Pantothenic acid,REFMET:Pantothenic acid,POLR3E|prot-pr,human:prot-pr:Q9NVU0,0.9117,muscle,6,positive,"correlation |r|>=0.9, top 10 per metabolite (no significance test)",P1;D3;D8
DMGV,REFMET:DMGV,DAB2|prot-pr,human:prot-pr:P98082,0.9116,muscle,6,positive,"correlation |r|>=0.9, top 10 per metabolite (no significance test)",P1;D3;D8
Pro-Phe,REFMET:Pro-Phe,PTGES|prot-pr,human:prot-pr:O14684,0.9116,muscle,6,positive,"correlation |r|>=0.9, top 10 per metabolite (no significance test)",P1;D3;D8
Isoleucine,REFMET:Isoleucine,FAM76A|prot-pr,human:prot-pr:Q8TAV0,0.9116,muscle,6,positive,"correlation |r|>=0.9, top 10 per metabolite (no significance test)",P1;D3;D8
CAR DC5:0,REFMET:CAR DC5:0,LAYN|prot-ol,human:prot-ol:OID20970,-0.9116,blood,10,negative,"correlation |r|>=0.9, top 10 per metabolite (no significance test)",P1;D3;D8
SM 33:2;O2,REFMET:SM 33:2;O2,GZMB|prot-ol,human:prot-ol:OID20604,0.9116,blood,10,positive,"correlation |r|>=0.9, top 10 per metabolite (no significance test)",P1;D3;D8
2-Aminocaprylic acid,REFMET:2-Aminocaprylic acid,GIMAP1|prot-pr,human:prot-pr:Q8WWP7,-0.9116,muscle,6,negative,"correlation |r|>=0.9, top 10 per metabolite (no significance test)",P1;D3;D8
PC 18:1/18:1,REFMET:PC 18:1/18:1,GLUD1|prot-pr,human:prot-pr:P00367,-0.9116,muscle,6,negative,"correlation |r|>=0.9, top 10 per metabolite (no significance test)",P1;D3;D8
Serine,REFMET:Serine,NMNAT1|prot-ol,human:prot-ol:OID20913,-0.9116,blood,10,negative,"correlation |r|>=0.9, top 10 per metabolite (no significance test)",P1;D3;D8
PC P-32:1 or PC O-32:2,REFMET:PC P-32:1 or PC O-32:2,DHRS11|prot-pr,human:prot-pr:Q6UWP2,-0.9115,muscle,6,negative,"correlation |r|>=0.9, top 10 per metabolite (no significance test)",P1;D3;D8
ATP,REFMET:ATP,RACK1|prot-pr,human:prot-pr:P63244,0.9115,muscle,6,positive,"correlation |r|>=0.9, top 10 per metabolite (no significance test)",P1;D3;D8
3-Methylhistidine,REFMET:3-Methylhistidine,AGER|prot-ol,human:prot-ol:OID20756,-0.9115,blood,10,negative,"correlation |r|>=0.9, top 10 per metabolite (no significance test)",P1;D3;D8
LPC P-16:0 or LPC O-16:1,REFMET:LPC P-16:0 or LPC O-16:1,NCOA4|prot-pr,human:prot-pr:Q13772,0.9114,muscle,6,positive,"correlation |r|>=0.9, top 10 per metabolite (no significance test)",P1;D3;D8
Deoxyuridine,REFMET:Deoxyuridine,LRIG1|prot-ol,human:prot-ol:OID21429,-0.9114,blood,10,negative,"correlation |r|>=0.9, top 10 per metabolite (no significance test)",P1;D3;D8
Pyridoxamine,REFMET:Pyridoxamine,NRAP|prot-pr,human:prot-pr:Q86VF7,-0.9114,muscle,6,negative,"correlation |r|>=0.9, top 10 per metabolite (no significance test)",P1;D3;D8
Cortisol,REFMET:Cortisol,H3-2|prot-pr,human:prot-pr:Q5TEC6,0.9114,muscle,6,positive,"correlation |r|>=0.9, top 10 per metabolite (no significance test)",P1;D3;D8
Ethanolamine,REFMET:Ethanolamine,IDUA|prot-ol,human:prot-ol:OID21468,0.9114,blood,10,positive,"correlation |r|>=0.9, top 10 per metabolite (no significance test)",P1;D3;D8
Ectoine,REFMET:Ectoine,CRIP2|prot-ol,human:prot-ol:OID20901,0.9114,blood,10,positive,"correlation |r|>=0.9, top 10 per metabolite (no significance test)",P1;D3;D8
LPE 22:5,REFMET:LPE 22:5,ILF2|prot-pr,human:prot-pr:Q12905,-0.9114,muscle,6,negative,"correlation |r|>=0.9, top 10 per metabolite (no significance test)",P1;D3;D8
Serine,REFMET:Serine,GDE1|prot-pr,human:prot-pr:Q9NZC3,0.9114,muscle,6,positive,"correlation |r|>=0.9, top 10 per metabolite (no significance test)",P1;D3;D8
Alanine,REFMET:Alanine,MYLPF|prot-pr,human:prot-pr:Q96A32,-0.9113,muscle,6,negative,"correlation |r|>=0.9, top 10 per metabolite (no significance test)",P1;D3;D8
LPC P-16:0 or LPC O-16:1,REFMET:LPC P-16:0 or LPC O-16:1,H4C9|prot-pr,human:prot-pr:P62805,-0.9113,muscle,6,negative,"correlation |r|>=0.9, top 10 per metabolite (no significance test)",P1;D3;D8
DMGV,REFMET:DMGV,OGDHL|prot-pr,human:prot-pr:Q9ULD0,0.9113,muscle,6,positive,"correlation |r|>=0.9, top 10 per metabolite (no significance test)",P1;D3;D8
Inosine,REFMET:Inosine,ISCA2|prot-pr,human:prot-pr:Q86U28,-0.9113,muscle,6,negative,"correlation |r|>=0.9, top 10 per metabolite (no significance test)",P1;D3;D8
SM 18:1;O2/16:1,REFMET:SM 18:1;O2/16:1,PHOSPHO1|prot-ol,human:prot-ol:OID20922,0.9113,blood,10,positive,"correlation |r|>=0.9, top 10 per metabolite (no significance test)",P1;D3;D8
N-Acetyl-D-tryptophan,REFMET:N-Acetyl-D-tryptophan,TSHB|prot-ol,human:prot-ol:OID20129,0.9113,blood,10,positive,"correlation |r|>=0.9, top 10 per metabolite (no significance test)",P1;D3;D8
PC 32:0,REFMET:PC 32:0,ANO10|prot-pr,human:prot-pr:Q9NW15,0.9112,muscle,6,positive,"correlation |r|>=0.9, top 10 per metabolite (no significance test)",P1;D3;D8
1-Methyladenosine,REFMET:1-Methyladenosine,IGFBP5|prot-pr,human:prot-pr:P24593,0.9112,muscle,6,positive,"correlation |r|>=0.9, top 10 per metabolite (no significance test)",P1;D3;D8
PE O-17:1/20:4,REFMET:PE O-17:1/20:4,UBE2L6|prot-pr,human:prot-pr:O14933,-0.9111,muscle,6,negative,"correlation |r|>=0.9, top 10 per metabolite (no significance test)",P1;D3;D8
PC 35:2,REFMET:PC 35:2,HNRNPLL|prot-pr,human:prot-pr:Q8WVV9,0.9111,muscle,6,positive,"correlation |r|>=0.9, top 10 per metabolite (no significance test)",P1;D3;D8
N-Acetylglucosamine 1-phosphate,REFMET:N-Acetylglucosamine 1-phosphate,NGRN|prot-pr,human:prot-pr:Q9NPE2,-0.9111,muscle,6,negative,"correlation |r|>=0.9, top 10 per metabolite (no significance test)",P1;D3;D8
Aminobutyric acid,REFMET:Aminobutyric acid,BCAN|prot-ol,human:prot-ol:OID20998,0.9111,blood,10,positive,"correlation |r|>=0.9, top 10 per metabolite (no significance test)",P1;D3;D8
SM 18:1;O2/15:0,REFMET:SM 18:1;O2/15:0,NGRN|prot-pr,human:prot-pr:Q9NPE2,0.911,muscle,6,positive,"correlation |r|>=0.9, top 10 per metabolite (no significance test)",P1;D3;D8
2-Aminocaprylic acid,REFMET:2-Aminocaprylic acid,PPID|prot-pr,human:prot-pr:Q08752,0.911,muscle,6,positive,"correlation |r|>=0.9, top 10 per metabolite (no significance test)",P1;D3;D8
CAR 16:1,REFMET:CAR 16:1,TXNDC17|prot-pr,human:prot-pr:Q9BRA2,0.911,muscle,6,positive,"correlation |r|>=0.9, top 10 per metabolite (no significance test)",P1;D3;D8
Citric acid,REFMET:Citric acid,CBX5|prot-pr,human:prot-pr:P45973,0.911,muscle,6,positive,"correlation |r|>=0.9, top 10 per metabolite (no significance test)",P1;D3;D8
Maleic acid,REFMET:Maleic acid,ACVRL1|prot-ol,human:prot-ol:OID20999,0.911,blood,10,positive,"correlation |r|>=0.9, top 10 per metabolite (no significance test)",P1;D3;D8
Nonadecenoic acid,REFMET:Nonadecenoic acid,YIPF5|prot-pr,human:prot-pr:Q969M3,-0.911,muscle,6,negative,"correlation |r|>=0.9, top 10 per metabolite (no significance test)",P1;D3;D8
Guanidoacetic acid,REFMET:Guanidoacetic acid,SLC25A24|prot-pr,human:prot-pr:Q6NUK1,0.911,muscle,6,positive,"correlation |r|>=0.9, top 10 per metabolite (no significance test)",P1;D3;D8
Aminoadipic acid,REFMET:Aminoadipic acid,ANAPC7|prot-pr,human:prot-pr:Q9UJX3,0.911,muscle,6,positive,"correlation |r|>=0.9, top 10 per metabolite (no significance test)",P1;D3;D8
Spermine,REFMET:Spermine,DNAJC21|prot-pr,human:prot-pr:Q5F1R6,0.9109,muscle,6,positive,"correlation |r|>=0.9, top 10 per metabolite (no significance test)",P1;D3;D8
Cortisol,REFMET:Cortisol,UBQLN2|prot-pr,human:prot-pr:Q9UHD9,0.9109,muscle,6,positive,"correlation |r|>=0.9, top 10 per metabolite (no significance test)",P1;D3;D8
Oleoyl-EA,REFMET:Oleoyl-EA,MACROH2A1|prot-pr,human:prot-pr:O75367,0.9108,muscle,6,positive,"correlation |r|>=0.9, top 10 per metabolite (no significance test)",P1;D3;D8
PC P-35:2 or PC O-35:3,REFMET:PC P-35:2 or PC O-35:3,XIRP2|prot-pr,human:prot-pr:A4UGR9,0.9108,muscle,6,positive,"correlation |r|>=0.9, top 10 per metabolite (no significance test)",P1;D3;D8
Cer 18:1;O2/16:0,REFMET:Cer 18:1;O2/16:0,ADSS2|prot-pr,human:prot-pr:P30520,-0.9107,muscle,6,negative,"correlation |r|>=0.9, top 10 per metabolite (no significance test)",P1;D3;D8
PC 33:2,REFMET:PC 33:2,RANBP9|prot-pr,human:prot-pr:Q96S59,0.9107,muscle,6,positive,"correlation |r|>=0.9, top 10 per metabolite (no significance test)",P1;D3;D8
GlcCer 18:2;O2/22:0,REFMET:GlcCer 18:2;O2/22:0,LAYN|prot-ol,human:prot-ol:OID20970,-0.9107,blood,10,negative,"correlation |r|>=0.9, top 10 per metabolite (no significance test)",P1;D3;D8
LPE 22:5,REFMET:LPE 22:5,PPIL3|prot-pr,human:prot-pr:Q9H2H8,0.9107,muscle,6,positive,"correlation |r|>=0.9, top 10 per metabolite (no significance test)",P1;D3;D8
PC P-36:5 or PC O-36:6,REFMET:PC P-36:5 or PC O-36:6,TMEM263|prot-pr,human:prot-pr:Q8WUH6,0.9107,muscle,6,positive,"correlation |r|>=0.9, top 10 per metabolite (no significance test)",P1;D3;D8
PC P-35:1 or PC O-35:2,REFMET:PC P-35:1 or PC O-35:2,MSS51|prot-pr,human:prot-pr:Q4VC12,0.9106,muscle,6,positive,"correlation |r|>=0.9, top 10 per metabolite (no significance test)",P1;D3;D8
Cer 18:1;O2/23:0,REFMET:Cer 18:1;O2/23:0,MACROD1|prot-pr,human:prot-pr:Q9BQ69,0.9105,muscle,6,positive,"correlation |r|>=0.9, top 10 per metabolite (no significance test)",P1;D3;D8
LPE 22:5,REFMET:LPE 22:5,COL6A1|prot-pr,human:prot-pr:P12109,-0.9105,muscle,6,negative,"correlation |r|>=0.9, top 10 per metabolite (no significance test)",P1;D3;D8
Phe-Phe,REFMET:Phe-Phe,ABRA|prot-pr,human:prot-pr:Q8N0Z2,0.9105,muscle,6,positive,"correlation |r|>=0.9, top 10 per metabolite (no significance test)",P1;D3;D8
PE 32:1,REFMET:PE 32:1,ABRA|prot-pr,human:prot-pr:Q8N0Z2,0.9105,muscle,6,positive,"correlation |r|>=0.9, top 10 per metabolite (no significance test)",P1;D3;D8
N-Acetylhistidine,REFMET:N-Acetylhistidine,MMP3|prot-ol,human:prot-ol:OID21083,-0.9105,blood,10,negative,"correlation |r|>=0.9, top 10 per metabolite (no significance test)",P1;D3;D8
PE 36:1,REFMET:PE 36:1,NPLOC4|prot-pr,human:prot-pr:Q8TAT6,0.9104,muscle,6,positive,"correlation |r|>=0.9, top 10 per metabolite (no significance test)",P1;D3;D8
Dimethylglycine,REFMET:Dimethylglycine,METTL3|prot-pr,human:prot-pr:Q86U44,0.9104,muscle,6,positive,"correlation |r|>=0.9, top 10 per metabolite (no significance test)",P1;D3;D8
Aminoisobutyric acid,REFMET:Aminoisobutyric acid,CALCOCO1|prot-pr,human:prot-pr:Q9P1Z2,-0.9104,muscle,6,negative,"correlation |r|>=0.9, top 10 per metabolite (no significance test)",P1;D3;D8
Glutamine,REFMET:Glutamine,RSPO1|prot-ol,human:prot-ol:OID20938,-0.9104,blood,10,negative,"correlation |r|>=0.9, top 10 per metabolite (no significance test)",P1;D3;D8
TG 44:1,REFMET:TG 44:1,CPSF6|prot-pr,human:prot-pr:Q16630,0.9104,muscle,6,positive,"correlation |r|>=0.9, top 10 per metabolite (no significance test)",P1;D3;D8
Uric acid,REFMET:Uric acid,Q9BYX7|prot-pr,human:prot-pr:Q9BYX7,-0.9104,muscle,6,negative,"correlation |r|>=0.9, top 10 per metabolite (no significance test)",P1;D3;D8
Eicosapentaenoic acid,REFMET:Eicosapentaenoic acid,IRF2BPL|prot-pr,human:prot-pr:Q9H1B7,-0.9104,muscle,6,negative,"correlation |r|>=0.9, top 10 per metabolite (no significance test)",P1;D3;D8
N6-Acetyllysine,REFMET:N6-Acetyllysine,USP28|prot-pr,human:prot-pr:Q96RU2,0.9103,muscle,6,positive,"correlation |r|>=0.9, top 10 per metabolite (no significance test)",P1;D3;D8
PC 18:1_18:2,REFMET:PC 18:1_18:2,RETN|prot-pr,human:prot-pr:Q9HD89,-0.9103,muscle,6,negative,"correlation |r|>=0.9, top 10 per metabolite (no significance test)",P1;D3;D8
Behenic acid,REFMET:Behenic acid,NPDC1|prot-ol,human:prot-ol:OID20205,-0.9103,blood,10,negative,"correlation |r|>=0.9, top 10 per metabolite (no significance test)",P1;D3;D8
LPC 18:1,REFMET:LPC 18:1,NEDD1|prot-pr,human:prot-pr:Q8NHV4,-0.9103,muscle,6,negative,"correlation |r|>=0.9, top 10 per metabolite (no significance test)",P1;D3;D8
N-Acetylleucine,REFMET:N-Acetylleucine,SEC22B|prot-pr,human:prot-pr:O75396,0.9103,muscle,6,positive,"correlation |r|>=0.9, top 10 per metabolite (no significance test)",P1;D3;D8
PE P-36:4 or PE O-36:5,REFMET:PE P-36:4 or PE O-36:5,C20orf27|prot-pr,human:prot-pr:Q9GZN8,-0.9103,muscle,6,negative,"correlation |r|>=0.9, top 10 per metabolite (no significance test)",P1;D3;D8
PC 35:3,REFMET:PC 35:3,SSRP1|prot-pr,human:prot-pr:Q08945,-0.9102,muscle,6,negative,"correlation |r|>=0.9, top 10 per metabolite (no significance test)",P1;D3;D8
Hydroxytetradecanoic acid,REFMET:Hydroxytetradecanoic acid,CTSF|prot-pr,human:prot-pr:Q9UBX1,0.9102,muscle,6,positive,"correlation |r|>=0.9, top 10 per metabolite (no significance test)",P1;D3;D8
CAR 20:1,REFMET:CAR 20:1,COPS3|prot-pr,human:prot-pr:Q9UNS2,0.9102,muscle,6,positive,"correlation |r|>=0.9, top 10 per metabolite (no significance test)",P1;D3;D8
Guanidoacetic acid,REFMET:Guanidoacetic acid,PRPF19|prot-pr,human:prot-pr:Q9UMS4,0.9101,muscle,6,positive,"correlation |r|>=0.9, top 10 per metabolite (no significance test)",P1;D3;D8
Fumaric acid,REFMET:Fumaric acid,ACVRL1|prot-ol,human:prot-ol:OID20999,0.9101,blood,10,positive,"correlation |r|>=0.9, top 10 per metabolite (no significance test)",P1;D3;D8
PC P-35:1 or PC O-35:2,REFMET:PC P-35:1 or PC O-35:2,DCTN6|prot-pr,human:prot-pr:O00399,0.9101,muscle,6,positive,"correlation |r|>=0.9, top 10 per metabolite (no significance test)",P1;D3;D8
PC 30:0,REFMET:PC 30:0,SLC66A2|prot-pr,human:prot-pr:Q8N2U9,0.91,muscle,6,positive,"correlation |r|>=0.9, top 10 per metabolite (no significance test)",P1;D3;D8
Creatine,REFMET:Creatine,STYXL2|prot-pr,human:prot-pr:Q5VZP5,-0.91,muscle,6,negative,"correlation |r|>=0.9, top 10 per metabolite (no significance test)",P1;D3;D8
PE 32:0,REFMET:PE 32:0,ALPK3|prot-pr,human:prot-pr:Q96L96,0.9099,muscle,6,positive,"correlation |r|>=0.9, top 10 per metabolite (no significance test)",P1;D3;D8
LPC 16:0,REFMET:LPC 16:0,BIRC2|prot-pr,human:prot-pr:Q13490,0.9099,muscle,6,positive,"correlation |r|>=0.9, top 10 per metabolite (no significance test)",P1;D3;D8
DHA,REFMET:DHA,LYPLA2|prot-pr,human:prot-pr:O95372,0.9098,muscle,6,positive,"correlation |r|>=0.9, top 10 per metabolite (no significance test)",P1;D3;D8
PC P-35:2 or PC O-35:3,REFMET:PC P-35:2 or PC O-35:3,CHD4|prot-pr,human:prot-pr:Q14839,0.9098,muscle,6,positive,"correlation |r|>=0.9, top 10 per metabolite (no significance test)",P1;D3;D8
Leucine/Isoleucine,REFMET:Leucine/Isoleucine,ARMH3|prot-pr,human:prot-pr:Q5T2E6,0.9098,muscle,6,positive,"correlation |r|>=0.9, top 10 per metabolite (no significance test)",P1;D3;D8
Alloisoleucine,REFMET:Alloisoleucine,GH1|prot-ol,human:prot-ol:OID20220,0.9098,blood,10,positive,"correlation |r|>=0.9, top 10 per metabolite (no significance test)",P1;D3;D8
FA 24:1;O2,REFMET:FA 24:1;O2,CLEC4G|prot-ol,human:prot-ol:OID20590,0.9097,blood,10,positive,"correlation |r|>=0.9, top 10 per metabolite (no significance test)",P1;D3;D8
1-Methyladenosine,REFMET:1-Methyladenosine,H3-3A|prot-pr,human:prot-pr:P84243,0.9097,muscle,6,positive,"correlation |r|>=0.9, top 10 per metabolite (no significance test)",P1;D3;D8
CAR DC6:0,REFMET:CAR DC6:0,RANBP9|prot-pr,human:prot-pr:Q96S59,0.9097,muscle,6,positive,"correlation |r|>=0.9, top 10 per metabolite (no significance test)",P1;D3;D8
PC 32:0,REFMET:PC 32:0,C1orf50|prot-pr,human:prot-pr:Q9BV19,0.9096,muscle,6,positive,"correlation |r|>=0.9, top 10 per metabolite (no significance test)",P1;D3;D8
Alloisoleucine,REFMET:Alloisoleucine,FABP2|prot-ol,human:prot-ol:OID20200,0.9096,blood,10,positive,"correlation |r|>=0.9, top 10 per metabolite (no significance test)",P1;D3;D8
PE P-38:4 or PE O-38:5,REFMET:PE P-38:4 or PE O-38:5,NRAP|prot-pr,human:prot-pr:Q86VF7,0.9096,muscle,6,positive,"correlation |r|>=0.9, top 10 per metabolite (no significance test)",P1;D3;D8
Behenic acid,REFMET:Behenic acid,LPL|prot-pr,human:prot-pr:P06858,0.9096,muscle,6,positive,"correlation |r|>=0.9, top 10 per metabolite (no significance test)",P1;D3;D8
Docosapentaenoic acid,REFMET:Docosapentaenoic acid,RANBP9|prot-pr,human:prot-pr:Q96S59,0.9096,muscle,6,positive,"correlation |r|>=0.9, top 10 per metabolite (no significance test)",P1;D3;D8
PC 36:5,REFMET:PC 36:5,NRAP|prot-pr,human:prot-pr:Q86VF7,0.9096,muscle,6,positive,"correlation |r|>=0.9, top 10 per metabolite (no significance test)",P1;D3;D8
Glutamine,REFMET:Glutamine,VCAN|prot-ol,human:prot-ol:OID21026,-0.9096,blood,10,negative,"correlation |r|>=0.9, top 10 per metabolite (no significance test)",P1;D3;D8
LPC 20:4,REFMET:LPC 20:4,NUDT5|prot-pr,human:prot-pr:Q9UKK9,-0.9095,muscle,6,negative,"correlation |r|>=0.9, top 10 per metabolite (no significance test)",P1;D3;D8
1-Methyl nicotinamide,REFMET:1-Methyl nicotinamide,NADK|prot-ol,human:prot-ol:OID20178,-0.9095,blood,10,negative,"correlation |r|>=0.9, top 10 per metabolite (no significance test)",P1;D3;D8
Urocanic acid,REFMET:Urocanic acid,CD22|prot-ol,human:prot-ol:OID20637,-0.9095,blood,10,negative,"correlation |r|>=0.9, top 10 per metabolite (no significance test)",P1;D3;D8
Fumaric acid,REFMET:Fumaric acid,WARS1|prot-ol,human:prot-ol:OID21084,0.9095,blood,10,positive,"correlation |r|>=0.9, top 10 per metabolite (no significance test)",P1;D3;D8
CAR 11:0,REFMET:CAR 11:0,LAYN|prot-ol,human:prot-ol:OID20970,0.9095,blood,10,positive,"correlation |r|>=0.9, top 10 per metabolite (no significance test)",P1;D3;D8
3-Methylhistidine,REFMET:3-Methylhistidine,VCAN|prot-ol,human:prot-ol:OID21026,-0.9095,blood,10,negative,"correlation |r|>=0.9, top 10 per metabolite (no significance test)",P1;D3;D8
Lactic acid,REFMET:Lactic acid,ACVRL1|prot-ol,human:prot-ol:OID20999,0.9095,blood,10,positive,"correlation |r|>=0.9, top 10 per metabolite (no significance test)",P1;D3;D8
Symmetric dimethylarginine,REFMET:Symmetric dimethylarginine,DST|prot-pr,human:prot-pr:Q03001,0.9095,muscle,6,positive,"correlation |r|>=0.9, top 10 per metabolite (no significance test)",P1;D3;D8
Piperine,REFMET:Piperine,MACO1|prot-pr,human:prot-pr:Q8N5G2,0.9095,muscle,6,positive,"correlation |r|>=0.9, top 10 per metabolite (no significance test)",P1;D3;D8
PE P-38:6 or PE O-38:7,REFMET:PE P-38:6 or PE O-38:7,TECR|prot-pr,human:prot-pr:Q9NZ01,-0.9095,muscle,6,negative,"correlation |r|>=0.9, top 10 per metabolite (no significance test)",P1;D3;D8
PC P-32:0 or PC O-32:1,REFMET:PC P-32:0 or PC O-32:1,TAFA5|prot-ol,human:prot-ol:OID21321,-0.9094,blood,10,negative,"correlation |r|>=0.9, top 10 per metabolite (no significance test)",P1;D3;D8
Ectoine,REFMET:Ectoine,TIA1|prot-pr,human:prot-pr:P31483,0.9094,muscle,6,positive,"correlation |r|>=0.9, top 10 per metabolite (no significance test)",P1;D3;D8
PE O-36:4,REFMET:PE O-36:4,EPS8L2|prot-ol,human:prot-ol:OID21397,0.9093,blood,10,positive,"correlation |r|>=0.9, top 10 per metabolite (no significance test)",P1;D3;D8
PC P-38:6 or PC O-38:7,REFMET:PC P-38:6 or PC O-38:7,CTSF|prot-pr,human:prot-pr:Q9UBX1,0.9093,muscle,6,positive,"correlation |r|>=0.9, top 10 per metabolite (no significance test)",P1;D3;D8
SM 18:1;O2/20:0,REFMET:SM 18:1;O2/20:0,H4C9|prot-pr,human:prot-pr:P62805,-0.9093,muscle,6,negative,"correlation |r|>=0.9, top 10 per metabolite (no significance test)",P1;D3;D8
"5,6-Dihydrouridine","REFMET:5,6-Dihydrouridine",ISCA2|prot-pr,human:prot-pr:Q86U28,-0.9093,muscle,6,negative,"correlation |r|>=0.9, top 10 per metabolite (no significance test)",P1;D3;D8
Rosmarinic acid,REFMET:Rosmarinic acid,MATN3|prot-ol,human:prot-ol:OID20979,0.9093,blood,10,positive,"correlation |r|>=0.9, top 10 per metabolite (no significance test)",P1;D3;D8
DG 18:2_18:2,REFMET:DG 18:2_18:2,PTGES|prot-pr,human:prot-pr:O14684,-0.9092,muscle,6,negative,"correlation |r|>=0.9, top 10 per metabolite (no significance test)",P1;D3;D8
CAR 8:0,REFMET:CAR 8:0,ADAMTS15|prot-ol,human:prot-ol:OID21275,0.9092,blood,10,positive,"correlation |r|>=0.9, top 10 per metabolite (no significance test)",P1;D3;D8
AICAR,REFMET:AICAR,H3-2|prot-pr,human:prot-pr:Q5TEC6,0.9092,muscle,6,positive,"correlation |r|>=0.9, top 10 per metabolite (no significance test)",P1;D3;D8
LPC 16:0,REFMET:LPC 16:0,POLR3E|prot-pr,human:prot-pr:Q9NVU0,0.9092,muscle,6,positive,"correlation |r|>=0.9, top 10 per metabolite (no significance test)",P1;D3;D8
Behenic acid,REFMET:Behenic acid,CALCOCO1|prot-pr,human:prot-pr:Q9P1Z2,0.9091,muscle,6,positive,"correlation |r|>=0.9, top 10 per metabolite (no significance test)",P1;D3;D8
3-O-Methyl-DOPA,REFMET:3-O-Methyl-DOPA,SNX21|prot-pr,human:prot-pr:Q969T3,0.9091,muscle,6,positive,"correlation |r|>=0.9, top 10 per metabolite (no significance test)",P1;D3;D8
PC P-36:2 or PC O-36:3,REFMET:PC P-36:2 or PC O-36:3,PPP2R5D|prot-pr,human:prot-pr:Q14738,-0.9091,muscle,6,negative,"correlation |r|>=0.9, top 10 per metabolite (no significance test)",P1;D3;D8
CAR 12:0,REFMET:CAR 12:0,FBXO6|prot-pr,human:prot-pr:Q9NRD1,0.9091,muscle,6,positive,"correlation |r|>=0.9, top 10 per metabolite (no significance test)",P1;D3;D8
Symmetric dimethylarginine,REFMET:Symmetric dimethylarginine,USP28|prot-pr,human:prot-pr:Q96RU2,0.9091,muscle,6,positive,"correlation |r|>=0.9, top 10 per metabolite (no significance test)",P1;D3;D8
LPC 17:0,REFMET:LPC 17:0,DDA1|prot-pr,human:prot-pr:Q9BW61,-0.9091,muscle,6,negative,"correlation |r|>=0.9, top 10 per metabolite (no significance test)",P1;D3;D8
CAR 11:0,REFMET:CAR 11:0,CLSTN2|prot-ol,human:prot-ol:OID20664,0.9091,blood,10,positive,"correlation |r|>=0.9, top 10 per metabolite (no significance test)",P1;D3;D8
CAR DC5:0,REFMET:CAR DC5:0,AZU1|prot-ol,human:prot-ol:OID20309,-0.9091,blood,10,negative,"correlation |r|>=0.9, top 10 per metabolite (no significance test)",P1;D3;D8
DG 18:1_20:4,REFMET:DG 18:1_20:4,LSP1|prot-ol,human:prot-ol:OID20530,0.909,blood,10,positive,"correlation |r|>=0.9, top 10 per metabolite (no significance test)",P1;D3;D8
Succinic acid,REFMET:Succinic acid,LPL|prot-pr,human:prot-pr:P06858,0.909,muscle,6,positive,"correlation |r|>=0.9, top 10 per metabolite (no significance test)",P1;D3;D8
N-Acetylalanine,REFMET:N-Acetylalanine,SEZ6L|prot-ol,human:prot-ol:OID21488,-0.909,blood,10,negative,"correlation |r|>=0.9, top 10 per metabolite (no significance test)",P1;D3;D8
Aminoadipic acid,REFMET:Aminoadipic acid,APBB1IP|prot-ol,human:prot-ol:OID21359,0.909,blood,10,positive,"correlation |r|>=0.9, top 10 per metabolite (no significance test)",P1;D3;D8
LPC 17:0,REFMET:LPC 17:0,DNAJC7|prot-pr,human:prot-pr:Q99615,0.9089,muscle,6,positive,"correlation |r|>=0.9, top 10 per metabolite (no significance test)",P1;D3;D8
CAR 4:0,REFMET:CAR 4:0,CAPG|prot-ol,human:prot-ol:OID21431,0.9089,blood,10,positive,"correlation |r|>=0.9, top 10 per metabolite (no significance test)",P1;D3;D8
SM 18:1;O2/19:1,REFMET:SM 18:1;O2/19:1,SPINK6|prot-ol,human:prot-ol:OID21450,-0.9089,blood,10,negative,"correlation |r|>=0.9, top 10 per metabolite (no significance test)",P1;D3;D8
Citric acid/Isocitric acid,REFMET:Citric acid/Isocitric acid,MPO|prot-ol,human:prot-ol:OID21100,-0.9089,blood,10,negative,"correlation |r|>=0.9, top 10 per metabolite (no significance test)",P1;D3;D8
SM 18:1;O2/23:2,REFMET:SM 18:1;O2/23:2,XIRP2|prot-pr,human:prot-pr:A4UGR9,0.9089,muscle,6,positive,"correlation |r|>=0.9, top 10 per metabolite (no significance test)",P1;D3;D8
Cer 18:1;O2/24:2,REFMET:Cer 18:1;O2/24:2,NEXN|prot-pr,human:prot-pr:Q0ZGT2-2,0.9089,muscle,6,positive,"correlation |r|>=0.9, top 10 per metabolite (no significance test)",P1;D3;D8
Docosapentaenoic acid,REFMET:Docosapentaenoic acid,IRF2BPL|prot-pr,human:prot-pr:Q9H1B7,-0.9089,muscle,6,negative,"correlation |r|>=0.9, top 10 per metabolite (no significance test)",P1;D3;D8
CAR 16:1,REFMET:CAR 16:1,ALAS1|prot-pr,human:prot-pr:P13196,0.9088,muscle,6,positive,"correlation |r|>=0.9, top 10 per metabolite (no significance test)",P1;D3;D8
N-Acetyl-D-tryptophan,REFMET:N-Acetyl-D-tryptophan,ACVRL1|prot-ol,human:prot-ol:OID20999,0.9088,blood,10,positive,"correlation |r|>=0.9, top 10 per metabolite (no significance test)",P1;D3;D8
PE 36:3,REFMET:PE 36:3,NCAN|prot-ol,human:prot-ol:OID21055,0.9088,blood,10,positive,"correlation |r|>=0.9, top 10 per metabolite (no significance test)",P1;D3;D8
DG 18:2_18:2,REFMET:DG 18:2_18:2,SSRP1|prot-pr,human:prot-pr:Q08945,-0.9088,muscle,6,negative,"correlation |r|>=0.9, top 10 per metabolite (no significance test)",P1;D3;D8
DG 18:1_22:6,REFMET:DG 18:1_22:6,NCAN|prot-ol,human:prot-ol:OID21055,0.9087,blood,10,positive,"correlation |r|>=0.9, top 10 per metabolite (no significance test)",P1;D3;D8
LPC 22:6,REFMET:LPC 22:6,MACROD1|prot-pr,human:prot-pr:Q9BQ69,0.9087,muscle,6,positive,"correlation |r|>=0.9, top 10 per metabolite (no significance test)",P1;D3;D8
PE 32:1,REFMET:PE 32:1,C20orf27|prot-pr,human:prot-pr:Q9GZN8,-0.9087,muscle,6,negative,"correlation |r|>=0.9, top 10 per metabolite (no significance test)",P1;D3;D8
CAR 4:0;OH,REFMET:CAR 4:0;OH,ANKS1A|prot-pr,human:prot-pr:Q92625,-0.9086,muscle,6,negative,"correlation |r|>=0.9, top 10 per metabolite (no significance test)",P1;D3;D8
Docosapentaenoic acid,REFMET:Docosapentaenoic acid,SSRP1|prot-pr,human:prot-pr:Q08945,-0.9086,muscle,6,negative,"correlation |r|>=0.9, top 10 per metabolite (no significance test)",P1;D3;D8
ATP,REFMET:ATP,GLO1|prot-pr,human:prot-pr:Q04760,0.9085,muscle,6,positive,"correlation |r|>=0.9, top 10 per metabolite (no significance test)",P1;D3;D8
CAR 16:0,REFMET:CAR 16:0,MRPS16|prot-pr,human:prot-pr:Q9Y3D3,0.9085,muscle,6,positive,"correlation |r|>=0.9, top 10 per metabolite (no significance test)",P1;D3;D8
DG 36:3,REFMET:DG 36:3,TSPAN9|prot-pr,human:prot-pr:O75954,-0.9085,muscle,6,negative,"correlation |r|>=0.9, top 10 per metabolite (no significance test)",P1;D3;D8
PC P-36:5 or PC O-36:6,REFMET:PC P-36:5 or PC O-36:6,VGLL2|prot-pr,human:prot-pr:Q8N8G2,0.9085,muscle,6,positive,"correlation |r|>=0.9, top 10 per metabolite (no significance test)",P1;D3;D8
Cystine,REFMET:Cystine,CCL11|prot-ol,human:prot-ol:OID20668,-0.9084,blood,10,negative,"correlation |r|>=0.9, top 10 per metabolite (no significance test)",P1;D3;D8
PC P-35:1 or PC O-35:2,REFMET:PC P-35:1 or PC O-35:2,ZC3H15|prot-pr,human:prot-pr:Q8WU90,0.9084,muscle,6,positive,"correlation |r|>=0.9, top 10 per metabolite (no significance test)",P1;D3;D8
Hypoxanthine,REFMET:Hypoxanthine,SREK1IP1|prot-pr,human:prot-pr:Q8N9Q2,0.9083,muscle,6,positive,"correlation |r|>=0.9, top 10 per metabolite (no significance test)",P1;D3;D8
Malic acid,REFMET:Malic acid,GH1|prot-ol,human:prot-ol:OID20220,0.9083,blood,10,positive,"correlation |r|>=0.9, top 10 per metabolite (no significance test)",P1;D3;D8
PC 33:1,REFMET:PC 33:1,KLK14|prot-ol,human:prot-ol:OID21407,-0.9083,blood,10,negative,"correlation |r|>=0.9, top 10 per metabolite (no significance test)",P1;D3;D8
Sphinganine,REFMET:Sphinganine,ISCA2|prot-pr,human:prot-pr:Q86U28,-0.9083,muscle,6,negative,"correlation |r|>=0.9, top 10 per metabolite (no significance test)",P1;D3;D8
1-Methyl nicotinamide,REFMET:1-Methyl nicotinamide,HLA-G|prot-pr,human:prot-pr:P17693,-0.9082,muscle,6,negative,"correlation |r|>=0.9, top 10 per metabolite (no significance test)",P1;D3;D8
N-Acetylglutamic acid,REFMET:N-Acetylglutamic acid,YIPF5|prot-pr,human:prot-pr:Q969M3,-0.9082,muscle,6,negative,"correlation |r|>=0.9, top 10 per metabolite (no significance test)",P1;D3;D8
CAR 17:0,REFMET:CAR 17:0,ASDURF|prot-pr,human:prot-pr:L0R819,-0.9082,muscle,6,negative,"correlation |r|>=0.9, top 10 per metabolite (no significance test)",P1;D3;D8
Behenic acid,REFMET:Behenic acid,PFN1|prot-pr,human:prot-pr:P07737,-0.9082,muscle,6,negative,"correlation |r|>=0.9, top 10 per metabolite (no significance test)",P1;D3;D8
DG 36:4,REFMET:DG 36:4,CALCA|prot-ol,human:prot-ol:OID20983,0.9082,blood,10,positive,"correlation |r|>=0.9, top 10 per metabolite (no significance test)",P1;D3;D8
Methionine,REFMET:Methionine,LPL|prot-pr,human:prot-pr:P06858,-0.9082,muscle,6,negative,"correlation |r|>=0.9, top 10 per metabolite (no significance test)",P1;D3;D8
Glyceraldehyde 3-phosphate,REFMET:Glyceraldehyde 3-phosphate,MRPS18C|prot-pr,human:prot-pr:Q9Y3D5,-0.9082,muscle,6,negative,"correlation |r|>=0.9, top 10 per metabolite (no significance test)",P1;D3;D8
LPC 18:1,REFMET:LPC 18:1,LYPLA2|prot-pr,human:prot-pr:O95372,0.9081,muscle,6,positive,"correlation |r|>=0.9, top 10 per metabolite (no significance test)",P1;D3;D8
Glycodeoxycholic acid,REFMET:Glycodeoxycholic acid,IFI30|prot-pr,human:prot-pr:P13284,0.9081,muscle,6,positive,"correlation |r|>=0.9, top 10 per metabolite (no significance test)",P1;D3;D8
DG 18:1_22:6,REFMET:DG 18:1_22:6,SCGB3A2|prot-ol,human:prot-ol:OID20723,0.9081,blood,10,positive,"correlation |r|>=0.9, top 10 per metabolite (no significance test)",P1;D3;D8
Asparagine,REFMET:Asparagine,OGFOD1|prot-pr,human:prot-pr:Q8N543,-0.9081,muscle,6,negative,"correlation |r|>=0.9, top 10 per metabolite (no significance test)",P1;D3;D8
Glycoursodeoxycholic acid,REFMET:Glycoursodeoxycholic acid,IGFBPL1|prot-ol,human:prot-ol:OID20155,0.908,blood,10,positive,"correlation |r|>=0.9, top 10 per metabolite (no significance test)",P1;D3;D8
FA 15:4;O,REFMET:FA 15:4;O,ITGAV|prot-ol,human:prot-ol:OID21416,0.908,blood,10,positive,"correlation |r|>=0.9, top 10 per metabolite (no significance test)",P1;D3;D8
PC P-35:1 or PC O-35:2,REFMET:PC P-35:1 or PC O-35:2,AP5M1|prot-pr,human:prot-pr:Q9H0R1,-0.908,muscle,6,negative,"correlation |r|>=0.9, top 10 per metabolite (no significance test)",P1;D3;D8
PC 33:0,REFMET:PC 33:0,LRP1|prot-pr,human:prot-pr:Q07954,-0.9079,muscle,6,negative,"correlation |r|>=0.9, top 10 per metabolite (no significance test)",P1;D3;D8
SM 18:1;O2/15:0,REFMET:SM 18:1;O2/15:0,HLA-G|prot-pr,human:prot-pr:P17693,-0.9079,muscle,6,negative,"correlation |r|>=0.9, top 10 per metabolite (no significance test)",P1;D3;D8
Uric acid,REFMET:Uric acid,SEZ6L|prot-ol,human:prot-ol:OID21488,-0.9079,blood,10,negative,"correlation |r|>=0.9, top 10 per metabolite (no significance test)",P1;D3;D8
Acisoga,REFMET:Acisoga,EML4|prot-pr,human:prot-pr:Q9HC35,0.9079,muscle,6,positive,"correlation |r|>=0.9, top 10 per metabolite (no significance test)",P1;D3;D8
CAR 18:0;OH,REFMET:CAR 18:0;OH,FBXO6|prot-pr,human:prot-pr:Q9NRD1,0.9078,muscle,6,positive,"correlation |r|>=0.9, top 10 per metabolite (no significance test)",P1;D3;D8
Cystine,REFMET:Cystine,SIGLEC5|prot-ol,human:prot-ol:OID21082,-0.9078,blood,10,negative,"correlation |r|>=0.9, top 10 per metabolite (no significance test)",P1;D3;D8
CAR DC5:0,REFMET:CAR DC5:0,RSPO1|prot-ol,human:prot-ol:OID20938,-0.9078,blood,10,negative,"correlation |r|>=0.9, top 10 per metabolite (no significance test)",P1;D3;D8
sn-Glycero-3-phosphocholine,REFMET:sn-Glycero-3-phosphocholine,APEX1|prot-ol,human:prot-ol:OID21434,0.9078,blood,10,positive,"correlation |r|>=0.9, top 10 per metabolite (no significance test)",P1;D3;D8
Cer 18:1;O2/22:1,REFMET:Cer 18:1;O2/22:1,PPP1R27|prot-pr,human:prot-pr:Q86WC6,0.9078,muscle,6,positive,"correlation |r|>=0.9, top 10 per metabolite (no significance test)",P1;D3;D8
N-Acetylisoputreanine,REFMET:N-Acetylisoputreanine,MCUR1|prot-pr,human:prot-pr:Q96AQ8,-0.9078,muscle,6,negative,"correlation |r|>=0.9, top 10 per metabolite (no significance test)",P1;D3;D8
4-Aminohippuric acid,REFMET:4-Aminohippuric acid,NMNAT1|prot-ol,human:prot-ol:OID20913,0.9077,blood,10,positive,"correlation |r|>=0.9, top 10 per metabolite (no significance test)",P1;D3;D8
Phosphocreatine,REFMET:Phosphocreatine,STYXL2|prot-pr,human:prot-pr:Q5VZP5,0.9077,muscle,6,positive,"correlation |r|>=0.9, top 10 per metabolite (no significance test)",P1;D3;D8
3-Methylhistidine,REFMET:3-Methylhistidine,TNFRSF9|prot-ol,human:prot-ol:OID20985,-0.9077,blood,10,negative,"correlation |r|>=0.9, top 10 per metabolite (no significance test)",P1;D3;D8
Isoleucine,REFMET:Isoleucine,STYXL2|prot-pr,human:prot-pr:Q5VZP5,-0.9076,muscle,6,negative,"correlation |r|>=0.9, top 10 per metabolite (no significance test)",P1;D3;D8
CAR 10:0,REFMET:CAR 10:0,ORC3|prot-pr,human:prot-pr:Q9UBD5,0.9076,muscle,6,positive,"correlation |r|>=0.9, top 10 per metabolite (no significance test)",P1;D3;D8
Eicosenoic acid,REFMET:Eicosenoic acid,LPL|prot-pr,human:prot-pr:P06858,0.9076,muscle,6,positive,"correlation |r|>=0.9, top 10 per metabolite (no significance test)",P1;D3;D8
gamma-Aminobutyric acid,REFMET:gamma-Aminobutyric acid,IGHV3-74|prot-pr,human:prot-pr:A0A0B4J1X5,0.9076,muscle,6,positive,"correlation |r|>=0.9, top 10 per metabolite (no significance test)",P1;D3;D8
PC 33:0,REFMET:PC 33:0,SREK1IP1|prot-pr,human:prot-pr:Q8N9Q2,-0.9075,muscle,6,negative,"correlation |r|>=0.9, top 10 per metabolite (no significance test)",P1;D3;D8
Serine,REFMET:Serine,ANKS1A|prot-pr,human:prot-pr:Q92625,-0.9075,muscle,6,negative,"correlation |r|>=0.9, top 10 per metabolite (no significance test)",P1;D3;D8
UDP-galactose,REFMET:UDP-galactose,TMEM263|prot-pr,human:prot-pr:Q8WUH6,0.9075,muscle,6,positive,"correlation |r|>=0.9, top 10 per metabolite (no significance test)",P1;D3;D8
1-DeoxyCer 18:0;O/24:1,REFMET:1-DeoxyCer 18:0;O/24:1,NUDT12|prot-pr,human:prot-pr:Q9BQG2,-0.9075,muscle,6,negative,"correlation |r|>=0.9, top 10 per metabolite (no significance test)",P1;D3;D8
Aspartic acid,REFMET:Aspartic acid,DDA1|prot-pr,human:prot-pr:Q9BW61,-0.9075,muscle,6,negative,"correlation |r|>=0.9, top 10 per metabolite (no significance test)",P1;D3;D8
Oxidized glutathione,REFMET:Oxidized glutathione,SFXN3|prot-pr,human:prot-pr:Q9BWM7,-0.9075,muscle,6,negative,"correlation |r|>=0.9, top 10 per metabolite (no significance test)",P1;D3;D8
Ornithine,REFMET:Ornithine,ADGRE2|prot-ol,human:prot-ol:OID20755,-0.9075,blood,10,negative,"correlation |r|>=0.9, top 10 per metabolite (no significance test)",P1;D3;D8
Phosphoethanolamine,REFMET:Phosphoethanolamine,APEX1|prot-ol,human:prot-ol:OID21434,0.9075,blood,10,positive,"correlation |r|>=0.9, top 10 per metabolite (no significance test)",P1;D3;D8
PC O-35:2,REFMET:PC O-35:2,PTPRN2|prot-ol,human:prot-ol:OID20912,-0.9075,blood,10,negative,"correlation |r|>=0.9, top 10 per metabolite (no significance test)",P1;D3;D8
N-Methyl-proline,REFMET:N-Methyl-proline,ANKS1A|prot-pr,human:prot-pr:Q92625,0.9074,muscle,6,positive,"correlation |r|>=0.9, top 10 per metabolite (no significance test)",P1;D3;D8
Docosatrienoic acid,REFMET:Docosatrienoic acid,CPT1A|prot-pr,human:prot-pr:P50416,-0.9074,muscle,6,negative,"correlation |r|>=0.9, top 10 per metabolite (no significance test)",P1;D3;D8
Taurine,REFMET:Taurine,DNAJC7|prot-pr,human:prot-pr:Q99615,0.9074,muscle,6,positive,"correlation |r|>=0.9, top 10 per metabolite (no significance test)",P1;D3;D8
CAR 16:3,REFMET:CAR 16:3,H3-3A|prot-pr,human:prot-pr:P84243,-0.9074,muscle,6,negative,"correlation |r|>=0.9, top 10 per metabolite (no significance test)",P1;D3;D8
PC 18:1/18:1,REFMET:PC 18:1/18:1,TMPO|prot-pr,human:prot-pr:P42167,-0.9074,muscle,6,negative,"correlation |r|>=0.9, top 10 per metabolite (no significance test)",P1;D3;D8
PE 36:4,REFMET:PE 36:4,COL6A1|prot-pr,human:prot-pr:P12109,-0.9074,muscle,6,negative,"correlation |r|>=0.9, top 10 per metabolite (no significance test)",P1;D3;D8
SM 18:1;O2/17:0,REFMET:SM 18:1;O2/17:0,MCUR1|prot-pr,human:prot-pr:Q96AQ8,-0.9073,muscle,6,negative,"correlation |r|>=0.9, top 10 per metabolite (no significance test)",P1;D3;D8
CAR 18:2,REFMET:CAR 18:2,ORC3|prot-pr,human:prot-pr:Q9UBD5,0.9073,muscle,6,positive,"correlation |r|>=0.9, top 10 per metabolite (no significance test)",P1;D3;D8
3-Methyl-2-oxovaleric acid,REFMET:3-Methyl-2-oxovaleric acid,EPS8L2|prot-ol,human:prot-ol:OID21397,0.9072,blood,10,positive,"correlation |r|>=0.9, top 10 per metabolite (no significance test)",P1;D3;D8
NADP,REFMET:NADP,DHX9|prot-pr,human:prot-pr:Q08211,-0.9072,muscle,6,negative,"correlation |r|>=0.9, top 10 per metabolite (no significance test)",P1;D3;D8
Octadecatrienoic acid,REFMET:Octadecatrienoic acid,UBA6|prot-pr,human:prot-pr:A0AVT1,-0.9072,muscle,6,negative,"correlation |r|>=0.9, top 10 per metabolite (no significance test)",P1;D3;D8
PC O-36:2,REFMET:PC O-36:2,UBE2L6|prot-pr,human:prot-pr:O14933,-0.9072,muscle,6,negative,"correlation |r|>=0.9, top 10 per metabolite (no significance test)",P1;D3;D8
LPE 22:6,REFMET:LPE 22:6,COL6A1|prot-pr,human:prot-pr:P12109,-0.9072,muscle,6,negative,"correlation |r|>=0.9, top 10 per metabolite (no significance test)",P1;D3;D8
CAR 20:1,REFMET:CAR 20:1,MYO1D|prot-pr,human:prot-pr:O94832,-0.9072,muscle,6,negative,"correlation |r|>=0.9, top 10 per metabolite (no significance test)",P1;D3;D8
cis-Aconitic acid,REFMET:cis-Aconitic acid,COPS8|prot-pr,human:prot-pr:Q99627,-0.9071,muscle,6,negative,"correlation |r|>=0.9, top 10 per metabolite (no significance test)",P1;D3;D8
Leucine,REFMET:Leucine,ABRA|prot-pr,human:prot-pr:Q8N0Z2,-0.9071,muscle,6,negative,"correlation |r|>=0.9, top 10 per metabolite (no significance test)",P1;D3;D8
PC P-32:0 or PC O-32:1,REFMET:PC P-32:0 or PC O-32:1,PPP2R5D|prot-pr,human:prot-pr:Q14738,-0.9071,muscle,6,negative,"correlation |r|>=0.9, top 10 per metabolite (no significance test)",P1;D3;D8
FA 14:3;O,REFMET:FA 14:3;O,GHRL|prot-ol,human:prot-ol:OID20175,0.9071,blood,10,positive,"correlation |r|>=0.9, top 10 per metabolite (no significance test)",P1;D3;D8
Creatine,REFMET:Creatine,ADGRE2|prot-ol,human:prot-ol:OID20755,0.9071,blood,10,positive,"correlation |r|>=0.9, top 10 per metabolite (no significance test)",P1;D3;D8
Spermine,REFMET:Spermine,ANO10|prot-pr,human:prot-pr:Q9NW15,0.9071,muscle,6,positive,"correlation |r|>=0.9, top 10 per metabolite (no significance test)",P1;D3;D8
CAR DC3:0;2Me,REFMET:CAR DC3:0;2Me,SEMA3F|prot-ol,human:prot-ol:OID20186,-0.9071,blood,10,negative,"correlation |r|>=0.9, top 10 per metabolite (no significance test)",P1;D3;D8
Ectoine,REFMET:Ectoine,EPS8L2|prot-ol,human:prot-ol:OID21397,0.9071,blood,10,positive,"correlation |r|>=0.9, top 10 per metabolite (no significance test)",P1;D3;D8
DG 18:1_20:4,REFMET:DG 18:1_20:4,PXN|prot-ol,human:prot-ol:OID20822,0.9071,blood,10,positive,"correlation |r|>=0.9, top 10 per metabolite (no significance test)",P1;D3;D8
Hypotaurine,REFMET:Hypotaurine,MTM1|prot-pr,human:prot-pr:Q13496,-0.907,muscle,6,negative,"correlation |r|>=0.9, top 10 per metabolite (no significance test)",P1;D3;D8
1-Methylguanosine,REFMET:1-Methylguanosine,POLR3E|prot-pr,human:prot-pr:Q9NVU0,-0.907,muscle,6,negative,"correlation |r|>=0.9, top 10 per metabolite (no significance test)",P1;D3;D8
4-Aminohippuric acid,REFMET:4-Aminohippuric acid,APBB1IP|prot-ol,human:prot-ol:OID21359,0.907,blood,10,positive,"correlation |r|>=0.9, top 10 per metabolite (no significance test)",P1;D3;D8
CAR 8:0,REFMET:CAR 8:0,OBP2B|prot-ol,human:prot-ol:OID20980,0.907,blood,10,positive,"correlation |r|>=0.9, top 10 per metabolite (no significance test)",P1;D3;D8
4-Aminohippuric acid,REFMET:4-Aminohippuric acid,GDE1|prot-pr,human:prot-pr:Q9NZC3,0.907,muscle,6,positive,"correlation |r|>=0.9, top 10 per metabolite (no significance test)",P1;D3;D8
Hex2Cer 18:1;O2/24:0,REFMET:Hex2Cer 18:1;O2/24:0,LRP1|prot-ol,human:prot-ol:OID21293,0.907,blood,10,positive,"correlation |r|>=0.9, top 10 per metabolite (no significance test)",P1;D3;D8
PS P-36:2 or PS O-36:3,REFMET:PS P-36:2 or PS O-36:3,UBAP1|prot-pr,human:prot-pr:Q9NZ09,-0.9069,muscle,6,negative,"correlation |r|>=0.9, top 10 per metabolite (no significance test)",P1;D3;D8
PC 42:6,REFMET:PC 42:6,CRIP2|prot-ol,human:prot-ol:OID20901,0.9069,blood,10,positive,"correlation |r|>=0.9, top 10 per metabolite (no significance test)",P1;D3;D8
Glycine,REFMET:Glycine,PTGES|prot-pr,human:prot-pr:O14684,0.9069,muscle,6,positive,"correlation |r|>=0.9, top 10 per metabolite (no significance test)",P1;D3;D8
N-Acetyl-D-tryptophan,REFMET:N-Acetyl-D-tryptophan,INHBC|prot-ol,human:prot-ol:OID21093,0.9069,blood,10,positive,"correlation |r|>=0.9, top 10 per metabolite (no significance test)",P1;D3;D8
Phosphoethanolamine,REFMET:Phosphoethanolamine,NUTF2|prot-pr,human:prot-pr:P61970,0.9069,muscle,6,positive,"correlation |r|>=0.9, top 10 per metabolite (no significance test)",P1;D3;D8
cis-Aconitic acid,REFMET:cis-Aconitic acid,DAB2|prot-pr,human:prot-pr:P98082,0.9069,muscle,6,positive,"correlation |r|>=0.9, top 10 per metabolite (no significance test)",P1;D3;D8
PE O-16:1/22:4,REFMET:PE O-16:1/22:4,PTBP3|prot-pr,human:prot-pr:O95758,-0.9068,muscle,6,negative,"correlation |r|>=0.9, top 10 per metabolite (no significance test)",P1;D3;D8
Pseudouridine,REFMET:Pseudouridine,CLMP|prot-ol,human:prot-ol:OID21419,-0.9068,blood,10,negative,"correlation |r|>=0.9, top 10 per metabolite (no significance test)",P1;D3;D8
SM 18:1;O2/21:2,REFMET:SM 18:1;O2/21:2,MNDA|prot-ol,human:prot-ol:OID20156,0.9068,blood,10,positive,"correlation |r|>=0.9, top 10 per metabolite (no significance test)",P1;D3;D8
Uric acid,REFMET:Uric acid,NBL1|prot-ol,human:prot-ol:OID21486,-0.9068,blood,10,negative,"correlation |r|>=0.9, top 10 per metabolite (no significance test)",P1;D3;D8
PC P-32:0 or PC O-32:1,REFMET:PC P-32:0 or PC O-32:1,PPP1R27|prot-pr,human:prot-pr:Q86WC6,0.9068,muscle,6,positive,"correlation |r|>=0.9, top 10 per metabolite (no significance test)",P1;D3;D8
SM 18:1;O2/16:1,REFMET:SM 18:1;O2/16:1,IFI30|prot-pr,human:prot-pr:P13284,-0.9068,muscle,6,negative,"correlation |r|>=0.9, top 10 per metabolite (no significance test)",P1;D3;D8
SM 18:1;O2/17:0,REFMET:SM 18:1;O2/17:0,TLE5|prot-pr,human:prot-pr:Q08117,0.9068,muscle,6,positive,"correlation |r|>=0.9, top 10 per metabolite (no significance test)",P1;D3;D8
FA 24:1;O2,REFMET:FA 24:1;O2,LRP1|prot-ol,human:prot-ol:OID21293,0.9067,blood,10,positive,"correlation |r|>=0.9, top 10 per metabolite (no significance test)",P1;D3;D8
PE P-34:2 or PE O-34:3,REFMET:PE P-34:2 or PE O-34:3,RPE|prot-pr,human:prot-pr:Q96AT9,-0.9067,muscle,6,negative,"correlation |r|>=0.9, top 10 per metabolite (no significance test)",P1;D3;D8
PE P-34:2 or PE O-34:3,REFMET:PE P-34:2 or PE O-34:3,CAT|prot-pr,human:prot-pr:P04040,-0.9067,muscle,6,negative,"correlation |r|>=0.9, top 10 per metabolite (no significance test)",P1;D3;D8
Eicosenoic acid,REFMET:Eicosenoic acid,CBX5|prot-pr,human:prot-pr:P45973,-0.9066,muscle,6,negative,"correlation |r|>=0.9, top 10 per metabolite (no significance test)",P1;D3;D8
Asparagine,REFMET:Asparagine,CD6|prot-ol,human:prot-ol:OID20649,-0.9066,blood,10,negative,"correlation |r|>=0.9, top 10 per metabolite (no significance test)",P1;D3;D8
SM 18:1;O2/20:0,REFMET:SM 18:1;O2/20:0,LHPP|prot-pr,human:prot-pr:Q9H008,0.9066,muscle,6,positive,"correlation |r|>=0.9, top 10 per metabolite (no significance test)",P1;D3;D8
PC 33:0,REFMET:PC 33:0,MACROD1|prot-pr,human:prot-pr:Q9BQ69,0.9065,muscle,6,positive,"correlation |r|>=0.9, top 10 per metabolite (no significance test)",P1;D3;D8
Pseudouridine,REFMET:Pseudouridine,HAVCR1|prot-ol,human:prot-ol:OID21422,-0.9064,blood,10,negative,"correlation |r|>=0.9, top 10 per metabolite (no significance test)",P1;D3;D8
Cer 18:1;O2/18:1,REFMET:Cer 18:1;O2/18:1,MTURN|prot-pr,human:prot-pr:Q8N3F0,-0.9063,muscle,6,negative,"correlation |r|>=0.9, top 10 per metabolite (no significance test)",P1;D3;D8
PC P-35:2 or PC O-35:3,REFMET:PC P-35:2 or PC O-35:3,NRAP|prot-pr,human:prot-pr:Q86VF7,0.9063,muscle,6,positive,"correlation |r|>=0.9, top 10 per metabolite (no significance test)",P1;D3;D8
CAR 2:0,REFMET:CAR 2:0,NCOA4|prot-pr,human:prot-pr:Q13772,-0.9063,muscle,6,negative,"correlation |r|>=0.9, top 10 per metabolite (no significance test)",P1;D3;D8
LPE 18:1,REFMET:LPE 18:1,ILF2|prot-pr,human:prot-pr:Q12905,-0.9063,muscle,6,negative,"correlation |r|>=0.9, top 10 per metabolite (no significance test)",P1;D3;D8
PE P-38:4 or PE O-38:5,REFMET:PE P-38:4 or PE O-38:5,XIRP2|prot-pr,human:prot-pr:A4UGR9,0.9063,muscle,6,positive,"correlation |r|>=0.9, top 10 per metabolite (no significance test)",P1;D3;D8
GDP,REFMET:GDP,MACROD1|prot-pr,human:prot-pr:Q9BQ69,0.9061,muscle,6,positive,"correlation |r|>=0.9, top 10 per metabolite (no significance test)",P1;D3;D8
Phosphoethanolamine,REFMET:Phosphoethanolamine,FGR|prot-ol,human:prot-ol:OID20828,0.9061,blood,10,positive,"correlation |r|>=0.9, top 10 per metabolite (no significance test)",P1;D3;D8
PC P-35:1 or PC O-35:2,REFMET:PC P-35:1 or PC O-35:2,SMPD4|prot-pr,human:prot-pr:Q9NXE4,-0.9061,muscle,6,negative,"correlation |r|>=0.9, top 10 per metabolite (no significance test)",P1;D3;D8
Ile-Ile,REFMET:Ile-Ile,DST|prot-pr,human:prot-pr:Q03001,0.9061,muscle,6,positive,"correlation |r|>=0.9, top 10 per metabolite (no significance test)",P1;D3;D8
Taurine,REFMET:Taurine,NSDHL|prot-pr,human:prot-pr:Q15738,-0.906,muscle,6,negative,"correlation |r|>=0.9, top 10 per metabolite (no significance test)",P1;D3;D8
Glutamine,REFMET:Glutamine,TNFRSF9|prot-ol,human:prot-ol:OID20985,-0.906,blood,10,negative,"correlation |r|>=0.9, top 10 per metabolite (no significance test)",P1;D3;D8
CAR 20:0,REFMET:CAR 20:0,ORC3|prot-pr,human:prot-pr:Q9UBD5,0.906,muscle,6,positive,"correlation |r|>=0.9, top 10 per metabolite (no significance test)",P1;D3;D8
N-Acetylglutamic acid,REFMET:N-Acetylglutamic acid,MED18|prot-pr,human:prot-pr:Q9BUE0,-0.906,muscle,6,negative,"correlation |r|>=0.9, top 10 per metabolite (no significance test)",P1;D3;D8
SM 18:1;O2/16:0,REFMET:SM 18:1;O2/16:0,XIRP2|prot-pr,human:prot-pr:A4UGR9,0.906,muscle,6,positive,"correlation |r|>=0.9, top 10 per metabolite (no significance test)",P1;D3;D8
Phosphoethanolamine,REFMET:Phosphoethanolamine,TNNC2|prot-pr,human:prot-pr:P02585,-0.906,muscle,6,negative,"correlation |r|>=0.9, top 10 per metabolite (no significance test)",P1;D3;D8
Ile-Ile,REFMET:Ile-Ile,NRAP|prot-pr,human:prot-pr:Q86VF7,0.9059,muscle,6,positive,"correlation |r|>=0.9, top 10 per metabolite (no significance test)",P1;D3;D8
Malic acid,REFMET:Malic acid,FABP2|prot-ol,human:prot-ol:OID20200,0.9059,blood,10,positive,"correlation |r|>=0.9, top 10 per metabolite (no significance test)",P1;D3;D8
sn-Glycero-3-phosphate,REFMET:sn-Glycero-3-phosphate,C20orf27|prot-pr,human:prot-pr:Q9GZN8,-0.9059,muscle,6,negative,"correlation |r|>=0.9, top 10 per metabolite (no significance test)",P1;D3;D8
N-Acetylglutamic acid,REFMET:N-Acetylglutamic acid,POLR2M|prot-pr,human:prot-pr:Q6EEV4,0.9059,muscle,6,positive,"correlation |r|>=0.9, top 10 per metabolite (no significance test)",P1;D3;D8
3-O-Methyl-DOPA,REFMET:3-O-Methyl-DOPA,Q9BYX7|prot-pr,human:prot-pr:Q9BYX7,-0.9059,muscle,6,negative,"correlation |r|>=0.9, top 10 per metabolite (no significance test)",P1;D3;D8
Hydroxyproline,REFMET:Hydroxyproline,PHOSPHO1|prot-ol,human:prot-ol:OID20922,-0.9058,blood,10,negative,"correlation |r|>=0.9, top 10 per metabolite (no significance test)",P1;D3;D8
TG 58:2,REFMET:TG 58:2,CX3CL1|prot-ol,human:prot-ol:OID20976,0.9058,blood,10,positive,"correlation |r|>=0.9, top 10 per metabolite (no significance test)",P1;D3;D8
CAR 5:0;OH,REFMET:CAR 5:0;OH,SMYD5|prot-pr,human:prot-pr:Q6GMV2,0.9058,muscle,6,positive,"correlation |r|>=0.9, top 10 per metabolite (no significance test)",P1;D3;D8
DG 18:2_20:2,REFMET:DG 18:2_20:2,NPY|prot-ol,human:prot-ol:OID21388,0.9058,blood,10,positive,"correlation |r|>=0.9, top 10 per metabolite (no significance test)",P1;D3;D8
DG 36:3,REFMET:DG 36:3,SLC25A24|prot-pr,human:prot-pr:Q6NUK1,-0.9058,muscle,6,negative,"correlation |r|>=0.9, top 10 per metabolite (no significance test)",P1;D3;D8
Hypoxanthine,REFMET:Hypoxanthine,NPLOC4|prot-pr,human:prot-pr:Q8TAT6,-0.9058,muscle,6,negative,"correlation |r|>=0.9, top 10 per metabolite (no significance test)",P1;D3;D8
SM 18:1;O2/17:0,REFMET:SM 18:1;O2/17:0,GYG1|prot-pr,human:prot-pr:P46976-2,-0.9057,muscle,6,negative,"correlation |r|>=0.9, top 10 per metabolite (no significance test)",P1;D3;D8
CAR 5:0,REFMET:CAR 5:0,LPL|prot-pr,human:prot-pr:P06858,-0.9057,muscle,6,negative,"correlation |r|>=0.9, top 10 per metabolite (no significance test)",P1;D3;D8
LPC P-16:0 or LPC O-16:1,REFMET:LPC P-16:0 or LPC O-16:1,COPS8|prot-pr,human:prot-pr:Q99627,0.9057,muscle,6,positive,"correlation |r|>=0.9, top 10 per metabolite (no significance test)",P1;D3;D8
Hydroxytetradecanoic acid,REFMET:Hydroxytetradecanoic acid,TMPO|prot-pr,human:prot-pr:P42167,-0.9057,muscle,6,negative,"correlation |r|>=0.9, top 10 per metabolite (no significance test)",P1;D3;D8
Hydroxycaprylic acid,REFMET:Hydroxycaprylic acid,PPOX|prot-pr,human:prot-pr:P50336,-0.9057,muscle,6,negative,"correlation |r|>=0.9, top 10 per metabolite (no significance test)",P1;D3;D8
DG 18:1_22:6,REFMET:DG 18:1_22:6,SEMA3F|prot-ol,human:prot-ol:OID20186,0.9057,blood,10,positive,"correlation |r|>=0.9, top 10 per metabolite (no significance test)",P1;D3;D8
Rosmarinic acid,REFMET:Rosmarinic acid,IL16|prot-ol,human:prot-ol:OID20633,0.9056,blood,10,positive,"correlation |r|>=0.9, top 10 per metabolite (no significance test)",P1;D3;D8
1-Methyluric acid,REFMET:1-Methyluric acid,EPS8L2|prot-ol,human:prot-ol:OID21397,0.9056,blood,10,positive,"correlation |r|>=0.9, top 10 per metabolite (no significance test)",P1;D3;D8
Isoleucine,REFMET:Isoleucine,PPP1R27|prot-pr,human:prot-pr:Q86WC6,-0.9056,muscle,6,negative,"correlation |r|>=0.9, top 10 per metabolite (no significance test)",P1;D3;D8
Lysine,REFMET:Lysine,COMMD3|prot-pr,human:prot-pr:Q9UBI1,0.9056,muscle,6,positive,"correlation |r|>=0.9, top 10 per metabolite (no significance test)",P1;D3;D8
Pyruvic acid,REFMET:Pyruvic acid,FABP2|prot-ol,human:prot-ol:OID20200,0.9056,blood,10,positive,"correlation |r|>=0.9, top 10 per metabolite (no significance test)",P1;D3;D8
SM 33:2;O2,REFMET:SM 33:2;O2,HAVCR1|prot-ol,human:prot-ol:OID21422,0.9056,blood,10,positive,"correlation |r|>=0.9, top 10 per metabolite (no significance test)",P1;D3;D8
N-Acetylarginine,REFMET:N-Acetylarginine,PTGES|prot-pr,human:prot-pr:O14684,0.9055,muscle,6,positive,"correlation |r|>=0.9, top 10 per metabolite (no significance test)",P1;D3;D8
Nonadecenoic acid,REFMET:Nonadecenoic acid,ANKRD1|prot-pr,human:prot-pr:Q15327,0.9055,muscle,6,positive,"correlation |r|>=0.9, top 10 per metabolite (no significance test)",P1;D3;D8
Phosphoethanolamine,REFMET:Phosphoethanolamine,PLAAT3|prot-pr,human:prot-pr:P53816,0.9055,muscle,6,positive,"correlation |r|>=0.9, top 10 per metabolite (no significance test)",P1;D3;D8
Cer 18:1;O2/20:1,REFMET:Cer 18:1;O2/20:1,MAT2B|prot-pr,human:prot-pr:Q9NZL9,0.9055,muscle,6,positive,"correlation |r|>=0.9, top 10 per metabolite (no significance test)",P1;D3;D8
CAR DC6:0,REFMET:CAR DC6:0,CALCOCO1|prot-pr,human:prot-pr:Q9P1Z2,0.9055,muscle,6,positive,"correlation |r|>=0.9, top 10 per metabolite (no significance test)",P1;D3;D8
CAR 2:0,REFMET:CAR 2:0,DAB2|prot-pr,human:prot-pr:P98082,0.9055,muscle,6,positive,"correlation |r|>=0.9, top 10 per metabolite (no significance test)",P1;D3;D8
Alanine,REFMET:Alanine,BCAN|prot-ol,human:prot-ol:OID20998,-0.9055,blood,10,negative,"correlation |r|>=0.9, top 10 per metabolite (no significance test)",P1;D3;D8
Palmitoyl-EA,REFMET:Palmitoyl-EA,UBE2A|prot-pr,human:prot-pr:P49459,-0.9055,muscle,6,negative,"correlation |r|>=0.9, top 10 per metabolite (no significance test)",P1;D3;D8
Cortisol,REFMET:Cortisol,DAB2|prot-pr,human:prot-pr:P98082,0.9055,muscle,6,positive,"correlation |r|>=0.9, top 10 per metabolite (no significance test)",P1;D3;D8
CAR 18:0;OH,REFMET:CAR 18:0;OH,COPS3|prot-pr,human:prot-pr:Q9UNS2,0.9055,muscle,6,positive,"correlation |r|>=0.9, top 10 per metabolite (no significance test)",P1;D3;D8
CAR 14:2,REFMET:CAR 14:2,MRPS16|prot-pr,human:prot-pr:Q9Y3D3,0.9054,muscle,6,positive,"correlation |r|>=0.9, top 10 per metabolite (no significance test)",P1;D3;D8
Phenylacetic acid,REFMET:Phenylacetic acid,H4C9|prot-pr,human:prot-pr:P62805,0.9053,muscle,6,positive,"correlation |r|>=0.9, top 10 per metabolite (no significance test)",P1;D3;D8
SM 18:1;O2/22:2,REFMET:SM 18:1;O2/22:2,ZC3H15|prot-pr,human:prot-pr:Q8WU90,0.9053,muscle,6,positive,"correlation |r|>=0.9, top 10 per metabolite (no significance test)",P1;D3;D8
Cer 18:1;O2/24:0,REFMET:Cer 18:1;O2/24:0,ILF2|prot-pr,human:prot-pr:Q12905,-0.9052,muscle,6,negative,"correlation |r|>=0.9, top 10 per metabolite (no significance test)",P1;D3;D8
Phe-Phe,REFMET:Phe-Phe,YIPF5|prot-pr,human:prot-pr:Q969M3,-0.9052,muscle,6,negative,"correlation |r|>=0.9, top 10 per metabolite (no significance test)",P1;D3;D8
Cer 18:1;O2/23:1,REFMET:Cer 18:1;O2/23:1,SNX3|prot-pr,human:prot-pr:O60493,0.9052,muscle,6,positive,"correlation |r|>=0.9, top 10 per metabolite (no significance test)",P1;D3;D8
Creatine,REFMET:Creatine,ANGPTL7|prot-ol,human:prot-ol:OID21412,0.9052,blood,10,positive,"correlation |r|>=0.9, top 10 per metabolite (no significance test)",P1;D3;D8
Indole-4-carboxaldehyde,REFMET:Indole-4-carboxaldehyde,DDR1|prot-ol,human:prot-ol:OID21009,0.9052,blood,10,positive,"correlation |r|>=0.9, top 10 per metabolite (no significance test)",P1;D3;D8
PC P-34:2 or PC O-34:3,REFMET:PC P-34:2 or PC O-34:3,POLR2M|prot-pr,human:prot-pr:Q6EEV4,0.9052,muscle,6,positive,"correlation |r|>=0.9, top 10 per metabolite (no significance test)",P1;D3;D8
sn-Glycero-3-phosphate,REFMET:sn-Glycero-3-phosphate,NUP160|prot-pr,human:prot-pr:Q12769,0.9051,muscle,6,positive,"correlation |r|>=0.9, top 10 per metabolite (no significance test)",P1;D3;D8
Cer 18:1;O2/16:0,REFMET:Cer 18:1;O2/16:0,FAM185A|prot-pr,human:prot-pr:Q8N0U4,-0.9051,muscle,6,negative,"correlation |r|>=0.9, top 10 per metabolite (no significance test)",P1;D3;D8
Pro-Phe,REFMET:Pro-Phe,PFKFB2|prot-pr,human:prot-pr:O60825,-0.9051,muscle,6,negative,"correlation |r|>=0.9, top 10 per metabolite (no significance test)",P1;D3;D8
Serine,REFMET:Serine,NCOA4|prot-pr,human:prot-pr:Q13772,-0.9051,muscle,6,negative,"correlation |r|>=0.9, top 10 per metabolite (no significance test)",P1;D3;D8
N(6)-Methyllysine,REFMET:N(6)-Methyllysine,RSPO1|prot-ol,human:prot-ol:OID20938,-0.905,blood,10,negative,"correlation |r|>=0.9, top 10 per metabolite (no significance test)",P1;D3;D8
PC P-32:1 or PC O-32:2,REFMET:PC P-32:1 or PC O-32:2,SETMAR|prot-ol,human:prot-ol:OID20948,0.905,blood,10,positive,"correlation |r|>=0.9, top 10 per metabolite (no significance test)",P1;D3;D8
Carnitine,REFMET:Carnitine,FAM76A|prot-pr,human:prot-pr:Q8TAV0,-0.905,muscle,6,negative,"correlation |r|>=0.9, top 10 per metabolite (no significance test)",P1;D3;D8
PC P-32:1 or PC O-32:2,REFMET:PC P-32:1 or PC O-32:2,ACYP1|prot-pr,human:prot-pr:P07311,-0.905,muscle,6,negative,"correlation |r|>=0.9, top 10 per metabolite (no significance test)",P1;D3;D8
Phenyllactic acid,REFMET:Phenyllactic acid,CA14|prot-ol,human:prot-ol:OID21401,-0.905,blood,10,negative,"correlation |r|>=0.9, top 10 per metabolite (no significance test)",P1;D3;D8
PE P-35:2 or PE O-35:3,REFMET:PE P-35:2 or PE O-35:3,RPE|prot-pr,human:prot-pr:Q96AT9,-0.905,muscle,6,negative,"correlation |r|>=0.9, top 10 per metabolite (no significance test)",P1;D3;D8
5alpha-Androstane-3alpha-ol-17-one sulfate,REFMET:5alpha-Androstane-3alpha-ol-17-one sulfate,KIAA2013|prot-pr,human:prot-pr:Q8IYS2,0.9049,muscle,6,positive,"correlation |r|>=0.9, top 10 per metabolite (no significance test)",P1;D3;D8
PE 36:1,REFMET:PE 36:1,UBQLN2|prot-pr,human:prot-pr:Q9UHD9,-0.9049,muscle,6,negative,"correlation |r|>=0.9, top 10 per metabolite (no significance test)",P1;D3;D8
CAR 4:0;OH,REFMET:CAR 4:0;OH,PTP4A2|prot-pr,human:prot-pr:Q12974,-0.9049,muscle,6,negative,"correlation |r|>=0.9, top 10 per metabolite (no significance test)",P1;D3;D8
LPC P-16:0 or LPC O-16:1,REFMET:LPC P-16:0 or LPC O-16:1,ANAPC7|prot-pr,human:prot-pr:Q9UJX3,0.9049,muscle,6,positive,"correlation |r|>=0.9, top 10 per metabolite (no significance test)",P1;D3;D8
PC 34:4,REFMET:PC 34:4,TXNDC17|prot-pr,human:prot-pr:Q9BRA2,0.9049,muscle,6,positive,"correlation |r|>=0.9, top 10 per metabolite (no significance test)",P1;D3;D8
Octadecatrienoic acid,REFMET:Octadecatrienoic acid,MRPL33|prot-pr,human:prot-pr:O75394,-0.9048,muscle,6,negative,"correlation |r|>=0.9, top 10 per metabolite (no significance test)",P1;D3;D8
ST 27:2;O3,REFMET:ST 27:2;O3,FLT3LG|prot-ol,human:prot-ol:OID20661,0.9048,blood,10,positive,"correlation |r|>=0.9, top 10 per metabolite (no significance test)",P1;D3;D8
PC P-32:1 or PC O-32:2,REFMET:PC P-32:1 or PC O-32:2,IL16|prot-ol,human:prot-ol:OID20633,0.9048,blood,10,positive,"correlation |r|>=0.9, top 10 per metabolite (no significance test)",P1;D3;D8
Methionine sulfoxide,REFMET:Methionine sulfoxide,MRPL14|prot-pr,human:prot-pr:Q6P1L8,0.9048,muscle,6,positive,"correlation |r|>=0.9, top 10 per metabolite (no significance test)",P1;D3;D8
Spermidine,REFMET:Spermidine,MTM1|prot-pr,human:prot-pr:Q13496,-0.9048,muscle,6,negative,"correlation |r|>=0.9, top 10 per metabolite (no significance test)",P1;D3;D8
Nonadecenoic acid,REFMET:Nonadecenoic acid,FAM76A|prot-pr,human:prot-pr:Q8TAV0,-0.9048,muscle,6,negative,"correlation |r|>=0.9, top 10 per metabolite (no significance test)",P1;D3;D8
Phosphoserine,REFMET:Phosphoserine,SMOC1|prot-ol,human:prot-ol:OID21461,-0.9047,blood,10,negative,"correlation |r|>=0.9, top 10 per metabolite (no significance test)",P1;D3;D8
LPE 20:3,REFMET:LPE 20:3,MACO1|prot-pr,human:prot-pr:Q8N5G2,-0.9047,muscle,6,negative,"correlation |r|>=0.9, top 10 per metabolite (no significance test)",P1;D3;D8
SM 18:1;O2/22:3,REFMET:SM 18:1;O2/22:3,H3-3A|prot-pr,human:prot-pr:P84243,-0.9047,muscle,6,negative,"correlation |r|>=0.9, top 10 per metabolite (no significance test)",P1;D3;D8
Glutamine,REFMET:Glutamine,CCL11|prot-ol,human:prot-ol:OID20668,-0.9046,blood,10,negative,"correlation |r|>=0.9, top 10 per metabolite (no significance test)",P1;D3;D8
Hexose,REFMET:Hexose,GLUD1|prot-pr,human:prot-pr:P00367,0.9046,muscle,6,positive,"correlation |r|>=0.9, top 10 per metabolite (no significance test)",P1;D3;D8
Aspartic acid,REFMET:Aspartic acid,APEX1|prot-ol,human:prot-ol:OID21434,-0.9046,blood,10,negative,"correlation |r|>=0.9, top 10 per metabolite (no significance test)",P1;D3;D8
GDP-mannose,REFMET:GDP-mannose,ALPK3|prot-pr,human:prot-pr:Q96L96,-0.9046,muscle,6,negative,"correlation |r|>=0.9, top 10 per metabolite (no significance test)",P1;D3;D8
Urocanic acid,REFMET:Urocanic acid,CAPG|prot-ol,human:prot-ol:OID21431,-0.9045,blood,10,negative,"correlation |r|>=0.9, top 10 per metabolite (no significance test)",P1;D3;D8
Cer 18:1;O2/22:1,REFMET:Cer 18:1;O2/22:1,FAM185A|prot-pr,human:prot-pr:Q8N0U4,-0.9045,muscle,6,negative,"correlation |r|>=0.9, top 10 per metabolite (no significance test)",P1;D3;D8
LPC 16:0,REFMET:LPC 16:0,HNRNPLL|prot-pr,human:prot-pr:Q8WVV9,0.9045,muscle,6,positive,"correlation |r|>=0.9, top 10 per metabolite (no significance test)",P1;D3;D8
Phenylalanine,REFMET:Phenylalanine,RAD50|prot-pr,human:prot-pr:Q92878,0.9044,muscle,6,positive,"correlation |r|>=0.9, top 10 per metabolite (no significance test)",P1;D3;D8
PE P-36:2 or PE O-36:3,REFMET:PE P-36:2 or PE O-36:3,DRG1|prot-pr,human:prot-pr:Q9Y295,0.9044,muscle,6,positive,"correlation |r|>=0.9, top 10 per metabolite (no significance test)",P1;D3;D8
Tryptophan,REFMET:Tryptophan,LPL|prot-pr,human:prot-pr:P06858,-0.9043,muscle,6,negative,"correlation |r|>=0.9, top 10 per metabolite (no significance test)",P1;D3;D8
N-Acetylornithine,REFMET:N-Acetylornithine,NUDT12|prot-pr,human:prot-pr:Q9BQG2,-0.9043,muscle,6,negative,"correlation |r|>=0.9, top 10 per metabolite (no significance test)",P1;D3;D8
Pregnenolone sulfate,REFMET:Pregnenolone sulfate,SCARF2|prot-ol,human:prot-ol:OID21048,0.9043,blood,10,positive,"correlation |r|>=0.9, top 10 per metabolite (no significance test)",P1;D3;D8
Ornithine,REFMET:Ornithine,IL18R1|prot-ol,human:prot-ol:OID20652,-0.9043,blood,10,negative,"correlation |r|>=0.9, top 10 per metabolite (no significance test)",P1;D3;D8
Spermidine,REFMET:Spermidine,PDCD5|prot-pr,human:prot-pr:O14737,0.9043,muscle,6,positive,"correlation |r|>=0.9, top 10 per metabolite (no significance test)",P1;D3;D8
DG 18:1_22:6,REFMET:DG 18:1_22:6,CNTN5|prot-ol,human:prot-ol:OID21006,0.9042,blood,10,positive,"correlation |r|>=0.9, top 10 per metabolite (no significance test)",P1;D3;D8
TG 44:1,REFMET:TG 44:1,SELENOS|prot-pr,human:prot-pr:Q9BQE4,-0.9042,muscle,6,negative,"correlation |r|>=0.9, top 10 per metabolite (no significance test)",P1;D3;D8
Palmitoleic acid,REFMET:Palmitoleic acid,CPT1A|prot-pr,human:prot-pr:P50416,-0.9042,muscle,6,negative,"correlation |r|>=0.9, top 10 per metabolite (no significance test)",P1;D3;D8
CAR 6:0;OH,REFMET:CAR 6:0;OH,RANBP9|prot-pr,human:prot-pr:Q96S59,0.9041,muscle,6,positive,"correlation |r|>=0.9, top 10 per metabolite (no significance test)",P1;D3;D8
PE P-40:6 or PE O-40:7,REFMET:PE P-40:6 or PE O-40:7,USP28|prot-pr,human:prot-pr:Q96RU2,0.9041,muscle,6,positive,"correlation |r|>=0.9, top 10 per metabolite (no significance test)",P1;D3;D8
SM 18:1;O2/18:0,REFMET:SM 18:1;O2/18:0,SPG7|prot-pr,human:prot-pr:Q9UQ90,-0.9041,muscle,6,negative,"correlation |r|>=0.9, top 10 per metabolite (no significance test)",P1;D3;D8
CAR DC3:0;2Me,REFMET:CAR DC3:0;2Me,WNT9A|prot-ol,human:prot-ol:OID20460,-0.9041,blood,10,negative,"correlation |r|>=0.9, top 10 per metabolite (no significance test)",P1;D3;D8
PC O-36:2,REFMET:PC O-36:2,GLUD1|prot-pr,human:prot-pr:P00367,-0.9041,muscle,6,negative,"correlation |r|>=0.9, top 10 per metabolite (no significance test)",P1;D3;D8
TG 56:2,REFMET:TG 56:2,ABRA|prot-pr,human:prot-pr:Q8N0Z2,0.9041,muscle,6,positive,"correlation |r|>=0.9, top 10 per metabolite (no significance test)",P1;D3;D8
FA 26:5;O2,REFMET:FA 26:5;O2,NECTIN4|prot-ol,human:prot-ol:OID21490,0.9041,blood,10,positive,"correlation |r|>=0.9, top 10 per metabolite (no significance test)",P1;D3;D8
FA 26:5;O2,REFMET:FA 26:5;O2,DDR1|prot-ol,human:prot-ol:OID21009,0.904,blood,10,positive,"correlation |r|>=0.9, top 10 per metabolite (no significance test)",P1;D3;D8
dUMP,REFMET:dUMP,ACVRL1|prot-ol,human:prot-ol:OID20999,0.904,blood,10,positive,"correlation |r|>=0.9, top 10 per metabolite (no significance test)",P1;D3;D8
DG 36:4,REFMET:DG 36:4,ITGB7|prot-ol,human:prot-ol:OID21393,0.9039,blood,10,positive,"correlation |r|>=0.9, top 10 per metabolite (no significance test)",P1;D3;D8
PC P-36:2 or PC O-36:3,REFMET:PC P-36:2 or PC O-36:3,MTURN|prot-pr,human:prot-pr:Q8N3F0,-0.9039,muscle,6,negative,"correlation |r|>=0.9, top 10 per metabolite (no significance test)",P1;D3;D8
PC P-34:3 or PC O-34:4,REFMET:PC P-34:3 or PC O-34:4,LZIC|prot-pr,human:prot-pr:Q8WZA0,-0.9039,muscle,6,negative,"correlation |r|>=0.9, top 10 per metabolite (no significance test)",P1;D3;D8
Palmitoyl-EA,REFMET:Palmitoyl-EA,ELP5|prot-pr,human:prot-pr:Q8TE02,0.9039,muscle,6,positive,"correlation |r|>=0.9, top 10 per metabolite (no significance test)",P1;D3;D8
CAR 14:1,REFMET:CAR 14:1,MRPS16|prot-pr,human:prot-pr:Q9Y3D3,0.9039,muscle,6,positive,"correlation |r|>=0.9, top 10 per metabolite (no significance test)",P1;D3;D8
DG 18:1_22:6,REFMET:DG 18:1_22:6,TNFSF10|prot-ol,human:prot-ol:OID20611,0.9039,blood,10,positive,"correlation |r|>=0.9, top 10 per metabolite (no significance test)",P1;D3;D8
UMP,REFMET:UMP,RELCH|prot-pr,human:prot-pr:Q9P260-2,0.9038,muscle,6,positive,"correlation |r|>=0.9, top 10 per metabolite (no significance test)",P1;D3;D8
CAR 16:2,REFMET:CAR 16:2,H3-3A|prot-pr,human:prot-pr:P84243,-0.9038,muscle,6,negative,"correlation |r|>=0.9, top 10 per metabolite (no significance test)",P1;D3;D8
Tricosylic acid,REFMET:Tricosylic acid,LRP1|prot-pr,human:prot-pr:Q07954,-0.9038,muscle,6,negative,"correlation |r|>=0.9, top 10 per metabolite (no significance test)",P1;D3;D8
PE P-36:2 or PE O-36:3,REFMET:PE P-36:2 or PE O-36:3,RPE|prot-pr,human:prot-pr:Q96AT9,-0.9038,muscle,6,negative,"correlation |r|>=0.9, top 10 per metabolite (no significance test)",P1;D3;D8
PC 31:0,REFMET:PC 31:0,FABP4|prot-ol,human:prot-ol:OID20245,-0.9038,blood,10,negative,"correlation |r|>=0.9, top 10 per metabolite (no significance test)",P1;D3;D8
Pterin,REFMET:Pterin,PXN|prot-ol,human:prot-ol:OID20822,0.9037,blood,10,positive,"correlation |r|>=0.9, top 10 per metabolite (no significance test)",P1;D3;D8
PC 30:1,REFMET:PC 30:1,XIRP2|prot-pr,human:prot-pr:A4UGR9,0.9036,muscle,6,positive,"correlation |r|>=0.9, top 10 per metabolite (no significance test)",P1;D3;D8
SM 18:1;O2/20:0,REFMET:SM 18:1;O2/20:0,ANAPC7|prot-pr,human:prot-pr:Q9UJX3,0.9036,muscle,6,positive,"correlation |r|>=0.9, top 10 per metabolite (no significance test)",P1;D3;D8
CAR 6:0;OH,REFMET:CAR 6:0;OH,H4C9|prot-pr,human:prot-pr:P62805,-0.9036,muscle,6,negative,"correlation |r|>=0.9, top 10 per metabolite (no significance test)",P1;D3;D8
Cytosine,REFMET:Cytosine,CTSV|prot-ol,human:prot-ol:OID21405,0.9036,blood,10,positive,"correlation |r|>=0.9, top 10 per metabolite (no significance test)",P1;D3;D8
Urocanic acid,REFMET:Urocanic acid,CNOT10|prot-pr,human:prot-pr:Q9H9A5,-0.9035,muscle,6,negative,"correlation |r|>=0.9, top 10 per metabolite (no significance test)",P1;D3;D8
LPE 20:3,REFMET:LPE 20:3,SPINK6|prot-ol,human:prot-ol:OID21450,-0.9035,blood,10,negative,"correlation |r|>=0.9, top 10 per metabolite (no significance test)",P1;D3;D8
GDP-mannose,REFMET:GDP-mannose,IGHV3-74|prot-pr,human:prot-pr:A0A0B4J1X5,-0.9035,muscle,6,negative,"correlation |r|>=0.9, top 10 per metabolite (no significance test)",P1;D3;D8
Glyceraldehyde 3-phosphate,REFMET:Glyceraldehyde 3-phosphate,NPDC1|prot-ol,human:prot-ol:OID20205,0.9035,blood,10,positive,"correlation |r|>=0.9, top 10 per metabolite (no significance test)",P1;D3;D8
PC 32:1,REFMET:PC 32:1,TXNDC17|prot-pr,human:prot-pr:Q9BRA2,0.9035,muscle,6,positive,"correlation |r|>=0.9, top 10 per metabolite (no significance test)",P1;D3;D8
Oxidized glutathione,REFMET:Oxidized glutathione,WFDC2|prot-ol,human:prot-ol:OID21505,-0.9035,blood,10,negative,"correlation |r|>=0.9, top 10 per metabolite (no significance test)",P1;D3;D8
GDP,REFMET:GDP,MYO1C|prot-pr,human:prot-pr:O00159,-0.9034,muscle,6,negative,"correlation |r|>=0.9, top 10 per metabolite (no significance test)",P1;D3;D8
Nonadecenoic acid,REFMET:Nonadecenoic acid,ZNRF2|prot-pr,human:prot-pr:Q8NHG8,-0.9033,muscle,6,negative,"correlation |r|>=0.9, top 10 per metabolite (no significance test)",P1;D3;D8
Phenyllactic acid,REFMET:Phenyllactic acid,GHRL|prot-ol,human:prot-ol:OID20175,-0.9033,blood,10,negative,"correlation |r|>=0.9, top 10 per metabolite (no significance test)",P1;D3;D8
Ornithine,REFMET:Ornithine,SCLY|prot-pr,human:prot-pr:Q96I15,-0.9033,muscle,6,negative,"correlation |r|>=0.9, top 10 per metabolite (no significance test)",P1;D3;D8
CAR 11:1,REFMET:CAR 11:1,DNAJC21|prot-pr,human:prot-pr:Q5F1R6,-0.9032,muscle,6,negative,"correlation |r|>=0.9, top 10 per metabolite (no significance test)",P1;D3;D8
CAR 5:1,REFMET:CAR 5:1,FASTKD5|prot-pr,human:prot-pr:Q7L8L6,0.9032,muscle,6,positive,"correlation |r|>=0.9, top 10 per metabolite (no significance test)",P1;D3;D8
PC P-38:5 or PC O-38:6,REFMET:PC P-38:5 or PC O-38:6,CTSF|prot-pr,human:prot-pr:Q9UBX1,0.9032,muscle,6,positive,"correlation |r|>=0.9, top 10 per metabolite (no significance test)",P1;D3;D8
Cer 18:1;O2/16:0,REFMET:Cer 18:1;O2/16:0,POLR2M|prot-pr,human:prot-pr:Q6EEV4,0.9032,muscle,6,positive,"correlation |r|>=0.9, top 10 per metabolite (no significance test)",P1;D3;D8
Cer 18:1;O2/18:1,REFMET:Cer 18:1;O2/18:1,USP28|prot-pr,human:prot-pr:Q96RU2,0.9032,muscle,6,positive,"correlation |r|>=0.9, top 10 per metabolite (no significance test)",P1;D3;D8
Glu-Lys,REFMET:Glu-Lys,PHOSPHO1|prot-ol,human:prot-ol:OID20922,-0.9032,blood,10,negative,"correlation |r|>=0.9, top 10 per metabolite (no significance test)",P1;D3;D8
Trigonelline,REFMET:Trigonelline,NINJ1|prot-ol,human:prot-ol:OID21167,-0.9032,blood,10,negative,"correlation |r|>=0.9, top 10 per metabolite (no significance test)",P1;D3;D8
CAR 8:0,REFMET:CAR 8:0,CLSTN2|prot-ol,human:prot-ol:OID20664,0.9031,blood,10,positive,"correlation |r|>=0.9, top 10 per metabolite (no significance test)",P1;D3;D8
DG 38:5,REFMET:DG 38:5,TNFRSF21|prot-ol,human:prot-ol:OID21052,0.9031,blood,10,positive,"correlation |r|>=0.9, top 10 per metabolite (no significance test)",P1;D3;D8
Oleoyl-EA,REFMET:Oleoyl-EA,NTRK3|prot-ol,human:prot-ol:OID21057,-0.903,blood,10,negative,"correlation |r|>=0.9, top 10 per metabolite (no significance test)",P1;D3;D8
Pro-Phe,REFMET:Pro-Phe,SMARCB1|prot-pr,human:prot-pr:Q12824,0.903,muscle,6,positive,"correlation |r|>=0.9, top 10 per metabolite (no significance test)",P1;D3;D8
Cer 18:1;O2/4:0,REFMET:Cer 18:1;O2/4:0,CRYZL1|prot-pr,human:prot-pr:O95825,-0.903,muscle,6,negative,"correlation |r|>=0.9, top 10 per metabolite (no significance test)",P1;D3;D8
PC P-34:2 or PC O-34:3,REFMET:PC P-34:2 or PC O-34:3,ABRA|prot-pr,human:prot-pr:Q8N0Z2,0.903,muscle,6,positive,"correlation |r|>=0.9, top 10 per metabolite (no significance test)",P1;D3;D8
DHA,REFMET:DHA,GLUD1|prot-pr,human:prot-pr:P00367,-0.9029,muscle,6,negative,"correlation |r|>=0.9, top 10 per metabolite (no significance test)",P1;D3;D8
Indole-4-carboxaldehyde,REFMET:Indole-4-carboxaldehyde,CD300C|prot-ol,human:prot-ol:OID21010,0.9029,blood,10,positive,"correlation |r|>=0.9, top 10 per metabolite (no significance test)",P1;D3;D8
Glutamic acid,REFMET:Glutamic acid,SREK1IP1|prot-pr,human:prot-pr:Q8N9Q2,-0.9028,muscle,6,negative,"correlation |r|>=0.9, top 10 per metabolite (no significance test)",P1;D3;D8
CAR 10:1,REFMET:CAR 10:1,FBXO6|prot-pr,human:prot-pr:Q9NRD1,0.9028,muscle,6,positive,"correlation |r|>=0.9, top 10 per metabolite (no significance test)",P1;D3;D8
Asparagine,REFMET:Asparagine,AGRP|prot-ol,human:prot-ol:OID20658,-0.9028,blood,10,negative,"correlation |r|>=0.9, top 10 per metabolite (no significance test)",P1;D3;D8
Pantothenic acid,REFMET:Pantothenic acid,TXNDC17|prot-pr,human:prot-pr:Q9BRA2,0.9028,muscle,6,positive,"correlation |r|>=0.9, top 10 per metabolite (no significance test)",P1;D3;D8
LPE 18:1,REFMET:LPE 18:1,DNAJC7|prot-pr,human:prot-pr:Q99615,0.9028,muscle,6,positive,"correlation |r|>=0.9, top 10 per metabolite (no significance test)",P1;D3;D8
EDTA,REFMET:EDTA,GPC1|prot-ol,human:prot-ol:OID21438,-0.9028,blood,10,negative,"correlation |r|>=0.9, top 10 per metabolite (no significance test)",P1;D3;D8
Cer 18:1;O2/24:2,REFMET:Cer 18:1;O2/24:2,NRAP|prot-pr,human:prot-pr:Q86VF7,0.9027,muscle,6,positive,"correlation |r|>=0.9, top 10 per metabolite (no significance test)",P1;D3;D8
PC O-42:2,REFMET:PC O-42:2,EGLN1|prot-ol,human:prot-ol:OID20572,0.9026,blood,10,positive,"correlation |r|>=0.9, top 10 per metabolite (no significance test)",P1;D3;D8
Maleic acid,REFMET:Maleic acid,NPDC1|prot-ol,human:prot-ol:OID20205,0.9026,blood,10,positive,"correlation |r|>=0.9, top 10 per metabolite (no significance test)",P1;D3;D8
Serine,REFMET:Serine,YIPF5|prot-pr,human:prot-pr:Q969M3,0.9026,muscle,6,positive,"correlation |r|>=0.9, top 10 per metabolite (no significance test)",P1;D3;D8
Maleic acid,REFMET:Maleic acid,PARK7|prot-pr,human:prot-pr:Q99497,-0.9026,muscle,6,negative,"correlation |r|>=0.9, top 10 per metabolite (no significance test)",P1;D3;D8
Muricholic acid,REFMET:Muricholic acid,PRTG|prot-ol,human:prot-ol:OID21443,0.9026,blood,10,positive,"correlation |r|>=0.9, top 10 per metabolite (no significance test)",P1;D3;D8
FA 19:3;O2,REFMET:FA 19:3;O2,SIGLEC9|prot-ol,human:prot-ol:OID21390,0.9025,blood,10,positive,"correlation |r|>=0.9, top 10 per metabolite (no significance test)",P1;D3;D8
Cer 18:1;O2/16:0,REFMET:Cer 18:1;O2/16:0,MTURN|prot-pr,human:prot-pr:Q8N3F0,-0.9025,muscle,6,negative,"correlation |r|>=0.9, top 10 per metabolite (no significance test)",P1;D3;D8
TG 44:1,REFMET:TG 44:1,MAIP1|prot-pr,human:prot-pr:Q8WWC4,-0.9025,muscle,6,negative,"correlation |r|>=0.9, top 10 per metabolite (no significance test)",P1;D3;D8
Isocitric acid,REFMET:Isocitric acid,CALCOCO1|prot-pr,human:prot-pr:Q9P1Z2,-0.9025,muscle,6,negative,"correlation |r|>=0.9, top 10 per metabolite (no significance test)",P1;D3;D8
Fumaric acid,REFMET:Fumaric acid,TNNC2|prot-pr,human:prot-pr:P02585,-0.9025,muscle,6,negative,"correlation |r|>=0.9, top 10 per metabolite (no significance test)",P1;D3;D8
Hydroxycaprylic acid,REFMET:Hydroxycaprylic acid,RPS28|prot-pr,human:prot-pr:P62857,0.9025,muscle,6,positive,"correlation |r|>=0.9, top 10 per metabolite (no significance test)",P1;D3;D8
PC 35:2,REFMET:PC 35:2,WASF3|prot-pr,human:prot-pr:Q9UPY6-2,0.9024,muscle,6,positive,"correlation |r|>=0.9, top 10 per metabolite (no significance test)",P1;D3;D8
CAR 14:1;OH,REFMET:CAR 14:1;OH,GIMAP1|prot-pr,human:prot-pr:Q8WWP7,-0.9024,muscle,6,negative,"correlation |r|>=0.9, top 10 per metabolite (no significance test)",P1;D3;D8
alpha-Tocoquinone,REFMET:alpha-Tocoquinone,UBAP1|prot-pr,human:prot-pr:Q9NZ09,0.9024,muscle,6,positive,"correlation |r|>=0.9, top 10 per metabolite (no significance test)",P1;D3;D8
Hydroxytetradecanoic acid,REFMET:Hydroxytetradecanoic acid,RAD50|prot-pr,human:prot-pr:Q92878,-0.9023,muscle,6,negative,"correlation |r|>=0.9, top 10 per metabolite (no significance test)",P1;D3;D8
Cer 18:1;O2/24:1,REFMET:Cer 18:1;O2/24:1,COL6A1|prot-pr,human:prot-pr:P12109,-0.9023,muscle,6,negative,"correlation |r|>=0.9, top 10 per metabolite (no significance test)",P1;D3;D8
Urocanic acid,REFMET:Urocanic acid,SERPINB8|prot-ol,human:prot-ol:OID20630,-0.9023,blood,10,negative,"correlation |r|>=0.9, top 10 per metabolite (no significance test)",P1;D3;D8
PC 31:0,REFMET:PC 31:0,SNX3|prot-pr,human:prot-pr:O60493,0.9022,muscle,6,positive,"correlation |r|>=0.9, top 10 per metabolite (no significance test)",P1;D3;D8
PC 18:1/18:1,REFMET:PC 18:1/18:1,UBE2L6|prot-pr,human:prot-pr:O14933,-0.9022,muscle,6,negative,"correlation |r|>=0.9, top 10 per metabolite (no significance test)",P1;D3;D8
PC 18:1/18:1,REFMET:PC 18:1/18:1,MRPS18C|prot-pr,human:prot-pr:Q9Y3D5,0.9022,muscle,6,positive,"correlation |r|>=0.9, top 10 per metabolite (no significance test)",P1;D3;D8
PC P-36:4 or PC O-36:5,REFMET:PC P-36:4 or PC O-36:5,STYXL2|prot-pr,human:prot-pr:Q5VZP5,0.9022,muscle,6,positive,"correlation |r|>=0.9, top 10 per metabolite (no significance test)",P1;D3;D8
N(6)-Methyllysine,REFMET:N(6)-Methyllysine,CD5|prot-ol,human:prot-ol:OID21449,-0.9021,blood,10,negative,"correlation |r|>=0.9, top 10 per metabolite (no significance test)",P1;D3;D8
SM 44:4;O2,REFMET:SM 44:4;O2,EGLN1|prot-ol,human:prot-ol:OID20572,0.9021,blood,10,positive,"correlation |r|>=0.9, top 10 per metabolite (no significance test)",P1;D3;D8
Sebacic acid,REFMET:Sebacic acid,UTP15|prot-pr,human:prot-pr:Q8TED0,-0.902,muscle,6,negative,"correlation |r|>=0.9, top 10 per metabolite (no significance test)",P1;D3;D8
PE P-36:2 or PE O-36:3,REFMET:PE P-36:2 or PE O-36:3,DNAJC21|prot-pr,human:prot-pr:Q5F1R6,0.902,muscle,6,positive,"correlation |r|>=0.9, top 10 per metabolite (no significance test)",P1;D3;D8
Pantothenic acid,REFMET:Pantothenic acid,COPS3|prot-pr,human:prot-pr:Q9UNS2,0.902,muscle,6,positive,"correlation |r|>=0.9, top 10 per metabolite (no significance test)",P1;D3;D8
Rosmarinic acid,REFMET:Rosmarinic acid,LSP1|prot-ol,human:prot-ol:OID20530,0.902,blood,10,positive,"correlation |r|>=0.9, top 10 per metabolite (no significance test)",P1;D3;D8
ST 27:2;O3,REFMET:ST 27:2;O3,NPDC1|prot-ol,human:prot-ol:OID20205,0.9019,blood,10,positive,"correlation |r|>=0.9, top 10 per metabolite (no significance test)",P1;D3;D8
Citramalic acid,REFMET:Citramalic acid,LYPLA2|prot-pr,human:prot-pr:O95372,0.9019,muscle,6,positive,"correlation |r|>=0.9, top 10 per metabolite (no significance test)",P1;D3;D8
Glutamine,REFMET:Glutamine,CD300E|prot-ol,human:prot-ol:OID21418,-0.9019,blood,10,negative,"correlation |r|>=0.9, top 10 per metabolite (no significance test)",P1;D3;D8
Cer 18:1;O2/16:0,REFMET:Cer 18:1;O2/16:0,PPP1R27|prot-pr,human:prot-pr:Q86WC6,0.9019,muscle,6,positive,"correlation |r|>=0.9, top 10 per metabolite (no significance test)",P1;D3;D8
PC 32:1,REFMET:PC 32:1,PHYKPL|prot-pr,human:prot-pr:Q8IUZ5,-0.9019,muscle,6,negative,"correlation |r|>=0.9, top 10 per metabolite (no significance test)",P1;D3;D8
sn-Glycero-3-phosphocholine,REFMET:sn-Glycero-3-phosphocholine,BIRC2|prot-pr,human:prot-pr:Q13490,0.9019,muscle,6,positive,"correlation |r|>=0.9, top 10 per metabolite (no significance test)",P1;D3;D8
PE 36:2,REFMET:PE 36:2,MTA1|prot-pr,human:prot-pr:Q13330,-0.9019,muscle,6,negative,"correlation |r|>=0.9, top 10 per metabolite (no significance test)",P1;D3;D8
Oxidized glutathione,REFMET:Oxidized glutathione,DDA1|prot-pr,human:prot-pr:Q9BW61,-0.9019,muscle,6,negative,"correlation |r|>=0.9, top 10 per metabolite (no significance test)",P1;D3;D8
Oleoyl-EA,REFMET:Oleoyl-EA,KLK4|prot-ol,human:prot-ol:OID21391,-0.9019,blood,10,negative,"correlation |r|>=0.9, top 10 per metabolite (no significance test)",P1;D3;D8
CAR 13:1,REFMET:CAR 13:1,MRPS16|prot-pr,human:prot-pr:Q9Y3D3,0.9018,muscle,6,positive,"correlation |r|>=0.9, top 10 per metabolite (no significance test)",P1;D3;D8
dUMP,REFMET:dUMP,SEC22B|prot-pr,human:prot-pr:O75396,0.9017,muscle,6,positive,"correlation |r|>=0.9, top 10 per metabolite (no significance test)",P1;D3;D8
Guanidoacetic acid,REFMET:Guanidoacetic acid,COMMD3|prot-pr,human:prot-pr:Q9UBI1,-0.9017,muscle,6,negative,"correlation |r|>=0.9, top 10 per metabolite (no significance test)",P1;D3;D8
Hydroxytetradecanoic acid,REFMET:Hydroxytetradecanoic acid,H4C9|prot-pr,human:prot-pr:P62805,-0.9017,muscle,6,negative,"correlation |r|>=0.9, top 10 per metabolite (no significance test)",P1;D3;D8
CAR 18:1;OH,REFMET:CAR 18:1;OH,TXNDC17|prot-pr,human:prot-pr:Q9BRA2,0.9017,muscle,6,positive,"correlation |r|>=0.9, top 10 per metabolite (no significance test)",P1;D3;D8
TG 46:2,REFMET:TG 46:2,SLC25A46|prot-pr,human:prot-pr:Q96AG3,-0.9017,muscle,6,negative,"correlation |r|>=0.9, top 10 per metabolite (no significance test)",P1;D3;D8
Valine,REFMET:Valine,NUDT12|prot-pr,human:prot-pr:Q9BQG2,0.9017,muscle,6,positive,"correlation |r|>=0.9, top 10 per metabolite (no significance test)",P1;D3;D8
Linoleic acid,REFMET:Linoleic acid,SLC15A4|prot-pr,human:prot-pr:Q8N697,-0.9017,muscle,6,negative,"correlation |r|>=0.9, top 10 per metabolite (no significance test)",P1;D3;D8
Choline phosphate,REFMET:Choline phosphate,ANKS1A|prot-pr,human:prot-pr:Q92625,-0.9017,muscle,6,negative,"correlation |r|>=0.9, top 10 per metabolite (no significance test)",P1;D3;D8
N-Acetylhistidine,REFMET:N-Acetylhistidine,BCAN|prot-ol,human:prot-ol:OID20998,0.9015,blood,10,positive,"correlation |r|>=0.9, top 10 per metabolite (no significance test)",P1;D3;D8
Aspartic acid,REFMET:Aspartic acid,SCARF2|prot-ol,human:prot-ol:OID21048,-0.9015,blood,10,negative,"correlation |r|>=0.9, top 10 per metabolite (no significance test)",P1;D3;D8
LPE 20:3,REFMET:LPE 20:3,CNOT10|prot-pr,human:prot-pr:Q9H9A5,-0.9015,muscle,6,negative,"correlation |r|>=0.9, top 10 per metabolite (no significance test)",P1;D3;D8
Inosine,REFMET:Inosine,UBTF|prot-pr,human:prot-pr:P17480,0.9015,muscle,6,positive,"correlation |r|>=0.9, top 10 per metabolite (no significance test)",P1;D3;D8
CAR 20:0,REFMET:CAR 20:0,FBXO6|prot-pr,human:prot-pr:Q9NRD1,0.9014,muscle,6,positive,"correlation |r|>=0.9, top 10 per metabolite (no significance test)",P1;D3;D8
SM 18:1;O2/19:0,REFMET:SM 18:1;O2/19:0,NUTF2|prot-pr,human:prot-pr:P61970,-0.9014,muscle,6,negative,"correlation |r|>=0.9, top 10 per metabolite (no significance test)",P1;D3;D8
SM 18:1;O2/20:0,REFMET:SM 18:1;O2/20:0,IGFBP5|prot-pr,human:prot-pr:P24593,-0.9014,muscle,6,negative,"correlation |r|>=0.9, top 10 per metabolite (no significance test)",P1;D3;D8
CAR 7:0,REFMET:CAR 7:0,H3-3A|prot-pr,human:prot-pr:P84243,-0.9014,muscle,6,negative,"correlation |r|>=0.9, top 10 per metabolite (no significance test)",P1;D3;D8
Hydroxycaprylic acid,REFMET:Hydroxycaprylic acid,HLA-G|prot-pr,human:prot-pr:P17693,-0.9014,muscle,6,negative,"correlation |r|>=0.9, top 10 per metabolite (no significance test)",P1;D3;D8
NADP,REFMET:NADP,DNAJC7|prot-pr,human:prot-pr:Q99615,0.9014,muscle,6,positive,"correlation |r|>=0.9, top 10 per metabolite (no significance test)",P1;D3;D8
SM 30:1;O2,REFMET:SM 30:1;O2,NPTXR|prot-ol,human:prot-ol:OID20191,-0.9013,blood,10,negative,"correlation |r|>=0.9, top 10 per metabolite (no significance test)",P1;D3;D8
Oxaloacetic acid,REFMET:Oxaloacetic acid,GZMB|prot-ol,human:prot-ol:OID20604,-0.9013,blood,10,negative,"correlation |r|>=0.9, top 10 per metabolite (no significance test)",P1;D3;D8
Hydroxytetradecanoic acid,REFMET:Hydroxytetradecanoic acid,HLA-G|prot-pr,human:prot-pr:P17693,-0.9013,muscle,6,negative,"correlation |r|>=0.9, top 10 per metabolite (no significance test)",P1;D3;D8
Citric acid,REFMET:Citric acid,GDE1|prot-pr,human:prot-pr:Q9NZC3,0.9013,muscle,6,positive,"correlation |r|>=0.9, top 10 per metabolite (no significance test)",P1;D3;D8
Carnitine,REFMET:Carnitine,VGLL2|prot-pr,human:prot-pr:Q8N8G2,0.9013,muscle,6,positive,"correlation |r|>=0.9, top 10 per metabolite (no significance test)",P1;D3;D8
Inosine,REFMET:Inosine,GHRL|prot-ol,human:prot-ol:OID20175,-0.9012,blood,10,negative,"correlation |r|>=0.9, top 10 per metabolite (no significance test)",P1;D3;D8
FAD,REFMET:FAD,PDK4|prot-pr,human:prot-pr:Q16654,0.9012,muscle,6,positive,"correlation |r|>=0.9, top 10 per metabolite (no significance test)",P1;D3;D8
dUMP,REFMET:dUMP,MTA1|prot-pr,human:prot-pr:Q13330,-0.9012,muscle,6,negative,"correlation |r|>=0.9, top 10 per metabolite (no significance test)",P1;D3;D8
Cortisol,REFMET:Cortisol,MACROH2A1|prot-pr,human:prot-pr:O75367,0.9012,muscle,6,positive,"correlation |r|>=0.9, top 10 per metabolite (no significance test)",P1;D3;D8
Indole-4-carboxaldehyde,REFMET:Indole-4-carboxaldehyde,NOL3|prot-pr,human:prot-pr:O60936,0.9012,muscle,6,positive,"correlation |r|>=0.9, top 10 per metabolite (no significance test)",P1;D3;D8
Isocitric acid,REFMET:Isocitric acid,UBQLN2|prot-pr,human:prot-pr:Q9UHD9,0.9011,muscle,6,positive,"correlation |r|>=0.9, top 10 per metabolite (no significance test)",P1;D3;D8
LPE 18:1,REFMET:LPE 18:1,DDA1|prot-pr,human:prot-pr:Q9BW61,-0.9011,muscle,6,negative,"correlation |r|>=0.9, top 10 per metabolite (no significance test)",P1;D3;D8
Sphinganine,REFMET:Sphinganine,H3-2|prot-pr,human:prot-pr:Q5TEC6,0.9011,muscle,6,positive,"correlation |r|>=0.9, top 10 per metabolite (no significance test)",P1;D3;D8
Threonine,REFMET:Threonine,DAB2|prot-pr,human:prot-pr:P98082,0.9011,muscle,6,positive,"correlation |r|>=0.9, top 10 per metabolite (no significance test)",P1;D3;D8
Asparagine,REFMET:Asparagine,RAD50|prot-pr,human:prot-pr:Q92878,0.9011,muscle,6,positive,"correlation |r|>=0.9, top 10 per metabolite (no significance test)",P1;D3;D8
SM 33:2;O2,REFMET:SM 33:2;O2,EBI3|prot-ol,human:prot-ol:OID21389,0.901,blood,10,positive,"correlation |r|>=0.9, top 10 per metabolite (no significance test)",P1;D3;D8
Asparagine,REFMET:Asparagine,MATN3|prot-ol,human:prot-ol:OID20979,-0.901,blood,10,negative,"correlation |r|>=0.9, top 10 per metabolite (no significance test)",P1;D3;D8
SM 18:1;O2/14:1,REFMET:SM 18:1;O2/14:1,AP5M1|prot-pr,human:prot-pr:Q9H0R1,-0.901,muscle,6,negative,"correlation |r|>=0.9, top 10 per metabolite (no significance test)",P1;D3;D8
N-Acetylisoputreanine,REFMET:N-Acetylisoputreanine,DDX3Y|prot-pr,human:prot-pr:O15523,0.901,muscle,6,positive,"correlation |r|>=0.9, top 10 per metabolite (no significance test)",P1;D3;D8
Pyridoxamine,REFMET:Pyridoxamine,RANBP9|prot-pr,human:prot-pr:Q96S59,-0.901,muscle,6,negative,"correlation |r|>=0.9, top 10 per metabolite (no significance test)",P1;D3;D8
PC 18:1_18:2,REFMET:PC 18:1_18:2,LANCL2|prot-pr,human:prot-pr:Q9NS86,0.9009,muscle,6,positive,"correlation |r|>=0.9, top 10 per metabolite (no significance test)",P1;D3;D8
Phosphoserine,REFMET:Phosphoserine,FOLR2|prot-ol,human:prot-ol:OID21062,-0.9009,blood,10,negative,"correlation |r|>=0.9, top 10 per metabolite (no significance test)",P1;D3;D8
Pregnenolone sulfate,REFMET:Pregnenolone sulfate,RGMA|prot-ol,human:prot-ol:OID21065,0.9009,blood,10,positive,"correlation |r|>=0.9, top 10 per metabolite (no significance test)",P1;D3;D8
N-Methyl-proline,REFMET:N-Methyl-proline,ANAPC7|prot-pr,human:prot-pr:Q9UJX3,0.9008,muscle,6,positive,"correlation |r|>=0.9, top 10 per metabolite (no significance test)",P1;D3;D8
dUMP,REFMET:dUMP,COL6A1|prot-pr,human:prot-pr:P12109,0.9008,muscle,6,positive,"correlation |r|>=0.9, top 10 per metabolite (no significance test)",P1;D3;D8
NA-Gly 14:0,REFMET:NA-Gly 14:0,KLK14|prot-ol,human:prot-ol:OID21407,-0.9008,blood,10,negative,"correlation |r|>=0.9, top 10 per metabolite (no significance test)",P1;D3;D8
Cer 18:1;O2/24:2,REFMET:Cer 18:1;O2/24:2,DST|prot-pr,human:prot-pr:Q03001,0.9008,muscle,6,positive,"correlation |r|>=0.9, top 10 per metabolite (no significance test)",P1;D3;D8
Fumaric acid,REFMET:Fumaric acid,FBXO32|prot-pr,human:prot-pr:Q969P5,0.9008,muscle,6,positive,"correlation |r|>=0.9, top 10 per metabolite (no significance test)",P1;D3;D8
CAR 5:0;OH,REFMET:CAR 5:0;OH,PUM3|prot-pr,human:prot-pr:Q15397,0.9008,muscle,6,positive,"correlation |r|>=0.9, top 10 per metabolite (no significance test)",P1;D3;D8
NADP,REFMET:NADP,NPLOC4|prot-pr,human:prot-pr:Q8TAT6,0.9008,muscle,6,positive,"correlation |r|>=0.9, top 10 per metabolite (no significance test)",P1;D3;D8
DG 18:1_22:6,REFMET:DG 18:1_22:6,ANGPT2|prot-ol,human:prot-ol:OID21463,0.9007,blood,10,positive,"correlation |r|>=0.9, top 10 per metabolite (no significance test)",P1;D3;D8
Trigonelline,REFMET:Trigonelline,HLA-G|prot-pr,human:prot-pr:P17693,0.9006,muscle,6,positive,"correlation |r|>=0.9, top 10 per metabolite (no significance test)",P1;D3;D8
PC 18:1/18:1,REFMET:PC 18:1/18:1,UBQLN4|prot-pr,human:prot-pr:Q9NRR5,0.9006,muscle,6,positive,"correlation |r|>=0.9, top 10 per metabolite (no significance test)",P1;D3;D8
Eicosenoic acid,REFMET:Eicosenoic acid,IRF2BPL|prot-pr,human:prot-pr:Q9H1B7,-0.9006,muscle,6,negative,"correlation |r|>=0.9, top 10 per metabolite (no significance test)",P1;D3;D8
Glutaric acid,REFMET:Glutaric acid,NFIX|prot-pr,human:prot-pr:Q14938-3,0.9006,muscle,6,positive,"correlation |r|>=0.9, top 10 per metabolite (no significance test)",P1;D3;D8
Uric acid,REFMET:Uric acid,COPS8|prot-pr,human:prot-pr:Q99627,-0.9006,muscle,6,negative,"correlation |r|>=0.9, top 10 per metabolite (no significance test)",P1;D3;D8
5alpha-Androstane-3alpha-ol-17-one sulfate,REFMET:5alpha-Androstane-3alpha-ol-17-one sulfate,SETMAR|prot-ol,human:prot-ol:OID20948,0.9005,blood,10,positive,"correlation |r|>=0.9, top 10 per metabolite (no significance test)",P1;D3;D8
2-Aminobutyric acid,REFMET:2-Aminobutyric acid,SEC63|prot-pr,human:prot-pr:Q9UGP8,-0.9005,muscle,6,negative,"correlation |r|>=0.9, top 10 per metabolite (no significance test)",P1;D3;D8
CAR 3:0,REFMET:CAR 3:0,SCARF2|prot-ol,human:prot-ol:OID21048,0.9005,blood,10,positive,"correlation |r|>=0.9, top 10 per metabolite (no significance test)",P1;D3;D8
Ornithine,REFMET:Ornithine,NADK|prot-ol,human:prot-ol:OID20178,-0.9004,blood,10,negative,"correlation |r|>=0.9, top 10 per metabolite (no significance test)",P1;D3;D8
Cer 18:1;O2/4:0,REFMET:Cer 18:1;O2/4:0,CLC|prot-pr,human:prot-pr:Q05315,-0.9004,muscle,6,negative,"correlation |r|>=0.9, top 10 per metabolite (no significance test)",P1;D3;D8
PC 33:1,REFMET:PC 33:1,STYXL2|prot-pr,human:prot-pr:Q5VZP5,0.9003,muscle,6,positive,"correlation |r|>=0.9, top 10 per metabolite (no significance test)",P1;D3;D8
Pantothenic acid,REFMET:Pantothenic acid,BCAN|prot-ol,human:prot-ol:OID20998,-0.9003,blood,10,negative,"correlation |r|>=0.9, top 10 per metabolite (no significance test)",P1;D3;D8
ATP,REFMET:ATP,TXNDC17|prot-pr,human:prot-pr:Q9BRA2,0.9002,muscle,6,positive,"correlation |r|>=0.9, top 10 per metabolite (no significance test)",P1;D3;D8
PC O-42:2,REFMET:PC O-42:2,GZMB|prot-ol,human:prot-ol:OID20604,0.9002,blood,10,positive,"correlation |r|>=0.9, top 10 per metabolite (no significance test)",P1;D3;D8
Alanine,REFMET:Alanine,ILRUN|prot-pr,human:prot-pr:Q9H6K1,0.9002,muscle,6,positive,"correlation |r|>=0.9, top 10 per metabolite (no significance test)",P1;D3;D8
Phosphoethanolamine,REFMET:Phosphoethanolamine,PPOX|prot-pr,human:prot-pr:P50336,0.9001,muscle,6,positive,"correlation |r|>=0.9, top 10 per metabolite (no significance test)",P1;D3;D8
CAR 16:1,REFMET:CAR 16:1,COPS3|prot-pr,human:prot-pr:Q9UNS2,0.9,muscle,6,positive,"correlation |r|>=0.9, top 10 per metabolite (no significance test)",P1;D3;D8
Sphinganine,REFMET:Sphinganine,SREK1IP1|prot-pr,human:prot-pr:Q8N9Q2,0.9,muscle,6,positive,"correlation |r|>=0.9, top 10 per metabolite (no significance test)",P1;D3;D8
N-Acetylarginine,REFMET:N-Acetylarginine,GOSR1|prot-pr,human:prot-pr:O95249,-0.9,muscle,6,negative,"correlation |r|>=0.9, top 10 per metabolite (no significance test)",P1;D3;D8
