row,metabolite_id,refmet_name,platform,shared_with_other_species,n_cells,best_adj_p
Tryptophan,REFMET:Tryptophan,Tryptophan,meta-reg,True,19,0.0
Uric acid,REFMET:Uric acid,Uric acid,meta-reg,True,24,0.0
beta-Alanine,REFMET:beta-Alanine,beta-Alanine,metab-u-hilicpos,True,26,0.0
PE(O-16:1/16:0),REFMET:PE(O-16:1/16:0),PE(O-16:1/16:0),meta-reg,True,7,0.0
CAR(8:0),REFMET:CAR(8:0),CAR(8:0),meta-reg,True,47,0.0
CAR(14:1),REFMET:CAR(14:1),CAR(14:1),metab-u-hilicpos,True,33,0.0
Threonine,REFMET:Threonine,Threonine,metab-u-hilicpos,True,7,0.0
SM(d36:1),REFMET:SM(d36:1),SM(d36:1),metab-u-rppos,True,10,0.0
Kynurenic acid,REFMET:Kynurenic acid,Kynurenic acid,meta-reg,True,15,0.0
Glucose,REFMET:Glucose,Glucose,meta-reg,True,6,0.0
Alanine,REFMET:Alanine,Alanine,meta-reg,True,16,0.0
Asparagine,REFMET:Asparagine,Asparagine,meta-reg,True,5,0.0
Aspartic acid,REFMET:Aspartic acid,Aspartic acid,meta-reg,True,25,0.0
Succinic acid,REFMET:Succinic acid,Succinic acid,metab-t-tca,True,20,0.0
Leucine,REFMET:Leucine,Leucine,meta-reg,True,8,0.0
Cortisol,REFMET:Cortisol,Cortisol,meta-reg,True,5,0.0
Glycine,REFMET:Glycine,Glycine,meta-reg,True,11,0.0
GMP,REFMET:GMP,GMP,metab-u-ionpneg,True,15,0.0
Proline,REFMET:Proline,Proline,meta-reg,True,7,0.0
Glutamine,REFMET:Glutamine,Glutamine,metab-u-hilicpos,True,7,0.0
Isoleucine,REFMET:Isoleucine,Isoleucine,meta-reg,True,6,0.0
SM(d34:1),REFMET:SM(d34:1),SM(d34:1),meta-reg,True,17,0.0
Hypoxanthine,REFMET:Hypoxanthine,Hypoxanthine,meta-reg,True,16,0.0
LPC(20:4),REFMET:LPC(20:4),LPC(20:4),metab-u-rppos,True,15,1.16584500456581e-71
CAR(12:1),REFMET:CAR(12:1),CAR(12:1),meta-reg,True,28,1.77919484122218e-60
NAD+,REFMET:NAD+,NAD+,metab-u-ionpneg,True,17,2.53613441536142e-43
Oxoglutaric acid,REFMET:Oxoglutaric acid,Oxoglutaric acid,metab-t-tca,True,28,5.85681667275652e-38
Lysine,REFMET:Lysine,Lysine,metab-u-hilicpos,True,23,8.158028331775879e-33
CAR(4:0),REFMET:CAR(4:0),CAR(4:0),meta-reg,True,26,4.77936843345511e-31
CAR(4:0(OH)),REFMET:CAR(4:0(OH)),CAR(4:0(OH)),metab-u-hilicpos,True,29,8.280899997175469e-26
PC(36:2),REFMET:PC(36:2),PC(36:2),metab-u-hilicpos,True,34,2.4899053150108105e-23
Fumaric acid,REFMET:Fumaric acid,Fumaric acid,meta-reg,True,3,4.13937773851936e-22
Phosphoethanolamine,REFMET:Phosphoethanolamine,Phosphoethanolamine,meta-reg,True,18,1.88159909932717e-21
Sphingosine 1-phosphate,REFMET:Sphingosine 1-phosphate,Sphingosine 1-phosphate,meta-reg,True,12,7.77888211887306e-21
LPC(16:1),REFMET:LPC(16:1),LPC(16:1),metab-u-hilicpos,True,36,8.28275811130993e-21
1-Methylhistidine,REFMET:1-Methylhistidine,1-Methylhistidine,metab-t-amines,True,11,1.6675352650281301e-19
N-Methyl-proline,REFMET:N-Methyl-proline,N-Methyl-proline,metab-u-hilicpos,True,27,2.5287696241094305e-17
Eicosanoyl-EA,REFMET:Eicosanoyl-EA,Eicosanoyl-EA,meta-reg,True,6,5.61339642058566e-17
Cytidine,REFMET:Cytidine,Cytidine,metab-u-hilicpos,True,31,4.87582522842618e-16
Glutamic acid,REFMET:Glutamic acid,Glutamic acid,meta-reg,True,29,1.6106574051244202e-15
CAR(18:1(OH)),REFMET:CAR(18:1(OH)),CAR(18:1(OH)),meta-reg,True,24,4.500227951347781e-15
Aminoadipic acid,REFMET:Aminoadipic acid,Aminoadipic acid,metab-t-amines,True,17,1.09079514706472e-14
Guanosine,REFMET:Guanosine,Guanosine,metab-u-hilicpos,True,29,2.6818801987154502e-14
Xanthosine,REFMET:Xanthosine,Xanthosine,metab-u-hilicpos,True,39,2.90034521090814e-14
Inosine,REFMET:Inosine,Inosine,meta-reg,True,21,9.53740774424506e-13
Ectoine,REFMET:Ectoine,Ectoine,metab-u-hilicpos,True,27,3.50667149549578e-11
PG(18:0_22:6)_ln_d,REFMET:PG(18:0_22:6)_ln_d,PG(18:0_22:6)_ln_d,metab-u-lrpneg,True,8,5.30454466008786e-11
LPC(18:1),REFMET:LPC(18:1),LPC(18:1),metab-u-hilicpos,True,19,8.449560539346429e-11
Cotinine N-oxide,REFMET:Cotinine N-oxide,Cotinine N-oxide,metab-u-hilicpos,True,20,1.20512015856767e-10
S-Allylcysteine,REFMET:S-Allylcysteine,S-Allylcysteine,meta-reg,True,22,1.62411382579827e-10
Glycocholic acid,REFMET:Glycocholic acid,Glycocholic acid,meta-reg,True,31,2.46919102047301e-10
3-Methylhistidine,REFMET:3-Methylhistidine,3-Methylhistidine,metab-u-hilicpos,True,26,6.55741443543769e-10
CAR(18:0),REFMET:CAR(18:0),CAR(18:0),metab-u-hilicpos,True,28,7.76553125622172e-10
Isocitric acid,REFMET:Isocitric acid,Isocitric acid,metab-t-tca,True,18,7.76553125622172e-10
Taurine,REFMET:Taurine,Taurine,meta-reg,True,10,1.16265075747655e-09
Sarcosine,REFMET:Sarcosine,Sarcosine,metab-t-amines,True,19,3.59268615903528e-09
CAR(10:0),REFMET:CAR(10:0),CAR(10:0),meta-reg,True,32,4.11604275694432e-09
CAR(12:0),REFMET:CAR(12:0),CAR(12:0),meta-reg,True,30,8.71369420532395e-09
CAR(6:0),REFMET:CAR(6:0),CAR(6:0),meta-reg,True,23,9.44339747384942e-09
Hippuric acid,REFMET:Hippuric acid,Hippuric acid,meta-reg,True,38,1.21085272617031e-08
PC(O-32:0),REFMET:PC(O-32:0),PC(O-32:0),meta-reg,True,2,1.23282031036533e-08
LPC(14:0),REFMET:LPC(14:0),LPC(14:0),metab-u-hilicpos,True,38,2.25988423828416e-08
Malic acid,REFMET:Malic acid,Malic acid,meta-reg,True,20,2.30563135111944e-08
PC(32:2),REFMET:PC(32:2),PC(32:2),meta-reg,True,40,2.43879626242439e-08
UTP,REFMET:UTP,UTP,metab-u-ionpneg,True,10,2.89514490018263e-08
CAR(16:3),REFMET:CAR(16:3),CAR(16:3),metab-u-rppos,True,13,2.9477822479231e-08
SM(d36:2),REFMET:SM(d36:2),SM(d36:2),metab-u-rppos,True,11,3.26536110162593e-08
CAR(5:1),REFMET:CAR(5:1),CAR(5:1),metab-u-hilicpos,True,19,3.3407225838522e-08
CAR(14:0),REFMET:CAR(14:0),CAR(14:0),meta-reg,True,25,3.71285660453635e-08
PE(O-18:1/22:6)_lp_f,REFMET:PE(O-18:1/22:6)_lp_f,PE(O-18:1/22:6)_lp_f,metab-u-lrppos,True,5,3.97546778210627e-08
PC(35:1)_lp_a,REFMET:PC(35:1)_lp_a,PC(35:1)_lp_a,metab-u-lrppos,True,4,5.13974440486176e-08
SM(d35:1),REFMET:SM(d35:1),SM(d35:1),meta-reg,True,11,5.2167320659177e-08
PE(19:0_22:6)_ln_b,REFMET:PE(19:0_22:6)_ln_b,PE(19:0_22:6)_ln_b,metab-u-lrpneg,True,6,5.88838898589219e-08
CAR(8:1),REFMET:CAR(8:1),CAR(8:1),metab-u-rppos,True,20,6.19851684261168e-08
CAR(18:2),REFMET:CAR(18:2),CAR(18:2),metab-u-hilicpos,True,18,7.18330842202299e-08
PC(34:4),REFMET:PC(34:4),PC(34:4),metab-u-rppos,True,16,7.215863068319e-08
CAR(20:0),REFMET:CAR(20:0),CAR(20:0),metab-u-hilicpos,True,27,7.215863068319e-08
CAR(16:0),REFMET:CAR(16:0),CAR(16:0),metab-u-hilicpos,True,20,8.52134411374721e-08
PC(18:0_20:3)_ln_c,REFMET:PC(18:0_20:3)_ln_c,PC(18:0_20:3)_ln_c,metab-u-lrpneg,True,21,1.35690973983517e-07
1-Methyl nicotinamide,REFMET:1-Methyl nicotinamide,1-Methyl nicotinamide,metab-u-hilicpos,True,32,1.37740772058782e-07
PC(28:0),REFMET:PC(28:0),PC(28:0),metab-u-rppos,True,10,1.48240725197044e-07
Niacinamide,REFMET:Niacinamide,Niacinamide,metab-u-hilicpos,True,23,1.49275218435423e-07
PE(O-16:1/22:5)_ln_c,REFMET:PE(O-16:1/22:5)_ln_c,PE(O-16:1/22:5)_ln_c,metab-u-lrpneg,True,13,1.58346485989139e-07
PS(18:0_22:5)_ln_e,REFMET:PS(18:0_22:5)_ln_e,PS(18:0_22:5)_ln_e,metab-u-lrpneg,True,11,1.62069114963902e-07
CAR(5:0),REFMET:CAR(5:0),CAR(5:0),meta-reg,True,21,1.85493019820532e-07
Valine,REFMET:Valine,Valine,meta-reg,True,8,2.55597157888286e-07
N-Acetylphenylalanine,REFMET:N-Acetylphenylalanine,N-Acetylphenylalanine,meta-reg,True,15,2.55597157888286e-07
CL(72:8),REFMET:CL(72:8),CL(72:8),metab-u-lrpneg,True,6,2.60038583326496e-07
Choline,REFMET:Choline,Choline,meta-reg,True,27,2.77684832342958e-07
CAR(2:0),REFMET:CAR(2:0),CAR(2:0),meta-reg,True,23,3.33016890182255e-07
PC(16:0_20:5)_ln_c,REFMET:PC(16:0_20:5)_ln_c,PC(16:0_20:5)_ln_c,metab-u-lrpneg,True,20,3.84149626824148e-07
PE(36:5)_lp_c,REFMET:PE(36:5)_lp_c,PE(36:5)_lp_c,metab-u-lrppos,True,10,4.11374020047657e-07
Adenosine,REFMET:Adenosine,Adenosine,meta-reg,True,26,4.79297889474852e-07
2-Hydroxyglutaric acid,REFMET:2-Hydroxyglutaric acid,2-Hydroxyglutaric acid,metab-t-tca,True,7,4.9125247660443e-07
Histidine,REFMET:Histidine,Histidine,metab-u-hilicpos,True,31,6.25150530362054e-07
PE(16:0_20:5)_ln_c,REFMET:PE(16:0_20:5)_ln_c,PE(16:0_20:5)_ln_c,metab-u-lrpneg,True,5,6.3450247878041e-07
Hyodeoxycholic acid,REFMET:Hyodeoxycholic acid,Hyodeoxycholic acid,metab-u-rpneg,True,24,6.3980190009743e-07
Taurodeoxycholic acid,REFMET:Taurodeoxycholic acid,Taurodeoxycholic acid,metab-u-rpneg,True,7,6.74315033982225e-07
PC(30:0),REFMET:PC(30:0),PC(30:0),metab-u-hilicpos,True,14,7.15527367613587e-07
Cadaverine,REFMET:Cadaverine,Cadaverine,metab-u-hilicpos,True,16,7.36146591549679e-07
PC(33:1)_lp_a,REFMET:PC(33:1)_lp_a,PC(33:1)_lp_a,metab-u-lrppos,True,10,7.67468982469735e-07
PE(O-20:1/22:6)_ln_c,REFMET:PE(O-20:1/22:6)_ln_c,PE(O-20:1/22:6)_ln_c,metab-u-lrpneg,True,8,7.67468982469735e-07
TG(58:7)_lp_c,REFMET:TG(58:7)_lp_c,TG(58:7)_lp_c,metab-u-lrppos,True,5,8.1930927100428e-07
PE(40:5)_lp_d,REFMET:PE(40:5)_lp_d,PE(40:5)_lp_d,metab-u-lrppos,True,19,9.20499380917025e-07
sn-Glycero-3-phosphocholine,REFMET:sn-Glycero-3-phosphocholine,sn-Glycero-3-phosphocholine,metab-u-hilicpos,True,34,9.42852001282477e-07
TG(58:7)_lp_e,REFMET:TG(58:7)_lp_e,TG(58:7)_lp_e,metab-u-lrppos,True,4,9.80794599775264e-07
CAR(14:2),REFMET:CAR(14:2),CAR(14:2),meta-reg,True,19,1.0065358896064e-06
Ursodeoxycholic acid,REFMET:Ursodeoxycholic acid,Ursodeoxycholic acid,metab-u-rpneg,True,31,1.13171038103093e-06
5-Methylcytosine,REFMET:5-Methylcytosine,5-Methylcytosine,metab-u-hilicpos,True,56,1.36201140698123e-06
PC(18:0_22:4)_ln_b,REFMET:PC(18:0_22:4)_ln_b,PC(18:0_22:4)_ln_b,metab-u-lrpneg,True,7,1.43245022014318e-06
SM(d32:1),REFMET:SM(d32:1),SM(d32:1),meta-reg,True,15,1.43559291277807e-06
Carnitine,REFMET:Carnitine,Carnitine,meta-reg,True,25,1.48001723082267e-06
PC(18:0_22:5)_ln_d,REFMET:PC(18:0_22:5)_ln_d,PC(18:0_22:5)_ln_d,metab-u-lrpneg,True,14,1.51403887612163e-06
Creatine,REFMET:Creatine,Creatine,metab-u-hilicpos,True,15,1.53390255337206e-06
PC(18:2/18:2)_ln_b,REFMET:PC(18:2/18:2)_ln_b,PC(18:2/18:2)_ln_b,metab-u-lrpneg,True,24,1.88344867811072e-06
PE(17:0_22:6)_ln_b,REFMET:PE(17:0_22:6)_ln_b,PE(17:0_22:6)_ln_b,metab-u-lrpneg,True,25,1.92435902374647e-06
PE(36:0),REFMET:PE(36:0),PE(36:0),metab-u-lrpneg,True,6,1.94408744542997e-06
TG(58:6)_lp_c,REFMET:TG(58:6)_lp_c,TG(58:6)_lp_c,metab-u-lrppos,True,5,2.20860323232167e-06
PE(18:0_22:5)_ln_d,REFMET:PE(18:0_22:5)_ln_d,PE(18:0_22:5)_ln_d,metab-u-lrpneg,True,28,2.22282333736958e-06
Ala-Ala,REFMET:Ala-Ala,Ala-Ala,metab-u-hilicpos,True,34,2.27231464957684e-06
PC(34:1)_lp_b,REFMET:PC(34:1)_lp_b,PC(34:1)_lp_b,metab-u-lrppos,True,10,2.32124522500984e-06
TG(58:8)_lp_f,REFMET:TG(58:8)_lp_f,TG(58:8)_lp_f,metab-u-lrppos,True,3,2.32124522500984e-06
Octadecadienoic acid,REFMET:Octadecadienoic acid,Octadecadienoic acid,meta-reg,True,6,2.44983436257497e-06
Citrulline,REFMET:Citrulline,Citrulline,metab-u-hilicpos,True,20,2.49471235137131e-06
PC(17:0_22:6)_ln_c,REFMET:PC(17:0_22:6)_ln_c,PC(17:0_22:6)_ln_c,metab-u-lrpneg,True,8,2.49646030381194e-06
PE(O-40:7)_ln_i,REFMET:PE(O-40:7)_ln_i,PE(O-40:7)_ln_i,metab-u-lrpneg,True,8,2.49646030381194e-06
IMP,REFMET:IMP,IMP,metab-u-ionpneg,True,4,2.9842627119469e-06
PE(O-39:7)_ln_a,REFMET:PE(O-39:7)_ln_a,PE(O-39:7)_ln_a,metab-u-lrpneg,True,8,3.12058490779704e-06
PC(36:5)_lp_c,REFMET:PC(36:5)_lp_c,PC(36:5)_lp_c,metab-u-lrppos,True,25,3.17103476261054e-06
PC(32:2)_lp_a,REFMET:PC(32:2)_lp_a,PC(32:2)_lp_a,metab-u-lrppos,True,19,3.21421083332236e-06
PC(32:1)_lp_a,REFMET:PC(32:1)_lp_a,PC(32:1)_lp_a,metab-u-lrppos,True,20,3.26557104666126e-06
CAR(18:1),REFMET:CAR(18:1),CAR(18:1),metab-u-hilicpos,True,18,3.50321913698027e-06
TG(58:5)_lp_b,REFMET:TG(58:5)_lp_b,TG(58:5)_lp_b,metab-u-lrppos,True,4,3.50321913698027e-06
Decadienoyl-CoA,REFMET:Decadienoyl-CoA,Decadienoyl-CoA,metab-t-acoa,True,10,3.50321913698027e-06
PC(36:3)_lp_e,REFMET:PC(36:3)_lp_e,PC(36:3)_lp_e,metab-u-lrppos,True,5,3.64656249361212e-06
Sphinganine,REFMET:Sphinganine,Sphinganine,meta-reg,True,24,3.88781147737816e-06
TG(56:4)_lp_c,REFMET:TG(56:4)_lp_c,TG(56:4)_lp_c,metab-u-lrppos,True,4,3.99890203530075e-06
5-Methylcytidine,REFMET:5-Methylcytidine,5-Methylcytidine,metab-u-hilicpos,True,12,4.00937948339682e-06
"N(6),N(6)-Dimethyl-lysine","REFMET:N(6),N(6)-Dimethyl-lysine","N(6),N(6)-Dimethyl-lysine",metab-u-hilicpos,True,37,4.032554811126e-06
Pro-Gly,REFMET:Pro-Gly,Pro-Gly,metab-u-hilicpos,True,40,4.05177646955389e-06
PG(40:8)_ln_a,REFMET:PG(40:8)_ln_a,PG(40:8)_ln_a,metab-u-lrpneg,True,8,4.19747954048882e-06
LPC(17:1/0:0)_lp_b,REFMET:LPC(17:1/0:0)_lp_b,LPC(17:1/0:0)_lp_b,metab-u-lrppos,True,6,4.37215839631717e-06
Taurochenodeoxycholic acid,REFMET:Taurochenodeoxycholic acid,Taurochenodeoxycholic acid,metab-u-rpneg,True,13,4.39998790757242e-06
2-Acetylpyrrolidine,REFMET:2-Acetylpyrrolidine,2-Acetylpyrrolidine,metab-u-rppos,True,10,4.39998790757242e-06
PC(38:6)_ln_b,REFMET:PC(38:6)_ln_b,PC(38:6)_ln_b,metab-u-lrpneg,True,18,4.50116326237549e-06
LPC(18:1/0:0)_ln_b,REFMET:LPC(18:1/0:0)_ln_b,LPC(18:1/0:0)_ln_b,metab-u-lrpneg,True,6,4.50116326237549e-06
PC(38:3)_lp_c,REFMET:PC(38:3)_lp_c,PC(38:3)_lp_c,metab-u-lrppos,True,10,4.91213248676505e-06
S-Methylcysteine S-oxide,REFMET:S-Methylcysteine S-oxide,S-Methylcysteine S-oxide,metab-u-hilicpos,True,13,4.91213248676505e-06
gamma-Glutamylleucine,REFMET:gamma-Glutamylleucine,gamma-Glutamylleucine,meta-reg,True,8,5.08701445842207e-06
PG(18:1_20:4)_ln_b,REFMET:PG(18:1_20:4)_ln_b,PG(18:1_20:4)_ln_b,metab-u-lrpneg,True,5,5.20571352554214e-06
N-Acetylornithine,REFMET:N-Acetylornithine,N-Acetylornithine,metab-u-hilicpos,True,23,5.30307271743315e-06
PG(18:0_20:4)_ln_c,REFMET:PG(18:0_20:4)_ln_c,PG(18:0_20:4)_ln_c,metab-u-lrpneg,True,3,5.32767738724069e-06
Sphingosine,REFMET:Sphingosine,Sphingosine,metab-u-hilicpos,True,18,5.38589552518532e-06
PE(19:0_20:4)_ln_b,REFMET:PE(19:0_20:4)_ln_b,PE(19:0_20:4)_ln_b,metab-u-lrpneg,True,4,5.75565605882939e-06
TG(58:10)_lp_c,REFMET:TG(58:10)_lp_c,TG(58:10)_lp_c,metab-u-lrppos,True,9,7.21985896971063e-06
TG(53:6)_lp_b,REFMET:TG(53:6)_lp_b,TG(53:6)_lp_b,metab-u-lrppos,True,17,7.21985896971063e-06
CAR(10:0(OH)),REFMET:CAR(10:0(OH)),CAR(10:0(OH)),meta-reg,True,7,7.66633519044937e-06
PC(35:3)_lp_a,REFMET:PC(35:3)_lp_a,PC(35:3)_lp_a,metab-u-lrppos,True,12,7.97946749537083e-06
SM(d40:2)_ln_a,REFMET:SM(d40:2)_ln_a,SM(d40:2)_ln_a,metab-u-lrpneg,True,25,8.38103957618194e-06
cis-Aconitic acid,REFMET:cis-Aconitic acid,cis-Aconitic acid,meta-reg,True,14,9.22701935820011e-06
PS(P-36:1)/PS(O-36:2),REFMET:PS(P-36:1)/PS(O-36:2),PS(P-36:1)/PS(O-36:2),metab-u-hilicpos,True,21,9.50942051651472e-06
Pantothenic acid,REFMET:Pantothenic acid,Pantothenic acid,meta-reg,True,30,9.57308743642854e-06
PE(O-18:1/22:5)_ln_e,REFMET:PE(O-18:1/22:5)_ln_e,PE(O-18:1/22:5)_ln_e,metab-u-lrppos,True,13,9.95201275884518e-06
Serine,REFMET:Serine,Serine,metab-u-hilicpos,True,25,1.04282235514899e-05
Acetylcholine,REFMET:Acetylcholine,Acetylcholine,metab-u-hilicpos,True,12,1.08955867190438e-05
Guanine,REFMET:Guanine,Guanine,metab-u-rppos,True,14,1.09738993825007e-05
PE(O-18:0/22:4)_ln_c,REFMET:PE(O-18:0/22:4)_ln_c,PE(O-18:0/22:4)_ln_c,metab-u-lrpneg,True,4,1.13959400888359e-05
Xanthine,REFMET:Xanthine,Xanthine,metab-u-hilicpos,True,31,1.15238226282466e-05
Arginine,REFMET:Arginine,Arginine,meta-reg,True,12,1.24300457682543e-05
PC(16:0_22:5)_ln_e,REFMET:PC(16:0_22:5)_ln_e,PC(16:0_22:5)_ln_e,metab-u-lrpneg,True,3,1.24300457682543e-05
PS(18:0_22:6)_ln_b,REFMET:PS(18:0_22:6)_ln_b,PS(18:0_22:6)_ln_b,metab-u-lrpneg,True,8,1.24300457682543e-05
ADP,REFMET:ADP,ADP,meta-reg,True,4,1.31420144221183e-05
LPE(22:6),REFMET:LPE(22:6),LPE(22:6),metab-u-hilicpos,True,35,1.3731684248307e-05
TG(58:9)_lp_c,REFMET:TG(58:9)_lp_c,TG(58:9)_lp_c,metab-u-lrppos,True,6,1.42251432035995e-05
N6-Acetyllysine,REFMET:N6-Acetyllysine,N6-Acetyllysine,metab-u-hilicpos,True,35,1.43358050683233e-05
LPC(18:0),REFMET:LPC(18:0),LPC(18:0),metab-u-hilicpos,True,23,1.43358050683233e-05
Hypotaurine,REFMET:Hypotaurine,Hypotaurine,metab-u-hilicpos,True,31,1.4422082647203e-05
PE(38:5)_ln_f,REFMET:PE(38:5)_ln_f,PE(38:5)_ln_f,metab-u-lrpneg,True,22,1.46871952210012e-05
PC(36:5)_lp_d,REFMET:PC(36:5)_lp_d,PC(36:5)_lp_d,metab-u-lrppos,True,6,1.50807976684948e-05
Lactic acid,REFMET:Lactic acid,Lactic acid,meta-reg,True,9,1.56153194806298e-05
PE(18:2_22:5)_ln_a,REFMET:PE(18:2_22:5)_ln_a,PE(18:2_22:5)_ln_a,metab-u-lrpneg,True,9,1.68047658084498e-05
3-Methyl-2-oxovaleric acid,REFMET:3-Methyl-2-oxovaleric acid,3-Methyl-2-oxovaleric acid,metab-u-rpneg,True,12,1.69467033704483e-05
PE(16:0_18:2)_ln_b,REFMET:PE(16:0_18:2)_ln_b,PE(16:0_18:2)_ln_b,metab-u-lrpneg,True,9,1.91934179326528e-05
PC(O-36:5)_ln_e,REFMET:PC(O-36:5)_ln_e,PC(O-36:5)_ln_e,metab-u-lrpneg,True,10,1.96048822238295e-05
PE(O-40:8)_ln_b,REFMET:PE(O-40:8)_ln_b,PE(O-40:8)_ln_b,metab-u-lrpneg,True,4,1.96048822238295e-05
TG(16:0_18:2_20:4)_lp_e,REFMET:TG(16:0_18:2_20:4)_lp_e,TG(16:0_18:2_20:4)_lp_e,metab-u-lrppos,True,12,2.00975237283299e-05
Ser-Leu,REFMET:Ser-Leu,Ser-Leu,metab-u-rppos,True,3,2.12467192050341e-05
LPC(18:3)_lp_ab,REFMET:LPC(18:3)_lp_ab,LPC(18:3)_lp_ab,metab-u-lrppos,True,6,2.13226583419395e-05
PG(16:0_20:4)_ln_c,REFMET:PG(16:0_20:4)_ln_c,PG(16:0_20:4)_ln_c,metab-u-lrpneg,True,9,2.13226583419395e-05
PC(18:0_18:2)_ln_c,REFMET:PC(18:0_18:2)_ln_c,PC(18:0_18:2)_ln_c,metab-u-lrpneg,True,17,2.20638976546103e-05
PC(O-40:7)_lp_c,REFMET:PC(O-40:7)_lp_c,PC(O-40:7)_lp_c,metab-u-lrppos,True,18,2.22297602924076e-05
Phenylalanine,REFMET:Phenylalanine,Phenylalanine,meta-reg,True,7,2.23111449479456e-05
N-Acetylarginine,REFMET:N-Acetylarginine,N-Acetylarginine,metab-u-hilicpos,True,20,2.24549015410081e-05
PE(O-18:1/22:4)_ln_d,REFMET:PE(O-18:1/22:4)_ln_d,PE(O-18:1/22:4)_ln_d,metab-u-lrpneg,True,17,2.27452088980422e-05
TG(60:10)_lp_e,REFMET:TG(60:10)_lp_e,TG(60:10)_lp_e,metab-u-lrppos,True,3,2.30318693213981e-05
LPC(20:5)_ln_ab,REFMET:LPC(20:5)_ln_ab,LPC(20:5)_ln_ab,metab-u-lrpneg,True,5,2.33276018536398e-05
Tyrosine,REFMET:Tyrosine,Tyrosine,meta-reg,True,8,2.40503455236127e-05
PC(32:1)_ln_b,REFMET:PC(32:1)_ln_b,PC(32:1)_ln_b,metab-u-lrpneg,True,16,2.56057538964306e-05
PE(O-18:1/18:2)_ln_f,REFMET:PE(O-18:1/18:2)_ln_f,PE(O-18:1/18:2)_ln_f,metab-u-lrpneg,True,22,2.67387009241603e-05
LPC(20:3)_lp_ab,REFMET:LPC(20:3)_lp_ab,LPC(20:3)_lp_ab,metab-u-lrppos,True,6,2.70418141525312e-05
SM(d38:1)_ln_b,REFMET:SM(d38:1)_ln_b,SM(d38:1)_ln_b,metab-u-lrpneg,True,8,2.71766153721415e-05
Glutathione,REFMET:Glutathione,Glutathione,metab-u-ionpneg,True,31,2.85048910118579e-05
PC(33:0)_lp_b,REFMET:PC(33:0)_lp_b,PC(33:0)_lp_b,metab-u-lrppos,True,3,2.87797610166226e-05
PC(42:6)_lp_d,REFMET:PC(42:6)_lp_d,PC(42:6)_lp_d,metab-u-lrppos,True,6,2.89309368867373e-05
PC(30:1)_lp_a,REFMET:PC(30:1)_lp_a,PC(30:1)_lp_a,metab-u-lrppos,True,10,2.98656618030401e-05
Hydroxyproline,REFMET:Hydroxyproline,Hydroxyproline,metab-t-amines,True,15,2.99531907021978e-05
GTP,REFMET:GTP,GTP,meta-reg,True,9,3.03616332160866e-05
PE(P-34:2)/PE(O-34:3),REFMET:PE(P-34:2)/PE(O-34:3),PE(P-34:2)/PE(O-34:3),metab-u-hilicpos,True,15,3.12613519766532e-05
Cyclohexylamine,REFMET:Cyclohexylamine,Cyclohexylamine,metab-u-hilicpos,True,27,3.14618041102549e-05
PC(31:1)_lp_a,REFMET:PC(31:1)_lp_a,PC(31:1)_lp_a,metab-u-lrppos,True,3,3.18950698961737e-05
Homoarginine,REFMET:Homoarginine,Homoarginine,metab-u-hilicpos,True,35,3.19849507648388e-05
N-Acetylleucine,REFMET:N-Acetylleucine,N-Acetylleucine,metab-u-hilicpos,True,11,3.20009956545406e-05
PC(18:0_22:6)_ln_c,REFMET:PC(18:0_22:6)_ln_c,PC(18:0_22:6)_ln_c,metab-u-lrpneg,True,9,3.33443621733522e-05
LPC(18:1)_hp_a,REFMET:LPC(18:1)_hp_a,LPC(18:1)_hp_a,metab-u-hilicpos,True,5,3.33443621733522e-05
PS(40:5)_ln_c,REFMET:PS(40:5)_ln_c,PS(40:5)_ln_c,metab-u-lrpneg,True,5,3.42580976951692e-05
PC(34:3)_lp_c,REFMET:PC(34:3)_lp_c,PC(34:3)_lp_c,metab-u-lrppos,True,13,3.42580976951692e-05
PS(18:0_22:4),REFMET:PS(18:0_22:4),PS(18:0_22:4),metab-u-lrpneg,True,12,3.48063592060661e-05
Leu-Gly,REFMET:Leu-Gly,Leu-Gly,metab-u-hilicpos,True,3,3.51212715313891e-05
PE(18:1_18:2)_ln_a,REFMET:PE(18:1_18:2)_ln_a,PE(18:1_18:2)_ln_a,metab-u-lrpneg,True,14,3.52500419550042e-05
Trimethylamine N-oxide,REFMET:Trimethylamine N-oxide,Trimethylamine N-oxide,metab-u-hilicpos,True,50,3.54382222636588e-05
PC(20:4_22:6),REFMET:PC(20:4_22:6),PC(20:4_22:6),metab-u-lrpneg,True,10,3.59339060887711e-05
PC(16:0_22:5)_ln_b,REFMET:PC(16:0_22:5)_ln_b,PC(16:0_22:5)_ln_b,metab-u-lrpneg,True,5,3.69058647675914e-05
TG(54:5)_lp_e,REFMET:TG(54:5)_lp_e,TG(54:5)_lp_e,metab-u-lrppos,True,15,3.78724225273052e-05
Cysteine,REFMET:Cysteine,Cysteine,metab-t-amines,True,13,3.79234843570523e-05
Agmatine,REFMET:Agmatine,Agmatine,metab-u-hilicpos,True,6,3.86437120213381e-05
PE(18:0_20:3)_ln_c,REFMET:PE(18:0_20:3)_ln_c,PE(18:0_20:3)_ln_c,metab-u-lrpneg,True,15,3.95548294109229e-05
PE(20:4_22:4)_lp_e,REFMET:PE(20:4_22:4)_lp_e,PE(20:4_22:4)_lp_e,metab-u-lrppos,True,3,4.0086324807557e-05
PE(16:0_22:6)_ln_c,REFMET:PE(16:0_22:6)_ln_c,PE(16:0_22:6)_ln_c,metab-u-lrpneg,True,18,4.02729427978419e-05
PE(36:3)_ln_b,REFMET:PE(36:3)_ln_b,PE(36:3)_ln_b,metab-u-lrpneg,True,2,4.11334143615267e-05
Glu-Lys,REFMET:Glu-Lys,Glu-Lys,metab-u-hilicpos,True,6,4.18082451446778e-05
PE(18:0_22:5)_ln_c,REFMET:PE(18:0_22:5)_ln_c,PE(18:0_22:5)_ln_c,metab-u-lrpneg,True,12,4.23854361206506e-05
PC(36:6)_lp_c,REFMET:PC(36:6)_lp_c,PC(36:6)_lp_c,metab-u-lrppos,True,11,4.23854361206506e-05
PE(34:0),REFMET:PE(34:0),PE(34:0),metab-u-hilicpos,True,11,4.32634451356987e-05
Deoxycytidine,REFMET:Deoxycytidine,Deoxycytidine,metab-u-hilicpos,True,24,4.33205752136547e-05
PC(37:3)_lp_a,REFMET:PC(37:3)_lp_a,PC(37:3)_lp_a,metab-u-lrppos,True,9,4.33205752136547e-05
TG(60:10)_lp_c,REFMET:TG(60:10)_lp_c,TG(60:10)_lp_c,metab-u-lrppos,True,4,4.60602187956113e-05
LPC(20:1)_lp_ab,REFMET:LPC(20:1)_lp_ab,LPC(20:1)_lp_ab,metab-u-lrppos,True,8,4.70875502164156e-05
CAR(24:1),REFMET:CAR(24:1),CAR(24:1),metab-u-lrppos,True,10,4.70875502164156e-05
PS(O-20:3/20:4)_ln_b,REFMET:PS(O-20:3/20:4)_ln_b,PS(O-20:3/20:4)_ln_b,metab-u-lrpneg,True,4,4.75905944199341e-05
3-Guanidinopropanoic acid,REFMET:3-Guanidinopropanoic acid,3-Guanidinopropanoic acid,metab-u-hilicpos,True,22,4.82402258523461e-05
PC(35:2)_lp_b,REFMET:PC(35:2)_lp_b,PC(35:2)_lp_b,metab-u-lrppos,True,14,4.89961202144708e-05
PC(31:0)_lp_a,REFMET:PC(31:0)_lp_a,PC(31:0)_lp_a,metab-u-lrppos,True,3,4.99074295500733e-05
PE(O-18:1/22:4)_ln_c,REFMET:PE(O-18:1/22:4)_ln_c,PE(O-18:1/22:4)_ln_c,metab-u-lrpneg,True,9,5.41679388000187e-05
5'-Methylthioadenosine,REFMET:5'-Methylthioadenosine,5'-Methylthioadenosine,metab-u-hilicpos,True,53,5.46955145070969e-05
Citric acid,REFMET:Citric acid,Citric acid,metab-t-tca,True,17,5.48057452921659e-05
PC(P-34:2)/PC(O-34:3),REFMET:PC(P-34:2)/PC(O-34:3),PC(P-34:2)/PC(O-34:3),metab-u-hilicpos,True,24,5.48057452921659e-05
3-Methylhistamine,REFMET:3-Methylhistamine,3-Methylhistamine,metab-u-hilicpos,True,4,5.74688602140557e-05
Tauroursodeoxycholic acid,REFMET:Tauroursodeoxycholic acid,Tauroursodeoxycholic acid,metab-u-rpneg,True,21,5.78125964551681e-05
TG(56:7)_lp_b,REFMET:TG(56:7)_lp_b,TG(56:7)_lp_b,metab-u-lrppos,True,3,5.79077386251067e-05
PC(33:3)_lp_c,REFMET:PC(33:3)_lp_c,PC(33:3)_lp_c,metab-u-lrppos,True,2,5.8170503050617e-05
Anserine,REFMET:Anserine,Anserine,metab-t-amines,True,16,5.85855360997373e-05
Oleic acid,REFMET:Oleic acid,Oleic acid,meta-reg,True,10,5.87372935542256e-05
Dimethylglycine,REFMET:Dimethylglycine,Dimethylglycine,metab-u-hilicpos,True,12,5.8766458060328e-05
PC(O-38:7)_lp_b,REFMET:PC(O-38:7)_lp_b,PC(O-38:7)_lp_b,metab-u-lrppos,True,9,6.01638297838625e-05
TG(58:8)_lp_c,REFMET:TG(58:8)_lp_c,TG(58:8)_lp_c,metab-u-lrppos,True,1,6.04407244847771e-05
TG(58:6)_lp_e,REFMET:TG(58:6)_lp_e,TG(58:6)_lp_e,metab-u-lrppos,True,5,6.05440923692261e-05
PC(36:4)_lp_b,REFMET:PC(36:4)_lp_b,PC(36:4)_lp_b,metab-u-lrppos,True,19,6.05440923692261e-05
PE(18:0_18:2)_ln_b,REFMET:PE(18:0_18:2)_ln_b,PE(18:0_18:2)_ln_b,metab-u-lrpneg,True,17,6.21321904127588e-05
PE(18:0_22:6)_ln_b,REFMET:PE(18:0_22:6)_ln_b,PE(18:0_22:6)_ln_b,metab-u-lrpneg,True,20,6.24630311585163e-05
CAR(3:0),REFMET:CAR(3:0),CAR(3:0),metab-u-hilicpos,True,19,6.24630311585163e-05
SM(d38:1),REFMET:SM(d38:1),SM(d38:1),metab-u-rppos,True,18,6.31626742527563e-05
PE(17:0_18:2),REFMET:PE(17:0_18:2),PE(17:0_18:2),metab-u-lrpneg,True,10,7.04902288141355e-05
PG(16:0_18:2),REFMET:PG(16:0_18:2),PG(16:0_18:2),metab-u-lrpneg,True,17,7.14316996991405e-05
PI(36:3)_lp_b,REFMET:PI(36:3)_lp_b,PI(36:3)_lp_b,metab-u-lrppos,True,3,7.39607351533807e-05
LPC(24:0),REFMET:LPC(24:0),LPC(24:0),metab-u-hilicpos,True,12,7.49419185095621e-05
PC(41:6)_lp_c,REFMET:PC(41:6)_lp_c,PC(41:6)_lp_c,metab-u-lrppos,True,11,7.53572194755798e-05
Kynurenine,REFMET:Kynurenine,Kynurenine,metab-u-rppos,True,10,7.54931711490087e-05
LPC(P-18:0)/LPC(O-18:1)_hp_b,REFMET:LPC(P-18:0)/LPC(O-18:1)_hp_b,LPC(P-18:0)/LPC(O-18:1)_hp_b,metab-u-hilicpos,True,11,7.60790732650997e-05
PC(36:3)_lp_b,REFMET:PC(36:3)_lp_b,PC(36:3)_lp_b,metab-u-lrppos,True,4,7.81238360130997e-05
N-Acetylputrescine,REFMET:N-Acetylputrescine,N-Acetylputrescine,metab-u-hilicpos,True,13,7.88533075176987e-05
LPC(P-18:0)/LPC(O-18:1)_hp_a,REFMET:LPC(P-18:0)/LPC(O-18:1)_hp_a,LPC(P-18:0)/LPC(O-18:1)_hp_a,metab-u-hilicpos,True,10,7.96818682507876e-05
CAR(DC3:0(2Me)),REFMET:CAR(DC3:0(2Me)),CAR(DC3:0(2Me)),metab-u-hilicpos,True,9,8.07286519011492e-05
PC(P-38:6)/PC(O-38:7),REFMET:PC(P-38:6)/PC(O-38:7),PC(P-38:6)/PC(O-38:7),metab-u-hilicpos,True,21,8.07286519011492e-05
PC(34:3),REFMET:PC(34:3),PC(34:3),meta-reg,True,16,8.07286519011492e-05
TG(16:0_18:1_22:4)_lp_e,REFMET:TG(16:0_18:1_22:4)_lp_e,TG(16:0_18:1_22:4)_lp_e,metab-u-lrppos,True,17,8.10044480147425e-05
PE(P-34:1)/PE(O-34:2),REFMET:PE(P-34:1)/PE(O-34:2),PE(P-34:1)/PE(O-34:2),metab-u-hilicpos,True,8,8.10044480147425e-05
PE(18:0_22:4)_ln_b,REFMET:PE(18:0_22:4)_ln_b,PE(18:0_22:4)_ln_b,metab-u-lrpneg,True,16,8.13245263587173e-05
PC(37:2)_lp_b,REFMET:PC(37:2)_lp_b,PC(37:2)_lp_b,metab-u-lrppos,True,19,8.19402455470654e-05
PG(20:4_22:6),REFMET:PG(20:4_22:6),PG(20:4_22:6),metab-u-lrpneg,True,4,8.2723128750741e-05
Leucine/Isoleucine,REFMET:Leucine/Isoleucine,Leucine/Isoleucine,meta-reg,True,10,8.27350356212122e-05
PE(18:2/18:2)_ln_a,REFMET:PE(18:2/18:2)_ln_a,PE(18:2/18:2)_ln_a,metab-u-lrpneg,True,13,8.31385395182625e-05
TG(60:10)_lp_a,REFMET:TG(60:10)_lp_a,TG(60:10)_lp_a,metab-u-lrppos,True,2,8.38531725184691e-05
PC(40:7)_lp_a,REFMET:PC(40:7)_lp_a,PC(40:7)_lp_a,metab-u-lrppos,True,10,8.38531725184691e-05
SM(d34:2),REFMET:SM(d34:2),SM(d34:2),metab-u-rppos,True,10,8.44404298601857e-05
"GTInternalStandard_PS(33:1(d7))>PS(15:0/18:1(9z,d7))_[iSTD]","REFMET:GTInternalStandard_PS(33:1(d7))>PS(15:0/18:1(9z,d7))_[iSTD]","GTInternalStandard_PS(33:1(d7))>PS(15:0/18:1(9z,d7))_[iSTD]",metab-u-lrpneg,True,10,8.44404298601857e-05
MG(18:1),REFMET:MG(18:1),MG(18:1),metab-u-rppos,True,18,8.44404298601857e-05
PC(38:6)_lp_b,REFMET:PC(38:6)_lp_b,PC(38:6)_lp_b,metab-u-lrppos,True,11,8.64264119584635e-05
Ketoleucine,REFMET:Ketoleucine,Ketoleucine,metab-u-rpneg,True,17,8.64743104317697e-05
Sitosterol Ester(22:6),REFMET:Sitosterol Ester(22:6),Sitosterol Ester(22:6),metab-u-lrppos,True,3,8.67212644950562e-05
PC(O-36:5)_lp_e,REFMET:PC(O-36:5)_lp_e,PC(O-36:5)_lp_e,metab-u-lrppos,True,7,8.69098188918827e-05
CAR(22:2),REFMET:CAR(22:2),CAR(22:2),metab-u-lrppos,True,5,8.69525686253539e-05
SM(d18:1/18:1),REFMET:SM(d18:1/18:1),SM(d18:1/18:1),metab-u-hilicpos,True,10,8.8669995103611e-05
PC(18:1_22:6)_ln_c,REFMET:PC(18:1_22:6)_ln_c,PC(18:1_22:6)_ln_c,metab-u-lrpneg,True,18,8.87105567117436e-05
TG(58:10)_lp_b,REFMET:TG(58:10)_lp_b,TG(58:10)_lp_b,metab-u-lrppos,True,11,8.98261181811221e-05
LPC(14:0)_lp_ab,REFMET:LPC(14:0)_lp_ab,LPC(14:0)_lp_ab,metab-u-lrppos,True,2,9.12472261650551e-05
TG(58:5)_lp_d,REFMET:TG(58:5)_lp_d,TG(58:5)_lp_d,metab-u-lrppos,True,10,9.19171121909433e-05
TG(4:0_16:0_16:0)_lp_d,REFMET:TG(4:0_16:0_16:0)_lp_d,TG(4:0_16:0_16:0)_lp_d,metab-u-lrppos,True,16,9.50854023348045e-05
PE(16:0_18:3)_ln_b,REFMET:PE(16:0_18:3)_ln_b,PE(16:0_18:3)_ln_b,metab-u-lrpneg,True,5,9.56526315807128e-05
Creatinine,REFMET:Creatinine,Creatinine,metab-u-hilicpos,True,36,9.59933335667927e-05
Cer(d18:0/24:1),REFMET:Cer(d18:0/24:1),Cer(d18:0/24:1),metab-u-hilicpos,True,15,9.67988501754226e-05
PC(38:5)_lp_b,REFMET:PC(38:5)_lp_b,PC(38:5)_lp_b,metab-u-lrppos,True,13,9.79640446046998e-05
PG(36:2)_ln_b,REFMET:PG(36:2)_ln_b,PG(36:2)_ln_b,metab-u-lrpneg,True,18,9.79640446046998e-05
CE(20:4)_lp_a,REFMET:CE(20:4)_lp_a,CE(20:4)_lp_a,metab-u-lrppos,True,11,9.79783254725161e-05
gamma-Aminobutyric acid,REFMET:gamma-Aminobutyric acid,gamma-Aminobutyric acid,metab-u-hilicpos,True,15,9.84908448162817e-05
Trimethylbenzene,REFMET:Trimethylbenzene,Trimethylbenzene,metab-u-hilicpos,True,2,0.0001013256923909
PC(17:0_18:2)_ln_b,REFMET:PC(17:0_18:2)_ln_b,PC(17:0_18:2)_ln_b,metab-u-lrpneg,True,13,0.0001039090727631
Butyryl-CoA,REFMET:Butyryl-CoA,Butyryl-CoA,metab-t-acoa,True,6,0.000106481410319
SM(d42:1),REFMET:SM(d42:1),SM(d42:1),metab-u-rppos,True,13,0.0001107789887451
TG(48:1)_lp_b,REFMET:TG(48:1)_lp_b,TG(48:1)_lp_b,metab-u-lrppos,True,9,0.0001120305629026
Carnosine,REFMET:Carnosine,Carnosine,metab-t-amines,True,10,0.0001131526058143
PS(O-20:3/22:4)_ln_a,REFMET:PS(O-20:3/22:4)_ln_a,PS(O-20:3/22:4)_ln_a,metab-u-lrpneg,True,4,0.0001135491116697
CAR(DC3:0),REFMET:CAR(DC3:0),CAR(DC3:0),metab-u-hilicpos,True,30,0.0001148626340652
PE(O-38:7)_ln_b,REFMET:PE(O-38:7)_ln_b,PE(O-38:7)_ln_b,metab-u-lrpneg,True,6,0.0001197024530732
TG(58:9)_lp_b,REFMET:TG(58:9)_lp_b,TG(58:9)_lp_b,metab-u-lrppos,True,6,0.0001236247372547
TG(55:4)_lp_b,REFMET:TG(55:4)_lp_b,TG(55:4)_lp_b,metab-u-lrppos,True,1,0.0001255632727912
TG(56:7)_lp_e,REFMET:TG(56:7)_lp_e,TG(56:7)_lp_e,metab-u-lrppos,True,6,0.0001294261214425
Biliverdin,REFMET:Biliverdin,Biliverdin,metab-u-hilicpos,True,27,0.0001299366378903
LPC(22:4),REFMET:LPC(22:4),LPC(22:4),metab-u-hilicpos,True,14,0.0001310673471288
PE(16:0_16:1),REFMET:PE(16:0_16:1),PE(16:0_16:1),metab-u-lrpneg,True,4,0.0001342835092649
N4-Acetylcytidine,REFMET:N4-Acetylcytidine,N4-Acetylcytidine,metab-u-hilicpos,True,36,0.0001364322285624
TG(40:0)_lp_a,REFMET:TG(40:0)_lp_a,TG(40:0)_lp_a,metab-u-lrppos,True,7,0.000142259078016
PE(36:1)_lp_c,REFMET:PE(36:1)_lp_c,PE(36:1)_lp_c,metab-u-lrppos,True,3,0.000158303842519
PC(38:7)_lp_a,REFMET:PC(38:7)_lp_a,PC(38:7)_lp_a,metab-u-lrppos,True,9,0.0001592970925815
Sitosterol Ester(20:4)_lp_c,REFMET:Sitosterol Ester(20:4)_lp_c,Sitosterol Ester(20:4)_lp_c,metab-u-lrppos,True,6,0.00016244000932
PS(O-18:3/22:4),REFMET:PS(O-18:3/22:4),PS(O-18:3/22:4),metab-u-lrpneg,True,3,0.0001636751449919
CAR(10:1),REFMET:CAR(10:1),CAR(10:1),meta-reg,True,20,0.0001636751449919
Cer(d41:1),REFMET:Cer(d41:1),Cer(d41:1),metab-u-lrpneg,True,12,0.0001642516989454
LPC(16:1)_lp_ab,REFMET:LPC(16:1)_lp_ab,LPC(16:1)_lp_ab,metab-u-lrppos,True,21,0.0001646618833519
PG(22:6/22:6),REFMET:PG(22:6/22:6),PG(22:6/22:6),metab-u-lrpneg,True,3,0.0001680173269725
2-Amino-heptanoic acid,REFMET:2-Amino-heptanoic acid,2-Amino-heptanoic acid,metab-u-hilicpos,True,8,0.0001687154532243
N(6)-Methyllysine,REFMET:N(6)-Methyllysine,N(6)-Methyllysine,metab-u-hilicpos,True,21,0.0001687154532243
Undecadienoyl-CoA,REFMET:Undecadienoyl-CoA,Undecadienoyl-CoA,metab-t-acoa,True,5,0.0001716592222779
PS(16:0_22:6),REFMET:PS(16:0_22:6),PS(16:0_22:6),metab-u-lrpneg,True,8,0.0001748911952324
PC(38:6)_lp_a,REFMET:PC(38:6)_lp_a,PC(38:6)_lp_a,metab-u-lrppos,True,7,0.00017510480022
Methionine,REFMET:Methionine,Methionine,meta-reg,True,17,0.0001762966689316
7-Methylguanine,REFMET:7-Methylguanine,7-Methylguanine,metab-u-hilicpos,True,19,0.0001762966689316
PC(O-38:6)_ln_b,REFMET:PC(O-38:6)_ln_b,PC(O-38:6)_ln_b,metab-u-lrpneg,True,5,0.0001765019416403
PC(O-16:0/20:4)_ln_d,REFMET:PC(O-16:0/20:4)_ln_d,PC(O-16:0/20:4)_ln_d,metab-u-lrpneg,True,8,0.0001766039777685
Taurohyodeoxycholic acid,REFMET:Taurohyodeoxycholic acid,Taurohyodeoxycholic acid,metab-u-rpneg,True,15,0.000176745601169
CL(76:12),REFMET:CL(76:12),CL(76:12),metab-u-lrpneg,True,8,0.0001787480286921
PC(34:4)_lp_e,REFMET:PC(34:4)_lp_e,PC(34:4)_lp_e,metab-u-lrppos,True,2,0.0001796612673992
TG(16:1_18:1_18:2)_lp_a,REFMET:TG(16:1_18:1_18:2)_lp_a,TG(16:1_18:1_18:2)_lp_a,metab-u-lrppos,True,9,0.0001802960357225
PC(18:1_18:2)_ln_c,REFMET:PC(18:1_18:2)_ln_c,PC(18:1_18:2)_ln_c,metab-u-lrpneg,True,3,0.0001841068665305
PC(16:0_18:2)_ln_a,REFMET:PC(16:0_18:2)_ln_a,PC(16:0_18:2)_ln_a,metab-u-lrpneg,True,15,0.0001846498769257
PE(40:6),REFMET:PE(40:6),PE(40:6),metab-u-hilicpos,True,21,0.0001847758941034
PC(37:5)_lp_d,REFMET:PC(37:5)_lp_d,PC(37:5)_lp_d,metab-u-lrppos,True,4,0.0001850795946132
PC(36:5)_lp_b,REFMET:PC(36:5)_lp_b,PC(36:5)_lp_b,metab-u-lrppos,True,5,0.000187334884
TG(58:5)_lp_f,REFMET:TG(58:5)_lp_f,TG(58:5)_lp_f,metab-u-lrppos,True,3,0.0001911358231373
Stearoyl-EA,REFMET:Stearoyl-EA,Stearoyl-EA,metab-u-lrppos,True,6,0.000191409096922
LPC(20:1),REFMET:LPC(20:1),LPC(20:1),metab-u-hilicpos,True,26,0.0001921749867
5-Hydroxy-tryptophan,REFMET:5-Hydroxy-tryptophan,5-Hydroxy-tryptophan,metab-u-rppos,True,5,0.0001945327080922
PE(O-17:1/20:4)_lp_a,REFMET:PE(O-17:1/20:4)_lp_a,PE(O-17:1/20:4)_lp_a,metab-u-lrppos,True,3,0.0002012274165062
PC(14:0_18:2)_ln_c,REFMET:PC(14:0_18:2)_ln_c,PC(14:0_18:2)_ln_c,metab-u-lrpneg,True,5,0.0002012274165062
PC(34:3)_lp_a,REFMET:PC(34:3)_lp_a,PC(34:3)_lp_a,metab-u-lrppos,True,5,0.0002013034635862
SM(d40:1),REFMET:SM(d40:1),SM(d40:1),metab-u-rppos,True,20,0.0002029585770286
TG(48:2)_lp_b,REFMET:TG(48:2)_lp_b,TG(48:2)_lp_b,metab-u-lrppos,True,12,0.0002035351428963
TG(18:2_18:2_20:4)_lp_c,REFMET:TG(18:2_18:2_20:4)_lp_c,TG(18:2_18:2_20:4)_lp_c,metab-u-lrppos,True,3,0.0002141525246821
TG(48:1)_lp_c,REFMET:TG(48:1)_lp_c,TG(48:1)_lp_c,metab-u-lrppos,True,30,0.000215930128862
DG(32:0),REFMET:DG(32:0),DG(32:0),metab-u-rppos,True,9,0.000220372819571
PE(18:0_20:3)_ln_d,REFMET:PE(18:0_20:3)_ln_d,PE(18:0_20:3)_ln_d,metab-u-lrpneg,True,2,0.0002253954658044
PC(41:6)_lp_a,REFMET:PC(41:6)_lp_a,PC(41:6)_lp_a,metab-u-lrppos,True,5,0.0002274564904147
PC(40:5)_lp_d,REFMET:PC(40:5)_lp_d,PC(40:5)_lp_d,metab-u-lrppos,True,24,0.0002284086596402
5-Hydroxyindoleacetic acid,REFMET:5-Hydroxyindoleacetic acid,5-Hydroxyindoleacetic acid,metab-u-rpneg,True,18,0.0002312227620709
TG(58:9)_lp_a,REFMET:TG(58:9)_lp_a,TG(58:9)_lp_a,metab-u-lrppos,True,2,0.0002326515900671
PC(32:3)_lp_a,REFMET:PC(32:3)_lp_a,PC(32:3)_lp_a,metab-u-lrppos,True,2,0.0002343298026396
PI(18:0_20:3)_ln_b,REFMET:PI(18:0_20:3)_ln_b,PI(18:0_20:3)_ln_b,metab-u-lrpneg,True,16,0.000238444906486
PC(36:2)_lp_b,REFMET:PC(36:2)_lp_b,PC(36:2)_lp_b,metab-u-lrppos,True,11,0.0002418024638103
CAR(DC5:0),REFMET:CAR(DC5:0),CAR(DC5:0),metab-u-hilicpos,True,15,0.0002429903066328
Hydroxyphenyllactic acid,REFMET:Hydroxyphenyllactic acid,Hydroxyphenyllactic acid,metab-u-rpneg,True,11,0.0002593247167775
PC(32:1)_ln_a,REFMET:PC(32:1)_ln_a,PC(32:1)_ln_a,metab-u-lrpneg,True,4,0.0002604167673596
Indolelactic acid,REFMET:Indolelactic acid,Indolelactic acid,meta-reg,True,6,0.0002634480170498
PC(P-36:4)/PC(O-36:5),REFMET:PC(P-36:4)/PC(O-36:5),PC(P-36:4)/PC(O-36:5),metab-u-hilicpos,True,13,0.0002658843947557
SM(d43:1)_ln_a,REFMET:SM(d43:1)_ln_a,SM(d43:1)_ln_a,metab-u-lrpneg,True,3,0.0002685892493082
PE(36:5)_lp_b,REFMET:PE(36:5)_lp_b,PE(36:5)_lp_b,metab-u-lrppos,True,3,0.0002717614387993
Urocanic acid,REFMET:Urocanic acid,Urocanic acid,metab-u-rppos,True,21,0.0002728716917304
3-Hydroxypropanoyl-CoA,REFMET:3-Hydroxypropanoyl-CoA,3-Hydroxypropanoyl-CoA,metab-t-acoa,True,5,0.0002730506721255
LPE(18:2),REFMET:LPE(18:2),LPE(18:2),metab-u-hilicpos,True,27,0.0002814865445731
DG(40:6)_lp_f,REFMET:DG(40:6)_lp_f,DG(40:6)_lp_f,metab-u-lrppos,True,8,0.0002825937601817
LPC(20:4)_hp_b,REFMET:LPC(20:4)_hp_b,LPC(20:4)_hp_b,metab-u-hilicpos,True,5,0.0002892994218626
PE(36:5)_lp_a,REFMET:PE(36:5)_lp_a,PE(36:5)_lp_a,metab-u-lrppos,True,4,0.0002994776514745
PC(30:0)_lp_a,REFMET:PC(30:0)_lp_a,PC(30:0)_lp_a,metab-u-lrppos,True,4,0.0003012944040629
PC(38:5)_lp_a,REFMET:PC(38:5)_lp_a,PC(38:5)_lp_a,metab-u-lrppos,True,6,0.0003012944040629
CAR(20:4),REFMET:CAR(20:4),CAR(20:4),metab-u-hilicpos,True,21,0.0003089140959013
PC(O-40:4)_lp_b,REFMET:PC(O-40:4)_lp_b,PC(O-40:4)_lp_b,metab-u-lrppos,True,4,0.0003100086037608
CAR(16:0(OH)),REFMET:CAR(16:0(OH)),CAR(16:0(OH)),metab-u-hilicpos,True,24,0.0003131217484198
PE(40:7)_ln_c,REFMET:PE(40:7)_ln_c,PE(40:7)_ln_c,metab-u-lrpneg,True,11,0.0003145519707642
Deoxyadenosine,REFMET:Deoxyadenosine,Deoxyadenosine,metab-u-hilicpos,True,24,0.0003169788923598
PC(37:3)_lp_b,REFMET:PC(37:3)_lp_b,PC(37:3)_lp_b,metab-u-lrppos,True,14,0.000327406340885
PE(O-16:1/22:4)_ln_e,REFMET:PE(O-16:1/22:4)_ln_e,PE(O-16:1/22:4)_ln_e,metab-u-lrpneg,True,14,0.000327406340885
TG(36:0)_lp_b,REFMET:TG(36:0)_lp_b,TG(36:0)_lp_b,metab-u-lrppos,True,5,0.0003313776071291
PC(38:5)_ln_e,REFMET:PC(38:5)_ln_e,PC(38:5)_ln_e,metab-u-lrpneg,True,11,0.00033307359292
TG(42:3)_lp_a,REFMET:TG(42:3)_lp_a,TG(42:3)_lp_a,metab-u-lrppos,True,2,0.0003355485166645
TG(42:0),REFMET:TG(42:0),TG(42:0),metab-u-lrppos,True,7,0.0003386627396655
CAR(20:1),REFMET:CAR(20:1),CAR(20:1),metab-u-lrppos,True,8,0.0003427314040511
CAR(16:1),REFMET:CAR(16:1),CAR(16:1),metab-u-rppos,True,3,0.0003453600378956
Argininosuccinic acid,REFMET:Argininosuccinic acid,Argininosuccinic acid,metab-u-hilicpos,True,11,0.0003493736429448
PC(39:5)_lp_a,REFMET:PC(39:5)_lp_a,PC(39:5)_lp_a,metab-u-lrppos,True,8,0.0003493736429448
TG(16:0_18:2_22:6)_lp_e,REFMET:TG(16:0_18:2_22:6)_lp_e,TG(16:0_18:2_22:6)_lp_e,metab-u-lrppos,True,6,0.0003493736429448
TG(16:0_18:1_22:4)_lp_d,REFMET:TG(16:0_18:1_22:4)_lp_d,TG(16:0_18:1_22:4)_lp_d,metab-u-lrppos,True,7,0.0003618652327985
TG(42:2)_lp_b,REFMET:TG(42:2)_lp_b,TG(42:2)_lp_b,metab-u-lrppos,True,7,0.0003707590400423
LPE(20:0),REFMET:LPE(20:0),LPE(20:0),metab-u-hilicpos,True,12,0.0003707590400423
PC(36:6)_lp_a,REFMET:PC(36:6)_lp_a,PC(36:6)_lp_a,metab-u-lrppos,True,4,0.0003718587490366
SM(d42:1)_ln_a,REFMET:SM(d42:1)_ln_a,SM(d42:1)_ln_a,metab-u-lrpneg,True,3,0.0003732034457267
Phenylacetic acid,REFMET:Phenylacetic acid,Phenylacetic acid,metab-u-rpneg,True,7,0.0003780530809474
PE(P-38:6)/PE(O-38:7),REFMET:PE(P-38:6)/PE(O-38:7),PE(P-38:6)/PE(O-38:7),metab-u-hilicpos,True,10,0.0003841912652246
Arachidonyl-CoA,REFMET:Arachidonyl-CoA,Arachidonyl-CoA,metab-t-acoa,True,7,0.0003855627497345
LPE(18:0)_hp_b,REFMET:LPE(18:0)_hp_b,LPE(18:0)_hp_b,metab-u-hilicpos,True,17,0.0003886596054535
PC(36:1)_ln_a,REFMET:PC(36:1)_ln_a,PC(36:1)_ln_a,metab-u-lrpneg,True,17,0.0003887787061505
CAR(20:1(OH)),REFMET:CAR(20:1(OH)),CAR(20:1(OH)),metab-u-lrppos,True,4,0.000390470054064
CAR(5:0(OH)),REFMET:CAR(5:0(OH)),CAR(5:0(OH)),metab-u-rppos,True,12,0.000390470054064
Trigonelline,REFMET:Trigonelline,Trigonelline,metab-u-hilicpos,True,11,0.0003954038950932
PE(18:2_22:6),REFMET:PE(18:2_22:6),PE(18:2_22:6),metab-u-lrpneg,True,11,0.0004027997713719
TG(54:3)_lp_h,REFMET:TG(54:3)_lp_h,TG(54:3)_lp_h,metab-u-lrppos,True,6,0.0004046107382825
TG(58:8)_lp_e,REFMET:TG(58:8)_lp_e,TG(58:8)_lp_e,metab-u-lrppos,True,4,0.0004055342493717
S-Adenosylhomocysteine,REFMET:S-Adenosylhomocysteine,S-Adenosylhomocysteine,metab-u-hilicpos,True,11,0.0004315726778364
TG(54:8)_lp_a,REFMET:TG(54:8)_lp_a,TG(54:8)_lp_a,metab-u-lrppos,True,13,0.0004315726778364
PC(O-32:1)_ln_b,REFMET:PC(O-32:1)_ln_b,PC(O-32:1)_ln_b,metab-u-lrpneg,True,13,0.0004343236868177
PS(18:0_20:4)_ln_b,REFMET:PS(18:0_20:4)_ln_b,PS(18:0_20:4)_ln_b,metab-u-lrpneg,True,9,0.0004358932787531
Cholesterol,REFMET:Cholesterol,Cholesterol,meta-reg,True,4,0.0004399928360675
DG(36:4)_lp_a,REFMET:DG(36:4)_lp_a,DG(36:4)_lp_a,metab-u-lrppos,True,7,0.0004400210206426
dCTP,REFMET:dCTP,dCTP,metab-t-nuc,True,10,0.0004490244153121
LPC(20:3)_ln_b,REFMET:LPC(20:3)_ln_b,LPC(20:3)_ln_b,metab-u-lrpneg,True,5,0.000451929930675
TG(51:0)_lp_a,REFMET:TG(51:0)_lp_a,TG(51:0)_lp_a,metab-u-lrppos,True,4,0.0004556330603635
PC(18:0/18:0)_ln_c,REFMET:PC(18:0/18:0)_ln_c,PC(18:0/18:0)_ln_c,metab-u-lrpneg,True,2,0.0004600997562675
TG(55:7)_lp_b,REFMET:TG(55:7)_lp_b,TG(55:7)_lp_b,metab-u-lrppos,True,6,0.0004604075030922
TG(51:2)_lp_b,REFMET:TG(51:2)_lp_b,TG(51:2)_lp_b,metab-u-lrppos,True,4,0.0004650408494342
Cer(d18:1/24:0)_ln_c,REFMET:Cer(d18:1/24:0)_ln_c,Cer(d18:1/24:0)_ln_c,metab-u-lrpneg,True,8,0.0004659999710826
CAR(21:2),REFMET:CAR(21:2),CAR(21:2),metab-u-lrppos,True,5,0.000466395936263
TG(18:1_18:2_18:2)_lp_d,REFMET:TG(18:1_18:2_18:2)_lp_d,TG(18:1_18:2_18:2)_lp_d,metab-u-lrppos,True,7,0.000466395936263
PC(38:7)_lp_b,REFMET:PC(38:7)_lp_b,PC(38:7)_lp_b,metab-u-lrppos,True,9,0.0004734414674403
PE(40:7)_lp_a,REFMET:PE(40:7)_lp_a,PE(40:7)_lp_a,metab-u-lrppos,True,4,0.0004757194650738
PE(38:6)_lp_e,REFMET:PE(38:6)_lp_e,PE(38:6)_lp_e,metab-u-lrppos,True,2,0.0004821347558976
LPE(18:2)_rp_b,REFMET:LPE(18:2)_rp_b,LPE(18:2)_rp_b,metab-u-rppos,True,6,0.0004849357312813
SM(d36:0),REFMET:SM(d36:0),SM(d36:0),metab-u-lrppos,True,12,0.0004889675048403
TG(52:4)_lp_f,REFMET:TG(52:4)_lp_f,TG(52:4)_lp_f,metab-u-lrppos,True,24,0.0004914658062595
TG(18:2_18:2_20:4)_lp_d,REFMET:TG(18:2_18:2_20:4)_lp_d,TG(18:2_18:2_20:4)_lp_d,metab-u-lrppos,True,2,0.0004919444993306
TG(10:0_16:0_18:1)_lp_c,REFMET:TG(10:0_16:0_18:1)_lp_c,TG(10:0_16:0_18:1)_lp_c,metab-u-lrppos,True,10,0.0004931042025439
LPC(16:0)_lp_ab,REFMET:LPC(16:0)_lp_ab,LPC(16:0)_lp_ab,metab-u-lrppos,True,3,0.0004981998967464
LPC(22:6),REFMET:LPC(22:6),LPC(22:6),metab-u-hilicpos,True,14,0.0005029000067242
PE(36:4),REFMET:PE(36:4),PE(36:4),metab-u-hilicpos,True,18,0.0005029000067242
PG(16:0_22:4)_ln_b,REFMET:PG(16:0_22:4)_ln_b,PG(16:0_22:4)_ln_b,metab-u-lrpneg,True,5,0.0005042632815353
TG(38:0)_lp_b,REFMET:TG(38:0)_lp_b,TG(38:0)_lp_b,metab-u-lrppos,True,9,0.0005047194743066
PC(40:7)_lp_b,REFMET:PC(40:7)_lp_b,PC(40:7)_lp_b,metab-u-lrppos,True,7,0.0005133136909388
LPC(0:0/18:2)_hp_a,REFMET:LPC(0:0/18:2)_hp_a,LPC(0:0/18:2)_hp_a,metab-u-hilicpos,True,3,0.0005180068678945
PC(O-40:6)_lp_d,REFMET:PC(O-40:6)_lp_d,PC(O-40:6)_lp_d,metab-u-lrppos,True,4,0.0005230593150185
TG(56:4)_lp_d,REFMET:TG(56:4)_lp_d,TG(56:4)_lp_d,metab-u-lrppos,True,4,0.0005295844146443
TG(16:1_18:1_18:2)_lp_b,REFMET:TG(16:1_18:1_18:2)_lp_b,TG(16:1_18:1_18:2)_lp_b,metab-u-lrppos,True,3,0.0005558789894434
TG(16:0_16:0_18:1)_lp_d,REFMET:TG(16:0_16:0_18:1)_lp_d,TG(16:0_16:0_18:1)_lp_d,metab-u-lrppos,True,4,0.0005597712645967
TG(18:1_18:2_18:2)_lp_c,REFMET:TG(18:1_18:2_18:2)_lp_c,TG(18:1_18:2_18:2)_lp_c,metab-u-lrppos,True,4,0.0005640059141144
PC(39:6)_lp_c,REFMET:PC(39:6)_lp_c,PC(39:6)_lp_c,metab-u-lrppos,True,9,0.0005689499741211
Acisoga,REFMET:Acisoga,Acisoga,metab-u-hilicpos,True,14,0.0005726252754092
PC(37:1)_lp_c,REFMET:PC(37:1)_lp_c,PC(37:1)_lp_c,metab-u-lrppos,True,6,0.0005738959015622
LPC(0:0/18:2)_hp_b,REFMET:LPC(0:0/18:2)_hp_b,LPC(0:0/18:2)_hp_b,metab-u-hilicpos,True,5,0.0005813217483491
MG(18:1)_rp_b,REFMET:MG(18:1)_rp_b,MG(18:1)_rp_b,metab-u-rppos,True,14,0.0005831587495905
PC(P-18:1/20:4)_ln_b,REFMET:PC(P-18:1/20:4)_ln_b,PC(P-18:1/20:4)_ln_b,metab-u-lrpneg,True,2,0.0005914336609343
LPC(0:0/18:2),REFMET:LPC(0:0/18:2),LPC(0:0/18:2),metab-u-hilicpos,True,27,0.000598099345718
CAR(20:2)_lp_a,REFMET:CAR(20:2)_lp_a,CAR(20:2)_lp_a,metab-u-lrppos,True,10,0.00060376428455
PC(16:0_22:4)_ln_c,REFMET:PC(16:0_22:4)_ln_c,PC(16:0_22:4)_ln_c,metab-u-lrpneg,True,2,0.0006274209742974
PE(34:2),REFMET:PE(34:2),PE(34:2),metab-u-hilicpos,True,16,0.0006281222858678
PC(42:3)_lp_a,REFMET:PC(42:3)_lp_a,PC(42:3)_lp_a,metab-u-lrppos,True,8,0.0006286585370617
CE(20:5),REFMET:CE(20:5),CE(20:5),metab-u-lrppos,True,8,0.0006308414432409
4-Acetamidobutanoic acid,REFMET:4-Acetamidobutanoic acid,4-Acetamidobutanoic acid,metab-u-hilicpos,True,3,0.000636117522269
PC(32:1)_lp_c,REFMET:PC(32:1)_lp_c,PC(32:1)_lp_c,metab-u-lrppos,True,7,0.0006534522754438
N-Acetylserotonin,REFMET:N-Acetylserotonin,N-Acetylserotonin,metab-u-rppos,True,11,0.0006583460796075
LPC(18:0)_ln_ab,REFMET:LPC(18:0)_ln_ab,LPC(18:0)_ln_ab,metab-u-lrpneg,True,3,0.0006622211966491
PC(36:3),REFMET:PC(36:3),PC(36:3),metab-u-rppos,True,19,0.0006622211966491
PC(36:4)_lp_a,REFMET:PC(36:4)_lp_a,PC(36:4)_lp_a,metab-u-lrppos,True,8,0.0006824730176827
PC(16:0_20:3)_ln_c,REFMET:PC(16:0_20:3)_ln_c,PC(16:0_20:3)_ln_c,metab-u-lrpneg,True,5,0.0006841413696936
LPC(18:3),REFMET:LPC(18:3),LPC(18:3),metab-u-hilicpos,True,19,0.0006920408320933
N-6-Trimethyllysine,REFMET:N-6-Trimethyllysine,N-6-Trimethyllysine,metab-u-hilicpos,True,24,0.0006981038380899
MG(16:0),REFMET:MG(16:0),MG(16:0),metab-u-rppos,True,10,0.0006981038380899
SM(d44:3),REFMET:SM(d44:3),SM(d44:3),metab-u-lrppos,True,6,0.0007031207870812
Oxaloacetic acid,REFMET:Oxaloacetic acid,Oxaloacetic acid,metab-t-tca,True,3,0.0007182127554676
Hexose 6-phosphate,REFMET:Hexose 6-phosphate,Hexose 6-phosphate,metab-u-ionpneg,True,12,0.0007236780992665
TG(60:10)_lp_d,REFMET:TG(60:10)_lp_d,TG(60:10)_lp_d,metab-u-lrppos,True,6,0.0007310289084908
PC(32:0)_ln_b,REFMET:PC(32:0)_ln_b,PC(32:0)_ln_b,metab-u-lrpneg,True,11,0.0007387019495829
SM(d40:1)_ln_b,REFMET:SM(d40:1)_ln_b,SM(d40:1)_ln_b,metab-u-lrpneg,True,11,0.0007508290781242
PC(O-38:5)_lp_c,REFMET:PC(O-38:5)_lp_c,PC(O-38:5)_lp_c,metab-u-lrppos,True,12,0.0007519747421929
LPC(18:2)_lp_ab,REFMET:LPC(18:2)_lp_ab,LPC(18:2)_lp_ab,metab-u-lrppos,True,9,0.0007766213615008
PC(39:5)_lp_g,REFMET:PC(39:5)_lp_g,PC(39:5)_lp_g,metab-u-lrppos,True,6,0.0007802727253528
LPE(18:1)_lp_ab,REFMET:LPE(18:1)_lp_ab,LPE(18:1)_lp_ab,metab-u-lrppos,True,3,0.000781244848652
PE(38:5)_lp_a,REFMET:PE(38:5)_lp_a,PE(38:5)_lp_a,metab-u-lrppos,True,4,0.000794017501934
PC(O-34:1)_ln_b,REFMET:PC(O-34:1)_ln_b,PC(O-34:1)_ln_b,metab-u-lrpneg,True,7,0.0007968323304637
PC(36:5)_lp_a,REFMET:PC(36:5)_lp_a,PC(36:5)_lp_a,metab-u-lrppos,True,14,0.0008034309215724
CE(18:1),REFMET:CE(18:1),CE(18:1),metab-u-lrppos,True,6,0.0008085488423632
PC(32:1),REFMET:PC(32:1),PC(32:1),metab-u-rppos,True,21,0.000817134375252
TG(42:1)_lp_a,REFMET:TG(42:1)_lp_a,TG(42:1)_lp_a,metab-u-lrppos,True,17,0.0008225824804881
Malonyl-CoA/Hydroxybutyryl-CoA,REFMET:Malonyl-CoA/Hydroxybutyryl-CoA,Malonyl-CoA/Hydroxybutyryl-CoA,metab-t-acoa,True,12,0.000835090964095
TG(40:2)_lp_b,REFMET:TG(40:2)_lp_b,TG(40:2)_lp_b,metab-u-lrppos,True,5,0.0008550833216094
PC(O-38:7)_lp_g,REFMET:PC(O-38:7)_lp_g,PC(O-38:7)_lp_g,metab-u-lrppos,True,12,0.0008702407126259
PE(34:0)_ln_b,REFMET:PE(34:0)_ln_b,PE(34:0)_ln_b,metab-u-lrpneg,True,3,0.0008726474827702
PE(18:1_22:1),REFMET:PE(18:1_22:1),PE(18:1_22:1),metab-u-lrpneg,True,4,0.0008733511106541
TG(50:3)_lp_d,REFMET:TG(50:3)_lp_d,TG(50:3)_lp_d,metab-u-lrppos,True,1,0.0008786878629523
Eicosadienoyl-CoA,REFMET:Eicosadienoyl-CoA,Eicosadienoyl-CoA,metab-t-acoa,True,9,0.0008793920493325
Cer(d18:1/16:0),REFMET:Cer(d18:1/16:0),Cer(d18:1/16:0),metab-u-hilicpos,True,12,0.0008793920493325
PC(O-36:1)_lp_c,REFMET:PC(O-36:1)_lp_c,PC(O-36:1)_lp_c,metab-u-lrppos,True,6,0.0008801162541242
PE(38:6),REFMET:PE(38:6),PE(38:6),metab-u-hilicpos,True,17,0.0008878808260786
PE(18:0_20:4)_lp_a,REFMET:PE(18:0_20:4)_lp_a,PE(18:0_20:4)_lp_a,metab-u-lrppos,True,4,0.0009206431565176
TG(16:0_18:1_22:4)_lp_a,REFMET:TG(16:0_18:1_22:4)_lp_a,TG(16:0_18:1_22:4)_lp_a,metab-u-lrppos,True,3,0.0009206431565176
PC(40:4)_lp_b,REFMET:PC(40:4)_lp_b,PC(40:4)_lp_b,metab-u-lrppos,True,19,0.0009311609562545
TG(56:7)_lp_c,REFMET:TG(56:7)_lp_c,TG(56:7)_lp_c,metab-u-lrppos,True,6,0.0009406856222213
PC(O-38:4)_lp_d,REFMET:PC(O-38:4)_lp_d,PC(O-38:4)_lp_d,metab-u-lrppos,True,12,0.0009406856222213
TG(55:3)_lp_c,REFMET:TG(55:3)_lp_c,TG(55:3)_lp_c,metab-u-lrppos,True,9,0.0009406856222213
PE(16:0_18:1)_ln_a,REFMET:PE(16:0_18:1)_ln_a,PE(16:0_18:1)_ln_a,metab-u-lrpneg,True,6,0.0009429268366423
PE(16:1_20:4)_ln_b,REFMET:PE(16:1_20:4)_ln_b,PE(16:1_20:4)_ln_b,metab-u-lrpneg,True,9,0.0009512307188913
PC(16:0_18:1)_ln_b,REFMET:PC(16:0_18:1)_ln_b,PC(16:0_18:1)_ln_b,metab-u-lrpneg,True,4,0.0009574623726272
TG(54:6)_lp_d,REFMET:TG(54:6)_lp_d,TG(54:6)_lp_d,metab-u-lrppos,True,5,0.0009694893263545
PC(16:1_20:4)_ln_b,REFMET:PC(16:1_20:4)_ln_b,PC(16:1_20:4)_ln_b,metab-u-lrpneg,True,22,0.0009854428607818
PS(18:0_22:6)_ln_c,REFMET:PS(18:0_22:6)_ln_c,PS(18:0_22:6)_ln_c,metab-u-lrpneg,True,6,0.0009894620916124
SM(d42:2),REFMET:SM(d42:2),SM(d42:2),metab-u-rppos,True,6,0.0010098906693169
PC(40:8),REFMET:PC(40:8),PC(40:8),metab-u-lrpneg,True,20,0.0010103782621477
PC(42:7)_lp_d,REFMET:PC(42:7)_lp_d,PC(42:7)_lp_d,metab-u-lrppos,True,9,0.001023048410544
PE(36:2)_lp_c,REFMET:PE(36:2)_lp_c,PE(36:2)_lp_c,metab-u-lrppos,True,13,0.0010274538824407
DG(18:1_18:2)_lp_c,REFMET:DG(18:1_18:2)_lp_c,DG(18:1_18:2)_lp_c,metab-u-lrppos,True,9,0.0010555291759957
TG(55:4)_lp_a,REFMET:TG(55:4)_lp_a,TG(55:4)_lp_a,metab-u-lrppos,True,3,0.0010603481907062
N-Acetylcysteine,REFMET:N-Acetylcysteine,N-Acetylcysteine,metab-u-hilicpos,True,7,0.0010770599999126
PE(42:10),REFMET:PE(42:10),PE(42:10),metab-u-lrppos,True,8,0.0010828941250914
PC(17:0_18:1)_ln_a,REFMET:PC(17:0_18:1)_ln_a,PC(17:0_18:1)_ln_a,metab-u-lrpneg,True,3,0.0010933458879981
Methyl N-methylanthranilate,REFMET:Methyl N-methylanthranilate,Methyl N-methylanthranilate,metab-u-hilicpos,True,24,0.001098143000007
PE(P-38:5)/PE(O-38:6),REFMET:PE(P-38:5)/PE(O-38:6),PE(P-38:5)/PE(O-38:6),metab-u-hilicpos,True,11,0.0011036624253139
SM(d44:1),REFMET:SM(d44:1),SM(d44:1),metab-u-lrppos,True,16,0.001124244646875
Crotonoyl-CoA,REFMET:Crotonoyl-CoA,Crotonoyl-CoA,metab-t-acoa,True,11,0.0011563733873068
PC(19:0_20:4)_ln_e,REFMET:PC(19:0_20:4)_ln_e,PC(19:0_20:4)_ln_e,metab-u-lrpneg,True,8,0.001162238071461
PC(44:12),REFMET:PC(44:12),PC(44:12),metab-u-lrppos,True,23,0.0011676726392535
Docosadienoyl-CoA,REFMET:Docosadienoyl-CoA,Docosadienoyl-CoA,metab-t-acoa,True,6,0.0011777475502036
Lignoceric acid,REFMET:Lignoceric acid,Lignoceric acid,metab-u-rpneg,True,10,0.0011800712856368
N-Acetylmethionine,REFMET:N-Acetylmethionine,N-Acetylmethionine,metab-u-hilicpos,True,15,0.0011936788495312
DG(18:0_18:2)_lp_b,REFMET:DG(18:0_18:2)_lp_b,DG(18:0_18:2)_lp_b,metab-u-lrppos,True,10,0.0011968684176418
TG(54:6)_lp_b,REFMET:TG(54:6)_lp_b,TG(54:6)_lp_b,metab-u-lrppos,True,6,0.0012014015534243
TG(40:0)_lp_b,REFMET:TG(40:0)_lp_b,TG(40:0)_lp_b,metab-u-lrppos,True,5,0.0012014015534243
PE(O-18:1/22:6)_lp_g,REFMET:PE(O-18:1/22:6)_lp_g,PE(O-18:1/22:6)_lp_g,metab-u-lrppos,True,14,0.0012080052585836
Nonadecenoyl-CoA,REFMET:Nonadecenoyl-CoA,Nonadecenoyl-CoA,metab-t-acoa,True,4,0.0012080052585836
Eicosapentenoyl-CoA,REFMET:Eicosapentenoyl-CoA,Eicosapentenoyl-CoA,metab-t-acoa,True,3,0.0012080052585836
gamma-Linolenoyl-CoA,REFMET:gamma-Linolenoyl-CoA,gamma-Linolenoyl-CoA,metab-t-acoa,True,2,0.0012080052585836
TG(18:1_18:1_18:2)_lp_d,REFMET:TG(18:1_18:1_18:2)_lp_d,TG(18:1_18:1_18:2)_lp_d,metab-u-lrppos,True,7,0.0012080052585836
dTTP,REFMET:dTTP,dTTP,metab-t-nuc,True,10,0.0012107115306519
DG(18:0_18:1)_lp_a,REFMET:DG(18:0_18:1)_lp_a,DG(18:0_18:1)_lp_a,metab-u-lrppos,True,10,0.0012128460276812
TG(8:0_18:2_18:2),REFMET:TG(8:0_18:2_18:2),TG(8:0_18:2_18:2),metab-u-lrppos,True,2,0.0012144686494241
PC(38:3)_lp_b,REFMET:PC(38:3)_lp_b,PC(38:3)_lp_b,metab-u-lrppos,True,5,0.0012144686494241
DG(18:1_18:1)_lp_c,REFMET:DG(18:1_18:1)_lp_c,DG(18:1_18:1)_lp_c,metab-u-lrppos,True,10,0.0012159240204034
SM(d18:1/14:0),REFMET:SM(d18:1/14:0),SM(d18:1/14:0),metab-u-hilicpos,True,3,0.0012202496438044
PC(37:0)_lp_b,REFMET:PC(37:0)_lp_b,PC(37:0)_lp_b,metab-u-lrppos,True,4,0.0012227783150762
PE(O-39:5)_ln_b,REFMET:PE(O-39:5)_ln_b,PE(O-39:5)_ln_b,metab-u-lrpneg,True,3,0.0012283099745415
TG(58:4)_lp_e,REFMET:TG(58:4)_lp_e,TG(58:4)_lp_e,metab-u-lrppos,True,4,0.0012283099745415
PC(34:4)_lp_b,REFMET:PC(34:4)_lp_b,PC(34:4)_lp_b,metab-u-lrppos,True,12,0.0012355318934813
valine-d8 [iSTD],REFMET:valine-d8 [iSTD],valine-d8 [iSTD],metab-u-hilicpos,True,5,0.0012514806363121
PC(37:6)_lp_a,REFMET:PC(37:6)_lp_a,PC(37:6)_lp_a,metab-u-lrppos,True,14,0.0012547519494037
sn-glycero-3-phosphocholine_feature1,REFMET:sn-glycero-3-phosphocholine_feature1,sn-glycero-3-phosphocholine_feature1,metab-u-lrppos,True,5,0.0012707665446504
Sulfatide(d41:1-OH),REFMET:Sulfatide(d41:1-OH),Sulfatide(d41:1-OH),metab-u-lrpneg,True,4,0.00127116431634
PE(O-40:7)_ln_d,REFMET:PE(O-40:7)_ln_d,PE(O-40:7)_ln_d,metab-u-lrpneg,True,3,0.0012764285624419
Gluconic acid,REFMET:Gluconic acid,Gluconic acid,metab-u-ionpneg,True,8,0.0012768714252371
TG(52:3)_lp_c,REFMET:TG(52:3)_lp_c,TG(52:3)_lp_c,metab-u-lrppos,True,19,0.0012923206334308
Cer(d18:1/22:1)_lp_a,REFMET:Cer(d18:1/22:1)_lp_a,Cer(d18:1/22:1)_lp_a,metab-u-lrppos,True,4,0.0013503633098616
DG(16:0_18:2)_lp_c,REFMET:DG(16:0_18:2)_lp_c,DG(16:0_18:2)_lp_c,metab-u-lrppos,True,7,0.0013641839346053
Serotonin,REFMET:Serotonin,Serotonin,metab-u-hilicpos,True,22,0.0013709907089152
N-Acetylhistidine,REFMET:N-Acetylhistidine,N-Acetylhistidine,metab-u-hilicpos,True,6,0.0013772381439034
1-Methylhistamine,REFMET:1-Methylhistamine,1-Methylhistamine,metab-u-hilicpos,True,6,0.0013774515584864
HexCer(d18:1/25:1-OH),REFMET:HexCer(d18:1/25:1-OH),HexCer(d18:1/25:1-OH),meta-reg,True,4,0.0013790226206916
PC(42:7)_lp_a,REFMET:PC(42:7)_lp_a,PC(42:7)_lp_a,metab-u-lrppos,True,4,0.0013813724009395
LPC(18:1)_hp_b,REFMET:LPC(18:1)_hp_b,LPC(18:1)_hp_b,metab-u-hilicpos,True,2,0.0013927245123736
SM(d38:1)_lp_b,REFMET:SM(d38:1)_lp_b,SM(d38:1)_lp_b,metab-u-lrppos,True,7,0.0014024845693508
PC(O-38:6)_ln_a,REFMET:PC(O-38:6)_ln_a,PC(O-38:6)_ln_a,metab-u-lrpneg,True,13,0.0014090858215203
CE(16:1),REFMET:CE(16:1),CE(16:1),metab-u-lrppos,True,3,0.0014208928051178
PE(O-38:6)_lp_d,REFMET:PE(O-38:6)_lp_d,PE(O-38:6)_lp_d,metab-u-lrppos,True,15,0.001424340637325
PS(O-40:7)>PS(O-20:3/20:4),REFMET:PS(O-40:7)>PS(O-20:3/20:4),PS(O-40:7)>PS(O-20:3/20:4),metab-u-lrpneg,True,5,0.001427758283768
PC(32:0)_lp_a,REFMET:PC(32:0)_lp_a,PC(32:0)_lp_a,metab-u-lrppos,True,25,0.001427758283768
N-Acetyl-D-tryptophan,REFMET:N-Acetyl-D-tryptophan,N-Acetyl-D-tryptophan,metab-u-hilicpos,True,16,0.0014743181478966
PC(37:2)_lp_a,REFMET:PC(37:2)_lp_a,PC(37:2)_lp_a,metab-u-lrppos,True,16,0.0015052141542179
PC(40:7)_ln_a,REFMET:PC(40:7)_ln_a,PC(40:7)_ln_a,metab-u-lrpneg,True,4,0.0015125332531129
PC(36:0)_lp_b,REFMET:PC(36:0)_lp_b,PC(36:0)_lp_b,metab-u-lrppos,True,4,0.001530673338359
Fructose 6-phosphate,REFMET:Fructose 6-phosphate,Fructose 6-phosphate,metab-u-ionpneg,True,13,0.0015362898588161
LPE(18:0)_rp_b,REFMET:LPE(18:0)_rp_b,LPE(18:0)_rp_b,metab-u-rppos,True,8,0.0015362898588161
PE(36:2)_lp_a,REFMET:PE(36:2)_lp_a,PE(36:2)_lp_a,metab-u-lrppos,True,3,0.0015370585624688
TG(40:1)_lp_a,REFMET:TG(40:1)_lp_a,TG(40:1)_lp_a,metab-u-lrppos,True,13,0.001556256825917
PE(18:1_20:4)_lp_c,REFMET:PE(18:1_20:4)_lp_c,PE(18:1_20:4)_lp_c,metab-u-lrppos,True,8,0.0015566232321249
TG(52:6)_lp_d,REFMET:TG(52:6)_lp_d,TG(52:6)_lp_d,metab-u-lrppos,True,13,0.0015707075924165
Guanidoacetic acid,REFMET:Guanidoacetic acid,Guanidoacetic acid,metab-u-hilicpos,True,17,0.0015816671718256
PC(O-34:2)_lp_b,REFMET:PC(O-34:2)_lp_b,PC(O-34:2)_lp_b,metab-u-lrppos,True,5,0.0015832337161426
CAR(24:0),REFMET:CAR(24:0),CAR(24:0),metab-u-lrppos,True,10,0.0015960936727397
PC(38:6),REFMET:PC(38:6),PC(38:6),metab-u-rppos,True,8,0.0016199741732863
TG(58:10)_lp_a,REFMET:TG(58:10)_lp_a,TG(58:10)_lp_a,metab-u-lrppos,True,1,0.0016236149471898
TG(4:0_18:2_18:2)_lp_a,REFMET:TG(4:0_18:2_18:2)_lp_a,TG(4:0_18:2_18:2)_lp_a,metab-u-lrppos,True,10,0.0016268409933103
CAR(16:2),REFMET:CAR(16:2),CAR(16:2),metab-u-rppos,True,8,0.0016268409933103
3-Indolepropionic acid,REFMET:3-Indolepropionic acid,3-Indolepropionic acid,metab-u-rppos,True,22,0.0016316149237125
PC(41:7)_lp_a,REFMET:PC(41:7)_lp_a,PC(41:7)_lp_a,metab-u-lrppos,True,10,0.0016385359695044
TG(42:1)_lp_b,REFMET:TG(42:1)_lp_b,TG(42:1)_lp_b,metab-u-lrppos,True,7,0.0016385359695044
CL(72:6),REFMET:CL(72:6),CL(72:6),metab-u-lrpneg,True,6,0.0016385359695044
SM(d18:1/18:0),REFMET:SM(d18:1/18:0),SM(d18:1/18:0),metab-u-hilicpos,True,12,0.0016508287664812
PI(18:0_22:6)_ln_b,REFMET:PI(18:0_22:6)_ln_b,PI(18:0_22:6)_ln_b,metab-u-lrpneg,True,6,0.0016508287664812
PS(O-42:7)>PS(O-20:3/22:4)_ln_a,REFMET:PS(O-42:7)>PS(O-20:3/22:4)_ln_a,PS(O-42:7)>PS(O-20:3/22:4)_ln_a,metab-u-lrpneg,True,5,0.00165660752423
NADP+,REFMET:NADP+,NADP+,metab-u-ionpneg,True,11,0.0016578678395439
PE(O-38:5)_ln_c,REFMET:PE(O-38:5)_ln_c,PE(O-38:5)_ln_c,metab-u-lrpneg,True,5,0.0016578678395439
PE(O-18:1/22:5)_lp_e,REFMET:PE(O-18:1/22:5)_lp_e,PE(O-18:1/22:5)_lp_e,metab-u-lrppos,True,11,0.0016817366063256
LPC(18:1/0:0)_lp_b,REFMET:LPC(18:1/0:0)_lp_b,LPC(18:1/0:0)_lp_b,metab-u-lrppos,True,10,0.0016900675038299
Cer(d34:1),REFMET:Cer(d34:1),Cer(d34:1),metab-u-lrpneg,True,8,0.0016900675038299
Cer(d18:2/23:0)_lp_b,REFMET:Cer(d18:2/23:0)_lp_b,Cer(d18:2/23:0)_lp_b,metab-u-lrppos,True,6,0.0017023746073889
TG(51:5)_lp_b,REFMET:TG(51:5)_lp_b,TG(51:5)_lp_b,metab-u-lrppos,True,8,0.0017106024198685
PE(P-40:6)/PE(O-40:7),REFMET:PE(P-40:6)/PE(O-40:7),PE(P-40:6)/PE(O-40:7),metab-u-hilicpos,True,7,0.0017108462904015
TG(54:4)_lp_f,REFMET:TG(54:4)_lp_f,TG(54:4)_lp_f,metab-u-lrppos,True,18,0.0017151028696984
TG(50:2)_lp_a,REFMET:TG(50:2)_lp_a,TG(50:2)_lp_a,metab-u-lrppos,True,5,0.0017219142703925
TG(4:0_16:0_18:1)_lp_b,REFMET:TG(4:0_16:0_18:1)_lp_b,TG(4:0_16:0_18:1)_lp_b,metab-u-lrppos,True,8,0.0017251674572041
PE(O-38:2)_lp_d,REFMET:PE(O-38:2)_lp_d,PE(O-38:2)_lp_d,metab-u-lrppos,True,2,0.0017251674572041
PC(O-34:2)_lp_a,REFMET:PC(O-34:2)_lp_a,PC(O-34:2)_lp_a,metab-u-lrppos,True,4,0.0017323083124116
TG(10:0_16:1_18:1)_lp_a,REFMET:TG(10:0_16:1_18:1)_lp_a,TG(10:0_16:1_18:1)_lp_a,metab-u-lrppos,True,2,0.0017453494700872
PC(18:2_20:4)_ln_a,REFMET:PC(18:2_20:4)_ln_a,PC(18:2_20:4)_ln_a,metab-u-lrpneg,True,11,0.0017486440021196
SM(d40:1)_ln_a,REFMET:SM(d40:1)_ln_a,SM(d40:1)_ln_a,metab-u-lrpneg,True,4,0.0017763624441105
Cer(d41:2)_ln_b,REFMET:Cer(d41:2)_ln_b,Cer(d41:2)_ln_b,metab-u-lrpneg,True,8,0.0017861937036896
CAR(26:1),REFMET:CAR(26:1),CAR(26:1),metab-u-lrppos,True,14,0.0017931178548456
SM(d18:1/22:0),REFMET:SM(d18:1/22:0),SM(d18:1/22:0),metab-u-hilicpos,True,18,0.0017964303768043
Homocysteic acid,REFMET:Homocysteic acid,Homocysteic acid,metab-u-ionpneg,True,3,0.0017975204100254
Uracil,REFMET:Uracil,Uracil,metab-u-rppos,True,11,0.0018045677180566
PE(O-20:1/22:4)_ln_a,REFMET:PE(O-20:1/22:4)_ln_a,PE(O-20:1/22:4)_ln_a,metab-u-lrpneg,True,4,0.0018052720137281
Leu-Ile,REFMET:Leu-Ile,Leu-Ile,metab-u-rppos,True,6,0.0018143610833341
SM(d38:3),REFMET:SM(d38:3),SM(d38:3),metab-u-lrppos,True,3,0.0018443892379955
PC(O-18:1/16:0)_ln_b,REFMET:PC(O-18:1/16:0)_ln_b,PC(O-18:1/16:0)_ln_b,metab-u-lrpneg,True,11,0.0018504317084937
PE(O-40:6)_ln_b,REFMET:PE(O-40:6)_ln_b,PE(O-40:6)_ln_b,metab-u-lrppos,True,18,0.0018558659060773
PS(20:4/20:4)_ln_b,REFMET:PS(20:4/20:4)_ln_b,PS(20:4/20:4)_ln_b,metab-u-lrpneg,True,4,0.0018566505852927
Cer(d42:2)_ln_d,REFMET:Cer(d42:2)_ln_d,Cer(d42:2)_ln_d,metab-u-lrpneg,True,4,0.001872103026509
TG(46:1)_lp_b,REFMET:TG(46:1)_lp_b,TG(46:1)_lp_b,metab-u-lrppos,True,18,0.0018994180133608
PE(16:0_20:4)_lp_e,REFMET:PE(16:0_20:4)_lp_e,PE(16:0_20:4)_lp_e,metab-u-lrppos,True,7,0.0018994180133608
Octenoyl-CoA,REFMET:Octenoyl-CoA,Octenoyl-CoA,metab-t-acoa,True,3,0.0018994180133608
TG(50:6)_lp_b,REFMET:TG(50:6)_lp_b,TG(50:6)_lp_b,metab-u-lrppos,True,2,0.001906853377858
PE(34:3)_ln_a,REFMET:PE(34:3)_ln_a,PE(34:3)_ln_a,metab-u-lrpneg,True,18,0.0019199895445961
PE(38:6)_lp_a,REFMET:PE(38:6)_lp_a,PE(38:6)_lp_a,metab-u-lrppos,True,7,0.0019343027613207
Cer(d42:3)_lp_b,REFMET:Cer(d42:3)_lp_b,Cer(d42:3)_lp_b,metab-u-lrppos,True,8,0.001955523487388
PC(16:0_18:3)_ln_c,REFMET:PC(16:0_18:3)_ln_c,PC(16:0_18:3)_ln_c,metab-u-lrpneg,True,8,0.0019639628102389
PC(37:0)_lp_e,REFMET:PC(37:0)_lp_e,PC(37:0)_lp_e,metab-u-lrppos,True,4,0.0020261862158544
TG(50:5)_lp_b,REFMET:TG(50:5)_lp_b,TG(50:5)_lp_b,metab-u-lrppos,True,2,0.0020353137107832
DG(34:1),REFMET:DG(34:1),DG(34:1),metab-u-hilicpos,True,17,0.0020456606048099
SM(d42:2)_lp_b,REFMET:SM(d42:2)_lp_b,SM(d42:2)_lp_b,metab-u-lrppos,True,8,0.0020467665764599
PE(40:7)_lp_b,REFMET:PE(40:7)_lp_b,PE(40:7)_lp_b,metab-u-lrppos,True,1,0.0020543441625998
PE(38:5)_ln_c,REFMET:PE(38:5)_ln_c,PE(38:5)_ln_c,metab-u-lrpneg,True,13,0.0020663170317098
Cer(d40:1)_ln_a,REFMET:Cer(d40:1)_ln_a,Cer(d40:1)_ln_a,metab-u-lrpneg,True,11,0.002079953053629
Cer(d18:1/21:0),REFMET:Cer(d18:1/21:0),Cer(d18:1/21:0),metab-u-lrppos,True,4,0.002080494248061
PE(O-16:1/20:4)_ln_c,REFMET:PE(O-16:1/20:4)_ln_c,PE(O-16:1/20:4)_ln_c,metab-u-lrpneg,True,9,0.0021107647524906
LPC(20:4)_ln_b,REFMET:LPC(20:4)_ln_b,LPC(20:4)_ln_b,metab-u-lrpneg,True,4,0.0021183104634037
CAR(9:0),REFMET:CAR(9:0),CAR(9:0),metab-u-hilicpos,True,6,0.0021240511782469
DG(34:2),REFMET:DG(34:2),DG(34:2),metab-u-rppos,True,12,0.0021376640549508
N-Lauroylglycine,REFMET:N-Lauroylglycine,N-Lauroylglycine,metab-u-hilicpos,True,13,0.0021488148694299
LPC(20:5),REFMET:LPC(20:5),LPC(20:5),metab-u-hilicpos,True,19,0.002157615696872
TG(42:5)_lp_a,REFMET:TG(42:5)_lp_a,TG(42:5)_lp_a,metab-u-lrppos,True,5,0.0021598616766575
TG(48:0),REFMET:TG(48:0),TG(48:0),metab-u-lrppos,True,10,0.0021979163670043
Lauric acid,REFMET:Lauric acid,Lauric acid,metab-u-rpneg,True,3,0.0022381098031779
TG(4:0_16:0_18:1)_lp_c,REFMET:TG(4:0_16:0_18:1)_lp_c,TG(4:0_16:0_18:1)_lp_c,metab-u-lrppos,True,7,0.0022446717969782
Erythrose 4-phosphate,REFMET:Erythrose 4-phosphate,Erythrose 4-phosphate,metab-u-ionpneg,True,9,0.002251727375073
PC(42:9)_lp_b,REFMET:PC(42:9)_lp_b,PC(42:9)_lp_b,metab-u-lrppos,True,6,0.0022643992181557
TG(50:8),REFMET:TG(50:8),TG(50:8),metab-u-lrppos,True,4,0.0022932315899399
Symmetric dimethyl-arginine,REFMET:Symmetric dimethyl-arginine,Symmetric dimethyl-arginine,metab-u-hilicpos,True,10,0.0022983492206355
PC(O-18:2/20:4)_ln_b,REFMET:PC(O-18:2/20:4)_ln_b,PC(O-18:2/20:4)_ln_b,metab-u-lrpneg,True,5,0.0023120938530193
PC(14:0_18:2)_ln_a,REFMET:PC(14:0_18:2)_ln_a,PC(14:0_18:2)_ln_a,metab-u-lrpneg,True,6,0.0023137811458526
PE(38:4),REFMET:PE(38:4),PE(38:4),metab-u-hilicpos,True,10,0.0023227372358416
PC(34:2)_lp_a,REFMET:PC(34:2)_lp_a,PC(34:2)_lp_a,metab-u-lrppos,True,8,0.0023267694569821
PG(18:1_22:6)_ln_a,REFMET:PG(18:1_22:6)_ln_a,PG(18:1_22:6)_ln_a,metab-u-lrpneg,True,2,0.0023482772941288
TG(52:1)_lp_c,REFMET:TG(52:1)_lp_c,TG(52:1)_lp_c,metab-u-lrppos,True,5,0.0023692096733574
PC(40:4)_ln_c,REFMET:PC(40:4)_ln_c,PC(40:4)_ln_c,metab-u-lrpneg,True,3,0.0023792134013186
PC(36:1)_lp_a,REFMET:PC(36:1)_lp_a,PC(36:1)_lp_a,metab-u-lrppos,True,15,0.0023798223574449
TG(12:0_16:0_22:6)_lp_c,REFMET:TG(12:0_16:0_22:6)_lp_c,TG(12:0_16:0_22:6)_lp_c,metab-u-lrppos,True,4,0.002390010100629
SM(d41:2)_ln_bc,REFMET:SM(d41:2)_ln_bc,SM(d41:2)_ln_bc,metab-u-lrpneg,True,8,0.0024137072315947
TG(30:0),REFMET:TG(30:0),TG(30:0),metab-u-lrppos,True,5,0.0024362658277033
TG(18:2_18:2_18:2)_lp_a,REFMET:TG(18:2_18:2_18:2)_lp_a,TG(18:2_18:2_18:2)_lp_a,metab-u-lrppos,True,3,0.0024362658277033
Sedoheptulose 7-phosphate,REFMET:Sedoheptulose 7-phosphate,Sedoheptulose 7-phosphate,metab-u-ionpneg,True,5,0.0024362658277033
TG(18:2_18:2_20:4)_lp_a,REFMET:TG(18:2_18:2_20:4)_lp_a,TG(18:2_18:2_20:4)_lp_a,metab-u-lrppos,True,6,0.0024369175145554
TG(10:0_18:2_22:5),REFMET:TG(10:0_18:2_22:5),TG(10:0_18:2_22:5),metab-u-lrppos,True,4,0.0024452508848783
TG(4:0_14:0_16:0)_lp_c,REFMET:TG(4:0_14:0_16:0)_lp_c,TG(4:0_14:0_16:0)_lp_c,metab-u-lrppos,True,10,0.0024452508848783
PC(O-36:4)_lp_b,REFMET:PC(O-36:4)_lp_b,PC(O-36:4)_lp_b,metab-u-lrppos,True,9,0.0024537336800545
PS(38:3)_lp_b,REFMET:PS(38:3)_lp_b,PS(38:3)_lp_b,metab-u-lrppos,True,8,0.0024545419417639
PE(O-34:3),REFMET:PE(O-34:3),PE(O-34:3),metab-u-lrpneg,True,11,0.0024645386134073
PC(30:0)_ln_a,REFMET:PC(30:0)_ln_a,PC(30:0)_ln_a,metab-u-lrpneg,True,12,0.0024658791172709
Palmitic acid,REFMET:Palmitic acid,Palmitic acid,metab-u-rpneg,True,3,0.0024734123726875
PC(O-38:7)_lp_f,REFMET:PC(O-38:7)_lp_f,PC(O-38:7)_lp_f,metab-u-lrppos,True,6,0.0025044201568973
SM(d41:0),REFMET:SM(d41:0),SM(d41:0),metab-u-lrppos,True,12,0.0025186101324597
LPE(18:0)_hp_a,REFMET:LPE(18:0)_hp_a,LPE(18:0)_hp_a,metab-u-hilicpos,True,19,0.0025357740586975
Phytosphingosine,REFMET:Phytosphingosine,Phytosphingosine,metab-u-hilicpos,True,10,0.002537998252274
PE(18:2_20:4)_ln_b,REFMET:PE(18:2_20:4)_ln_b,PE(18:2_20:4)_ln_b,metab-u-lrpneg,True,16,0.0025598002689134
PS(O-20:3/22:4),REFMET:PS(O-20:3/22:4),PS(O-20:3/22:4),metab-u-lrpneg,True,12,0.0025606543997279
UMP,REFMET:UMP,UMP,meta-reg,True,8,0.0025693086168562
Cer(d18:1/23:0),REFMET:Cer(d18:1/23:0),Cer(d18:1/23:0),metab-u-lrppos,True,12,0.0025750790059919
PC(O-40:6)_lp_f,REFMET:PC(O-40:6)_lp_f,PC(O-40:6)_lp_f,metab-u-lrppos,True,6,0.0025750790059919
SM(d40:2)_lp_a,REFMET:SM(d40:2)_lp_a,SM(d40:2)_lp_a,metab-u-lrppos,True,17,0.0025854151009034
CAR(18:1)_lp_a,REFMET:CAR(18:1)_lp_a,CAR(18:1)_lp_a,metab-u-lrppos,True,9,0.0025865699738202
DG(18:2_18:3_0:0)_lp_a,REFMET:DG(18:2_18:3_0:0)_lp_a,DG(18:2_18:3_0:0)_lp_a,metab-u-lrppos,True,4,0.0025967806606281
PE(O-34:1)_ln_a,REFMET:PE(O-34:1)_ln_a,PE(O-34:1)_ln_a,metab-u-lrpneg,True,4,0.0025967806606281
SM(d39:1)_lp_b,REFMET:SM(d39:1)_lp_b,SM(d39:1)_lp_b,metab-u-lrppos,True,7,0.0025967806606281
PC(19:0_20:4)_ln_c,REFMET:PC(19:0_20:4)_ln_c,PC(19:0_20:4)_ln_c,metab-u-lrpneg,True,2,0.0026277905320972
TG(58:8)_lp_d,REFMET:TG(58:8)_lp_d,TG(58:8)_lp_d,metab-u-lrppos,True,1,0.0026382273670618
TG(4:0_16:0_16:0)_lp_a,REFMET:TG(4:0_16:0_16:0)_lp_a,TG(4:0_16:0_16:0)_lp_a,metab-u-lrppos,True,6,0.0026434450614059
PC(40:6),REFMET:PC(40:6),PC(40:6),metab-u-rppos,True,13,0.0026581936394377
PC(39:4)_lp_e,REFMET:PC(39:4)_lp_e,PC(39:4)_lp_e,metab-u-lrppos,True,17,0.0026757751676999
LPE(18:1),REFMET:LPE(18:1),LPE(18:1),metab-u-hilicpos,True,14,0.0026983832239183
PC(32:0)_lp_b,REFMET:PC(32:0)_lp_b,PC(32:0)_lp_b,metab-u-lrppos,True,4,0.0027147217431567
Proline betaine,REFMET:Proline betaine,Proline betaine,metab-u-hilicpos,True,11,0.0027155199852374
Taurocholic acid,REFMET:Taurocholic acid,Taurocholic acid,metab-u-rpneg,True,4,0.0027253272560065
phenylalanine-d8 [iSTD],REFMET:phenylalanine-d8 [iSTD],phenylalanine-d8 [iSTD],metab-u-hilicpos,True,5,0.0027882683764249
PC(18:2_19:0)_ln_a,REFMET:PC(18:2_19:0)_ln_a,PC(18:2_19:0)_ln_a,metab-u-lrpneg,True,3,0.0028136930857645
PC(44:4)_lp_b,REFMET:PC(44:4)_lp_b,PC(44:4)_lp_b,metab-u-lrppos,True,3,0.002815636805239
PE(O-40:7)_ln_j,REFMET:PE(O-40:7)_ln_j,PE(O-40:7)_ln_j,metab-u-lrpneg,True,8,0.0028907001909304
PC(O-36:5)_lp_b,REFMET:PC(O-36:5)_lp_b,PC(O-36:5)_lp_b,metab-u-lrppos,True,5,0.0029068487701923
PC(39:4)_lp_c,REFMET:PC(39:4)_lp_c,PC(39:4)_lp_c,metab-u-lrppos,True,8,0.0029236833125493
PC(O-38:5)_lp_a,REFMET:PC(O-38:5)_lp_a,PC(O-38:5)_lp_a,metab-u-lrppos,True,6,0.0029321846700365
SM(d44:2)_ln_a,REFMET:SM(d44:2)_ln_a,SM(d44:2)_ln_a,metab-u-lrpneg,True,10,0.0029579509640709
Cer(d18:1/25:0)_lp_a,REFMET:Cer(d18:1/25:0)_lp_a,Cer(d18:1/25:0)_lp_a,metab-u-lrppos,True,6,0.0029579509640709
PC(36:3)_lp_a,REFMET:PC(36:3)_lp_a,PC(36:3)_lp_a,metab-u-lrppos,True,10,0.0029579509640709
PC(42:5)_lp_c,REFMET:PC(42:5)_lp_c,PC(42:5)_lp_c,metab-u-lrppos,True,8,0.0029579509640709
PC(18:1_18:2)_ln_b,REFMET:PC(18:1_18:2)_ln_b,PC(18:1_18:2)_ln_b,metab-u-lrpneg,True,13,0.0029608023317556
Decenoyl-CoA,REFMET:Decenoyl-CoA,Decenoyl-CoA,metab-t-acoa,True,4,0.0029779014359342
PC(42:4)_lp_b,REFMET:PC(42:4)_lp_b,PC(42:4)_lp_b,metab-u-lrppos,True,4,0.002990564604694
Ureidopropionic acid,REFMET:Ureidopropionic acid,Ureidopropionic acid,metab-u-hilicpos,True,22,0.0030006003651415
PI(18:1_20:4)_lp_b,REFMET:PI(18:1_20:4)_lp_b,PI(18:1_20:4)_lp_b,metab-u-lrppos,True,3,0.0030037858421091
SM(d40:2)_ln_b,REFMET:SM(d40:2)_ln_b,SM(d40:2)_ln_b,metab-u-lrpneg,True,9,0.0030037858421091
Isopentenoyl-CoA,REFMET:Isopentenoyl-CoA,Isopentenoyl-CoA,metab-t-acoa,True,9,0.0030183700645022
SM(d43:1)_lp_a,REFMET:SM(d43:1)_lp_a,SM(d43:1)_lp_a,metab-u-lrppos,True,4,0.003035397743846
"GTInternalStandard_PE(33:1(d7))>PE(15:0/18:1(9z,d7))_[iSTD]","REFMET:GTInternalStandard_PE(33:1(d7))>PE(15:0/18:1(9z,d7))_[iSTD]","GTInternalStandard_PE(33:1(d7))>PE(15:0/18:1(9z,d7))_[iSTD]",metab-u-lrpneg,True,11,0.0030477494765155
N-Acetyl-D-galactosamine,REFMET:N-Acetyl-D-galactosamine,N-Acetyl-D-galactosamine,metab-u-hilicpos,True,14,0.0030967268294371
PE(O-35:2)_ln_c,REFMET:PE(O-35:2)_ln_c,PE(O-35:2)_ln_c,metab-u-lrpneg,True,5,0.0031945573966338
CL(70:7),REFMET:CL(70:7),CL(70:7),metab-u-lrpneg,True,15,0.0032008265408305
SM(d43:1)_ln_ab,REFMET:SM(d43:1)_ln_ab,SM(d43:1)_ln_ab,metab-u-lrpneg,True,7,0.0032102158596235
PC(O-36:4)_lp_d,REFMET:PC(O-36:4)_lp_d,PC(O-36:4)_lp_d,metab-u-lrppos,True,8,0.0032273679535658
"trans-Cyclohexane-1,2-diol","REFMET:trans-Cyclohexane-1,2-diol","trans-Cyclohexane-1,2-diol",metab-u-rppos,True,3,0.0032273679535658
PC(40:5)_lp_a,REFMET:PC(40:5)_lp_a,PC(40:5)_lp_a,metab-u-lrppos,True,12,0.0032308347141423
Homocysteine,REFMET:Homocysteine,Homocysteine,metab-u-hilicpos,True,3,0.0032308347141423
UDP,REFMET:UDP,UDP,metab-u-ionpneg,True,5,0.0032400274651681
PG(18:0_22:6)_ln_b,REFMET:PG(18:0_22:6)_ln_b,PG(18:0_22:6)_ln_b,metab-u-lrpneg,True,2,0.0032569142028896
PE(18:0_20:4)_ln_e,REFMET:PE(18:0_20:4)_ln_e,PE(18:0_20:4)_ln_e,metab-u-lrpneg,True,12,0.003277936868034
PS(18:0_18:2)_ln_d,REFMET:PS(18:0_18:2)_ln_d,PS(18:0_18:2)_ln_d,metab-u-lrpneg,True,6,0.0033027219574827
SM(d37:1),REFMET:SM(d37:1),SM(d37:1),metab-u-lrppos,True,4,0.0033126793117787
Targinine,REFMET:Targinine,Targinine,metab-u-hilicpos,True,12,0.0033421977932966
TG(8:0_16:0_22:6)_lp_a,REFMET:TG(8:0_16:0_22:6)_lp_a,TG(8:0_16:0_22:6)_lp_a,metab-u-lrppos,True,3,0.0033448619443801
TG(8:0_18:2_20:4)_lp_b,REFMET:TG(8:0_18:2_20:4)_lp_b,TG(8:0_18:2_20:4)_lp_b,metab-u-lrppos,True,3,0.0033508247883612
PC(42:8)_lp_c,REFMET:PC(42:8)_lp_c,PC(42:8)_lp_c,metab-u-lrppos,True,5,0.0033508247883612
TG(38:0)_lp_c,REFMET:TG(38:0)_lp_c,TG(38:0)_lp_c,metab-u-lrppos,True,7,0.0033776125041112
TG(10:0_16:1_18:1)_lp_b,REFMET:TG(10:0_16:1_18:1)_lp_b,TG(10:0_16:1_18:1)_lp_b,metab-u-lrppos,True,7,0.003426122645489
Pyridoxamine,REFMET:Pyridoxamine,Pyridoxamine,metab-u-hilicpos,True,11,0.0034274717127517
CE(22:6)_lp_b,REFMET:CE(22:6)_lp_b,CE(22:6)_lp_b,metab-u-lrppos,True,6,0.003453345230246
TG(46:0),REFMET:TG(46:0),TG(46:0),metab-u-lrppos,True,7,0.0034896110266446
ADP-ribose,REFMET:ADP-ribose,ADP-ribose,metab-t-nuc,True,8,0.0034939623569126
SM(d32:2),REFMET:SM(d32:2),SM(d32:2),metab-u-rppos,True,3,0.0035041306932252
LPC(16:1)_ln_b,REFMET:LPC(16:1)_ln_b,LPC(16:1)_ln_b,metab-u-lrpneg,True,2,0.0035041306932252
DG(36:3),REFMET:DG(36:3),DG(36:3),metab-u-rppos,True,7,0.0035126626320788
Hexenoyl-CoA,REFMET:Hexenoyl-CoA,Hexenoyl-CoA,metab-t-acoa,True,8,0.0035207690153623
LPC(0:0/20:2)_lp_a,REFMET:LPC(0:0/20:2)_lp_a,LPC(0:0/20:2)_lp_a,metab-u-lrppos,True,2,0.0035247223092753
Stearoyl-CoA,REFMET:Stearoyl-CoA,Stearoyl-CoA,metab-t-acoa,True,11,0.0035253671649314
TG(50:3)_lp_c,REFMET:TG(50:3)_lp_c,TG(50:3)_lp_c,metab-u-lrppos,True,20,0.0035292021435164
UDP-glucuronic acid,REFMET:UDP-glucuronic acid,UDP-glucuronic acid,metab-u-ionpneg,True,3,0.0035356271693474
TG(49:0),REFMET:TG(49:0),TG(49:0),metab-u-lrppos,True,10,0.0035356271693474
TG(10:0_18:2_20:4)_lp_a,REFMET:TG(10:0_18:2_20:4)_lp_a,TG(10:0_18:2_20:4)_lp_a,metab-u-lrppos,True,3,0.003538159234066
PE(O-38:6)_ln_c,REFMET:PE(O-38:6)_ln_c,PE(O-38:6)_ln_c,metab-u-lrpneg,True,6,0.0035439213376449
DG(16:0_18:1)_lp_b,REFMET:DG(16:0_18:1)_lp_b,DG(16:0_18:1)_lp_b,metab-u-lrppos,True,15,0.0035532131431874
TG(36:1)_lp_a,REFMET:TG(36:1)_lp_a,TG(36:1)_lp_a,metab-u-lrppos,True,7,0.0035532131431874
TG(56:4)_lp_f,REFMET:TG(56:4)_lp_f,TG(56:4)_lp_f,metab-u-lrppos,True,8,0.0035619960395338
TG(54:8)_lp_b,REFMET:TG(54:8)_lp_b,TG(54:8)_lp_b,metab-u-lrppos,True,7,0.0035905803682763
2-Piperidinone,REFMET:2-Piperidinone,2-Piperidinone,metab-u-rppos,True,5,0.0035924926985214
Biopterin,REFMET:Biopterin,Biopterin,metab-u-hilicpos,True,21,0.0036109829237934
LPC(15:0),REFMET:LPC(15:0),LPC(15:0),metab-u-rppos,True,4,0.0036209670371928
PI(18:0_22:5)_ln_a,REFMET:PI(18:0_22:5)_ln_a,PI(18:0_22:5)_ln_a,metab-u-lrpneg,True,10,0.0036581287325879
PE(18:0_22:4)_ln_d,REFMET:PE(18:0_22:4)_ln_d,PE(18:0_22:4)_ln_d,metab-u-lrpneg,True,1,0.0036728822403484
TG(38:2)_lp_a,REFMET:TG(38:2)_lp_a,TG(38:2)_lp_a,metab-u-lrppos,True,2,0.0036876837386196
Propionyl-CoA,REFMET:Propionyl-CoA,Propionyl-CoA,metab-t-acoa,True,5,0.0037056372149622
Sulfatide(d40:1-OH),REFMET:Sulfatide(d40:1-OH),Sulfatide(d40:1-OH),metab-u-lrpneg,True,4,0.0037071989934103
LPC(15:0)_rp_a,REFMET:LPC(15:0)_rp_a,LPC(15:0)_rp_a,metab-u-rppos,True,3,0.0037330702690415
PE(40:8),REFMET:PE(40:8),PE(40:8),metab-u-lrppos,True,5,0.0037506193292942
21-Deoxycortisol,REFMET:21-Deoxycortisol,21-Deoxycortisol,metab-u-hilicpos,True,20,0.0037506526981462
TG(51:2)_M+NH3_lp_b,REFMET:TG(51:2)_M+NH3_lp_b,TG(51:2)_M+NH3_lp_b,metab-u-lrppos,True,5,0.0037719252376526
TG(16:0_18:1_22:4)_lp_c,REFMET:TG(16:0_18:1_22:4)_lp_c,TG(16:0_18:1_22:4)_lp_c,metab-u-lrppos,True,1,0.0037743339514943
SM(d41:2)_lp_a,REFMET:SM(d41:2)_lp_a,SM(d41:2)_lp_a,metab-u-lrppos,True,9,0.0037838877564521
PE(O-16:1/22:6)_lp_b,REFMET:PE(O-16:1/22:6)_lp_b,PE(O-16:1/22:6)_lp_b,metab-u-lrppos,True,4,0.0038109247671613
PC(35:4)_lp_b,REFMET:PC(35:4)_lp_b,PC(35:4)_lp_b,metab-u-lrppos,True,3,0.0038228645053958
Docosenoyl-CoA,REFMET:Docosenoyl-CoA,Docosenoyl-CoA,metab-t-acoa,True,10,0.0038228645053958
Margaric acid,REFMET:Margaric acid,Margaric acid,metab-u-rpneg,True,6,0.0038533489015238
LPE(20:1),REFMET:LPE(20:1),LPE(20:1),metab-u-hilicpos,True,7,0.0038726602148404
PC(14:0_20:4)_ln_c,REFMET:PC(14:0_20:4)_ln_c,PC(14:0_20:4)_ln_c,metab-u-lrpneg,True,7,0.0039019022758755
TG(56:6)_lp_c,REFMET:TG(56:6)_lp_c,TG(56:6)_lp_c,metab-u-lrppos,True,9,0.0039292468792695
TG(38:2)_lp_c,REFMET:TG(38:2)_lp_c,TG(38:2)_lp_c,metab-u-lrppos,True,2,0.0039414964396592
PC(P-38:5)/PC(O-38:6),REFMET:PC(P-38:5)/PC(O-38:6),PC(P-38:5)/PC(O-38:6),metab-u-hilicpos,True,14,0.0039571875179821
Deoxycholic acid,REFMET:Deoxycholic acid,Deoxycholic acid,metab-u-rpneg,True,9,0.0039687914104329
DG(16:0_16:0)_lp_b,REFMET:DG(16:0_16:0)_lp_b,DG(16:0_16:0)_lp_b,metab-u-lrppos,True,5,0.0039752355377435
PC(42:5)_lp_d,REFMET:PC(42:5)_lp_d,PC(42:5)_lp_d,metab-u-lrppos,True,4,0.0039765366933487
DG(18:1_18:1),REFMET:DG(18:1_18:1),DG(18:1_18:1),metab-u-rppos,True,11,0.0039765366933487
2-Aminobutyric acid,REFMET:2-Aminobutyric acid,2-Aminobutyric acid,metab-t-amines,True,7,0.0039784487623204
PC(14:0_20:4)_ln_b,REFMET:PC(14:0_20:4)_ln_b,PC(14:0_20:4)_ln_b,metab-u-lrpneg,True,7,0.0040070460238271
PC(35:0)_lp_a,REFMET:PC(35:0)_lp_a,PC(35:0)_lp_a,metab-u-lrppos,True,3,0.0040252513315399
TG(18:2_18:3_20:5),REFMET:TG(18:2_18:3_20:5),TG(18:2_18:3_20:5),metab-u-lrppos,True,7,0.0040894842113844
TG(18:1_18:2_18:2)_lp_a,REFMET:TG(18:1_18:2_18:2)_lp_a,TG(18:1_18:2_18:2)_lp_a,metab-u-lrppos,True,5,0.0040989842096768
LPC(16:0)_lp_b,REFMET:LPC(16:0)_lp_b,LPC(16:0)_lp_b,metab-u-lrppos,True,1,0.0041005851282504
TG(40:1)_lp_c,REFMET:TG(40:1)_lp_c,TG(40:1)_lp_c,metab-u-lrppos,True,7,0.0041005851282504
isoleucine-13C6 [iSTD],REFMET:isoleucine-13C6 [iSTD],isoleucine-13C6 [iSTD],metab-u-rpneg,True,3,0.0041213156706652
TG(52:3)_lp_a,REFMET:TG(52:3)_lp_a,TG(52:3)_lp_a,metab-u-lrppos,True,4,0.0041213156706652
PC(44:5)_lp_a,REFMET:PC(44:5)_lp_a,PC(44:5)_lp_a,metab-u-lrppos,True,4,0.004140204056863
CAR(16:2)_lp_a,REFMET:CAR(16:2)_lp_a,CAR(16:2)_lp_a,metab-u-lrppos,True,7,0.004140204056863
TG(53:3)_lp_e,REFMET:TG(53:3)_lp_e,TG(53:3)_lp_e,metab-u-lrppos,True,6,0.0041760531420613
TG(58:3)_lp_c,REFMET:TG(58:3)_lp_c,TG(58:3)_lp_c,metab-u-lrppos,True,5,0.0041794514263063
TG(42:5)_lp_b,REFMET:TG(42:5)_lp_b,TG(42:5)_lp_b,metab-u-lrppos,True,5,0.0041816807454733
ATP,REFMET:ATP,ATP,metab-u-ionpneg,True,18,0.0041872553604469
PE(38:6)_lp_c,REFMET:PE(38:6)_lp_c,PE(38:6)_lp_c,metab-u-lrppos,True,7,0.0041974384255367
PC(38:5)_lp_c,REFMET:PC(38:5)_lp_c,PC(38:5)_lp_c,metab-u-lrppos,True,9,0.0042169060278273
PC(O-40:7)_lp_b,REFMET:PC(O-40:7)_lp_b,PC(O-40:7)_lp_b,metab-u-lrppos,True,4,0.0042208932020896
PC(18:0_20:4)_ln_d,REFMET:PC(18:0_20:4)_ln_d,PC(18:0_20:4)_ln_d,metab-u-lrpneg,True,12,0.0042288995683337
PE(40:5)_lp_e,REFMET:PE(40:5)_lp_e,PE(40:5)_lp_e,metab-u-lrppos,True,6,0.0042878940726403
PI(18:0_20:3)_ln_d,REFMET:PI(18:0_20:3)_ln_d,PI(18:0_20:3)_ln_d,metab-u-lrpneg,True,7,0.004343363595441
PC(37:6)_lp_e,REFMET:PC(37:6)_lp_e,PC(37:6)_lp_e,metab-u-lrppos,True,5,0.0043828143817528
aspartate-13C4 [iSTD],REFMET:aspartate-13C4 [iSTD],aspartate-13C4 [iSTD],metab-u-rpneg,True,6,0.0043861646106002
PE(O-34:5)_ln_b,REFMET:PE(O-34:5)_ln_b,PE(O-34:5)_ln_b,metab-u-lrpneg,True,10,0.0043894525742029
LPC(14:0)_ln_ab,REFMET:LPC(14:0)_ln_ab,LPC(14:0)_ln_ab,metab-u-lrpneg,True,2,0.0044140713728564
TG(50:2)_lp_c,REFMET:TG(50:2)_lp_c,TG(50:2)_lp_c,metab-u-lrppos,True,19,0.0044529170508206
TG(10:0_16:0_18:1)_lp_a,REFMET:TG(10:0_16:0_18:1)_lp_a,TG(10:0_16:0_18:1)_lp_a,metab-u-lrppos,True,10,0.0044529170508206
CAR(7:0),REFMET:CAR(7:0),CAR(7:0),metab-u-hilicpos,True,16,0.0044805284165165
TG(4:0_18:1_18:2)_lp_b,REFMET:TG(4:0_18:1_18:2)_lp_b,TG(4:0_18:1_18:2)_lp_b,metab-u-lrppos,True,13,0.0044977616602598
N1-Methyl-2-pyridone-5-carboxamide,REFMET:N1-Methyl-2-pyridone-5-carboxamide,N1-Methyl-2-pyridone-5-carboxamide,metab-u-hilicpos,True,6,0.0044977616602598
CAR(18:0(OH)),REFMET:CAR(18:0(OH)),CAR(18:0(OH)),metab-u-lrppos,True,7,0.0045204445144955
PE(P-36:2)/PE(O-36:3),REFMET:PE(P-36:2)/PE(O-36:3),PE(P-36:2)/PE(O-36:3),metab-u-hilicpos,True,7,0.0045221730160989
"3',5' cyclic AMP","REFMET:3',5' cyclic AMP","3',5' cyclic AMP",metab-u-hilicpos,True,7,0.004532825955157
TG(50:4)_lp_c,REFMET:TG(50:4)_lp_c,TG(50:4)_lp_c,metab-u-lrppos,True,4,0.00454668764696
PC(36:4)_lp_c,REFMET:PC(36:4)_lp_c,PC(36:4)_lp_c,metab-u-lrppos,True,8,0.0046426964637218
PE(P-36:4)/PE(O-36:5),REFMET:PE(P-36:4)/PE(O-36:5),PE(P-36:4)/PE(O-36:5),metab-u-hilicpos,True,15,0.0046532786826687
PE(19:0_20:4)_ln_c,REFMET:PE(19:0_20:4)_ln_c,PE(19:0_20:4)_ln_c,metab-u-lrpneg,True,3,0.0047908641674782
PC(O-42:6)_lp_d,REFMET:PC(O-42:6)_lp_d,PC(O-42:6)_lp_d,metab-u-lrppos,True,4,0.0048266861259059
LPC(18:2)_ln_ab,REFMET:LPC(18:2)_ln_ab,LPC(18:2)_ln_ab,metab-u-lrpneg,True,3,0.0048305511553011
TG(44:2)_lp_a,REFMET:TG(44:2)_lp_a,TG(44:2)_lp_a,metab-u-lrppos,True,7,0.0048629398745995
Cer(d18:1/24:0)_lp_b,REFMET:Cer(d18:1/24:0)_lp_b,Cer(d18:1/24:0)_lp_b,metab-u-lrppos,True,4,0.0048843938215431
alpha-Muricholic acid,REFMET:alpha-Muricholic acid,alpha-Muricholic acid,metab-u-rpneg,True,21,0.0048877583782767
TG(18:2_18:2_18:2)_lp_c,REFMET:TG(18:2_18:2_18:2)_lp_c,TG(18:2_18:2_18:2)_lp_c,metab-u-lrppos,True,8,0.0049069419332779
Retinoic acid,REFMET:Retinoic acid,Retinoic acid,metab-u-rpneg,True,5,0.0049621495004571
DG(16:0_16:1),REFMET:DG(16:0_16:1),DG(16:0_16:1),metab-u-lrppos,True,16,0.0049694403472164
TG(57:4)_lp_b,REFMET:TG(57:4)_lp_b,TG(57:4)_lp_b,metab-u-lrppos,True,1,0.0049815604667145
PC(42:6)_lp_b,REFMET:PC(42:6)_lp_b,PC(42:6)_lp_b,metab-u-lrppos,True,2,0.0049815604667145
DG(18:0_22:6_0:0)_lp_f,REFMET:DG(18:0_22:6_0:0)_lp_f,DG(18:0_22:6_0:0)_lp_f,metab-u-lrppos,True,8,0.0049904786981264
Histamine,REFMET:Histamine,Histamine,metab-u-hilicpos,True,8,0.0049995321340333
TG(49:1),REFMET:TG(49:1),TG(49:1),metab-u-lrppos,True,9,0.0050026051124388
TG(49:2)_lp_c,REFMET:TG(49:2)_lp_c,TG(49:2)_lp_c,metab-u-lrppos,True,11,0.0050096522253687
Corticosterone,REFMET:Corticosterone,Corticosterone,metab-u-lrppos,True,3,0.0050223030639501
TG(51:3)_lp_c,REFMET:TG(51:3)_lp_c,TG(51:3)_lp_c,metab-u-lrppos,True,13,0.0050223030639501
TG(60:4)_lp_a,REFMET:TG(60:4)_lp_a,TG(60:4)_lp_a,metab-u-lrppos,True,3,0.0050675212238998
PE(O-20:0/20:4)_ln_d,REFMET:PE(O-20:0/20:4)_ln_d,PE(O-20:0/20:4)_ln_d,metab-u-lrpneg,True,2,0.0050675212238998
lysine-13C6 [iSTD],REFMET:lysine-13C6 [iSTD],lysine-13C6 [iSTD],metab-u-rpneg,True,3,0.005079302479258
PE(16:0_20:4)_ln_c,REFMET:PE(16:0_20:4)_ln_c,PE(16:0_20:4)_ln_c,metab-u-lrpneg,True,9,0.0050826582351648
LPC(18:0/0:0)_ln_b,REFMET:LPC(18:0/0:0)_ln_b,LPC(18:0/0:0)_ln_b,metab-u-lrpneg,True,7,0.0050832262924966
PC(30:0)_lp_b,REFMET:PC(30:0)_lp_b,PC(30:0)_lp_b,metab-u-lrppos,True,4,0.0051118603127215
SM(d18:1/16:1),REFMET:SM(d18:1/16:1),SM(d18:1/16:1),metab-u-hilicpos,True,10,0.0051161455967113
PC(34:0)_lp_b,REFMET:PC(34:0)_lp_b,PC(34:0)_lp_b,metab-u-lrppos,True,5,0.0051651485378228
PC(36:2)_lp_c,REFMET:PC(36:2)_lp_c,PC(36:2)_lp_c,metab-u-lrppos,True,12,0.0051836869307976
CAR(4:0)_rp_b,REFMET:CAR(4:0)_rp_b,CAR(4:0)_rp_b,metab-u-rppos,True,13,0.0052291881748137
PC(37:4)_lp_c,REFMET:PC(37:4)_lp_c,PC(37:4)_lp_c,metab-u-lrppos,True,8,0.0052291881748137
TG(54:6)_lp_f,REFMET:TG(54:6)_lp_f,TG(54:6)_lp_f,metab-u-lrppos,True,12,0.0052291881748137
PC(O-38:5)_lp_b,REFMET:PC(O-38:5)_lp_b,PC(O-38:5)_lp_b,metab-u-lrppos,True,8,0.0052301647052245
TG(54:7)_lp_d,REFMET:TG(54:7)_lp_d,TG(54:7)_lp_d,metab-u-lrppos,True,5,0.0052436914531266
PC(41:2)_lp_c,REFMET:PC(41:2)_lp_c,PC(41:2)_lp_c,metab-u-lrppos,True,3,0.0052523126728993
Cer(d40:2)_ln_a,REFMET:Cer(d40:2)_ln_a,Cer(d40:2)_ln_a,metab-u-lrpneg,True,3,0.0052537837330836
Cystine,REFMET:Cystine,Cystine,metab-u-hilicpos,True,11,0.005264190619083
TG(40:1)_lp_b,REFMET:TG(40:1)_lp_b,TG(40:1)_lp_b,metab-u-lrppos,True,12,0.0052761890413764
PC(39:4)_lp_d,REFMET:PC(39:4)_lp_d,PC(39:4)_lp_d,metab-u-lrppos,True,9,0.0053237795353706
SM(d40:1)_lp_b,REFMET:SM(d40:1)_lp_b,SM(d40:1)_lp_b,metab-u-lrppos,True,4,0.0053257100140067
PG(18:2_20:4),REFMET:PG(18:2_20:4),PG(18:2_20:4),metab-u-lrpneg,True,3,0.005332667898108
CAR(17:1),REFMET:CAR(17:1),CAR(17:1),metab-u-lrppos,True,7,0.0053340763354223
PC(O-38:7)_lp_a,REFMET:PC(O-38:7)_lp_a,PC(O-38:7)_lp_a,metab-u-lrppos,True,6,0.0053486356022029
Deoxyuridine,REFMET:Deoxyuridine,Deoxyuridine,metab-u-ionpneg,True,5,0.0053487357835621
LPC(20:0),REFMET:LPC(20:0),LPC(20:0),metab-u-rppos,True,4,0.0053767377365807
PE(22:4_22:6)_ln_b,REFMET:PE(22:4_22:6)_ln_b,PE(22:4_22:6)_ln_b,metab-u-lrpneg,True,4,0.0054062258882438
Indoleacrylic acid,REFMET:Indoleacrylic acid,Indoleacrylic acid,metab-u-rpneg,True,3,0.0054260654693975
TG(53:1)_lp_d,REFMET:TG(53:1)_lp_d,TG(53:1)_lp_d,metab-u-lrppos,True,3,0.0054260654693975
PC(32:0),REFMET:PC(32:0),PC(32:0),metab-u-rppos,True,4,0.0054292540726654
PE(O-38:7)_ln_a,REFMET:PE(O-38:7)_ln_a,PE(O-38:7)_ln_a,metab-u-lrpneg,True,17,0.0054380582061188
SM(d42:1)_lp_b,REFMET:SM(d42:1)_lp_b,SM(d42:1)_lp_b,metab-u-lrppos,True,8,0.0054490627597451
LPE(O-18:2),REFMET:LPE(O-18:2),LPE(O-18:2),metab-u-lrppos,True,2,0.0054490627597451
SM(d33:1),REFMET:SM(d33:1),SM(d33:1),metab-u-lrppos,True,6,0.0054490627597451
PS(36:2)_lp_d,REFMET:PS(36:2)_lp_d,PS(36:2)_lp_d,metab-u-lrppos,True,2,0.0055247077047487
PE(36:3)_lp_a,REFMET:PE(36:3)_lp_a,PE(36:3)_lp_a,metab-u-lrppos,True,9,0.0055247077047487
NADH,REFMET:NADH,NADH,metab-u-ionpneg,True,8,0.0057331626474768
Putrescine,REFMET:Putrescine,Putrescine,metab-u-hilicpos,True,13,0.0058195687345288
TG(16:1_18:1_18:2)_lp_d,REFMET:TG(16:1_18:1_18:2)_lp_d,TG(16:1_18:1_18:2)_lp_d,metab-u-lrppos,True,3,0.0058209053835641
Pipecolic acid,REFMET:Pipecolic acid,Pipecolic acid,metab-u-hilicpos,True,8,0.0058527524162299
Aminoisobutyric acid,REFMET:Aminoisobutyric acid,Aminoisobutyric acid,metab-u-hilicpos,True,6,0.0058690208949457
PC(17:0_20:4)_ln_c,REFMET:PC(17:0_20:4)_ln_c,PC(17:0_20:4)_ln_c,metab-u-lrpneg,True,12,0.0059075123810488
Cer(d18:2/24:0)_lp_d,REFMET:Cer(d18:2/24:0)_lp_d,Cer(d18:2/24:0)_lp_d,metab-u-lrppos,True,4,0.0059149138196867
PE(O-34:1)_lp_a,REFMET:PE(O-34:1)_lp_a,PE(O-34:1)_lp_a,metab-u-lrppos,True,2,0.0059209891906893
Phosphoglyceric acid,REFMET:Phosphoglyceric acid,Phosphoglyceric acid,metab-u-ionpneg,True,5,0.0059222322678682
Eicosatrienoic acid,REFMET:Eicosatrienoic acid,Eicosatrienoic acid,metab-u-rpneg,True,7,0.005923981804646
TG(16:0_18:2_18:3)_lp_e,REFMET:TG(16:0_18:2_18:3)_lp_e,TG(16:0_18:2_18:3)_lp_e,metab-u-lrppos,True,7,0.0059253095756075
TG(52:7)_lp_b,REFMET:TG(52:7)_lp_b,TG(52:7)_lp_b,metab-u-lrppos,True,10,0.0059492915134784
DG(18:1_20:4)_lp_b,REFMET:DG(18:1_20:4)_lp_b,DG(18:1_20:4)_lp_b,metab-u-lrppos,True,12,0.0059752235159384
3-Hydroxybenzoic acid,REFMET:3-Hydroxybenzoic acid,3-Hydroxybenzoic acid,metab-u-rpneg,True,7,0.0059863778713634
CAR(8:0(OH)),REFMET:CAR(8:0(OH)),CAR(8:0(OH)),metab-u-rppos,True,12,0.0061449992162305
Glu-Phe,REFMET:Glu-Phe,Glu-Phe,metab-u-rppos,True,3,0.0061449992162305
Hydroxydecanoic acid,REFMET:Hydroxydecanoic acid,Hydroxydecanoic acid,metab-u-rpneg,True,9,0.0061449992162305
SM(d38:2)_lp_b,REFMET:SM(d38:2)_lp_b,SM(d38:2)_lp_b,metab-u-lrppos,True,7,0.0061449992162305
Betaine,REFMET:Betaine,Betaine,metab-u-hilicpos,True,20,0.0061552665314162
SM(d41:1),REFMET:SM(d41:1),SM(d41:1),metab-u-lrppos,True,14,0.0061778616158006
TG(4:0_18:1_18:1)_lp_b,REFMET:TG(4:0_18:1_18:1)_lp_b,TG(4:0_18:1_18:1)_lp_b,metab-u-lrppos,True,7,0.0061842702365541
PC(18:1_20:1)_ln_c,REFMET:PC(18:1_20:1)_ln_c,PC(18:1_20:1)_ln_c,metab-u-lrpneg,True,2,0.0061842702365541
PC(42:5)_lp_f,REFMET:PC(42:5)_lp_f,PC(42:5)_lp_f,metab-u-lrppos,True,4,0.0062115147094752
PE(16:1_22:6),REFMET:PE(16:1_22:6),PE(16:1_22:6),metab-u-lrpneg,True,9,0.0062386986819609
PE(34:1)_lp_a,REFMET:PE(34:1)_lp_a,PE(34:1)_lp_a,metab-u-lrppos,True,17,0.0062525193049374
CAR(26:0),REFMET:CAR(26:0),CAR(26:0),metab-u-hilicpos,True,21,0.0063039885779627
TG(53:4)_lp_b,REFMET:TG(53:4)_lp_b,TG(53:4)_lp_b,metab-u-lrppos,True,5,0.0063078944766669
Choline phosphate,REFMET:Choline phosphate,Choline phosphate,metab-u-hilicpos,True,5,0.0063535369786454
Cer(d40:2)_ln_b,REFMET:Cer(d40:2)_ln_b,Cer(d40:2)_ln_b,metab-u-lrpneg,True,8,0.006358121612976
PE(36:2),REFMET:PE(36:2),PE(36:2),metab-u-hilicpos,True,17,0.0063826095002169
PC(16:0/18:0)_ln_c,REFMET:PC(16:0/18:0)_ln_c,PC(16:0/18:0)_ln_c,metab-u-lrpneg,True,6,0.0064284303866503
5-Hydroxytryptophol,REFMET:5-Hydroxytryptophol,5-Hydroxytryptophol,metab-u-hilicpos,True,12,0.0064284303866503
PE(O-40:8)_lp_b,REFMET:PE(O-40:8)_lp_b,PE(O-40:8)_lp_b,metab-u-lrppos,True,8,0.0064319286296021
TG(38:1)_lp_b,REFMET:TG(38:1)_lp_b,TG(38:1)_lp_b,metab-u-lrppos,True,3,0.0065242185233793
Ribothymidine,REFMET:Ribothymidine,Ribothymidine,metab-u-hilicpos,True,3,0.0065452650986023
PS(40:5)_lp_c,REFMET:PS(40:5)_lp_c,PS(40:5)_lp_c,metab-u-lrppos,True,9,0.0065734385583602
C16 Sphinganine,REFMET:C16 Sphinganine,C16 Sphinganine,metab-u-rppos,True,6,0.0065734385583602
Biotin,REFMET:Biotin,Biotin,metab-u-hilicpos,True,2,0.0066453983680527
Nonanoyl-CoA,REFMET:Nonanoyl-CoA,Nonanoyl-CoA,metab-t-acoa,True,2,0.0066453983680527
SM(d42:1)_ln_b,REFMET:SM(d42:1)_ln_b,SM(d42:1)_ln_b,metab-u-lrpneg,True,1,0.0066792500743296
gamma-Glutamyltyrosine,REFMET:gamma-Glutamyltyrosine,gamma-Glutamyltyrosine,metab-u-rppos,True,9,0.0067106468039886
CL(72:7),REFMET:CL(72:7),CL(72:7),metab-u-lrpneg,True,6,0.0067151850011772
omega-Muricholic acid,REFMET:omega-Muricholic acid,omega-Muricholic acid,metab-u-rpneg,True,8,0.0067212225441548
Retinol,REFMET:Retinol,Retinol,metab-u-hilicpos,True,4,0.0067631402393038
Glycohyocholic acid,REFMET:Glycohyocholic acid,Glycohyocholic acid,metab-u-rpneg,True,24,0.0067741780318437
LPC(20:1)_lp_b,REFMET:LPC(20:1)_lp_b,LPC(20:1)_lp_b,metab-u-lrppos,True,5,0.0068085125649532
PE(16:0_20:4)_lp_a,REFMET:PE(16:0_20:4)_lp_a,PE(16:0_20:4)_lp_a,metab-u-lrppos,True,10,0.0068146713624544
PC(44:10),REFMET:PC(44:10),PC(44:10),metab-u-lrppos,True,3,0.0068274264331561
PS(38:3)_ln_c,REFMET:PS(38:3)_ln_c,PS(38:3)_ln_c,metab-u-lrpneg,True,1,0.0069088269808331
SM(d44:2)_lp_a,REFMET:SM(d44:2)_lp_a,SM(d44:2)_lp_a,metab-u-lrppos,True,14,0.0069144661860371
LPC(18:2),REFMET:LPC(18:2),LPC(18:2),metab-u-rppos,True,13,0.0069621484028248
Heneicosanoyl-CoA,REFMET:Heneicosanoyl-CoA,Heneicosanoyl-CoA,metab-t-acoa,True,6,0.0069621484028248
LPE(18:0),REFMET:LPE(18:0),LPE(18:0),metab-u-hilicpos,True,3,0.0069697956772872
PC(40:7)_lp_c,REFMET:PC(40:7)_lp_c,PC(40:7)_lp_c,metab-u-lrppos,True,11,0.0070042653886438
PE(O-38:4)_lp_c,REFMET:PE(O-38:4)_lp_c,PE(O-38:4)_lp_c,metab-u-lrppos,True,6,0.0070042653886438
Allantoin,REFMET:Allantoin,Allantoin,metab-u-hilicpos,True,7,0.0070245994038759
TG(18:2_18:2_18:3)_lp_b,REFMET:TG(18:2_18:2_18:3)_lp_b,TG(18:2_18:2_18:3)_lp_b,metab-u-lrppos,True,6,0.0070291765922125
TG(58:2)_lp_c,REFMET:TG(58:2)_lp_c,TG(58:2)_lp_c,metab-u-lrppos,True,8,0.0070351073919505
Deoxyguanosine,REFMET:Deoxyguanosine,Deoxyguanosine,metab-u-rppos,True,3,0.007065739408527
PE(O-18:1/20:4)_ln_f,REFMET:PE(O-18:1/20:4)_ln_f,PE(O-18:1/20:4)_ln_f,metab-u-lrpneg,True,15,0.0071424554773853
PS(40:7),REFMET:PS(40:7),PS(40:7),metab-u-lrppos,True,6,0.0071813022382705
TG(58:2)_lp_a,REFMET:TG(58:2)_lp_a,TG(58:2)_lp_a,metab-u-lrppos,True,6,0.0071813022382705
TG(56:3)_lp_c,REFMET:TG(56:3)_lp_c,TG(56:3)_lp_c,metab-u-lrppos,True,1,0.0072008152576459
SM(d40:0-OH),REFMET:SM(d40:0-OH),SM(d40:0-OH),metab-u-lrpneg,True,3,0.0072008152576459
TG(51:4),REFMET:TG(51:4),TG(51:4),metab-u-lrppos,True,11,0.0072032176889706
CAR(13:0),REFMET:CAR(13:0),CAR(13:0),metab-u-lrppos,True,7,0.007263163138456
PC(34:2),REFMET:PC(34:2),PC(34:2),metab-u-rppos,True,4,0.007269342660542
UDP-N-acetylglucosamine,REFMET:UDP-N-acetylglucosamine,UDP-N-acetylglucosamine,metab-u-ionpneg,True,11,0.0073738258876037
TG(34:0)_lp_a,REFMET:TG(34:0)_lp_a,TG(34:0)_lp_a,metab-u-lrppos,True,4,0.007468605493321
Methylguanidine,REFMET:Methylguanidine,Methylguanidine,metab-u-hilicpos,True,15,0.0074929482492744
Palmitoleic acid,REFMET:Palmitoleic acid,Palmitoleic acid,meta-reg,True,12,0.0075784112758206
TG(4:0_18:2_18:3),REFMET:TG(4:0_18:2_18:3),TG(4:0_18:2_18:3),metab-u-lrppos,True,3,0.0075791244538353
Sulfatide(d41:1),REFMET:Sulfatide(d41:1),Sulfatide(d41:1),metab-u-lrpneg,True,4,0.0075796885989536
TG(58:11)_lp_b,REFMET:TG(58:11)_lp_b,TG(58:11)_lp_b,metab-u-lrppos,True,4,0.0076458633253582
CAR(16:1)_lp_a,REFMET:CAR(16:1)_lp_a,CAR(16:1)_lp_a,metab-u-lrppos,True,5,0.0076664561043088
TG(55:1)_lp_b,REFMET:TG(55:1)_lp_b,TG(55:1)_lp_b,metab-u-lrppos,True,2,0.0076974262575703
LPC(20:3),REFMET:LPC(20:3),LPC(20:3),metab-u-rppos,True,12,0.0077331095765838
AMP,REFMET:AMP,AMP,meta-reg,True,6,0.0077638529132156
Stearic acid,REFMET:Stearic acid,Stearic acid,metab-u-rpneg,True,3,0.0078695737799678
LPC(0:0/16:0),REFMET:LPC(0:0/16:0),LPC(0:0/16:0),metab-u-hilicpos,True,6,0.0078877509547126
TG(51:1)_lp_c,REFMET:TG(51:1)_lp_c,TG(51:1)_lp_c,metab-u-lrppos,True,1,0.007895960622061
PC(37:4)_lp_b,REFMET:PC(37:4)_lp_b,PC(37:4)_lp_b,metab-u-lrppos,True,7,0.0079011941383216
PE(O-38:4)_lp_d,REFMET:PE(O-38:4)_lp_d,PE(O-38:4)_lp_d,metab-u-lrppos,True,8,0.0079186596830753
PS(18:0_18:1),REFMET:PS(18:0_18:1),PS(18:0_18:1),metab-u-lrpneg,True,11,0.0079257542678812
Dimethylarginine/symmetric dimethyl-L-arginine,REFMET:Dimethylarginine/symmetric dimethyl-L-arginine,Dimethylarginine/symmetric dimethyl-L-arginine,metab-u-hilicpos,True,4,0.0079387695383451
PE(36:2)_lp_b,REFMET:PE(36:2)_lp_b,PE(36:2)_lp_b,metab-u-lrppos,True,14,0.0079497414980463
PI(16:0_22:6),REFMET:PI(16:0_22:6),PI(16:0_22:6),metab-u-lrpneg,True,6,0.0079497414980463
PC(42:9)_lp_a,REFMET:PC(42:9)_lp_a,PC(42:9)_lp_a,metab-u-lrppos,True,4,0.0079497414980463
Heneicosatrienoyl-CoA,REFMET:Heneicosatrienoyl-CoA,Heneicosatrienoyl-CoA,metab-t-acoa,True,6,0.0079497414980463
PC(33:3)_lp_b,REFMET:PC(33:3)_lp_b,PC(33:3)_lp_b,metab-u-lrppos,True,3,0.0079497414980463
Cer(d36:1),REFMET:Cer(d36:1),Cer(d36:1),metab-u-lrpneg,True,2,0.0080348179075428
PC(O-38:4)_lp_a,REFMET:PC(O-38:4)_lp_a,PC(O-38:4)_lp_a,metab-u-lrppos,True,4,0.0080425400961695
Phosphoserine,REFMET:Phosphoserine,Phosphoserine,metab-u-ionpneg,True,5,0.0080425400961695
CAR(18:2)_lp_a,REFMET:CAR(18:2)_lp_a,CAR(18:2)_lp_a,metab-u-lrppos,True,12,0.0080599902376795
SM(d18:1/20:0),REFMET:SM(d18:1/20:0),SM(d18:1/20:0),metab-u-hilicpos,True,16,0.0080729854503378
PE(O-36:4)_ln_a,REFMET:PE(O-36:4)_ln_a,PE(O-36:4)_ln_a,metab-u-lrpneg,True,5,0.0082267691145571
PC(41:3),REFMET:PC(41:3),PC(41:3),metab-u-lrppos,True,11,0.0082777890907757
LPE(18:0)_ln_ab,REFMET:LPE(18:0)_ln_ab,LPE(18:0)_ln_ab,metab-u-lrppos,True,1,0.0083304020679029
LPC(16:0)_ln_ab,REFMET:LPC(16:0)_ln_ab,LPC(16:0)_ln_ab,metab-u-lrpneg,True,9,0.0083395370699398
PC(42:9)_lp_c,REFMET:PC(42:9)_lp_c,PC(42:9)_lp_c,metab-u-lrppos,True,4,0.0083443079457599
PE(O-38:6)_ln_b,REFMET:PE(O-38:6)_ln_b,PE(O-38:6)_ln_b,metab-u-lrpneg,True,9,0.0083462542164228
Nonenoyl-CoA,REFMET:Nonenoyl-CoA,Nonenoyl-CoA,metab-t-acoa,True,9,0.0083551462710139
TG(48:3)_lp_a,REFMET:TG(48:3)_lp_a,TG(48:3)_lp_a,metab-u-lrppos,True,9,0.0083833130771071
DG(16:0_20:4)_lp_b,REFMET:DG(16:0_20:4)_lp_b,DG(16:0_20:4)_lp_b,metab-u-lrppos,True,10,0.0084570498360912
TG(36:2)_lp_b,REFMET:TG(36:2)_lp_b,TG(36:2)_lp_b,metab-u-lrppos,True,5,0.0084805000514187
Spermidine,REFMET:Spermidine,Spermidine,metab-u-rppos,True,8,0.0085033719908813
TG(10:0_18:2_18:2),REFMET:TG(10:0_18:2_18:2),TG(10:0_18:2_18:2),metab-u-lrppos,True,3,0.0085033719908813
HexCer(d18:1/22:0-OH)_lp_b,REFMET:HexCer(d18:1/22:0-OH)_lp_b,HexCer(d18:1/22:0-OH)_lp_b,metab-u-lrppos,True,2,0.0085150670058072
TG(50:2)_lp_b,REFMET:TG(50:2)_lp_b,TG(50:2)_lp_b,metab-u-lrppos,True,8,0.0085174810735329
Heneicosadienoyl-CoA,REFMET:Heneicosadienoyl-CoA,Heneicosadienoyl-CoA,metab-t-acoa,True,4,0.0085473198919607
TG(10:0_18:2_18:3)_lp_b,REFMET:TG(10:0_18:2_18:3)_lp_b,TG(10:0_18:2_18:3)_lp_b,metab-u-lrppos,True,3,0.0085489876900472
Nicotinic acid mononucleotide,REFMET:Nicotinic acid mononucleotide,Nicotinic acid mononucleotide,metab-t-nuc,True,2,0.0085489876900472
PC(42:2)_lp_b,REFMET:PC(42:2)_lp_b,PC(42:2)_lp_b,metab-u-lrppos,True,4,0.0085782894780322
N-Acetylaspartic acid,REFMET:N-Acetylaspartic acid,N-Acetylaspartic acid,metab-u-hilicpos,True,6,0.0086306922681818
PC(16:0_20:4)_ln_c,REFMET:PC(16:0_20:4)_ln_c,PC(16:0_20:4)_ln_c,metab-u-lrpneg,True,6,0.0086550133741354
Tetradecenoyl-CoA,REFMET:Tetradecenoyl-CoA,Tetradecenoyl-CoA,metab-t-acoa,True,6,0.0086600251167136
TG(51:1)_lp_a,REFMET:TG(51:1)_lp_a,TG(51:1)_lp_a,metab-u-lrppos,True,8,0.008729542897546
N1-Acetylspermidine,REFMET:N1-Acetylspermidine,N1-Acetylspermidine,metab-u-hilicpos,True,12,0.0087625929549648
PC(O-38:6)_lp_b,REFMET:PC(O-38:6)_lp_b,PC(O-38:6)_lp_b,metab-u-lrppos,True,5,0.0087641055354828
"GTInternalStandard_DG(33:1(d7))>DG(15:0/18:1(9z,d7)/0:0)_[iSTD]","REFMET:GTInternalStandard_DG(33:1(d7))>DG(15:0/18:1(9z,d7)/0:0)_[iSTD]","GTInternalStandard_DG(33:1(d7))>DG(15:0/18:1(9z,d7)/0:0)_[iSTD]",metab-u-lrppos,True,3,0.0087812290589893
4-Guanidinobutanoic acid,REFMET:4-Guanidinobutanoic acid,4-Guanidinobutanoic acid,metab-u-hilicpos,True,16,0.0087906656752297
PC(33:2),REFMET:PC(33:2),PC(33:2),metab-u-rppos,True,12,0.0088038294089558
UDP-galactose,REFMET:UDP-galactose,UDP-galactose,metab-t-nuc,True,11,0.0088177851240805
LPE(20:0/0:0)_ln_b,REFMET:LPE(20:0/0:0)_ln_b,LPE(20:0/0:0)_ln_b,metab-u-lrpneg,True,7,0.008884230555868
PC(31:0)_lp_b,REFMET:PC(31:0)_lp_b,PC(31:0)_lp_b,metab-u-lrppos,True,1,0.0089167621772352
PC(36:6)_lp_b,REFMET:PC(36:6)_lp_b,PC(36:6)_lp_b,metab-u-lrppos,True,8,0.0089583347058252
SM(d34:0-OH),REFMET:SM(d34:0-OH),SM(d34:0-OH),metab-u-lrppos,True,3,0.0090347122938867
CAR(14:1(OH)),REFMET:CAR(14:1(OH)),CAR(14:1(OH)),metab-u-lrppos,True,6,0.0090601254687384
CE(18:2),REFMET:CE(18:2),CE(18:2),metab-u-lrppos,True,8,0.0090976860235967
TG(18:1_18:1_20:1)_lp_c,REFMET:TG(18:1_18:1_20:1)_lp_c,TG(18:1_18:1_20:1)_lp_c,metab-u-lrppos,True,3,0.0090976860235967
PE(40:6)_lp_b,REFMET:PE(40:6)_lp_b,PE(40:6)_lp_b,metab-u-lrppos,True,9,0.0091136357943628
SM(d39:1)_ln_a,REFMET:SM(d39:1)_ln_a,SM(d39:1)_ln_a,metab-u-lrpneg,True,8,0.0091670993146009
CAR(17:0)_lp_b,REFMET:CAR(17:0)_lp_b,CAR(17:0)_lp_b,metab-u-lrppos,True,3,0.0092856597137508
Ile-Val,REFMET:Ile-Val,Ile-Val,metab-u-rppos,True,3,0.0094689371700933
TG(17:1_18:2_18:2)_lp_a,REFMET:TG(17:1_18:2_18:2)_lp_a,TG(17:1_18:2_18:2)_lp_a,metab-u-lrppos,True,3,0.00949658458585
PE(36:4)_lp_c,REFMET:PE(36:4)_lp_c,PE(36:4)_lp_c,metab-u-lrppos,True,1,0.0095184087695
CAR(22:4),REFMET:CAR(22:4),CAR(22:4),metab-u-lrppos,True,6,0.0095189790959408
DG(18:0_18:2)_lp_d,REFMET:DG(18:0_18:2)_lp_d,DG(18:0_18:2)_lp_d,metab-u-lrppos,True,5,0.0095189790959408
PC(42:8)_lp_b,REFMET:PC(42:8)_lp_b,PC(42:8)_lp_b,metab-u-lrppos,True,3,0.0095571425368887
PS(40:6)_lp_b,REFMET:PS(40:6)_lp_b,PS(40:6)_lp_b,metab-u-lrppos,True,4,0.0095571425368887
TG(49:3)_lp_b,REFMET:TG(49:3)_lp_b,TG(49:3)_lp_b,metab-u-lrppos,True,8,0.0096524218225135
SM(d38:2)_lp_a,REFMET:SM(d38:2)_lp_a,SM(d38:2)_lp_a,metab-u-lrppos,True,4,0.0098062116193976
HexCer(d34:1),REFMET:HexCer(d34:1),HexCer(d34:1),metab-u-lrppos,True,1,0.0098072023914056
TG(58:6)_lp_g,REFMET:TG(58:6)_lp_g,TG(58:6)_lp_g,metab-u-lrppos,True,4,0.0098424497868303
DG(38:4)_lp_d,REFMET:DG(38:4)_lp_d,DG(38:4)_lp_d,metab-u-lrppos,True,3,0.0098874212986626
TG(58:6)_lp_d,REFMET:TG(58:6)_lp_d,TG(58:6)_lp_d,metab-u-lrppos,True,6,0.0099122481346019
PI(18:0_20:4)_ln_b,REFMET:PI(18:0_20:4)_ln_b,PI(18:0_20:4)_ln_b,metab-u-lrpneg,True,8,0.010002201716616
MG(14:0),REFMET:MG(14:0),MG(14:0),metab-u-rppos,True,5,0.0100224751946921
TG(50:5)_lp_a,REFMET:TG(50:5)_lp_a,TG(50:5)_lp_a,metab-u-lrppos,True,1,0.0100224751946921
Cer(d38:1),REFMET:Cer(d38:1),Cer(d38:1),metab-u-lrpneg,True,11,0.0100385060077673
PC(38:5)_ln_c,REFMET:PC(38:5)_ln_c,PC(38:5)_ln_c,metab-u-lrpneg,True,8,0.0100565668017406
CAR(15:0)_lp_b,REFMET:CAR(15:0)_lp_b,CAR(15:0)_lp_b,metab-u-lrppos,True,3,0.010057503050882
LPC(18:2)_rp_b,REFMET:LPC(18:2)_rp_b,LPC(18:2)_rp_b,metab-u-rppos,True,8,0.0100679117253596
PE(O-40:7)_lp_d,REFMET:PE(O-40:7)_lp_d,PE(O-40:7)_lp_d,metab-u-lrppos,True,5,0.0100790242979993
PE(O-18:1/22:5)_ln_d,REFMET:PE(O-18:1/22:5)_ln_d,PE(O-18:1/22:5)_ln_d,metab-u-lrpneg,True,3,0.0101077338904912
Cer(t18:0/24:1),REFMET:Cer(t18:0/24:1),Cer(t18:0/24:1),metab-u-lrppos,True,4,0.010150984214771
LPC(20:4/0:0)_lp_b,REFMET:LPC(20:4/0:0)_lp_b,LPC(20:4/0:0)_lp_b,metab-u-lrppos,True,4,0.0102804153745677
LPC(17:0)_lp_ab,REFMET:LPC(17:0)_lp_ab,LPC(17:0)_lp_ab,metab-u-lrppos,True,6,0.0102804153745677
CMP,REFMET:CMP,CMP,metab-u-ionpneg,True,6,0.0103116268172428
TG(46:3)_,REFMET:TG(46:3)_,TG(46:3)_,metab-u-lrppos,True,1,0.0103849890167457
FAD,REFMET:FAD,FAD,metab-u-ionpneg,True,19,0.0104245442206008
TG(16:0_18:1_22:6)_lp_f,REFMET:TG(16:0_18:1_22:6)_lp_f,TG(16:0_18:1_22:6)_lp_f,metab-u-lrppos,True,9,0.0104402476447646
PE(40:5)_lp_c,REFMET:PE(40:5)_lp_c,PE(40:5)_lp_c,metab-u-lrppos,True,5,0.0105247366112091
Methylimidazoleacetic acid,REFMET:Methylimidazoleacetic acid,Methylimidazoleacetic acid,metab-u-hilicpos,True,6,0.0108402974390739
PE(O-20:0/20:4)_ln_b,REFMET:PE(O-20:0/20:4)_ln_b,PE(O-20:0/20:4)_ln_b,metab-u-lrpneg,True,2,0.0109937770366028
PE(34:2)_lp_b,REFMET:PE(34:2)_lp_b,PE(34:2)_lp_b,metab-u-lrppos,True,5,0.011123016799957
TG(58:1)_lp_b,REFMET:TG(58:1)_lp_b,TG(58:1)_lp_b,metab-u-lrppos,True,2,0.011123016799957
TG(48:2)_lp_c,REFMET:TG(48:2)_lp_c,TG(48:2)_lp_c,metab-u-lrppos,True,19,0.0111377048944723
Coenzyme A,REFMET:Coenzyme A,Coenzyme A,metab-t-acoa,True,10,0.0112814893128049
Glycoursodeoxycholic acid,REFMET:Glycoursodeoxycholic acid,Glycoursodeoxycholic acid,metab-u-rpneg,True,9,0.0114003178263548
TG(58:5)_lp_e,REFMET:TG(58:5)_lp_e,TG(58:5)_lp_e,metab-u-lrppos,True,5,0.0117138132636423
SM(d34:1-OH)_lp_a,REFMET:SM(d34:1-OH)_lp_a,SM(d34:1-OH)_lp_a,metab-u-lrppos,True,1,0.0117144358260391
PE(O-18:1/18:1)_lp_b,REFMET:PE(O-18:1/18:1)_lp_b,PE(O-18:1/18:1)_lp_b,metab-u-lrppos,True,6,0.0117215325734944
LPC(19:0)_lp_a,REFMET:LPC(19:0)_lp_a,LPC(19:0)_lp_a,metab-u-lrppos,True,1,0.0118128463479639
TG(57:2),REFMET:TG(57:2),TG(57:2),metab-u-lrppos,True,3,0.0118128463479639
TG(57:3)_lp_b,REFMET:TG(57:3)_lp_b,TG(57:3)_lp_b,metab-u-lrppos,True,3,0.011818752566111
PC(43:4),REFMET:PC(43:4),PC(43:4),metab-u-lrppos,True,1,0.0118267289604467
DG(18:1_18:2)_lp_b,REFMET:DG(18:1_18:2)_lp_b,DG(18:1_18:2)_lp_b,metab-u-lrppos,True,5,0.0118353751956041
EA(17:0),REFMET:EA(17:0),EA(17:0),metab-u-lrppos,True,12,0.0118429026715646
Hydroxytetradecanoic acid,REFMET:Hydroxytetradecanoic acid,Hydroxytetradecanoic acid,metab-u-rpneg,True,2,0.0119279029953218
Pterin,REFMET:Pterin,Pterin,metab-u-hilicpos,True,2,0.0119556827178442
DG(18:0_18:2_0:0)_lp_d,REFMET:DG(18:0_18:2_0:0)_lp_d,DG(18:0_18:2_0:0)_lp_d,metab-u-lrppos,True,2,0.0119786010020294
Cer(d18:1/26:1)_lp_b,REFMET:Cer(d18:1/26:1)_lp_b,Cer(d18:1/26:1)_lp_b,metab-u-lrppos,True,6,0.0119786010020294
Cer(d18:1/25:0)_lp_b,REFMET:Cer(d18:1/25:0)_lp_b,Cer(d18:1/25:0)_lp_b,metab-u-lrppos,True,4,0.0120203119979214
TG(54:2)_lp_c,REFMET:TG(54:2)_lp_c,TG(54:2)_lp_c,metab-u-lrppos,True,3,0.0120313366531416
PE(P-38:4)/PE(O-38:5),REFMET:PE(P-38:4)/PE(O-38:5),PE(P-38:4)/PE(O-38:5),metab-u-hilicpos,True,6,0.0120496107269831
TG(58:4)_lp_d,REFMET:TG(58:4)_lp_d,TG(58:4)_lp_d,metab-u-lrppos,True,2,0.0120650193655741
LPC(15:0)_lp_ab,REFMET:LPC(15:0)_lp_ab,LPC(15:0)_lp_ab,metab-u-lrppos,True,7,0.0120972669432978
N-Methyl-D-aspartic acid,REFMET:N-Methyl-D-aspartic acid,N-Methyl-D-aspartic acid,metab-u-rpneg,True,2,0.012149386354342
PC(37:1)_lp_b,REFMET:PC(37:1)_lp_b,PC(37:1)_lp_b,metab-u-lrppos,True,4,0.0121536919484112
Ornithine,REFMET:Ornithine,Ornithine,meta-reg,True,12,0.0121621974756964
Cer(d18:1/26:1)_lp_a,REFMET:Cer(d18:1/26:1)_lp_a,Cer(d18:1/26:1)_lp_a,metab-u-lrppos,True,12,0.0122134861300867
TG(52:2)_lp_e,REFMET:TG(52:2)_lp_e,TG(52:2)_lp_e,metab-u-lrppos,True,8,0.0122280824733127
TG(57:1),REFMET:TG(57:1),TG(57:1),metab-u-lrppos,True,9,0.0122280824733127
DG(18:0_20:4)_lp_f,REFMET:DG(18:0_20:4)_lp_f,DG(18:0_20:4)_lp_f,metab-u-lrppos,True,11,0.0122280824733127
Sulfatide(d43:2),REFMET:Sulfatide(d43:2),Sulfatide(d43:2),metab-u-lrpneg,True,5,0.0122280824733127
PI(18:0_22:6)_ln_a,REFMET:PI(18:0_22:6)_ln_a,PI(18:0_22:6)_ln_a,metab-u-lrpneg,True,6,0.0122280824733127
SM(d42:2)_ln_ab,REFMET:SM(d42:2)_ln_ab,SM(d42:2)_ln_ab,metab-u-lrpneg,True,7,0.0122818967858676
Glycohyodeoxycholic acid,REFMET:Glycohyodeoxycholic acid,Glycohyodeoxycholic acid,metab-u-rpneg,True,9,0.0123225403670964
LPC(22:0)_lp_ab,REFMET:LPC(22:0)_lp_ab,LPC(22:0)_lp_ab,metab-u-lrppos,True,4,0.0123839329095611
6-Phosphogluconic acid,REFMET:6-Phosphogluconic acid,6-Phosphogluconic acid,metab-u-ionpneg,True,6,0.0124413655775981
PE(38:5)_lp_d,REFMET:PE(38:5)_lp_d,PE(38:5)_lp_d,metab-u-lrppos,True,6,0.0124878727364044
Adenylsuccinic acid,REFMET:Adenylsuccinic acid,Adenylsuccinic acid,metab-t-nuc,True,7,0.0126539062144087
LPE(O-15:0),REFMET:LPE(O-15:0),LPE(O-15:0),metab-u-lrpneg,True,10,0.0126570962504552
PC(38:4)_lp_d,REFMET:PC(38:4)_lp_d,PC(38:4)_lp_d,metab-u-lrppos,True,13,0.012709076255166
Cer(d36:2),REFMET:Cer(d36:2),Cer(d36:2),metab-u-lrpneg,True,5,0.0127697969170113
TG(58:11)_lp_a,REFMET:TG(58:11)_lp_a,TG(58:11)_lp_a,metab-u-lrppos,True,5,0.0131885578982713
LPE(16:0)_lp_b,REFMET:LPE(16:0)_lp_b,LPE(16:0)_lp_b,metab-u-lrppos,True,1,0.0132572962141624
N-Acetylhistamine,REFMET:N-Acetylhistamine,N-Acetylhistamine,metab-u-hilicpos,True,8,0.0132572962141624
TG(56:2)_lp_c,REFMET:TG(56:2)_lp_c,TG(56:2)_lp_c,metab-u-lrppos,True,2,0.0132718445925353
Docosapentaenoic acid,REFMET:Docosapentaenoic acid,Docosapentaenoic acid,metab-u-rpneg,True,10,0.0132718445925353
PC(O-40:3)_lp_a,REFMET:PC(O-40:3)_lp_a,PC(O-40:3)_lp_a,metab-u-lrppos,True,4,0.0133081007237518
Oxidized glutathione,REFMET:Oxidized glutathione,Oxidized glutathione,metab-u-ionpneg,True,11,0.0133341002358173
TG(54:5)_lp_a,REFMET:TG(54:5)_lp_a,TG(54:5)_lp_a,metab-u-lrppos,True,3,0.0133423779837078
CAR(19:0),REFMET:CAR(19:0),CAR(19:0),metab-u-lrppos,True,3,0.0134157559950632
PS(P-36:2)/PS(O-36:3),REFMET:PS(P-36:2)/PS(O-36:3),PS(P-36:2)/PS(O-36:3),metab-u-hilicpos,True,5,0.0134385724565263
1-Methylguanosine,REFMET:1-Methylguanosine,1-Methylguanosine,metab-u-hilicpos,True,3,0.0134404287947374
PE(40:6)_lp_a,REFMET:PE(40:6)_lp_a,PE(40:6)_lp_a,metab-u-lrppos,True,5,0.0134983927038812
"11,12-EpETrE","REFMET:11,12-EpETrE","11,12-EpETrE",metab-t-oxylipneg,True,2,0.0135151295241638
PE(20:4_22:4)_lp_d,REFMET:PE(20:4_22:4)_lp_d,PE(20:4_22:4)_lp_d,metab-u-lrppos,True,9,0.0135816389923345
HexCer(d42:2)_lp_c,REFMET:HexCer(d42:2)_lp_c,HexCer(d42:2)_lp_c,metab-u-lrppos,True,4,0.0137992081765649
Phenylacetylglycine,REFMET:Phenylacetylglycine,Phenylacetylglycine,metab-u-hilicpos,True,8,0.0137992081765649
PE(38:5)_ln_d,REFMET:PE(38:5)_ln_d,PE(38:5)_ln_d,metab-u-lrppos,True,3,0.0138177710076099
3-Hydroxybutyric acid,REFMET:3-Hydroxybutyric acid,3-Hydroxybutyric acid,metab-u-rpneg,True,2,0.0138278638222181
Cer(d18:1/26:0),REFMET:Cer(d18:1/26:0),Cer(d18:1/26:0),metab-u-lrppos,True,5,0.013952826483881
TG(10:0_10:0_16:0)_lp_b,REFMET:TG(10:0_10:0_16:0)_lp_b,TG(10:0_10:0_16:0)_lp_b,metab-u-lrppos,True,5,0.0139588973183226
PE(38:5)_lp_b,REFMET:PE(38:5)_lp_b,PE(38:5)_lp_b,metab-u-lrppos,True,4,0.0139588973183226
CAR(17:0)_lp_a,REFMET:CAR(17:0)_lp_a,CAR(17:0)_lp_a,metab-u-lrppos,True,3,0.0139830426591474
PE(16:0/16:0),REFMET:PE(16:0/16:0),PE(16:0/16:0),metab-u-lrpneg,True,5,0.0141371878164072
CAR(13:1),REFMET:CAR(13:1),CAR(13:1),metab-u-lrppos,True,2,0.0141537070646212
SM(d42:3)_ln_a,REFMET:SM(d42:3)_ln_a,SM(d42:3)_ln_a,metab-u-lrpneg,True,7,0.0142102829757014
PC(O-40:6)_lp_a,REFMET:PC(O-40:6)_lp_a,PC(O-40:6)_lp_a,metab-u-lrppos,True,11,0.0142353150110778
TG(18:1_18:1_18:2)_lp_b,REFMET:TG(18:1_18:1_18:2)_lp_b,TG(18:1_18:1_18:2)_lp_b,metab-u-lrppos,True,3,0.01424365092426
TG(55:5)_lp_b,REFMET:TG(55:5)_lp_b,TG(55:5)_lp_b,metab-u-lrppos,True,1,0.0142843490344238
CAR(12:0)_lp_b,REFMET:CAR(12:0)_lp_b,CAR(12:0)_lp_b,metab-u-lrppos,True,9,0.0143020000864476
Cerotic acid,REFMET:Cerotic acid,Cerotic acid,metab-u-rpneg,True,5,0.0143243959151846
DG(18:2_20:4)_lp_a,REFMET:DG(18:2_20:4)_lp_a,DG(18:2_20:4)_lp_a,metab-u-lrppos,True,6,0.014467679618506
2-Hydroxy-3-methylbutyric acid,REFMET:2-Hydroxy-3-methylbutyric acid,2-Hydroxy-3-methylbutyric acid,metab-u-rpneg,True,3,0.0145090410472243
LPE(18:0)_ln_b,REFMET:LPE(18:0)_ln_b,LPE(18:0)_ln_b,metab-u-lrppos,True,10,0.014511783214368
TG(5:0_18:1_18:2),REFMET:TG(5:0_18:1_18:2),TG(5:0_18:1_18:2),metab-u-lrppos,True,4,0.0145298740260759
TG(55:7)_lp_a,REFMET:TG(55:7)_lp_a,TG(55:7)_lp_a,metab-u-lrppos,True,4,0.0146146703826973
PG(18:2_20:4)_ln_a,REFMET:PG(18:2_20:4)_ln_a,PG(18:2_20:4)_ln_a,metab-u-lrpneg,True,3,0.0146146703826973
TG(47:3)_lp_b,REFMET:TG(47:3)_lp_b,TG(47:3)_lp_b,metab-u-lrppos,True,10,0.0146146703826973
"GTInternalStandard_PG(33:1(d7))>PG(15:0/18:1(9z,d7))_[iSTD]","REFMET:GTInternalStandard_PG(33:1(d7))>PG(15:0/18:1(9z,d7))_[iSTD]","GTInternalStandard_PG(33:1(d7))>PG(15:0/18:1(9z,d7))_[iSTD]",metab-u-lrpneg,True,4,0.0146305322755757
"GTInternalStandard_PE(18:1(d7))>PE(18:1(9z,d7)/0:0)_and_PE(0:0/18:1(9z,d7))_[iSTD]","REFMET:GTInternalStandard_PE(18:1(d7))>PE(18:1(9z,d7)/0:0)_and_PE(0:0/18:1(9z,d7))_[iSTD]","GTInternalStandard_PE(18:1(d7))>PE(18:1(9z,d7)/0:0)_and_PE(0:0/18:1(9z,d7))_[iSTD]",metab-u-lrpneg,True,3,0.0146536310181038
PI(18:0_22:4),REFMET:PI(18:0_22:4),PI(18:0_22:4),metab-u-lrpneg,True,3,0.0146707136689882
PS(36:2)_lp_c,REFMET:PS(36:2)_lp_c,PS(36:2)_lp_c,metab-u-lrppos,True,1,0.0146789194751745
Phosphocreatine,REFMET:Phosphocreatine,Phosphocreatine,metab-u-ionpneg,True,7,0.0146789194751745
TG(16:0_18:2_22:6)_lp_d,REFMET:TG(16:0_18:2_22:6)_lp_d,TG(16:0_18:2_22:6)_lp_d,metab-u-lrppos,True,1,0.0148795071381569
PC(42:2)_lp_a,REFMET:PC(42:2)_lp_a,PC(42:2)_lp_a,metab-u-lrppos,True,4,0.0149747307510195
PC(44:5)_lp_b,REFMET:PC(44:5)_lp_b,PC(44:5)_lp_b,metab-u-lrppos,True,6,0.0149850036113273
TG(53:4)_lp_c,REFMET:TG(53:4)_lp_c,TG(53:4)_lp_c,metab-u-lrppos,True,2,0.0149913358569601
LPE(16:0)_ln_ab,REFMET:LPE(16:0)_ln_ab,LPE(16:0)_ln_ab,metab-u-lrppos,True,1,0.0150096349215372
LPC(18:2/0:0)_lp_b,REFMET:LPC(18:2/0:0)_lp_b,LPC(18:2/0:0)_lp_b,metab-u-lrppos,True,8,0.0150470497154693
CTP,REFMET:CTP,CTP,metab-t-nuc,True,6,0.0151097556931325
sn-Glycero-3-phosphate,REFMET:sn-Glycero-3-phosphate,sn-Glycero-3-phosphate,metab-u-ionpneg,True,6,0.015206742638626
Ribose 5-phosphate,REFMET:Ribose 5-phosphate,Ribose 5-phosphate,metab-u-ionpneg,True,4,0.0152095484267216
PC(40:5)_lp_c,REFMET:PC(40:5)_lp_c,PC(40:5)_lp_c,metab-u-lrppos,True,9,0.0153802016079326
PE(18:0_18:1)_ln_c,REFMET:PE(18:0_18:1)_ln_c,PE(18:0_18:1)_ln_c,metab-u-lrpneg,True,2,0.015444672252771
PC(16:1_18:2)_ln_b,REFMET:PC(16:1_18:2)_ln_b,PC(16:1_18:2)_ln_b,metab-u-lrpneg,True,5,0.0154496519710349
PC(32:3)_lp_b,REFMET:PC(32:3)_lp_b,PC(32:3)_lp_b,metab-u-lrppos,True,1,0.0154640478682013
PE(O-18:0/22:4)_ln_d,REFMET:PE(O-18:0/22:4)_ln_d,PE(O-18:0/22:4)_ln_d,metab-u-lrpneg,True,8,0.015473613708249
PG(18:2_18:2)_ln_b,REFMET:PG(18:2_18:2)_ln_b,PG(18:2_18:2)_ln_b,metab-u-lrpneg,True,5,0.0154751615640016
PE(18:1/18:1)_ln_b,REFMET:PE(18:1/18:1)_ln_b,PE(18:1/18:1)_ln_b,metab-u-lrpneg,True,6,0.0155336290391746
SM(d42:3)_lp_a,REFMET:SM(d42:3)_lp_a,SM(d42:3)_lp_a,metab-u-lrppos,True,5,0.015577630853808
TG(51:3)_lp_b,REFMET:TG(51:3)_lp_b,TG(51:3)_lp_b,metab-u-lrppos,True,7,0.0156492817652586
TG(16:1_18:2_18:2)_lp_a,REFMET:TG(16:1_18:2_18:2)_lp_a,TG(16:1_18:2_18:2)_lp_a,metab-u-lrppos,True,4,0.0156814875031036
TG(60:3)_lp_b,REFMET:TG(60:3)_lp_b,TG(60:3)_lp_b,metab-u-lrppos,True,2,0.0156814875031036
LPC(23:0/0:0)_lp_b,REFMET:LPC(23:0/0:0)_lp_b,LPC(23:0/0:0)_lp_b,metab-u-lrppos,True,3,0.0157296735711061
PG(18:0_20:4),REFMET:PG(18:0_20:4),PG(18:0_20:4),metab-u-lrppos,True,4,0.0157919727578797
LPE(16:1),REFMET:LPE(16:1),LPE(16:1),metab-u-hilicpos,True,3,0.0159256697353152
Oleamide,REFMET:Oleamide,Oleamide,metab-u-rppos,True,5,0.0162123514416569
Sulfatide(d42:2-OH),REFMET:Sulfatide(d42:2-OH),Sulfatide(d42:2-OH),metab-u-lrpneg,True,6,0.0162123514416569
TG(56:4)_lp_b,REFMET:TG(56:4)_lp_b,TG(56:4)_lp_b,metab-u-lrppos,True,2,0.0164376433566305
SM(d42:0)_lp_b,REFMET:SM(d42:0)_lp_b,SM(d42:0)_lp_b,metab-u-lrppos,True,6,0.01659993386408
PC(O-40:6)_lp_e,REFMET:PC(O-40:6)_lp_e,PC(O-40:6)_lp_e,metab-u-lrppos,True,6,0.0167811150182578
TG(52:2)_lp_d,REFMET:TG(52:2)_lp_d,TG(52:2)_lp_d,metab-u-lrppos,True,5,0.016939041404648
Leucine-13C/Isoleucine-13C6 [iSTD],REFMET:Leucine-13C/Isoleucine-13C6 [iSTD],Leucine-13C/Isoleucine-13C6 [iSTD],metab-u-rpneg,True,3,0.016939041404648
LPC(22:6)_lp_ab,REFMET:LPC(22:6)_lp_ab,LPC(22:6)_lp_ab,metab-u-lrppos,True,2,0.016957298535905
EPA,REFMET:EPA,EPA,metab-u-rpneg,True,8,0.016957298535905
SM(d42:1)_lp_a,REFMET:SM(d42:1)_lp_a,SM(d42:1)_lp_a,metab-u-lrppos,True,4,0.0169694985283616
Hexanoyl-CoA,REFMET:Hexanoyl-CoA,Hexanoyl-CoA,metab-t-acoa,True,6,0.0169934123116606
3-Methoxytyrosine,REFMET:3-Methoxytyrosine,3-Methoxytyrosine,metab-u-rppos,True,3,0.0169934123116606
Cer(d18:1/18:0),REFMET:Cer(d18:1/18:0),Cer(d18:1/18:0),meta-reg,True,10,0.017139591670263
Cer(d42:1)_ln_a,REFMET:Cer(d42:1)_ln_a,Cer(d42:1)_ln_a,metab-u-lrpneg,True,4,0.0172328826775054
EA(15:0),REFMET:EA(15:0),EA(15:0),metab-u-lrppos,True,8,0.0173475693048611
LPE(20:4)_ln_b,REFMET:LPE(20:4)_ln_b,LPE(20:4)_ln_b,metab-u-lrpneg,True,6,0.0174483249757509
LPE(20:4),REFMET:LPE(20:4),LPE(20:4),metab-u-hilicpos,True,13,0.0174714605465111
Sitosterol Ester(20:4)_lp_a,REFMET:Sitosterol Ester(20:4)_lp_a,Sitosterol Ester(20:4)_lp_a,metab-u-lrppos,True,3,0.0174842548098475
LPC(18:2)_lp_a,REFMET:LPC(18:2)_lp_a,LPC(18:2)_lp_a,metab-u-lrppos,True,5,0.0174860424344799
N-Acetyl-D-glucosamine 1-phosphate,REFMET:N-Acetyl-D-glucosamine 1-phosphate,N-Acetyl-D-glucosamine 1-phosphate,metab-u-ionpneg,True,7,0.0176047941172432
LPC(22:6)_ln_b,REFMET:LPC(22:6)_ln_b,LPC(22:6)_ln_b,metab-u-lrpneg,True,2,0.0177661365062251
1-Methyladenosine,REFMET:1-Methyladenosine,1-Methyladenosine,metab-u-hilicpos,True,8,0.0177940879719561
HexCer(d42:0-OH)_ln_b,REFMET:HexCer(d42:0-OH)_ln_b,HexCer(d42:0-OH)_ln_b,metab-u-lrpneg,True,6,0.017825536774162
Imidazoleacetic acid,REFMET:Imidazoleacetic acid,Imidazoleacetic acid,metab-u-hilicpos,True,13,0.0179867821153501
PC(35:3),REFMET:PC(35:3),PC(35:3),metab-u-rppos,True,6,0.0180069880250452
Indoleacetic acid,REFMET:Indoleacetic acid,Indoleacetic acid,metab-u-rppos,True,8,0.0180207279602006
TG(36:1)_lp_c,REFMET:TG(36:1)_lp_c,TG(36:1)_lp_c,metab-u-lrppos,True,10,0.0180207279602006
"9,10-DiHOME","REFMET:9,10-DiHOME","9,10-DiHOME",metab-t-oxylipneg,True,5,0.0181078035186608
Heneicosenoyl-CoA,REFMET:Heneicosenoyl-CoA,Heneicosenoyl-CoA,metab-t-acoa,True,11,0.0182370691369869
LPE(18:3),REFMET:LPE(18:3),LPE(18:3),metab-u-hilicpos,True,6,0.0182933037233876
CAR(18:3)_lp_a,REFMET:CAR(18:3)_lp_a,CAR(18:3)_lp_a,metab-u-lrppos,True,4,0.0185392284740821
Docosahexaenoyl-CoA,REFMET:Docosahexaenoyl-CoA,Docosahexaenoyl-CoA,metab-t-acoa,True,1,0.0186190086853517
TG(16:1_18:2_18:2)_lp_c,REFMET:TG(16:1_18:2_18:2)_lp_c,TG(16:1_18:2_18:2)_lp_c,metab-u-lrppos,True,6,0.0188624379117608
TG(16:1_18:1_18:2)_lp_e,REFMET:TG(16:1_18:1_18:2)_lp_e,TG(16:1_18:1_18:2)_lp_e,metab-u-lrppos,True,8,0.0188771933891804
PC(39:6)_lp_g,REFMET:PC(39:6)_lp_g,PC(39:6)_lp_g,metab-u-lrppos,True,2,0.0189338799025245
TG(53:3)_lp_a,REFMET:TG(53:3)_lp_a,TG(53:3)_lp_a,metab-u-lrppos,True,5,0.0189493653627276
TG(54:8)_lp_c,REFMET:TG(54:8)_lp_c,TG(54:8)_lp_c,metab-u-lrppos,True,4,0.0189641635902226
SM(d18:1/16:0),REFMET:SM(d18:1/16:0),SM(d18:1/16:0),metab-u-hilicpos,True,3,0.0190211926892579
PC(46:5)_lp_a,REFMET:PC(46:5)_lp_a,PC(46:5)_lp_a,metab-u-lrppos,True,4,0.0191711481867107
"GTInternalStandard_TG(48:1(d7))>TG(15:0/18:1(9z,d7)/15:0)_[iSTD]","REFMET:GTInternalStandard_TG(48:1(d7))>TG(15:0/18:1(9z,d7)/15:0)_[iSTD]","GTInternalStandard_TG(48:1(d7))>TG(15:0/18:1(9z,d7)/15:0)_[iSTD]",metab-u-lrppos,True,3,0.019225458944789
Leu-Pro,REFMET:Leu-Pro,Leu-Pro,metab-u-rppos,True,5,0.0192327403673996
N-Acetylalanine,REFMET:N-Acetylalanine,N-Acetylalanine,metab-u-hilicpos,True,9,0.0193202874097741
TG(45:2),REFMET:TG(45:2),TG(45:2),metab-u-lrppos,True,2,0.0193408658437928
L-Urobilin,REFMET:L-Urobilin,L-Urobilin,metab-u-rppos,True,6,0.019555119445807
Phosphoenolpyruvic acid,REFMET:Phosphoenolpyruvic acid,Phosphoenolpyruvic acid,metab-u-ionpneg,True,3,0.0196742724878952
TG(56:6)_lp_b,REFMET:TG(56:6)_lp_b,TG(56:6)_lp_b,metab-u-lrppos,True,2,0.0196961156134599
Octadecatetraenoic acid,REFMET:Octadecatetraenoic acid,Octadecatetraenoic acid,metab-u-rpneg,True,5,0.0197669982718529
SM(d42:2)_lp_a,REFMET:SM(d42:2)_lp_a,SM(d42:2)_lp_a,metab-u-lrppos,True,3,0.0197988955482463
PC(20:4_20:4),REFMET:PC(20:4_20:4),PC(20:4_20:4),metab-u-lrpneg,True,2,0.0198543491390033
PE(38:5)_lp_e,REFMET:PE(38:5)_lp_e,PE(38:5)_lp_e,metab-u-lrppos,True,10,0.0199413710924141
SM(d42:2)_ln_a,REFMET:SM(d42:2)_ln_a,SM(d42:2)_ln_a,metab-u-lrpneg,True,11,0.0200280626899043
PS(18:0_22:5)_ln_b,REFMET:PS(18:0_22:5)_ln_b,PS(18:0_22:5)_ln_b,metab-u-lrpneg,True,4,0.0201250690131089
UDP-glucose,REFMET:UDP-glucose,UDP-glucose,metab-u-ionpneg,True,6,0.0202026596159028
TG(18:1_18:1_18:1)_lp_h,REFMET:TG(18:1_18:1_18:1)_lp_h,TG(18:1_18:1_18:1)_lp_h,metab-u-lrppos,True,3,0.02027390680877
TG(18:1_18:1_18:2)_lp_e,REFMET:TG(18:1_18:1_18:2)_lp_e,TG(18:1_18:1_18:2)_lp_e,metab-u-lrppos,True,3,0.0204765649106157
5-Hydroxylysine,REFMET:5-Hydroxylysine,5-Hydroxylysine,metab-t-amines,True,5,0.0204952478418637
LPC(18:1)_lp_ab,REFMET:LPC(18:1)_lp_ab,LPC(18:1)_lp_ab,metab-u-lrppos,True,1,0.0204980937334516
TG(56:1)_lp_b,REFMET:TG(56:1)_lp_b,TG(56:1)_lp_b,metab-u-lrppos,True,4,0.0205274258147054
PS(38:3)_lp_c,REFMET:PS(38:3)_lp_c,PS(38:3)_lp_c,metab-u-lrppos,True,1,0.0205813142161703
Dodecenoyl-CoA,REFMET:Dodecenoyl-CoA,Dodecenoyl-CoA,metab-t-acoa,True,5,0.0206281672682914
PA(16:0_18:1),REFMET:PA(16:0_18:1),PA(16:0_18:1),metab-u-lrpneg,True,5,0.0208079573799386
TG(39:1)_lp_b,REFMET:TG(39:1)_lp_b,TG(39:1)_lp_b,metab-u-lrppos,True,5,0.0208079573799386
PC(38:5)_ln_d,REFMET:PC(38:5)_ln_d,PC(38:5)_ln_d,metab-u-lrpneg,True,3,0.020940178716862
PC(39:6)_lp_e,REFMET:PC(39:6)_lp_e,PC(39:6)_lp_e,metab-u-lrppos,True,4,0.0209574580634426
PC(18:0_22:5)_ln_c,REFMET:PC(18:0_22:5)_ln_c,PC(18:0_22:5)_ln_c,metab-u-lrpneg,True,5,0.0209746722491544
TG(50:4)_lp_b,REFMET:TG(50:4)_lp_b,TG(50:4)_lp_b,metab-u-lrppos,True,1,0.0213263367125576
Eicosenoic acid,REFMET:Eicosenoic acid,Eicosenoic acid,metab-u-rpneg,True,5,0.0213737223222165
SM(d34:1-OH),REFMET:SM(d34:1-OH),SM(d34:1-OH),metab-u-lrppos,True,3,0.0214515350609073
TG(48:3)_lp_b,REFMET:TG(48:3)_lp_b,TG(48:3)_lp_b,metab-u-lrppos,True,8,0.0215335031033446
TG(53:4)_lp_a,REFMET:TG(53:4)_lp_a,TG(53:4)_lp_a,metab-u-lrppos,True,3,0.0215445242882652
PE(O-38:2)_ln_d,REFMET:PE(O-38:2)_ln_d,PE(O-38:2)_ln_d,metab-u-lrpneg,True,4,0.0215458464562098
PI(18:1_20:4)_ln_a,REFMET:PI(18:1_20:4)_ln_a,PI(18:1_20:4)_ln_a,metab-u-lrppos,True,1,0.021731073929945
Tetracosenoic acid,REFMET:Tetracosenoic acid,Tetracosenoic acid,metab-u-rpneg,True,7,0.0217542613216694
2'-O-Methyladenosine,REFMET:2'-O-Methyladenosine,2'-O-Methyladenosine,metab-u-hilicpos,True,7,0.0219845949559577
TG(53:2)_lp_a,REFMET:TG(53:2)_lp_a,TG(53:2)_lp_a,metab-u-lrppos,True,3,0.0220621386996491
oleamide_lp_a,REFMET:oleamide_lp_a,oleamide_lp_a,metab-u-lrppos,True,5,0.0220624027810549
PI(34:2),REFMET:PI(34:2),PI(34:2),metab-u-lrppos,True,2,0.0220624027810549
PC(O-36:3)_lp_a,REFMET:PC(O-36:3)_lp_a,PC(O-36:3)_lp_a,metab-u-lrppos,True,4,0.0221313731465468
Docosatetraenoyl-CoA,REFMET:Docosatetraenoyl-CoA,Docosatetraenoyl-CoA,metab-t-acoa,True,4,0.0223071466534431
Methionine sulfoxide,REFMET:Methionine sulfoxide,Methionine sulfoxide,metab-u-hilicpos,True,8,0.0226033640813066
HexCer(d42:0(OH)),REFMET:HexCer(d42:0(OH)),HexCer(d42:0(OH)),metab-u-lrpneg,True,5,0.0226222351277096
PC(41:1),REFMET:PC(41:1),PC(41:1),metab-u-lrppos,True,2,0.0226237111245428
Docosahexaenoic acid,REFMET:Docosahexaenoic acid,Docosahexaenoic acid,metab-u-lrpneg,True,9,0.0227683437079474
PC(36:0)_lp_c,REFMET:PC(36:0)_lp_c,PC(36:0)_lp_c,metab-u-lrppos,True,3,0.0230244921320289
TG(10:0_18:2_18:3)_lp_a,REFMET:TG(10:0_18:2_18:3)_lp_a,TG(10:0_18:2_18:3)_lp_a,metab-u-lrppos,True,3,0.0230244921320289
Dimethylarginine,REFMET:Dimethylarginine,Dimethylarginine,metab-u-hilicpos,True,8,0.0231061686616705
CE(22:6),REFMET:CE(22:6),CE(22:6),metab-u-lrppos,True,3,0.0231527605514009
PI(18:0_22:6)_lp_b,REFMET:PI(18:0_22:6)_lp_b,PI(18:0_22:6)_lp_b,metab-u-lrppos,True,2,0.0231533902932959
3-Dehydroxycarnitine,REFMET:3-Dehydroxycarnitine,3-Dehydroxycarnitine,metab-u-hilicpos,True,7,0.0232051202991466
PS(40:5)_lp_b,REFMET:PS(40:5)_lp_b,PS(40:5)_lp_b,metab-u-lrppos,True,4,0.0232714904140875
dATP,REFMET:dATP,dATP,metab-t-nuc,True,3,0.0233275741165022
HexCer(d18:1/24:1-OH)_lp_b,REFMET:HexCer(d18:1/24:1-OH)_lp_b,HexCer(d18:1/24:1-OH)_lp_b,metab-u-lrppos,True,6,0.0237533318397179
Pyroglutamic acid,REFMET:Pyroglutamic acid,Pyroglutamic acid,metab-u-rppos,True,6,0.0238207483122982
DG(18:0_22:4)_lp_c,REFMET:DG(18:0_22:4)_lp_c,DG(18:0_22:4)_lp_c,metab-u-lrppos,True,7,0.023825454329695
Eicosenoyl-CoA,REFMET:Eicosenoyl-CoA,Eicosenoyl-CoA,metab-t-acoa,True,5,0.0238603800238298
PE(O-35:3)_lp_a,REFMET:PE(O-35:3)_lp_a,PE(O-35:3)_lp_a,metab-u-lrppos,True,4,0.0238603800238298
Hex2Cer(d18:1/24:0),REFMET:Hex2Cer(d18:1/24:0),Hex2Cer(d18:1/24:0),metab-u-lrppos,True,3,0.0239371190356857
SM(d34:0),REFMET:SM(d34:0),SM(d34:0),metab-u-lrppos,True,13,0.0240854475491195
LPC(24:0)_lp_b,REFMET:LPC(24:0)_lp_b,LPC(24:0)_lp_b,metab-u-lrppos,True,2,0.0241539967774114
Cystathionine,REFMET:Cystathionine,Cystathionine,metab-t-amines,True,3,0.0241718978338631
Docosatrienoic acid,REFMET:Docosatrienoic acid,Docosatrienoic acid,metab-u-rpneg,True,5,0.0241999556924289
TG(4:0_18:1_18:2)_lp_a,REFMET:TG(4:0_18:1_18:2)_lp_a,TG(4:0_18:1_18:2)_lp_a,metab-u-lrppos,True,5,0.0242172833590877
LPC(17:0),REFMET:LPC(17:0),LPC(17:0),metab-u-rppos,True,6,0.0242818685296442
"GTInternalStandard_SM(d36:2(d9))>SM(d18:1/18:1(9z,d9))_[iSTD]_M+H2CO2","REFMET:GTInternalStandard_SM(d36:2(d9))>SM(d18:1/18:1(9z,d9))_[iSTD]_M+H2CO2","GTInternalStandard_SM(d36:2(d9))>SM(d18:1/18:1(9z,d9))_[iSTD]_M+H2CO2",metab-u-lrpneg,True,4,0.0242905510763971
Pentadecenoyl-CoA,REFMET:Pentadecenoyl-CoA,Pentadecenoyl-CoA,metab-t-acoa,True,3,0.0245332496848962
DHA,REFMET:DHA,DHA,metab-u-rpneg,True,2,0.0247773632680312
Ketoisovaleric acid,REFMET:Ketoisovaleric acid,Ketoisovaleric acid,metab-t-ka,True,5,0.0248058264295896
TG(18:1_18:1_19:0)_lp_a,REFMET:TG(18:1_18:1_19:0)_lp_a,TG(18:1_18:1_19:0)_lp_a,metab-u-lrppos,True,1,0.024816175201757
TG(54:3)_lp_i,REFMET:TG(54:3)_lp_i,TG(54:3)_lp_i,metab-u-lrppos,True,1,0.0248423198712332
PE(38:1)_ln_b,REFMET:PE(38:1)_ln_b,PE(38:1)_ln_b,metab-u-lrpneg,True,2,0.0249473488081574
PA(34:1),REFMET:PA(34:1),PA(34:1),metab-u-lrppos,True,4,0.0249891468301659
DG(18:1_22:6)_lp_c,REFMET:DG(18:1_22:6)_lp_c,DG(18:1_22:6)_lp_c,metab-u-lrppos,True,2,0.0250867652119581
PC(35:2)_lp_a,REFMET:PC(35:2)_lp_a,PC(35:2)_lp_a,metab-u-lrppos,True,4,0.0251126428225794
PC(16:1_18:2)_ln_a,REFMET:PC(16:1_18:2)_ln_a,PC(16:1_18:2)_ln_a,metab-u-lrpneg,True,5,0.0251137005420682
Cer(d18:2/22:0)_lp_b,REFMET:Cer(d18:2/22:0)_lp_b,Cer(d18:2/22:0)_lp_b,metab-u-lrppos,True,2,0.0251137005420682
glutamate-13C5 [iSTD],REFMET:glutamate-13C5 [iSTD],glutamate-13C5 [iSTD],metab-u-rpneg,True,4,0.0252974971232225
PE(40:7)_lp_c,REFMET:PE(40:7)_lp_c,PE(40:7)_lp_c,metab-u-lrppos,True,9,0.0253344499803982
PC(39:3)_lp_b,REFMET:PC(39:3)_lp_b,PC(39:3)_lp_b,metab-u-lrppos,True,3,0.0253429507074934
CL(74:10),REFMET:CL(74:10),CL(74:10),metab-u-lrpneg,True,5,0.0256343323843697
HexCer(d42:1)_lp_b,REFMET:HexCer(d42:1)_lp_b,HexCer(d42:1)_lp_b,metab-u-lrppos,True,3,0.0257215113083037
SM(d40:0),REFMET:SM(d40:0),SM(d40:0),metab-u-lrppos,True,1,0.0259208892424585
PC(O-38:4)_lp_f,REFMET:PC(O-38:4)_lp_f,PC(O-38:4)_lp_f,metab-u-lrppos,True,5,0.0259867757424261
TG(51:2)_lp_c,REFMET:TG(51:2)_lp_c,TG(51:2)_lp_c,metab-u-lrppos,True,5,0.0259970658803176
TG(6:0_18:2_18:2)_lp_a,REFMET:TG(6:0_18:2_18:2)_lp_a,TG(6:0_18:2_18:2)_lp_a,metab-u-lrppos,True,7,0.0261087743783405
PC(40:2)_lp_c,REFMET:PC(40:2)_lp_c,PC(40:2)_lp_c,metab-u-lrppos,True,4,0.026133927433844
PC(42:4)_lp_c,REFMET:PC(42:4)_lp_c,PC(42:4)_lp_c,metab-u-lrppos,True,2,0.0262853676394952
PE(20:4_22:4)_ln_b,REFMET:PE(20:4_22:4)_ln_b,PE(20:4_22:4)_ln_b,metab-u-lrpneg,True,4,0.0263045705511453
PE(18:1_20:4)_lp_h,REFMET:PE(18:1_20:4)_lp_h,PE(18:1_20:4)_lp_h,metab-u-lrppos,True,2,0.0263309214339421
LPC(22:0)_lp_b,REFMET:LPC(22:0)_lp_b,LPC(22:0)_lp_b,metab-u-lrppos,True,2,0.02638544489825
Citric acid/Isocitric acid,REFMET:Citric acid/Isocitric acid,Citric acid/Isocitric acid,metab-u-ionpneg,True,8,0.0263937258528263
PE(18:0_20:3)_lp_c,REFMET:PE(18:0_20:3)_lp_c,PE(18:0_20:3)_lp_c,metab-u-lrppos,True,7,0.0263941328621251
9-HODE,REFMET:9-HODE,9-HODE,metab-t-oxylipneg,True,2,0.0266261127846468
PC(O-38:6)_ln_e,REFMET:PC(O-38:6)_ln_e,PC(O-38:6)_ln_e,metab-u-lrpneg,True,2,0.0266735552390248
PC(O-38:4)_lp_b,REFMET:PC(O-38:4)_lp_b,PC(O-38:4)_lp_b,metab-u-lrppos,True,1,0.0269327795905977
Behenic acid,REFMET:Behenic acid,Behenic acid,metab-u-rpneg,True,3,0.0269575649840528
TG(38:1)_lp_a,REFMET:TG(38:1)_lp_a,TG(38:1)_lp_a,metab-u-lrppos,True,5,0.0269805202363883
LPC(18:1)_lp_b,REFMET:LPC(18:1)_lp_b,LPC(18:1)_lp_b,metab-u-lrppos,True,2,0.0270720282039311
TG(60:3)_lp_a,REFMET:TG(60:3)_lp_a,TG(60:3)_lp_a,metab-u-lrppos,True,4,0.027166687541298
PC(O-32:1)_lp_c,REFMET:PC(O-32:1)_lp_c,PC(O-32:1)_lp_c,metab-u-lrppos,True,4,0.0272026445067757
Ile-Pro,REFMET:Ile-Pro,Ile-Pro,metab-u-rppos,True,8,0.0273191724984845
TG(18:1_18:1_19:0)_lp_b,REFMET:TG(18:1_18:1_19:0)_lp_b,TG(18:1_18:1_19:0)_lp_b,metab-u-lrppos,True,1,0.0273191724984845
anthranilic acid-15N [iSTD],REFMET:anthranilic acid-15N [iSTD],anthranilic acid-15N [iSTD],metab-u-rpneg,True,3,0.0274166315796944
PGE2,REFMET:PGE2,PGE2,metab-t-oxylipneg,True,7,0.0274166315796944
Gibberellic acid [iSTD],REFMET:Gibberellic acid [iSTD],Gibberellic acid [iSTD],metab-u-rpneg,True,3,0.027537836013127
TG(16:0_16:0_18:0)_lp_c,REFMET:TG(16:0_16:0_18:0)_lp_c,TG(16:0_16:0_18:0)_lp_c,metab-u-lrppos,True,8,0.027560997049425
PS(18:0_22:6)_lp_a,REFMET:PS(18:0_22:6)_lp_a,PS(18:0_22:6)_lp_a,metab-u-lrppos,True,2,0.027560997049425
TG(16:1_16:1_18:2)_lp_b,REFMET:TG(16:1_16:1_18:2)_lp_b,TG(16:1_16:1_18:2)_lp_b,metab-u-lrppos,True,5,0.027560997049425
SM(d35:2),REFMET:SM(d35:2),SM(d35:2),metab-u-lrppos,True,3,0.0275878512337871
TG(12:0_18:2_18:2)_lp_a,REFMET:TG(12:0_18:2_18:2)_lp_a,TG(12:0_18:2_18:2)_lp_a,metab-u-lrppos,True,4,0.027845136197854
TG(56:4)_lp_e,REFMET:TG(56:4)_lp_e,TG(56:4)_lp_e,metab-u-lrppos,True,4,0.0280521646356829
"GTInternalStandard_PC(18:1(d7))>PC(18:1(9z,d7)/0:0)_and_PC(18:1(d7))>PC(0:0/18:1(9z,d7))_[iSTD]","REFMET:GTInternalStandard_PC(18:1(d7))>PC(18:1(9z,d7)/0:0)_and_PC(18:1(d7))>PC(0:0/18:1(9z,d7))_[iSTD]","GTInternalStandard_PC(18:1(d7))>PC(18:1(9z,d7)/0:0)_and_PC(18:1(d7))>PC(0:0/18:1(9z,d7))_[iSTD]",metab-u-lrppos,True,4,0.0280624987388225
PC(38:1),REFMET:PC(38:1),PC(38:1),metab-u-lrppos,True,5,0.0280979681850349
Hexadecatrienoyl-CoA,REFMET:Hexadecatrienoyl-CoA,Hexadecatrienoyl-CoA,metab-t-acoa,True,4,0.0281163042254678
LPE(16:0),REFMET:LPE(16:0),LPE(16:0),metab-u-hilicpos,True,9,0.0282191199988809
alanine-13C3 [iSTD],REFMET:alanine-13C3 [iSTD],alanine-13C3 [iSTD],metab-u-rpneg,True,6,0.0283235924118863
PE(O-18:2/18:1)_ln_c,REFMET:PE(O-18:2/18:1)_ln_c,PE(O-18:2/18:1)_ln_c,metab-u-lrpneg,True,4,0.0283915623663133
Octadecylamine,REFMET:Octadecylamine,Octadecylamine,metab-u-lrppos,True,5,0.0284397809928226
N-Acetylglutamine,REFMET:N-Acetylglutamine,N-Acetylglutamine,metab-u-hilicpos,True,5,0.0285902221542573
LPC(18:0)_lp_ab,REFMET:LPC(18:0)_lp_ab,LPC(18:0)_lp_ab,metab-u-lrppos,True,8,0.0286007814681118
Pyruvic acid,REFMET:Pyruvic acid,Pyruvic acid,metab-u-ionpneg,True,10,0.0286007814681118
LPC(16:0/0:0)_lp_b,REFMET:LPC(16:0/0:0)_lp_b,LPC(16:0/0:0)_lp_b,metab-u-lrppos,True,5,0.0286109155940627
TG(16:1_18:2_18:2)_lp_d,REFMET:TG(16:1_18:2_18:2)_lp_d,TG(16:1_18:2_18:2)_lp_d,metab-u-lrppos,True,5,0.0286804027861324
TG(45:3),REFMET:TG(45:3),TG(45:3),metab-u-lrppos,True,3,0.028837767389837
PC(35:3)_lp_c,REFMET:PC(35:3)_lp_c,PC(35:3)_lp_c,metab-u-lrppos,True,6,0.0288568339926583
TG(42:4)_lp_b,REFMET:TG(42:4)_lp_b,TG(42:4)_lp_b,metab-u-lrppos,True,7,0.0289467640714146
"GTInternalStandard_CE(18:1(9z,d7))_[iSTD]","REFMET:GTInternalStandard_CE(18:1(9z,d7))_[iSTD]","GTInternalStandard_CE(18:1(9z,d7))_[iSTD]",metab-u-lrppos,True,8,0.0289757428258204
PC(15:0_20:4)_ln_b,REFMET:PC(15:0_20:4)_ln_b,PC(15:0_20:4)_ln_b,metab-u-lrpneg,True,6,0.0290267401908444
Stigmasterol Ester(20:4)/Sitosterol Ester(20:5),REFMET:Stigmasterol Ester(20:4)/Sitosterol Ester(20:5),Stigmasterol Ester(20:4)/Sitosterol Ester(20:5),metab-u-lrppos,True,3,0.029230467038673
TG(46:2)_lp_b,REFMET:TG(46:2)_lp_b,TG(46:2)_lp_b,metab-u-lrppos,True,12,0.0293090449375695
CAR(5:0)_rp_a,REFMET:CAR(5:0)_rp_a,CAR(5:0)_rp_a,metab-u-rppos,True,10,0.0293581962972813
Cer(d18:1/25:0)_lp_ab,REFMET:Cer(d18:1/25:0)_lp_ab,Cer(d18:1/25:0)_lp_ab,metab-u-lrppos,True,3,0.0293586001441215
TG(38:1)_lp_c,REFMET:TG(38:1)_lp_c,TG(38:1)_lp_c,metab-u-lrppos,True,4,0.0294650744451601
alpha-Tocopherol,REFMET:alpha-Tocopherol,alpha-Tocopherol,metab-u-rppos,True,3,0.0294712167753489
Cer(d44:2)_ln_b,REFMET:Cer(d44:2)_ln_b,Cer(d44:2)_ln_b,metab-u-lrpneg,True,2,0.0296153267086265
PC(O-40:4)_lp_a,REFMET:PC(O-40:4)_lp_a,PC(O-40:4)_lp_a,metab-u-lrppos,True,2,0.0296813494344301
TG(16:0_16:0_20:0)_lp_c,REFMET:TG(16:0_16:0_20:0)_lp_c,TG(16:0_16:0_20:0)_lp_c,metab-u-lrppos,True,3,0.0296813494344301
tryptophan-15N2 [iSTD],REFMET:tryptophan-15N2 [iSTD],tryptophan-15N2 [iSTD],metab-u-rpneg,True,3,0.0296813494344301
PE(O-40:4)_lp_d,REFMET:PE(O-40:4)_lp_d,PE(O-40:4)_lp_d,metab-u-lrppos,True,2,0.0296813494344301
Uridine,REFMET:Uridine,Uridine,metab-u-rpneg,True,4,0.0298095818612871
PC(O-32:1)_lp_b,REFMET:PC(O-32:1)_lp_b,PC(O-32:1)_lp_b,metab-u-lrppos,True,2,0.0298905937817946
PE(O-36:3)_lp_b,REFMET:PE(O-36:3)_lp_b,PE(O-36:3)_lp_b,metab-u-lrppos,True,2,0.0300184543731793
LPC(26:0)_lp_ab,REFMET:LPC(26:0)_lp_ab,LPC(26:0)_lp_ab,metab-u-lrppos,True,3,0.0302046689750855
LPC(20:3)_rp_b,REFMET:LPC(20:3)_rp_b,LPC(20:3)_rp_b,metab-u-rppos,True,11,0.0302469235030559
PE(18:0_20:4)_lp_d,REFMET:PE(18:0_20:4)_lp_d,PE(18:0_20:4)_lp_d,metab-u-lrppos,True,1,0.0303651410264977
CE(20:2),REFMET:CE(20:2),CE(20:2),metab-u-lrppos,True,3,0.0305337763169287
TG(54:4)_lp_c,REFMET:TG(54:4)_lp_c,TG(54:4)_lp_c,metab-u-lrppos,True,4,0.0306155784075645
PE(O-38:6)_lp_c,REFMET:PE(O-38:6)_lp_c,PE(O-38:6)_lp_c,metab-u-lrppos,True,5,0.0309087967394656
"GTInternalStandard_PC(33:1(d7))>PC(15:0/18:1(9z,d7))_[iSTD]_M+H2CO2","REFMET:GTInternalStandard_PC(33:1(d7))>PC(15:0/18:1(9z,d7))_[iSTD]_M+H2CO2","GTInternalStandard_PC(33:1(d7))>PC(15:0/18:1(9z,d7))_[iSTD]_M+H2CO2",metab-u-lrpneg,True,4,0.0309087967394656
TG(10:0_16:0_18:1)_lp_b,REFMET:TG(10:0_16:0_18:1)_lp_b,TG(10:0_16:0_18:1)_lp_b,metab-u-lrppos,True,7,0.0310225602608419
Imidazolepropionic acid,REFMET:Imidazolepropionic acid,Imidazolepropionic acid,metab-u-hilicpos,True,6,0.0310440103797636
PE(44:12)_lp_a,REFMET:PE(44:12)_lp_a,PE(44:12)_lp_a,metab-u-lrppos,True,5,0.0310759752261607
Hexose,REFMET:Hexose,Hexose,metab-u-ionpneg,True,3,0.0312942368424809
TG(53:2)_lp_d,REFMET:TG(53:2)_lp_d,TG(53:2)_lp_d,metab-u-lrppos,True,4,0.031491516531691
TG(50:6)_lp_a,REFMET:TG(50:6)_lp_a,TG(50:6)_lp_a,metab-u-lrppos,True,4,0.0315596221711992
SM(d36:3),REFMET:SM(d36:3),SM(d36:3),metab-u-rppos,True,3,0.0315833874966351
DG(18:0_18:1)_lp_b,REFMET:DG(18:0_18:1)_lp_b,DG(18:0_18:1)_lp_b,metab-u-lrppos,True,3,0.0320230707811917
TG(51:0)_lp_b,REFMET:TG(51:0)_lp_b,TG(51:0)_lp_b,metab-u-lrppos,True,2,0.0320230707811917
"N2,N2-Dimethylguanosine","REFMET:N2,N2-Dimethylguanosine","N2,N2-Dimethylguanosine",metab-u-hilicpos,True,7,0.0320743090085694
LPC(20:3)_hp_b,REFMET:LPC(20:3)_hp_b,LPC(20:3)_hp_b,metab-u-hilicpos,True,2,0.0320743090085694
PC(39:6)_lp_a,REFMET:PC(39:6)_lp_a,PC(39:6)_lp_a,metab-u-lrppos,True,1,0.0320743090085694
TG(38:2)_lp_b,REFMET:TG(38:2)_lp_b,TG(38:2)_lp_b,metab-u-lrppos,True,4,0.0322222323465414
TG(18:1_18:1_18:1)_lp_g,REFMET:TG(18:1_18:1_18:1)_lp_g,TG(18:1_18:1_18:1)_lp_g,metab-u-lrppos,True,2,0.0322255244678109
Coenzyme Q9,REFMET:Coenzyme Q9,Coenzyme Q9,metab-u-lrppos,True,4,0.0322612573637884
2-Hydroxybutyric acid,REFMET:2-Hydroxybutyric acid,2-Hydroxybutyric acid,metab-u-rpneg,True,6,0.0323220185280319
Ubiquinol Q9,REFMET:Ubiquinol Q9,Ubiquinol Q9,metab-u-lrppos,True,2,0.0323220185280319
LPE(16:0)_lp_ab,REFMET:LPE(16:0)_lp_ab,LPE(16:0)_lp_ab,metab-u-lrppos,True,6,0.0324752344377506
LPC(18:0/0:0)_lp_b,REFMET:LPC(18:0/0:0)_lp_b,LPC(18:0/0:0)_lp_b,metab-u-lrppos,True,9,0.0324861853878422
PI(18:0_18:2)_ln_b,REFMET:PI(18:0_18:2)_ln_b,PI(18:0_18:2)_ln_b,metab-u-lrpneg,True,6,0.032508639561123
SM(d40:2)_lp_b,REFMET:SM(d40:2)_lp_b,SM(d40:2)_lp_b,metab-u-lrppos,True,4,0.0325306077962861
Maleic acid,REFMET:Maleic acid,Maleic acid,metab-u-rpneg,True,4,0.0325513056588479
Cholesterol sulfate,REFMET:Cholesterol sulfate,Cholesterol sulfate,metab-u-lrpneg,True,3,0.032734049968417
valine-13C5 [iSTD],REFMET:valine-13C5 [iSTD],valine-13C5 [iSTD],metab-u-rpneg,True,3,0.0328214599551208
"GTInternalStandard_SM(d36:2(d9))>SM(d18:1/18:1(9z,d9))_[iSTD]","REFMET:GTInternalStandard_SM(d36:2(d9))>SM(d18:1/18:1(9z,d9))_[iSTD]","GTInternalStandard_SM(d36:2(d9))>SM(d18:1/18:1(9z,d9))_[iSTD]",metab-u-lrppos,True,3,0.0332070671638945
LPC(18:1)_rp_b,REFMET:LPC(18:1)_rp_b,LPC(18:1)_rp_b,metab-u-rppos,True,4,0.0332959421084541
LPC(24:0/0:0)_lp_b,REFMET:LPC(24:0/0:0)_lp_b,LPC(24:0/0:0)_lp_b,metab-u-lrppos,True,6,0.0333563728107457
TG(4:0_16:1_18:2)_lp_a,REFMET:TG(4:0_16:1_18:2)_lp_a,TG(4:0_16:1_18:2)_lp_a,metab-u-lrppos,True,3,0.033519316109546
PG(18:2_18:2)_ln_a,REFMET:PG(18:2_18:2)_ln_a,PG(18:2_18:2)_ln_a,metab-u-lrpneg,True,5,0.0335254812388543
TG(54:4)_lp_d,REFMET:TG(54:4)_lp_d,TG(54:4)_lp_d,metab-u-lrppos,True,6,0.0338028207686351
PC(O-34:0),REFMET:PC(O-34:0),PC(O-34:0),metab-u-lrppos,True,2,0.0338403418058983
Tetradecadienoyl-CoA,REFMET:Tetradecadienoyl-CoA,Tetradecadienoyl-CoA,metab-t-acoa,True,2,0.0338709409522109
PE(O-16:1/20:4)_lp_b,REFMET:PE(O-16:1/20:4)_lp_b,PE(O-16:1/20:4)_lp_b,metab-u-lrppos,True,5,0.0339772599773477
LPC(18:0)_ln_b,REFMET:LPC(18:0)_ln_b,LPC(18:0)_ln_b,metab-u-lrpneg,True,4,0.0341061953825435
PC(40:0),REFMET:PC(40:0),PC(40:0),metab-u-lrppos,True,2,0.0341389749175129
TG(53:3)_lp_c,REFMET:TG(53:3)_lp_c,TG(53:3)_lp_c,metab-u-lrppos,True,2,0.0342718898106363
HexCer(d18:1/22:0)_lp_c,REFMET:HexCer(d18:1/22:0)_lp_c,HexCer(d18:1/22:0)_lp_c,metab-u-lrppos,True,4,0.0342718898106363
PE(42:10)_lp_a,REFMET:PE(42:10)_lp_a,PE(42:10)_lp_a,metab-u-lrppos,True,2,0.0346221850727704
SM(d40:1)_lp_a,REFMET:SM(d40:1)_lp_a,SM(d40:1)_lp_a,metab-u-lrppos,True,3,0.0346555422981425
Isovaleryl-CoA,REFMET:Isovaleryl-CoA,Isovaleryl-CoA,metab-t-acoa,True,3,0.0346692346145798
TG(52:2)_lp_g,REFMET:TG(52:2)_lp_g,TG(52:2)_lp_g,metab-u-lrppos,True,4,0.0346692346145798
N-Oleoyl glycine,REFMET:N-Oleoyl glycine,N-Oleoyl glycine,metab-u-hilicpos,True,1,0.0346692346145798
TG(18:2_18:2_18:3)_lp_c,REFMET:TG(18:2_18:2_18:3)_lp_c,TG(18:2_18:2_18:3)_lp_c,metab-u-lrppos,True,1,0.0346771289932526
Pseudouridine,REFMET:Pseudouridine,Pseudouridine,metab-u-hilicpos,True,2,0.0348713731489476
PS(38:2),REFMET:PS(38:2),PS(38:2),metab-u-lrpneg,True,6,0.0351220312829473
PC(O-36:2)_lp_a,REFMET:PC(O-36:2)_lp_a,PC(O-36:2)_lp_a,metab-u-lrppos,True,6,0.035355778513855
PC(40:1),REFMET:PC(40:1),PC(40:1),metab-u-lrppos,True,4,0.0354077897844939
PE(18:0_20:3)_lp_b,REFMET:PE(18:0_20:3)_lp_b,PE(18:0_20:3)_lp_b,metab-u-lrppos,True,7,0.0354987442674862
PE(O-18:3/18:1)_ln_f,REFMET:PE(O-18:3/18:1)_ln_f,PE(O-18:3/18:1)_ln_f,metab-u-lrpneg,True,2,0.0356078234114947
S-Adenosylmethionine,REFMET:S-Adenosylmethionine,S-Adenosylmethionine,metab-u-hilicpos,True,1,0.0356078234114947
Heptadecenoyl-CoA,REFMET:Heptadecenoyl-CoA,Heptadecenoyl-CoA,metab-t-acoa,True,2,0.0356146799852355
TG(57:3)_lp_a,REFMET:TG(57:3)_lp_a,TG(57:3)_lp_a,metab-u-lrppos,True,3,0.0359078009797133
Hydroxyoctanoic acid,REFMET:Hydroxyoctanoic acid,Hydroxyoctanoic acid,metab-u-rpneg,True,3,0.0359262539583257
"GTInternalStandard_PC(33:1(d7))>PC(15:0/18:1(9z,d7))_[iSTD]","REFMET:GTInternalStandard_PC(33:1(d7))>PC(15:0/18:1(9z,d7))_[iSTD]","GTInternalStandard_PC(33:1(d7))>PC(15:0/18:1(9z,d7))_[iSTD]",metab-u-lrpneg,True,6,0.0359454619515407
LPC(16:0/0:0)_ln_ab,REFMET:LPC(16:0/0:0)_ln_ab,LPC(16:0/0:0)_ln_ab,metab-u-lrpneg,True,5,0.0360114025509986
LPC(P-16:0)/LPC(O-16:1),REFMET:LPC(P-16:0)/LPC(O-16:1),LPC(P-16:0)/LPC(O-16:1),metab-u-hilicpos,True,3,0.0360114025509986
Cer(d42:0),REFMET:Cer(d42:0),Cer(d42:0),metab-u-lrpneg,True,9,0.0363510983106052
Ala-Leu,REFMET:Ala-Leu,Ala-Leu,metab-u-rppos,True,4,0.0364547506466459
Succinyl-CoA,REFMET:Succinyl-CoA,Succinyl-CoA,metab-t-acoa,True,2,0.0364686285250513
PE(O-36:4)_ln_b,REFMET:PE(O-36:4)_ln_b,PE(O-36:4)_ln_b,metab-u-lrpneg,True,8,0.0365121247506904
4-Pyridoxic acid,REFMET:4-Pyridoxic acid,4-Pyridoxic acid,metab-u-hilicpos,True,6,0.0365974419917591
beta-Muricholic acid,REFMET:beta-Muricholic acid,beta-Muricholic acid,metab-u-rpneg,True,5,0.0369419165257924
HexCer(d18:1/25:0-OH),REFMET:HexCer(d18:1/25:0-OH),HexCer(d18:1/25:0-OH),metab-u-lrppos,True,1,0.0369862012644329
TG(38:4),REFMET:TG(38:4),TG(38:4),metab-u-lrppos,True,3,0.0372986380364065
Oleoyl-CoA,REFMET:Oleoyl-CoA,Oleoyl-CoA,metab-t-acoa,True,1,0.0372986380364065
LPC(22:5),REFMET:LPC(22:5),LPC(22:5),metab-u-hilicpos,True,1,0.0374023750219985
PG(18:0_20:4)_lp_c,REFMET:PG(18:0_20:4)_lp_c,PG(18:0_20:4)_lp_c,metab-u-lrppos,True,1,0.0374390649760937
PC(46:5)_lp_b,REFMET:PC(46:5)_lp_b,PC(46:5)_lp_b,metab-u-lrppos,True,3,0.0374874819714505
PC(34:1),REFMET:PC(34:1),PC(34:1),metab-u-rppos,True,5,0.037647593019012
TG(52:6)_lp_c,REFMET:TG(52:6)_lp_c,TG(52:6)_lp_c,metab-u-lrppos,True,4,0.0379512325074753
PE(O-17:1/20:4)_lp_b,REFMET:PE(O-17:1/20:4)_lp_b,PE(O-17:1/20:4)_lp_b,metab-u-lrppos,True,5,0.0380853810352245
Thyroxine,REFMET:Thyroxine,Thyroxine,metab-u-rppos,True,3,0.0381792172924222
PC(18:0_20:2)_ln_d,REFMET:PC(18:0_20:2)_ln_d,PC(18:0_20:2)_ln_d,metab-u-lrpneg,True,6,0.0383002218444737
Linoleoyl-EA,REFMET:Linoleoyl-EA,Linoleoyl-EA,meta-reg,True,8,0.0383349667733315
PC(34:3)_lp_d,REFMET:PC(34:3)_lp_d,PC(34:3)_lp_d,metab-u-lrppos,True,6,0.0384503904054538
Acetyl-CoA,REFMET:Acetyl-CoA,Acetyl-CoA,meta-reg,True,3,0.0385334747532879
PI(36:2)_lp_b,REFMET:PI(36:2)_lp_b,PI(36:2)_lp_b,metab-u-lrppos,True,6,0.0386501137681553
PA(34:1)_lp_a,REFMET:PA(34:1)_lp_a,PA(34:1)_lp_a,metab-u-lrppos,True,4,0.0387462091123948
Nonadecadienoyl-CoA,REFMET:Nonadecadienoyl-CoA,Nonadecadienoyl-CoA,metab-t-acoa,True,6,0.0388193536722348
LPC(20:4)_lp_ab,REFMET:LPC(20:4)_lp_ab,LPC(20:4)_lp_ab,metab-u-lrppos,True,4,0.0390164053851795
Hydroxydodecanoic acid,REFMET:Hydroxydodecanoic acid,Hydroxydodecanoic acid,metab-u-rpneg,True,3,0.0391949754733606
TG(50:1)_lp_b,REFMET:TG(50:1)_lp_b,TG(50:1)_lp_b,metab-u-lrppos,True,5,0.0393424136365626
DG(18:0_22:4_0:0)_lp_b,REFMET:DG(18:0_22:4_0:0)_lp_b,DG(18:0_22:4_0:0)_lp_b,metab-u-lrppos,True,4,0.0394178338615676
PS(O-42:7)>PS(O-20:3/22:4)_ln_b,REFMET:PS(O-42:7)>PS(O-20:3/22:4)_ln_b,PS(O-42:7)>PS(O-20:3/22:4)_ln_b,metab-u-lrpneg,True,3,0.0395329110102054
LPC(18:1)_ln_ab,REFMET:LPC(18:1)_ln_ab,LPC(18:1)_ln_ab,metab-u-lrpneg,True,3,0.03957247817165
PC(19:0_20:4)_ln_d,REFMET:PC(19:0_20:4)_ln_d,PC(19:0_20:4)_ln_d,metab-u-lrpneg,True,3,0.039574226199489
PC(38:5)_lp_e,REFMET:PC(38:5)_lp_e,PC(38:5)_lp_e,metab-u-lrppos,True,3,0.0396885506446305
PC(39:5)_lp_j,REFMET:PC(39:5)_lp_j,PC(39:5)_lp_j,metab-u-lrppos,True,4,0.0399228119966464
LPC(20:4)_hp_a,REFMET:LPC(20:4)_hp_a,LPC(20:4)_hp_a,metab-u-hilicpos,True,9,0.0399706630321338
PC(35:4)_lp_c,REFMET:PC(35:4)_lp_c,PC(35:4)_lp_c,metab-u-lrppos,True,7,0.0401871902946755
TG(17:1_18:2_18:2)_lp_b,REFMET:TG(17:1_18:2_18:2)_lp_b,TG(17:1_18:2_18:2)_lp_b,metab-u-lrppos,True,5,0.0403752939789042
TG(55:2)_lp_b,REFMET:TG(55:2)_lp_b,TG(55:2)_lp_b,metab-u-lrppos,True,4,0.040606821067995
PE(O-18:1/22:5)_ln_c,REFMET:PE(O-18:1/22:5)_ln_c,PE(O-18:1/22:5)_ln_c,metab-u-lrpneg,True,1,0.0406101367400504
24-epi-Brassinolide [iSTD],REFMET:24-epi-Brassinolide [iSTD],24-epi-Brassinolide [iSTD],metab-u-rpneg,True,3,0.0407400331743547
XMP,REFMET:XMP,XMP,metab-t-nuc,True,3,0.041073378580276
PE(40:6)_lp_c,REFMET:PE(40:6)_lp_c,PE(40:6)_lp_c,metab-u-lrppos,True,2,0.0412333799122853
Chenodeoxycholic acid,REFMET:Chenodeoxycholic acid,Chenodeoxycholic acid,metab-u-rpneg,True,2,0.0416505707862309
PE(O-18:1/20:4)_ln_c,REFMET:PE(O-18:1/20:4)_ln_c,PE(O-18:1/20:4)_ln_c,metab-u-lrpneg,True,4,0.0424927357326479
PC(42:6)_lp_c,REFMET:PC(42:6)_lp_c,PC(42:6)_lp_c,metab-u-lrppos,True,1,0.0427461235661799
TG(58:6)_lp_f,REFMET:TG(58:6)_lp_f,TG(58:6)_lp_f,metab-u-lrppos,True,3,0.0427872486714912
leucine-13C6 [iSTD],REFMET:leucine-13C6 [iSTD],leucine-13C6 [iSTD],metab-u-rpneg,True,3,0.0429658528612386
PI(18:0_18:1),REFMET:PI(18:0_18:1),PI(18:0_18:1),metab-u-lrpneg,True,2,0.0431407575948707
3-Methylxanthine,REFMET:3-Methylxanthine,3-Methylxanthine,metab-u-rpneg,True,2,0.0433050762229692
Sebacic acid,REFMET:Sebacic acid,Sebacic acid,meta-reg,True,3,0.0433491317899174
Arachidic acid,REFMET:Arachidic acid,Arachidic acid,metab-u-rpneg,True,4,0.043466149449781
PC(O-38:4)_lp_c,REFMET:PC(O-38:4)_lp_c,PC(O-38:4)_lp_c,metab-u-lrppos,True,4,0.0435244093140927
PC(40:6)_lp_c,REFMET:PC(40:6)_lp_c,PC(40:6)_lp_c,metab-u-lrppos,True,4,0.043537858956658
DG(18:2_20:1)_lp_b,REFMET:DG(18:2_20:1)_lp_b,DG(18:2_20:1)_lp_b,metab-u-lrppos,True,2,0.0436418306016331
N1-Acetylspermine,REFMET:N1-Acetylspermine,N1-Acetylspermine,metab-u-hilicpos,True,3,0.0439886580353566
PE(O-36:4)_lp_a,REFMET:PE(O-36:4)_lp_a,PE(O-36:4)_lp_a,metab-u-lrppos,True,8,0.0443480531381273
Thiamine,REFMET:Thiamine,Thiamine,metab-u-hilicpos,True,1,0.044351294356486
SM(d43:1)_lp_b,REFMET:SM(d43:1)_lp_b,SM(d43:1)_lp_b,metab-u-lrppos,True,5,0.0445004366185188
TG(58:34)_lp_f,REFMET:TG(58:34)_lp_f,TG(58:34)_lp_f,metab-u-lrppos,True,2,0.0448635785011044
PE(20:4_22:0),REFMET:PE(20:4_22:0),PE(20:4_22:0),metab-u-lrpneg,True,4,0.0451354263370725
PC(35:4)_lp_d,REFMET:PC(35:4)_lp_d,PC(35:4)_lp_d,metab-u-lrppos,True,1,0.0452671093412523
TG(46:1)_lp_a,REFMET:TG(46:1)_lp_a,TG(46:1)_lp_a,metab-u-lrppos,True,2,0.0453616210373022
TG(12:0_18:2_18:2)_lp_b,REFMET:TG(12:0_18:2_18:2)_lp_b,TG(12:0_18:2_18:2)_lp_b,metab-u-lrppos,True,4,0.0454166902763349
TG(58:3)_lp_a,REFMET:TG(58:3)_lp_a,TG(58:3)_lp_a,metab-u-lrppos,True,4,0.0454166902763349
PC(38:2)_lp_f,REFMET:PC(38:2)_lp_f,PC(38:2)_lp_f,metab-u-lrppos,True,3,0.0454517129490326
LPE(18:0)_lp_b,REFMET:LPE(18:0)_lp_b,LPE(18:0)_lp_b,metab-u-lrppos,True,2,0.0455048295385019
PC(35:0)_lp_c,REFMET:PC(35:0)_lp_c,PC(35:0)_lp_c,metab-u-lrppos,True,3,0.0457087538726351
TG(54:1)_lp_b,REFMET:TG(54:1)_lp_b,TG(54:1)_lp_b,metab-u-lrppos,True,2,0.0458629190842622
PI(18:0_20:4)_lp_b,REFMET:PI(18:0_20:4)_lp_b,PI(18:0_20:4)_lp_b,metab-u-lrppos,True,4,0.0458938645279387
"14,15-EpETrE","REFMET:14,15-EpETrE","14,15-EpETrE",metab-t-oxylipneg,True,4,0.0461357176940571
TG(56:1)_lp_a,REFMET:TG(56:1)_lp_a,TG(56:1)_lp_a,metab-u-lrppos,True,5,0.0461687833875144
SM(d43:2)_ln_b,REFMET:SM(d43:2)_ln_b,SM(d43:2)_ln_b,metab-u-lrpneg,True,4,0.0463377514636242
LPC(22:1)_lp_ab,REFMET:LPC(22:1)_lp_ab,LPC(22:1)_lp_ab,metab-u-lrppos,True,3,0.0464998787307755
PE(O-39:5)_ln_c,REFMET:PE(O-39:5)_ln_c,PE(O-39:5)_ln_c,metab-u-lrpneg,True,8,0.0465978155116462
LPE(20:0)_ln_b,REFMET:LPE(20:0)_ln_b,LPE(20:0)_ln_b,metab-u-lrpneg,True,3,0.0468938150647231
SM(d40:1-OH)_lp_b,REFMET:SM(d40:1-OH)_lp_b,SM(d40:1-OH)_lp_b,metab-u-lrppos,True,2,0.0470701925285539
LPC(24:1)_lp_ab,REFMET:LPC(24:1)_lp_ab,LPC(24:1)_lp_ab,metab-u-lrppos,True,6,0.0472462208507242
PE(O-18:1/22:5)_lp_d,REFMET:PE(O-18:1/22:5)_lp_d,PE(O-18:1/22:5)_lp_d,metab-u-lrppos,True,2,0.0472659313985224
TG(58:8)_lp_b,REFMET:TG(58:8)_lp_b,TG(58:8)_lp_b,metab-u-lrppos,True,3,0.047322122347757
Oxypurinol,REFMET:Oxypurinol,Oxypurinol,metab-u-hilicpos,True,4,0.0474933269589792
PE(36:5)_lp_e,REFMET:PE(36:5)_lp_e,PE(36:5)_lp_e,metab-u-lrppos,True,5,0.0475247375889112
TG(58:8)_lp_a,REFMET:TG(58:8)_lp_a,TG(58:8)_lp_a,metab-u-lrppos,True,3,0.0476306789556462
Phe-Trp,REFMET:Phe-Trp,Phe-Trp,metab-u-rppos,True,2,0.047919897822973
PE(38:6)_lp_b,REFMET:PE(38:6)_lp_b,PE(38:6)_lp_b,metab-u-lrppos,True,4,0.0479509506646178
PA(34:1)_lp_b,REFMET:PA(34:1)_lp_b,PA(34:1)_lp_b,metab-u-lrppos,True,8,0.0485489168966545
SM(d41:2)_lp_c,REFMET:SM(d41:2)_lp_c,SM(d41:2)_lp_c,metab-u-lrppos,True,5,0.0485573315287916
PC(37:6)_lp_d,REFMET:PC(37:6)_lp_d,PC(37:6)_lp_d,metab-u-lrppos,True,3,0.0488984420012609
Ethanolamine,REFMET:Ethanolamine,Ethanolamine,metab-t-amines,True,3,0.0490017187707333
CDP,REFMET:CDP,CDP,metab-t-nuc,True,4,0.0490278435337963
PE(O-34:1)_lp_b,REFMET:PE(O-34:1)_lp_b,PE(O-34:1)_lp_b,metab-u-lrppos,True,1,0.0492188235147904
Cer(d18:0/23:0),REFMET:Cer(d18:0/23:0),Cer(d18:0/23:0),metab-u-lrppos,True,2,0.0498134678607184
PC(38:2)_lp_e,REFMET:PC(38:2)_lp_e,PC(38:2)_lp_e,metab-u-lrppos,True,2,0.0499838566343966
TG(56:8)_lp_e,REFMET:TG(56:8)_lp_e,TG(56:8)_lp_e,metab-u-lrppos,True,1,0.0499990992172134
