column,protein_feature_id,gene
Dpp7|PROT,rat:PROT:NP_114179.1,ENSEMBL:ENSRNOG00000012640
Pex16|PROT,rat:PROT:XP_006234629.1,ENSEMBL:ENSRNOG00000006539
Klkb1|PROT,rat:PROT:NP_036857.2,ENSEMBL:ENSRNOG00000014118
Acsm5|PROT,rat:PROT:NP_001014184.3,ENSEMBL:ENSRNOG00000031211
Acly|PROT|NP_058683.2,rat:PROT:NP_058683.2,ENSEMBL:ENSRNOG00000016924
Xpnpep3|PROT,rat:PROT:NP_001124054.2,ENSEMBL:ENSRNOG00000019196
Mtx1|PROT,rat:PROT:XP_006232674.1,ENSEMBL:ENSRNOG00000042977
Cyp27a1|PROT,rat:PROT:NP_849178.2,ENSEMBL:ENSRNOG00000017188
Nme6|PROT,rat:PROT:NP_001178813.1,ENSEMBL:ENSRNOG00000020721
Lyrm9|PROT,rat:PROT:NP_001166942.1,ENSEMBL:ENSRNOG00000037204
Hspa2|PROT,rat:PROT:XP_006240309.1,ENSEMBL:ENSRNOG00000006472
Rgn|PROT,rat:PROT:NP_113734.1,ENSEMBL:ENSRNOG00000007949
Gdi1|PROT,rat:PROT:NP_058784.2,ENSEMBL:ENSRNOG00000056870
Hsp90ab1|PROT,rat:PROT:NP_001004082.3,ENSEMBL:ENSRNOG00000019834
Macroh2a1|PROT|NP_058878.1,rat:PROT:NP_058878.1,ENSEMBL:ENSRNOG00000011523
Lgals7|PROT,rat:PROT:NP_072104.2,ENSEMBL:ENSRNOG00000020380
Kiaa0408L|PROT,rat:PROT:NP_001138331.2,ENSEMBL:ENSRNOG00000042309
Prune1|PROT,rat:PROT:NP_001007698.1,ENSEMBL:ENSRNOG00000021120
Rbm14|PROT,rat:PROT:NP_596879.1,ENSEMBL:ENSRNOG00000045568
Gda|PROT,rat:PROT:NP_113964.2,ENSEMBL:ENSRNOG00000018282
Pfkl|PROT,rat:PROT:NP_037322.1,ENSEMBL:ENSRNOG00000001214
Pdf|PROT|XP_001073696.3,rat:PROT:XP_001073696.3,ENSEMBL:ENSRNOG00000022303
Ces2c|PROT,rat:PROT:NP_598270.1,ENSEMBL:ENSRNOG00000036571
Gpx2|PROT,rat:PROT:NP_899653.2,ENSEMBL:ENSRNOG00000055672
Prxl2a|PROT,rat:PROT:NP_001014162.1,ENSEMBL:ENSRNOG00000011140
Immt|PROT,rat:PROT:XP_008761203.1,ENSEMBL:ENSRNOG00000009097
Nudt19|PROT,rat:PROT:NP_001004258.1,ENSEMBL:ENSRNOG00000059386
Zbtb16|PROT,rat:PROT:NP_001013199.1,ENSEMBL:ENSRNOG00000029980
Cryab|PROT,rat:PROT:NP_037067.1,ENSEMBL:ENSRNOG00000010524
LOC681458|PROT,rat:PROT:XP_008773072.2,ENSEMBL:ENSRNOG00000013279
Tbcel|PROT|XP_006242921.1,rat:PROT:XP_006242921.1,ENSEMBL:ENSRNOG00000032364
Cst6|PROT,rat:PROT:NP_598250.1,ENSEMBL:ENSRNOG00000020455
Trap1|PROT,rat:PROT:NP_001034090.1,ENSEMBL:ENSRNOG00000005418
Ccdc141|PROT,rat:PROT:XP_003749542.2,ENSEMBL:ENSRNOG00000012580
Zranb2|PROT,rat:PROT:NP_113804.1,ENSEMBL:ENSRNOG00000009990
Csrp3|PROT,rat:PROT:XP_006229299.1,ENSEMBL:ENSRNOG00000014327
Pex10|PROT,rat:PROT:NP_001102875.1,ENSEMBL:ENSRNOG00000024012
Gnmt|PROT,rat:PROT:NP_058780.1,ENSEMBL:ENSRNOG00000016349
Txndc5|PROT,rat:PROT:NP_001258259.1,ENSEMBL:ENSRNOG00000013469
Cdc5l|PROT,rat:PROT:NP_445979.1,ENSEMBL:ENSRNOG00000019975
Abcb8|PROT,rat:PROT:NP_001007797.1,ENSEMBL:ENSRNOG00000008557
Patj|PROT,rat:PROT:NP_536323.1,ENSEMBL:ENSRNOG00000007551
Prodh1|PROT,rat:PROT:NP_001129250.2,ENSEMBL:ENSRNOG00000000281
Dhfr|PROT,rat:PROT:NP_569084.1,ENSEMBL:ENSRNOG00000013521
NP_036828.2|PROT,rat:PROT:NP_036828.2,
Bdh1|PROT,rat:PROT:NP_446447.2,ENSEMBL:ENSRNOG00000001736
Lsm6|PROT,rat:PROT:NP_001119557.1,ENSEMBL:ENSRNOG00000030374
Scly|PROT,rat:PROT:NP_001007756.1,ENSEMBL:ENSRNOG00000020083
Nck2|PROT,rat:PROT:NP_001101686.1,ENSEMBL:ENSRNOG00000017155
St13|PROT,rat:PROT:NP_112384.1,ENSEMBL:ENSRNOG00000019070
Spout1|PROT,rat:PROT:XP_006233902.1,ENSEMBL:ENSRNOG00000025711
Sec14l1|PROT,rat:PROT:NP_001101779.1,ENSEMBL:ENSRNOG00000002722
Tbcel|PROT|NP_001014111.1,rat:PROT:NP_001014111.1,ENSEMBL:ENSRNOG00000032364
Mtfr1l|PROT,rat:PROT:NP_001013957.1,ENSEMBL:ENSRNOG00000016937
Gfer|PROT,rat:PROT:NP_037354.2,ENSEMBL:ENSRNOG00000013370
Marcks|PROT,rat:PROT:NP_001258019.1,ENSEMBL:ENSRNOG00000000579
Vcl|PROT,rat:PROT:NP_001100718.1,ENSEMBL:ENSRNOG00000010765
Cct3|PROT,rat:PROT:NP_954522.1,ENSEMBL:ENSRNOG00000019090
MGC94207|PROT,rat:PROT:NP_001007752.1,ENSEMBL:ENSRNOG00000045765
Mrpl22|PROT,rat:PROT:NP_001099251.1,ENSEMBL:ENSRNOG00000027039
Scin|PROT,rat:PROT:NP_942043.1,ENSEMBL:ENSRNOG00000004498
Snrpc|PROT,rat:PROT:NP_001257969.1,ENSEMBL:ENSRNOG00000000493
Oat|PROT,rat:PROT:NP_071966.1,ENSEMBL:ENSRNOG00000016807
Prf1|PROT,rat:PROT:NP_059026.2,ENSEMBL:ENSRNOG00000000562
Flnc|PROT,rat:PROT:NP_001178791.1,ENSEMBL:ENSRNOG00000007281
Klhl40|PROT|XP_006244168.1,rat:PROT:XP_006244168.1,ENSEMBL:ENSRNOG00000019390
Hmgb1|PROT,rat:PROT:NP_037095.1,ENSEMBL:ENSRNOG00000058908
Car7|PROT,rat:PROT:NP_001099635.1,ENSEMBL:ENSRNOG00000012371
Ptges2|PROT,rat:PROT:NP_001101302.1,ENSEMBL:ENSRNOG00000014050
Blvrb|PROT,rat:PROT:NP_001099706.1,ENSEMBL:ENSRNOG00000024410
Elk3|PROT,rat:PROT:NP_001102213.1,ENSEMBL:ENSRNOG00000004367
Ehhadh|PROT,rat:PROT:NP_598290.1,ENSEMBL:ENSRNOG00000001770
Purg|PROT,rat:PROT:XP_006253297.1,ENSEMBL:ENSRNOG00000015426
XP_017455843.1|PROT,rat:PROT:XP_017455843.1,
Nos1|PROT,rat:PROT:NP_434686.1,ENSEMBL:ENSRNOG00000001130
Rock1|PROT,rat:PROT:XP_006254462.1,ENSEMBL:ENSRNOG00000031092
Acat2|PROT,rat:PROT:NP_001006996.1,ENSEMBL:ENSRNOG00000019189
Upp1|PROT,rat:PROT:NP_001025196.1,ENSEMBL:ENSRNOG00000004972
Nasp|PROT,rat:PROT:NP_001005543.1,ENSEMBL:ENSRNOG00000016454
Cct7|PROT,rat:PROT:NP_001100073.1,ENSEMBL:ENSRNOG00000015630
Gfpt1|PROT,rat:PROT:NP_001005879.1,ENSEMBL:ENSRNOG00000018507
Cmpk1|PROT,rat:PROT:NP_001020826.1,ENSEMBL:ENSRNOG00000007775
Asrgl1|PROT,rat:PROT:NP_659557.1,ENSEMBL:ENSRNOG00000020202
Hspa8|PROT,rat:PROT:NP_077327.1,ENSEMBL:ENSRNOG00000034066
Hspa4l|PROT,rat:PROT:NP_001099898.2,ENSEMBL:ENSRNOG00000010819
Fhl1|PROT,rat:PROT:NP_001029098.1,ENSEMBL:ENSRNOG00000000875
Akap8l|PROT,rat:PROT:NP_001013968.1,ENSEMBL:ENSRNOG00000006355
Aldh1l2|PROT,rat:PROT:NP_001178707.1,ENSEMBL:ENSRNOG00000008586
Clic5|PROT,rat:PROT:NP_446055.1,ENSEMBL:ENSRNOG00000047218
Ciapin1|PROT,rat:PROT:NP_001007690.1,ENSEMBL:ENSRNOG00000016234
Mcm3|PROT,rat:PROT:NP_001178734.2,ENSEMBL:ENSRNOG00000012543
Trim28|PROT,rat:PROT:NP_446368.1,ENSEMBL:ENSRNOG00000027487
Mat2b|PROT,rat:PROT:NP_001037747.1,ENSEMBL:ENSRNOG00000003177
Chchd4|PROT,rat:PROT:NP_001013449.1,ENSEMBL:ENSRNOG00000022466
Rbp7|PROT,rat:PROT:NP_001102163.1,ENSEMBL:ENSRNOG00000015850
LOC102550657|PROT,rat:PROT:XP_017458856.1,ENSEMBL:ENSRNOG00000062931
Trappc6a|PROT|XP_017445194.1,rat:PROT:XP_017445194.1,ENSEMBL:ENSRNOG00000017468
Ap4e1|PROT,rat:PROT:NP_001178671.1,ENSEMBL:ENSRNOG00000022938
Trabd|PROT,rat:PROT:NP_001100258.1,ENSEMBL:ENSRNOG00000029095
Arg1|PROT,rat:PROT:NP_058830.2,ENSEMBL:ENSRNOG00000013304
Rcc1|PROT,rat:PROT:XP_017449113.1,ENSEMBL:ENSRNOG00000050106
Sae1|PROT,rat:PROT:NP_001012063.1,ENSEMBL:ENSRNOG00000015128
Uap1l1|PROT,rat:PROT:NP_001127988.1,ENSEMBL:ENSRNOG00000012960
Rasa4|PROT,rat:PROT:XP_002724855.1,ENSEMBL:ENSRNOG00000001431
Aldh1l1|PROT,rat:PROT:NP_071992.1,ENSEMBL:ENSRNOG00000047023
Acad9|PROT,rat:PROT:NP_861433.2,ENSEMBL:ENSRNOG00000014178
Fabp4|PROT,rat:PROT:NP_445817.1,ENSEMBL:ENSRNOG00000010805
XP_008772447.1|PROT,rat:PROT:XP_008772447.1,
Habp2|PROT,rat:PROT:NP_001001505.1,ENSEMBL:ENSRNOG00000016659
F11|PROT,rat:PROT:XP_006253206.1,ENSEMBL:ENSRNOG00000013684
Ehd3|PROT,rat:PROT:NP_620245.2,ENSEMBL:ENSRNOG00000007744
Adck5|PROT,rat:PROT:NP_001129270.1,ENSEMBL:ENSRNOG00000030334
Smarca5|PROT,rat:PROT:NP_001100889.1,ENSEMBL:ENSRNOG00000018149
Ppp1r3b|PROT,rat:PROT:NP_620267.2,ENSEMBL:ENSRNOG00000011474
Guf1|PROT,rat:PROT:NP_001100685.1,ENSEMBL:ENSRNOG00000002207
Cct5|PROT,rat:PROT:NP_001004078.1,ENSEMBL:ENSRNOG00000011632
Prpsap1|PROT,rat:PROT:NP_071990.2,ENSEMBL:ENSRNOG00000010083
Idh3g|PROT,rat:PROT:NP_113739.1,ENSEMBL:ENSRNOG00000055572
Hspb6|PROT,rat:PROT:NP_620242.1,ENSEMBL:ENSRNOG00000020922
Acsl3|PROT,rat:PROT:NP_476448.1,ENSEMBL:ENSRNOG00000014718
Ccar1|PROT,rat:PROT:NP_001102005.1,ENSEMBL:ENSRNOG00000000397
Sumf2|PROT,rat:PROT:NP_001020296.2,ENSEMBL:ENSRNOG00000000922
Mypn|PROT,rat:PROT:NP_001101098.1,ENSEMBL:ENSRNOG00000000383
Ddc|PROT,rat:PROT:NP_001257781.1,ENSEMBL:ENSRNOG00000004327
Evl|PROT|XP_008763078.1,rat:PROT:XP_008763078.1,ENSEMBL:ENSRNOG00000014476
Pdpr|PROT,rat:PROT:NP_001100900.1,ENSEMBL:ENSRNOG00000022593
Rpusd3|PROT,rat:PROT:XP_006237106.1,ENSEMBL:ENSRNOG00000009084
Mre11|PROT,rat:PROT:NP_071615.1,ENSEMBL:ENSRNOG00000009506
Slco2b1|PROT,rat:PROT:XP_006229783.1,ENSEMBL:ENSRNOG00000017976
Higd1b|PROT,rat:PROT:NP_001099314.1,ENSEMBL:ENSRNOG00000002814
Nes|PROT,rat:PROT:NP_001295168.1,ENSEMBL:ENSRNOG00000018681
Tns1|PROT,rat:PROT:NP_001178739.1,ENSEMBL:ENSRNOG00000014182
Ambp|PROT,rat:PROT:NP_037033.1,ENSEMBL:ENSRNOG00000006889
Ttpa|PROT,rat:PROT:NP_037180.1,ENSEMBL:ENSRNOG00000007139
Gzmm|PROT,rat:PROT:NP_476531.1,ENSEMBL:ENSRNOG00000030530
Crym|PROT,rat:PROT:NP_446407.1,ENSEMBL:ENSRNOG00000061215
Synpo2l|PROT,rat:PROT:NP_001292067.1,ENSEMBL:ENSRNOG00000008949
Plvap|PROT,rat:PROT:NP_064471.1,ENSEMBL:ENSRNOG00000017676
Mtx2|PROT,rat:PROT:NP_001008287.1,ENSEMBL:ENSRNOG00000001559
Acot2|PROT|NP_620262.2,rat:PROT:NP_620262.2,ENSEMBL:ENSRNOG00000010134
Cnst|PROT,rat:PROT:XP_001060344.4,ENSEMBL:ENSRNOG00000002710
Phb2|PROT,rat:PROT:NP_001013053.1,ENSEMBL:ENSRNOG00000012999
Abcc2|PROT,rat:PROT:NP_036965.1,ENSEMBL:ENSRNOG00000046727
Gzma|PROT,rat:PROT:NP_703198.1,ENSEMBL:ENSRNOG00000010603
Ppp1r21|PROT,rat:PROT:NP_001258234.1,ENSEMBL:ENSRNOG00000016528
Fabp1|PROT,rat:PROT:NP_036688.1,ENSEMBL:ENSRNOG00000006675
Glyatl1|PROT,rat:PROT:NP_001119750.1,ENSEMBL:ENSRNOG00000036622
Tns4|PROT,rat:PROT:NP_001020052.1,ENSEMBL:ENSRNOG00000027350
Phka1|PROT,rat:PROT:NP_072148.2,ENSEMBL:ENSRNOG00000003063
Stxbp6|PROT,rat:PROT:NP_001178801.1,ENSEMBL:ENSRNOG00000004198
Apool|PROT,rat:PROT:NP_001014127.1,ENSEMBL:ENSRNOG00000004512
Gpd2|PROT,rat:PROT:NP_036868.1,ENSEMBL:ENSRNOG00000033824
Crmp1|PROT,rat:PROT:NP_037064.1,ENSEMBL:ENSRNOG00000004781
Cmc2|PROT,rat:PROT:XP_002725465.1,ENSEMBL:ENSRNOG00000011279
Ahsa1|PROT,rat:PROT:NP_001108506.1,ENSEMBL:ENSRNOG00000048981
Stoml2|PROT,rat:PROT:NP_001026816.1,ENSEMBL:ENSRNOG00000009535
Ugt1a1|PROT|NP_001034780.1,rat:PROT:NP_001034780.1,ENSEMBL:ENSRNOG00000018740
Ppp1r3a|PROT,rat:PROT:NP_001102692.1,ENSEMBL:ENSRNOG00000059350
Hspb1|PROT,rat:PROT:NP_114176.4,ENSEMBL:ENSRNOG00000023546
Acsm2|PROT|NP_653349.1,rat:PROT:NP_653349.1,ENSEMBL:ENSRNOG00000042084
Gnai2|PROT,rat:PROT:NP_112297.1,ENSEMBL:ENSRNOG00000016592
Spon1|PROT,rat:PROT:NP_742064.1,ENSEMBL:ENSRNOG00000058003
Srsf3|PROT,rat:PROT:NP_001041372.1,ENSEMBL:ENSRNOG00000000520
Ppp1ca|PROT,rat:PROT:NP_113715.1,ENSEMBL:ENSRNOG00000018708
Cct8|PROT,rat:PROT:NP_001099367.2,ENSEMBL:ENSRNOG00000001592
Myo1b|PROT,rat:PROT:NP_446438.1,ENSEMBL:ENSRNOG00000048152
Nt5c2|PROT,rat:PROT:XP_006223827.2,ENSEMBL:ENSRNOG00000020179
RGD1561662|PROT,rat:PROT:XP_006244562.1,ENSEMBL:ENSRNOG00000015297
Chchd2|PROT,rat:PROT:NP_001015019.1,ENSEMBL:ENSRNOG00000051180
Adhfe1|PROT,rat:PROT:NP_001020594.1,ENSEMBL:ENSRNOG00000007069
Gstm2|PROT|NP_803175.1,rat:PROT:NP_803175.1,ENSEMBL:ENSRNOG00000018937
Dnaja3|PROT|NP_001033684.1,rat:PROT:NP_001033684.1,ENSEMBL:ENSRNOG00000003855
Prkar1a|PROT,rat:PROT:NP_037313.1,ENSEMBL:ENSRNOG00000049876
Il2|IMMUNO,rat:IMMUNO:IL2,ENSEMBL:ENSRNOG00000017348
Gpat3|PROT,rat:PROT:NP_001020841.1,ENSEMBL:ENSRNOG00000002159
Pc|PROT,rat:PROT:NP_036876.2,ENSEMBL:ENSRNOG00000019372
Trip10|PROT,rat:PROT:NP_446372.1,ENSEMBL:ENSRNOG00000055524
Phkb|PROT,rat:PROT:XP_006255332.1,ENSEMBL:ENSRNOG00000024101
Arsb|PROT,rat:PROT:NP_254278.1,ENSEMBL:ENSRNOG00000011150
Igfals|PROT,rat:PROT:NP_445781.2,ENSEMBL:ENSRNOG00000015061
Fscn1|PROT,rat:PROT:NP_001094276.1,ENSEMBL:ENSRNOG00000056585
Sparc|PROT,rat:PROT:NP_036788.1,ENSEMBL:ENSRNOG00000012840
Kng1|PROT,rat:PROT:NP_001009628.1,ENSEMBL:ENSRNOG00000030387
Dpp3|PROT,rat:PROT:NP_446200.1,ENSEMBL:ENSRNOG00000031485
Capn1|PROT,rat:PROT:NP_062025.1,ENSEMBL:ENSRNOG00000020935
Ripor2|PROT,rat:PROT:NP_001014031.2,ENSEMBL:ENSRNOG00000018804
Ivd|PROT,rat:PROT:NP_036724.1,ENSEMBL:ENSRNOG00000009421
Oas1b|PROT|NP_001009489.1,rat:PROT:NP_001009489.1,ENSEMBL:ENSRNOG00000033220
Stip1|PROT,rat:PROT:NP_620266.1,ENSEMBL:ENSRNOG00000021164
Ak4|PROT,rat:PROT:NP_058831.1,ENSEMBL:ENSRNOG00000045738
Timm13|PROT,rat:PROT:NP_665724.1,ENSEMBL:ENSRNOG00000019682
Aldh8a1|PROT,rat:PROT:NP_001178017.2,ENSEMBL:ENSRNOG00000014907
Mttp|PROT,rat:PROT:NP_001101197.1,ENSEMBL:ENSRNOG00000010655
Ddx46|PROT,rat:PROT:NP_620798.1,ENSEMBL:ENSRNOG00000021637
Ubfd1|PROT,rat:PROT:NP_001030083.1,ENSEMBL:ENSRNOG00000018243
XP_017460374.1|PROT,rat:PROT:XP_017460374.1,
Prepl|PROT,rat:PROT:NP_001010951.1,ENSEMBL:ENSRNOG00000007326
Hip1r|PROT,rat:PROT:NP_001128235.1,ENSEMBL:ENSRNOG00000001091
Alkbh5|PROT,rat:PROT:NP_001178572.1,ENSEMBL:ENSRNOG00000028341
Hspa9|PROT,rat:PROT:NP_001094128.2,ENSEMBL:ENSRNOG00000019525
Gsr|PROT,rat:PROT:NP_446358.2,ENSEMBL:ENSRNOG00000014915
Dnajc11|PROT,rat:PROT:NP_001102164.1,ENSEMBL:ENSRNOG00000008802
Pmm2|PROT,rat:PROT:NP_001100443.1,ENSEMBL:ENSRNOG00000002615
Hnrnpr|PROT,rat:PROT:NP_783193.2,ENSEMBL:ENSRNOG00000011910
Hspa1l|PROT,rat:PROT:NP_997711.1,ENSEMBL:ENSRNOG00000047966
Arvcf|PROT,rat:PROT:XP_017453449.1,ENSEMBL:ENSRNOG00000001888
Rnf113a2|PROT,rat:PROT:NP_001004445.1,ENSEMBL:ENSRNOG00000067995
Mad1l1|PROT,rat:PROT:NP_001102857.1,ENSEMBL:ENSRNOG00000001265
Mgst3|PROT,rat:PROT:NP_001178523.1,ENSEMBL:ENSRNOG00000004245
Wbp11|PROT,rat:PROT:NP_001289946.1,ENSEMBL:ENSRNOG00000005505
C2cd2|PROT,rat:PROT:NP_955423.1,ENSEMBL:ENSRNOG00000001621
Elavl1|PROT,rat:PROT:NP_001102318.1,ENSEMBL:ENSRNOG00000001069
Hspe1|PROT,rat:PROT:NP_037098.1,ENSEMBL:ENSRNOG00000051624
Upk1b|PROT,rat:PROT:XP_006248429.1,ENSEMBL:ENSRNOG00000027380
Rcc1l|PROT,rat:PROT:NP_001101802.1,ENSEMBL:ENSRNOG00000001483
Fuom|PROT,rat:PROT:NP_001099780.1,ENSEMBL:ENSRNOG00000018476
Alas1|PROT,rat:PROT:NP_077810.2,ENSEMBL:ENSRNOG00000056596
Dnajb12|PROT,rat:PROT:NP_001013929.1,ENSEMBL:ENSRNOG00000030408
Gbe1|PROT,rat:PROT:NP_001093972.1,ENSEMBL:ENSRNOG00000051232
Cfap73|PROT,rat:PROT:XP_001079849.1,ENSEMBL:ENSRNOG00000056407
Hist2h2aa3|PROT,rat:PROT:NP_001302422.1,ENSEMBL:ENSRNOG00000047898
Safb|PROT,rat:PROT:NP_071789.2,ENSEMBL:ENSRNOG00000050543
Cyp2b2|PROT,rat:PROT:NP_001185605.1,ENSEMBL:ENSRNOG00000020775
Pdia5|PROT,rat:PROT:NP_001014147.1,ENSEMBL:ENSRNOG00000032327
Ky|PROT,rat:PROT:NP_001101650.1,ENSEMBL:ENSRNOG00000008210
Fbln1|PROT,rat:PROT:NP_001121019.1,ENSEMBL:ENSRNOG00000014137
Hspa1b|PROT,rat:PROT:NP_114177.2,ENSEMBL:ENSRNOG00000045654
Pebp1|PROT,rat:PROT:NP_058932.1,ENSEMBL:ENSRNOG00000001136
Gstm1|PROT,rat:PROT:NP_058710.1,ENSEMBL:ENSRNOG00000029726
Idh1|PROT,rat:PROT:NP_113698.1,ENSEMBL:ENSRNOG00000015020
Smpx|PROT,rat:PROT:NP_445847.1,ENSEMBL:ENSRNOG00000007495
Snx5|PROT,rat:PROT:XP_006235181.1,ENSEMBL:ENSRNOG00000006077
Coq10b|PROT,rat:PROT:NP_001009671.1,ENSEMBL:ENSRNOG00000014456
Col6a2|PROT,rat:PROT:NP_001094211.1,ENSEMBL:ENSRNOG00000001254
Akr1a1|PROT,rat:PROT:NP_112262.1,ENSEMBL:ENSRNOG00000016727
Apoc3|PROT,rat:PROT:NP_036633.2,ENSEMBL:ENSRNOG00000047503
LOC102555814|PROT,rat:PROT:XP_006224335.1,ENSEMBL:ENSRNOG00000063384
RGD1311345|PROT,rat:PROT:NP_001166907.1,ENSEMBL:ENSRNOG00000019232
Ewsr1|PROT,rat:PROT:NP_001020803.2,ENSEMBL:ENSRNOG00000009437
Pabpn1|PROT,rat:PROT:NP_001128480.1,ENSEMBL:ENSRNOG00000042195
Iapp|IMMUNO,rat:IMMUNO:AMYLIN,ENSEMBL:ENSRNOG00000012417
Gcat|PROT,rat:PROT:NP_001019448.1,ENSEMBL:ENSRNOG00000055408
Mvd|PROT,rat:PROT:NP_112324.1,ENSEMBL:ENSRNOG00000013376
Uap1|PROT,rat:PROT:NP_001178859.1,ENSEMBL:ENSRNOG00000002926
Ltbp4|PROT,rat:PROT:XP_006228632.1,ENSEMBL:ENSRNOG00000020871
Sorbs1|PROT,rat:PROT:XP_017445030.1,ENSEMBL:ENSRNOG00000015658
Serbp1|PROT|NP_659554.1,rat:PROT:NP_659554.1,ENSEMBL:ENSRNOG00000005890
Armh3|PROT,rat:PROT:XP_001058595.1,ENSEMBL:ENSRNOG00000025523
Akr1c12|PROT,rat:PROT:NP_001014262.3,ENSEMBL:ENSRNOG00000033010
Cpt1a|PROT,rat:PROT:NP_113747.2,ENSEMBL:ENSRNOG00000014254
Acot13|PROT,rat:PROT:NP_001099581.1,ENSEMBL:ENSRNOG00000018415
Plin2|PROT,rat:PROT:NP_001007145.1,ENSEMBL:ENSRNOG00000007060
Gphn|PROT,rat:PROT:NP_074056.2,ENSEMBL:ENSRNOG00000028366
Sult1a1|PROT,rat:PROT:NP_114022.1,ENSEMBL:ENSRNOG00000019342
Hgd|PROT,rat:PROT:NP_001012145.1,ENSEMBL:ENSRNOG00000002701
XP_006221478.1|PROT,rat:PROT:XP_006221478.1,
XP_008771416.1|PROT,rat:PROT:XP_008771416.1,
Hadhb|PROT,rat:PROT:NP_598302.1,ENSEMBL:ENSRNOG00000010800
Cpamd8|PROT,rat:PROT:NP_001258305.1,ENSEMBL:ENSRNOG00000065350
Ivns1abp|PROT,rat:PROT:XP_006250050.1,ENSEMBL:ENSRNOG00000002618
Ddx5|PROT,rat:PROT:NP_001007614.1,ENSEMBL:ENSRNOG00000030680
Srsf6|PROT,rat:PROT:NP_001014207.2,ENSEMBL:ENSRNOG00000006380
Sult1c3|PROT,rat:PROT:NP_113920.2,ENSEMBL:ENSRNOG00000011269
Htatip2|PROT,rat:PROT:NP_001099733.1,ENSEMBL:ENSRNOG00000022189
Mrpl49|PROT,rat:PROT:NP_001041348.1,ENSEMBL:ENSRNOG00000020975
Papln|PROT|XP_008774518.1,rat:PROT:XP_008774518.1,ENSEMBL:ENSRNOG00000009448
Tprn|PROT,rat:PROT:NP_001019480.2,ENSEMBL:ENSRNOG00000010896
Eps8l2|PROT,rat:PROT:XP_006230624.1,ENSEMBL:ENSRNOG00000018336
Chmp4c|PROT,rat:PROT:NP_001017466.2,ENSEMBL:ENSRNOG00000010238
Fhl4|PROT,rat:PROT:XP_006241241.1,ENSEMBL:ENSRNOG00000006998
Apmap|PROT,rat:PROT:XP_006235277.1,ENSEMBL:ENSRNOG00000006795
Pars2|PROT,rat:PROT:NP_001014086.1,ENSEMBL:ENSRNOG00000007327
Eci2|PROT|NP_001009275.1,rat:PROT:NP_001009275.1,ENSEMBL:ENSRNOG00000029549
Chchd6|PROT,rat:PROT:NP_001100078.1,ENSEMBL:ENSRNOG00000060248
Cbr1|PROT,rat:PROT:NP_062043.1,ENSEMBL:ENSRNOG00000047848
Dnaja4|PROT,rat:PROT:NP_001020582.1,ENSEMBL:ENSRNOG00000012106
Golga2|PROT,rat:PROT:XP_006234054.1,ENSEMBL:ENSRNOG00000011884
Pura|PROT,rat:PROT:XP_006222602.1,ENSEMBL:ENSRNOG00000019062
Tsc22d1|PROT,rat:PROT:NP_001103382.1,ENSEMBL:ENSRNOG00000001030
Sec63|PROT,rat:PROT:XP_006256633.1,ENSEMBL:ENSRNOG00000000314
Scp2|PROT,rat:PROT:NP_612517.2,ENSEMBL:ENSRNOG00000011413
Atp5if1|PROT,rat:PROT:NP_037047.2,ENSEMBL:ENSRNOG00000013300
Mcfd2|PROT,rat:PROT:NP_640346.1,ENSEMBL:ENSRNOG00000015059
Khsrp|PROT,rat:PROT:NP_598286.1,ENSEMBL:ENSRNOG00000047628
Hikeshi|PROT,rat:PROT:XP_006229724.1,ENSEMBL:ENSRNOG00000017383
Rab27b|PROT,rat:PROT:NP_445911.1,ENSEMBL:ENSRNOG00000012176
Uso1|PROT,rat:PROT:NP_062252.1,ENSEMBL:ENSRNOG00000002301
Mta2|PROT,rat:PROT:NP_001094210.1,ENSEMBL:ENSRNOG00000019913
Ero1b|PROT,rat:PROT:XP_006254437.1,ENSEMBL:ENSRNOG00000002609
Pygm|PROT,rat:PROT:NP_036770.1,ENSEMBL:ENSRNOG00000021090
Unc119b|PROT|NP_001099404.1,rat:PROT:NP_001099404.1,ENSEMBL:ENSRNOG00000021725
Serhl2|PROT,rat:PROT:NP_001124051.1,ENSEMBL:ENSRNOG00000022932
Steap4|PROT,rat:PROT:NP_001037730.1,ENSEMBL:ENSRNOG00000008602
Kynu|PROT,rat:PROT:NP_446354.1,ENSEMBL:ENSRNOG00000029993
Mt2A|PROT,rat:PROT:NP_001131036.1,ENSEMBL:ENSRNOG00000043098
Raly|PROT,rat:PROT:NP_001011958.1,ENSEMBL:ENSRNOG00000017405
Impa1|PROT|NP_114446.1,rat:PROT:NP_114446.1,ENSEMBL:ENSRNOG00000010482
Uba2|PROT,rat:PROT:NP_001094049.1,ENSEMBL:ENSRNOG00000021113
Dvl2|PROT,rat:PROT:NP_001165527.1,ENSEMBL:ENSRNOG00000017915
Lsp1|PROT,rat:PROT:NP_001020591.1,ENSEMBL:ENSRNOG00000020300
Bckdk|PROT,rat:PROT:NP_062117.2,ENSEMBL:ENSRNOG00000019485
Acsm2|PROT|NP_001101972.2,rat:PROT:NP_001101972.2,ENSEMBL:ENSRNOG00000042084
Ces1f|PROT,rat:PROT:NP_001096829.2,ENSEMBL:ENSRNOG00000015438
Comtd1|PROT,rat:PROT:NP_001100719.1,ENSEMBL:ENSRNOG00000013968
Susd2|PROT,rat:PROT:NP_001099851.1,ENSEMBL:ENSRNOG00000033389
Sat2|PROT,rat:PROT:NP_001101748.1,ENSEMBL:ENSRNOG00000011714
Pcbp1|PROT,rat:PROT:XP_008774006.1,ENSEMBL:ENSRNOG00000017708
Fbxo40|PROT,rat:PROT:XP_006248466.1,ENSEMBL:ENSRNOG00000002459
Masp2|PROT|NP_742040.1,rat:PROT:NP_742040.1,ENSEMBL:ENSRNOG00000011258
Chia|PROT,rat:PROT:NP_997469.1,ENSEMBL:ENSRNOG00000033162
Isoc2b|PROT,rat:PROT:NP_001008368.1,ENSEMBL:ENSRNOG00000016829
LOC687532|PROT,rat:PROT:XP_008773514.2,ENSEMBL:ENSRNOG00000070399
Dcps|PROT,rat:PROT:NP_695214.1,ENSEMBL:ENSRNOG00000009993
Hsd17b2|PROT,rat:PROT:NP_077367.1,ENSEMBL:ENSRNOG00000013982
Gsta5|PROT,rat:PROT:NP_001010921.1,ENSEMBL:ENSRNOG00000000201
Smc1a|PROT,rat:PROT:NP_113871.1,ENSEMBL:ENSRNOG00000003139
Aldh1a1|PROT,rat:PROT:NP_071852.2,ENSEMBL:ENSRNOG00000017619
Psip1|PROT,rat:PROT:XP_006238415.1,ENSEMBL:ENSRNOG00000011498
Lrp1|PROT,rat:PROT:NP_001123962.1,ENSEMBL:ENSRNOG00000025053
Cct2|PROT,rat:PROT:NP_001005905.1,ENSEMBL:ENSRNOG00000021317
Myh1|PROT|NP_001128629.1,rat:PROT:NP_001128629.1,ENSEMBL:ENSRNOG00000049695
Reep5|PROT,rat:PROT:NP_001102358.2,ENSEMBL:ENSRNOG00000020167
Magoh|PROT,rat:PROT:NP_001094006.1,ENSEMBL:ENSRNOG00000012778
NP_113753.2|PROT,rat:PROT:NP_113753.2,
Sf3b5|PROT,rat:PROT:NP_001119564.1,ENSEMBL:ENSRNOG00000014908
Hdgf|PROT,rat:PROT:NP_446159.1,ENSEMBL:ENSRNOG00000042261
Capn2|PROT,rat:PROT:NP_058812.1,ENSEMBL:ENSRNOG00000034015
Atp1b1|PROT,rat:PROT:NP_037245.2,ENSEMBL:ENSRNOG00000002934
Irgq|PROT,rat:PROT:NP_001129214.2,ENSEMBL:ENSRNOG00000046500
Hnrnpdl|PROT,rat:PROT:XP_008768246.1,ENSEMBL:ENSRNOG00000002270
Apoc1|PROT,rat:PROT:NP_001103466.1,ENSEMBL:ENSRNOG00000018426
Vps13a|PROT,rat:PROT:NP_001094445.2,ENSEMBL:ENSRNOG00000025539
Tmem38a|PROT,rat:PROT:NP_001093645.1,ENSEMBL:ENSRNOG00000011912
Nampt|PROT,rat:PROT:NP_808789.1,ENSEMBL:ENSRNOG00000009754
Pdlim3|PROT|NP_446102.1,rat:PROT:NP_446102.1,ENSEMBL:ENSRNOG00000012658
Shmt2|PROT,rat:PROT:NP_001008323.1,ENSEMBL:ENSRNOG00000008106
L2hgdh|PROT,rat:PROT:NP_001101498.1,ENSEMBL:ENSRNOG00000004857
RGD1563231|PROT,rat:PROT:XP_002726144.3,ENSEMBL:ENSRNOG00000047571
Psap|PROT,rat:PROT:NP_001177167.1,ENSEMBL:ENSRNOG00000000571
Tgfbr3|PROT,rat:PROT:NP_058952.1,ENSEMBL:ENSRNOG00000002093
Mvk|PROT,rat:PROT:NP_112325.1,ENSEMBL:ENSRNOG00000049604
Acbd4|PROT,rat:PROT:XP_006247570.1,ENSEMBL:ENSRNOG00000003108
Mt1|PROT,rat:PROT:NP_620181.1,ENSEMBL:ENSRNOG00000038047
Glyatl2|PROT,rat:PROT:NP_599157.2,ENSEMBL:ENSRNOG00000012387
XP_008772036.1|PROT,rat:PROT:XP_008772036.1,
Pik3r1|PROT,rat:PROT:XP_017446138.1,ENSEMBL:ENSRNOG00000018903
Diablo|PROT,rat:PROT:NP_001008293.1,ENSEMBL:ENSRNOG00000029197
Smtnl2|PROT,rat:PROT:NP_001177927.1,ENSEMBL:ENSRNOG00000015157
Lsm4|PROT,rat:PROT:NP_001099543.1,ENSEMBL:ENSRNOG00000019572
Ass1|PROT,rat:PROT:NP_037289.1,ENSEMBL:ENSRNOG00000008837
Rbm26|PROT,rat:PROT:XP_008769094.1,ENSEMBL:ENSRNOG00000009836
Tmod1|PROT,rat:PROT:NP_037176.2,ENSEMBL:ENSRNOG00000009761
Gde1|PROT,rat:PROT:NP_116004.2,ENSEMBL:ENSRNOG00000050445
Amt|PROT,rat:PROT:NP_001014026.1,ENSEMBL:ENSRNOG00000050214
Zc3h11a|PROT,rat:PROT:NP_001041367.1,ENSEMBL:ENSRNOG00000053210
Pdf|PROT|XP_003753154.2,rat:PROT:XP_003753154.2,ENSEMBL:ENSRNOG00000022303
Slc25a42|PROT,rat:PROT:NP_001121062.1,ENSEMBL:ENSRNOG00000020345
Mustn1|PROT,rat:PROT:NP_852033.1,ENSEMBL:ENSRNOG00000017369
Endog|PROT,rat:PROT:NP_001030110.1,ENSEMBL:ENSRNOG00000016033
Cotl1|PROT,rat:PROT:NP_001101922.1,ENSEMBL:ENSRNOG00000016257
Rbp4|PROT,rat:PROT:NP_037294.1,ENSEMBL:ENSRNOG00000015518
Gbp5|PROT,rat:PROT:NP_001102039.2,ENSEMBL:ENSRNOG00000032240
XP_008758611.1|PROT,rat:PROT:XP_008758611.1,
Rtn4|PROT,rat:PROT:NP_114019.1,ENSEMBL:ENSRNOG00000004621
Egfr|PROT|NP_113695.1,rat:PROT:NP_113695.1,ENSEMBL:ENSRNOG00000004332
Tmem70|PROT,rat:PROT:NP_001102728.1,ENSEMBL:ENSRNOG00000006608
Zfand6|PROT,rat:PROT:NP_001007631.1,ENSEMBL:ENSRNOG00000013506
Rps12|PROT,rat:PROT:NP_113897.2,ENSEMBL:ENSRNOG00000016411
Rexo2|PROT,rat:PROT:NP_001008327.1,ENSEMBL:ENSRNOG00000018939
Fasn|PROT,rat:PROT:NP_059028.1,ENSEMBL:ENSRNOG00000045636
Armc1|PROT,rat:PROT:XP_008759086.1,ENSEMBL:ENSRNOG00000013253
XP_006254401.1|PROT,rat:PROT:XP_006254401.1,
A1bg|PROT,rat:PROT:NP_071594.2,ENSEMBL:ENSRNOG00000004692
Igfbp7|PROT,rat:PROT:NP_001013066.1,ENSEMBL:ENSRNOG00000002050
Kank2|PROT,rat:PROT:NP_001257342.1,ENSEMBL:ENSRNOG00000010643
Smpdl3a|PROT,rat:PROT:NP_001005539.1,ENSEMBL:ENSRNOG00000000815
Khk|PROT,rat:PROT:NP_114061.1,ENSEMBL:ENSRNOG00000008047
Fkbp2|PROT,rat:PROT:NP_001127901.1,ENSEMBL:ENSRNOG00000021153
Cuta|PROT,rat:PROT:NP_001158178.1,ENSEMBL:ENSRNOG00000000481
Nbn|PROT,rat:PROT:NP_620228.1,ENSEMBL:ENSRNOG00000008580
Col14a1|PROT,rat:PROT:NP_001124020.1,ENSEMBL:ENSRNOG00000026415
Acsf2|PROT,rat:PROT:NP_001030123.1,ENSEMBL:ENSRNOG00000003330
Ipo5|PROT,rat:PROT:XP_001075101.5,ENSEMBL:ENSRNOG00000010989
Nsun4|PROT,rat:PROT:NP_001100148.1,ENSEMBL:ENSRNOG00000012020
Clpb|PROT,rat:PROT:XP_008758018.1,ENSEMBL:ENSRNOG00000019693
FAM120C|PROT,rat:PROT:XP_017457768.1,ENSEMBL:ENSRNOG00000062231
Gpt|PROT,rat:PROT:NP_112301.1,ENSEMBL:ENSRNOG00000033915
A2m|PROT,rat:PROT:NP_036620.2,ENSEMBL:ENSRNOG00000028896
LOC102556347|PROT,rat:PROT:XP_006248171.1,ENSEMBL:ENSRNOG00000049911
Crot|PROT,rat:PROT:NP_114193.1,ENSEMBL:ENSRNOG00000006779
Atp6v1f|PROT,rat:PROT:NP_446336.1,ENSEMBL:ENSRNOG00000007392
Tmbim6|PROT,rat:PROT:XP_017450155.1,ENSEMBL:ENSRNOG00000055579
Snrpb2|PROT,rat:PROT:NP_001102062.1,ENSEMBL:ENSRNOG00000004967
Aass|PROT,rat:PROT:NP_001094433.1,ENSEMBL:ENSRNOG00000039494
Cpq|PROT,rat:PROT:NP_113828.1,ENSEMBL:ENSRNOG00000005931
Pdk4|PROT,rat:PROT:NP_446003.1,ENSEMBL:ENSRNOG00000009565
Gnpat|PROT,rat:PROT:NP_445862.1,ENSEMBL:ENSRNOG00000019205
Septin10|PROT,rat:PROT:XP_006256479.1,ENSEMBL:ENSRNOG00000049507
XP_017453667.1|PROT,rat:PROT:XP_017453667.1,
Prkaa1|PROT,rat:PROT:NP_062015.2,ENSEMBL:ENSRNOG00000012799
Hnrnph2|PROT,rat:PROT:NP_001014041.1,ENSEMBL:ENSRNOG00000011661
Txnrd1|PROT,rat:PROT:NP_001338913.1,ENSEMBL:ENSRNOG00000009088
Cdh5|PROT,rat:PROT:NP_001100877.1,ENSEMBL:ENSRNOG00000013324
Comt|PROT,rat:PROT:NP_036663.1,ENSEMBL:ENSRNOG00000001889
Krt7|PROT|NP_001041335.1,rat:PROT:NP_001041335.1,ENSEMBL:ENSRNOG00000008057
Rps4x|PROT,rat:PROT:NP_001007601.1,ENSEMBL:ENSRNOG00000003201
Erp29|PROT,rat:PROT:NP_446413.1,ENSEMBL:ENSRNOG00000001348
Stard5|PROT,rat:PROT:NP_001178940.1,ENSEMBL:ENSRNOG00000025052
Oxnad1|PROT,rat:PROT:NP_001100765.1,ENSEMBL:ENSRNOG00000019760
Lrat|PROT,rat:PROT:NP_071616.1,ENSEMBL:ENSRNOG00000025608
Sycp1|PROT,rat:PROT:NP_036942.1,ENSEMBL:ENSRNOG00000016835
Tes|PROT,rat:PROT:NP_001034433.1,ENSEMBL:ENSRNOG00000051952
Ddah1|PROT,rat:PROT:NP_071633.1,ENSEMBL:ENSRNOG00000014613
Prpf19|PROT,rat:PROT:NP_647549.2,ENSEMBL:ENSRNOG00000020897
Pgm3|PROT,rat:PROT:NP_001102242.1,ENSEMBL:ENSRNOG00000009515
Wsb2|PROT,rat:PROT:XP_008767442.1,ENSEMBL:ENSRNOG00000001135
Grik1|PROT,rat:PROT:NP_001104587.1,ENSEMBL:ENSRNOG00000001575
Ndufb7|PROT,rat:PROT:NP_001101912.1,ENSEMBL:ENSRNOG00000028717
Ccdc90b|PROT,rat:PROT:NP_001020056.1,ENSEMBL:ENSRNOG00000009462
Chchd10|PROT,rat:PROT:NP_001007009.1,ENSEMBL:ENSRNOG00000028356
Agxt|PROT|NP_085914.2,rat:PROT:NP_085914.2,ENSEMBL:ENSRNOG00000023856
Ddx39b|PROT,rat:PROT:NP_579834.2,ENSEMBL:ENSRNOG00000000841
Rbm39|PROT,rat:PROT:NP_001013225.1,ENSEMBL:ENSRNOG00000019848
Rpl32|PROT,rat:PROT:NP_037358.1,ENSEMBL:ENSRNOG00000010746
Asb16|PROT,rat:PROT:NP_001102518.1,ENSEMBL:ENSRNOG00000036794
Arpc4|PROT,rat:PROT:NP_001100085.2,ENSEMBL:ENSRNOG00000008994
Cyb5r1|PROT,rat:PROT:NP_001013144.1,ENSEMBL:ENSRNOG00000003973
Srsf9|PROT,rat:PROT:NP_001009255.1,ENSEMBL:ENSRNOG00000001163
Gna13|PROT,rat:PROT:NP_001013137.1,ENSEMBL:ENSRNOG00000036745
Sqor|PROT,rat:PROT:NP_001041378.2,ENSEMBL:ENSRNOG00000000172
Lrrfip1|PROT,rat:PROT:XP_006245522.1,ENSEMBL:ENSRNOG00000019892
Prr33|PROT,rat:PROT:XP_001064406.1,ENSEMBL:ENSRNOG00000051534
Mydgf|PROT,rat:PROT:XP_008756141.1,ENSEMBL:ENSRNOG00000046883
Sbk2|PROT,rat:PROT:NP_001121011.1,ENSEMBL:ENSRNOG00000038625
Ctsc|PROT,rat:PROT:NP_058793.1,ENSEMBL:ENSRNOG00000016496
Tpp2|PROT|NP_112399.1,rat:PROT:NP_112399.1,ENSEMBL:ENSRNOG00000011194
Prpsap2|PROT,rat:PROT:NP_476472.1,ENSEMBL:ENSRNOG00000002724
Xrcc1|PROT,rat:PROT:XP_017445286.1,ENSEMBL:ENSRNOG00000019915
Nudt13|PROT,rat:PROT:NP_001121108.1,ENSEMBL:ENSRNOG00000048195
Coq2|PROT,rat:PROT:NP_001037720.1,ENSEMBL:ENSRNOG00000002194
Cpt2|PROT,rat:PROT:NP_037062.1,ENSEMBL:ENSRNOG00000012443
F8|PROT,rat:PROT:NP_899160.1,ENSEMBL:ENSRNOG00000031197
Gstk1|PROT,rat:PROT:NP_852036.1,ENSEMBL:ENSRNOG00000016484
Il18|IMMUNO,rat:IMMUNO:IL18,ENSEMBL:ENSRNOG00000009848
Afg3l2|PROT,rat:PROT:NP_001128336.1,ENSEMBL:ENSRNOG00000017965
Wdfy1|PROT,rat:PROT:XP_006245252.1,ENSEMBL:ENSRNOG00000015080
Trps1|PROT,rat:PROT:NP_001128309.1,ENSEMBL:ENSRNOG00000024998
Fh|PROT,rat:PROT:NP_058701.2,ENSEMBL:ENSRNOG00000003653
Cox17|PROT,rat:PROT:NP_445992.1,ENSEMBL:ENSRNOG00000038951
Pmvk|PROT,rat:PROT:NP_001008353.1,ENSEMBL:ENSRNOG00000020696
Hspb2|PROT,rat:PROT:NP_569115.1,ENSEMBL:ENSRNOG00000010402
Ttc38|PROT,rat:PROT:NP_001123971.1,ENSEMBL:ENSRNOG00000015916
Tnf|IMMUNO,rat:IMMUNO:TNFA,ENSEMBL:ENSRNOG00000000837
Hsd17b8|PROT,rat:PROT:NP_997694.1,ENSEMBL:ENSRNOG00000000466
Nfs1|PROT,rat:PROT:NP_445914.2,ENSEMBL:ENSRNOG00000019736
Pard6b|PROT,rat:PROT:NP_001102079.1,ENSEMBL:ENSRNOG00000010883
Lama1|PROT,rat:PROT:NP_001101707.2,ENSEMBL:ENSRNOG00000017237
Myom3|PROT,rat:PROT:XP_003750108.1,ENSEMBL:ENSRNOG00000032994
Stk10|PROT|NP_062079.2,rat:PROT:NP_062079.2,ENSEMBL:ENSRNOG00000004217
Fbp2|PROT,rat:PROT:NP_446168.1,ENSEMBL:ENSRNOG00000017637
Coro2b|PROT,rat:PROT:XP_001074062.3,ENSEMBL:ENSRNOG00000015257
Pdzk1ip1|PROT,rat:PROT:NP_569085.1,ENSEMBL:ENSRNOG00000008161
Me1|PROT,rat:PROT:NP_036732.2,ENSEMBL:ENSRNOG00000009715
Gale|PROT,rat:PROT:NP_542961.2,ENSEMBL:ENSRNOG00000009712
Acot12|PROT,rat:PROT:NP_570103.1,ENSEMBL:ENSRNOG00000061414
Slc25a5|PROT,rat:PROT:NP_476443.1,ENSEMBL:ENSRNOG00000039980
Coq6|PROT,rat:PROT:NP_001011983.1,ENSEMBL:ENSRNOG00000011164
Gdpd1|PROT,rat:PROT:NP_001037703.1,ENSEMBL:ENSRNOG00000060561
Sfrp1|PROT,rat:PROT:NP_001263641.1,ENSEMBL:ENSRNOG00000017783
Nsdhl|PROT,rat:PROT:NP_001009399.1,ENSEMBL:ENSRNOG00000057814
Gckr|PROT,rat:PROT:NP_037252.1,ENSEMBL:ENSRNOG00000048874
Gnas|PROT|NP_062005.1,rat:PROT:NP_062005.1,ENSEMBL:ENSRNOG00000025889
Zfp207|PROT,rat:PROT:NP_001034109.1,ENSEMBL:ENSRNOG00000000236
Hnrnpul1|PROT|XP_008757177.1,rat:PROT:XP_008757177.1,ENSEMBL:ENSRNOG00000020683
Ssb|PROT,rat:PROT:XP_006234383.1,ENSEMBL:ENSRNOG00000007998
Slc15a2|PROT,rat:PROT:NP_113860.2,ENSEMBL:ENSRNOG00000002305
Slc25a15|PROT,rat:PROT:XP_006253412.1,ENSEMBL:ENSRNOG00000011881
Kpna6|PROT,rat:PROT:NP_001015029.2,ENSEMBL:ENSRNOG00000000127
Tmem63b|PROT,rat:PROT:XP_003750698.1,ENSEMBL:ENSRNOG00000019743
Xirp2|PROT|XP_017447177.1,rat:PROT:XP_017447177.1,ENSEMBL:ENSRNOG00000034258
XP_017450010.1|PROT,rat:PROT:XP_017450010.1,
XP_017459749.1|PROT,rat:PROT:XP_017459749.1,
Gpam|PROT|XP_006231688.1,rat:PROT:XP_006231688.1,ENSEMBL:ENSRNOG00000015124
Mme|PROT,rat:PROT:NP_036740.1,ENSEMBL:ENSRNOG00000009514
Msra|PROT,rat:PROT:NP_445759.1,ENSEMBL:ENSRNOG00000012440
Ak3|PROT,rat:PROT:NP_037350.1,ENSEMBL:ENSRNOG00000052506
Ttc9|PROT,rat:PROT:NP_001128203.1,ENSEMBL:ENSRNOG00000007254
Htra2|PROT,rat:PROT:NP_001100069.1,ENSEMBL:ENSRNOG00000022448
Lrpap1|PROT,rat:PROT:NP_001162584.1,ENSEMBL:ENSRNOG00000009313
Mtg1|PROT,rat:PROT:XP_006223622.1,ENSEMBL:ENSRNOG00000018860
Dpys|PROT,rat:PROT:NP_113893.1,ENSEMBL:ENSRNOG00000004298
Ndufaf2|PROT,rat:PROT:XP_001073799.1,ENSEMBL:ENSRNOG00000055079
Zfp638|PROT,rat:PROT:XP_006236813.1,ENSEMBL:ENSRNOG00000014501
Tkt|PROT|XP_006252723.1,rat:PROT:XP_006252723.1,ENSEMBL:ENSRNOG00000016064
Gnao1|PROT,rat:PROT:NP_059023.1,ENSEMBL:ENSRNOG00000019482
Hmgcs2|PROT,rat:PROT:NP_775117.2,ENSEMBL:ENSRNOG00000019120
Anxa8|PROT,rat:PROT:NP_001026824.1,ENSEMBL:ENSRNOG00000060949
Gss|PROT,rat:PROT:NP_037094.1,ENSEMBL:ENSRNOG00000018964
Pon1|PROT,rat:PROT:NP_114466.1,ENSEMBL:ENSRNOG00000008902
Vdr|PROT,rat:PROT:NP_058754.1,ENSEMBL:ENSRNOG00000054420
Grpel1|PROT,rat:PROT:NP_077813.1,ENSEMBL:ENSRNOG00000006593
Lasp1|PROT,rat:PROT:NP_116002.1,ENSEMBL:ENSRNOG00000004132
Serpine1|IMMUNO,rat:IMMUNO:PAI-1/SERPIN-E,ENSEMBL:ENSRNOG00000001414
Ephb4|PROT,rat:PROT:XP_001069453.1,ENSEMBL:ENSRNOG00000045952
Supt6h|PROT,rat:PROT:NP_001178749.1,ENSEMBL:ENSRNOG00000012240
Fahd1|PROT,rat:PROT:NP_001020162.1,ENSEMBL:ENSRNOG00000014727
Arsa|PROT,rat:PROT:NP_001030105.2,ENSEMBL:ENSRNOG00000012953
XP_017452172.1|PROT,rat:PROT:XP_017452172.1,
Tat|PROT,rat:PROT:NP_036800.1,ENSEMBL:ENSRNOG00000016348
Emc2|PROT,rat:PROT:NP_001107257.1,ENSEMBL:ENSRNOG00000005123
Cfhr2|PROT,rat:PROT:XP_001068704.3,ENSEMBL:ENSRNOG00000021575
Exoc2|PROT,rat:PROT:NP_599241.2,ENSEMBL:ENSRNOG00000045721
Mtx3|PROT,rat:PROT:XP_003749215.1,ENSEMBL:ENSRNOG00000023837
Tbl2|PROT,rat:PROT:XP_001071365.1,ENSEMBL:ENSRNOG00000046252
Pdp1|PROT,rat:PROT:NP_001258037.1,ENSEMBL:ENSRNOG00000016180
Nudt21|PROT,rat:PROT:NP_001034093.1,ENSEMBL:ENSRNOG00000042983
Dnal1|PROT,rat:PROT:NP_001102947.2,ENSEMBL:ENSRNOG00000042333
Hmgcr|PROT,rat:PROT:NP_037266.2,ENSEMBL:ENSRNOG00000016122
Myh6|PROT,rat:PROT:NP_058935.2,ENSEMBL:ENSRNOG00000025757
LOC103691092|PROT,rat:PROT:XP_008772759.1,ENSEMBL:ENSRNOG00000043320
Mdh1|PROT,rat:PROT:NP_001303806.1,ENSEMBL:ENSRNOG00000008103
Nrap|PROT|XP_008758757.1,rat:PROT:XP_008758757.1,ENSEMBL:ENSRNOG00000016714
Alg2|PROT,rat:PROT:NP_001094180.1,ENSEMBL:ENSRNOG00000006369
Pitrm1|PROT,rat:PROT:XP_006254248.1,ENSEMBL:ENSRNOG00000016511
Ganc|PROT,rat:PROT:NP_001139312.1,ENSEMBL:ENSRNOG00000024563
Acsl4|PROT,rat:PROT:NP_446075.1,ENSEMBL:ENSRNOG00000019180
Homer3|PROT,rat:PROT:NP_445762.1,ENSEMBL:ENSRNOG00000020229
Cryl1|PROT,rat:PROT:NP_786933.1,ENSEMBL:ENSRNOG00000008989
Pglyrp2|PROT,rat:PROT:XP_008774609.1,ENSEMBL:ENSRNOG00000042318
Cd109|PROT,rat:PROT:XP_003750594.1,ENSEMBL:ENSRNOG00000025332
Mlycd|PROT,rat:PROT:NP_445929.1,ENSEMBL:ENSRNOG00000014522
Nhlrc1|PROT,rat:PROT:NP_954706.1,ENSEMBL:ENSRNOG00000026286
Serpinf1|PROT,rat:PROT:NP_808788.1,ENSEMBL:ENSRNOG00000003172
Tgm2|PROT,rat:PROT:NP_062259.2,ENSEMBL:ENSRNOG00000012956
Lmtk2|PROT,rat:PROT:NP_001131113.1,ENSEMBL:ENSRNOG00000025155
Acss2|PROT,rat:PROT:NP_001101263.1,ENSEMBL:ENSRNOG00000018755
Dnajb1|PROT,rat:PROT:XP_006255344.1,ENSEMBL:ENSRNOG00000021824
Cadm4|PROT,rat:PROT:NP_001040572.1,ENSEMBL:ENSRNOG00000024243
Mthfd1|PROT,rat:PROT:XP_006240311.1,ENSEMBL:ENSRNOG00000005602
Cyp4b1|PROT,rat:PROT:NP_058695.2,ENSEMBL:ENSRNOG00000055078
Asb2|PROT,rat:PROT:NP_001011984.1,ENSEMBL:ENSRNOG00000051619
Osbpl1a|PROT,rat:PROT:NP_742020.1,ENSEMBL:ENSRNOG00000054058
Msrb2|PROT,rat:PROT:NP_001026830.1,ENSEMBL:ENSRNOG00000016873
Hnrnpa2b1|PROT,rat:PROT:NP_001098083.1,ENSEMBL:ENSRNOG00000011175
Dnase2|PROT,rat:PROT:NP_612548.1,ENSEMBL:ENSRNOG00000023830
Itih3|PROT,rat:PROT:NP_059047.1,ENSEMBL:ENSRNOG00000017689
Scgb2a1|PROT,rat:PROT:NP_976078.1,ENSEMBL:ENSRNOG00000020305
Farsa|PROT,rat:PROT:NP_001019408.1,ENSEMBL:ENSRNOG00000003149
Lrpprc|PROT,rat:PROT:NP_001008519.1,ENSEMBL:ENSRNOG00000005877
Pofut2|PROT,rat:PROT:NP_001101091.2,ENSEMBL:ENSRNOG00000001228
Dck|PROT,rat:PROT:NP_077072.1,ENSEMBL:ENSRNOG00000003296
Tmf1|PROT,rat:PROT:NP_446123.2,ENSEMBL:ENSRNOG00000056462
Pon2|PROT,rat:PROT:NP_001013100.1,ENSEMBL:ENSRNOG00000009112
B3glct|PROT,rat:PROT:XP_017453969.1,ENSEMBL:ENSRNOG00000061346
Fabp3|PROT,rat:PROT:NP_077076.1,ENSEMBL:ENSRNOG00000012879
Tax1bp1|PROT,rat:PROT:NP_001004199.1,ENSEMBL:ENSRNOG00000008393
Acmsd|PROT,rat:PROT:NP_599199.1,ENSEMBL:ENSRNOG00000003884
Blvra|PROT,rat:PROT:NP_446302.1,ENSEMBL:ENSRNOG00000011778
Apcs|PROT,rat:PROT:NP_058866.2,ENSEMBL:ENSRNOG00000009086
Hspb7|PROT,rat:PROT:NP_113795.1,ENSEMBL:ENSRNOG00000029079
Txnrd2|PROT,rat:PROT:NP_072106.1,ENSEMBL:ENSRNOG00000001890
Spty2d1|PROT,rat:PROT:XP_002725626.1,ENSEMBL:ENSRNOG00000050806
Cfh|PROT,rat:PROT:NP_569093.2,ENSEMBL:ENSRNOG00000030715
Tpr|PROT,rat:PROT:NP_001100655.2,ENSEMBL:ENSRNOG00000002394
Xirp1|PROT,rat:PROT:XP_006226682.1,ENSEMBL:ENSRNOG00000037085
Plin3|PROT,rat:PROT:XP_001061015.1,ENSEMBL:ENSRNOG00000048834
Gpsm1|PROT,rat:PROT:NP_653346.2,ENSEMBL:ENSRNOG00000018666
Ntan1|PROT,rat:PROT:NP_001020295.1,ENSEMBL:ENSRNOG00000051382
Ppm1e|PROT,rat:PROT:NP_942068.1,ENSEMBL:ENSRNOG00000024730
Eef2|PROT,rat:PROT:NP_058941.1,ENSEMBL:ENSRNOG00000020266
Fkbp3|PROT,rat:PROT:NP_001100206.2,ENSEMBL:ENSRNOG00000004629
Ggt1|PROT,rat:PROT:NP_446292.2,ENSEMBL:ENSRNOG00000047697
Mycbp|PROT,rat:PROT:NP_001258253.1,ENSEMBL:ENSRNOG00000017166
Mapk12|PROT,rat:PROT:NP_068514.1,ENSEMBL:ENSRNOG00000031233
Sfpq|PROT,rat:PROT:NP_001020442.1,ENSEMBL:ENSRNOG00000058461
Vwa8|PROT,rat:PROT:XP_008768820.1,ENSEMBL:ENSRNOG00000053145
Adh1|PROT,rat:PROT:NP_062159.3,ENSEMBL:ENSRNOG00000012436
Commd2|PROT,rat:PROT:NP_001102973.1,ENSEMBL:ENSRNOG00000043386
Svil|PROT,rat:PROT:XP_017456105.1,ENSEMBL:ENSRNOG00000018110
Nup50|PROT,rat:PROT:NP_037123.1,ENSEMBL:ENSRNOG00000013423
Abhd18|PROT,rat:PROT:NP_001020210.2,ENSEMBL:ENSRNOG00000013692
Pls1|PROT,rat:PROT:XP_006243636.1,ENSEMBL:ENSRNOG00000009945
Mix23|PROT,rat:PROT:NP_001099345.1,ENSEMBL:ENSRNOG00000031653
Hsph1|PROT,rat:PROT:NP_001011901.1,ENSEMBL:ENSRNOG00000000902
Nhsl1|PROT,rat:PROT:XP_017443406.1,ENSEMBL:ENSRNOG00000060603
Timm8b|PROT,rat:PROT:NP_071986.1,ENSEMBL:ENSRNOG00000009888
Clta|PROT,rat:PROT:XP_006238168.1,ENSEMBL:ENSRNOG00000014635
Sf3b2|PROT,rat:PROT:NP_001099796.2,ENSEMBL:ENSRNOG00000020412
Dsp|PROT,rat:PROT:XP_001058477.1,ENSEMBL:ENSRNOG00000013928
Map7|PROT,rat:PROT:NP_001099740.2,ENSEMBL:ENSRNOG00000012701
Ndrg1|PROT,rat:PROT:NP_001011991.1,ENSEMBL:ENSRNOG00000007393
Ppm1h|PROT,rat:PROT:NP_001258008.1,ENSEMBL:ENSRNOG00000004314
NP_037030.1|PROT,rat:PROT:NP_037030.1,
Letmd1|PROT,rat:PROT:NP_001116253.3,ENSEMBL:ENSRNOG00000029855
Unc45b|PROT,rat:PROT:XP_006247058.1,ENSEMBL:ENSRNOG00000009466
Mtap|PROT,rat:PROT:XP_006238444.1,ENSEMBL:ENSRNOG00000006615
Acy1|PROT,rat:PROT:XP_006243777.1,ENSEMBL:ENSRNOG00000011189
Rbm3|PROT,rat:PROT:XP_006256757.1,ENSEMBL:ENSRNOG00000005387
Myh1|PROT|NP_062198.1,rat:PROT:NP_062198.1,ENSEMBL:ENSRNOG00000049695
Mmp14|PROT,rat:PROT:NP_112318.1,ENSEMBL:ENSRNOG00000010947
Arfgap3|PROT,rat:PROT:NP_001037738.1,ENSEMBL:ENSRNOG00000046472
Bco2|PROT,rat:PROT:NP_001121184.1,ENSEMBL:ENSRNOG00000038746
Hars2|PROT,rat:PROT:NP_001014034.2,ENSEMBL:ENSRNOG00000016087
Akap12|PROT,rat:PROT:NP_001028825.1,ENSEMBL:ENSRNOG00000019549
Akr7a3|PROT,rat:PROT:NP_037347.1,ENSEMBL:ENSRNOG00000017899
Gstp1|PROT,rat:PROT:NP_036709.1,ENSEMBL:ENSRNOG00000018237
Esd|PROT,rat:PROT:NP_001257794.1,ENSEMBL:ENSRNOG00000009512
Chdh|PROT,rat:PROT:NP_942026.1,ENSEMBL:ENSRNOG00000015859
Rnls|PROT,rat:PROT:NP_001014189.1,ENSEMBL:ENSRNOG00000020705
Slc25a19|PROT,rat:PROT:NP_001007675.1,ENSEMBL:ENSRNOG00000003918
Avil|PROT,rat:PROT:NP_077377.2,ENSEMBL:ENSRNOG00000050419
Sfr1|PROT,rat:PROT:NP_001041321.2,ENSEMBL:ENSRNOG00000012641
Pex3|PROT,rat:PROT:NP_112640.1,ENSEMBL:ENSRNOG00000015660
Aldh2|PROT,rat:PROT:XP_006249447.1,ENSEMBL:ENSRNOG00000001344
Pcdh1|PROT,rat:PROT:XP_006222627.1,ENSEMBL:ENSRNOG00000060410
Ppip5k1|PROT,rat:PROT:XP_017447226.1,ENSEMBL:ENSRNOG00000014436
Sacs|PROT,rat:PROT:XP_006222035.1,ENSEMBL:ENSRNOG00000014509
Tinagl1|PROT,rat:PROT:NP_446034.1,ENSEMBL:ENSRNOG00000013179
Acsl1|PROT,rat:PROT:NP_036952.1,ENSEMBL:ENSRNOG00000010633
Aox3|PROT,rat:PROT:XP_006245066.1,ENSEMBL:ENSRNOG00000062125
Slc25a3|PROT,rat:PROT:NP_620800.2,ENSEMBL:ENSRNOG00000008289
Rmnd1|PROT,rat:PROT:XP_006227896.1,ENSEMBL:ENSRNOG00000019501
Acot7|PROT,rat:PROT:NP_037346.2,ENSEMBL:ENSRNOG00000010580
Oasl|PROT,rat:PROT:NP_001009681.1,ENSEMBL:ENSRNOG00000001187
Mrps27|PROT,rat:PROT:NP_001186121.1,ENSEMBL:ENSRNOG00000017272
Pcmtd1|PROT,rat:PROT:NP_001244274.1,ENSEMBL:ENSRNOG00000005730
LOC688981|PROT,rat:PROT:XP_006225861.1,ENSEMBL:ENSRNOG00000032000
Rab13|PROT,rat:PROT:NP_112354.1,ENSEMBL:ENSRNOG00000016733
Stxbp2|PROT,rat:PROT:XP_006248845.1,ENSEMBL:ENSRNOG00000000994
Idh2|PROT,rat:PROT:NP_001014183.1,ENSEMBL:ENSRNOG00000013949
Prkra|PROT,rat:PROT:NP_001019951.1,ENSEMBL:ENSRNOG00000011195
Lmcd1|PROT,rat:PROT:NP_001008562.1,ENSEMBL:ENSRNOG00000005690
Hexb|PROT,rat:PROT:NP_001011946.1,ENSEMBL:ENSRNOG00000025274
Casp7|PROT,rat:PROT:NP_071596.1,ENSEMBL:ENSRNOG00000056216
Dguok|PROT,rat:PROT:XP_006236797.1,ENSEMBL:ENSRNOG00000011617
NP_001095888.1|PROT,rat:PROT:NP_001095888.1,
Neb|PROT|XP_006224484.1,rat:PROT:XP_006224484.1,ENSEMBL:ENSRNOG00000006783
Csad|PROT,rat:PROT:NP_068518.1,ENSEMBL:ENSRNOG00000011573
Bag2|PROT,rat:PROT:NP_001121667.1,ENSEMBL:ENSRNOG00000012709
Arhgap21|PROT,rat:PROT:NP_001178622.1,ENSEMBL:ENSRNOG00000008659
Lnpk|PROT,rat:PROT:XP_006234439.1,ENSEMBL:ENSRNOG00000001593
Mrpl19|PROT,rat:PROT:NP_001025069.1,ENSEMBL:ENSRNOG00000006968
Chchd3|PROT,rat:PROT:NP_001100058.1,ENSEMBL:ENSRNOG00000013211
Lrrfip2|PROT,rat:PROT:XP_008764838.1,ENSEMBL:ENSRNOG00000021047
Slc25a47|PROT,rat:PROT:NP_001001509.1,ENSEMBL:ENSRNOG00000003020
XP_006224189.1|PROT,rat:PROT:XP_006224189.1,
Dpf2|PROT,rat:PROT:NP_001101986.1,ENSEMBL:ENSRNOG00000020892
Optn|PROT|NP_659549.2,rat:PROT:NP_659549.2,ENSEMBL:ENSRNOG00000017941
Calr|PROT,rat:PROT:NP_071794.1,ENSEMBL:ENSRNOG00000003029
XP_017453681.1|PROT,rat:PROT:XP_017453681.1,
Ncam1|PROT,rat:PROT:XP_006243056.1,ENSEMBL:ENSRNOG00000031890
Ctss|PROT,rat:PROT:NP_059016.1,ENSEMBL:ENSRNOG00000021157
Thrap3|PROT,rat:PROT:NP_001009693.1,ENSEMBL:ENSRNOG00000009977
Tbce|PROT,rat:PROT:NP_001012161.1,ENSEMBL:ENSRNOG00000029667
Mfge8|PROT,rat:PROT:NP_001035276.1,ENSEMBL:ENSRNOG00000017510
Cpn2|PROT,rat:PROT:NP_001100555.1,ENSEMBL:ENSRNOG00000024384
Mzb1|PROT,rat:PROT:NP_001019411.1,ENSEMBL:ENSRNOG00000022009
Nek7|PROT,rat:PROT:NP_001101816.1,ENSEMBL:ENSRNOG00000000657
Ugt1a1|PROT|NP_569091.2,rat:PROT:NP_569091.2,ENSEMBL:ENSRNOG00000018740
Mcee|PROT,rat:PROT:NP_001099811.1,ENSEMBL:ENSRNOG00000016327
Acot9|PROT,rat:PROT:NP_001013982.1,ENSEMBL:ENSRNOG00000003782
Slc27a3|PROT,rat:PROT:NP_001099909.1,ENSEMBL:ENSRNOG00000015421
Lrrc39|PROT,rat:PROT:NP_001103107.1,ENSEMBL:ENSRNOG00000015117
XP_017460367.1|PROT,rat:PROT:XP_017460367.1,
Hnrnpc|PROT,rat:PROT:NP_001258170.1,ENSEMBL:ENSRNOG00000011621
Pccb|PROT,rat:PROT:NP_058726.2,ENSEMBL:ENSRNOG00000015869
Mrps22|PROT,rat:PROT:NP_001070998.1,ENSEMBL:ENSRNOG00000047984
Sec24d|PROT,rat:PROT:NP_001296382.1,ENSEMBL:ENSRNOG00000014872
Nmral1|PROT,rat:PROT:NP_001178517.1,ENSEMBL:ENSRNOG00000003794
Mccc1|PROT,rat:PROT:NP_001009653.1,ENSEMBL:ENSRNOG00000013293
Crybb1|PROT,rat:PROT:NP_037068.2,ENSEMBL:ENSRNOG00000047653
Map7d2|PROT,rat:PROT:NP_001276707.1,ENSEMBL:ENSRNOG00000005176
Vwf|PROT,rat:PROT:NP_446341.1,ENSEMBL:ENSRNOG00000019689
Ctsb|PROT,rat:PROT:NP_072119.2,ENSEMBL:ENSRNOG00000010331
Krt7|PROT|XP_003750455.1,rat:PROT:XP_003750455.1,ENSEMBL:ENSRNOG00000008057
Ephx2|PROT,rat:PROT:NP_075225.1,ENSEMBL:ENSRNOG00000017286
Dock11|PROT,rat:PROT:NP_001178689.1,ENSEMBL:ENSRNOG00000013321
Aadat|PROT,rat:PROT:NP_058889.1,ENSEMBL:ENSRNOG00000011861
Decr2|PROT|NP_001102948.1,rat:PROT:NP_001102948.1,ENSEMBL:ENSRNOG00000050424
Sqle|PROT,rat:PROT:NP_058832.1,ENSEMBL:ENSRNOG00000009550
Sod2|PROT,rat:PROT:NP_058747.1,ENSEMBL:ENSRNOG00000019048
Gpx7|PROT,rat:PROT:NP_001100143.1,ENSEMBL:ENSRNOG00000009751
Acaa1a|PROT,rat:PROT:NP_036621.1,ENSEMBL:ENSRNOG00000032908
Lrrc42|PROT,rat:PROT:NP_001020824.1,ENSEMBL:ENSRNOG00000009983
Fbp1|PROT,rat:PROT:NP_036690.2,ENSEMBL:ENSRNOG00000017597
Cdk5rap1|PROT,rat:PROT:NP_663773.1,ENSEMBL:ENSRNOG00000015696
Pla2g12b|PROT,rat:PROT:XP_001053976.3,ENSEMBL:ENSRNOG00000046619
Capns1|PROT,rat:PROT:NP_058814.1,ENSEMBL:ENSRNOG00000045747
Sult1b1|PROT,rat:PROT:XP_008768278.1,ENSEMBL:ENSRNOG00000001967
Ero1a|PROT,rat:PROT:NP_612537.1,ENSEMBL:ENSRNOG00000006462
C2|PROT,rat:PROT:NP_757376.2,ENSEMBL:ENSRNOG00000051235
Pnpla2|PROT,rat:PROT:NP_001101979.2,ENSEMBL:ENSRNOG00000018736
Spink5|PROT,rat:PROT:NP_001164077.1,ENSEMBL:ENSRNOG00000013116
Apoc2|PROT,rat:PROT:NP_001078821.1,ENSEMBL:ENSRNOG00000018402
Exoc5|PROT,rat:PROT:NP_071540.1,ENSEMBL:ENSRNOG00000013804
Fech|PROT,rat:PROT:NP_001101904.1,ENSEMBL:ENSRNOG00000018053
Gyg1|PROT,rat:PROT:NP_112305.1,ENSEMBL:ENSRNOG00000011146
XP_008762057.1|PROT,rat:PROT:XP_008762057.1,
Lpin1|PROT|XP_008762815.1,rat:PROT:XP_008762815.1,ENSEMBL:ENSRNOG00000004377
Klhl40|PROT|NP_001101665.1,rat:PROT:NP_001101665.1,ENSEMBL:ENSRNOG00000019390
Reck|PROT,rat:PROT:XP_006238130.1,ENSEMBL:ENSRNOG00000014863
Sptbn1|PROT,rat:PROT:XP_008768684.1,ENSEMBL:ENSRNOG00000005434
Papss2|PROT,rat:PROT:XP_006231336.1,ENSEMBL:ENSRNOG00000011068
Serpinh1|PROT,rat:PROT:NP_058869.1,ENSEMBL:ENSRNOG00000016831
Pgghg|PROT,rat:PROT:XP_006223623.2,ENSEMBL:ENSRNOG00000014783
Ca4|PROT,rat:PROT:NP_062047.1,ENSEMBL:ENSRNOG00000002916
Srek1|PROT,rat:PROT:XP_006231954.1,ENSEMBL:ENSRNOG00000032735
Slc25a44|PROT,rat:PROT:NP_001102417.1,ENSEMBL:ENSRNOG00000025269
U2surp|PROT,rat:PROT:XP_001065014.1,ENSEMBL:ENSRNOG00000008607
Ogdh|PROT,rat:PROT:NP_001017461.1,ENSEMBL:ENSRNOG00000005130
Tpi1|PROT,rat:PROT:NP_075211.2,ENSEMBL:ENSRNOG00000015290
Exosc6|PROT,rat:PROT:XP_006222787.1,ENSEMBL:ENSRNOG00000018582
Adk|PROT,rat:PROT:NP_037027.2,ENSEMBL:ENSRNOG00000012325
Pdcd7|PROT,rat:PROT:NP_001102238.1,ENSEMBL:ENSRNOG00000014340
Apoh|PROT,rat:PROT:NP_001009626.1,ENSEMBL:ENSRNOG00000003566
Sdf4|PROT,rat:PROT:NP_569096.2,ENSEMBL:ENSRNOG00000019981
Alg9|PROT,rat:PROT:XP_017451275.1,ENSEMBL:ENSRNOG00000010877
Anp32b|PROT,rat:PROT:NP_571986.1,ENSEMBL:ENSRNOG00000009266
Timp3|PROT,rat:PROT:NP_037018.2,ENSEMBL:ENSRNOG00000004303
Acox1|PROT,rat:PROT:NP_059036.1,ENSEMBL:ENSRNOG00000008755
Tln2|PROT,rat:PROT:XP_008774983.1,ENSEMBL:ENSRNOG00000018373
Bag3|PROT,rat:PROT:NP_001011936.1,ENSEMBL:ENSRNOG00000020298
Pole3|PROT,rat:PROT:NP_001007653.1,ENSEMBL:ENSRNOG00000004843
Actn3|PROT,rat:PROT:NP_596915.1,ENSEMBL:ENSRNOG00000019745
Wls|PROT,rat:PROT:NP_001078822.1,ENSEMBL:ENSRNOG00000036816
Pin4|PROT,rat:PROT:XP_006227443.1,ENSEMBL:ENSRNOG00000050051
Gzmb|PROT,rat:PROT:NP_612526.2,ENSEMBL:ENSRNOG00000045973
H2ax|PROT,rat:PROT:NP_001102761.1,ENSEMBL:ENSRNOG00000010386
Pdcd2l|PROT,rat:PROT:NP_001103014.1,ENSEMBL:ENSRNOG00000021119
Fdx1|PROT,rat:PROT:NP_058822.1,ENSEMBL:ENSRNOG00000012123
Myl1|PROT,rat:PROT:NP_064489.1,ENSEMBL:ENSRNOG00000013262
Rad50|PROT,rat:PROT:NP_071582.1,ENSEMBL:ENSRNOG00000033065
Atp5f1d|PROT,rat:PROT:XP_006240907.1,ENSEMBL:ENSRNOG00000014625
Nags|PROT,rat:PROT:NP_001100523.1,ENSEMBL:ENSRNOG00000020879
Rrm2b|PROT,rat:PROT:NP_001124015.1,ENSEMBL:ENSRNOG00000025454
Omp|PROT,rat:PROT:NP_036748.1,ENSEMBL:ENSRNOG00000068492
Fth1|PROT,rat:PROT:NP_036980.1,ENSEMBL:ENSRNOG00000022619
Gk|PROT,rat:PROT:NP_077357.2,ENSEMBL:ENSRNOG00000034116
Dmac2l|PROT,rat:PROT:NP_001007750.1,ENSEMBL:ENSRNOG00000004893
Cpsf7|PROT,rat:PROT:XP_008758460.1,ENSEMBL:ENSRNOG00000020668
Prps1|PROT,rat:PROT:NP_058939.1,ENSEMBL:ENSRNOG00000060262
Clpp|PROT,rat:PROT:XP_001055676.4,ENSEMBL:ENSRNOG00000047052
Pml|PROT,rat:PROT:XP_008764653.1,ENSEMBL:ENSRNOG00000008400
Cpb2|PROT,rat:PROT:NP_446069.1,ENSEMBL:ENSRNOG00000010935
Tatdn1|PROT,rat:PROT:XP_008774694.1,ENSEMBL:ENSRNOG00000047198
Arhgap45|PROT,rat:PROT:NP_001101537.1,ENSEMBL:ENSRNOG00000013220
Chchd5|PROT,rat:PROT:XP_006235031.1,ENSEMBL:ENSRNOG00000018491
Snta1|PROT,rat:PROT:NP_001094371.1,ENSEMBL:ENSRNOG00000016062
Akr1c1|PROT,rat:PROT:NP_001028869.1,ENSEMBL:ENSRNOG00000038331
Pkp3|PROT,rat:PROT:NP_001099785.1,ENSEMBL:ENSRNOG00000015152
Nt5c3a|PROT,rat:PROT:XP_006236614.1,ENSEMBL:ENSRNOG00000005981
Nrap|PROT|NP_001100913.2,rat:PROT:NP_001100913.2,ENSEMBL:ENSRNOG00000016714
Kyat1|PROT,rat:PROT:NP_001013182.3,ENSEMBL:ENSRNOG00000016097
Slc2a4|PROT,rat:PROT:NP_036883.1,ENSEMBL:ENSRNOG00000017226
Pgls|PROT,rat:PROT:NP_001099536.1,ENSEMBL:ENSRNOG00000018326
Lrrc2|PROT,rat:PROT:NP_001012001.1,ENSEMBL:ENSRNOG00000030688
Lmnb1|PROT,rat:PROT:NP_446357.1,ENSEMBL:ENSRNOG00000013774
Pfkm|PROT,rat:PROT:NP_113903.1,ENSEMBL:ENSRNOG00000057988
Cacybp|PROT,rat:PROT:NP_001004208.1,ENSEMBL:ENSRNOG00000002572
Itga7|PROT,rat:PROT:XP_006240862.1,ENSEMBL:ENSRNOG00000007905
Gimap4|PROT,rat:PROT:NP_775176.2,ENSEMBL:ENSRNOG00000008369
Hnrnpk|PROT,rat:PROT:NP_476482.1,ENSEMBL:ENSRNOG00000019113
Pdlim2|PROT,rat:PROT:NP_001007623.1,ENSEMBL:ENSRNOG00000008543
Rras2|PROT,rat:PROT:NP_001013452.1,ENSEMBL:ENSRNOG00000012258
Alms1|PROT,rat:PROT:NP_001100074.2,ENSEMBL:ENSRNOG00000022343
Slc25a10|PROT,rat:PROT:NP_596909.1,ENSEMBL:ENSRNOG00000036693
F8a1|PROT,rat:PROT:NP_001102793.1,ENSEMBL:ENSRNOG00000037327
Pkm|PROT,rat:PROT:XP_006243252.1,ENSEMBL:ENSRNOG00000011329
Mbl1|PROT,rat:PROT:NP_036731.2,ENSEMBL:ENSRNOG00000011706
Tnc|PROT|XP_008761976.1,rat:PROT:XP_008761976.1,ENSEMBL:ENSRNOG00000058645
Fgfbp1|PROT,rat:PROT:NP_072125.1,ENSEMBL:ENSRNOG00000003095
Txnip|PROT,rat:PROT:NP_001008767.1,ENSEMBL:ENSRNOG00000021201
P2rx7|PROT,rat:PROT:NP_062129.1,ENSEMBL:ENSRNOG00000001296
Ugt2a3|PROT,rat:PROT:NP_001129341.1,ENSEMBL:ENSRNOG00000001973
Hnrnpa3|PROT,rat:PROT:NP_001104764.1,ENSEMBL:ENSRNOG00000052968
Plekhh2|PROT,rat:PROT:NP_001178699.2,ENSEMBL:ENSRNOG00000005124
Ndufa7|PROT,rat:PROT:NP_001100242.2,ENSEMBL:ENSRNOG00000006939
Dnajb4|PROT,rat:PROT:NP_001013094.1,ENSEMBL:ENSRNOG00000013011
Parp3|PROT|XP_008764722.1,rat:PROT:XP_008764722.1,ENSEMBL:ENSRNOG00000012865
Gnb5|PROT,rat:PROT:XP_017451422.1,ENSEMBL:ENSRNOG00000047799
Ldha|PROT,rat:PROT:NP_058721.1,ENSEMBL:ENSRNOG00000013009
Hpdl|PROT,rat:PROT:NP_001014090.1,ENSEMBL:ENSRNOG00000018143
Was|PROT,rat:PROT:NP_001101718.1,ENSEMBL:ENSRNOG00000031058
Tax1bp3|PROT,rat:PROT:XP_006246823.1,ENSEMBL:ENSRNOG00000019357
Rnh1|PROT,rat:PROT:NP_001257691.1,ENSEMBL:ENSRNOG00000016416
Hspb8|PROT,rat:PROT:NP_446064.1,ENSEMBL:ENSRNOG00000022392
XP_017443500.1|PROT,rat:PROT:XP_017443500.1,
Map1a|PROT,rat:PROT:XP_006234888.1,ENSEMBL:ENSRNOG00000014230
Vamp5|PROT,rat:PROT:NP_446007.1,ENSEMBL:ENSRNOG00000012659
Myo1g|PROT,rat:PROT:XP_006251280.1,ENSEMBL:ENSRNOG00000059140
Dera|PROT,rat:PROT:XP_003754006.1,ENSEMBL:ENSRNOG00000007570
Akr7a2|PROT,rat:PROT:NP_599234.1,ENSEMBL:ENSRNOG00000017780
Myo1c|PROT,rat:PROT:NP_075580.2,ENSEMBL:ENSRNOG00000004072
Snrnp70|PROT,rat:PROT:XP_006229163.1,ENSEMBL:ENSRNOG00000020763
Ocln|PROT,rat:PROT:NP_112619.2,ENSEMBL:ENSRNOG00000018297
Tcea1|PROT,rat:PROT:NP_001020906.1,ENSEMBL:ENSRNOG00000022323
Ehd4|PROT,rat:PROT:NP_647540.1,ENSEMBL:ENSRNOG00000007584
Snx3|PROT,rat:PROT:NP_001037748.1,ENSEMBL:ENSRNOG00000046705
Exoc6b|PROT,rat:PROT:NP_001102716.1,ENSEMBL:ENSRNOG00000059615
Gfra3|PROT,rat:PROT:NP_445850.1,ENSEMBL:ENSRNOG00000020309
Fgg|PROT,rat:PROT:XP_006232587.1,ENSEMBL:ENSRNOG00000025074
Mrpl30|PROT,rat:PROT:NP_001100373.1,ENSEMBL:ENSRNOG00000049330
Ubl5|PROT,rat:PROT:NP_001041708.2,ENSEMBL:ENSRNOG00000020442
Hcn2|PROT,rat:PROT:NP_446136.1,ENSEMBL:ENSRNOG00000008831
Kif15|PROT,rat:PROT:NP_853666.1,ENSEMBL:ENSRNOG00000060356
Man2b2|PROT,rat:PROT:NP_001128443.1,ENSEMBL:ENSRNOG00000061779
Itih1|PROT,rat:PROT:NP_001100761.2,ENSEMBL:ENSRNOG00000033386
Gstt1|PROT,rat:PROT:NP_445745.1,ENSEMBL:ENSRNOG00000049771
Atp5pb|PROT,rat:PROT:NP_599192.1,ENSEMBL:ENSRNOG00000016000
Ccdc51|PROT,rat:PROT:NP_001014120.1,ENSEMBL:ENSRNOG00000020688
Lrg1|PROT,rat:PROT:NP_001009717.1,ENSEMBL:ENSRNOG00000049918
Ddo|PROT,rat:PROT:NP_001102935.1,ENSEMBL:ENSRNOG00000000582
XP_008773580.1|PROT,rat:PROT:XP_008773580.1,
Plcb1|PROT,rat:PROT:NP_001071109.1,ENSEMBL:ENSRNOG00000004810
Pkp4|PROT,rat:PROT:XP_003749523.1,ENSEMBL:ENSRNOG00000005504
Asns|PROT,rat:PROT:NP_037211.2,ENSEMBL:ENSRNOG00000007546
Metap2|PROT,rat:PROT:NP_071984.1,ENSEMBL:ENSRNOG00000021881
LOC679739|PROT,rat:PROT:XP_002725505.1,ENSEMBL:ENSRNOG00000023387
Bcl2l13|PROT,rat:PROT:XP_006237310.1,ENSEMBL:ENSRNOG00000012394
Ldhd|PROT,rat:PROT:XP_006255693.1,ENSEMBL:ENSRNOG00000019036
Hsp90aa1|PROT,rat:PROT:NP_786937.1,ENSEMBL:ENSRNOG00000007219
NP_786942.1|PROT,rat:PROT:NP_786942.1,
Nt5e|PROT,rat:PROT:NP_067587.2,ENSEMBL:ENSRNOG00000011071
Entpd2|PROT,rat:PROT:NP_742027.1,ENSEMBL:ENSRNOG00000013102
Osbpl11|PROT,rat:PROT:XP_006248512.1,ENSEMBL:ENSRNOG00000001782
Mocs1|PROT,rat:PROT:XP_006244478.1,ENSEMBL:ENSRNOG00000011784
Prl|IMMUNO,rat:IMMUNO:MPROLACTIN,ENSEMBL:ENSRNOG00000017374
Phyh|PROT,rat:PROT:NP_446126.1,ENSEMBL:ENSRNOG00000018044
Jsrp1|PROT,rat:PROT:NP_001103061.1,ENSEMBL:ENSRNOG00000032951
Gas2|PROT,rat:PROT:NP_001120976.1,ENSEMBL:ENSRNOG00000016717
Xdh|PROT,rat:PROT:NP_058850.1,ENSEMBL:ENSRNOG00000007081
Cd151|PROT,rat:PROT:NP_071968.1,ENSEMBL:ENSRNOG00000019215
Rpl23a|PROT,rat:PROT:NP_001101753.1,ENSEMBL:ENSRNOG00000023344
Adgrg1|PROT,rat:PROT:NP_689448.2,ENSEMBL:ENSRNOG00000014963
Pklr|PROT|NP_036756.3,rat:PROT:NP_036756.3,ENSEMBL:ENSRNOG00000020420
Mrpl16|PROT,rat:PROT:NP_001009647.1,ENSEMBL:ENSRNOG00000021005
Flad1|PROT,rat:PROT:NP_001103608.1,ENSEMBL:ENSRNOG00000020642
Chga|PROT,rat:PROT:NP_067687.2,ENSEMBL:ENSRNOG00000052549
Agfg2|PROT,rat:PROT:XP_006249202.1,ENSEMBL:ENSRNOG00000001404
LOC100294508|PROT,rat:PROT:NP_001153127.1,ENSEMBL:ENSRNOG00000012204
Icoslg|PROT|XP_006223891.1,rat:PROT:XP_006223891.1,ENSEMBL:ENSRNOG00000023109
Lrrc20|PROT,rat:PROT:NP_001102641.1,ENSEMBL:ENSRNOG00000000560
Ech1|PROT,rat:PROT:NP_072116.1,ENSEMBL:ENSRNOG00000020308
Cpn1|PROT,rat:PROT:NP_445978.1,ENSEMBL:ENSRNOG00000013439
Txlna|PROT,rat:PROT:NP_001121105.1,ENSEMBL:ENSRNOG00000048242
Osbpl6|PROT,rat:PROT:XP_008760126.1,ENSEMBL:ENSRNOG00000010812
Myh7|PROT,rat:PROT:XP_006252013.1,ENSEMBL:ENSRNOG00000016983
XP_001069890.2|PROT,rat:PROT:XP_001069890.2,
Erc1|PROT,rat:PROT:XP_006237287.1,ENSEMBL:ENSRNOG00000009264
G3bp2|PROT,rat:PROT:XP_006250795.1,ENSEMBL:ENSRNOG00000002433
Psme3ip1|PROT,rat:PROT:NP_001014036.1,ENSEMBL:ENSRNOG00000017841
Ghrl|IMMUNO,rat:IMMUNO:GHRELIN,ENSEMBL:ENSRNOG00000010349
Slc25a45|PROT,rat:PROT:NP_001258108.1,ENSEMBL:ENSRNOG00000030616
Fadd|PROT,rat:PROT:NP_690920.1,ENSEMBL:ENSRNOG00000047035
Rbfox2|PROT,rat:PROT:XP_006241895.1,ENSEMBL:ENSRNOG00000004688
Akr1c14|PROT,rat:PROT:NP_612556.1,ENSEMBL:ENSRNOG00000017672
Myadm|PROT,rat:PROT:NP_899161.1,ENSEMBL:ENSRNOG00000053450
Maob|PROT,rat:PROT:NP_037330.1,ENSEMBL:ENSRNOG00000029778
Mblac2|PROT,rat:PROT:NP_001102404.1,ENSEMBL:ENSRNOG00000016252
Tmem186|PROT,rat:PROT:NP_001020927.1,ENSEMBL:ENSRNOG00000027087
Ptpn13|PROT,rat:PROT:NP_001094259.1,ENSEMBL:ENSRNOG00000002061
Stat3|PROT,rat:PROT:NP_036879.1,ENSEMBL:ENSRNOG00000019742
Ceacam1|PROT,rat:PROT:NP_001029032.1,ENSEMBL:ENSRNOG00000020578
Enpp1|PROT,rat:PROT:NP_445987.1,ENSEMBL:ENSRNOG00000013994
Nudt14|PROT,rat:PROT:NP_001100230.1,ENSEMBL:ENSRNOG00000014362
Car2|PROT,rat:PROT:NP_062164.1,ENSEMBL:ENSRNOG00000009629
Tjp1|PROT,rat:PROT:XP_006229394.1,ENSEMBL:ENSRNOG00000011077
Nmrk2|PROT,rat:PROT:XP_003750325.2,ENSEMBL:ENSRNOG00000042897
Srsf4|PROT,rat:PROT:NP_001102155.1,ENSEMBL:ENSRNOG00000010007
RGD1310352|PROT,rat:PROT:NP_001100469.1,ENSEMBL:ENSRNOG00000006148
Gnl3|PROT,rat:PROT:NP_783170.1,ENSEMBL:ENSRNOG00000028461
Cycs|PROT,rat:PROT:NP_036971.1,ENSEMBL:ENSRNOG00000010452
Dhcr7|PROT,rat:PROT:NP_071784.1,ENSEMBL:ENSRNOG00000020776
Agk|PROT,rat:PROT:NP_001120969.1,ENSEMBL:ENSRNOG00000011509
Gtpbp6|PROT,rat:PROT:NP_001129312.1,ENSEMBL:ENSRNOG00000037426
Pex1|PROT,rat:PROT:NP_001102690.1,ENSEMBL:ENSRNOG00000025991
Csdc2|PROT,rat:PROT:NP_001164013.1,ENSEMBL:ENSRNOG00000005332
Ncf1|PROT,rat:PROT:NP_446186.2,ENSEMBL:ENSRNOG00000001480
Dbn1|PROT|NP_112286.1,rat:PROT:NP_112286.1,ENSEMBL:ENSRNOG00000014170
RGD1565617|PROT,rat:PROT:XP_002729496.2,ENSEMBL:ENSRNOG00000038254
Hdhd5|PROT,rat:PROT:NP_001101354.1,ENSEMBL:ENSRNOG00000011338
Nmnat3|PROT,rat:PROT:XP_006243670.1,ENSEMBL:ENSRNOG00000013585
Idi1|PROT,rat:PROT:NP_445991.2,ENSEMBL:ENSRNOG00000016690
Bin1|PROT,rat:PROT:XP_006254560.1,ENSEMBL:ENSRNOG00000012852
Prex1|PROT,rat:PROT:NP_001129190.1,ENSEMBL:ENSRNOG00000006952
C1qbp|PROT,rat:PROT:NP_062132.2,ENSEMBL:ENSRNOG00000006949
Klhl22|PROT,rat:PROT:NP_001100549.1,ENSEMBL:ENSRNOG00000001878
Mia3|PROT,rat:PROT:XP_001064186.2,ENSEMBL:ENSRNOG00000059202
Swi5|PROT,rat:PROT:NP_001233590.1,ENSEMBL:ENSRNOG00000022860
Fn1|PROT,rat:PROT:XP_006245214.1,ENSEMBL:ENSRNOG00000014288
Slc39a14|PROT,rat:PROT:NP_001100745.1,ENSEMBL:ENSRNOG00000009832
Pdlim3|PROT|XP_006253181.1,rat:PROT:XP_006253181.1,ENSEMBL:ENSRNOG00000012658
Optn|PROT|XP_006254324.1,rat:PROT:XP_006254324.1,ENSEMBL:ENSRNOG00000017941
Tbrg4|PROT,rat:PROT:NP_001012154.1,ENSEMBL:ENSRNOG00000052477
Peg3|PROT,rat:PROT:NP_001291745.1,ENSEMBL:ENSRNOG00000014791
Pm20d1|PROT,rat:PROT:NP_001102538.1,ENSEMBL:ENSRNOG00000039745
Vil1|PROT,rat:PROT:NP_001101694.1,ENSEMBL:ENSRNOG00000015408
Pck2|PROT,rat:PROT:NP_001101847.2,ENSEMBL:ENSRNOG00000018536
Endou|PROT,rat:PROT:NP_001177998.1,ENSEMBL:ENSRNOG00000056446
Pdlim1|PROT,rat:PROT:NP_059061.1,ENSEMBL:ENSRNOG00000016166
Anpep|PROT,rat:PROT:NP_112274.1,ENSEMBL:ENSRNOG00000014610
Pygl|PROT,rat:PROT:NP_071604.1,ENSEMBL:ENSRNOG00000006388
Abhd1|PROT,rat:PROT:NP_001008520.1,ENSEMBL:ENSRNOG00000025689
Clint1|PROT,rat:PROT:XP_006246211.1,ENSEMBL:ENSRNOG00000005406
Mtr|PROT,rat:PROT:NP_110491.1,ENSEMBL:ENSRNOG00000017593
Hadha|PROT,rat:PROT:NP_570839.2,ENSEMBL:ENSRNOG00000024629
Htatsf1|PROT,rat:PROT:NP_001101729.1,ENSEMBL:ENSRNOG00000027761
Kpnb1|PROT,rat:PROT:NP_058759.1,ENSEMBL:ENSRNOG00000009275
Slc25a51|PROT,rat:PROT:NP_001019956.1,ENSEMBL:ENSRNOG00000039278
Strn3|PROT,rat:PROT:XP_006240139.1,ENSEMBL:ENSRNOG00000060335
Txnrd3|PROT,rat:PROT:NP_001171641.1,ENSEMBL:ENSRNOG00000059810
Entpd5|PROT|XP_017449640.1,rat:PROT:XP_017449640.1,ENSEMBL:ENSRNOG00000033206
Ccdc127|PROT,rat:PROT:XP_006227845.1,ENSEMBL:ENSRNOG00000012775
Asgr1|PROT,rat:PROT:XP_008765990.1,ENSEMBL:ENSRNOG00000018693
Ccl5|IMMUNO,rat:IMMUNO:RANTES,ENSEMBL:ENSRNOG00000010906
Ndufv2|PROT,rat:PROT:NP_112326.1,ENSEMBL:ENSRNOG00000042503
Serpina6|PROT,rat:PROT:NP_001009663.1,ENSEMBL:ENSRNOG00000009438
Ctsd|PROT,rat:PROT:NP_599161.2,ENSEMBL:ENSRNOG00000020206
Baz1a|PROT,rat:PROT:NP_001164039.1,ENSEMBL:ENSRNOG00000006828
Lrrc8d|PROT,rat:PROT:NP_001008339.2,ENSEMBL:ENSRNOG00000002121
Farsb|PROT,rat:PROT:NP_001004252.1,ENSEMBL:ENSRNOG00000014119
Usp13|PROT,rat:PROT:NP_001101135.1,ENSEMBL:ENSRNOG00000030639
Apom|PROT,rat:PROT:NP_062246.1,ENSEMBL:ENSRNOG00000000850
Acsf3|PROT,rat:PROT:XP_001079424.4,ENSEMBL:ENSRNOG00000015077
Akr1c15|PROT,rat:PROT:NP_001103370.1,ENSEMBL:ENSRNOG00000021735
Gatb|PROT,rat:PROT:XP_001066526.1,ENSEMBL:ENSRNOG00000037655
Cavin2|PROT,rat:PROT:NP_001007713.1,ENSEMBL:ENSRNOG00000025895
Nell1|PROT,rat:PROT:NP_112331.1,ENSEMBL:ENSRNOG00000015675
Nit2|PROT,rat:PROT:NP_001029298.1,ENSEMBL:ENSRNOG00000027797
LOC297568|PROT|NP_075591.1,rat:PROT:NP_075591.1,ENSEMBL:ENSRNOG00000037188
Jph2|PROT,rat:PROT:NP_001033063.1,ENSEMBL:ENSRNOG00000008170
Mrpl33|PROT,rat:PROT:XP_002726748.1,ENSEMBL:ENSRNOG00000025388
Prkar2b|PROT,rat:PROT:NP_001025191.1,ENSEMBL:ENSRNOG00000009079
Acot8|PROT,rat:PROT:NP_570112.3,ENSEMBL:ENSRNOG00000015187
Pecr|PROT,rat:PROT:NP_579833.1,ENSEMBL:ENSRNOG00000055295
Fmo1|PROT|NP_036924.1,rat:PROT:NP_036924.1,ENSEMBL:ENSRNOG00000034191
Dpm3|PROT,rat:PROT:NP_001102801.1,ENSEMBL:ENSRNOG00000029077
Cdadc1|PROT,rat:PROT:XP_006252185.1,ENSEMBL:ENSRNOG00000012209
Samhd1|PROT,rat:PROT:NP_001178672.1,ENSEMBL:ENSRNOG00000006418
Myg1|PROT,rat:PROT:NP_001005545.1,ENSEMBL:ENSRNOG00000013343
Sdf2l1|PROT,rat:PROT:NP_001102903.1,ENSEMBL:ENSRNOG00000001859
Ace|PROT,rat:PROT:NP_036676.1,ENSEMBL:ENSRNOG00000062101
Atp6v1g2|PROT,rat:PROT:NP_997655.1,ENSEMBL:ENSRNOG00000000840
Nans|PROT,rat:PROT:NP_001100125.2,ENSEMBL:ENSRNOG00000008945
F12|PROT,rat:PROT:NP_001014028.1,ENSEMBL:ENSRNOG00000015139
Mat2a|PROT,rat:PROT:NP_599178.1,ENSEMBL:ENSRNOG00000013520
Ipo7|PROT,rat:PROT:NP_001101015.1,ENSEMBL:ENSRNOG00000010427
Top1|PROT,rat:PROT:NP_072137.1,ENSEMBL:ENSRNOG00000047611
Ca13|PROT,rat:PROT:NP_001128465.1,ENSEMBL:ENSRNOG00000021323
Ccdc91|PROT,rat:PROT:NP_001014083.1,ENSEMBL:ENSRNOG00000001847
Letm1|PROT,rat:PROT:NP_001005884.1,ENSEMBL:ENSRNOG00000016427
Exoc4|PROT,rat:PROT:NP_446327.1,ENSEMBL:ENSRNOG00000046023
Cavin3|PROT,rat:PROT:NP_604444.1,ENSEMBL:ENSRNOG00000017914
Rpl7|PROT,rat:PROT:NP_001094004.1,ENSEMBL:ENSRNOG00000006992
Glud1|PROT,rat:PROT:NP_036702.1,ENSEMBL:ENSRNOG00000057367
Ahsa2|PROT,rat:PROT:XP_006251601.1,ENSEMBL:ENSRNOG00000052142
Nme1|PROT,rat:PROT:NP_612557.1,ENSEMBL:ENSRNOG00000002693
Nnmt|PROT,rat:PROT:NP_001100289.1,ENSEMBL:ENSRNOG00000005930
Pxmp4|PROT,rat:PROT:NP_757377.1,ENSEMBL:ENSRNOG00000016975
Nat8|PROT,rat:PROT:NP_072157.1,ENSEMBL:ENSRNOG00000063398
Ikbip|PROT,rat:PROT:XP_006241312.1,ENSEMBL:ENSRNOG00000008247
Sarnp|PROT,rat:PROT:NP_001028242.1,ENSEMBL:ENSRNOG00000030520
Fgb|PROT,rat:PROT:NP_064456.2,ENSEMBL:ENSRNOG00000007092
Abra|PROT,rat:PROT:NP_787038.1,ENSEMBL:ENSRNOG00000007999
Klhl41|PROT,rat:PROT:NP_476539.1,ENSEMBL:ENSRNOG00000007461
Cdk6|PROT,rat:PROT:NP_001178790.1,ENSEMBL:ENSRNOG00000009258
S100g|PROT,rat:PROT:NP_036653.1,ENSEMBL:ENSRNOG00000004222
Apoa2|PROT,rat:PROT:NP_037244.1,ENSEMBL:ENSRNOG00000003500
Hk2|PROT,rat:PROT:NP_036867.1,ENSEMBL:ENSRNOG00000006116
Hspa4|PROT,rat:PROT:NP_705893.1,ENSEMBL:ENSRNOG00000016596
Rpl4|PROT,rat:PROT:NP_071955.1,ENSEMBL:ENSRNOG00000009378
C3|PROT,rat:PROT:NP_058690.2,ENSEMBL:ENSRNOG00000046834
Arpc1a|PROT,rat:PROT:NP_112408.1,ENSEMBL:ENSRNOG00000000996
Nt5c3b|PROT,rat:PROT:NP_001007724.2,ENSEMBL:ENSRNOG00000016475
Lrp2|PROT,rat:PROT:NP_110454.1,ENSEMBL:ENSRNOG00000056184
Xirp2|PROT|NP_973718.1,rat:PROT:NP_973718.1,ENSEMBL:ENSRNOG00000034258
Agt|PROT,rat:PROT:NP_602308.1,ENSEMBL:ENSRNOG00000018445
Alox15|PROT,rat:PROT:NP_112272.2,ENSEMBL:ENSRNOG00000019183
Clic4|PROT,rat:PROT:NP_114006.1,ENSEMBL:ENSRNOG00000018109
Rrp12|PROT,rat:PROT:XP_003749166.1,ENSEMBL:ENSRNOG00000048495
Coq10a|PROT,rat:PROT:NP_001102197.1,ENSEMBL:ENSRNOG00000029571
Msmo1|PROT,rat:PROT:NP_543162.1,ENSEMBL:ENSRNOG00000032297
Anxa7|PROT,rat:PROT:NP_569100.2,ENSEMBL:ENSRNOG00000007136
Card9|PROT,rat:PROT:NP_071639.1,ENSEMBL:ENSRNOG00000051470
Suclg2|PROT,rat:PROT:NP_001094220.1,ENSEMBL:ENSRNOG00000005686
Sec11c|PROT,rat:PROT:NP_705892.1,ENSEMBL:ENSRNOG00000017036
Pycr2|PROT,rat:PROT:NP_001012208.1,ENSEMBL:ENSRNOG00000003267
Tmod4|PROT,rat:PROT:NP_001257582.1,ENSEMBL:ENSRNOG00000021088
Coro1c|PROT,rat:PROT:NP_001102797.1,ENSEMBL:ENSRNOG00000000697
Nbeal1|PROT,rat:PROT:XP_006226904.1,ENSEMBL:ENSRNOG00000021525
Cd59|PROT,rat:PROT:NP_037057.1,ENSEMBL:ENSRNOG00000042821
Muc4|PROT,rat:PROT:XP_006221229.1,ENSEMBL:ENSRNOG00000001777
Thsd7a|PROT,rat:PROT:NP_001178899.1,ENSEMBL:ENSRNOG00000030151
Synpo2|PROT,rat:PROT:NP_001178892.1,ENSEMBL:ENSRNOG00000014867
Mx2|PROT,rat:PROT:NP_599177.2,ENSEMBL:ENSRNOG00000001963
Srgn|PROT,rat:PROT:NP_064459.1,ENSEMBL:ENSRNOG00000000394
C8b|PROT,rat:PROT:NP_001178688.1,ENSEMBL:ENSRNOG00000007639
Serac1|PROT,rat:PROT:XP_001067207.2,ENSEMBL:ENSRNOG00000017889
Pdlim4|PROT,rat:PROT:XP_017452518.1,ENSEMBL:ENSRNOG00000050794
Tkt|PROT|NP_072114.1,rat:PROT:NP_072114.1,ENSEMBL:ENSRNOG00000016064
Fbln5|PROT,rat:PROT:NP_062026.2,ENSEMBL:ENSRNOG00000050539
Sec22b|PROT,rat:PROT:NP_001020857.1,ENSEMBL:ENSRNOG00000018673
Pdxdc1|PROT,rat:PROT:NP_001128433.1,ENSEMBL:ENSRNOG00000002407
Hsd17b4|PROT,rat:PROT:NP_077368.2,ENSEMBL:ENSRNOG00000015840
Crat|PROT|NP_001004085.1,rat:PROT:NP_001004085.1,ENSEMBL:ENSRNOG00000018145
Zc3h14|PROT,rat:PROT:XP_008762960.1,ENSEMBL:ENSRNOG00000004083
Ranbp2|PROT,rat:PROT:NP_001178533.1,ENSEMBL:ENSRNOG00000000796
Cct6a|PROT,rat:PROT:NP_001028856.1,ENSEMBL:ENSRNOG00000000923
Trappc6a|PROT|NP_001102880.1,rat:PROT:NP_001102880.1,ENSEMBL:ENSRNOG00000017468
Dnase2b|PROT,rat:PROT:NP_067696.1,ENSEMBL:ENSRNOG00000016262
Nucb2|PROT,rat:PROT:NP_067695.1,ENSEMBL:ENSRNOG00000020456
Gosr1|PROT,rat:PROT:NP_446036.1,ENSEMBL:ENSRNOG00000003971
Gstt3|PROT,rat:PROT:NP_001131115.1,ENSEMBL:ENSRNOG00000001242
Prxl2b|PROT,rat:PROT:NP_001102167.1,ENSEMBL:ENSRNOG00000013468
Vtn|PROT,rat:PROT:NP_062029.2,ENSEMBL:ENSRNOG00000010031
Exoc3l1|PROT,rat:PROT:XP_006255525.1,ENSEMBL:ENSRNOG00000015641
Rpsa|PROT,rat:PROT:NP_058834.1,ENSEMBL:ENSRNOG00000018645
Vwa5a|PROT,rat:PROT:NP_942050.1,ENSEMBL:ENSRNOG00000000195
Filip1l|PROT,rat:PROT:XP_006221158.2,ENSEMBL:ENSRNOG00000001645
Haao|PROT,rat:PROT:NP_064461.1,ENSEMBL:ENSRNOG00000031263
Ppa2|PROT,rat:PROT:NP_001129343.1,ENSEMBL:ENSRNOG00000012091
Cbs|PROT,rat:PROT:NP_036654.2,ENSEMBL:ENSRNOG00000029528
Nmrk1|PROT,rat:PROT:NP_001019463.1,ENSEMBL:ENSRNOG00000012665
Sdhaf2|PROT,rat:PROT:XP_006231104.1,ENSEMBL:ENSRNOG00000020646
Cab39|PROT,rat:PROT:XP_006245435.1,ENSEMBL:ENSRNOG00000017297
Mfn2|PROT,rat:PROT:NP_570964.4,ENSEMBL:ENSRNOG00000046424
Pcca|PROT,rat:PROT:XP_017455291.1,ENSEMBL:ENSRNOG00000057042
Coq7|PROT,rat:PROT:NP_036917.2,ENSEMBL:ENSRNOG00000017012
Iba57|PROT,rat:PROT:NP_001102297.1,ENSEMBL:ENSRNOG00000022725
Col15a1|PROT,rat:PROT:NP_001094005.1,ENSEMBL:ENSRNOG00000039197
Mrpl3|PROT,rat:PROT:NP_001100322.1,ENSEMBL:ENSRNOG00000012650
Gng11|PROT,rat:PROT:NP_071791.1,ENSEMBL:ENSRNOG00000047914
Ppig|PROT,rat:PROT:NP_113981.1,ENSEMBL:ENSRNOG00000007673
Iars2|PROT,rat:PROT:XP_017454497.1,ENSEMBL:ENSRNOG00000002368
LOC100361907|PROT,rat:PROT:XP_003752693.1,ENSEMBL:ENSRNOG00000052604
Ddx4|PROT,rat:PROT:XP_017446313.1,ENSEMBL:ENSRNOG00000026686
Basp1|PROT,rat:PROT:NP_071636.1,ENSEMBL:ENSRNOG00000046313
Pacsin3|PROT,rat:PROT:NP_001009966.1,ENSEMBL:ENSRNOG00000014204
Lep|PROT,rat:PROT:NP_037208.1,ENSEMBL:ENSRNOG00000045797
Smyd2|PROT,rat:PROT:NP_996733.1,ENSEMBL:ENSRNOG00000003583
Phex|PROT,rat:PROT:NP_037136.1,ENSEMBL:ENSRNOG00000023440
Mnda|PROT,rat:PROT:NP_001012029.1,ENSEMBL:ENSRNOG00000003486
S100a4|PROT,rat:PROT:NP_036750.1,ENSEMBL:ENSRNOG00000011821
Impdh1|PROT,rat:PROT:XP_006236272.2,ENSEMBL:ENSRNOG00000020032
Rint1|PROT,rat:PROT:XP_006224874.1,ENSEMBL:ENSRNOG00000022182
Dock10|PROT,rat:PROT:XP_017459381.1,ENSEMBL:ENSRNOG00000053200
Camk4|PROT,rat:PROT:NP_036859.2,ENSEMBL:ENSRNOG00000020478
Pstpip1|PROT,rat:PROT:NP_001100294.2,ENSEMBL:ENSRNOG00000016413
Slc25a46|PROT,rat:PROT:NP_001093985.1,ENSEMBL:ENSRNOG00000017091
Pmm1|PROT,rat:PROT:NP_001008324.1,ENSEMBL:ENSRNOG00000005358
Inf2|PROT,rat:PROT:XP_017450035.1,ENSEMBL:ENSRNOG00000028650
Gmps|PROT,rat:PROT:NP_001019925.1,ENSEMBL:ENSRNOG00000051151
NP_064478.1|PROT,rat:PROT:NP_064478.1,
Olfml3|PROT,rat:PROT:NP_001101178.1,ENSEMBL:ENSRNOG00000019211
Ube3c|PROT,rat:PROT:XP_001055148.1,ENSEMBL:ENSRNOG00000010702
Palm2|PROT,rat:PROT:NP_001292924.1,ENSEMBL:ENSRNOG00000025558
Ppt1|PROT,rat:PROT:NP_071947.1,ENSEMBL:ENSRNOG00000012616
Phyhip|PROT,rat:PROT:NP_001017376.1,ENSEMBL:ENSRNOG00000010555
Odr4|PROT,rat:PROT:XP_222746.4,ENSEMBL:ENSRNOG00000002473
Gcc2|PROT,rat:PROT:NP_001101103.1,ENSEMBL:ENSRNOG00000000823
Fam136a|PROT,rat:PROT:NP_001100075.1,ENSEMBL:ENSRNOG00000016273
Obsl1|PROT,rat:PROT:XP_001062053.2,ENSEMBL:ENSRNOG00000015346
Ccdc88c|PROT,rat:PROT:XP_001065209.2,ENSEMBL:ENSRNOG00000004482
Cacnb1|PROT,rat:PROT:XP_006247473.1,ENSEMBL:ENSRNOG00000004518
Samm50|PROT,rat:PROT:NP_001004241.1,ENSEMBL:ENSRNOG00000011952
Golga4|PROT,rat:PROT:XP_006244195.1,ENSEMBL:ENSRNOG00000029910
Gnas|PROT|NP_001346796.1,rat:PROT:NP_001346796.1,ENSEMBL:ENSRNOG00000025889
Mylk2|PROT,rat:PROT:NP_476557.1,ENSEMBL:ENSRNOG00000008235
Alyref|PROT,rat:PROT:XP_006247987.1,ENSEMBL:ENSRNOG00000036687
Sart3|PROT,rat:PROT:NP_001100626.1,ENSEMBL:ENSRNOG00000000702
Psmb2|PROT,rat:PROT:NP_058980.1,ENSEMBL:ENSRNOG00000011463
Il10|IMMUNO,rat:IMMUNO:IL10,ENSEMBL:ENSRNOG00000004647
Plin4|PROT,rat:PROT:XP_006244436.1,ENSEMBL:ENSRNOG00000047046
Ndrg2|PROT,rat:PROT:NP_001257791.1,ENSEMBL:ENSRNOG00000010389
Dhodh|PROT,rat:PROT:NP_001008553.1,ENSEMBL:ENSRNOG00000015063
Mrps16|PROT,rat:PROT:NP_001102988.1,ENSEMBL:ENSRNOG00000006898
Plxnd1|PROT,rat:PROT:XP_006237097.1,ENSEMBL:ENSRNOG00000025209
Tst|PROT,rat:PROT:NP_036940.1,ENSEMBL:ENSRNOG00000000186
Klhl31|PROT,rat:PROT:NP_001101640.1,ENSEMBL:ENSRNOG00000006224
F2|PROT,rat:PROT:NP_075213.2,ENSEMBL:ENSRNOG00000016325
Mcat|PROT,rat:PROT:NP_001178717.1,ENSEMBL:ENSRNOG00000010539
Fundc2|PROT,rat:PROT:NP_001129229.1,ENSEMBL:ENSRNOG00000024066
Unc119b|PROT|NP_001014005.1,rat:PROT:NP_001014005.1,ENSEMBL:ENSRNOG00000021725
Golph3|PROT,rat:PROT:NP_076467.2,ENSEMBL:ENSRNOG00000012186
H6pd|PROT,rat:PROT:NP_001100168.1,ENSEMBL:ENSRNOG00000017523
Ipo13|PROT,rat:PROT:NP_446230.1,ENSEMBL:ENSRNOG00000019758
Bzw1|PROT,rat:PROT:NP_942084.1,ENSEMBL:ENSRNOG00000013977
Ces2g|PROT,rat:PROT:NP_001099645.1,ENSEMBL:ENSRNOG00000013808
Galm|PROT,rat:PROT:NP_001007705.1,ENSEMBL:ENSRNOG00000007023
Btf3|PROT,rat:PROT:XP_006231897.1,ENSEMBL:ENSRNOG00000016912
Anxa4|PROT,rat:PROT:NP_077069.3,ENSEMBL:ENSRNOG00000018159
Dmgdh|PROT,rat:PROT:NP_620802.2,ENSEMBL:ENSRNOG00000023588
Ppp3r1|PROT,rat:PROT:NP_059005.1,ENSEMBL:ENSRNOG00000043210
Maoa|PROT,rat:PROT:NP_387502.1,ENSEMBL:ENSRNOG00000002848
Plbd1|PROT,rat:PROT:NP_001013949.1,ENSEMBL:ENSRNOG00000008933
Smpd3|PROT,rat:PROT:XP_006255605.1,ENSEMBL:ENSRNOG00000000257
Glp1r|IMMUNO,rat:IMMUNO:GLP1,ENSEMBL:ENSRNOG00000001152
Pdia4|PROT,rat:PROT:NP_446301.1,ENSEMBL:ENSRNOG00000006228
Hsd17b7|PROT,rat:PROT:NP_058931.1,ENSEMBL:ENSRNOG00000002826
Mrs2|PROT,rat:PROT:NP_076491.1,ENSEMBL:ENSRNOG00000017545
Hspd1|PROT,rat:PROT:NP_071565.2,ENSEMBL:ENSRNOG00000014525
Limch1|PROT,rat:PROT:NP_001178607.1,ENSEMBL:ENSRNOG00000002318
Trdn|PROT,rat:PROT:NP_067698.1,ENSEMBL:ENSRNOG00000012609
Dglucy|PROT,rat:PROT:NP_001167028.1,ENSEMBL:ENSRNOG00000004442
Grb14|PROT,rat:PROT:NP_113811.1,ENSEMBL:ENSRNOG00000052498
Uros|PROT,rat:PROT:NP_001012068.1,ENSEMBL:ENSRNOG00000017810
Adprhl1|PROT,rat:PROT:XP_006253501.1,ENSEMBL:ENSRNOG00000062013
Serpinb1a|PROT,rat:PROT:NP_001026812.1,ENSEMBL:ENSRNOG00000016581
Thbs1|PROT,rat:PROT:NP_001013080.1,ENSEMBL:ENSRNOG00000045829
Cpox|PROT,rat:PROT:NP_001032172.1,ENSEMBL:ENSRNOG00000001654
Tusc2|PROT,rat:PROT:NP_001102767.1,ENSEMBL:ENSRNOG00000021528
RGD1309534|PROT,rat:PROT:NP_001014228.1,ENSEMBL:ENSRNOG00000010887
Cnn2|PROT,rat:PROT:XP_006241100.1,ENSEMBL:ENSRNOG00000043044
Cdc42ep4|PROT,rat:PROT:NP_001100533.1,ENSEMBL:ENSRNOG00000028946
Vegfa|IMMUNO,rat:IMMUNO:VEGF,ENSEMBL:ENSRNOG00000019598
Aco1|PROT,rat:PROT:NP_059017.1,ENSEMBL:ENSRNOG00000005849
Rrad|PROT,rat:PROT:NP_445790.2,ENSEMBL:ENSRNOG00000011901
Xaf1|PROT,rat:PROT:XP_006220783.1,ENSEMBL:ENSRNOG00000037371
Gng13|PROT,rat:PROT:NP_001129390.1,ENSEMBL:ENSRNOG00000039350
Ntn4|PROT,rat:PROT:NP_001100250.1,ENSEMBL:ENSRNOG00000005573
Pir|PROT,rat:PROT:NP_001009474.1,ENSEMBL:ENSRNOG00000003674
Mybpc2|PROT,rat:PROT:XP_006229064.1,ENSEMBL:ENSRNOG00000019627
NP_001164072.1|PROT,rat:PROT:NP_001164072.1,
Fkbp5|PROT,rat:PROT:NP_001012174.1,ENSEMBL:ENSRNOG00000022523
RGD1561149|PROT,rat:PROT:NP_001128101.1,ENSEMBL:ENSRNOG00000008113
Ear1|PROT,rat:PROT:XP_002725102.1,ENSEMBL:ENSRNOG00000025515
Fgfr1op2|PROT,rat:PROT:XP_006237750.1,ENSEMBL:ENSRNOG00000001811
Aebp1|PROT,rat:PROT:NP_001094440.1,ENSEMBL:ENSRNOG00000013720
Dpyd|PROT,rat:PROT:NP_112289.1,ENSEMBL:ENSRNOG00000017105
Psma1|PROT,rat:PROT:NP_058974.1,ENSEMBL:ENSRNOG00000011745
Lonp2|PROT,rat:PROT:XP_006255300.1,ENSEMBL:ENSRNOG00000015162
Agxt|PROT|NP_001263635.1,rat:PROT:NP_001263635.1,ENSEMBL:ENSRNOG00000023856
Mgme1|PROT,rat:PROT:NP_001009655.1,ENSEMBL:ENSRNOG00000028196
Maip1|PROT,rat:PROT:NP_001004251.1,ENSEMBL:ENSRNOG00000015983
Ehd2|PROT,rat:PROT:NP_001020068.1,ENSEMBL:ENSRNOG00000011346
Egf|IMMUNO,rat:IMMUNO:EGF,ENSEMBL:ENSRNOG00000053979
Adi1|PROT,rat:PROT:NP_954528.1,ENSEMBL:ENSRNOG00000008950
Sec14l2|PROT,rat:PROT:NP_446253.2,ENSEMBL:ENSRNOG00000004672
Ppp1r3g|PROT,rat:PROT:XP_006222440.1,ENSEMBL:ENSRNOG00000016222
Il1r2|PROT,rat:PROT:NP_446405.1,ENSEMBL:ENSRNOG00000014378
Bckdhb|PROT,rat:PROT:NP_062140.1,ENSEMBL:ENSRNOG00000009928
Klhl33|PROT,rat:PROT:XP_002725113.3,ENSEMBL:ENSRNOG00000025868
Ins1|IMMUNO|C Peptide,rat:IMMUNO:C Peptide,ENSEMBL:ENSRNOG00000012052
Gfm1|PROT,rat:PROT:NP_446077.1,ENSEMBL:ENSRNOG00000012873
Dars2|PROT,rat:PROT:NP_001029315.1,ENSEMBL:ENSRNOG00000002813
Cnpy2|PROT,rat:PROT:NP_001071053.1,ENSEMBL:ENSRNOG00000003549
XP_017449341.1|PROT,rat:PROT:XP_017449341.1,
Aldh5a1|PROT,rat:PROT:NP_074042.1,ENSEMBL:ENSRNOG00000023538
Aldh16a1|PROT,rat:PROT:NP_001028878.1,ENSEMBL:ENSRNOG00000020623
Gnpnat1|PROT,rat:PROT:NP_001128229.1,ENSEMBL:ENSRNOG00000008641
Smyd1|PROT,rat:PROT:NP_001100065.1,ENSEMBL:ENSRNOG00000006776
Lactb|PROT,rat:PROT:NP_001100303.1,ENSEMBL:ENSRNOG00000018081
Pipox|PROT,rat:PROT:NP_001012009.1,ENSEMBL:ENSRNOG00000008798
Clybl|PROT,rat:PROT:NP_001094155.1,ENSEMBL:ENSRNOG00000014075
Gba|PROT,rat:PROT:NP_001121111.1,ENSEMBL:ENSRNOG00000049281
Dnaja2|PROT,rat:PROT:NP_114468.2,ENSEMBL:ENSRNOG00000016251
Prob1|PROT,rat:PROT:XP_002725372.1,ENSEMBL:ENSRNOG00000039596
XP_017459863.1|PROT,rat:PROT:XP_017459863.1,
Ubr1|PROT,rat:PROT:NP_001171543.1,ENSEMBL:ENSRNOG00000037207
Pgm5|PROT,rat:PROT:NP_001178882.1,ENSEMBL:ENSRNOG00000015406
Tstd3|PROT,rat:PROT:XP_001058924.2,ENSEMBL:ENSRNOG00000028185
Mug2|PROT,rat:PROT:NP_001002826.1,ENSEMBL:ENSRNOG00000033245
Gstm2|PROT|NP_112416.1,rat:PROT:NP_112416.1,ENSEMBL:ENSRNOG00000018937
Agl|PROT,rat:PROT:NP_001102034.1,ENSEMBL:ENSRNOG00000016214
Abcc1|PROT,rat:PROT:NP_071617.2,ENSEMBL:ENSRNOG00000022305
Tfrc|PROT,rat:PROT:NP_073203.1,ENSEMBL:ENSRNOG00000001766
Acads|PROT,rat:PROT:NP_071957.1,ENSEMBL:ENSRNOG00000001177
Dnajb2|PROT,rat:PROT:XP_006245338.1,ENSEMBL:ENSRNOG00000019506
Glipr2|PROT,rat:PROT:XP_001054584.2,ENSEMBL:ENSRNOG00000014838
Pdk3|PROT,rat:PROT:NP_001100051.1,ENSEMBL:ENSRNOG00000012513
Entpd5|PROT|NP_955426.1,rat:PROT:NP_955426.1,ENSEMBL:ENSRNOG00000033206
Dpysl3|PROT,rat:PROT:XP_006254732.1,ENSEMBL:ENSRNOG00000018992
Coa6|PROT,rat:PROT:XP_002725487.2,ENSEMBL:ENSRNOG00000052701
Cyp51|PROT,rat:PROT:NP_037073.1,ENSEMBL:ENSRNOG00000007234
Asgr2|PROT,rat:PROT:NP_058885.1,ENSEMBL:ENSRNOG00000030726
Pomp|PROT,rat:PROT:NP_001094412.1,ENSEMBL:ENSRNOG00000048470
Serbp1|PROT|XP_006236678.1,rat:PROT:XP_006236678.1,ENSEMBL:ENSRNOG00000005890
Gmppa|PROT,rat:PROT:NP_001020227.1,ENSEMBL:ENSRNOG00000019946
Ppcs|PROT,rat:PROT:NP_001034099.2,ENSEMBL:ENSRNOG00000008572
Coro1a|PROT,rat:PROT:NP_569095.1,ENSEMBL:ENSRNOG00000019430
Ogfrl1|PROT,rat:PROT:NP_001020879.1,ENSEMBL:ENSRNOG00000014142
Mcpt10|PROT|XP_003752850.1,rat:PROT:XP_003752850.1,ENSEMBL:ENSRNOG00000049991
Gck|PROT,rat:PROT:NP_036697.1,ENSEMBL:ENSRNOG00000061527
Dnm1l|PROT,rat:PROT:XP_008767065.1,ENSEMBL:ENSRNOG00000001813
Hist1h2bq|PROT,rat:PROT:NP_001100822.1,ENSEMBL:ENSRNOG00000021198
Itga2|PROT,rat:PROT:XP_001075558.1,ENSEMBL:ENSRNOG00000058111
Os9|PROT,rat:PROT:NP_001007266.1,ENSEMBL:ENSRNOG00000025570
Dnajc13|PROT,rat:PROT:XP_003754501.1,ENSEMBL:ENSRNOG00000011491
Gip|IMMUNO,rat:IMMUNO:GIP,ENSEMBL:ENSRNOG00000006306
Erbin|PROT,rat:PROT:XP_017446674.1,ENSEMBL:ENSRNOG00000047137
Crat|PROT|XP_006233885.1,rat:PROT:XP_006233885.1,ENSEMBL:ENSRNOG00000018145
Rab11fip5|PROT,rat:PROT:XP_006225033.1,ENSEMBL:ENSRNOG00000056009
Dbi|PROT,rat:PROT:NP_114054.1,ENSEMBL:ENSRNOG00000046889
Tnpo3|PROT,rat:PROT:NP_001100057.1,ENSEMBL:ENSRNOG00000021758
Cfi|PROT,rat:PROT:NP_077071.1,ENSEMBL:ENSRNOG00000053400
Adss1|PROT,rat:PROT:XP_001072867.1,ENSEMBL:ENSRNOG00000046763
Tcaim|PROT,rat:PROT:XP_006244254.1,ENSEMBL:ENSRNOG00000004085
Fxyd2|PROT,rat:PROT:NP_663769.1,ENSEMBL:ENSRNOG00000016469
Supv3l1|PROT,rat:PROT:NP_001012480.1,ENSEMBL:ENSRNOG00000000392
Pigr|PROT,rat:PROT:NP_036855.3,ENSEMBL:ENSRNOG00000004405
Npc2|PROT,rat:PROT:NP_775141.2,ENSEMBL:ENSRNOG00000012062
Adcy1|PROT,rat:PROT:XP_017454727.1,ENSEMBL:ENSRNOG00000059479
Clca1|PROT,rat:PROT:NP_001100919.1,ENSEMBL:ENSRNOG00000060831
Hck|PROT,rat:PROT:NP_037317.2,ENSEMBL:ENSRNOG00000009331
Lipe|PROT,rat:PROT:NP_036991.1,ENSEMBL:ENSRNOG00000020546
Hs2st1|PROT,rat:PROT:NP_001093988.1,ENSEMBL:ENSRNOG00000012549
Il16|PROT,rat:PROT:XP_006229550.1,ENSEMBL:ENSRNOG00000011680
Ildr1|PROT,rat:PROT:NP_001121008.2,ENSEMBL:ENSRNOG00000002289
Zbtb7b|PROT,rat:PROT:XP_006232676.1,ENSEMBL:ENSRNOG00000020640
Hebp2|PROT,rat:PROT:NP_001100985.1,ENSEMBL:ENSRNOG00000053735
Apbb1ip|PROT,rat:PROT:NP_001094047.1,ENSEMBL:ENSRNOG00000017803
Acad11|PROT,rat:PROT:NP_001101651.1,ENSEMBL:ENSRNOG00000010940
Tp53i3|PROT,rat:PROT:XP_008767839.1,ENSEMBL:ENSRNOG00000005177
Col6a1|PROT,rat:PROT:XP_001079629.2,ENSEMBL:ENSRNOG00000001249
Mmrn1|PROT,rat:PROT:XP_001065496.2,ENSEMBL:ENSRNOG00000024986
Sqstm1|PROT,rat:PROT:NP_853528.1,ENSEMBL:ENSRNOG00000003147
Bckdha|PROT,rat:PROT:NP_036914.1,ENSEMBL:ENSRNOG00000020607
Bhmt2|PROT,rat:PROT:NP_001014278.2,ENSEMBL:ENSRNOG00000040120
Folh1|PROT,rat:PROT:NP_476533.1,ENSEMBL:ENSRNOG00000013770
Aldh1b1|PROT,rat:PROT:NP_001011975.1,ENSEMBL:ENSRNOG00000011497
Arhgap6|PROT,rat:PROT:XP_008771371.1,ENSEMBL:ENSRNOG00000003956
Wdr61|PROT,rat:PROT:NP_001020914.1,ENSEMBL:ENSRNOG00000012803
Cisd3|PROT,rat:PROT:XP_006247331.1,ENSEMBL:ENSRNOG00000036894
Bloc1s4|PROT,rat:PROT:NP_001094236.1,ENSEMBL:ENSRNOG00000054224
Nucb1|PROT,rat:PROT:NP_445915.1,ENSEMBL:ENSRNOG00000020889
Lmo7|PROT,rat:PROT:XP_017455239.1,ENSEMBL:ENSRNOG00000060775
Fam98a|PROT,rat:PROT:NP_001014095.1,ENSEMBL:ENSRNOG00000030328
Vti1b|PROT,rat:PROT:XP_017458745.1,ENSEMBL:ENSRNOG00000060436
Smoc2|PROT,rat:PROT:NP_001099685.1,ENSEMBL:ENSRNOG00000014166
Acp6|PROT,rat:PROT:NP_001026815.1,ENSEMBL:ENSRNOG00000017494
Psmb8|PROT,rat:PROT:NP_542945.2,ENSEMBL:ENSRNOG00000000456
Aldoa|PROT,rat:PROT:NP_036627.1,ENSEMBL:ENSRNOG00000052802
XP_008772686.1|PROT,rat:PROT:XP_008772686.1,
Ddah2|PROT,rat:PROT:NP_001159408.1,ENSEMBL:ENSRNOG00000000842
Saa4|PROT,rat:PROT:NP_001009478.1,ENSEMBL:ENSRNOG00000055531
Hpgd|PROT,rat:PROT:NP_077366.2,ENSEMBL:ENSRNOG00000010610
Mipep|PROT,rat:PROT:NP_112314.2,ENSEMBL:ENSRNOG00000013876
Ndufaf3|PROT,rat:PROT:NP_001029143.1,ENSEMBL:ENSRNOG00000020068
Mtres1|PROT,rat:PROT:NP_001102918.1,ENSEMBL:ENSRNOG00000047118
Rgs6|PROT,rat:PROT:NP_062215.1,ENSEMBL:ENSRNOG00000008082
Metap1|PROT,rat:PROT:NP_001099946.1,ENSEMBL:ENSRNOG00000012947
Anxa11|PROT,rat:PROT:NP_001011918.1,ENSEMBL:ENSRNOG00000010984
Cndp2|PROT,rat:PROT:NP_001010920.1,ENSEMBL:ENSRNOG00000015591
Gna11|PROT,rat:PROT:NP_112295.1,ENSEMBL:ENSRNOG00000005446
Ssbp2|PROT,rat:PROT:XP_008758868.2,ENSEMBL:ENSRNOG00000016213
Cdnf|PROT,rat:PROT:NP_001032632.1,ENSEMBL:ENSRNOG00000026493
Cmpk2|PROT,rat:PROT:XP_006240000.1,ENSEMBL:ENSRNOG00000007690
Atp5mk|PROT,rat:PROT:NP_598228.1,ENSEMBL:ENSRNOG00000020296
Mrpl12|PROT,rat:PROT:NP_001025071.1,ENSEMBL:ENSRNOG00000036695
Txn2|PROT,rat:PROT:NP_445783.1,ENSEMBL:ENSRNOG00000005614
Sulf2|PROT,rat:PROT:NP_001030099.1,ENSEMBL:ENSRNOG00000006052
NP_001093969.1|PROT,rat:PROT:NP_001093969.1,
Ppy|IMMUNO,rat:IMMUNO:PP,ENSEMBL:ENSRNOG00000020874
Plcd1|PROT,rat:PROT:NP_058731.1,ENSEMBL:ENSRNOG00000032238
Glul|PROT,rat:PROT:NP_058769.4,ENSEMBL:ENSRNOG00000049560
Atad3a|PROT,rat:PROT:NP_001030094.1,ENSEMBL:ENSRNOG00000018118
Ca14|PROT,rat:PROT:NP_001103125.1,ENSEMBL:ENSRNOG00000023162
Prdx6|PROT,rat:PROT:NP_446028.1,ENSEMBL:ENSRNOG00000002896
Surf1|PROT,rat:PROT:NP_742065.1,ENSEMBL:ENSRNOG00000005247
Ndufaf8|PROT,rat:PROT:NP_001182411.1,ENSEMBL:ENSRNOG00000042653
Aoah|PROT,rat:PROT:NP_001178869.1,ENSEMBL:ENSRNOG00000054964
Bche|PROT,rat:PROT:NP_075231.1,ENSEMBL:ENSRNOG00000009826
Nrdc|PROT,rat:PROT:XP_006238561.1,ENSEMBL:ENSRNOG00000007111
Dnaja3|PROT|NP_001033685.1,rat:PROT:NP_001033685.1,ENSEMBL:ENSRNOG00000003855
Slc25a12|PROT,rat:PROT:XP_008773742.1,ENSEMBL:ENSRNOG00000022922
Eno3|PROT,rat:PROT:NP_037081.2,ENSEMBL:ENSRNOG00000004078
Asap3|PROT,rat:PROT:XP_001069024.1,ENSEMBL:ENSRNOG00000049714
Sorbs2|PROT,rat:PROT:NP_446222.1,ENSEMBL:ENSRNOG00000013391
Tinag|PROT,rat:PROT:NP_001005549.1,ENSEMBL:ENSRNOG00000058120
Fmo1|PROT|XP_006250207.1,rat:PROT:XP_006250207.1,ENSEMBL:ENSRNOG00000034191
Ndufs5|PROT,rat:PROT:NP_001025223.1,ENSEMBL:ENSRNOG00000026646
Fbxl20|PROT,rat:PROT:XP_017453008.1,ENSEMBL:ENSRNOG00000005081
Cfd|PROT,rat:PROT:NP_001071110.1,ENSEMBL:ENSRNOG00000033564
Dennd2a|PROT,rat:PROT:XP_006224941.1,ENSEMBL:ENSRNOG00000026748
Cyth4|PROT,rat:PROT:XP_006242093.1,ENSEMBL:ENSRNOG00000007679
Clpx|PROT,rat:PROT:NP_001007804.1,ENSEMBL:ENSRNOG00000030225
Jph1|PROT,rat:PROT:NP_001100100.1,ENSEMBL:ENSRNOG00000006110
Ccl11|IMMUNO,rat:IMMUNO:EOTAXIN,ENSEMBL:ENSRNOG00000007335
Cdkn1b|PROT,rat:PROT:NP_113950.2,ENSEMBL:ENSRNOG00000007249
Camk2b|PROT,rat:PROT:XP_006251232.1,ENSEMBL:ENSRNOG00000052080
Man2a2|PROT,rat:PROT:XP_008757752.1,ENSEMBL:ENSRNOG00000012055
Tpm1|PROT|XP_008764429.1,rat:PROT:XP_008764429.1,ENSEMBL:ENSRNOG00000018184
Hmga1|PROT,rat:PROT:XP_006256226.1,ENSEMBL:ENSRNOG00000000488
Neu1|PROT,rat:PROT:NP_113710.2,ENSEMBL:ENSRNOG00000032942
Man2b1|PROT,rat:PROT:NP_955436.1,ENSEMBL:ENSRNOG00000023910
Mapkapk3|PROT,rat:PROT:NP_001012127.1,ENSEMBL:ENSRNOG00000014832
Tcerg1|PROT,rat:PROT:NP_001100860.2,ENSEMBL:ENSRNOG00000018849
Urad|PROT,rat:PROT:XP_001068703.1,ENSEMBL:ENSRNOG00000050360
Paox|PROT,rat:PROT:XP_006230586.3,ENSEMBL:ENSRNOG00000018838
Coq3|PROT,rat:PROT:NP_062060.1,ENSEMBL:ENSRNOG00000009974
Ndufa6|PROT,rat:PROT:NP_001123977.1,ENSEMBL:ENSRNOG00000008569
Gpld1|PROT,rat:PROT:NP_001093982.1,ENSEMBL:ENSRNOG00000017702
Gcsh|PROT,rat:PROT:NP_598282.2,ENSEMBL:ENSRNOG00000011535
Il17a|IMMUNO,rat:IMMUNO:IL17,ENSEMBL:ENSRNOG00000012467
Dnajc8|PROT,rat:PROT:NP_001013186.1,ENSEMBL:ENSRNOG00000013255
Tgm1|PROT,rat:PROT:NP_113847.1,ENSEMBL:ENSRNOG00000020136
Ap3d1|PROT,rat:PROT:NP_001094189.1,ENSEMBL:ENSRNOG00000018977
Lpin1|PROT|NP_001012111.1,rat:PROT:NP_001012111.1,ENSEMBL:ENSRNOG00000004377
Pkn3|PROT,rat:PROT:NP_001041326.1,ENSEMBL:ENSRNOG00000025892
Lims1|PROT,rat:PROT:XP_006256451.1,ENSEMBL:ENSRNOG00000037765
Zfp326|PROT,rat:PROT:XP_008762849.2,ENSEMBL:ENSRNOG00000047761
G6pd|PROT,rat:PROT:NP_058702.1,ENSEMBL:ENSRNOG00000056728
Etnk1|PROT,rat:PROT:NP_001101364.1,ENSEMBL:ENSRNOG00000014856
Pi4k2a|PROT,rat:PROT:NP_446187.1,ENSEMBL:ENSRNOG00000014675
Glg1|PROT,rat:PROT:NP_058907.1,ENSEMBL:ENSRNOG00000018668
Abcc6|PROT,rat:PROT:NP_112275.1,ENSEMBL:ENSRNOG00000028781
RGD1566265|PROT,rat:PROT:NP_001128061.1,ENSEMBL:ENSRNOG00000002323
Xpnpep1|PROT,rat:PROT:NP_571988.1,ENSEMBL:ENSRNOG00000012084
Epb41l1|PROT,rat:PROT:XP_017447493.1,ENSEMBL:ENSRNOG00000055809
Itgb3|PROT,rat:PROT:NP_714942.1,ENSEMBL:ENSRNOG00000048449
Atxn10|PROT,rat:PROT:NP_579847.1,ENSEMBL:ENSRNOG00000014637
XP_002724939.2|PROT,rat:PROT:XP_002724939.2,
Lif|IMMUNO,rat:IMMUNO:LIF,ENSEMBL:ENSRNOG00000007002
Sdf2|PROT,rat:PROT:NP_001099273.2,ENSEMBL:ENSRNOG00000012121
Mapre1|PROT,rat:PROT:NP_612518.2,ENSEMBL:ENSRNOG00000011798
Ubap2|PROT,rat:PROT:XP_006238114.1,ENSEMBL:ENSRNOG00000052087
Cgn|PROT,rat:PROT:XP_006224272.1,ENSEMBL:ENSRNOG00000020952
Grhpr|PROT,rat:PROT:NP_001107226.1,ENSEMBL:ENSRNOG00000012794
Mep1a|PROT,rat:PROT:NP_037275.1,ENSEMBL:ENSRNOG00000011022
Sub1|PROT,rat:PROT:NP_001009618.1,ENSEMBL:ENSRNOG00000050563
Baiap2l1|PROT,rat:PROT:NP_001029312.1,ENSEMBL:ENSRNOG00000001007
Akt2|PROT,rat:PROT:XP_008757331.1,ENSEMBL:ENSRNOG00000018677
Rbp1|PROT,rat:PROT:NP_036865.1,ENSEMBL:ENSRNOG00000013794
Fmnl1|PROT|XP_006247562.1,rat:PROT:XP_006247562.1,ENSEMBL:ENSRNOG00000003207
XP_017443965.1|PROT,rat:PROT:XP_017443965.1,
Cox19|PROT,rat:PROT:NP_001100596.1,ENSEMBL:ENSRNOG00000050052
XP_008772388.1|PROT,rat:PROT:XP_008772388.1,
Crocc|PROT,rat:PROT:XP_017448906.1,ENSEMBL:ENSRNOG00000008334
Slc8a1|PROT,rat:PROT:NP_001257702.1,ENSEMBL:ENSRNOG00000008479
F5|PROT,rat:PROT:NP_001041343.1,ENSEMBL:ENSRNOG00000057855
Crabp1|PROT,rat:PROT:NP_001099186.1,ENSEMBL:ENSRNOG00000023633
Ap1m1|PROT,rat:PROT:NP_001037704.1,ENSEMBL:ENSRNOG00000014454
Suox|PROT,rat:PROT:NP_112389.3,ENSEMBL:ENSRNOG00000005987
Ahsp|PROT,rat:PROT:NP_001099769.1,ENSEMBL:ENSRNOG00000020165
Rasal3|PROT,rat:PROT:NP_001128034.1,ENSEMBL:ENSRNOG00000006167
Icoslg|PROT|XP_017457364.1,rat:PROT:XP_017457364.1,ENSEMBL:ENSRNOG00000023109
Hint1|PROT,rat:PROT:NP_001103077.1,ENSEMBL:ENSRNOG00000000622
Egflam|PROT,rat:PROT:NP_001102408.2,ENSEMBL:ENSRNOG00000012058
Dnase1l1|PROT,rat:PROT:NP_001014245.2,ENSEMBL:ENSRNOG00000055641
XP_006221213.1|PROT,rat:PROT:XP_006221213.1,
Rap1gap|PROT,rat:PROT:NP_001094183.1,ENSEMBL:ENSRNOG00000013825
Ywhag|PROT,rat:PROT:NP_062249.1,ENSEMBL:ENSRNOG00000001436
LOC103689947|PROT,rat:PROT:NP_001316822.1,ENSEMBL:ENSRNOG00000047158
Phb1|PROT,rat:PROT:NP_114039.1,ENSEMBL:ENSRNOG00000046799
Flnb|PROT,rat:PROT:NP_001100758.1,ENSEMBL:ENSRNOG00000009470
Optn|PROT|XP_017455943.1,rat:PROT:XP_017455943.1,ENSEMBL:ENSRNOG00000017941
Palmd|PROT,rat:PROT:NP_001020859.1,ENSEMBL:ENSRNOG00000058609
Septin14|PROT,rat:PROT:NP_001131142.1,ENSEMBL:ENSRNOG00000038495
XP_008761089.1|PROT,rat:PROT:XP_008761089.1,
Cyp4a1|PROT,rat:PROT:NP_787031.1,ENSEMBL:ENSRNOG00000009597
Mavs|PROT,rat:PROT:NP_001005556.1,ENSEMBL:ENSRNOG00000025295
Slc2a2|PROT,rat:PROT:NP_037011.2,ENSEMBL:ENSRNOG00000011875
Papln|PROT|XP_006225902.1,rat:PROT:XP_006225902.1,ENSEMBL:ENSRNOG00000009448
Rex1bd|PROT,rat:PROT:XP_006252958.1,ENSEMBL:ENSRNOG00000019990
Rdh16|PROT,rat:PROT:NP_954678.1,ENSEMBL:ENSRNOG00000029651
Stfa3|PROT,rat:PROT:NP_001099347.1,ENSEMBL:ENSRNOG00000033933
Bdnf|IMMUNO,rat:IMMUNO:BDNF,ENSEMBL:ENSRNOG00000047466
Scimp|PROT,rat:PROT:XP_001080739.2,ENSEMBL:ENSRNOG00000037409
Glod4|PROT,rat:PROT:NP_001014249.1,ENSEMBL:ENSRNOG00000007788
Aaas|PROT,rat:PROT:NP_001100265.1,ENSEMBL:ENSRNOG00000013445
Cx3cl1|IMMUNO,rat:IMMUNO:FRACTALKINE,ENSEMBL:ENSRNOG00000016326
Sgcd|PROT,rat:PROT:NP_001128298.1,ENSEMBL:ENSRNOG00000002372
Cndp1|PROT,rat:PROT:NP_001007688.1,ENSEMBL:ENSRNOG00000027739
Iqgap2|PROT,rat:PROT:XP_002729048.2,ENSEMBL:ENSRNOG00000025406
Fbrsl1|PROT,rat:PROT:XP_017454052.1,ENSEMBL:ENSRNOG00000030721
Ehd1|PROT,rat:PROT:NP_001011939.1,ENSEMBL:ENSRNOG00000043503
Dtx3l|PROT,rat:PROT:NP_001102523.1,ENSEMBL:ENSRNOG00000023400
Rtraf|PROT,rat:PROT:XP_006251698.1,ENSEMBL:ENSRNOG00000000340
Etfdh|PROT,rat:PROT:NP_942037.2,ENSEMBL:ENSRNOG00000009538
Myo1a|PROT,rat:PROT:NP_062197.1,ENSEMBL:ENSRNOG00000004177
Get4|PROT,rat:PROT:NP_001156792.1,ENSEMBL:ENSRNOG00000001293
Homer1|PROT|NP_113895.1,rat:PROT:NP_113895.1,ENSEMBL:ENSRNOG00000047014
Ubqln1|PROT,rat:PROT:XP_006253613.1,ENSEMBL:ENSRNOG00000019282
Eif3h|PROT,rat:PROT:NP_942046.1,ENSEMBL:ENSRNOG00000004252
Baat|PROT,rat:PROT:NP_058996.2,ENSEMBL:ENSRNOG00000007395
Gng10|PROT,rat:PROT:NP_446112.1,ENSEMBL:ENSRNOG00000025040
Siglec1|PROT,rat:PROT:XP_006235086.1,ENSEMBL:ENSRNOG00000021243
Ppif|PROT,rat:PROT:NP_758443.1,ENSEMBL:ENSRNOG00000010558
Kcnj5|PROT,rat:PROT:NP_058993.1,ENSEMBL:ENSRNOG00000033796
Tfam|PROT,rat:PROT:NP_112616.1,ENSEMBL:ENSRNOG00000000613
NP_001178750.1|PROT,rat:PROT:NP_001178750.1,
Capg|PROT,rat:PROT:NP_001013104.1,ENSEMBL:ENSRNOG00000013668
Plg|PROT,rat:PROT:NP_445943.1,ENSEMBL:ENSRNOG00000017223
NP_001099201.3|PROT,rat:PROT:NP_001099201.3,
Fbxo21|PROT,rat:PROT:NP_001101808.2,ENSEMBL:ENSRNOG00000001129
Ckap4|PROT,rat:PROT:XP_008763467.1,ENSEMBL:ENSRNOG00000008016
Ssna1|PROT,rat:PROT:NP_001290546.1,ENSEMBL:ENSRNOG00000011093
Dnajb11|PROT,rat:PROT:NP_001015021.1,ENSEMBL:ENSRNOG00000001803
Rpp40|PROT,rat:PROT:XP_006253852.1,ENSEMBL:ENSRNOG00000016226
Ndufaf7|PROT,rat:PROT:NP_001008319.1,ENSEMBL:ENSRNOG00000005279
Czib|PROT,rat:PROT:NP_001029304.1,ENSEMBL:ENSRNOG00000012724
Vav1|PROT,rat:PROT:NP_036891.2,ENSEMBL:ENSRNOG00000050430
Mrps6|PROT,rat:PROT:XP_006221145.1,ENSEMBL:ENSRNOG00000059381
Tars2|PROT,rat:PROT:NP_001014062.1,ENSEMBL:ENSRNOG00000057194
Rsrc1|PROT,rat:PROT:NP_001014194.1,ENSEMBL:ENSRNOG00000062777
Chka|PROT,rat:PROT:NP_058823.1,ENSEMBL:ENSRNOG00000016791
Fah|PROT,rat:PROT:NP_058877.1,ENSEMBL:ENSRNOG00000013223
Copz1|PROT,rat:PROT:NP_001101587.1,ENSEMBL:ENSRNOG00000036835
Reep6|PROT,rat:PROT:NP_001013236.1,ENSEMBL:ENSRNOG00000033262
Lcp1|PROT,rat:PROT:NP_001012044.1,ENSEMBL:ENSRNOG00000010319
Etfb|PROT,rat:PROT:NP_001004220.1,ENSEMBL:ENSRNOG00000017851
Tspo|PROT,rat:PROT:NP_036647.1,ENSEMBL:ENSRNOG00000010549
Oxct1|PROT,rat:PROT:NP_001121052.1,ENSEMBL:ENSRNOG00000043094
Acot2|PROT|XP_006240382.1,rat:PROT:XP_006240382.1,ENSEMBL:ENSRNOG00000010134
Kcnab2|PROT,rat:PROT:XP_017448709.1,ENSEMBL:ENSRNOG00000011550
Tnni3|PROT,rat:PROT:NP_058840.1,ENSEMBL:ENSRNOG00000018250
Sult2a6|PROT,rat:PROT:XP_008757114.1,ENSEMBL:ENSRNOG00000047986
XP_017458272.1|PROT,rat:PROT:XP_017458272.1,
Myo15a|PROT,rat:PROT:XP_001077498.1,ENSEMBL:ENSRNOG00000059219
Usp40|PROT,rat:PROT:NP_001128357.1,ENSEMBL:ENSRNOG00000018395
Rpl3|PROT,rat:PROT:NP_942048.1,ENSEMBL:ENSRNOG00000016896
Tom1l2|PROT,rat:PROT:XP_006246568.1,ENSEMBL:ENSRNOG00000003590
Tceal5|PROT,rat:PROT:NP_001316085.1,ENSEMBL:ENSRNOG00000046280
Eno2|PROT,rat:PROT:NP_647541.1,ENSEMBL:ENSRNOG00000013141
Ctbs|PROT,rat:PROT:NP_112285.1,ENSEMBL:ENSRNOG00000015573
Dab2|PROT,rat:PROT:NP_077073.1,ENSEMBL:ENSRNOG00000028930
Eci1|PROT,rat:PROT:NP_059002.2,ENSEMBL:ENSRNOG00000008843
Ptpn6|PROT,rat:PROT:NP_446360.1,ENSEMBL:ENSRNOG00000014294
Serpina3m|PROT,rat:PROT:NP_001257911.1,ENSEMBL:ENSRNOG00000009921
Pym1|PROT,rat:PROT:NP_001102456.1,ENSEMBL:ENSRNOG00000058130
Wipf3|PROT,rat:PROT:XP_008761096.1,ENSEMBL:ENSRNOG00000009571
Eef1d|PROT,rat:PROT:NP_001013122.1,ENSEMBL:ENSRNOG00000021638
Ahnak|PROT,rat:PROT:XP_017444239.1,ENSEMBL:ENSRNOG00000057569
Mep1b|PROT,rat:PROT:NP_037315.1,ENSEMBL:ENSRNOG00000049345
Acot6|PROT,rat:PROT:NP_001292214.1,ENSEMBL:ENSRNOG00000029637
Nhej1|PROT,rat:PROT:NP_001014239.1,ENSEMBL:ENSRNOG00000018162
Pla2g7|PROT,rat:PROT:NP_001009353.1,ENSEMBL:ENSRNOG00000025691
Pdha1|PROT,rat:PROT:NP_001004072.2,ENSEMBL:ENSRNOG00000025383
Kyat3|PROT,rat:PROT:NP_001015037.1,ENSEMBL:ENSRNOG00000043426
Fga|PROT,rat:PROT:NP_001008724.1,ENSEMBL:ENSRNOG00000024848
Slc9a3r2|PROT,rat:PROT:NP_446263.2,ENSEMBL:ENSRNOG00000002997
Acox2|PROT,rat:PROT:XP_006251805.1,ENSEMBL:ENSRNOG00000007378
Klhl24|PROT,rat:PROT:NP_852138.2,ENSEMBL:ENSRNOG00000033372
Tubb2a|PROT,rat:PROT:NP_001102589.1,ENSEMBL:ENSRNOG00000017558
Eif3i|PROT,rat:PROT:NP_001108507.1,ENSEMBL:ENSRNOG00000047185
Dpy30|PROT,rat:PROT:NP_775140.2,ENSEMBL:ENSRNOG00000027126
Dnajc28|PROT,rat:PROT:NP_001014146.1,ENSEMBL:ENSRNOG00000002026
Skap1|PROT,rat:PROT:NP_775433.2,ENSEMBL:ENSRNOG00000023881
LOC100360846|PROT,rat:PROT:XP_003753602.3,ENSEMBL:ENSRNOG00000011827
Rplp2|PROT,rat:PROT:NP_001025192.1,ENSEMBL:ENSRNOG00000002116
Pgk1|PROT,rat:PROT:NP_445743.2,ENSEMBL:ENSRNOG00000058249
Fubp1|PROT,rat:PROT:NP_001032742.1,ENSEMBL:ENSRNOG00000043370
XP_006222443.1|PROT,rat:PROT:XP_006222443.1,
Ctc1|PROT,rat:PROT:NP_001100480.1,ENSEMBL:ENSRNOG00000005357
Enpp5|PROT,rat:PROT:NP_001012762.1,ENSEMBL:ENSRNOG00000010232
Cxcl10|IMMUNO,rat:IMMUNO:IP10,ENSEMBL:ENSRNOG00000022256
Rab38|PROT,rat:PROT:NP_665717.1,ENSEMBL:ENSRNOG00000016769
Ppm1a|PROT,rat:PROT:NP_058734.1,ENSEMBL:ENSRNOG00000005916
Llgl2|PROT,rat:PROT:NP_001121021.1,ENSEMBL:ENSRNOG00000004834
Helb|PROT,rat:PROT:XP_017458912.1,ENSEMBL:ENSRNOG00000004189
Th|PROT,rat:PROT:NP_036872.1,ENSEMBL:ENSRNOG00000020410
Rgs18|PROT,rat:PROT:NP_001040549.1,ENSEMBL:ENSRNOG00000003959
Eci2|PROT|NP_001006967.1,rat:PROT:NP_001006967.1,ENSEMBL:ENSRNOG00000029549
Mcm4|PROT,rat:PROT:NP_387500.1,ENSEMBL:ENSRNOG00000001833
Cyb5r2|PROT,rat:PROT:NP_001014266.1,ENSEMBL:ENSRNOG00000019751
Pgam1|PROT,rat:PROT:NP_445742.2,ENSEMBL:ENSRNOG00000050585
XP_006220879.1|PROT,rat:PROT:XP_006220879.1,
Cacna2d1|PROT,rat:PROT:NP_001104317.1,ENSEMBL:ENSRNOG00000033531
Ufc1|PROT,rat:PROT:NP_001003709.1,ENSEMBL:ENSRNOG00000003706
Sirt3|PROT,rat:PROT:XP_006230588.1,ENSEMBL:ENSRNOG00000013828
Rbm8a|PROT,rat:PROT:NP_001258067.1,ENSEMBL:ENSRNOG00000021215
Sf3a2|PROT,rat:PROT:NP_001011986.1,ENSEMBL:ENSRNOG00000019349
Rcn3|PROT,rat:PROT:NP_001008694.1,ENSEMBL:ENSRNOG00000043007
Sdhaf1|PROT,rat:PROT:NP_001171158.1,ENSEMBL:ENSRNOG00000037541
Slc22a12|PROT,rat:PROT:NP_001030115.1,ENSEMBL:ENSRNOG00000021108
Hdhd3|PROT,rat:PROT:NP_001102981.1,ENSEMBL:ENSRNOG00000015195
Surf4|PROT,rat:PROT:NP_001029040.1,ENSEMBL:ENSRNOG00000060005
Akr1d1|PROT,rat:PROT:NP_620239.1,ENSEMBL:ENSRNOG00000013004
Jpt2|PROT,rat:PROT:XP_006246056.1,ENSEMBL:ENSRNOG00000024661
Dgat2|PROT,rat:PROT:NP_001012345.1,ENSEMBL:ENSRNOG00000016573
Clec1b|PROT,rat:PROT:NP_001178907.1,ENSEMBL:ENSRNOG00000057335
Syap1|PROT,rat:PROT:XP_006256951.1,ENSEMBL:ENSRNOG00000004304
Pi16|PROT,rat:PROT:NP_001163952.1,ENSEMBL:ENSRNOG00000000525
Inmt|PROT,rat:PROT:NP_001102492.1,ENSEMBL:ENSRNOG00000011250
Acbd5|PROT,rat:PROT:XP_017456066.1,ENSEMBL:ENSRNOG00000017642
Abca12|PROT,rat:PROT:XP_001054709.2,ENSEMBL:ENSRNOG00000015248
Gbp3|PROT,rat:PROT:XP_017452563.1,ENSEMBL:ENSRNOG00000036885
Ptn|PROT,rat:PROT:NP_058762.1,ENSEMBL:ENSRNOG00000011946
Ttr|PROT,rat:PROT:NP_036813.2,ENSEMBL:ENSRNOG00000016275
Got2|PROT,rat:PROT:NP_037309.1,ENSEMBL:ENSRNOG00000011782
Nln|PROT,rat:PROT:NP_446422.2,ENSEMBL:ENSRNOG00000011561
Mrps15|PROT,rat:PROT:NP_001007654.1,ENSEMBL:ENSRNOG00000008279
Eif4e3|PROT,rat:PROT:NP_001100082.1,ENSEMBL:ENSRNOG00000010301
Clec11a|PROT,rat:PROT:NP_001012477.1,ENSEMBL:ENSRNOG00000019138
Lama2|PROT,rat:PROT:XP_017445977.1,ENSEMBL:ENSRNOG00000011134
Acot11|PROT,rat:PROT:NP_001258312.1,ENSEMBL:ENSRNOG00000007837
Pdgfrl|PROT,rat:PROT:NP_001011921.1,ENSEMBL:ENSRNOG00000010832
Tnfaip2|PROT,rat:PROT:NP_001131105.1,ENSEMBL:ENSRNOG00000010165
Phyhd1|PROT,rat:PROT:NP_001013099.1,ENSEMBL:ENSRNOG00000016794
Trip13|PROT,rat:PROT:NP_001011930.1,ENSEMBL:ENSRNOG00000015810
P4hb|PROT,rat:PROT:NP_037130.2,ENSEMBL:ENSRNOG00000036689
Ano10|PROT,rat:PROT:XP_001078269.2,ENSEMBL:ENSRNOG00000000219
Atp1a2|PROT,rat:PROT:NP_036637.1,ENSEMBL:ENSRNOG00000007290
Dapk2|PROT,rat:PROT:XP_008764463.1,ENSEMBL:ENSRNOG00000017332
Heatr6|PROT,rat:PROT:NP_001073366.1,ENSEMBL:ENSRNOG00000002542
Alg11|PROT,rat:PROT:NP_001101871.1,ENSEMBL:ENSRNOG00000012841
Echdc3|PROT,rat:PROT:NP_001094480.1,ENSEMBL:ENSRNOG00000048114
Decr2|PROT|NP_741993.1,rat:PROT:NP_741993.1,ENSEMBL:ENSRNOG00000050424
Zc3h3|PROT,rat:PROT:NP_001128337.1,ENSEMBL:ENSRNOG00000007684
Acp5|PROT,rat:PROT:NP_001257818.1,ENSEMBL:ENSRNOG00000046261
Nomo1|PROT,rat:PROT:NP_001101954.1,ENSEMBL:ENSRNOG00000021118
Myo1f|PROT,rat:PROT:NP_001101546.1,ENSEMBL:ENSRNOG00000008409
Mrpl23|PROT,rat:PROT:NP_071974.1,ENSEMBL:ENSRNOG00000020354
Hexa|PROT,rat:PROT:NP_001004443.1,ENSEMBL:ENSRNOG00000010252
Amdhd1|PROT,rat:PROT:NP_001178710.1,ENSEMBL:ENSRNOG00000005266
Akt1s1|PROT,rat:PROT:NP_001099729.2,ENSEMBL:ENSRNOG00000020289
Pxn|PROT,rat:PROT:NP_001012147.1,ENSEMBL:ENSRNOG00000001149
Prep|PROT,rat:PROT:NP_112614.1,ENSEMBL:ENSRNOG00000051061
Slc25a1|PROT,rat:PROT:NP_059003.1,ENSEMBL:ENSRNOG00000038001
Rbm33|PROT,rat:PROT:NP_001178788.1,ENSEMBL:ENSRNOG00000006718
Alkbh7|PROT,rat:PROT:NP_001102854.1,ENSEMBL:ENSRNOG00000047089
Pin1|PROT,rat:PROT:NP_001100171.1,ENSEMBL:ENSRNOG00000020474
Ddx3x|PROT,rat:PROT:XP_006256714.1,ENSEMBL:ENSRNOG00000023383
Atp5f1e|PROT,rat:PROT:NP_620799.1,ENSEMBL:ENSRNOG00000049912
Hsdl2|PROT,rat:PROT:NP_001020868.1,ENSEMBL:ENSRNOG00000016692
Fdx2|PROT,rat:PROT:NP_001101472.1,ENSEMBL:ENSRNOG00000023020
Pspc1|PROT,rat:PROT:NP_001020843.1,ENSEMBL:ENSRNOG00000020782
Tpd52|PROT,rat:PROT:XP_006232202.1,ENSEMBL:ENSRNOG00000011441
Wipf2|PROT,rat:PROT:NP_001178754.1,ENSEMBL:ENSRNOG00000027849
Hmgcs1|PROT,rat:PROT:NP_058964.1,ENSEMBL:ENSRNOG00000016552
Ggh|PROT,rat:PROT:NP_037092.1,ENSEMBL:ENSRNOG00000007351
Auh|PROT,rat:PROT:XP_006253736.1,ENSEMBL:ENSRNOG00000011684
Mtrfr|PROT,rat:PROT:NP_001102535.2,ENSEMBL:ENSRNOG00000001073
Papss1|PROT,rat:PROT:NP_001099941.1,ENSEMBL:ENSRNOG00000011311
Sap18|PROT,rat:PROT:NP_001028857.2,ENSEMBL:ENSRNOG00000010732
Ntn1|PROT,rat:PROT:NP_446183.2,ENSEMBL:ENSRNOG00000003947
Camk2a|PROT,rat:PROT:NP_037052.1,ENSEMBL:ENSRNOG00000018712
Pde5a|PROT,rat:PROT:XP_006233322.1,ENSEMBL:ENSRNOG00000014443
Scamp3|PROT,rat:PROT:NP_113912.1,ENSEMBL:ENSRNOG00000020500
Cript|PROT,rat:PROT:NP_063972.1,ENSEMBL:ENSRNOG00000015215
Slc2a13|PROT,rat:PROT:NP_598295.2,ENSEMBL:ENSRNOG00000015741
Usp24|PROT,rat:PROT:NP_001258135.1,ENSEMBL:ENSRNOG00000005802
Cmc1|PROT,rat:PROT:NP_001186154.1,ENSEMBL:ENSRNOG00000010149
Dtd2|PROT,rat:PROT:NP_001102451.1,ENSEMBL:ENSRNOG00000006727
Cntfr|PROT,rat:PROT:NP_001003929.1,ENSEMBL:ENSRNOG00000047307
NP_062108.2|PROT,rat:PROT:NP_062108.2,
Lep|IMMUNO,rat:IMMUNO:LEPTIN,ENSEMBL:ENSRNOG00000045797
Slc25a16|PROT,rat:PROT:NP_001094330.1,ENSEMBL:ENSRNOG00000000387
Ifit2|PROT,rat:PROT:NP_001019924.1,ENSEMBL:ENSRNOG00000036604
Col12a1|PROT,rat:PROT:XP_001060689.2,ENSEMBL:ENSRNOG00000058470
LOC297568|PROT|NP_001033064.2,rat:PROT:NP_001033064.2,ENSEMBL:ENSRNOG00000037188
Tmed7|PROT,rat:PROT:NP_001099228.1,ENSEMBL:ENSRNOG00000003691
Cd93|PROT,rat:PROT:NP_445835.1,ENSEMBL:ENSRNOG00000024799
Ube3b|PROT,rat:PROT:NP_001137366.1,ENSEMBL:ENSRNOG00000047219
Aldh6a1|PROT,rat:PROT:NP_112319.2,ENSEMBL:ENSRNOG00000011419
Niban1|PROT,rat:PROT:NP_071578.2,ENSEMBL:ENSRNOG00000002403
Sdhc|PROT,rat:PROT:NP_001005534.1,ENSEMBL:ENSRNOG00000003163
Psma2|PROT,rat:PROT:NP_058975.1,ENSEMBL:ENSRNOG00000049920
Yars1|PROT,rat:PROT:NP_001020867.2,ENSEMBL:ENSRNOG00000007213
Hsd17b11|PROT,rat:PROT:NP_001004209.1,ENSEMBL:ENSRNOG00000002210
Nqo1|PROT,rat:PROT:NP_058696.2,ENSEMBL:ENSRNOG00000012772
Clec2l|PROT,rat:PROT:NP_001037698.2,ENSEMBL:ENSRNOG00000029644
Acat1|PROT,rat:PROT:NP_058771.2,ENSEMBL:ENSRNOG00000007862
Nfkb2|PROT,rat:PROT:NP_001008350.1,ENSEMBL:ENSRNOG00000019311
Fars2|PROT,rat:PROT:XP_006253887.1,ENSEMBL:ENSRNOG00000016135
Trappc5|PROT,rat:PROT:NP_001102320.1,ENSEMBL:ENSRNOG00000001003
Gpd1|PROT,rat:PROT:NP_071551.2,ENSEMBL:ENSRNOG00000056457
Cep170b|PROT,rat:PROT:XP_008763212.1,ENSEMBL:ENSRNOG00000033688
Iah1|PROT,rat:PROT:NP_001094010.1,ENSEMBL:ENSRNOG00000060853
Tm7sf2|PROT,rat:PROT:NP_001013089.1,ENSEMBL:ENSRNOG00000020989
Oas1b|PROT|NP_653353.2,rat:PROT:NP_653353.2,ENSEMBL:ENSRNOG00000033220
Acaca|PROT,rat:PROT:NP_071529.1,ENSEMBL:ENSRNOG00000034013
Lcp2|PROT,rat:PROT:NP_569105.1,ENSEMBL:ENSRNOG00000005620
Acly|PROT|NP_001104565.1,rat:PROT:NP_001104565.1,ENSEMBL:ENSRNOG00000016924
Tmem205|PROT,rat:PROT:NP_001100274.1,ENSEMBL:ENSRNOG00000011747
Dnm2|PROT,rat:PROT:NP_037331.1,ENSEMBL:ENSRNOG00000007649
Ctnna1|PROT,rat:PROT:NP_001007146.1,ENSEMBL:ENSRNOG00000005796
Rplp0|PROT,rat:PROT:NP_071797.1,ENSEMBL:ENSRNOG00000001148
Hadh|PROT,rat:PROT:NP_476534.1,ENSEMBL:ENSRNOG00000010697
Wfdc2|PROT,rat:PROT:NP_775132.1,ENSEMBL:ENSRNOG00000014739
Scrn1|PROT,rat:PROT:NP_001020234.1,ENSEMBL:ENSRNOG00000009636
Pomgnt2|PROT,rat:PROT:NP_001009437.1,ENSEMBL:ENSRNOG00000019492
Mcm6|PROT,rat:PROT:NP_058983.1,ENSEMBL:ENSRNOG00000003703
Slc12a2|PROT,rat:PROT:XP_006254814.1,ENSEMBL:ENSRNOG00000015971
Ndufa8|PROT,rat:PROT:XP_008759963.1,ENSEMBL:ENSRNOG00000005668
Mt3|PROT,rat:PROT:NP_446420.1,ENSEMBL:ENSRNOG00000018958
Inhbc|PROT,rat:PROT:NP_072136.1,ENSEMBL:ENSRNOG00000007700
Dpm1|PROT,rat:PROT:NP_001100014.1,ENSEMBL:ENSRNOG00000010993
Cox6b1|PROT,rat:PROT:NP_001138745.1,ENSEMBL:ENSRNOG00000024309
Parp3|PROT|XP_006243787.1,rat:PROT:XP_006243787.1,ENSEMBL:ENSRNOG00000012865
Cox14|PROT,rat:PROT:XP_001060794.2,ENSEMBL:ENSRNOG00000061425
Zcchc8|PROT,rat:PROT:XP_006249395.1,ENSEMBL:ENSRNOG00000001243
Micos13|PROT,rat:PROT:XP_006244377.1,ENSEMBL:ENSRNOG00000046002
Dbn1|PROT|XP_006253717.1,rat:PROT:XP_006253717.1,ENSEMBL:ENSRNOG00000014170
Acss3|PROT,rat:PROT:XP_006241364.1,ENSEMBL:ENSRNOG00000004448
Wipi2|PROT,rat:PROT:NP_001007616.1,ENSEMBL:ENSRNOG00000001114
Tbc1d17|PROT,rat:PROT:NP_001099728.1,ENSEMBL:ENSRNOG00000020191
Mrc1|PROT,rat:PROT:NP_001099593.2,ENSEMBL:ENSRNOG00000018251
Stag2|PROT,rat:PROT:XP_006257565.1,ENSEMBL:ENSRNOG00000029885
Wars1|PROT,rat:PROT:XP_006240604.1,ENSEMBL:ENSRNOG00000004359
Apoe|PROT,rat:PROT:NP_620183.2,ENSEMBL:ENSRNOG00000018454
Enah|PROT,rat:PROT:XP_006250462.1,ENSEMBL:ENSRNOG00000031934
Mcpt10|PROT|XP_003752852.1,rat:PROT:XP_003752852.1,ENSEMBL:ENSRNOG00000049991
Pyy|IMMUNO,rat:IMMUNO:PYY,ENSEMBL:ENSRNOG00000020877
Ubr4|PROT,rat:PROT:XP_006239269.1,ENSEMBL:ENSRNOG00000018183
S100a8|PROT,rat:PROT:NP_446274.2,ENSEMBL:ENSRNOG00000011557
Mtpn|PROT,rat:PROT:NP_077350.1,ENSEMBL:ENSRNOG00000011857
XP_003748864.1|PROT,rat:PROT:XP_003748864.1,
Rbm4b|PROT,rat:PROT:NP_001007015.2,ENSEMBL:ENSRNOG00000061795
Son|PROT,rat:PROT:XP_006248126.1,ENSEMBL:ENSRNOG00000002021
Ablim2|PROT,rat:PROT:NP_001171166.1,ENSEMBL:ENSRNOG00000007882
Il1rn|PROT,rat:PROT:NP_071530.1,ENSEMBL:ENSRNOG00000005871
Ppm1k|PROT,rat:PROT:NP_001101333.1,ENSEMBL:ENSRNOG00000006893
Gpnmb|PROT,rat:PROT:NP_579832.1,ENSEMBL:ENSRNOG00000008816
Plcb2|PROT,rat:PROT:NP_445930.1,ENSEMBL:ENSRNOG00000058337
Trim14|PROT,rat:PROT:XP_006238122.1,ENSEMBL:ENSRNOG00000008922
Coa7|PROT,rat:PROT:NP_001100144.1,ENSEMBL:ENSRNOG00000010636
Ckb|PROT,rat:PROT:NP_036661.3,ENSEMBL:ENSRNOG00000010872
Lmnb2|PROT,rat:PROT:NP_001292164.1,ENSEMBL:ENSRNOG00000025742
Prkdc|PROT,rat:PROT:XP_003752582.1,ENSEMBL:ENSRNOG00000025028
Tpp1|PROT,rat:PROT:NP_112647.1,ENSEMBL:ENSRNOG00000019212
Map2k2|PROT,rat:PROT:NP_579817.1,ENSEMBL:ENSRNOG00000020005
Orm1|PROT,rat:PROT:NP_445740.1,ENSEMBL:ENSRNOG00000007886
Acaa2|PROT,rat:PROT:NP_569117.1,ENSEMBL:ENSRNOG00000013766
XP_008774307.1|PROT,rat:PROT:XP_008774307.1,
Col6a3|PROT,rat:PROT:XP_003754596.1,ENSEMBL:ENSRNOG00000019648
Pof1b|PROT,rat:PROT:NP_001100404.1,ENSEMBL:ENSRNOG00000004795
Mb|PROT,rat:PROT:NP_067599.1,ENSEMBL:ENSRNOG00000004583
Igf2r|PROT,rat:PROT:NP_036888.2,ENSEMBL:ENSRNOG00000014997
Fmnl1|PROT|XP_006247561.1,rat:PROT:XP_006247561.1,ENSEMBL:ENSRNOG00000003207
Ccdc39|PROT,rat:PROT:NP_001101137.1,ENSEMBL:ENSRNOG00000011440
Synm|PROT,rat:PROT:NP_001128330.1,ENSEMBL:ENSRNOG00000014030
Cyc1|PROT,rat:PROT:NP_001264123.1,ENSEMBL:ENSRNOG00000012457
Myot|PROT,rat:PROT:NP_001099618.1,ENSEMBL:ENSRNOG00000047186
Hmcn1|PROT,rat:PROT:NP_001258221.1,ENSEMBL:ENSRNOG00000028627
Cirbp|PROT,rat:PROT:NP_112409.2,ENSEMBL:ENSRNOG00000015999
Dock9|PROT,rat:PROT:XP_006252555.1,ENSEMBL:ENSRNOG00000011969
Idh3b|PROT,rat:PROT:NP_446033.1,ENSEMBL:ENSRNOG00000007316
Ifng|IMMUNO,rat:IMMUNO:IFNY,ENSEMBL:ENSRNOG00000007468
XP_003754359.1|PROT,rat:PROT:XP_003754359.1,
Epb41l2|PROT,rat:PROT:XP_017443274.1,ENSEMBL:ENSRNOG00000012346
Tango2|PROT,rat:PROT:NP_001101793.1,ENSEMBL:ENSRNOG00000030245
Snf8|PROT,rat:PROT:NP_001007805.1,ENSEMBL:ENSRNOG00000006500
Mrps34|PROT,rat:PROT:NP_001099241.1,ENSEMBL:ENSRNOG00000015479
Gatad2b|PROT,rat:PROT:NP_001020059.1,ENSEMBL:ENSRNOG00000015553
Carhsp1|PROT,rat:PROT:XP_006245812.1,ENSEMBL:ENSRNOG00000002610
Polrmt|PROT,rat:PROT:NP_001100236.1,ENSEMBL:ENSRNOG00000024879
Gbp6|PROT,rat:PROT:XP_006221724.3,ENSEMBL:ENSRNOG00000002134
Aspn|PROT,rat:PROT:NP_001014030.1,ENSEMBL:ENSRNOG00000015410
Pcsk1n|PROT,rat:PROT:NP_062152.1,ENSEMBL:ENSRNOG00000007112
NP_001032745.1|PROT,rat:PROT:NP_001032745.1,
Prmt5|PROT,rat:PROT:NP_001102337.2,ENSEMBL:ENSRNOG00000012046
Homer1|PROT|XP_006231837.1,rat:PROT:XP_006231837.1,ENSEMBL:ENSRNOG00000047014
Inpp5b|PROT,rat:PROT:NP_001094225.1,ENSEMBL:ENSRNOG00000048506
Mcpt10|PROT|NP_062196.1,rat:PROT:NP_062196.1,ENSEMBL:ENSRNOG00000049991
Nipsnap3b|PROT,rat:PROT:NP_001009422.1,ENSEMBL:ENSRNOG00000010332
Dnajc15|PROT,rat:PROT:NP_001099520.1,ENSEMBL:ENSRNOG00000009063
Pklr|PROT|XP_017446120.1,rat:PROT:XP_017446120.1,ENSEMBL:ENSRNOG00000020420
Gngt2|PROT,rat:PROT:NP_001129239.1,ENSEMBL:ENSRNOG00000006108
Snap47|PROT,rat:PROT:NP_955421.1,ENSEMBL:ENSRNOG00000022472
Nadsyn1|PROT,rat:PROT:NP_852145.1,ENSEMBL:ENSRNOG00000020736
Clic6|PROT,rat:PROT:NP_788267.1,ENSEMBL:ENSRNOG00000026870
Hcls1|PROT,rat:PROT:NP_001011898.1,ENSEMBL:ENSRNOG00000038881
Fhl2|PROT,rat:PROT:NP_113865.1,ENSEMBL:ENSRNOG00000016866
H1f1|PROT,rat:PROT:NP_001099583.1,ENSEMBL:ENSRNOG00000017175
XP_008774314.1|PROT,rat:PROT:XP_008774314.1,
Ndufa12|PROT,rat:PROT:NP_001100251.2,ENSEMBL:ENSRNOG00000007407
Fabp5|PROT,rat:PROT:NP_665885.1,ENSEMBL:ENSRNOG00000049075
Apoc4|PROT,rat:PROT:NP_001102889.1,ENSEMBL:ENSRNOG00000018405
Ins1|IMMUNO|INSULIN,rat:IMMUNO:INSULIN,ENSEMBL:ENSRNOG00000012052
Apoo|PROT,rat:PROT:NP_001186107.1,ENSEMBL:ENSRNOG00000046918
Cd68|PROT,rat:PROT:NP_001026808.1,ENSEMBL:ENSRNOG00000037563
Tnc|PROT|NP_446313.1,rat:PROT:NP_446313.1,ENSEMBL:ENSRNOG00000058645
Stat5a|PROT,rat:PROT:NP_058760.1,ENSEMBL:ENSRNOG00000019496
Prex2|PROT,rat:PROT:XP_006237815.1,ENSEMBL:ENSRNOG00000005391
Opa1|PROT,rat:PROT:XP_006248559.1,ENSEMBL:ENSRNOG00000001717
Il6|IMMUNO,rat:IMMUNO:IL6,ENSEMBL:ENSRNOG00000010278
P4ha1|PROT,rat:PROT:NP_742059.2,ENSEMBL:ENSRNOG00000050655
Antxr1|PROT,rat:PROT:NP_001037714.1,ENSEMBL:ENSRNOG00000008678
Nek5|PROT,rat:PROT:XP_008771535.1,ENSEMBL:ENSRNOG00000048769
Ftcd|PROT,rat:PROT:NP_446019.1,ENSEMBL:ENSRNOG00000001261
Taco1|PROT,rat:PROT:NP_001101772.1,ENSEMBL:ENSRNOG00000008405
Fastkd2|PROT,rat:PROT:XP_006245112.2,ENSEMBL:ENSRNOG00000023923
Mx1|PROT,rat:PROT:NP_001257987.1,ENSEMBL:ENSRNOG00000001959
Aldh1a2|PROT,rat:PROT:NP_446348.2,ENSEMBL:ENSRNOG00000055049
Cd5|PROT,rat:PROT:NP_062168.1,ENSEMBL:ENSRNOG00000020872
Grsf1|PROT,rat:PROT:NP_001094360.1,ENSEMBL:ENSRNOG00000003392
Eral1|PROT,rat:PROT:NP_001013247.1,ENSEMBL:ENSRNOG00000010673
Mlip|PROT,rat:PROT:XP_008764642.1,ENSEMBL:ENSRNOG00000005934
Gpx3|PROT,rat:PROT:NP_071970.2,ENSEMBL:ENSRNOG00000052564
Pcyt2|PROT,rat:PROT:XP_006247997.1,ENSEMBL:ENSRNOG00000036684
Dnajc7|PROT,rat:PROT:NP_998790.1,ENSEMBL:ENSRNOG00000017781
Ndufa2|PROT,rat:PROT:NP_001099623.1,ENSEMBL:ENSRNOG00000017571
Chd3|PROT,rat:PROT:XP_017453283.1,ENSEMBL:ENSRNOG00000009722
Hm13|PROT,rat:PROT:XP_006235331.1,ENSEMBL:ENSRNOG00000007738
Aldoc|PROT,rat:PROT:NP_036629.1,ENSEMBL:ENSRNOG00000011452
Pld3|PROT,rat:PROT:NP_001012167.1,ENSEMBL:ENSRNOG00000018390
Retsat|PROT,rat:PROT:NP_659552.1,ENSEMBL:ENSRNOG00000014090
Ndufb5|PROT,rat:PROT:NP_001099896.1,ENSEMBL:ENSRNOG00000011949
Coasy|PROT,rat:PROT:NP_001006955.1,ENSEMBL:ENSRNOG00000019918
Rnf207|PROT,rat:PROT:XP_001075996.1,ENSEMBL:ENSRNOG00000033722
Itgbl1|PROT,rat:PROT:NP_001017505.1,ENSEMBL:ENSRNOG00000004516
XP_006255728.1|PROT,rat:PROT:XP_006255728.1,
Macroh2a1|PROT|XP_006253637.1,rat:PROT:XP_006253637.1,ENSEMBL:ENSRNOG00000011523
Rab31|PROT,rat:PROT:NP_659562.2,ENSEMBL:ENSRNOG00000042189
Mospd2|PROT,rat:PROT:XP_006256927.1,ENSEMBL:ENSRNOG00000003350
Ppic|PROT,rat:PROT:NP_001004215.1,ENSEMBL:ENSRNOG00000017416
Cmbl|PROT,rat:PROT:NP_001008770.1,ENSEMBL:ENSRNOG00000011260
Itgal|PROT,rat:PROT:NP_001029170.1,ENSEMBL:ENSRNOG00000017980
Pik3c2g|PROT,rat:PROT:XP_008761570.1,ENSEMBL:ENSRNOG00000034228
Sema4f|PROT,rat:PROT:NP_062145.1,ENSEMBL:ENSRNOG00000006784
Ddx17|PROT,rat:PROT:NP_001015018.1,ENSEMBL:ENSRNOG00000051170
Serpina3n|PROT,rat:PROT:NP_113719.1,ENSEMBL:ENSRNOG00000010478
Got1|PROT,rat:PROT:NP_036703.2,ENSEMBL:ENSRNOG00000016356
Il4|IMMUNO,rat:IMMUNO:IL4,ENSEMBL:ENSRNOG00000007624
Wdr75|PROT,rat:PROT:NP_001041354.1,ENSEMBL:ENSRNOG00000003825
Myo6|PROT,rat:PROT:XP_017459176.1,ENSEMBL:ENSRNOG00000011852
Ndufs3|PROT,rat:PROT:NP_001099959.1,ENSEMBL:ENSRNOG00000009155
Adnp2|PROT,rat:PROT:NP_001120845.1,ENSEMBL:ENSRNOG00000053370
Apaf1|PROT,rat:PROT:NP_076469.1,ENSEMBL:ENSRNOG00000008022
Dmac2|PROT,rat:PROT:XP_017444840.1,ENSEMBL:ENSRNOG00000020596
Hmox1|PROT,rat:PROT:NP_036712.1,ENSEMBL:ENSRNOG00000014117
Micos10|PROT,rat:PROT:NP_001167027.1,ENSEMBL:ENSRNOG00000042696
Npr3|PROT,rat:PROT:NP_037000.1,ENSEMBL:ENSRNOG00000019184
Gpam|PROT|XP_006231687.1,rat:PROT:XP_006231687.1,ENSEMBL:ENSRNOG00000015124
Dync1h1|PROT,rat:PROT:NP_062099.3,ENSEMBL:ENSRNOG00000006178
NP_001292806.1|PROT,rat:PROT:NP_001292806.1,
Col6a5|PROT,rat:PROT:XP_008756121.1,ENSEMBL:ENSRNOG00000010663
Acadvl|PROT,rat:PROT:NP_037023.1,ENSEMBL:ENSRNOG00000018114
Kank3|PROT,rat:PROT:NP_001102459.1,ENSEMBL:ENSRNOG00000007230
Egfr|PROT|XP_008768638.1,rat:PROT:XP_008768638.1,ENSEMBL:ENSRNOG00000004332
Trim72|PROT,rat:PROT:NP_001071143.1,ENSEMBL:ENSRNOG00000022099
Ptpmt1|PROT,rat:PROT:NP_001099196.1,ENSEMBL:ENSRNOG00000009723
Mindy2|PROT,rat:PROT:XP_001054973.1,ENSEMBL:ENSRNOG00000061337
Asb15|PROT,rat:PROT:XP_008761053.1,ENSEMBL:ENSRNOG00000006365
Preb|PROT,rat:PROT:NP_001164179.1,ENSEMBL:ENSRNOG00000007141
Timm50|PROT,rat:PROT:XP_001073346.3,ENSEMBL:ENSRNOG00000037638
Zap70|PROT,rat:PROT:NP_001012002.1,ENSEMBL:ENSRNOG00000016995
Pex26|PROT,rat:PROT:NP_001100088.1,ENSEMBL:ENSRNOG00000049982
Msi2|PROT,rat:PROT:XP_008774020.2,ENSEMBL:ENSRNOG00000025338
Fkbpl|PROT,rat:PROT:NP_001002818.1,ENSEMBL:ENSRNOG00000000432
Tdrkh|PROT,rat:PROT:NP_001014060.2,ENSEMBL:ENSRNOG00000020860
Thnsl2|PROT,rat:PROT:NP_001009658.1,ENSEMBL:ENSRNOG00000006508
Apobr|PROT,rat:PROT:XP_006230381.1,ENSEMBL:ENSRNOG00000017403
Rexo1|PROT,rat:PROT:NP_001012114.2,ENSEMBL:ENSRNOG00000017916
Speg|PROT,rat:PROT:NP_037037.1,ENSEMBL:ENSRNOG00000019850
Pfn2|PROT,rat:PROT:NP_110500.1,ENSEMBL:ENSRNOG00000017427
Dyrk1b|PROT,rat:PROT:XP_006228683.1,ENSEMBL:ENSRNOG00000019254
Togaram2|PROT,rat:PROT:XP_017458688.1,ENSEMBL:ENSRNOG00000026344
Epsti1|PROT,rat:PROT:NP_001037722.1,ENSEMBL:ENSRNOG00000009471
Prkag1|PROT,rat:PROT:NP_037142.1,ENSEMBL:ENSRNOG00000061499
LOC683313|PROT,rat:PROT:NP_001094477.1,ENSEMBL:ENSRNOG00000062119
Rabgap1l|PROT,rat:PROT:XP_006250167.1,ENSEMBL:ENSRNOG00000002736
Dock7|PROT,rat:PROT:XP_006238489.1,ENSEMBL:ENSRNOG00000008298
Neb|PROT|XP_008760037.1,rat:PROT:XP_008760037.1,ENSEMBL:ENSRNOG00000006783
Mgll|PROT,rat:PROT:XP_008761275.1,ENSEMBL:ENSRNOG00000014508
Slc37a4|PROT,rat:PROT:NP_113777.2,ENSEMBL:ENSRNOG00000011361
XP_008773014.2|PROT,rat:PROT:XP_008773014.2,
Thop1|PROT,rat:PROT:NP_742072.2,ENSEMBL:ENSRNOG00000019924
XP_006223438.1|PROT,rat:PROT:XP_006223438.1,
Sec23a|PROT,rat:PROT:NP_001099202.1,ENSEMBL:ENSRNOG00000004657
Chmp2a|PROT,rat:PROT:NP_001102376.1,ENSEMBL:ENSRNOG00000043328
Sh2b1|PROT,rat:PROT:NP_001041645.1,ENSEMBL:ENSRNOG00000049181
Asb14|PROT,rat:PROT:NP_001164220.1,ENSEMBL:ENSRNOG00000013346
Dhrs4|PROT,rat:PROT:NP_695227.2,ENSEMBL:ENSRNOG00000018239
Cd300lg|PROT,rat:PROT:XP_001061779.2,ENSEMBL:ENSRNOG00000020837
Cobl|PROT,rat:PROT:XP_017454714.1,ENSEMBL:ENSRNOG00000004281
Nbl1|PROT,rat:PROT:XP_008762506.1,ENSEMBL:ENSRNOG00000049402
Bola3|PROT,rat:PROT:NP_001100071.1,ENSEMBL:ENSRNOG00000021866
Ndufs7|PROT,rat:PROT:NP_001008525.1,ENSEMBL:ENSRNOG00000024568
XP_008765852.1|PROT,rat:PROT:XP_008765852.1,
Akr1c19|PROT,rat:PROT:NP_001094046.1,ENSEMBL:ENSRNOG00000038319
Impa1|PROT|XP_006232213.1,rat:PROT:XP_006232213.1,ENSEMBL:ENSRNOG00000010482
Ctnnb1|PROT,rat:PROT:XP_008764913.1,ENSEMBL:ENSRNOG00000054172
Septin4|PROT,rat:PROT:XP_017452608.1,ENSEMBL:ENSRNOG00000007367
Krt15|PROT,rat:PROT:NP_001004022.1,ENSEMBL:ENSRNOG00000014099
Cep250|PROT,rat:PROT:XP_017456672.1,ENSEMBL:ENSRNOG00000019340
Rbks|PROT,rat:PROT:NP_001102173.1,ENSEMBL:ENSRNOG00000004710
Syde2|PROT,rat:PROT:NP_001292158.1,ENSEMBL:ENSRNOG00000026186
Vnn1|PROT,rat:PROT:NP_001020794.1,ENSEMBL:ENSRNOG00000016219
Per2|PROT,rat:PROT:NP_113866.1,ENSEMBL:ENSRNOG00000020254
Lin7a|PROT,rat:PROT:NP_445966.1,ENSEMBL:ENSRNOG00000004527
Atp5f1b|PROT,rat:PROT:NP_599191.1,ENSEMBL:ENSRNOG00000002840
Dach1|PROT,rat:PROT:XP_008768426.2,ENSEMBL:ENSRNOG00000008834
Pgam5|PROT,rat:PROT:XP_006249596.1,ENSEMBL:ENSRNOG00000037443
Gpr107|PROT,rat:PROT:NP_001101298.1,ENSEMBL:ENSRNOG00000023589
Slc25a20|PROT,rat:PROT:NP_446417.2,ENSEMBL:ENSRNOG00000020288
XP_008759796.1|PROT,rat:PROT:XP_008759796.1,
Glrx|PROT,rat:PROT:NP_071614.1,ENSEMBL:ENSRNOG00000012183
Eno1|PROT,rat:PROT:NP_036686.2,ENSEMBL:ENSRNOG00000017895
Mmrn2|PROT,rat:PROT:XP_003751598.3,ENSEMBL:ENSRNOG00000051977
Nrbp2|PROT,rat:PROT:XP_006241947.1,ENSEMBL:ENSRNOG00000029535
Vav2|PROT,rat:PROT:NP_001100033.2,ENSEMBL:ENSRNOG00000007422
Krt5|PROT,rat:PROT:NP_899162.1,ENSEMBL:ENSRNOG00000050420
Chordc1|PROT,rat:PROT:NP_001101598.1,ENSEMBL:ENSRNOG00000026643
H2ac1|PROT,rat:PROT:NP_068611.1,ENSEMBL:ENSRNOG00000048122
Scpep1|PROT,rat:PROT:NP_596874.1,ENSEMBL:ENSRNOG00000002358
Tpm1|PROT|NP_001029243.1,rat:PROT:NP_001029243.1,ENSEMBL:ENSRNOG00000018184
Sdk1|PROT,rat:PROT:XP_008757185.2,ENSEMBL:ENSRNOG00000001103
Tf|PROT,rat:PROT:NP_001013128.1,ENSEMBL:ENSRNOG00000030625
Cd81|PROT,rat:PROT:NP_037219.2,ENSEMBL:ENSRNOG00000020451
Cacng1|PROT,rat:PROT:NP_062128.1,ENSEMBL:ENSRNOG00000003245
Epb41|PROT,rat:PROT:XP_017449315.1,ENSEMBL:ENSRNOG00000010037
Abhd5|PROT,rat:PROT:NP_997689.1,ENSEMBL:ENSRNOG00000000221
Abca5|PROT,rat:PROT:NP_775429.1,ENSEMBL:ENSRNOG00000004378
Fxr1|PROT,rat:PROT:NP_001012179.1,ENSEMBL:ENSRNOG00000051480
Nmnat1|PROT,rat:PROT:NP_001032645.2,ENSEMBL:ENSRNOG00000015962
Ndufs8|PROT,rat:PROT:NP_001099792.1,ENSEMBL:ENSRNOG00000017446
Uggt1|PROT,rat:PROT:NP_598280.1,ENSEMBL:ENSRNOG00000014901
Aco2|PROT,rat:PROT:NP_077374.2,ENSEMBL:ENSRNOG00000024128
Gpc4|PROT,rat:PROT:NP_001014130.1,ENSEMBL:ENSRNOG00000002413
Arhgap4|PROT,rat:PROT:NP_653341.2,ENSEMBL:ENSRNOG00000058545
Triap1|PROT,rat:PROT:NP_001119571.1,ENSEMBL:ENSRNOG00000001160
Scube1|PROT,rat:PROT:NP_001128356.1,ENSEMBL:ENSRNOG00000010617
Gba3|PROT,rat:PROT:XP_006251107.1,ENSEMBL:ENSRNOG00000024634
Sec61a1|PROT,rat:PROT:NP_954865.1,ENSEMBL:ENSRNOG00000013743
Acss1|PROT,rat:PROT:NP_001099994.1,ENSEMBL:ENSRNOG00000007102
Cwc15|PROT,rat:PROT:NP_001020158.1,ENSEMBL:ENSRNOG00000008490
Tkfc|PROT,rat:PROT:NP_001034120.1,ENSEMBL:ENSRNOG00000020704
Larp7|PROT,rat:PROT:NP_001037755.2,ENSEMBL:ENSRNOG00000048989
Phgdh|PROT,rat:PROT:NP_113808.1,ENSEMBL:ENSRNOG00000019328
Prkcb|PROT,rat:PROT:NP_001165776.1,ENSEMBL:ENSRNOG00000012061
Mtif3|PROT,rat:PROT:NP_001108513.2,ENSEMBL:ENSRNOG00000047329
Gimap5|PROT,rat:PROT:NP_001029085.1,ENSEMBL:ENSRNOG00000008416
Diaph1|PROT,rat:PROT:NP_001100863.2,ENSEMBL:ENSRNOG00000019688
Samd9l|PROT,rat:PROT:XP_017458243.1,ENSEMBL:ENSRNOG00000063679
Cacna1s|PROT,rat:PROT:NP_446325.1,ENSEMBL:ENSRNOG00000046231
Tuba8|PROT,rat:PROT:XP_017448333.1,ENSEMBL:ENSRNOG00000048169
Cxcl1|IMMUNO,rat:IMMUNO:KC,ENSEMBL:ENSRNOG00000002802
Itprid2|PROT,rat:PROT:NP_001101208.1,ENSEMBL:ENSRNOG00000005865
Pip4k2b|PROT,rat:PROT:NP_446002.1,ENSEMBL:ENSRNOG00000013030
Krt13|PROT,rat:PROT:NP_001004021.1,ENSEMBL:ENSRNOG00000014070
Gsta1|PROT,rat:PROT:NP_113697.1,ENSEMBL:ENSRNOG00000013484
Clcn2|PROT,rat:PROT:NP_058833.1,ENSEMBL:ENSRNOG00000001742
Bpnt1|PROT,rat:PROT:NP_741987.1,ENSEMBL:ENSRNOG00000002378
Tomm34|PROT,rat:PROT:NP_001037709.1,ENSEMBL:ENSRNOG00000029799
F9|PROT,rat:PROT:NP_113728.1,ENSEMBL:ENSRNOG00000003430
Prg2|PROT,rat:PROT:NP_113807.2,ENSEMBL:ENSRNOG00000008394
Lyrm1|PROT,rat:PROT:NP_001263416.1,ENSEMBL:ENSRNOG00000024530
RGD1564865|PROT,rat:PROT:NP_001157868.1,ENSEMBL:ENSRNOG00000038361
Csf3|IMMUNO,rat:IMMUNO:GCSF,ENSEMBL:ENSRNOG00000008525
Gbp1|PROT,rat:PROT:XP_006224340.1,ENSEMBL:ENSRNOG00000023943
Ppm1g|PROT,rat:PROT:NP_671742.1,ENSEMBL:ENSRNOG00000026905
Dbn1|PROT|XP_006253718.1,rat:PROT:XP_006253718.1,ENSEMBL:ENSRNOG00000014170
Rnpc3|PROT,rat:PROT:NP_001094280.1,ENSEMBL:ENSRNOG00000017310
Gna12|PROT,rat:PROT:NP_112296.1,ENSEMBL:ENSRNOG00000001235
Eea1|PROT,rat:PROT:NP_001101556.1,ENSEMBL:ENSRNOG00000021681
Zfp507|PROT,rat:PROT:XP_006228948.1,ENSEMBL:ENSRNOG00000013565
Gapdh|PROT,rat:PROT:NP_058704.1,ENSEMBL:ENSRNOG00000018630
XP_003750373.1|PROT,rat:PROT:XP_003750373.1,
Clasp1|PROT,rat:PROT:XP_017460072.1,ENSEMBL:ENSRNOG00000002376
Tpp2|PROT|XP_006244914.2,rat:PROT:XP_006244914.2,ENSEMBL:ENSRNOG00000011194
Tle4|PROT,rat:PROT:NP_062014.2,ENSEMBL:ENSRNOG00000013239
Lrrc17|PROT,rat:PROT:NP_001020326.1,ENSEMBL:ENSRNOG00000012817
Csrp2|PROT,rat:PROT:NP_803174.2,ENSEMBL:ENSRNOG00000003772
Bola1|PROT,rat:PROT:NP_001065244.1,ENSEMBL:ENSRNOG00000021185
Ube2g2|PROT,rat:PROT:NP_001099850.1,ENSEMBL:ENSRNOG00000001222
Gpd1l|PROT,rat:PROT:NP_001178814.1,ENSEMBL:ENSRNOG00000026455
Lrch4|PROT,rat:PROT:XP_017453874.1,ENSEMBL:ENSRNOG00000001402
Dkk3|PROT,rat:PROT:NP_612528.2,ENSEMBL:ENSRNOG00000016343
Fgl2|PROT,rat:PROT:NP_445907.2,ENSEMBL:ENSRNOG00000012881
Gys1|PROT,rat:PROT:NP_001103085.1,ENSEMBL:ENSRNOG00000020812
Chid1|PROT,rat:PROT:NP_001041319.2,ENSEMBL:ENSRNOG00000019351
Nap1l1|PROT,rat:PROT:NP_446013.2,ENSEMBL:ENSRNOG00000003890
Tecr|PROT,rat:PROT:NP_612558.1,ENSEMBL:ENSRNOG00000021808
F10|PROT,rat:PROT:NP_058839.1,ENSEMBL:ENSRNOG00000033444
Lamp2|PROT,rat:PROT:NP_058764.2,ENSEMBL:ENSRNOG00000000164
Abhd14b|PROT,rat:PROT:NP_001007665.1,ENSEMBL:ENSRNOG00000012073
Stard10|PROT,rat:PROT:XP_006229912.1,ENSEMBL:ENSRNOG00000019491
Nudt7|PROT,rat:PROT:NP_001292355.1,ENSEMBL:ENSRNOG00000011976
Vsnl1|PROT,rat:PROT:NP_036818.2,ENSEMBL:ENSRNOG00000005345
Cpne5|PROT,rat:PROT:NP_001101086.1,ENSEMBL:ENSRNOG00000000522
Fitm2|PROT,rat:PROT:NP_001101269.1,ENSEMBL:ENSRNOG00000027434
Ppox|PROT,rat:PROT:NP_001099438.1,ENSEMBL:ENSRNOG00000003567
Proz|PROT,rat:PROT:NP_001296362.1,ENSEMBL:ENSRNOG00000019700
Aif1|PROT,rat:PROT:NP_058892.1,ENSEMBL:ENSRNOG00000000853
Nipsnap2|PROT,rat:PROT:NP_001017486.1,ENSEMBL:ENSRNOG00000023919
Sugct|PROT,rat:PROT:NP_001014168.1,ENSEMBL:ENSRNOG00000066247
Cxcl6|IMMUNO,rat:IMMUNO:LIX,ENSEMBL:ENSRNOG00000002843
Tomm22|PROT,rat:PROT:NP_997679.1,ENSEMBL:ENSRNOG00000014058
Rnasel|PROT,rat:PROT:XP_006250060.1,ENSEMBL:ENSRNOG00000027017
Eif3m|PROT,rat:PROT:NP_001161995.1,ENSEMBL:ENSRNOG00000012738
Bclaf1|PROT,rat:PROT:NP_001041317.2,ENSEMBL:ENSRNOG00000058050
Rpl10|PROT,rat:PROT:NP_112362.1,ENSEMBL:ENSRNOG00000056765
Pdia2|PROT,rat:PROT:NP_001099245.2,ENSEMBL:ENSRNOG00000063310
Timm8a1|PROT,rat:PROT:NP_445822.1,ENSEMBL:ENSRNOG00000011226
Acin1|PROT,rat:PROT:XP_006252024.1,ENSEMBL:ENSRNOG00000013533
Herc4|PROT,rat:PROT:NP_001012074.1,ENSEMBL:ENSRNOG00000061040
Rtcb|PROT,rat:PROT:NP_997497.1,ENSEMBL:ENSRNOG00000004813
Htra1|PROT,rat:PROT:NP_113909.1,ENSEMBL:ENSRNOG00000020533
Adipoq|IMMUNO,rat:IMMUNO:ADIPONECTIN,ENSEMBL:ENSRNOG00000001821
Srp68|PROT,rat:PROT:NP_001102310.1,ENSEMBL:ENSRNOG00000009351
Ndrg4|PROT,rat:PROT:NP_001258022.1,ENSEMBL:ENSRNOG00000012482
Bhmt|PROT,rat:PROT:NP_110477.1,ENSEMBL:ENSRNOG00000011200
Dnajc25|PROT,rat:PROT:NP_001020192.1,ENSEMBL:ENSRNOG00000015340
Ttc37|PROT,rat:PROT:XP_001059136.2,ENSEMBL:ENSRNOG00000040297
Pyurf|PROT,rat:PROT:NP_001019541.1,ENSEMBL:ENSRNOG00000006858
Perm1|PROT,rat:PROT:NP_001101471.1,ENSEMBL:ENSRNOG00000020244
Pcbd1|PROT,rat:PROT:NP_001007602.1,ENSEMBL:ENSRNOG00000000566
Mdfic|PROT,rat:PROT:NP_001099138.1,ENSEMBL:ENSRNOG00000053787
Ldb3|PROT,rat:PROT:XP_006252706.2,ENSEMBL:ENSRNOG00000059166
Hnrnpul1|PROT|NP_001101947.1,rat:PROT:NP_001101947.1,ENSEMBL:ENSRNOG00000020683
Fam162a|PROT,rat:PROT:XP_006248475.1,ENSEMBL:ENSRNOG00000002255
Cntrl|PROT,rat:PROT:XP_017457572.1,ENSEMBL:ENSRNOG00000022015
Evl|PROT|XP_008763072.1,rat:PROT:XP_008763072.1,ENSEMBL:ENSRNOG00000014476
Dhx40|PROT,rat:PROT:NP_001005873.1,ENSEMBL:ENSRNOG00000004549
Stk10|PROT|XP_008765783.1,rat:PROT:XP_008765783.1,ENSEMBL:ENSRNOG00000004217
Myh11|PROT,rat:PROT:XP_017452487.1,ENSEMBL:ENSRNOG00000057880
Il12a|IMMUNO,rat:IMMUNO:IL12P70,ENSEMBL:ENSRNOG00000009468
Gbf1|PROT,rat:PROT:NP_001178563.1,ENSEMBL:ENSRNOG00000026048
Prkag2|PROT,rat:PROT:XP_017448218.1,ENSEMBL:ENSRNOG00000009085
Arrb1|PROT,rat:PROT:NP_037042.1,ENSEMBL:ENSRNOG00000030404
Pros1|PROT,rat:PROT:NP_112348.2,ENSEMBL:ENSRNOG00000048723
Fibp|PROT,rat:PROT:XP_006230763.1,ENSEMBL:ENSRNOG00000020567
Cd74|PROT,rat:PROT:XP_006254823.1,ENSEMBL:ENSRNOG00000018735
Mmp2|PROT,rat:PROT:NP_112316.2,ENSEMBL:ENSRNOG00000016695
Tppp3|PROT,rat:PROT:NP_001009639.1,ENSEMBL:ENSRNOG00000016890
Arl6ip5|PROT,rat:PROT:NP_076462.1,ENSEMBL:ENSRNOG00000006818
Dpysl4|PROT,rat:PROT:NP_037065.1,ENSEMBL:ENSRNOG00000027582
Slc41a3|PROT,rat:PROT:XP_006236933.1,ENSEMBL:ENSRNOG00000045821
Gmpr|PROT,rat:PROT:NP_476536.1,ENSEMBL:ENSRNOG00000017250
RGD1562987|PROT,rat:PROT:NP_001166943.1,ENSEMBL:ENSRNOG00000018676
Arhgef1|PROT,rat:PROT:NP_067726.3,ENSEMBL:ENSRNOG00000020130
Synpo|PROT,rat:PROT:XP_017456504.1,ENSEMBL:ENSRNOG00000019181
Cpne3|PROT,rat:PROT:NP_001101387.2,ENSEMBL:ENSRNOG00000006298
Acox3|PROT,rat:PROT:XP_017454881.1,ENSEMBL:ENSRNOG00000008474
Pxdn|PROT,rat:PROT:NP_001258190.1,ENSEMBL:ENSRNOG00000060614
Mon1a|PROT,rat:PROT:NP_001119756.1,ENSEMBL:ENSRNOG00000018502
Copg1|PROT,rat:PROT:NP_001026992.1,ENSEMBL:ENSRNOG00000010474
Cilp|PROT,rat:PROT:NP_001101631.1,ENSEMBL:ENSRNOG00000029911
Cyfip1|PROT,rat:PROT:NP_001100987.1,ENSEMBL:ENSRNOG00000011945
Ctf2|PROT,rat:PROT:NP_001129272.1,ENSEMBL:ENSRNOG00000030907
Naprt|PROT,rat:PROT:NP_997492.1,ENSEMBL:ENSRNOG00000007939
Ccn1|PROT,rat:PROT:NP_112617.2,ENSEMBL:ENSRNOG00000014350
Nudcd3|PROT,rat:PROT:NP_001096832.1,ENSEMBL:ENSRNOG00000056148
Iscu|PROT,rat:PROT:NP_001099406.1,ENSEMBL:ENSRNOG00000000701
Urod|PROT,rat:PROT:NP_062082.1,ENSEMBL:ENSRNOG00000018211
Pcolce|PROT,rat:PROT:NP_062110.1,ENSEMBL:ENSRNOG00000025001
Mbl2|PROT,rat:PROT:NP_073195.2,ENSEMBL:ENSRNOG00000050305
Gipc1|PROT,rat:PROT:NP_445793.1,ENSEMBL:ENSRNOG00000003864
Clca5|PROT,rat:PROT:NP_001013220.1,ENSEMBL:ENSRNOG00000013334
Prorp|PROT,rat:PROT:NP_001100200.1,ENSEMBL:ENSRNOG00000007043
Bid|PROT,rat:PROT:NP_073175.1,ENSEMBL:ENSRNOG00000012439
Als2|PROT,rat:PROT:NP_001013431.1,ENSEMBL:ENSRNOG00000023280
Cab39l|PROT,rat:PROT:NP_001011917.1,ENSEMBL:ENSRNOG00000011603
Gsta6|PROT,rat:PROT:NP_001019532.1,ENSEMBL:ENSRNOG00000033402
Tpd52l2|PROT,rat:PROT:NP_942039.1,ENSEMBL:ENSRNOG00000015122
Ttc19|PROT,rat:PROT:XP_006246592.1,ENSEMBL:ENSRNOG00000002977
Tpd52l1|PROT,rat:PROT:XP_006227799.1,ENSEMBL:ENSRNOG00000021478
Masp1|PROT,rat:PROT:NP_071593.1,ENSEMBL:ENSRNOG00000001827
N4bp2|PROT,rat:PROT:XP_008763600.1,ENSEMBL:ENSRNOG00000027152
Glod5|PROT,rat:PROT:NP_001100427.1,ENSEMBL:ENSRNOG00000039571
Plekha2|PROT,rat:PROT:XP_001071937.1,ENSEMBL:ENSRNOG00000038365
Sptan1|PROT,rat:PROT:XP_008759896.1,ENSEMBL:ENSRNOG00000015396
Fcgr2b|PROT,rat:PROT:NP_786932.1,ENSEMBL:ENSRNOG00000046452
Srebf1|PROT,rat:PROT:NP_001263636.1,ENSEMBL:ENSRNOG00000003463
Gstz1|PROT,rat:PROT:XP_006240461.1,ENSEMBL:ENSRNOG00000047708
Bcat2|PROT,rat:PROT:NP_071795.1,ENSEMBL:ENSRNOG00000020956
Pla2g2d|PROT,rat:PROT:NP_001013446.1,ENSEMBL:ENSRNOG00000016826
Fbl|PROT,rat:PROT:NP_001020814.1,ENSEMBL:ENSRNOG00000019229
Pla2g12a|PROT,rat:PROT:XP_006232066.2,ENSEMBL:ENSRNOG00000057470
Rims1|PROT,rat:PROT:XP_017452144.1,ENSEMBL:ENSRNOG00000011000
Washc2c|PROT,rat:PROT:NP_954677.1,ENSEMBL:ENSRNOG00000011653
Gaa|PROT,rat:PROT:XP_006247967.1,ENSEMBL:ENSRNOG00000047656
Nosip|PROT,rat:PROT:NP_001099730.1,ENSEMBL:ENSRNOG00000020543
Serpina4|PROT,rat:PROT:NP_659565.2,ENSEMBL:ENSRNOG00000009788
Ccdc88b|PROT,rat:PROT:XP_001072042.1,ENSEMBL:ENSRNOG00000024931
Gfap|PROT,rat:PROT:NP_058705.2,ENSEMBL:ENSRNOG00000002919
Mrc2|PROT,rat:PROT:NP_001019858.1,ENSEMBL:ENSRNOG00000006548
Dnajc9|PROT,rat:PROT:NP_001102335.1,ENSEMBL:ENSRNOG00000006619
Evpl|PROT,rat:PROT:NP_001100536.1,ENSEMBL:ENSRNOG00000009343
Aoc3|PROT,rat:PROT:NP_113770.2,ENSEMBL:ENSRNOG00000051307
Slc25a4|PROT,rat:PROT:NP_445967.1,ENSEMBL:ENSRNOG00000010830
Cox5a|PROT,rat:PROT:NP_665726.1,ENSEMBL:ENSRNOG00000018816
Triobp|PROT,rat:PROT:NP_001013238.2,ENSEMBL:ENSRNOG00000059015
Plcl2|PROT,rat:PROT:NP_001100350.1,ENSEMBL:ENSRNOG00000013368
Slc25a21|PROT,rat:PROT:NP_598298.1,ENSEMBL:ENSRNOG00000008931
Olr1734|PROT,rat:PROT:NP_001001119.1,ENSEMBL:ENSRNOG00000058776
Masp2|PROT|XP_006239463.1,rat:PROT:XP_006239463.1,ENSEMBL:ENSRNOG00000011258
Ugdh|PROT,rat:PROT:NP_112615.1,ENSEMBL:ENSRNOG00000002643
Scarb2|PROT,rat:PROT:NP_446453.1,ENSEMBL:ENSRNOG00000002225
Dnaja1|PROT,rat:PROT:NP_075223.1,ENSEMBL:ENSRNOG00000007029
NP_001099933.1|PROT,rat:PROT:NP_001099933.1,
Chkb|PROT,rat:PROT:NP_058873.1,ENSEMBL:ENSRNOG00000011404
Atp6v1b2|PROT,rat:PROT:NP_476561.1,ENSEMBL:ENSRNOG00000011891
Gla|PROT,rat:PROT:NP_001102290.2,ENSEMBL:ENSRNOG00000011513
Timm9|PROT,rat:PROT:NP_001263358.1,ENSEMBL:ENSRNOG00000008222
Mybph|PROT,rat:PROT:XP_006249950.1,ENSEMBL:ENSRNOG00000003336
Pnpt1|PROT,rat:PROT:NP_001135843.1,ENSEMBL:ENSRNOG00000003600
Epdr1|PROT,rat:PROT:NP_001007626.1,ENSEMBL:ENSRNOG00000060141
